jds,mags,magerrs,0,Residual X,Residual Y
2458724.7136169,9.867270354305008,0.21528422169401631,,934.9911397819204,743.8028396870322
2458736.65498843,9.712302454867908,0.2395758596317646,,934.9911397819204,743.8028396870322
2458748.649542825,9.509496988920244,0.18193138113394983,,934.9911397819204,743.8028396870322
2458764.61148148,9.248334539247002,0.13127365296589197,,934.9911397819204,743.8028396870322
2458967.9910706,9.87015596621595,0.20385173073951565,,934.9911397819204,743.8028396870322
2458972.97744213,9.886536730649377,0.23773623615577125,,934.9911397819204,743.8028396870322
2458975.96744213,9.788031080459275,0.1857294695773164,,934.9911397819204,743.8028396870322
2458976.96690972,9.788657634203613,0.17119748665236897,,934.9911397819204,743.8028396870322
2458984.94256366,9.954779871139172,0.2916810406302321,,934.9911397819204,743.8028396870322
2458986.938628475,9.90523303621804,0.2089854090097005,,934.9911397819204,743.8028396870322
2458987.97287616,9.881610609865394,0.2132627001811279,,934.9911397819204,743.8028396870322
2458996.916429395,10.31162066097944,0.2774638358906834,,934.9911397819204,743.8028396870322
2459052.80740741,9.939713076691966,0.2174899926009922,,934.9911397819204,743.8028396870322
2459064.701574075,9.528739502242615,0.13236282603396635,,934.9911397819204,743.8028396870322
2459068.692546295,9.38451451225686,0.12739153020213043,,934.9911397819204,743.8028396870322
2459071.69409722,9.228117439511381,0.13823068706255515,,934.9911397819204,743.8028396870322
2459072.68978009,9.209247287473257,0.09342013555276445,,934.9911397819204,743.8028396870322
2459073.747824075,9.119696366356976,0.09172898926810821,,934.9911397819204,743.8028396870322
2459075.685185185,8.978425682895713,0.08760108367311517,,934.9911397819204,743.8028396870322
2459076.68614583,9.060567713329847,0.09345365492884171,,934.9911397819204,743.8028396870322
2459077.68320602,8.997011063051369,0.08149086137147721,,934.9911397819204,743.8028396870322
2459078.68229167,9.228860072536975,0.15798752795824417,,934.9911397819204,743.8028396870322
2459079.67878472,9.026266929052717,0.07605951513562287,,934.9911397819204,743.8028396870322
2459080.67398148,8.989050277729698,0.06785418703886294,,934.9911397819204,743.8028396870322
2459081.675127315,8.99206892393942,0.09910661952200614,,934.9911397819204,743.8028396870322
2459082.67136574,8.934253083394097,0.07487360360811748,,934.9911397819204,743.8028396870322
2459091.69951389,8.881585530120455,0.09837891202462437,,934.9911397819204,743.8028396870322
2459092.64939815,8.781591086382328,0.061711921810164355,,934.9911397819204,743.8028396870322
2459093.69671296,8.805175686433907,0.069747328727697,,934.9911397819204,743.8028396870322
2459094.69283565,8.745857910011662,0.05206122046154052,,0.0,0.0
2459095.68958333,8.789993322423408,0.06229116546756438,,934.9911397819204,743.8028396870322
2459096.685555555,8.740629389691573,0.06027708930432841,,934.9911397819204,743.8028396870322
2459097.686006945,8.733153307462622,0.054912018500435804,,934.9911397819204,743.8028396870322
2459098.682118055,8.684421078450985,0.058666096179352305,,934.9911397819204,743.8028396870322
2459106.659502315,8.566357732558314,0.052698551109771404,,934.9911397819204,743.8028396870322
2459107.65837963,8.638699835864228,0.059023163999410884,,934.9911397819204,743.8028396870322
2459109.65115741,8.675353560133454,0.04714341734096602,,934.9911397819204,743.8028396870322
2459110.646828705,8.622631418537281,0.04552819342744944,,934.9911397819204,743.8028396870322
2459111.64796296,8.628253710361365,0.05096649532927024,,934.9911397819204,743.8028396870322
2459112.64412037,8.631708367746384,0.049939644892691634,,934.9911397819204,743.8028396870322
2459113.64090278,8.62130470294714,0.04409251325099975,,934.9911397819204,743.8028396870322
2459118.627118055,8.588435076264695,0.047317234729366726,,934.9911397819204,743.8028396870322
2459119.623425925,8.55598689488356,0.05158704499358121,,934.9911397819204,743.8028396870322
2459120.623136575,8.620483500494739,0.04199435400431488,,-9999.99,-9999.99
2459121.619247685,8.634915979202887,0.04979765205933147,,934.9911397819204,743.8028396870322
2459122.61675926,8.525296314378059,0.037894841257519844,,934.9911397819204,743.8028396870322
2459123.61309028,8.485654384585596,0.04560397901157837,,934.9911397819204,743.8028396870322
2459124.60896991,8.556380434763337,0.045033112536253,,934.9911397819204,743.8028396870322
2459125.60962963,8.562117270990225,0.043441681894421234,,934.9911397819204,743.8028396870322
2459126.608449075,8.509870180307685,0.0355032454304216,,934.9911397819204,743.8028396870322
2459128.60197917,8.502513456499267,0.04015265572644508,,934.9911397819204,743.8028396870322
2459130.60059028,8.544569173430277,0.04154334980237737,,934.9911397819204,743.8028396870322
2459132.596689815,8.488198651883163,0.04665345314267362,,934.9911397819204,743.8028396870322
2459134.59452546,8.546629875473155,0.04531291068704864,,934.9911397819204,743.8028396870322
2459135.59204861,8.531839747935221,0.049998506844954514,,934.9911397819204,743.8028396870322
2459136.591886575,8.501540672079752,0.040903780948540754,,934.9911397819204,743.8028396870322
2459137.58989583,8.533586080643667,0.042732178081681595,,934.9911397819204,743.8028396870322
2459138.58989583,8.54832321820484,0.04557617630753361,,934.9911397819204,743.8028396870322
2459139.58920139,8.551880078658598,0.047586440616920994,,934.9911397819204,743.8028396870322
2459140.58922454,8.515840724267724,0.051269653275709884,,0.0,0.0
2459141.58861111,8.467479347629611,0.057268574647237315,,934.9911397819204,743.8028396870322
2459276.02527778,8.34263653938809,0.049232583046617005,,934.9911397819204,743.8028396870322
2459277.02208333,8.330541707445139,0.049987366787587285,,934.9911397819204,743.8028396870322
2459283.008391205,8.264055993097044,0.05472284443823261,,934.9911397819204,743.8028396870322
2459292.999050925,8.408935798672687,0.05328598594510489,,934.9911397819204,743.8028396870322
2459295.97321759,8.35333842609157,0.053166216551506,,934.9911397819204,743.8028396870322
2459301.95609954,8.440215829591564,0.06020205458587533,,934.9911397819204,743.8028396870322
2459302.95875,8.333610654026556,0.053498132237066884,,934.9911397819204,743.8028396870322
2459304.953854165,8.345949507907303,0.05395700200692899,,934.9911397819204,743.8028396870322
2459309.93603009,8.424798461435623,0.056764357091529126,,934.9911397819204,743.8028396870322
2459310.93241898,8.399618744279605,0.05758798973021781,,934.9911397819204,743.8028396870322
2459311.929189815,8.397479994042298,0.051404391048403365,,934.9911397819204,743.8028396870322
2459312.924814815,8.418858838408873,0.06055681700328287,,934.9911397819204,743.8028396870322
2459314.918935185,8.450040730033642,0.058487026799769935,,934.9911397819204,743.8028396870322
2459321.90064815,8.317276656632748,0.05365433367295143,,934.9911397819204,743.8028396870322
2459322.89724537,8.343654168311847,0.048901142371523425,,0.0,0.0
2459323.8975463,8.321531828044005,0.052128028055194654,,934.9911397819204,743.8028396870322
2459324.89105324,8.397510521783266,0.05434482766795313,,934.9911397819204,743.8028396870322
2459325.89005787,8.43582891649438,0.05335926892324517,,934.9911397819204,743.8028396870322
2459328.880555555,8.422979955281175,0.058457230948622214,,934.9911397819204,743.8028396870322
2459329.879560185,8.388219232548435,0.05428845705304719,,934.9911397819204,743.8028396870322
2459331.96175926,8.477148508397034,0.06486757182746532,,934.9911397819204,743.8028396870322
2459336.88056713,8.633268439663409,0.06699587193622836,,934.9911397819204,743.8028396870322
2459337.89982639,8.682944460441952,0.07678568336082145,,0.0,0.0
2459338.85596065,8.791314957141568,0.08269430695225867,,-9999.99,-9999.99
2459339.852488425,8.839619315459721,0.08377944773495836,,934.9911397819204,743.8028396870322
2459340.849247685,8.797691850634223,0.08140504423214653,,934.9911397819204,743.8028396870322
2459341.845891205,8.78793692109029,0.09062619488010629,,934.9911397819204,743.8028396870322
2459342.84253472,8.974750634415255,0.10284855208063921,,934.9911397819204,743.8028396870322
2459343.84241898,8.9687620439124,0.09706943069104304,,934.9911397819204,743.8028396870322
2459344.83767361,9.016032202072752,0.11106414722110704,,934.9911397819204,743.8028396870322
2459344.91291667,9.056848940604613,0.10830444250997068,,934.9911397819204,743.8028396870322
2459344.985578705,8.965173843842114,0.06817748296203721,,934.9911397819204,743.8028396870322
2459345.83449074,9.144674822395482,0.11487011244351863,,934.9911397819204,743.8028396870322
2459348.82734954,9.321044129025555,0.1442665485651725,,934.9911397819204,743.8028396870322
2459353.81421296,9.719090894300026,0.22045788044234121,,934.9911397819204,743.8028396870322
2459354.81096065,9.86824371818905,0.25663190292722443,,934.9911397819204,743.8028396870322
2459357.953506945,9.845078232831868,0.18092762052646977,,934.9911397819204,743.8028396870322
2459364.782175925,9.873258738518995,0.274678783199334,,934.9911397819204,743.8028396870322
2459365.78016204,9.888538973528924,0.2897262440824883,,934.9911397819204,743.8028396870322
2459366.77971065,9.852133760705422,0.27256060753207345,,0.0,0.0
2459367.77628472,9.830875318922088,0.2577343469595575,,934.9911397819204,743.8028396870322
2459368.773125,9.690499606521497,0.2434709327949597,,-9999.99,-9999.99
2459369.76959491,9.721689103285629,0.22899318988780235,,0.0,0.0
2459370.76605324,9.538638209024286,0.16142950700564274,,934.9911397819204,743.8028396870322
2459371.765810185,9.520359203060536,0.18680197735149637,,934.9911397819204,743.8028396870322
2459372.76297454,9.315350182714777,0.1703500675228063,,934.9911397819204,743.8028396870322
2459373.758391205,9.327038248608591,0.14662677553689601,,934.9911397819204,743.8028396870322
2459375.75552083,9.051040927707053,0.10543134299873158,,934.9911397819204,743.8028396870322
2459376.75216435,9.019432934534429,0.10803492347447527,,-9999.99,-9999.99
2459378.744756945,9.014732263923937,0.10387193497020454,,-9999.99,-9999.99
2459379.74208333,8.92391903892746,0.09295100179808309,,934.9911397819204,743.8028396870322
2459380.836296295,8.772200112679828,0.07408911050804139,,934.9911397819204,743.8028396870322
2459381.825324075,8.799967119700407,0.09548316451875141,,934.9911397819204,743.8028396870322
2459382.73540509,8.77052937959945,0.0817015655543112,,934.9911397819204,743.8028396870322
2459385.72712963,8.709173284917874,0.07261045239132365,,934.9911397819204,743.8028396870322
2459386.72429398,8.706226936686825,0.07469621242327343,,934.9911397819204,743.8028396870322
2459387.719756945,8.679515138964959,0.07392984317662252,,934.9911397819204,743.8028396870322
2459391.70917824,8.584325852540063,0.0673987885677329,,934.9911397819204,743.8028396870322
2459392.70627315,8.561382944630838,0.0716434730111244,,934.9911397819204,743.8028396870322
2459393.706886575,8.544965412960524,0.07363044146805463,,934.9911397819204,743.8028396870322
2459394.70260417,8.648238195000067,0.06809120335064278,,934.9911397819204,743.8028396870322
2459395.700011575,8.851139526629874,0.1510239961284628,,934.9911397819204,743.8028396870322
2459396.695578705,8.506714376497893,0.06773165526438345,,934.9911397819204,743.8028396870322
2459397.692002315,8.530346779184848,0.06400292349550084,,934.9911397819204,743.8028396870322
2459399.68940972,8.571939938253868,0.0668617523478161,,934.9911397819204,743.8028396870322
2459400.68525463,8.514192850162756,0.06514314755734345,,934.9911397819204,743.8028396870322
2459401.68190972,8.607854823004446,0.06678786676197325,,934.9911397819204,743.8028396870322
2459402.678680555,8.416007436916175,0.06725880050590705,,934.9911397819204,743.8028396870322
2459403.67582176,8.487838013231539,0.051595915882258786,,934.9911397819204,743.8028396870322
2459404.677546295,8.406494084578947,0.06610882886474269,,934.9911397819204,743.8028396870322
2459405.67153935,8.525734368297812,0.07183195438383688,,934.9911397819204,743.8028396870322
2459405.75290509,8.426288643443778,0.06623752827635071,,0.0,0.0
2459406.67159722,8.53649889031965,0.06499802632137967,,934.9911397819204,743.8028396870322
2459407.66996528,8.349162841699194,0.056689575986486315,,934.9911397819204,743.8028396870322
2459408.670266205,8.44356625239045,0.060657802335721725,,934.9911397819204,743.8028396870322
2459409.67084491,8.400597178436927,0.05756578724191658,,934.9911397819204,743.8028396870322
2459410.66903935,8.436187697379165,0.05741373304968216,,934.9911397819204,743.8028396870322
2459410.820671295,8.405824176037434,0.034880791358908925,,934.9911397819204,743.8028396870322
2459411.66902778,8.526280405728428,0.06042141823781687,,934.9911397819204,743.8028396870322
2459419.66746528,8.415106704916159,0.05918494420210164,,934.9911397819204,743.8028396870322
2459426.72707176,8.366088216246418,0.04679529326887246,,934.9911397819204,743.8028396870322
2459428.66287037,8.396035930248049,0.0587335782452309,,934.9911397819204,743.8028396870322
2459429.665127315,8.421119690735008,0.056790491559653385,,934.9911397819204,743.8028396870322
2459430.66400463,8.385124807618054,0.05440527040085635,,934.9911397819204,743.8028396870322
2459431.66321759,8.322738423433648,0.05375284732192151,,934.9911397819204,743.8028396870322
2459432.66084491,8.414823669414277,0.05548738059752514,,934.9911397819204,743.8028396870322
2459433.66208333,8.411136745175028,0.05855114916722408,,934.9911397819204,743.8028396870322
2459434.66417824,8.392005910702455,0.05426203919068079,,934.9911397819204,743.8028396870322
2459435.66511574,8.36649678892535,0.05471284040405892,,934.9911397819204,743.8028396870322
2459436.66083333,8.371031441016802,0.05530494725739254,,934.9911397819204,743.8028396870322
2459439.65802083,8.401162288902764,0.05238694413464204,,934.9911397819204,743.8028396870322
2459450.64989583,8.352033749627923,0.04170474981848753,,934.9911397819204,743.8028396870322
2459451.649953705,8.31716752564207,0.047536922867887334,,934.9911397819204,743.8028396870322
2459452.649675925,8.268740841027585,0.04285705320237134,,934.9911397819204,743.8028396870322
2459453.64741898,8.247688979879964,0.041796786543448775,,934.9911397819204,743.8028396870322
2459454.646493055,8.247627673626178,0.029574755579554086,,934.9911397819204,743.8028396870322
2459455.64503472,8.286426031627878,0.048280828891867814,,934.9911397819204,743.8028396870322
2459457.711574075,8.333731035248876,0.035488773344987186,,934.9911397819204,743.8028396870322
2459458.64355324,8.275192852357492,0.030607132909145122,,934.9911397819204,743.8028396870322
2459459.64134259,8.284333106915867,0.0350553018461772,,934.9911397819204,743.8028396870322
2459460.64040509,8.244734806950397,0.026081470333781033,,934.9911397819204,743.8028396870322
2459461.63903935,8.28652134525062,0.030197561054957193,,934.9911397819204,743.8028396870322
2459462.63829861,8.268575792080368,0.03352490524280825,,934.9911397819204,743.8028396870322
2459463.635381945,8.260461941288058,0.027675946009841884,,934.9911397819204,743.8028396870322
2459464.636574075,8.266238282833372,0.03548953194658982,,934.9911397819204,743.8028396870322
2459465.63550926,8.278726357496485,0.04483619197516119,,934.9911397819204,743.8028396870322
2459466.634247685,8.295415580287695,0.04135284450317057,,934.9911397819204,743.8028396870322
2459469.630266205,8.328554767785883,0.04103935585502646,,934.9911397819204,743.8028396870322
2459474.62172454,8.301226699812362,0.038085565086895666,,934.9911397819204,743.8028396870322
2459476.62115741,8.334784894315124,0.03347008499307074,,934.9911397819204,743.8028396870322
2459477.61767361,8.287152731667103,0.033100078544902184,,934.9911397819204,743.8028396870322
2459478.6162963,8.302413745063422,0.03192900466784282,,934.9911397819204,743.8028396870322
2459479.61715278,8.331697449411008,0.04217889093038573,,934.9911397819204,743.8028396870322
2459480.617233795,8.38015419997779,0.03606497275771219,,934.9911397819204,743.8028396870322
2459486.613113425,8.308016735307556,0.03997950813719951,,934.9911397819204,743.8028396870322
2459487.621122685,8.249657286205236,0.034109497007413524,,934.9911397819204,743.8028396870322
2459488.606886575,8.257657025293158,0.02873880223509524,,934.9911397819204,743.8028396870322
2459489.607233795,8.28370818433678,0.03027308553711466,,934.9911397819204,743.8028396870322
2459490.60659722,8.203270591576409,0.02912992230966594,,934.9911397819204,743.8028396870322
2459491.60420139,8.254426351802005,0.028298281757429183,,934.9911397819204,743.8028396870322
2459502.59020833,8.299098038170575,0.030140217062559385,,934.9911397819204,743.8028396870322
2459503.58957176,8.304643546992601,0.03381955791614994,,934.9911397819204,743.8028396870322
2459504.588761575,8.28906504599774,0.03251988899089698,,934.9911397819204,743.8028396870322
2459505.59119213,8.234894039962734,0.036263797576858534,,934.9911397819204,743.8028396870322
2459507.58613426,8.266637287362085,0.032041344772043685,,934.9911397819204,743.8028396870322
2459508.58553241,8.310949758815434,0.04103882436382485,,934.9911397819204,743.8028396870322
2459696.98590278,8.267336107578332,0.037613278070214536,,934.9911397819204,743.8028396870322
2459720.978194445,8.22859481112555,0.03151459099244377,,934.9911397819204,743.8028396870322
2459729.880439815,8.251642352778427,0.030119075764689824,,934.9911397819204,743.8028396870322
2459804.690243055,8.212976945691254,0.030003617697207694,,934.9911397819204,743.8028396870322
2459811.74462963,8.309841956490816,0.03135279058316877,,0.0,0.0
2459812.653680555,8.25515286233869,0.0403285614233541,,934.9911397819204,743.8028396870322
2459813.65207176,8.20946715379957,0.036460386988077305,,-9999.99,-9999.99
2459814.651180555,8.237659182746619,0.03557140786500565,,934.9911397819204,743.8028396870322
2459815.65050926,8.248860313199597,0.03794524191723528,,934.9911397819204,743.8028396870322
2459818.646747685,8.234326145712568,0.03063785379089004,,934.9911397819204,743.8028396870322
2459819.6459375,8.126274823773546,0.02672344442093251,,934.9911397819204,743.8028396870322
2459823.642320605,8.252840750675444,0.03394168755097393,,934.9911397819204,743.8028396870322
2459824.64321759,8.259516173541167,0.0378427392920662,,934.9911397819204,743.8028396870322
2459829.63511574,8.325007289998,0.034236755154428346,,934.9911397819204,743.8028396870322
2459830.63414352,8.24435179772495,0.03604151895575298,,0.0,0.0
2459839.6319213,8.222233269883848,0.03214842066087346,,0.0,0.0
2459840.618113425,8.206334799643798,0.04187388920932047,,0.0,0.0
2459841.617002315,8.189862433870111,0.03109513141967478,,0.0,0.0
2459842.618194445,8.211415723882553,0.0443211108792838,,-9999.99,-9999.99
2459843.61508102,8.172163330320718,0.04086466989900022,,0.0,0.0
2459844.61416667,8.270021736866193,0.03694481718774014,,934.9911397819204,743.8028396870322
2459845.613055555,8.234985647399078,0.05003603479946463,,934.9911397819204,743.8028396870322
2459848.610104165,8.198385754355387,0.031347118639632965,,934.9911397819204,743.8028396870322
2459849.60922454,8.182601848170128,0.03318893442568342,,934.9911397819204,743.8028396870322
2459850.60833333,8.230609528201354,0.04032369310847055,,934.9911397819204,743.8028396870322
2459852.60517361,7.8884403236881235,0.03763668767457446,,934.9911397819204,743.8028396870322
2459858.62699074,8.250455937019359,0.029528706405230445,,934.9911397819204,743.8028396870322
2459859.601261575,8.204629294144782,0.032765167804100694,,934.9911397819204,743.8028396870322
2459860.597858795,8.246603936181577,0.04192894375793156,,934.9911397819204,743.8028396870322
2459867.591006945,8.231419373549844,0.03358287540040353,,934.9911397819204,743.8028396870322
2458741.65873264,9.561485147874105,0.20384297244273986,,934.9911397819204,743.8028396870322
2458913.05462384,8.599616875282264,0.04142892945827156,,934.9911397819204,743.8028396870322
2458944.0190625,8.932213923173718,0.05583702738299206,,934.9911397819204,743.8028396870322
2458954.981944445,9.364557612638693,0.10237595659250846,,934.9911397819204,743.8028396870322
2458956.9935706,9.353956358912587,0.10638049373899765,,934.9911397819204,743.8028396870322
2458961.97875579,9.64175682378105,0.1348639397433824,,934.9911397819204,743.8028396870322
2458963.96484954,9.819775263203931,0.21082596792031624,,934.9911397819204,743.8028396870322
2458965.97515046,9.830998751803678,0.20549667630816057,,934.9911397819204,743.8028396870322
2458966.972667825,9.762508380403904,0.13530551556068365,,0.0,0.0
2458968.94909722,9.800053158789886,0.15314271716314545,,0.0,0.0
2458972.938761575,9.677309062308424,0.13686400582983374,,0.0,0.0
2458975.932505785,9.733621107839562,0.14629323707656453,,0.0,0.0
2458983.86303241,9.715502449688382,0.13889536611755054,,0.0,0.0
2458986.915868055,9.79786338329728,0.1532271995733356,,0.0,0.0
2458991.89898148,9.922206034726006,0.16113309501155693,,934.9911397819204,743.8028396870322
2458995.87861111,10.286883013359486,0.27577092328870806,,0.0,0.0
2459014.788738425,10.482426772860292,0.3008204318421446,,0.0,0.0
2459018.78447917,10.410876705112377,0.2758468702145036,,0.0,0.0
2459019.77537037,10.416896425542193,0.27935428526746164,,934.9911397819204,743.8028396870322
2459038.748935185,10.255359941451822,0.23795919534126525,,934.9911397819204,743.8028396870322
2459039.751574075,10.174184551379122,0.21930163738895597,,934.9911397819204,743.8028396870322
2459040.74486111,10.130911695486015,0.2217698234165831,,934.9911397819204,743.8028396870322
2459041.74457176,10.082329280143895,0.19148968524317497,,934.9911397819204,743.8028396870322
2459043.75108796,10.09867825355225,0.18701988331437244,,934.9911397819204,743.8028396870322
2459044.73958333,10.137604472755479,0.19724708571850766,,934.9911397819204,743.8028396870322
2459045.734375,9.984764802813906,0.18690777646441575,,934.9911397819204,743.8028396870322
2459046.727002315,10.095743407031744,0.23746493964207696,,934.9911397819204,743.8028396870322
2459048.73491898,9.872148341056047,0.17972477185262536,,934.9911397819204,743.8028396870322
2459049.72804398,9.929107527049236,0.20245727506691386,,934.9911397819204,743.8028396870322
2459050.72792824,9.89926290461841,0.16281645800168493,,934.9911397819204,743.8028396870322
2459051.724930555,9.839293442984921,0.15638371772989065,,934.9911397819204,743.8028396870322
2459054.71971065,9.802613778632159,0.17804964944845403,,934.9911397819204,743.8028396870322
2459055.71226852,9.632705048079998,0.1653762324583503,,934.9911397819204,743.8028396870322
2459056.710497685,9.793374233390754,0.1525413589274969,,934.9911397819204,743.8028396870322
2459057.71270833,9.679586700220737,0.124302958853928,,934.9911397819204,743.8028396870322
2459058.713935185,9.708566549772314,0.1407685349790166,,934.9911397819204,743.8028396870322
2459059.70642361,9.649537148385946,0.12690413588425342,,934.9911397819204,743.8028396870322
2459065.684953705,9.404415935249485,0.10034618002701343,,934.9911397819204,743.8028396870322
2459066.683993055,9.34282662365976,0.10812386296987796,,934.9911397819204,743.8028396870322
2459067.68434028,9.322542183988563,0.12794367753129207,,934.9911397819204,743.8028396870322
2459068.69427083,9.311631840787449,0.09686651015591748,,934.9911397819204,743.8028396870322
2459069.68074074,9.26063496859228,0.09590799784331962,,934.9911397819204,743.8028396870322
2459070.67885417,9.297955635210272,0.08081021504214166,,934.9911397819204,743.8028396870322
2459276.056319445,8.236812160491189,0.024665133158787704,,934.9911397819204,743.8028396870322
2459292.01587963,8.217264792211584,0.033516071772299476,,934.9911397819204,743.8028396870322
2459293.01153935,8.321897689177716,0.02879429037781123,,934.9911397819204,743.8028396870322
2459296.00434028,8.299431314347034,0.033214835984725605,,934.9911397819204,743.8028396870322
2459301.98744213,8.290324496187063,0.03708569595542674,,934.9911397819204,743.8028396870322
2459302.984016205,8.326321760480552,0.03335733736366991,,934.9911397819204,743.8028396870322
2459303.98034722,8.327822017321981,0.02894593069720193,,934.9911397819204,743.8028396870322
2459304.97766204,8.270965810023847,0.03799568439503943,,934.9911397819204,743.8028396870322
2459309.966122685,8.351491885997193,0.03236290335041077,,934.9911397819204,743.8028396870322
2459310.96359954,8.29577812674686,0.02965087053342471,,934.9911397819204,743.8028396870322
2459311.960324075,8.359040597802105,0.03216072727564851,,934.9911397819204,743.8028396870322
2459312.955694445,8.248864451293942,0.0323760038839218,,934.9911397819204,743.8028396870322
2459314.952939815,8.29060593185012,0.03127332105110979,,934.9911397819204,743.8028396870322
2459321.93145833,8.294109780145769,0.028720624886922272,,934.9911397819204,743.8028396870322
2459322.92814815,8.307299735760745,0.03324328759725574,,934.9911397819204,743.8028396870322
2459323.92922454,8.282962639300672,0.032280027820496764,,934.9911397819204,743.8028396870322
2459324.925243055,8.286393212815222,0.034933049606081144,,934.9911397819204,743.8028396870322
2459325.921122685,8.33471427935677,0.03322804907092888,,934.9911397819204,743.8028396870322
2459328.9149537,8.375954607311883,0.02696206451353149,,934.9911397819204,743.8028396870322
2459329.910752315,8.356963819431842,0.03313304977326019,,934.9911397819204,743.8028396870322
2459331.956944445,8.455035813555021,0.03998925861790791,,934.9911397819204,743.8028396870322
2459337.89847222,8.604135328740053,0.057250229142884676,,934.9911397819204,743.8028396870322
2459338.887002315,8.67999791619583,0.04764640916885473,,934.9911397819204,743.8028396870322
2459339.883449075,8.729895156472013,0.04829835158091398,,934.9911397819204,743.8028396870322
2459340.879953705,8.744858611364444,0.04275528806109574,,934.9911397819204,743.8028396870322
2459341.87675926,8.768309963136462,0.04574536868966749,,934.9911397819204,743.8028396870322
2459342.87670139,8.842001528555546,0.058217059618495236,,934.9911397819204,743.8028396870322
2459343.87263889,8.881269240027667,0.05030384344542758,,934.9911397819204,743.8028396870322
2459344.86908565,8.918762388770043,0.06498390961187402,,934.9911397819204,743.8028396870322
2459344.91019676,8.925287555215222,0.05506171593954871,,934.9911397819204,743.8028396870322
2459345.86670139,8.994977486308798,0.06031783155470741,,-9999.99,-9999.99
2459347.863055555,9.080462211346951,0.07132971691225903,,934.9911397819204,743.8028396870322
2459348.85888889,9.138609406792138,0.07908547490300556,,934.9911397819204,743.8028396870322
2459349.85516204,9.201480894652933,0.07281726595750815,,0.0,0.0
2459352.84896991,9.330783292158152,0.10303479097285384,,934.9911397819204,743.8028396870322
2459353.84570602,9.50139564470489,0.10256225547709567,,934.9911397819204,743.8028396870322
2459354.84171296,9.636670355747748,0.14679996950314514,,934.9911397819204,743.8028396870322
2459356.83769676,9.694824553002041,0.1273841954757037,,934.9911397819204,743.8028396870322
2459358.83204861,9.716392489483352,0.14464534291532988,,934.9911397819204,743.8028396870322
2459359.828113425,9.90158343798651,0.18387097325928656,,934.9911397819204,743.8028396870322
2459364.81431713,9.727889298702843,0.134862642173137,,934.9911397819204,743.8028396870322
2459365.814421295,9.694607021033846,0.14820896604388883,,934.9911397819204,743.8028396870322
2459366.81116898,9.62308770197539,0.12323839517981218,,934.9911397819204,743.8028396870322
2459367.80641204,9.546745032569337,0.10742884098027912,,934.9911397819204,743.8028396870322
2459368.803136575,9.45761385088188,0.10058565178260169,,934.9911397819204,743.8028396870322
2459369.80392361,9.414646287842602,0.08478115712534645,,934.9911397819204,743.8028396870322
2459370.79737847,9.376178544942473,0.0932387218721992,,934.9911397819204,743.8028396870322
2459371.79739583,9.278973552917183,0.0863631729090799,,934.9911397819204,743.8028396870322
2459372.79366898,9.376602727119298,0.0990512563876347,,934.9911397819204,743.8028396870322
2459373.790046295,9.079448854528387,0.07332147391512335,,934.9911397819204,743.8028396870322
2459374.78630787,9.055929467540242,0.07666753481260791,,934.9911397819204,743.8028396870322
2459375.785636575,8.968336862118742,0.06422089132356443,,934.9911397819204,743.8028396870322
2459376.78284722,8.956536493175577,0.055825935451250516,,934.9911397819204,743.8028396870322
2459377.779074075,8.980497469491015,0.06431455249496612,,934.9911397819204,743.8028396870322
2459378.77582176,8.880809016521667,0.05721589827362002,,934.9911397819204,743.8028396870322
2459379.77621528,8.843438053290836,0.04449269023200601,,934.9911397819204,743.8028396870322
2459380.831006945,8.811009310721396,0.05034092366151397,,934.9911397819204,743.8028396870322
2459381.82111111,8.76881310986485,0.04794713744607798,,0.0,0.0
2459382.764814815,8.748399506041336,0.05075430943120469,,934.9911397819204,743.8028396870322
2459383.807199075,8.713977125179749,0.04673311717559114,,934.9911397819204,743.8028396870322
2459385.75896991,8.615655258449127,0.04244986577044821,,934.9911397819204,743.8028396870322
2459386.755555555,8.653477133589934,0.04581503426940983,,934.9911397819204,743.8028396870322
2459387.75099537,8.593896656427328,0.0406617744808745,,934.9911397819204,743.8028396870322
2459392.737546295,8.578619429451026,0.0521136363033579,,934.9911397819204,743.8028396870322
2459393.73810185,8.528865852382841,0.03739510960370096,,934.9911397819204,743.8028396870322
2459394.733680555,8.529009417791606,0.039749855742361485,,934.9911397819204,743.8028396870322
2459395.73135417,8.483982033581517,0.03225633467094496,,934.9911397819204,743.8028396870322
2459396.72693287,8.495215554629672,0.03629266386140477,,934.9911397819204,743.8028396870322
2459397.72340278,8.519987508899412,0.03394348934236697,,934.9911397819204,743.8028396870322
2459400.716319445,8.469281239050757,0.042081346812480616,,934.9911397819204,743.8028396870322
2459401.71358796,8.47992606187496,0.04283248427247319,,934.9911397819204,743.8028396870322
2459402.71402778,8.460929215340038,0.03588059232400758,,934.9911397819204,743.8028396870322
2459403.70951389,8.404254193236042,0.03174890729403914,,934.9911397819204,743.8028396870322
2459404.70605324,8.45270850922878,0.03174333634332617,,934.9911397819204,743.8028396870322
2459405.70375,8.441444142593198,0.03161743310858718,,934.9911397819204,743.8028396870322
2459405.750127315,8.434684289856355,0.03331215399755421,,934.9911397819204,743.8028396870322
2459406.69974537,8.424160580713593,0.043483549779652915,,934.9911397819204,743.8028396870322
2459407.69972222,8.37672486557917,0.03655013045782914,,934.9911397819204,743.8028396870322
2459408.695891205,8.404235619856989,0.03769988002146915,,934.9911397819204,743.8028396870322
2459409.69222222,8.362437216197334,0.027458279708789057,,934.9911397819204,743.8028396870322
2459410.689050925,8.339690161786079,0.03112277529525721,,934.9911397819204,743.8028396870322
2459411.68582176,8.271511419149324,0.029931397320530014,,934.9911397819204,743.8028396870322
2459412.685497685,8.334459667692093,0.030837673746610568,,934.9911397819204,743.8028396870322
2459414.73354167,8.287455025712271,0.033538207426703624,,934.9911397819204,743.8028396870322
2459419.66885417,8.33865991351324,0.041499284974405255,,935.7389589555748,750.0903340265986
2459428.66568287,8.358717170400801,0.02979235496010162,,935.7389589555748,750.0903340265986
2459429.66372685,8.288433423876192,0.030449644610046966,,935.7389589555748,750.0903340265986
2459430.66261574,8.369130738951814,0.027511808782156703,,935.7389589555748,750.0903340265986
2459431.66184028,8.351349831337554,0.03423715188127014,,935.7389589555748,750.0903340265986
2459432.65946759,8.353831807114343,0.02757227781586565,,935.7389589555748,750.0903340265986
2459433.66068287,8.294834536187881,0.031077335704609563,,935.7389589555748,750.0903340265986
2459434.66278935,8.320429872411339,0.02994376847432537,,935.7389589555748,750.0903340265986
2459435.663738425,8.333165337798336,0.03191124552838367,,935.7389589555748,750.0903340265986
2459436.65943287,8.29792311260276,0.027507861745206356,,935.7389589555748,750.0903340265986
2459440.65670139,8.345849201491722,0.027378260633299255,,935.7389589555748,750.0903340265986
2459441.65513889,8.206171799725741,0.029873421818551703,,935.7389589555748,750.0903340265986
2459442.64967014,8.399224538386761,0.03312088450595283,,935.7389589555748,750.0903340265986
2459450.644560185,8.33254586051946,0.028974649895484154,,935.7389589555748,750.0903340265986
2459451.644618055,8.247737989041296,0.03457282145228806,,935.7389589555748,750.0903340265986
2459675.963252315,8.214238377501347,0.02540017673980098,,935.7389589555748,750.0903340265986
2459676.95931713,8.229078391718103,0.03725480106855917,,935.7389589555748,750.0903340265986
2459677.95614583,8.21512424829618,0.033481678101730396,,935.7389589555748,750.0903340265986
2459678.95604167,8.21783678910065,0.03316641219619386,,935.7389589555748,750.0903340265986
2459679.952743055,8.255221109327158,0.028071881365455423,,935.7389589555748,750.0903340265986
2459682.946493055,8.258969694349089,0.036604538044184225,,935.7389589555748,750.0903340265986
2459683.94275463,8.276424053277958,0.03649148055231491,,935.7389589555748,750.0903340265986
2459684.939386575,8.241456451395567,0.03381093368412634,,935.7389589555748,750.0903340265986
2459686.937141205,8.247213806926343,0.03050670810172751,,935.7389589555748,750.0903340265986
2459687.92880787,8.254394745702816,0.028193727501948884,,935.7389589555748,750.0903340265986
2459693.914641205,8.283990759328942,0.030779865542327728,,935.7389589555748,750.0903340265986
2459694.91082176,8.311947717469721,0.03346086493469437,,935.7389589555748,750.0903340265986
2459695.90851852,8.23649300525573,0.049637174599583764,,935.7389589555748,750.0903340265986
2459696.90446759,8.312189604604907,0.03579824980323427,,935.7389589555748,750.0903340265986
2459698.90078704,8.290428018640618,0.031090556521665733,,935.7389589555748,750.0903340265986
2459699.89739583,8.30482783347552,0.032487988103900904,,935.7389589555748,750.0903340265986
2459700.893819445,8.312511486653966,0.02940228698082644,,935.7389589555748,750.0903340265986
2459701.89425926,8.292783354528357,0.030152999274320854,,935.7389589555748,750.0903340265986
2459702.89050926,8.299463119508912,0.027587082155831118,,935.7389589555748,750.0903340265986
2459703.887627315,8.263109567177029,0.03461771947138437,,935.7389589555748,750.0903340265986
2459704.88365741,8.263252577699955,0.028968202247938692,,935.7389589555748,750.0903340265986
2459705.88358796,8.308848202092756,0.03674969610840887,,0.0,0.0
2459706.8793287,8.278954695455424,0.03149315315801518,,935.7389589555748,750.0903340265986
2459707.877233795,8.245680896268796,0.030192469025035154,,935.7389589555748,750.0903340265986
2459708.87295139,8.243723996467637,0.02805884968884551,,935.7389589555748,750.0903340265986
2459709.869375,8.23282802492797,0.02538523282194572,,935.7389589555748,750.0903340265986
2459710.86603009,8.274458914640642,0.027922560402142835,,935.7389589555748,750.0903340265986
2459711.866828705,8.260592404601589,0.02892388816277715,,935.7389589555748,750.0903340265986
2459712.863020835,8.296117029341103,0.03078699226061844,,935.7389589555748,750.0903340265986
2459713.85915509,8.203647260881922,0.02423778570667222,,935.7389589555748,750.0903340265986
2459714.85609954,8.246866394753681,0.02444854151300917,,935.7389589555748,750.0903340265986
2459715.85277778,8.238302502210816,0.026790444356395743,,935.7389589555748,750.0903340265986
2459719.894421295,8.198199839645799,0.02698601739739102,,935.7389589555748,750.0903340265986
2459721.837800925,8.16545941153881,0.025688486444255712,,935.7389589555748,750.0903340265986
2459722.83434028,8.227266214673877,0.03359213275870517,,935.7389589555748,750.0903340265986
2459723.832002315,8.209144853623139,0.03047549748540571,,935.7389589555748,750.0903340265986
2459724.831921295,8.26412541087814,0.029387743486003187,,935.7389589555748,750.0903340265986
2459725.82515046,8.226011576171652,0.02705058163884561,,935.7389589555748,750.0903340265986
2459726.824618055,8.237404819567661,0.03140703286831109,,-9999.99,-9999.99
2459729.878680555,8.225009634261765,0.026557958942383785,,935.7389589555748,750.0903340265986
2459731.809930555,8.207792728245272,0.02529301731269928,,935.7389589555748,750.0903340265986
2459732.80775463,8.225583244839822,0.026753007500019844,,0.0,0.0
2459733.80354167,8.232116201779291,0.027292502038528666,,0.0,0.0
2459734.80056713,8.216144815676891,0.031507334077881664,,935.7389589555748,750.0903340265986
2459737.792685185,8.202649308923288,0.027924950866244372,,935.7389589555748,750.0903340265986
2459738.7903125,8.23347284734308,0.024702264947576682,,935.7389589555748,750.0903340265986
2459739.78939815,8.187676516488883,0.025478890681449203,,935.7389589555748,750.0903340265986
2459740.78577546,8.195357365275663,0.028390451724364857,,0.0,0.0
2459741.782627315,8.183067016489218,0.02533734624003257,,935.7389589555748,750.0903340265986
2459742.77927083,8.180503423384078,0.026997057693318446,,935.7389589555748,750.0903340265986
2459747.765810185,8.168700927924117,0.02878210026890686,,935.7389589555748,750.0903340265986
2459748.76582176,8.207435122171757,0.023454921578014903,,935.7389589555748,750.0903340265986
2459749.76130787,8.18558444214178,0.02529363632532989,,935.7389589555748,750.0903340265986
2459751.75476852,8.17296689348915,0.024074467141340854,,935.7389589555748,750.0903340265986
2459752.75146991,8.181785244217878,0.0252183585407505,,935.7389589555748,750.0903340265986
2459753.74851852,8.17952890294174,0.03520153113628544,,935.7389589555748,750.0903340265986
2459754.747997685,8.11451291251964,0.024289745305808425,,935.7389589555748,750.0903340265986
2459755.74486111,8.196369380009726,0.030177539084214,,935.7389589555748,750.0903340265986
2459756.740752315,8.195051844741789,0.03036038774025832,,935.7389589555748,750.0903340265986
2459757.73800926,8.179269797455358,0.02531124870062251,,935.7389589555748,750.0903340265986
2459758.73828704,8.20912551203993,0.02943404658142073,,935.7389589555748,750.0903340265986
2459759.73415509,8.200937428385853,0.027353733218719662,,-9999.99,-9999.99
2459760.73113426,8.178000593160606,0.03009492789538692,,-9999.99,-9999.99
2459761.727141205,8.20315278270854,0.02526015056745939,,935.7389589555748,750.0903340265986
2459762.724386575,8.233116566943359,0.03605632933589458,,935.7389589555748,750.0903340265986
2459763.72324074,8.191967430054211,0.02593480790846349,,935.7389589555748,750.0903340265986
2459764.71990741,8.218219068430066,0.029669282558518476,,935.7389589555748,750.0903340265986
2459765.71741898,8.100433376827734,0.02865968898375782,,935.7389589555748,750.0903340265986
2459768.709618055,8.233229415936021,0.03259488272475209,,935.7389589555748,750.0903340265986
2459769.706516205,8.241319791013522,0.026447036729589646,,935.7389589555748,750.0903340265986
2459770.703252315,8.195568280235678,0.03387330628409134,,-9999.99,-9999.99
2459774.69931713,8.256117719588143,0.029034053624790303,,935.7389589555748,750.0903340265986
2459775.68896991,8.253996479113306,0.026186644194280722,,935.7389589555748,750.0903340265986
2459776.68858796,8.289359966995978,0.03345936160916742,,935.7389589555748,750.0903340265986
2459777.68534722,8.305588089218459,0.03503182973515679,,935.7389589555748,750.0903340265986
2459778.68241898,8.350411026119536,0.040934476595735535,,935.7389589555748,750.0903340265986
2459779.67894676,8.280547074508586,0.03263833875929952,,935.7389589555748,750.0903340265986
2459780.675671295,8.320739810019353,0.028870230518756194,,-9999.99,-9999.99
2459782.67209491,8.302731127207116,0.038034462324065245,,935.7389589555748,750.0903340265986
2459783.68959491,8.27083679993759,0.03869623004966463,,935.7389589555748,750.0903340265986
2459784.66796296,8.317637535844096,0.02758855526436352,,935.7389589555748,750.0903340265986
2459785.692627315,8.315426386704209,0.03421537151672339,,935.7389589555748,750.0903340265986
2459786.66771991,8.299360976757951,0.046719344905153115,,935.7389589555748,750.0903340265986
2459787.666689815,8.293886678971937,0.03503147208674744,,0.0,0.0
2459787.69096065,8.339683422176522,0.028113994194888737,,935.7389589555748,750.0903340265986
2459788.66457176,8.27596662991928,0.03337608881209298,,935.7389589555748,750.0903340265986
2459789.66739583,8.296877185657971,0.04719764921838267,,935.7389589555748,750.0903340265986
2459803.65979167,8.248659181823628,0.02533565452817961,,935.7389589555748,750.0903340265986
2459807.655520835,8.23305895119524,0.03277681805864164,,935.7389589555748,750.0903340265986
2459809.65596065,8.223764661529788,0.026364154472954413,,935.7389589555748,750.0903340265986
2459810.65298611,8.250566208629452,0.03280203241630817,,935.7389589555748,750.0903340265986
2459812.651863425,8.22119696488008,0.03752897282115195,,935.7389589555748,750.0903340265986
2459813.65028935,8.239336138683521,0.04034584339726172,,935.7389589555748,750.0903340265986
2459814.64940972,8.207287589431067,0.022125031744556566,,935.7389589555748,750.0903340265986
2459815.64875,8.253541238231243,0.033767186617301645,,935.7389589555748,750.0903340265986
,,,,935.7389589555748,750.0903340265986
,,,,935.7389589555748,750.0903340265986
,,,,935.7389589555748,750.0903340265986
,,,,935.7389589555748,750.0903340265986
,,,,935.7389589555748,750.0903340265986
,,,,935.7389589555748,750.0903340265986
,,,,935.7389589555748,750.0903340265986
,,,,935.7389589555748,750.0903340265986
,,,,935.7389589555748,750.0903340265986
,,,,935.7389589555748,750.0903340265986
,,,,935.7389589555748,750.0903340265986
,,,,935.7389589555748,750.0903340265986
,,,,935.7389589555748,750.0903340265986
,,,,935.7389589555748,750.0903340265986
,,,,935.7389589555748,750.0903340265986
,,,,935.7389589555748,750.0903340265986
,,,,-9999.99,-9999.99
,,,,935.7389589555748,750.0903340265986
,,,,935.7389589555748,750.0903340265986
,,,,935.7389589555748,750.0903340265986
,,,,935.7389589555748,750.0903340265986
,,,,935.7389589555748,750.0903340265986
,,,,935.7389589555748,750.0903340265986
,,,,935.7389589555748,750.0903340265986
,,,,935.7389589555748,750.0903340265986
,,,,935.7389589555748,750.0903340265986
,,,,935.7389589555748,750.0903340265986
,,,,935.7389589555748,750.0903340265986
,,,,935.7389589555748,750.0903340265986
,,,,935.7389589555748,750.0903340265986
,,,,935.7389589555748,750.0903340265986
,,,,935.7389589555748,750.0903340265986
,,,,935.7389589555748,750.0903340265986
,,,,935.7389589555748,750.0903340265986
,,,,935.7389589555748,750.0903340265986
,,,,935.7389589555748,750.0903340265986
,,,,935.7389589555748,750.0903340265986
,,,,935.7389589555748,750.0903340265986
,,,,935.7389589555748,750.0903340265986
,,,,935.7389589555748,750.0903340265986
,,,,935.7389589555748,750.0903340265986
,,,,935.7389589555748,750.0903340265986
,,,,935.7389589555748,750.0903340265986
,,,,935.7389589555748,750.0903340265986
,,,,-9999.99,-9999.99
,,,,935.7389589555748,750.0903340265986
,,,,935.7389589555748,750.0903340265986
,,,,-9999.99,-9999.99
,,,,935.7389589555748,750.0903340265986
,,,,0.0,0.0
,,,,935.7389589555748,750.0903340265986
,,,,935.7389589555748,750.0903340265986
,,,,935.7389589555748,750.0903340265986
,,,,935.7389589555748,750.0903340265986
,,,,935.7389589555748,750.0903340265986
,,,,935.7389589555748,750.0903340265986
,,,,935.7389589555748,750.0903340265986
,,,,935.7389589555748,750.0903340265986
,,,,935.7389589555748,750.0903340265986
,,,,935.7389589555748,750.0903340265986
,,,,935.7389589555748,750.0903340265986
,,,,935.7389589555748,750.0903340265986
,,,,935.7389589555748,750.0903340265986
,,,,935.7389589555748,750.0903340265986
,,,,935.7389589555748,750.0903340265986
,,,,-9999.99,-9999.99
,,,,935.7389589555748,750.0903340265986
,,,,935.7389589555748,750.0903340265986
,,,,935.7389589555748,750.0903340265986
,,,,935.7389589555748,750.0903340265986
,,,,935.7389589555748,750.0903340265986
,,,,935.7389589555748,750.0903340265986
,,,,935.7389589555748,750.0903340265986
,,,,935.7389589555748,750.0903340265986
,,,,-9999.99,-9999.99
,,,,0.0,0.0
,,,,935.7389589555748,750.0903340265986
,,,,935.7389589555748,750.0903340265986
,,,,935.7389589555748,750.0903340265986
,,,,935.7389589555748,750.0903340265986
,,,,935.7389589555748,750.0903340265986
,,,,935.7389589555748,750.0903340265986
,,,,935.7389589555748,750.0903340265986
,,,,935.7389589555748,750.0903340265986
,,,,0.0,0.0
,,,,-9999.99,-9999.99
,,,,935.7389589555748,750.0903340265986
,,,,935.7389589555748,750.0903340265986
,,,,935.7389589555748,750.0903340265986
,,,,935.7389589555748,750.0903340265986
,,,,0.0,0.0
,,,,935.7389589555748,750.0903340265986
,,,,0.0,0.0
,,,,930.5919838338611,751.1527916282816
,,,,0.0,0.0
,,,,930.5919838338611,751.1527916282816
,,,,930.5919838338611,751.1527916282816
,,,,930.5919838338611,751.1527916282816
,,,,0.0,0.0
,,,,930.5919838338611,751.1527916282816
,,,,930.5919838338611,751.1527916282816
,,,,0.0,0.0
,,,,0.0,0.0
,,,,930.5919838338611,751.1527916282816
,,,,930.5919838338611,751.1527916282816
,,,,930.5919838338611,751.1527916282816
,,,,930.5919838338611,751.1527916282816
,,,,930.5919838338611,751.1527916282816
,,,,930.5919838338611,751.1527916282816
,,,,930.5919838338611,751.1527916282816
,,,,930.5919838338611,751.1527916282816
,,,,930.5919838338611,751.1527916282816
,,,,930.5919838338611,751.1527916282816
,,,,930.5919838338611,751.1527916282816
,,,,930.5919838338611,751.1527916282816
,,,,930.5919838338611,751.1527916282816
,,,,930.5919838338611,751.1527916282816
,,,,930.5919838338611,751.1527916282816
,,,,930.5919838338611,751.1527916282816
,,,,930.5919838338611,751.1527916282816
,,,,930.5919838338611,751.1527916282816
,,,,930.5919838338611,751.1527916282816
,,,,930.5919838338611,751.1527916282816
,,,,930.5919838338611,751.1527916282816
,,,,930.5919838338611,751.1527916282816
,,,,930.5919838338611,751.1527916282816
,,,,930.5919838338611,751.1527916282816
,,,,930.5919838338611,751.1527916282816
,,,,930.5919838338611,751.1527916282816
,,,,930.5919838338611,751.1527916282816
,,,,930.5919838338611,751.1527916282816
,,,,0.0,0.0
,,,,930.5919838338611,751.1527916282816
,,,,930.5919838338611,751.1527916282816
,,,,0.0,0.0
,,,,0.0,0.0
,,,,930.5919838338611,751.1527916282816
,,,,0.0,0.0
,,,,0.0,0.0
,,,,930.5919838338611,751.1527916282816
,,,,0.0,0.0
,,,,930.5919838338611,751.1527916282816
,,,,930.5919838338611,751.1527916282816
,,,,930.5919838338611,751.1527916282816
,,,,0.0,0.0
,,,,930.5919838338611,751.1527916282816
,,,,0.0,0.0
,,,,930.5919838338611,751.1527916282816
,,,,0.0,0.0
,,,,930.5919838338611,751.1527916282816
,,,,930.5919838338611,751.1527916282816
,,,,930.5919838338611,751.1527916282816
,,,,0.0,0.0
,,,,0.0,0.0
,,,,-9999.99,-9999.99
,,,,930.5919838338611,751.1527916282816
,,,,930.5919838338611,751.1527916282816
,,,,930.5919838338611,751.1527916282816
,,,,930.5919838338611,751.1527916282816
,,,,930.5919838338611,751.1527916282816
,,,,930.5919838338611,751.1527916282816
,,,,930.5919838338611,751.1527916282816
,,,,0.0,0.0
,,,,930.5919838338611,751.1527916282816
,,,,0.0,0.0
,,,,930.5919838338611,751.1527916282816
,,,,930.5919838338611,751.1527916282816
,,,,930.5919838338611,751.1527916282816
,,,,0.0,0.0
,,,,0.0,0.0
,,,,0.0,0.0
,,,,930.5919838338611,751.1527916282816
,,,,930.5919838338611,751.1527916282816
,,,,930.5919838338611,751.1527916282816
,,,,0.0,0.0
,,,,0.0,0.0
,,,,0.0,0.0
,,,,0.0,0.0
,,,,0.0,0.0
,,,,930.5919838338611,751.1527916282816
,,,,930.5919838338611,751.1527916282816
,,,,930.5919838338611,751.1527916282816
,,,,930.5919838338611,751.1527916282816
,,,,930.5919838338611,751.1527916282816
,,,,930.5919838338611,751.1527916282816
,,,,0.0,0.0
,,,,930.5919838338611,751.1527916282816
,,,,0.0,0.0
,,,,930.5919838338611,751.1527916282816
,,,,930.5919838338611,751.1527916282816
,,,,0.0,0.0
,,,,930.5919838338611,751.1527916282816
,,,,930.5919838338611,751.1527916282816
,,,,930.5919838338611,751.1527916282816
,,,,0.0,0.0
,,,,0.0,0.0
,,,,0.0,0.0
,,,,930.5919838338611,751.1527916282816
,,,,0.0,0.0
,,,,0.0,0.0
,,,,0.0,0.0
,,,,0.0,0.0
,,,,0.0,0.0
,,,,930.5919838338611,751.1527916282816
,,,,930.5919838338611,751.1527916282816
,,,,930.5919838338611,751.1527916282816
,,,,930.5919838338611,751.1527916282816
,,,,930.5919838338611,751.1527916282816
,,,,930.5919838338611,751.1527916282816
,,,,930.5919838338611,751.1527916282816
,,,,0.0,0.0
,,,,930.5919838338611,751.1527916282816
,,,,0.0,0.0
,,,,930.5919838338611,751.1527916282816
,,,,930.5919838338611,751.1527916282816
,,,,930.5919838338611,751.1527916282816
,,,,0.0,0.0
,,,,0.0,0.0
,,,,930.5919838338611,751.1527916282816
,,,,930.5919838338611,751.1527916282816
,,,,930.5919838338611,751.1527916282816
,,,,930.5919838338611,751.1527916282816
,,,,930.5919838338611,751.1527916282816
,,,,930.5919838338611,751.1527916282816
,,,,930.5919838338611,751.1527916282816
,,,,930.5919838338611,751.1527916282816
,,,,930.5919838338611,751.1527916282816
,,,,930.5919838338611,751.1527916282816
,,,,930.5919838338611,751.1527916282816
,,,,930.5919838338611,751.1527916282816
,,,,930.5919838338611,751.1527916282816
,,,,930.5919838338611,751.1527916282816
,,,,0.0,0.0
,,,,930.5919838338611,751.1527916282816
,,,,930.5919838338611,751.1527916282816
,,,,930.5919838338611,751.1527916282816
,,,,930.5919838338611,751.1527916282816
,,,,930.5919838338611,751.1527916282816
,,,,930.5919838338611,751.1527916282816
,,,,930.5919838338611,751.1527916282816
,,,,930.5919838338611,751.1527916282816
,,,,930.5919838338611,751.1527916282816
,,,,930.5919838338611,751.1527916282816
,,,,930.5919838338611,751.1527916282816
,,,,0.0,0.0
,,,,930.5919838338611,751.1527916282816
,,,,930.5919838338611,751.1527916282816
,,,,930.5919838338611,751.1527916282816
,,,,930.5919838338611,751.1527916282816
,,,,0.0,0.0
,,,,930.5919838338611,751.1527916282816
,,,,0.0,0.0
,,,,0.0,0.0
,,,,930.5919838338611,751.1527916282816
,,,,930.5919838338611,751.1527916282816
,,,,930.5919838338611,751.1527916282816
,,,,930.5919838338611,751.1527916282816
,,,,0.0,0.0
,,,,930.5919838338611,751.1527916282816
,,,,930.5919838338611,751.1527916282816
,,,,930.5919838338611,751.1527916282816
,,,,930.5919838338611,751.1527916282816
,,,,930.5919838338611,751.1527916282816
,,,,930.5919838338611,751.1527916282816
,,,,923.5238184181374,651.1772845257906
,,,,923.5238184181374,651.1772845257906
,,,,923.5238184181374,651.1772845257906
,,,,923.5238184181374,651.1772845257906
,,,,923.5238184181374,651.1772845257906
,,,,923.5238184181374,651.1772845257906
,,,,923.5238184181374,651.1772845257906
,,,,923.5238184181374,651.1772845257906
,,,,923.5238184181374,651.1772845257906
,,,,923.5238184181374,651.1772845257906
,,,,923.5238184181374,651.1772845257906
,,,,923.5238184181374,651.1772845257906
,,,,923.5238184181374,651.1772845257906
,,,,923.5238184181374,651.1772845257906
,,,,923.5238184181374,651.1772845257906
,,,,923.5238184181374,651.1772845257906
,,,,923.5238184181374,651.1772845257906
,,,,923.5238184181374,651.1772845257906
,,,,923.5238184181374,651.1772845257906
,,,,923.5238184181374,651.1772845257906
,,,,923.5238184181374,651.1772845257906
,,,,923.5238184181374,651.1772845257906
,,,,923.5238184181374,651.1772845257906
,,,,923.5238184181374,651.1772845257906
,,,,923.5238184181374,651.1772845257906
,,,,923.5238184181374,651.1772845257906
,,,,923.5238184181374,651.1772845257906
,,,,923.5238184181374,651.1772845257906
,,,,923.5238184181374,651.1772845257906
,,,,923.5238184181374,651.1772845257906
,,,,923.5238184181374,651.1772845257906
,,,,923.5238184181374,651.1772845257906
,,,,923.5238184181374,651.1772845257906
,,,,923.5238184181374,651.1772845257906
,,,,923.5238184181374,651.1772845257906
,,,,923.5238184181374,651.1772845257906
,,,,923.5238184181374,651.1772845257906
,,,,923.5238184181374,651.1772845257906
,,,,923.5238184181374,651.1772845257906
,,,,923.5238184181374,651.1772845257906
,,,,923.5238184181374,651.1772845257906
,,,,-9999.99,-9999.99
,,,,923.5238184181374,651.1772845257906
,,,,923.5238184181374,651.1772845257906
,,,,923.5238184181374,651.1772845257906
,,,,923.5238184181374,651.1772845257906
,,,,923.5238184181374,651.1772845257906
,,,,0.0,0.0
,,,,-9999.99,-9999.99
,,,,923.5238184181374,651.1772845257906
,,,,923.5238184181374,651.1772845257906
,,,,923.5238184181374,651.1772845257906
,,,,923.5238184181374,651.1772845257906
,,,,923.5238184181374,651.1772845257906
,,,,923.5238184181374,651.1772845257906
,,,,923.5238184181374,651.1772845257906
,,,,923.5238184181374,651.1772845257906
,,,,923.5238184181374,651.1772845257906
,,,,923.5238184181374,651.1772845257906
,,,,923.5238184181374,651.1772845257906
,,,,0.0,0.0
,,,,0.0,0.0
,,,,0.0,0.0
,,,,0.0,0.0
,,,,0.0,0.0
,,,,922.9170519473972,657.6730761029394
,,,,922.9170519473972,657.6730761029394
,,,,922.9170519473972,657.6730761029394
,,,,922.9170519473972,657.6730761029394
,,,,922.9170519473972,657.6730761029394
,,,,922.651955073036,658.5658545617366
,,,,922.651955073036,658.5658545617366
,,,,922.651955073036,658.5658545617366
,,,,922.651955073036,658.5658545617366
,,,,922.651955073036,658.5658545617366
,,,,-9999.99,-9999.99
,,,,922.651955073036,658.5658545617366
,,,,-9999.99,-9999.99
,,,,-9999.99,-9999.99
,,,,922.651955073036,658.5658545617366
,,,,922.651955073036,658.5658545617366
,,,,922.651955073036,658.5658545617366
,,,,922.651955073036,658.5658545617366
,,,,922.651955073036,658.5658545617366
,,,,922.651955073036,658.5658545617366
,,,,922.651955073036,658.5658545617366
,,,,922.651955073036,658.5658545617366
,,,,922.651955073036,658.5658545617366
,,,,-9999.99,-9999.99
,,,,922.651955073036,658.5658545617366
,,,,922.651955073036,658.5658545617366
,,,,922.651955073036,658.5658545617366
,,,,922.651955073036,658.5658545617366
,,,,0.0,0.0
,,,,922.651955073036,658.5658545617366
,,,,0.0,0.0
,,,,0.0,0.0
,,,,922.651955073036,658.5658545617366
,,,,922.651955073036,658.5658545617366
,,,,922.651955073036,658.5658545617366
,,,,922.651955073036,658.5658545617366
,,,,922.651955073036,658.5658545617366
,,,,922.651955073036,658.5658545617366
,,,,922.651955073036,658.5658545617366
,,,,922.651955073036,658.5658545617366
,,,,922.651955073036,658.5658545617366
,,,,0.0,0.0
,,,,922.651955073036,658.5658545617366
,,,,922.651955073036,658.5658545617366
,,,,922.651955073036,658.5658545617366
,,,,904.1126048852904,626.4687056378552
,,,,0.0,0.0
,,,,904.1126048852904,626.4687056378552
,,,,904.1126048852904,626.4687056378552
,,,,904.1126048852904,626.4687056378552
,,,,904.1126048852904,626.4687056378552
,,,,0.0,0.0
,,,,904.1126048852904,626.4687056378552
,,,,0.0,0.0
,,,,904.1126048852904,626.4687056378552
,,,,-9999.99,-9999.99
,,,,904.1126048852904,626.4687056378552
,,,,0.0,0.0
,,,,904.1126048852904,626.4687056378552
,,,,0.0,0.0
,,,,904.1126048852904,626.4687056378552
,,,,0.0,0.0
,,,,904.1126048852904,626.4687056378552
,,,,0.0,0.0
,,,,904.1126048852904,626.4687056378552
,,,,0.0,0.0
,,,,904.1126048852904,626.4687056378552
,,,,0.0,0.0
,,,,904.1126048852904,626.4687056378552
,,,,904.1126048852904,626.4687056378552
,,,,904.1126048852904,626.4687056378552
,,,,0.0,0.0
,,,,904.1126048852904,626.4687056378552
,,,,0.0,0.0
,,,,904.1126048852904,626.4687056378552
,,,,904.1126048852904,626.4687056378552
,,,,0.0,0.0
,,,,904.1126048852904,626.4687056378552
,,,,0.0,0.0
,,,,0.0,0.0
,,,,904.1126048852904,626.4687056378552
,,,,0.0,0.0
,,,,904.1126048852904,626.4687056378552
,,,,0.0,0.0
,,,,-9999.99,-9999.99
,,,,0.0,0.0
,,,,0.0,0.0
,,,,0.0,0.0
,,,,904.1126048852904,626.4687056378552
,,,,0.0,0.0
,,,,0.0,0.0
,,,,904.1126048852904,626.4687056378552
,,,,0.0,0.0
,,,,0.0,0.0
,,,,904.1126048852904,626.4687056378552
,,,,0.0,0.0
,,,,904.1126048852904,626.4687056378552
,,,,0.0,0.0
,,,,904.1126048852904,626.4687056378552
,,,,0.0,0.0
,,,,904.1126048852904,626.4687056378552
,,,,-9999.99,-9999.99
,,,,904.1126048852904,626.4687056378552
,,,,904.1126048852904,626.4687056378552
,,,,904.1126048852904,626.4687056378552
,,,,904.1126048852904,626.4687056378552
,,,,904.1126048852904,626.4687056378552
,,,,904.1126048852904,626.4687056378552
,,,,-9999.99,-9999.99
,,,,904.1126048852904,626.4687056378552
,,,,904.1126048852904,626.4687056378552
,,,,904.1126048852904,626.4687056378552
,,,,904.1126048852904,626.4687056378552
,,,,904.1126048852904,626.4687056378552
,,,,904.1126048852904,626.4687056378552
,,,,0.0,0.0
,,,,904.1126048852904,626.4687056378552
,,,,0.0,0.0
,,,,904.1126048852904,626.4687056378552
,,,,0.0,0.0
,,,,0.0,0.0
,,,,904.1126048852904,626.4687056378552
,,,,904.1126048852904,626.4687056378552
,,,,904.1126048852904,626.4687056378552
,,,,0.0,0.0
,,,,0.0,0.0
,,,,0.0,0.0
,,,,-9999.99,-9999.99
,,,,904.1126048852904,626.4687056378552
,,,,-9999.99,-9999.99
,,,,0.0,0.0
,,,,904.1126048852904,626.4687056378552
,,,,904.1126048852904,626.4687056378552
,,,,904.1126048852904,626.4687056378552
,,,,904.1126048852904,626.4687056378552
,,,,904.1126048852904,626.4687056378552
,,,,904.1126048852904,626.4687056378552
,,,,904.1126048852904,626.4687056378552
,,,,904.1126048852904,626.4687056378552
,,,,904.1126048852904,626.4687056378552
,,,,904.1126048852904,626.4687056378552
,,,,904.1126048852904,626.4687056378552
,,,,904.1126048852904,626.4687056378552
,,,,0.0,0.0
,,,,904.1126048852904,626.4687056378552
,,,,-9999.99,-9999.99
,,,,0.0,0.0
,,,,0.0,0.0
,,,,904.1126048852904,626.4687056378552
,,,,904.1126048852904,626.4687056378552
,,,,904.1126048852904,626.4687056378552
,,,,0.0,0.0
,,,,-9999.99,-9999.99
,,,,904.1126048852904,626.4687056378552
,,,,0.0,0.0
,,,,0.0,0.0
,,,,904.1126048852904,626.4687056378552
,,,,0.0,0.0
,,,,904.1126048852904,626.4687056378552
,,,,-9999.99,-9999.99
,,,,0.0,0.0
,,,,0.0,0.0
,,,,904.1126048852904,626.4687056378552
,,,,904.1126048852904,626.4687056378552
,,,,904.1126048852904,626.4687056378552
,,,,904.1126048852904,626.4687056378552
,,,,904.1126048852904,626.4687056378552
,,,,904.1126048852904,626.4687056378552
,,,,904.1126048852904,626.4687056378552
,,,,904.1126048852904,626.4687056378552
,,,,904.1126048852904,626.4687056378552
,,,,904.1126048852904,626.4687056378552
,,,,904.1126048852904,626.4687056378552
,,,,904.1126048852904,626.4687056378552
,,,,904.1126048852904,626.4687056378552
,,,,904.1126048852904,626.4687056378552
,,,,904.1126048852904,626.4687056378552
,,,,904.1126048852904,626.4687056378552
,,,,904.1126048852904,626.4687056378552
,,,,904.1126048852904,626.4687056378552
,,,,904.1126048852904,626.4687056378552
,,,,904.1126048852904,626.4687056378552
,,,,904.1126048852904,626.4687056378552
,,,,904.1126048852904,626.4687056378552
,,,,0.0,0.0
,,,,904.1126048852904,626.4687056378552
,,,,904.1126048852904,626.4687056378552
,,,,904.1126048852904,626.4687056378552
,,,,904.1126048852904,626.4687056378552
,,,,904.1126048852904,626.4687056378552
,,,,904.1126048852904,626.4687056378552
,,,,904.1126048852904,626.4687056378552
,,,,904.1126048852904,626.4687056378552
,,,,904.1126048852904,626.4687056378552
,,,,0.0,0.0
,,,,904.1126048852904,626.4687056378552
,,,,904.1126048852904,626.4687056378552
,,,,0.0,0.0
,,,,904.1126048852904,626.4687056378552
,,,,904.1126048852904,626.4687056378552
,,,,904.1126048852904,626.4687056378552
,,,,904.1126048852904,626.4687056378552
,,,,904.1126048852904,626.4687056378552
,,,,904.1126048852904,626.4687056378552
,,,,904.1126048852904,626.4687056378552
,,,,904.1126048852904,626.4687056378552
,,,,904.1126048852904,626.4687056378552
,,,,0.0,0.0
,,,,904.1126048852904,626.4687056378552
,,,,904.1126048852904,626.4687056378552
,,,,904.1126048852904,626.4687056378552
,,,,904.1126048852904,626.4687056378552
,,,,904.1126048852904,626.4687056378552
,,,,904.1126048852904,626.4687056378552
,,,,904.1126048852904,626.4687056378552
,,,,904.1126048852904,626.4687056378552
,,,,904.1126048852904,626.4687056378552
,,,,904.1126048852904,626.4687056378552
,,,,904.1126048852904,626.4687056378552
,,,,904.1126048852904,626.4687056378552
,,,,904.1126048852904,626.4687056378552
,,,,903.1360194576564,626.0974688556566
,,,,903.1360194576564,626.0974688556566
,,,,903.1360194576564,626.0974688556566
,,,,903.1360194576564,626.0974688556566
,,,,903.1360194576564,626.0974688556566
,,,,903.1360194576564,626.0974688556566
,,,,903.1360194576564,626.0974688556566
,,,,903.1360194576564,626.0974688556566
,,,,903.1360194576564,626.0974688556566
,,,,903.1360194576564,626.0974688556566
,,,,903.1360194576564,626.0974688556566
,,,,903.1360194576564,626.0974688556566
,,,,903.1360194576564,626.0974688556566
,,,,903.1360194576564,626.0974688556566
,,,,903.1360194576564,626.0974688556566
,,,,903.1360194576564,626.0974688556566
,,,,903.1360194576564,626.0974688556566
,,,,903.1360194576564,626.0974688556566
,,,,903.1360194576564,626.0974688556566
,,,,903.1360194576564,626.0974688556566
,,,,903.1360194576564,626.0974688556566
,,,,903.1360194576564,626.0974688556566
,,,,903.1360194576564,626.0974688556566
,,,,903.1360194576564,626.0974688556566
,,,,903.1360194576564,626.0974688556566
,,,,903.1360194576564,626.0974688556566
,,,,903.1360194576564,626.0974688556566
,,,,903.1360194576564,626.0974688556566
,,,,903.1360194576564,626.0974688556566
,,,,903.1360194576564,626.0974688556566
,,,,-9999.99,-9999.99
,,,,903.1360194576564,626.0974688556566
,,,,903.1360194576564,626.0974688556566
,,,,903.1360194576564,626.0974688556566
,,,,903.1360194576564,626.0974688556566
,,,,903.1360194576564,626.0974688556566
,,,,903.1360194576564,626.0974688556566
,,,,903.1360194576564,626.0974688556566
,,,,903.1360194576564,626.0974688556566
,,,,-9999.99,-9999.99
,,,,903.1360194576564,626.0974688556566
,,,,903.1360194576564,626.0974688556566
,,,,903.1360194576564,626.0974688556566
,,,,903.1360194576564,626.0974688556566
,,,,903.1360194576564,626.0974688556566
,,,,903.1360194576564,626.0974688556566
,,,,-9999.99,-9999.99
,,,,903.1360194576564,626.0974688556566
,,,,903.1360194576564,626.0974688556566
,,,,903.1360194576564,626.0974688556566
,,,,0.0,0.0
,,,,903.1360194576564,626.0974688556566
,,,,903.1360194576564,626.0974688556566
,,,,903.1360194576564,626.0974688556566
,,,,903.1360194576564,626.0974688556566
,,,,903.1360194576564,626.0974688556566
,,,,903.1360194576564,626.0974688556566
,,,,-9999.99,-9999.99
,,,,903.1360194576564,626.0974688556566
,,,,-9999.99,-9999.99
,,,,903.1360194576564,626.0974688556566
,,,,903.1360194576564,626.0974688556566
,,,,903.1360194576564,626.0974688556566
,,,,903.1360194576564,626.0974688556566
,,,,903.1360194576564,626.0974688556566
,,,,903.1360194576564,626.0974688556566
,,,,903.1360194576564,626.0974688556566
,,,,0.0,0.0
,,,,903.1360194576564,626.0974688556566
,,,,903.1360194576564,626.0974688556566
,,,,903.1360194576564,626.0974688556566
,,,,903.1360194576564,626.0974688556566
,,,,903.1360194576564,626.0974688556566
,,,,903.1360194576564,626.0974688556566
,,,,903.1360194576564,626.0974688556566
,,,,903.1360194576564,626.0974688556566
,,,,-9999.99,-9999.99
,,,,-9999.99,-9999.99
,,,,903.1360194576564,626.0974688556566
,,,,903.1360194576564,626.0974688556566
,,,,903.1360194576564,626.0974688556566
,,,,903.1360194576564,626.0974688556566
,,,,903.1360194576564,626.0974688556566
,,,,903.1360194576564,626.0974688556566
,,,,903.1360194576564,626.0974688556566
,,,,903.1360194576564,626.0974688556566
,,,,903.1360194576564,626.0974688556566
,,,,903.1360194576564,626.0974688556566
,,,,903.1360194576564,626.0974688556566
,,,,903.1360194576564,626.0974688556566
,,,,0.0,0.0
,,,,903.1360194576564,626.0974688556566
,,,,903.1360194576564,626.0974688556566
,,,,903.1360194576564,626.0974688556566
,,,,903.1360194576564,626.0974688556566
,,,,903.1360194576564,626.0974688556566
,,,,-9999.99,-9999.99
,,,,903.1360194576564,626.0974688556566
,,,,903.1360194576564,626.0974688556566
,,,,903.1360194576564,626.0974688556566
,,,,903.1360194576564,626.0974688556566
,,,,903.1360194576564,626.0974688556566
,,,,903.1360194576564,626.0974688556566
,,,,903.1360194576564,626.0974688556566
,,,,903.1360194576564,626.0974688556566
,,,,903.1360194576564,626.0974688556566
,,,,-9999.99,-9999.99
,,,,903.1360194576564,626.0974688556566
,,,,903.1360194576564,626.0974688556566
,,,,903.1360194576564,626.0974688556566
,,,,0.0,0.0
,,,,903.1360194576564,626.0974688556566
,,,,903.1360194576564,626.0974688556566
,,,,903.1360194576564,626.0974688556566
,,,,903.1360194576564,626.0974688556566
,,,,903.1360194576564,626.0974688556566
,,,,903.1360194576564,626.0974688556566
,,,,0.0,0.0
,,,,903.1360194576564,626.0974688556566
,,,,903.1360194576564,626.0974688556566
,,,,903.1360194576564,626.0974688556566
,,,,903.1360194576564,626.0974688556566
,,,,903.1360194576564,626.0974688556566
,,,,903.1360194576564,626.0974688556566
,,,,903.1360194576564,626.0974688556566
,,,,903.1360194576564,626.0974688556566
,,,,903.1360194576564,626.0974688556566
,,,,903.1360194576564,626.0974688556566
,,,,903.1360194576564,626.0974688556566
,,,,903.1360194576564,626.0974688556566
,,,,903.1360194576564,626.0974688556566
,,,,903.1360194576564,626.0974688556566
,,,,903.1360194576564,626.0974688556566
,,,,903.1360194576564,626.0974688556566
,,,,903.1360194576564,626.0974688556566
,,,,903.1360194576564,626.0974688556566
,,,,903.1360194576564,626.0974688556566
,,,,903.1360194576564,626.0974688556566
,,,,903.1360194576564,626.0974688556566
,,,,903.1360194576564,626.0974688556566
,,,,0.0,0.0
,,,,903.1360194576564,626.0974688556566
,,,,903.1360194576564,626.0974688556566
,,,,-9999.99,-9999.99
,,,,-9999.99,-9999.99
,,,,903.1360194576564,626.0974688556566
,,,,903.1360194576564,626.0974688556566
,,,,903.1360194576564,626.0974688556566
,,,,903.1360194576564,626.0974688556566
,,,,903.1360194576564,626.0974688556566
,,,,903.1360194576564,626.0974688556566
,,,,903.1360194576564,626.0974688556566
,,,,903.1360194576564,626.0974688556566
,,,,903.1360194576564,626.0974688556566
,,,,903.1360194576564,626.0974688556566
,,,,903.1360194576564,626.0974688556566
,,,,903.1360194576564,626.0974688556566
,,,,903.1360194576564,626.0974688556566
,,,,903.1360194576564,626.0974688556566
,,,,903.1360194576564,626.0974688556566
,,,,903.1360194576564,626.0974688556566
,,,,903.1360194576564,626.0974688556566
,,,,903.1360194576564,626.0974688556566
,,,,903.1360194576564,626.0974688556566
,,,,903.1360194576564,626.0974688556566
,,,,903.1360194576564,626.0974688556566
,,,,903.1360194576564,626.0974688556566
,,,,903.1360194576564,626.0974688556566
,,,,903.1360194576564,626.0974688556566
,,,,903.1360194576564,626.0974688556566
,,,,903.1360194576564,626.0974688556566
,,,,-9999.99,-9999.99
,,,,903.1360194576564,626.0974688556566
,,,,903.1360194576564,626.0974688556566
,,,,903.1360194576564,626.0974688556566
,,,,903.1360194576564,626.0974688556566
,,,,903.1360194576564,626.0974688556566
,,,,903.1360194576564,626.0974688556566
,,,,903.1360194576564,626.0974688556566
,,,,903.1360194576564,626.0974688556566
,,,,903.1360194576564,626.0974688556566
,,,,903.1360194576564,626.0974688556566
,,,,903.1360194576564,626.0974688556566
,,,,903.1360194576564,626.0974688556566
,,,,903.1360194576564,626.0974688556566
,,,,903.1360194576564,626.0974688556566
,,,,903.1360194576564,626.0974688556566
,,,,903.1360194576564,626.0974688556566
,,,,903.1360194576564,626.0974688556566
,,,,903.1360194576564,626.0974688556566
,,,,903.1360194576564,626.0974688556566
,,,,903.1360194576564,626.0974688556566
,,,,903.1360194576564,626.0974688556566
,,,,0.0,0.0
,,,,903.1360194576564,626.0974688556566
,,,,903.1360194576564,626.0974688556566
,,,,903.1360194576564,626.0974688556566
,,,,903.1360194576564,626.0974688556566
,,,,903.1360194576564,626.0974688556566
,,,,903.1360194576564,626.0974688556566
,,,,903.1360194576564,626.0974688556566
,,,,903.1360194576564,626.0974688556566
,,,,903.1360194576564,626.0974688556566
,,,,903.1360194576564,626.0974688556566
,,,,903.1360194576564,626.0974688556566
,,,,903.1360194576564,626.0974688556566
,,,,903.1360194576564,626.0974688556566
,,,,903.1360194576564,626.0974688556566
,,,,0.0,0.0
,,,,903.1360194576564,626.0974688556566
,,,,903.1360194576564,626.0974688556566
,,,,903.1360194576564,626.0974688556566
,,,,903.1360194576564,626.0974688556566
,,,,0.0,0.0
,,,,0.0,0.0
,,,,903.1360194576564,626.0974688556566
,,,,-9999.99,-9999.99
,,,,903.1360194576564,626.0974688556566
,,,,903.1360194576564,626.0974688556566
,,,,903.1360194576564,626.0974688556566
,,,,903.1360194576564,626.0974688556566
,,,,903.1360194576564,626.0974688556566
,,,,903.1360194576564,626.0974688556566
,,,,903.1360194576564,626.0974688556566
,,,,903.1360194576564,626.0974688556566
,,,,902.026056024506,625.5691360352753
,,,,902.026056024506,625.5691360352753
,,,,902.026056024506,625.5691360352753
,,,,902.026056024506,625.5691360352753
,,,,902.026056024506,625.5691360352753
,,,,0.0,0.0
,,,,902.026056024506,625.5691360352753
,,,,902.026056024506,625.5691360352753
,,,,902.026056024506,625.5691360352753
,,,,902.026056024506,625.5691360352753
,,,,902.026056024506,625.5691360352753
,,,,902.026056024506,625.5691360352753
,,,,902.026056024506,625.5691360352753
,,,,902.026056024506,625.5691360352753
,,,,902.026056024506,625.5691360352753
,,,,902.026056024506,625.5691360352753
,,,,902.026056024506,625.5691360352753
,,,,902.026056024506,625.5691360352753
,,,,902.026056024506,625.5691360352753
,,,,-9999.99,-9999.99
,,,,902.026056024506,625.5691360352753
,,,,902.026056024506,625.5691360352753
,,,,902.026056024506,625.5691360352753
,,,,902.026056024506,625.5691360352753
,,,,0.0,0.0
,,,,902.026056024506,625.5691360352753
,,,,902.026056024506,625.5691360352753
,,,,902.026056024506,625.5691360352753
,,,,902.026056024506,625.5691360352753
,,,,-9999.99,-9999.99
,,,,902.026056024506,625.5691360352753
,,,,902.026056024506,625.5691360352753
,,,,902.026056024506,625.5691360352753
,,,,0.0,0.0
,,,,902.026056024506,625.5691360352753
,,,,0.0,0.0
,,,,902.026056024506,625.5691360352753
,,,,902.026056024506,625.5691360352753
,,,,902.026056024506,625.5691360352753
,,,,902.026056024506,625.5691360352753
,,,,902.026056024506,625.5691360352753
,,,,902.026056024506,625.5691360352753
,,,,902.026056024506,625.5691360352753
,,,,902.026056024506,625.5691360352753
,,,,0.0,0.0
,,,,902.026056024506,625.5691360352753
,,,,902.026056024506,625.5691360352753
,,,,902.026056024506,625.5691360352753
,,,,902.026056024506,625.5691360352753
,,,,902.026056024506,625.5691360352753
,,,,902.026056024506,625.5691360352753
,,,,902.026056024506,625.5691360352753
,,,,902.026056024506,625.5691360352753
,,,,902.026056024506,625.5691360352753
,,,,902.026056024506,625.5691360352753
,,,,902.026056024506,625.5691360352753
,,,,902.026056024506,625.5691360352753
,,,,0.0,0.0
,,,,902.026056024506,625.5691360352753
,,,,902.026056024506,625.5691360352753
,,,,902.026056024506,625.5691360352753
,,,,902.026056024506,625.5691360352753
,,,,0.0,0.0
,,,,902.026056024506,625.5691360352753
,,,,902.026056024506,625.5691360352753
,,,,902.026056024506,625.5691360352753
,,,,902.026056024506,625.5691360352753
,,,,902.026056024506,625.5691360352753
,,,,902.026056024506,625.5691360352753
,,,,902.026056024506,625.5691360352753
,,,,902.026056024506,625.5691360352753
,,,,902.026056024506,625.5691360352753
,,,,902.026056024506,625.5691360352753
,,,,902.026056024506,625.5691360352753
,,,,902.026056024506,625.5691360352753
,,,,902.026056024506,625.5691360352753
,,,,902.026056024506,625.5691360352753
,,,,902.026056024506,625.5691360352753
,,,,902.026056024506,625.5691360352753
,,,,902.026056024506,625.5691360352753
,,,,902.026056024506,625.5691360352753
,,,,902.026056024506,625.5691360352753
,,,,902.026056024506,625.5691360352753
,,,,902.026056024506,625.5691360352753
,,,,902.026056024506,625.5691360352753
,,,,902.026056024506,625.5691360352753
,,,,902.026056024506,625.5691360352753
,,,,902.026056024506,625.5691360352753
,,,,902.026056024506,625.5691360352753
,,,,902.026056024506,625.5691360352753
,,,,0.0,0.0
,,,,902.026056024506,625.5691360352753
,,,,902.026056024506,625.5691360352753
,,,,902.026056024506,625.5691360352753
,,,,902.026056024506,625.5691360352753
,,,,902.026056024506,625.5691360352753
,,,,902.026056024506,625.5691360352753
,,,,902.026056024506,625.5691360352753
,,,,902.026056024506,625.5691360352753
,,,,902.026056024506,625.5691360352753
,,,,902.026056024506,625.5691360352753
,,,,902.026056024506,625.5691360352753
,,,,902.026056024506,625.5691360352753
,,,,0.0,0.0
,,,,902.026056024506,625.5691360352753
,,,,902.026056024506,625.5691360352753
,,,,902.026056024506,625.5691360352753
,,,,0.0,0.0
,,,,0.0,0.0
,,,,0.0,0.0
,,,,0.0,0.0
,,,,902.026056024506,625.5691360352753
,,,,902.026056024506,625.5691360352753
,,,,902.026056024506,625.5691360352753
,,,,902.026056024506,625.5691360352753
,,,,902.026056024506,625.5691360352753
,,,,902.026056024506,625.5691360352753
,,,,902.026056024506,625.5691360352753
,,,,902.026056024506,625.5691360352753
,,,,902.026056024506,625.5691360352753
,,,,902.026056024506,625.5691360352753
,,,,902.026056024506,625.5691360352753
,,,,902.026056024506,625.5691360352753
,,,,902.026056024506,625.5691360352753
,,,,902.026056024506,625.5691360352753
,,,,902.026056024506,625.5691360352753
,,,,902.026056024506,625.5691360352753
,,,,902.026056024506,625.5691360352753
,,,,902.026056024506,625.5691360352753
,,,,902.026056024506,625.5691360352753
,,,,902.026056024506,625.5691360352753
,,,,902.026056024506,625.5691360352753
,,,,902.026056024506,625.5691360352753
,,,,902.026056024506,625.5691360352753
,,,,902.026056024506,625.5691360352753
,,,,902.026056024506,625.5691360352753
,,,,902.026056024506,625.5691360352753
,,,,902.026056024506,625.5691360352753
,,,,902.026056024506,625.5691360352753
,,,,902.026056024506,625.5691360352753
,,,,902.026056024506,625.5691360352753
,,,,902.026056024506,625.5691360352753
,,,,902.026056024506,625.5691360352753
,,,,0.0,0.0
,,,,902.026056024506,625.5691360352753
,,,,902.026056024506,625.5691360352753
,,,,902.026056024506,625.5691360352753
,,,,902.026056024506,625.5691360352753
,,,,902.026056024506,625.5691360352753
,,,,902.026056024506,625.5691360352753
,,,,902.026056024506,625.5691360352753
,,,,902.026056024506,625.5691360352753
,,,,902.026056024506,625.5691360352753
,,,,902.026056024506,625.5691360352753
,,,,902.026056024506,625.5691360352753
,,,,902.026056024506,625.5691360352753
,,,,902.026056024506,625.5691360352753
,,,,902.026056024506,625.5691360352753
,,,,902.026056024506,625.5691360352753
,,,,902.026056024506,625.5691360352753
,,,,902.026056024506,625.5691360352753
,,,,0.0,0.0
,,,,902.026056024506,625.5691360352753
,,,,902.026056024506,625.5691360352753
,,,,902.026056024506,625.5691360352753
,,,,902.026056024506,625.5691360352753
,,,,902.026056024506,625.5691360352753
,,,,902.026056024506,625.5691360352753
,,,,902.026056024506,625.5691360352753
,,,,902.026056024506,625.5691360352753
,,,,902.026056024506,625.5691360352753
,,,,902.026056024506,625.5691360352753
,,,,902.026056024506,625.5691360352753
,,,,902.026056024506,625.5691360352753
,,,,902.026056024506,625.5691360352753
,,,,902.026056024506,625.5691360352753
,,,,902.026056024506,625.5691360352753
,,,,902.026056024506,625.5691360352753
,,,,902.026056024506,625.5691360352753
,,,,902.026056024506,625.5691360352753
,,,,902.026056024506,625.5691360352753
,,,,902.026056024506,625.5691360352753
,,,,902.026056024506,625.5691360352753
,,,,902.026056024506,625.5691360352753
,,,,902.026056024506,625.5691360352753
,,,,902.026056024506,625.5691360352753
,,,,902.026056024506,625.5691360352753
,,,,902.026056024506,625.5691360352753
,,,,902.026056024506,625.5691360352753
,,,,902.026056024506,625.5691360352753
,,,,902.026056024506,625.5691360352753
,,,,902.026056024506,625.5691360352753
,,,,902.026056024506,625.5691360352753
,,,,902.026056024506,625.5691360352753
,,,,902.026056024506,625.5691360352753
,,,,902.026056024506,625.5691360352753
,,,,902.026056024506,625.5691360352753
,,,,902.026056024506,625.5691360352753
,,,,902.026056024506,625.5691360352753
,,,,902.026056024506,625.5691360352753
,,,,902.026056024506,625.5691360352753
,,,,902.026056024506,625.5691360352753
,,,,902.026056024506,625.5691360352753
,,,,902.026056024506,625.5691360352753
,,,,902.026056024506,625.5691360352753
,,,,902.026056024506,625.5691360352753
,,,,902.026056024506,625.5691360352753
,,,,902.026056024506,625.5691360352753
,,,,902.026056024506,625.5691360352753
,,,,902.026056024506,625.5691360352753
,,,,902.026056024506,625.5691360352753
,,,,902.026056024506,625.5691360352753
,,,,902.026056024506,625.5691360352753
,,,,902.026056024506,625.5691360352753
,,,,0.0,0.0
,,,,0.0,0.0
,,,,0.0,0.0
,,,,902.026056024506,625.5691360352753
,,,,902.026056024506,625.5691360352753
,,,,902.026056024506,625.5691360352753
,,,,902.026056024506,625.5691360352753
,,,,902.026056024506,625.5691360352753
,,,,902.026056024506,625.5691360352753
,,,,902.026056024506,625.5691360352753
,,,,902.026056024506,625.5691360352753
,,,,902.026056024506,625.5691360352753
,,,,902.026056024506,625.5691360352753
,,,,902.026056024506,625.5691360352753
,,,,902.026056024506,625.5691360352753
,,,,902.026056024506,625.5691360352753
,,,,902.026056024506,625.5691360352753
,,,,902.026056024506,625.5691360352753
,,,,902.026056024506,625.5691360352753
,,,,902.026056024506,625.5691360352753
,,,,902.026056024506,625.5691360352753
,,,,902.026056024506,625.5691360352753
,,,,902.026056024506,625.5691360352753
,,,,902.026056024506,625.5691360352753
,,,,902.026056024506,625.5691360352753
,,,,902.026056024506,625.5691360352753
,,,,902.026056024506,625.5691360352753
,,,,902.026056024506,625.5691360352753
,,,,902.026056024506,625.5691360352753
,,,,902.026056024506,625.5691360352753
,,,,902.026056024506,625.5691360352753
,,,,902.026056024506,625.5691360352753
,,,,902.026056024506,625.5691360352753
,,,,902.026056024506,625.5691360352753
,,,,902.026056024506,625.5691360352753
,,,,902.026056024506,625.5691360352753
,,,,902.026056024506,625.5691360352753
,,,,902.026056024506,625.5691360352753
,,,,902.026056024506,625.5691360352753
,,,,902.026056024506,625.5691360352753
,,,,902.026056024506,625.5691360352753
,,,,902.026056024506,625.5691360352753
,,,,902.026056024506,625.5691360352753
,,,,902.026056024506,625.5691360352753
,,,,902.026056024506,625.5691360352753
,,,,902.026056024506,625.5691360352753
,,,,902.026056024506,625.5691360352753
,,,,902.026056024506,625.5691360352753
,,,,902.026056024506,625.5691360352753
,,,,902.026056024506,625.5691360352753
,,,,902.026056024506,625.5691360352753
,,,,902.026056024506,625.5691360352753
,,,,902.026056024506,625.5691360352753
,,,,902.026056024506,625.5691360352753
,,,,902.026056024506,625.5691360352753
,,,,902.026056024506,625.5691360352753
,,,,902.026056024506,625.5691360352753
,,,,902.026056024506,625.5691360352753
,,,,902.026056024506,625.5691360352753
,,,,902.026056024506,625.5691360352753
,,,,902.026056024506,625.5691360352753
,,,,902.026056024506,625.5691360352753
,,,,902.026056024506,625.5691360352753
,,,,902.026056024506,625.5691360352753
,,,,902.026056024506,625.5691360352753
,,,,0.0,0.0
,,,,0.0,0.0
,,,,0.0,0.0
,,,,0.0,0.0
,,,,0.0,0.0
,,,,0.0,0.0
,,,,902.026056024506,625.5691360352753
,,,,0.0,0.0
,,,,0.0,0.0
,,,,0.0,0.0
,,,,902.026056024506,625.5691360352753
,,,,902.026056024506,625.5691360352753
,,,,902.026056024506,625.5691360352753
,,,,902.026056024506,625.5691360352753
,,,,902.026056024506,625.5691360352753
,,,,902.026056024506,625.5691360352753
,,,,902.026056024506,625.5691360352753
,,,,902.026056024506,625.5691360352753
,,,,902.026056024506,625.5691360352753
,,,,902.026056024506,625.5691360352753
,,,,902.026056024506,625.5691360352753
,,,,902.026056024506,625.5691360352753
,,,,902.026056024506,625.5691360352753
,,,,902.026056024506,625.5691360352753
,,,,902.026056024506,625.5691360352753
,,,,902.026056024506,625.5691360352753
,,,,902.026056024506,625.5691360352753
,,,,902.026056024506,625.5691360352753
,,,,902.026056024506,625.5691360352753
,,,,902.026056024506,625.5691360352753
,,,,902.026056024506,625.5691360352753
,,,,902.026056024506,625.5691360352753
,,,,902.026056024506,625.5691360352753
,,,,902.026056024506,625.5691360352753
,,,,-9999.99,-9999.99
,,,,902.026056024506,625.5691360352753
,,,,0.0,0.0
,,,,902.026056024506,625.5691360352753
,,,,902.026056024506,625.5691360352753
,,,,902.026056024506,625.5691360352753
,,,,902.026056024506,625.5691360352753
,,,,902.026056024506,625.5691360352753
,,,,902.026056024506,625.5691360352753
,,,,902.026056024506,625.5691360352753
,,,,902.026056024506,625.5691360352753
,,,,902.026056024506,625.5691360352753
,,,,0.0,0.0
,,,,902.026056024506,625.5691360352753
,,,,902.026056024506,625.5691360352753
,,,,902.026056024506,625.5691360352753
,,,,902.026056024506,625.5691360352753
,,,,0.0,0.0
,,,,902.026056024506,625.5691360352753
,,,,902.026056024506,625.5691360352753
,,,,902.026056024506,625.5691360352753
,,,,902.026056024506,625.5691360352753
,,,,902.026056024506,625.5691360352753
,,,,0.0,0.0
,,,,0.0,0.0
,,,,0.0,0.0
,,,,0.0,0.0
,,,,0.0,0.0
,,,,0.0,0.0
,,,,0.0,0.0
,,,,0.0,0.0
,,,,0.0,0.0
,,,,0.0,0.0
,,,,0.0,0.0
,,,,0.0,0.0
,,,,0.0,0.0
,,,,0.0,0.0
,,,,0.0,0.0
,,,,0.0,0.0
,,,,0.0,0.0
,,,,0.0,0.0
,,,,0.0,0.0
,,,,0.0,0.0
,,,,0.0,0.0
,,,,0.0,0.0
,,,,0.0,0.0
,,,,0.0,0.0
,,,,0.0,0.0
,,,,0.0,0.0
,,,,0.0,0.0
,,,,0.0,0.0
,,,,0.0,0.0
,,,,0.0,0.0
,,,,0.0,0.0
,,,,0.0,0.0
,,,,0.0,0.0
,,,,0.0,0.0
,,,,0.0,0.0
,,,,0.0,0.0
,,,,0.0,0.0
,,,,0.0,0.0
,,,,0.0,0.0
,,,,0.0,0.0
,,,,0.0,0.0
,,,,0.0,0.0
,,,,0.0,0.0
,,,,0.0,0.0
,,,,0.0,0.0
,,,,0.0,0.0
,,,,0.0,0.0
,,,,0.0,0.0
,,,,0.0,0.0
,,,,0.0,0.0
,,,,0.0,0.0
,,,,0.0,0.0
,,,,0.0,0.0
,,,,0.0,0.0
,,,,0.0,0.0
,,,,0.0,0.0
,,,,0.0,0.0
,,,,0.0,0.0
,,,,0.0,0.0
,,,,0.0,0.0
,,,,0.0,0.0
,,,,0.0,0.0
,,,,0.0,0.0
,,,,0.0,0.0
,,,,0.0,0.0
,,,,0.0,0.0
,,,,0.0,0.0
,,,,0.0,0.0
,,,,0.0,0.0
,,,,0.0,0.0
,,,,0.0,0.0
,,,,0.0,0.0
,,,,0.0,0.0
,,,,0.0,0.0
,,,,0.0,0.0
,,,,0.0,0.0
,,,,0.0,0.0
,,,,0.0,0.0
,,,,0.0,0.0
,,,,0.0,0.0
,,,,0.0,0.0
,,,,0.0,0.0
,,,,0.0,0.0
,,,,0.0,0.0
,,,,0.0,0.0
,,,,0.0,0.0
,,,,0.0,0.0
,,,,0.0,0.0
,,,,0.0,0.0
,,,,0.0,0.0
,,,,0.0,0.0
,,,,0.0,0.0
,,,,0.0,0.0
,,,,0.0,0.0
,,,,0.0,0.0
,,,,0.0,0.0
,,,,0.0,0.0
,,,,0.0,0.0
,,,,0.0,0.0
,,,,0.0,0.0
,,,,0.0,0.0
,,,,0.0,0.0
,,,,0.0,0.0
,,,,0.0,0.0
,,,,0.0,0.0
,,,,0.0,0.0
,,,,0.0,0.0
,,,,0.0,0.0
,,,,0.0,0.0
,,,,0.0,0.0
,,,,0.0,0.0
,,,,0.0,0.0
,,,,0.0,0.0
,,,,0.0,0.0
,,,,0.0,0.0
,,,,0.0,0.0
,,,,0.0,0.0
,,,,0.0,0.0
,,,,0.0,0.0
,,,,0.0,0.0
,,,,0.0,0.0
,,,,0.0,0.0
,,,,0.0,0.0
,,,,0.0,0.0
,,,,0.0,0.0
,,,,0.0,0.0
,,,,0.0,0.0
,,,,0.0,0.0
,,,,0.0,0.0
,,,,0.0,0.0
,,,,0.0,0.0
,,,,0.0,0.0
,,,,0.0,0.0
,,,,0.0,0.0
,,,,0.0,0.0
,,,,0.0,0.0
,,,,0.0,0.0
,,,,0.0,0.0
,,,,0.0,0.0
,,,,0.0,0.0
,,,,0.0,0.0
,,,,0.0,0.0
,,,,0.0,0.0
,,,,0.0,0.0
,,,,0.0,0.0
,,,,869.2254371491141,590.8273266633482
,,,,869.2254371491141,590.8273266633482
,,,,869.2254371491141,590.8273266633482
,,,,869.2254371491141,590.8273266633482
,,,,869.2254371491141,590.8273266633482
,,,,869.2254371491141,590.8273266633482
,,,,869.2254371491141,590.8273266633482
,,,,869.2254371491141,590.8273266633482
,,,,869.2254371491141,590.8273266633482
,,,,869.2254371491141,590.8273266633482
,,,,869.2254371491141,590.8273266633482
,,,,869.2254371491141,590.8273266633482
,,,,869.2254371491141,590.8273266633482
,,,,869.2254371491141,590.8273266633482
,,,,869.2254371491141,590.8273266633482
,,,,869.2254371491141,590.8273266633482
,,,,869.2254371491141,590.8273266633482
,,,,869.2254371491141,590.8273266633482
,,,,869.2254371491141,590.8273266633482
,,,,869.2254371491141,590.8273266633482
,,,,869.2254371491141,590.8273266633482
,,,,869.2254371491141,590.8273266633482
,,,,869.2254371491141,590.8273266633482
,,,,869.2254371491141,590.8273266633482
,,,,869.2254371491141,590.8273266633482
,,,,869.2254371491141,590.8273266633482
,,,,869.2254371491141,590.8273266633482
,,,,869.2254371491141,590.8273266633482
,,,,869.2254371491141,590.8273266633482
,,,,869.2254371491141,590.8273266633482
,,,,869.2254371491141,590.8273266633482
,,,,869.2254371491141,590.8273266633482
,,,,869.2254371491141,590.8273266633482
,,,,869.2254371491141,590.8273266633482
,,,,869.2254371491141,590.8273266633482
,,,,869.2254371491141,590.8273266633482
,,,,869.2254371491141,590.8273266633482
,,,,0.0,0.0
,,,,869.2254371491141,590.8273266633482
,,,,869.2254371491141,590.8273266633482
,,,,869.2254371491141,590.8273266633482
,,,,0.0,0.0
,,,,869.2254371491141,590.8273266633482
,,,,869.2254371491141,590.8273266633482
,,,,869.2254371491141,590.8273266633482
,,,,869.2254371491141,590.8273266633482
,,,,869.2254371491141,590.8273266633482
,,,,869.2254371491141,590.8273266633482
,,,,869.2254371491141,590.8273266633482
,,,,869.2254371491141,590.8273266633482
,,,,869.2254371491141,590.8273266633482
,,,,869.2254371491141,590.8273266633482
,,,,869.2254371491141,590.8273266633482
,,,,869.2254371491141,590.8273266633482
,,,,869.2254371491141,590.8273266633482
,,,,869.2254371491141,590.8273266633482
,,,,869.2254371491141,590.8273266633482
,,,,869.2254371491141,590.8273266633482
,,,,0.0,0.0
,,,,869.2254371491141,590.8273266633482
,,,,869.2254371491141,590.8273266633482
,,,,869.2254371491141,590.8273266633482
,,,,869.2254371491141,590.8273266633482
,,,,869.2254371491141,590.8273266633482
,,,,869.2254371491141,590.8273266633482
,,,,869.2254371491141,590.8273266633482
,,,,869.2254371491141,590.8273266633482
,,,,869.2254371491141,590.8273266633482
,,,,869.2254371491141,590.8273266633482
,,,,869.2254371491141,590.8273266633482
,,,,869.2254371491141,590.8273266633482
,,,,869.2254371491141,590.8273266633482
,,,,869.2254371491141,590.8273266633482
,,,,869.2254371491141,590.8273266633482
,,,,869.2254371491141,590.8273266633482
,,,,869.2254371491141,590.8273266633482
,,,,869.2254371491141,590.8273266633482
,,,,869.2254371491141,590.8273266633482
,,,,869.2254371491141,590.8273266633482
,,,,869.2254371491141,590.8273266633482
,,,,869.2254371491141,590.8273266633482
,,,,869.2254371491141,590.8273266633482
,,,,869.2254371491141,590.8273266633482
,,,,869.2254371491141,590.8273266633482
,,,,869.2254371491141,590.8273266633482
,,,,869.2254371491141,590.8273266633482
,,,,869.2254371491141,590.8273266633482
,,,,869.2254371491141,590.8273266633482
,,,,869.2254371491141,590.8273266633482
,,,,869.2254371491141,590.8273266633482
,,,,869.2254371491141,590.8273266633482
,,,,869.2254371491141,590.8273266633482
,,,,869.2254371491141,590.8273266633482
,,,,869.2254371491141,590.8273266633482
,,,,0.0,0.0
,,,,869.2254371491141,590.8273266633482
,,,,869.2254371491141,590.8273266633482
,,,,-9999.99,-9999.99
,,,,869.2254371491141,590.8273266633482
,,,,0.0,0.0
,,,,869.2254371491141,590.8273266633482
,,,,0.0,0.0
,,,,869.2254371491141,590.8273266633482
,,,,869.2254371491141,590.8273266633482
,,,,-9999.99,-9999.99
,,,,0.0,0.0
,,,,0.0,0.0
,,,,869.2254371491141,590.8273266633482
,,,,869.2254371491141,590.8273266633482
,,,,869.2254371491141,590.8273266633482
,,,,869.2254371491141,590.8273266633482
,,,,-9999.99,-9999.99
,,,,0.0,0.0
,,,,0.0,0.0
,,,,0.0,0.0
,,,,869.2254371491141,590.8273266633482
,,,,869.2254371491141,590.8273266633482
,,,,869.2254371491141,590.8273266633482
,,,,869.2254371491141,590.8273266633482
,,,,869.2254371491141,590.8273266633482
,,,,0.0,0.0
,,,,869.2254371491141,590.8273266633482
,,,,869.2254371491141,590.8273266633482
,,,,869.2254371491141,590.8273266633482
,,,,869.2254371491141,590.8273266633482
,,,,869.2254371491141,590.8273266633482
,,,,869.2254371491141,590.8273266633482
,,,,869.2254371491141,590.8273266633482
,,,,869.2254371491141,590.8273266633482
,,,,869.2254371491141,590.8273266633482
,,,,869.2254371491141,590.8273266633482
,,,,869.2254371491141,590.8273266633482
,,,,869.2254371491141,590.8273266633482
,,,,869.2254371491141,590.8273266633482
,,,,869.2254371491141,590.8273266633482
,,,,869.2254371491141,590.8273266633482
,,,,869.2254371491141,590.8273266633482
,,,,869.2254371491141,590.8273266633482
,,,,869.2254371491141,590.8273266633482
,,,,869.2254371491141,590.8273266633482
,,,,869.2254371491141,590.8273266633482
,,,,869.2254371491141,590.8273266633482
,,,,869.2254371491141,590.8273266633482
,,,,869.2254371491141,590.8273266633482
,,,,869.2254371491141,590.8273266633482
,,,,869.2254371491141,590.8273266633482
,,,,869.2254371491141,590.8273266633482
,,,,869.2254371491141,590.8273266633482
,,,,869.2254371491141,590.8273266633482
,,,,869.2254371491141,590.8273266633482
,,,,869.2254371491141,590.8273266633482
,,,,869.2254371491141,590.8273266633482
,,,,869.2254371491141,590.8273266633482
,,,,869.2254371491141,590.8273266633482
,,,,869.2254371491141,590.8273266633482
,,,,869.2254371491141,590.8273266633482
,,,,869.2254371491141,590.8273266633482
,,,,869.2254371491141,590.8273266633482
,,,,869.2254371491141,590.8273266633482
,,,,869.2254371491141,590.8273266633482
,,,,869.2254371491141,590.8273266633482
,,,,869.2254371491141,590.8273266633482
,,,,869.2254371491141,590.8273266633482
,,,,873.2799212420778,591.243199619918
,,,,873.2799212420778,591.243199619918
,,,,873.2799212420778,591.243199619918
,,,,873.2799212420778,591.243199619918
,,,,873.2799212420778,591.243199619918
,,,,873.2799212420778,591.243199619918
,,,,873.2799212420778,591.243199619918
,,,,873.2799212420778,591.243199619918
,,,,873.2799212420778,591.243199619918
,,,,873.2799212420778,591.243199619918
,,,,873.2799212420778,591.243199619918
,,,,873.2799212420778,591.243199619918
,,,,873.2799212420778,591.243199619918
,,,,873.2799212420778,591.243199619918
,,,,873.2799212420778,591.243199619918
,,,,873.2799212420778,591.243199619918
,,,,873.2799212420778,591.243199619918
,,,,873.2799212420778,591.243199619918
,,,,873.2799212420778,591.243199619918
,,,,873.2799212420778,591.243199619918
,,,,873.2799212420778,591.243199619918
,,,,873.2799212420778,591.243199619918
,,,,873.2799212420778,591.243199619918
,,,,873.2799212420778,591.243199619918
,,,,873.2799212420778,591.243199619918
,,,,873.2799212420778,591.243199619918
,,,,873.2799212420778,591.243199619918
,,,,873.2799212420778,591.243199619918
,,,,873.2799212420778,591.243199619918
,,,,873.2799212420778,591.243199619918
,,,,873.2799212420778,591.243199619918
,,,,873.2799212420778,591.243199619918
,,,,873.2799212420778,591.243199619918
,,,,873.2799212420778,591.243199619918
,,,,873.2799212420778,591.243199619918
,,,,873.2799212420778,591.243199619918
,,,,873.2799212420778,591.243199619918
,,,,873.2799212420778,591.243199619918
,,,,873.2799212420778,591.243199619918
,,,,873.2799212420778,591.243199619918
,,,,873.2799212420778,591.243199619918
,,,,873.2799212420778,591.243199619918
,,,,873.2799212420778,591.243199619918
,,,,873.2799212420778,591.243199619918
,,,,873.2799212420778,591.243199619918
,,,,873.2799212420778,591.243199619918
,,,,873.2799212420778,591.243199619918
,,,,873.2799212420778,591.243199619918
,,,,873.2799212420778,591.243199619918
,,,,873.2799212420778,591.243199619918
,,,,873.2799212420778,591.243199619918
,,,,873.2799212420778,591.243199619918
,,,,873.2799212420778,591.243199619918
,,,,873.2799212420778,591.243199619918
,,,,873.2799212420778,591.243199619918
,,,,873.2799212420778,591.243199619918
,,,,873.2799212420778,591.243199619918
,,,,873.2799212420778,591.243199619918
,,,,873.2799212420778,591.243199619918
,,,,873.2799212420778,591.243199619918
,,,,873.2799212420778,591.243199619918
,,,,873.2799212420778,591.243199619918
,,,,873.2799212420778,591.243199619918
,,,,873.2799212420778,591.243199619918
,,,,873.2799212420778,591.243199619918
,,,,873.2799212420778,591.243199619918
,,,,873.2799212420778,591.243199619918
,,,,873.2799212420778,591.243199619918
,,,,873.2799212420778,591.243199619918
,,,,873.2799212420778,591.243199619918
,,,,873.2799212420778,591.243199619918
,,,,873.2799212420778,591.243199619918
,,,,0.0,0.0
,,,,873.2799212420778,591.243199619918
,,,,873.2799212420778,591.243199619918
,,,,873.2799212420778,591.243199619918
,,,,873.2799212420778,591.243199619918
,,,,873.2799212420778,591.243199619918
,,,,873.2799212420778,591.243199619918
,,,,873.2799212420778,591.243199619918
,,,,873.2799212420778,591.243199619918
,,,,873.2799212420778,591.243199619918
,,,,873.2799212420778,591.243199619918
,,,,873.2799212420778,591.243199619918
,,,,873.2799212420778,591.243199619918
,,,,873.2799212420778,591.243199619918
,,,,873.2799212420778,591.243199619918
,,,,873.2799212420778,591.243199619918
,,,,873.2799212420778,591.243199619918
,,,,873.2799212420778,591.243199619918
,,,,0.0,0.0
,,,,0.0,0.0
,,,,873.2799212420778,591.243199619918
,,,,873.2799212420778,591.243199619918
,,,,873.2799212420778,591.243199619918
,,,,873.2799212420778,591.243199619918
,,,,873.2799212420778,591.243199619918
,,,,873.2799212420778,591.243199619918
,,,,0.0,0.0
,,,,873.2799212420778,591.243199619918
,,,,873.2799212420778,591.243199619918
,,,,873.2799212420778,591.243199619918
,,,,0.0,0.0
,,,,873.2799212420778,591.243199619918
,,,,873.2799212420778,591.243199619918
,,,,873.2799212420778,591.243199619918
,,,,873.2799212420778,591.243199619918
,,,,873.2799212420778,591.243199619918
,,,,873.2799212420778,591.243199619918
,,,,873.2799212420778,591.243199619918
,,,,0.0,0.0
,,,,873.2799212420778,591.243199619918
,,,,873.2799212420778,591.243199619918
,,,,873.2799212420778,591.243199619918
,,,,873.2799212420778,591.243199619918
,,,,873.2799212420778,591.243199619918
,,,,873.2799212420778,591.243199619918
,,,,873.2799212420778,591.243199619918
,,,,0.0,0.0
,,,,0.0,0.0
,,,,873.2799212420778,591.243199619918
,,,,873.2799212420778,591.243199619918
,,,,873.2799212420778,591.243199619918
,,,,0.0,0.0
,,,,0.0,0.0
,,,,0.0,0.0
,,,,0.0,0.0
,,,,0.0,0.0
,,,,0.0,0.0
,,,,0.0,0.0
,,,,0.0,0.0
,,,,0.0,0.0
,,,,0.0,0.0
,,,,0.0,0.0
,,,,0.0,0.0
,,,,0.0,0.0
,,,,873.2799212420778,591.243199619918
,,,,873.2799212420778,591.243199619918
,,,,873.2799212420778,591.243199619918
,,,,873.2799212420778,591.243199619918
,,,,873.2799212420778,591.243199619918
,,,,873.2799212420778,591.243199619918
,,,,873.2799212420778,591.243199619918
,,,,873.2799212420778,591.243199619918
,,,,873.2799212420778,591.243199619918
,,,,873.2799212420778,591.243199619918
,,,,873.2799212420778,591.243199619918
,,,,873.2799212420778,591.243199619918
,,,,0.0,0.0
,,,,873.2799212420778,591.243199619918
,,,,873.2799212420778,591.243199619918
,,,,873.2799212420778,591.243199619918
,,,,873.2799212420778,591.243199619918
,,,,873.2799212420778,591.243199619918
,,,,873.2799212420778,591.243199619918
,,,,873.2799212420778,591.243199619918
,,,,873.2799212420778,591.243199619918
,,,,873.2799212420778,591.243199619918
,,,,873.2799212420778,591.243199619918
,,,,873.2799212420778,591.243199619918
,,,,873.2799212420778,591.243199619918
,,,,873.2799212420778,591.243199619918
,,,,873.2799212420778,591.243199619918
,,,,873.2799212420778,591.243199619918
,,,,873.2799212420778,591.243199619918
,,,,873.2799212420778,591.243199619918
,,,,873.2799212420778,591.243199619918
,,,,873.2799212420778,591.243199619918
,,,,873.2799212420778,591.243199619918
,,,,873.2799212420778,591.243199619918
,,,,873.2799212420778,591.243199619918
,,,,873.2799212420778,591.243199619918
,,,,873.2799212420778,591.243199619918
,,,,873.2799212420778,591.243199619918
,,,,873.2799212420778,591.243199619918
,,,,873.2799212420778,591.243199619918
,,,,873.2799212420778,591.243199619918
,,,,873.2799212420778,591.243199619918
,,,,873.2799212420778,591.243199619918
,,,,873.2799212420778,591.243199619918
,,,,873.2799212420778,591.243199619918
,,,,873.2799212420778,591.243199619918
,,,,873.2799212420778,591.243199619918
,,,,873.2799212420778,591.243199619918
,,,,873.2799212420778,591.243199619918
,,,,873.2799212420778,591.243199619918
,,,,873.2799212420778,591.243199619918
,,,,873.2799212420778,591.243199619918
,,,,873.2799212420778,591.243199619918
,,,,873.2799212420778,591.243199619918
,,,,873.2799212420778,591.243199619918
,,,,873.2799212420778,591.243199619918
,,,,873.2799212420778,591.243199619918
,,,,873.2799212420778,591.243199619918
,,,,873.2799212420778,591.243199619918
,,,,873.2799212420778,591.243199619918
,,,,873.2799212420778,591.243199619918
,,,,0.0,0.0
,,,,0.0,0.0
,,,,0.0,0.0
,,,,0.0,0.0
,,,,0.0,0.0
,,,,0.0,0.0
,,,,0.0,0.0
,,,,0.0,0.0
,,,,906.1043342781352,596.6095042315828
,,,,906.1043342781352,596.6095042315828
,,,,906.1043342781352,596.6095042315828
,,,,906.1043342781352,596.6095042315828
,,,,906.1043342781352,596.6095042315828
,,,,906.1043342781352,596.6095042315828
,,,,906.1043342781352,596.6095042315828
,,,,906.1043342781352,596.6095042315828
,,,,905.1749412814804,596.1462413733275
,,,,905.1749412814804,596.1462413733275
,,,,905.1749412814804,596.1462413733275
,,,,905.1749412814804,596.1462413733275
,,,,905.1749412814804,596.1462413733275
,,,,905.1749412814804,596.1462413733275
,,,,905.1749412814804,596.1462413733275
,,,,905.1749412814804,596.1462413733275
,,,,897.6833732290136,626.989784341818
,,,,897.6833732290136,626.989784341818
,,,,897.6833732290136,626.989784341818
,,,,897.6833732290136,626.989784341818
,,,,897.6833732290136,626.989784341818
,,,,897.6833732290136,626.989784341818
,,,,897.6833732290136,626.989784341818
,,,,897.6833732290136,626.989784341818
,,,,897.6833732290136,626.989784341818
,,,,897.6833732290136,626.989784341818
,,,,897.6833732290136,626.989784341818
,,,,897.6833732290136,626.989784341818
,,,,897.6833732290136,626.989784341818
,,,,900.2362110052164,623.9247719810983
,,,,900.2362110052164,623.9247719810983
,,,,900.2362110052164,623.9247719810983
,,,,900.2362110052164,623.9247719810983
,,,,900.2362110052164,623.9247719810983
,,,,900.2362110052164,623.9247719810983
,,,,900.2362110052164,623.9247719810983
,,,,900.2362110052164,623.9247719810983
,,,,900.2362110052164,623.9247719810983
,,,,900.2362110052164,623.9247719810983
,,,,900.2362110052164,623.9247719810983
,,,,900.2362110052164,623.9247719810983
,,,,900.2362110052164,623.9247719810983
,,,,900.2362110052164,623.9247719810983
,,,,900.2362110052164,623.9247719810983
,,,,900.2362110052164,623.9247719810983
,,,,900.2362110052164,623.9247719810983
,,,,900.2362110052164,623.9247719810983
,,,,900.2362110052164,623.9247719810983
,,,,900.2362110052164,623.9247719810983
,,,,900.2362110052164,623.9247719810983
,,,,900.2362110052164,623.9247719810983
,,,,0.0,0.0
,,,,900.2362110052164,623.9247719810983
,,,,900.2362110052164,623.9247719810983
,,,,900.2362110052164,623.9247719810983
,,,,900.2362110052164,623.9247719810983
,,,,900.2362110052164,623.9247719810983
,,,,900.2362110052164,623.9247719810983
,,,,900.2362110052164,623.9247719810983
,,,,900.2362110052164,623.9247719810983
,,,,900.2362110052164,623.9247719810983
,,,,900.2362110052164,623.9247719810983
,,,,900.2362110052164,623.9247719810983
,,,,900.2362110052164,623.9247719810983
,,,,900.2362110052164,623.9247719810983
,,,,900.2362110052164,623.9247719810983
,,,,900.2362110052164,623.9247719810983
,,,,900.2362110052164,623.9247719810983
,,,,900.2362110052164,623.9247719810983
,,,,900.2362110052164,623.9247719810983
,,,,900.2362110052164,623.9247719810983
,,,,900.2362110052164,623.9247719810983
,,,,900.2362110052164,623.9247719810983
,,,,900.2362110052164,623.9247719810983
,,,,900.2362110052164,623.9247719810983
,,,,900.2362110052164,623.9247719810983
,,,,900.2362110052164,623.9247719810983
,,,,900.2362110052164,623.9247719810983
,,,,900.2362110052164,623.9247719810983
,,,,900.2362110052164,623.9247719810983
,,,,900.2362110052164,623.9247719810983
,,,,900.2362110052164,623.9247719810983
,,,,900.2362110052164,623.9247719810983
,,,,900.2362110052164,623.9247719810983
,,,,900.2362110052164,623.9247719810983
,,,,900.2362110052164,623.9247719810983
,,,,900.2362110052164,623.9247719810983
,,,,900.2362110052164,623.9247719810983
,,,,0.0,0.0
,,,,900.2362110052164,623.9247719810983
,,,,900.2362110052164,623.9247719810983
,,,,900.2362110052164,623.9247719810983
,,,,900.2362110052164,623.9247719810983
,,,,900.2362110052164,623.9247719810983
,,,,900.2362110052164,623.9247719810983
,,,,900.2362110052164,623.9247719810983
,,,,900.2362110052164,623.9247719810983
,,,,900.2362110052164,623.9247719810983
,,,,900.2362110052164,623.9247719810983
,,,,900.2362110052164,623.9247719810983
,,,,900.2362110052164,623.9247719810983
,,,,900.2362110052164,623.9247719810983
,,,,900.2362110052164,623.9247719810983
,,,,900.2362110052164,623.9247719810983
,,,,900.2362110052164,623.9247719810983
,,,,900.2362110052164,623.9247719810983
,,,,900.2362110052164,623.9247719810983
,,,,900.2362110052164,623.9247719810983
,,,,900.2362110052164,623.9247719810983
,,,,900.2362110052164,623.9247719810983
,,,,900.2362110052164,623.9247719810983
,,,,900.2362110052164,623.9247719810983
,,,,-9999.99,-9999.99
,,,,900.2362110052164,623.9247719810983
,,,,900.2362110052164,623.9247719810983
,,,,-9999.99,-9999.99
,,,,900.2362110052164,623.9247719810983
,,,,900.2362110052164,623.9247719810983
,,,,900.2362110052164,623.9247719810983
,,,,900.2362110052164,623.9247719810983
,,,,900.2362110052164,623.9247719810983
,,,,900.2362110052164,623.9247719810983
,,,,900.2362110052164,623.9247719810983
,,,,900.2362110052164,623.9247719810983
,,,,900.2362110052164,623.9247719810983
,,,,0.0,0.0
,,,,0.0,0.0
,,,,0.0,0.0
,,,,0.0,0.0
,,,,0.0,0.0
,,,,0.0,0.0
,,,,0.0,0.0
,,,,0.0,0.0
,,,,0.0,0.0
,,,,0.0,0.0
