jds,mags,magerrs,0,Residual X,Residual Y
2458724.7136169,11.196737025492293,0.2442905413039596,,934.9911397819204,743.8028396870322
2458736.65498843,11.020889526124535,0.2718551130792504,,934.9911397819204,743.8028396870322
2458748.649542825,10.790759065722417,0.2064439057710326,,934.9911397819204,743.8028396870322
2458764.61148148,10.494408893392444,0.14896080859825148,,934.9911397819204,743.8028396870322
2458967.9910706,11.200011430324057,0.23131769368070432,,934.9911397819204,743.8028396870322
2458972.97744213,11.218599257053421,0.26976762793421905,,934.9911397819204,743.8028396870322
2458975.96744213,11.106821448084954,0.21075372966081615,,934.9911397819204,743.8028396870322
2458976.96690972,11.107532420548038,0.19426378001647593,,934.9911397819204,743.8028396870322
2458984.94256366,11.296037137077107,0.33098068563954647,,934.9911397819204,743.8028396870322
2458986.938628475,11.239814609352877,0.23714305809262254,,934.9911397819204,743.8028396870322
2458987.97287616,11.213009415385615,0.24199665009003227,,934.9911397819204,743.8028396870322
2458996.916429395,11.700956870736507,0.31484792581941473,,934.9911397819204,743.8028396870322
2459052.80740741,11.278940318080062,0.2467935067540869,,934.9911397819204,743.8028396870322
2459064.701574075,10.812594219077276,0.15019673139965287,,934.9911397819204,743.8028396870322
2459068.692546295,10.64893707506579,0.14455562802391458,,934.9911397819204,743.8028396870322
2459071.69409722,10.471467842723948,0.15685519868392864,,934.9911397819204,743.8028396870322
2459072.68978009,10.450055220750967,0.10600709751646621,,934.9911397819204,743.8028396870322
2459073.747824075,10.348438656278084,0.1040880946371467,,934.9911397819204,743.8028396870322
2459075.685185185,10.188133867280667,0.0994040156818124,,934.9911397819204,743.8028396870322
2459076.68614583,10.281343304185343,0.10604513312567919,,934.9911397819204,743.8028396870322
2459077.68320602,10.209223348631596,0.09247053257836323,,934.9911397819204,743.8028396870322
2459078.68229167,10.472310534410243,0.1792739775376982,,934.9911397819204,743.8028396870322
2459079.67878472,10.242421003738638,0.08630739390742104,,934.9911397819204,743.8028396870322
2459080.67398148,10.20018996689961,0.07699652092954411,,934.9911397819204,743.8028396870322
2459081.675127315,10.2036153304064,0.11245974990330361,,934.9911397819204,743.8028396870322
2459082.67136574,10.138009672585204,0.08496169859025732,,934.9911397819204,743.8028396870322
2459091.69951389,10.078245956521236,0.1116339947362621,,934.9911397819204,743.8028396870322
2459092.64939815,9.964778761406055,0.0700266775952569,,934.9911397819204,743.8028396870322
2459093.69671296,9.991541032545586,0.07914473506382322,,934.9911397819204,743.8028396870322
2459094.69283565,9.924231075517087,0.059075689000426215,,0.0,0.0
2459095.68958333,9.974313072720129,0.07068396564683674,,934.9911397819204,743.8028396870322
2459096.685555555,9.918298090511668,0.06839852293174713,,934.9911397819204,743.8028396870322
2459097.686006945,9.909814718343599,0.06231058931309205,,934.9911397819204,743.8028396870322
2459098.682118055,9.85451655245608,0.06657047264807735,,934.9911397819204,743.8028396870322
2459106.659502315,9.720545941654558,0.05979889039354654,,934.9911397819204,743.8028396870322
2459107.65837963,9.802635058249395,0.06697565000087147,,934.9911397819204,743.8028396870322
2459109.65115741,9.844227322058034,0.053495285676401085,,934.9911397819204,743.8028396870322
2459110.646828705,9.784401662713908,0.051662434568896895,,934.9911397819204,743.8028396870322
2459111.64796296,9.790781474026906,0.0578334660774594,,934.9911397819204,743.8028396870322
2459112.64412037,9.794701594674693,0.056668262947308506,,934.9911397819204,743.8028396870322
2459113.64090278,9.782896192098722,0.05003331802387316,,934.9911397819204,743.8028396870322
2459118.627118055,9.745597876265219,0.053692522350627984,,934.9911397819204,743.8028396870322
2459119.623425925,9.708777789165696,0.05853762550079131,,934.9911397819204,743.8028396870322
2459120.623136575,9.781964344933902,0.04765246329108628,,-9999.99,-9999.99
2459121.619247685,9.798341383660789,0.05650713870954551,,934.9911397819204,743.8028396870322
2459122.61675926,9.67395211329579,0.04300060269435179,,934.9911397819204,743.8028396870322
2459123.61309028,9.628969028092738,0.05174843112370332,,934.9911397819204,743.8028396870322
2459124.60896991,9.709224352641177,0.05110064895382505,,934.9911397819204,743.8028396870322
2459125.60962963,9.715734141497094,0.04929479690446611,,934.9911397819204,743.8028396870322
2459126.608449075,9.65644753905144,0.04028677520348943,,934.9911397819204,743.8028396870322
2459128.60197917,9.648099607060697,0.04556262379574765,,934.9911397819204,743.8028396870322
2459130.60059028,9.695821701012408,0.0471406930380007,,934.9911397819204,743.8028396870322
2459132.596689815,9.631856097244643,0.052939306151851745,,934.9911397819204,743.8028396870322
2459134.59452546,9.698160051745033,0.051418145708468074,,934.9911397819204,743.8028396870322
2459135.59204861,9.681377176373275,0.05673505566470945,,934.9911397819204,743.8028396870322
2459136.591886575,9.646995754532423,0.04641495187464243,,934.9911397819204,743.8028396870322
2459137.58989583,9.683358801219192,0.04848969809551705,,934.9911397819204,743.8028396870322
2459138.58989583,9.70008154700967,0.05171688242232923,,934.9911397819204,743.8028396870322
2459139.58920139,9.704117641056666,0.05399799969344186,,934.9911397819204,743.8028396870322
2459140.58922454,9.663222524251937,0.05817747000981263,,0.0,0.0
2459141.58861111,9.608345177532486,0.0649846560523328,,934.9911397819204,743.8028396870322
2459276.02527778,9.466681673522544,0.05586593512340298,,934.9911397819204,743.8028396870322
2459277.02208333,9.452957244397759,0.056722414651712814,,934.9911397819204,743.8028396870322
2459283.008391205,9.377513577326974,0.062095926883617945,,934.9911397819204,743.8028396870322
2459292.999050925,9.541913763506852,0.06046547326141862,,934.9911397819204,743.8028396870322
2459295.97321759,9.478825478931022,0.06032956673857314,,934.9911397819204,743.8028396870322
2459301.95609954,9.577408309391581,0.06831337841050326,,934.9911397819204,743.8028396870322
2459302.95875,9.456439685496825,0.06070620308402805,,934.9911397819204,743.8028396870322
2459304.953854165,9.470441014855197,0.06122689867233258,,934.9911397819204,743.8028396870322
2459309.93603009,9.559913682137152,0.06441250274425632,,934.9911397819204,743.8028396870322
2459310.93241898,9.53134137579012,0.06534710752651873,,934.9911397819204,743.8028396870322
2459311.929189815,9.528914461039586,0.05833036167630999,,934.9911397819204,743.8028396870322
2459312.924814815,9.553173784001896,0.06871593974222015,,934.9911397819204,743.8028396870322
2459314.918935185,9.588556967794723,0.06636727635563698,,934.9911397819204,743.8028396870322
2459321.90064815,9.437904926964164,0.060883450320376495,,934.9911397819204,743.8028396870322
2459322.89724537,9.467836412679343,0.05548983778895062,,0.0,0.0
2459323.8975463,9.442733418895516,0.0591514979152113,,934.9911397819204,743.8028396870322
2459324.89105324,9.528949101935735,0.061666978023794825,,934.9911397819204,743.8028396870322
2459325.89005787,9.57243032555825,0.06054863002161862,,934.9911397819204,743.8028396870322
2459328.880555555,9.557850159555985,0.0663334659604848,,934.9911397819204,743.8028396870322
2459329.879560185,9.518405950845846,0.061603012314089524,,934.9911397819204,743.8028396870322
2459331.96175926,9.619317112675908,0.07360750411763885,,934.9911397819204,743.8028396870322
2459336.88056713,9.796471862881459,0.07602256074155607,,934.9911397819204,743.8028396870322
2459337.89982639,9.8528409823196,0.08713140240844168,,0.0,0.0
2459338.85596065,9.975812777892035,0.09383612439947128,,-9999.99,-9999.99
2459339.852488425,10.03062542392819,0.095067471625528,,934.9911397819204,743.8028396870322
2459340.849247685,9.983048862129424,0.09237315286676483,,934.9911397819204,743.8028396870322
2459341.845891205,9.971979602153393,0.10283671524727742,,934.9911397819204,743.8028396870322
2459342.84253472,10.183963661143196,0.11670585174522415,,934.9911397819204,743.8028396870322
2459343.84241898,10.17716819789894,0.11014808043520068,,934.9911397819204,743.8028396870322
2459344.83767361,10.230807300819025,0.1260283750969429,,934.9911397819204,743.8028396870322
2459344.91291667,10.27712348261698,0.12289684157155158,,934.9911397819204,743.8028396870322
2459344.985578705,10.173096541692184,0.0773633761289273,,934.9911397819204,743.8028396870322
2459345.83449074,10.37678258459094,0.13034713704359618,,934.9911397819204,743.8028396870322
2459348.82734954,10.576915009749815,0.163704301986101,,934.9911397819204,743.8028396870322
2459353.81421296,11.02859260594354,0.25016127296374,,934.9911397819204,743.8028396870322
2459354.81096065,11.197841535559252,0.2912092023681241,,934.9911397819204,743.8028396870322
2459357.953506945,11.171554848532473,0.20530490347810368,,934.9911397819204,743.8028396870322
2459364.782175925,11.203532254653355,0.31168762905369635,,934.9911397819204,743.8028396870322
2459365.78016204,11.220871272127345,0.3287625095789425,,934.9911397819204,743.8028396870322
2459366.77971065,11.179561002954067,0.3092840609879073,,0.0,0.0
2459367.77628472,11.155438305017059,0.2924601841971535,,934.9911397819204,743.8028396870322
2459368.773125,10.996149071006172,0.2762749889250885,,-9999.99,-9999.99
2459369.76959491,11.03154088461682,0.25984658732733545,,0.0,0.0
2459370.76605324,10.823826628117178,0.183179711632048,,934.9911397819204,743.8028396870322
2459371.765810185,10.803084800284902,0.21197074176995023,,934.9911397819204,743.8028396870322
2459372.76297454,10.570453889582854,0.19330218387049158,,934.9911397819204,743.8028396870322
2459373.758391205,10.583716747034872,0.16638253413885973,,934.9911397819204,743.8028396870322
2459375.75552083,10.270532927101662,0.11963663499766561,,934.9911397819204,743.8028396870322
2459376.75216435,10.234666230968925,0.12259100888880868,,-9999.99,-9999.99
2459378.744756945,10.229332215503728,0.11786712012841513,,-9999.99,-9999.99
2459379.74208333,10.126283270637352,0.10547475502534784,,934.9911397819204,743.8028396870322
2459380.836296295,9.954122494861748,0.0840715068123423,,934.9911397819204,743.8028396870322
2459381.825324075,9.985630689573243,0.10834808869018546,,934.9911397819204,743.8028396870322
2459382.73540509,9.952226655559784,0.09270962598927134,,934.9911397819204,743.8028396870322
2459385.72712963,9.882603747461289,0.08239362169426867,,934.9911397819204,743.8028396870322
2459386.72429398,9.879260423001329,0.08476040660412319,,934.9911397819204,743.8028396870322
2459387.719756945,9.848949611213403,0.08389078059702477,,934.9911397819204,743.8028396870322
2459391.70917824,9.74093499628205,0.07647976434540642,,934.9911397819204,743.8028396870322
2459392.70627315,9.714900875675673,0.08129635634727825,,934.9911397819204,743.8028396870322
2459393.706886575,9.696271327875762,0.08355103899925295,,934.9911397819204,743.8028396870322
2459394.70260417,9.813458568203401,0.07726547163409174,,934.9911397819204,743.8028396870322
2459395.700011575,10.04369781075035,0.17137221424683124,,934.9911397819204,743.8028396870322
2459396.695578705,9.652866538015338,0.07685747983643018,,934.9911397819204,743.8028396870322
2459397.692002315,9.679683052478321,0.07262635739266717,,934.9911397819204,743.8028396870322
2459399.68940972,9.726880265834504,0.07587037055039901,,934.9911397819204,743.8028396870322
2459400.68525463,9.661352623829435,0.07392020954348212,,934.9911397819204,743.8028396870322
2459401.68190972,9.767634142581949,0.07578652999014776,,934.9911397819204,743.8028396870322
2459402.678680555,9.549938198929079,0.07632091499207047,,934.9911397819204,743.8028396870322
2459403.67582176,9.631446867944293,0.058547691608654896,,934.9911397819204,743.8028396870322
2459404.677546295,9.539143065064694,0.07501600192183373,,934.9911397819204,743.8028396870322
2459405.67153935,9.674449188410422,0.08151023275774322,,934.9911397819204,743.8028396870322
2459405.75290509,9.561604643818171,0.07516204164866488,,0.0,0.0
2459406.67159722,9.686664068306868,0.07375553539779076,,934.9911397819204,743.8028396870322
2459407.66996528,9.474087297175537,0.06432764600702563,,934.9911397819204,743.8028396870322
2459408.670266205,9.581210151406278,0.06883053133342527,,934.9911397819204,743.8028396870322
2459409.67084491,9.532451639273628,0.06532191358595618,,934.9911397819204,743.8028396870322
2459410.66903935,9.572837446785547,0.06514937237213111,,934.9911397819204,743.8028396870322
2459410.820671295,9.538382896395838,0.039580454782651514,,934.9911397819204,743.8028396870322
2459411.66902778,9.67506879619425,0.06856229802408922,,934.9911397819204,743.8028396870322
2459419.66746528,9.54891610680304,0.06715922765917182,,934.9911397819204,743.8028396870322
2459426.72707176,9.493293112062378,0.053100257107454,,934.9911397819204,743.8028396870322
2459428.66287037,9.527275831310021,0.06664704691010218,,934.9911397819204,743.8028396870322
2459429.665127315,9.555739252266191,0.0644421584399433,,934.9911397819204,743.8028396870322
2459430.66400463,9.514894598572473,0.06173556450831578,,934.9911397819204,743.8028396870322
2459431.66321759,9.444102584914981,0.060995237205840554,,934.9911397819204,743.8028396870322
2459432.66084491,9.548594936512808,0.06296347282233267,,934.9911397819204,743.8028396870322
2459433.66208333,9.54441125453619,0.06644003825027002,,934.9911397819204,743.8028396870322
2459434.66417824,9.522702827080947,0.06157303504103719,,934.9911397819204,743.8028396870322
2459435.66511574,9.49375673378121,0.062084574955899814,,934.9911397819204,743.8028396870322
2459436.66083333,9.4989023622222,0.06275645932611731,,934.9911397819204,743.8028396870322
2459439.65802083,9.533092889898077,0.05944529905262298,,934.9911397819204,743.8028396870322
2459450.64989583,9.47734501688404,0.047323839285281395,,934.9911397819204,743.8028396870322
2459451.649953705,9.437781092209459,0.05394181017049214,,934.9911397819204,743.8028396870322
2459452.649675925,9.382829638243441,0.04863139826559283,,934.9911397819204,743.8028396870322
2459453.64741898,9.358941354584095,0.047428276578380356,,934.9911397819204,743.8028396870322
2459454.646493055,9.358871788232204,0.03355951027256535,,934.9911397819204,743.8028396870322
2459455.64503472,9.40289764299926,0.05478594637261359,,934.9911397819204,743.8028396870322
2459457.711574075,9.456576286283138,0.04027035322162397,,934.9911397819204,743.8028396870322
2459458.64355324,9.39015096131988,0.03473098496165883,,934.9911397819204,743.8028396870322
2459459.64134259,9.400522728076176,0.039778477940421934,,934.9911397819204,743.8028396870322
2459460.64040509,9.35558915116486,0.02959555723920304,,934.9911397819204,743.8028396870322
2459461.63903935,9.403005798702965,0.03426622944369691,,934.9911397819204,743.8028396870322
2459462.63829861,9.382642351426314,0.03804188335069804,,934.9911397819204,743.8028396870322
2459463.635381945,9.37343528094751,0.03140486459547794,,934.9911397819204,743.8028396870322
2459464.636574075,9.37998989787093,0.04027121403341357,,934.9911397819204,743.8028396870322
2459465.63550926,9.394160553273775,0.05087719630093454,,934.9911397819204,743.8028396870322
2459466.634247685,9.41309839849776,0.0469245200073053,,934.9911397819204,743.8028396870322
2459469.630266205,9.450702594423515,0.04656879346615342,,934.9911397819204,743.8028396870322
2459474.62172454,9.419692479211584,0.04321702369887853,,934.9911397819204,743.8028396870322
2459476.62115741,9.457772137050672,0.03797967689461215,,934.9911397819204,743.8028396870322
2459477.61767361,9.403722254968274,0.03755981762764961,,934.9911397819204,743.8028396870322
2459478.6162963,9.421039461004545,0.03623095911176467,,934.9911397819204,743.8028396870322
2459479.61715278,9.454268705257402,0.04786186379989128,,934.9911397819204,743.8028396870322
2459480.617233795,9.509254276111799,0.04092418686222248,,934.9911397819204,743.8028396870322
2459486.613113425,9.42739737013922,0.04536614716606512,,934.9911397819204,743.8028396870322
2459487.621122685,9.361174860662098,0.038705240086707414,,934.9911397819204,743.8028396870322
2459488.606886575,9.370252444596035,0.03261092475424076,,934.9911397819204,743.8028396870322
2459489.607233795,9.399813606553398,0.03435192971695784,,934.9911397819204,743.8028396870322
2459490.60659722,9.308538254732458,0.03305474239205878,,934.9911397819204,743.8028396870322
2459491.60420139,9.36658648631205,0.032111050750016405,,934.9911397819204,743.8028396870322
2459502.59020833,9.417277012343494,0.034201159208483274,,934.9911397819204,743.8028396870322
2459503.58957176,9.42356969529665,0.038376236051982336,,934.9911397819204,743.8028396870322
2459504.588761575,9.405892224970245,0.0369014562340855,,934.9911397819204,743.8028396870322
2459505.59119213,9.344422488437113,0.041149800343376605,,934.9911397819204,743.8028396870322
2459507.58613426,9.380442662274818,0.036358435359905024,,934.9911397819204,743.8028396870322
2459508.58553241,9.430725574569433,0.046568190364484806,,934.9911397819204,743.8028396870322
2459696.98590278,9.381235638032903,0.042681103091004875,,934.9911397819204,743.8028396870322
2459720.978194445,9.337274533002551,0.035760709409810666,,934.9911397819204,743.8028396870322
2459729.880439815,9.36342738518003,0.03417716943784532,,934.9911397819204,743.8028396870322
2459804.690243055,9.319552394468968,0.03404615512764092,,934.9911397819204,743.8028396870322
2459811.74462963,9.429468512498609,0.035577108822392046,,0.0,0.0
2459812.653680555,9.367410883245894,0.04576223014672975,,934.9911397819204,743.8028396870322
2459813.65207176,9.31556971076676,0.041372877228915854,,-9999.99,-9999.99
2459814.651180555,9.347560192733981,0.04036412150369721,,934.9911397819204,743.8028396870322
2459815.65050926,9.360270507498544,0.04305779408695399,,934.9911397819204,743.8028396870322
2459818.646747685,9.343778078955152,0.034765845021405596,,934.9911397819204,743.8028396870322
2459819.6459375,9.221168462154676,0.030324027704986812,,934.9911397819204,743.8028396870322
2459823.642320605,9.3647872492177,0.03851482082315434,,934.9911397819204,743.8028396870322
2459824.64321759,9.372362085183235,0.042941480770582734,,934.9911397819204,743.8028396870322
2459829.63511574,9.446677147215883,0.03884964436016025,,934.9911397819204,743.8028396870322
2459830.63414352,9.355154537191426,0.04089757301225643,,0.0,0.0
2459839.6319213,9.330055869501653,0.036479938118616204,,0.0,0.0
2459840.618113425,9.312015318873804,0.04751576767193826,,0.0,0.0
2459841.617002315,9.2933235488976,0.035284733951504624,,0.0,0.0
2459842.618194445,9.317780821439872,0.05029271575360411,,-9999.99,-9999.99
2459843.61508102,9.273239756631478,0.04637057119784204,,0.0,0.0
2459844.61416667,9.384283115582859,0.041922577131530275,,934.9911397819204,743.8028396870322
2459845.613055555,9.344526438601397,0.05677763994817051,,934.9911397819204,743.8028396870322
2459848.610104165,9.302995258968458,0.035570672669543967,,934.9911397819204,743.8028396870322
2459849.60922454,9.285084708183332,0.03766064550552787,,934.9911397819204,743.8028396870322
2459850.60833333,9.339560702983563,0.0457567058994403,,934.9911397819204,743.8028396870322
2459852.60517361,8.951289330700241,0.04270766678840831,,934.9911397819204,743.8028396870322
2459858.62699074,9.362081117693668,0.03350725666273918,,934.9911397819204,743.8028396870322
2459859.601261575,9.310080022091382,0.0371797826881862,,934.9911397819204,743.8028396870322
2459860.597858795,9.357710117523002,0.047578239995156466,,934.9911397819204,743.8028396870322
2459867.591006945,9.340479662845082,0.03810766411747687,,934.9911397819204,743.8028396870322
2458741.65873264,10.849751849272925,0.2313077553348125,,934.9911397819204,743.8028396870322
2458913.05462384,9.758286254973418,0.04701085626883184,,934.9911397819204,743.8028396870322
2458944.0190625,10.135695766112528,0.06336022926743957,,934.9911397819204,743.8028396870322
2458954.981944445,10.62629128257757,0.1161695811040001,,934.9911397819204,743.8028396870322
2458956.9935706,10.614261668930673,0.1207136695629215,,934.9911397819204,743.8028396870322
2458961.97875579,10.940838929433191,0.1530348326647071,,934.9911397819204,743.8028396870322
2458963.96484954,11.142842683291716,0.2392316047080601,,934.9911397819204,743.8028396870322
2458965.97515046,11.15557836862795,0.23318427099054068,,934.9911397819204,743.8028396870322
2458966.972667825,11.077859947037629,0.1535359041997524,,0.0,0.0
2458968.94909722,11.120463321139441,0.17377640116012183,,0.0,0.0
2458972.938761575,10.981181298818553,0.1553043776553164,,0.0,0.0
2458975.932505785,11.045080547804329,0.16600405637407536,,0.0,0.0
2458983.86303241,11.024520672247144,0.15760943327139879,,0.0,0.0
2458986.915868055,11.117978506245842,0.17387226630784902,,0.0,0.0
2458991.89898148,11.259074464814818,0.18284336256793907,,934.9911397819204,743.8028396870322
2458995.87861111,11.672886196164477,0.3129269186380121,,0.0,0.0
2459014.788738425,11.894776544101624,0.34135147272639593,,0.0,0.0
2459018.78447917,11.813586177975692,0.3130130982728549,,0.0,0.0
2459019.77537037,11.820416965437623,0.3169930848929731,,934.9911397819204,743.8028396870322
2459038.748935185,11.637115863163334,0.27002062752557066,,934.9911397819204,743.8028396870322
2459039.751574075,11.545003306909187,0.24884924350255702,,934.9911397819204,743.8028396870322
2459040.74486111,11.495900082777322,0.25164998057461646,,934.9911397819204,743.8028396870322
2459041.74457176,11.440771915704085,0.21729004798441418,,934.9911397819204,743.8028396870322
2459043.75108796,11.459323668044615,0.21221800729273438,,934.9911397819204,743.8028396870322
2459044.73958333,11.50349461139219,0.22382317181279085,,934.9911397819204,743.8028396870322
2459045.734375,11.330062088521037,0.21209079572634879,,934.9911397819204,743.8028396870322
2459046.727002315,11.455993394978167,0.2694597782847523,,934.9911397819204,743.8028396870322
2459048.73491898,11.202272247788237,0.20393998898818885,,934.9911397819204,743.8028396870322
2459049.72804398,11.26690582970622,0.22973535602305456,,934.9911397819204,743.8028396870322
2459050.72792824,11.233040092072173,0.18475353347054194,,934.9911397819204,743.8028396870322
2459051.724930555,11.164990645025497,0.17745407793822746,,934.9911397819204,743.8028396870322
2459054.71971065,11.123368946096164,0.20203916896689142,,934.9911397819204,743.8028396870322
2459055.71226852,10.930567562733057,0.1876581991386261,,934.9911397819204,743.8028396870322
2459056.710497685,11.112884510726659,0.17309401892259327,,934.9911397819204,743.8028396870322
2459057.71270833,10.983765814274976,0.14105091801511196,,934.9911397819204,743.8028396870322
2459058.713935185,11.016650263855889,0.15973498353941434,,934.9911397819204,743.8028396870322
2459059.70642361,10.949667536073727,0.14400256463261835,,934.9911397819204,743.8028396870322
2459065.684953705,10.671519916285323,0.1138663225929531,,934.9911397819204,743.8028396870322
2459066.683993055,10.601632368798562,0.12269193164712454,,934.9911397819204,743.8028396870322
2459067.68434028,10.57861490514826,0.1451821689234708,,934.9911397819204,743.8028396870322
2459068.69427083,10.566234556855944,0.10991781940177507,,934.9911397819204,743.8028396870322
2459069.68074074,10.508366621085562,0.10883016193273931,,934.9911397819204,743.8028396870322
2459070.67885417,10.550715687720325,0.09169817936584464,,934.9911397819204,743.8028396870322
2459276.056319445,9.346599046934973,0.027988389874937018,,934.9911397819204,743.8028396870322
2459292.01587963,9.324417963990212,0.0380318597025402,,934.9911397819204,743.8028396870322
2459293.01153935,9.443148574329076,0.03267388909186566,,934.9911397819204,743.8028396870322
2459296.00434028,9.417655192485583,0.037690036911127586,,934.9911397819204,743.8028396870322
2459301.98744213,9.407321367180826,0.04208243719998115,,934.9911397819204,743.8028396870322
2459302.984016205,9.448168722878899,0.037851738213363996,,934.9911397819204,743.8028396870322
2459303.98034722,9.449871116825861,0.03284596066968936,,934.9911397819204,743.8028396870322
2459304.97766204,9.385354388437412,0.04311503293200505,,934.9911397819204,743.8028396870322
2459309.966122685,9.476730145257026,0.03672331913332828,,934.9911397819204,743.8028396870322
2459310.96359954,9.413509792654095,0.0336458805747457,,934.9911397819204,743.8028396870322
2459311.960324075,9.48529593274697,0.03649390286513293,,934.9911397819204,743.8028396870322
2459312.955694445,9.36027520313903,0.03673818476722201,,934.9911397819204,743.8028396870322
2459314.952939815,9.407640722077947,0.03548693196293108,,934.9911397819204,743.8028396870322
2459321.93145833,9.411616661373712,0.03259029828106175,,934.9911397819204,743.8028396870322
2459322.92814815,9.426583765658469,0.037722321951672,,934.9911397819204,743.8028396870322
2459323.92922454,9.398967610506851,0.03662927736889146,,934.9911397819204,743.8028396870322
2459324.925243055,9.402860402343881,0.03963975404475654,,934.9911397819204,743.8028396870322
2459325.921122685,9.457692007785905,0.03770503026250044,,934.9911397819204,743.8028396870322
2459328.9149537,9.50448885132805,0.03059479827576221,,934.9911397819204,743.8028396870322
2459329.910752315,9.482939339642991,0.037597231234460404,,934.9911397819204,743.8028396870322
2459331.956944445,9.594225063894356,0.04537721137779168,,934.9911397819204,743.8028396870322
2459337.89847222,9.763413502257846,0.06496383876645125,,934.9911397819204,743.8028396870322
2459338.887002315,9.849497435434477,0.054066048108220396,,934.9911397819204,743.8028396870322
2459339.883449075,9.906117580379272,0.05480582998116834,,934.9911397819204,743.8028396870322
2459340.879953705,9.923097136366634,0.04851592179800754,,934.9911397819204,743.8028396870322
2459341.87675926,9.949708206019652,0.05190887094006987,,934.9911397819204,743.8028396870322
2459342.87670139,10.033328604505478,0.06606093514619316,,934.9911397819204,743.8028396870322
2459343.87263889,10.077887051082799,0.05708153179204727,,934.9911397819204,743.8028396870322
2459344.86908565,10.120431839220975,0.07373951667342993,,934.9911397819204,743.8028396870322
2459344.91019676,10.127836173967147,0.062480456236663866,,934.9911397819204,743.8028396870322
2459345.86670139,10.206915777926616,0.06844475458923087,,-9999.99,-9999.99
2459347.863055555,10.303918287392781,0.08094032632043234,,934.9911397819204,743.8028396870322
2459348.85888889,10.369899945216275,0.08974105636406197,,934.9911397819204,743.8028396870322
2459349.85516204,10.441242422993996,0.08262830028629299,,0.0,0.0
2459352.84896991,10.587966379027076,0.11691718353458129,,934.9911397819204,743.8028396870322
2459353.84570602,10.781566186894203,0.11638098096880214,,934.9911397819204,743.8028396870322
2459354.84171296,10.935067136129424,0.16657906339415146,,934.9911397819204,743.8028396870322
2459356.83769676,11.001056739150771,0.1445473050531227,,934.9911397819204,743.8028396870322
2459358.83204861,11.025530631553893,0.1641341331930268,,934.9911397819204,743.8028396870322
2459359.828113425,11.235673282503624,0.20864482884137656,,934.9911397819204,743.8028396870322
2459364.81431713,11.038576463363572,0.1530333602663346,,934.9911397819204,743.8028396870322
2459365.814421295,11.000809898012845,0.16817790108381214,,934.9911397819204,743.8028396870322
2459366.81116898,10.919654423501044,0.13984292035436427,,934.9911397819204,743.8028396870322
2459367.80641204,10.833025724532568,0.12190326586975705,,934.9911397819204,743.8028396870322
2459368.803136575,10.731885453080453,0.11413805957553053,,934.9911397819204,743.8028396870322
2459369.80392361,10.683128655435079,0.09620414633062999,,934.9911397819204,743.8028396870322
2459370.79737847,10.639477961195299,0.10580124106365,,934.9911397819204,743.8028396870322
2459371.79739583,10.52917605456948,0.09799931501098477,,934.9911397819204,743.8028396870322
2459372.79366898,10.639959295557718,0.11239692741702266,,934.9911397819204,743.8028396870322
2459373.790046295,10.30276839594327,0.0832004427030774,,934.9911397819204,743.8028396870322
2459374.78630787,10.27608012434928,0.08699733511558469,,934.9911397819204,743.8028396870322
2459375.785636575,10.17668572923631,0.0728736931160448,,934.9911397819204,743.8028396870322
2459376.78284722,10.16329543758359,0.0633476428642748,,934.9911397819204,743.8028396870322
2459377.779074075,10.190484796042886,0.07297997372537542,,934.9911397819204,743.8028396870322
2459378.77582176,10.077364819362717,0.0649248823275162,,934.9911397819204,743.8028396870322
2459379.77621528,10.034958679400978,0.050487412850415324,,934.9911397819204,743.8028396870322
2459380.831006945,9.99816065020144,0.05712360801104807,,934.9911397819204,743.8028396870322
2459381.82111111,9.950279144222486,0.05440729500987528,,0.0,0.0
2459382.764814815,9.927115113487815,0.057592691312418016,,934.9911397819204,743.8028396870322
2459383.807199075,9.888054833140844,0.05302970371824437,,934.9911397819204,743.8028396870322
2459385.75896991,9.776485569696272,0.04816934843502958,,934.9911397819204,743.8028396870322
2459386.755555555,9.819403375184173,0.05198792291169878,,934.9911397819204,743.8028396870322
2459387.75099537,9.751795322431066,0.046140338665555176,,934.9911397819204,743.8028396870322
2459392.737546295,9.73445971827811,0.05913516709069082,,934.9911397819204,743.8028396870322
2459393.73810185,9.67800259300365,0.042433539696155625,,934.9911397819204,743.8028396870322
2459394.733680555,9.678165501697759,0.04510555255580857,,934.9911397819204,743.8028396870322
2459395.73135417,9.627071352876124,0.03660239192283473,,934.9911397819204,743.8028396870322
2459396.72693287,9.639818422382705,0.04118255592677108,,934.9911397819204,743.8028396870322
2459397.72340278,9.667928025910978,0.03851686537891083,,934.9911397819204,743.8028396870322
2459400.716319445,9.61038984679426,0.04775117707526026,,934.9911397819204,743.8028396870322
2459401.71358796,9.622468899821682,0.04860351904092483,,934.9911397819204,743.8028396870322
2459402.71402778,9.600912513168879,0.040714963930782735,,934.9911397819204,743.8028396870322
2459403.70951389,9.536601381961702,0.03602659631830155,,934.9911397819204,743.8028396870322
2459404.70605324,9.591584190219718,0.03602027476554419,,934.9911397819204,743.8028396870322
2459405.70375,9.578802119145491,0.03587740795847265,,934.9911397819204,743.8028396870322
2459405.750127315,9.571131477650152,0.037800467066414635,,934.9911397819204,743.8028396870322
2459406.69974537,9.559189856556037,0.04934230585921444,,934.9911397819204,743.8028396870322
2459407.69972222,9.505362890342985,0.041474712285064795,,934.9911397819204,743.8028396870322
2459408.695891205,9.536580306098424,0.042779373356161846,,934.9911397819204,743.8028396870322
2459409.69222222,9.489150194521685,0.03115787102535273,,934.9911397819204,743.8028396870322
2459410.689050925,9.463338315734324,0.035316102424663764,,934.9911397819204,743.8028396870322
2459411.68582176,9.38597351020841,0.03396420413851158,,934.9911397819204,743.8028396870322
2459412.685497685,9.457403091018586,0.03499258771886012,,934.9911397819204,743.8028396870322
2459414.73354167,9.404065278601616,0.038056977804340614,,934.9911397819204,743.8028396870322
2459419.66885417,9.462169256960445,0.047090691135431725,,935.7389589555748,750.0903340265986
2459428.66568287,9.484928928354753,0.033806427905650895,,935.7389589555748,750.0903340265986
2459429.66372685,9.40517550124215,0.03455227747658172,,935.7389589555748,750.0903340265986
2459430.66261574,9.496745569064487,0.031218612338420604,,935.7389589555748,750.0903340265986
2459431.66184028,9.476568950862822,0.03885009453999307,,935.7389589555748,750.0903340265986
2459432.65946759,9.479385335645896,0.03128722866738631,,935.7389589555748,750.0903340265986
2459433.66068287,9.412439067421158,0.035264540530770126,,935.7389589555748,750.0903340265986
2459434.66278935,9.44148299127068,0.033978242119713564,,935.7389589555748,750.0903340265986
2459435.663738425,9.455934369586593,0.03621080719465047,,935.7389589555748,750.0903340265986
2459436.65943287,9.415943783179296,0.031214133497446762,,935.7389589555748,750.0903340265986
2459440.65670139,9.470327193654706,0.031067070579726845,,935.7389589555748,750.0903340265986
2459441.65513889,9.311830357161787,0.033898417307274345,,935.7389589555748,750.0903340265986
2459442.64967014,9.530894056566304,0.03758342687986234,,935.7389589555748,750.0903340265986
2459450.644560185,9.455231427036551,0.03287854934915225,,935.7389589555748,750.0903340265986
2459451.644618055,9.358996966994773,0.03923099055066207,,935.7389589555748,750.0903340265986
2459675.963252315,9.320983785293993,0.028822469552838056,,935.7389589555748,750.0903340265986
2459676.95931713,9.337823268826243,0.04227432669053152,,935.7389589555748,750.0903340265986
2459677.95614583,9.321989013890365,0.037992832000767016,,935.7389589555748,750.0903340265986
2459678.95604167,9.325067028880127,0.037635088743448036,,935.7389589555748,750.0903340265986
2459679.952743055,9.367488325492355,0.031854146301229985,,935.7389589555748,750.0903340265986
2459682.946493055,9.37174197611721,0.041536450477567474,,935.7389589555748,750.0903340265986
2459683.94275463,9.391548048096366,0.04140816018453109,,935.7389589555748,750.0903340265986
2459684.939386575,9.351869086374354,0.038366449834057105,,935.7389589555748,750.0903340265986
2459686.937141205,9.358402159202567,0.03461702941781373,,935.7389589555748,750.0903340265986
2459687.92880787,9.36655062176509,0.03199240937692394,,935.7389589555748,750.0903340265986
2459693.914641205,9.400134254287128,0.03492699072617325,,935.7389589555748,750.0903340265986
2459694.91082176,9.431857993183003,0.03796921457167042,,935.7389589555748,750.0903340265986
2459695.90851852,9.34623689031886,0.05632503931925864,,935.7389589555748,750.0903340265986
2459696.90446759,9.432132470981351,0.04062152699047303,,935.7389589555748,750.0903340265986
2459698.90078704,9.40743883773216,0.035279542654612354,,935.7389589555748,750.0903340265986
2459699.89739583,9.423778811618844,0.03686525718107995,,935.7389589555748,750.0903340265986
2459700.893819445,9.432497721808287,0.03336380411718812,,935.7389589555748,750.0903340265986
2459701.89425926,9.410111519800736,0.03421566363154651,,935.7389589555748,750.0903340265986
2459702.89050926,9.417691282915946,0.03130402767009697,,935.7389589555748,750.0903340265986
2459703.887627315,9.376439634710628,0.039281937904361346,,935.7389589555748,750.0903340265986
2459704.88365741,9.376601913756357,0.032871232977814684,,935.7389589555748,750.0903340265986
2459705.88358796,9.428340864601726,0.041701166413575325,,0.0,0.0
2459706.8793287,9.39441965634761,0.03573638314876037,,935.7389589555748,750.0903340265986
2459707.877233795,9.356662711827573,0.03426045133912336,,935.7389589555748,750.0903340265986
2459708.87295139,9.354442149131707,0.031839358801672095,,935.7389589555748,750.0903340265986
2459709.869375,9.34207810886664,0.028805512166210627,,935.7389589555748,750.0903340265986
2459710.86603009,9.38931813650475,0.03168470657792555,,935.7389589555748,750.0903340265986
2459711.866828705,9.373583322235588,0.03282094823438897,,935.7389589555748,750.0903340265986
2459712.863020835,9.41389435728938,0.03493507766285287,,935.7389589555748,750.0903340265986
2459713.85915509,9.30896567457685,0.02750346376386072,,935.7389589555748,750.0903340265986
2459714.85609954,9.35800793845082,0.027742615753764445,,935.7389589555748,750.0903340265986
2459715.85277778,9.348290189846189,0.030400054876754717,,935.7389589555748,750.0903340265986
2459719.894421295,9.30278429504048,0.03062197845142847,,935.7389589555748,750.0903340265986
2459721.837800925,9.265632585352495,0.029149624665322508,,935.7389589555748,750.0903340265986
2459722.83434028,9.335766928107965,0.03811816876594931,,935.7389589555748,750.0903340265986
2459723.832002315,9.315203985476055,0.0345816136391018,,935.7389589555748,750.0903340265986
2459724.831921295,9.377592348112808,0.033347301104589853,,935.7389589555748,750.0903340265986
2459725.82515046,9.334343245887144,0.030695241755955484,,935.7389589555748,750.0903340265986
2459726.824618055,9.347271557932112,0.035638659441823074,,-9999.99,-9999.99
2459729.878680555,9.333206307334024,0.03013624554048583,,935.7389589555748,750.0903340265986
2459731.809930555,9.313669681485397,0.028700872000325874,,935.7389589555748,750.0903340265986
2459732.80775463,9.333857203333315,0.030357573965535012,,0.0,0.0
2459733.80354167,9.341270378226024,0.03096975730068984,,0.0,0.0
2459734.80056713,9.32314708741712,0.035752474734865064,,935.7389589555748,750.0903340265986
2459737.792685185,9.307833263561067,0.03168741912120778,,935.7389589555748,750.0903340265986
2459738.7903125,9.34280981142985,0.028030524615288453,,935.7389589555748,750.0903340265986
2459739.78939815,9.290843111938013,0.02891178901741428,,935.7389589555748,750.0903340265986
2459740.78577546,9.29955883988608,0.032215639237447136,,0.0,0.0
2459741.782627315,9.285612550955893,0.028751173585683392,,935.7389589555748,750.0903340265986
2459742.77927083,9.28270355213373,0.0306345062616277,,935.7389589555748,750.0903340265986
2459747.765810185,9.269310847447976,0.03266005654863796,,935.7389589555748,750.0903340265986
2459748.76582176,9.313263893357568,0.02661512043682873,,935.7389589555748,750.0903340265986
2459749.76130787,9.288469161953754,0.02870157441562327,,935.7389589555748,750.0903340265986
2459751.75476852,9.274151587883411,0.027318140471629372,,935.7389589555748,750.0903340265986
2459752.75146991,9.284158079097576,0.028616154078738573,,935.7389589555748,750.0903340265986
2459753.74851852,9.281597729679596,0.039944409433932945,,935.7389589555748,750.0903340265986
2459754.747997685,9.207821809787978,0.027562424139586542,,935.7389589555748,750.0903340265986
2459755.74486111,9.300707208425333,0.03424350981272561,,935.7389589555748,750.0903340265986
2459756.740752315,9.299212155043072,0.03445099458244207,,935.7389589555748,750.0903340265986
2459757.73800926,9.281303713615506,0.02872155979430089,,935.7389589555748,750.0903340265986
2459758.73828704,9.315182037904632,0.0333998428475684,,935.7389589555748,750.0903340265986
2459759.73415509,9.30589073279942,0.031039238463943887,,-9999.99,-9999.99
2459760.73113426,9.279863503080099,0.034149768005371964,,-9999.99,-9999.99
2459761.727141205,9.308404572886777,0.028663576954166044,,935.7389589555748,750.0903340265986
2459762.724386575,9.34240552759047,0.040914378868966386,,935.7389589555748,750.0903340265986
2459763.72324074,9.295712161742566,0.02942913425201035,,935.7389589555748,750.0903340265986
2459764.71990741,9.325500814614987,0.03366677334404044,,935.7389589555748,750.0903340265986
2459765.71741898,9.191845267854617,0.03252115217898445,,935.7389589555748,750.0903340265986
2459768.709618055,9.342533581292166,0.03698655424867162,,935.7389589555748,750.0903340265986
2459769.706516205,9.351714013055727,0.03001037822335093,,935.7389589555748,750.0903340265986
2459770.703252315,9.299798172473233,0.03843722620627841,,-9999.99,-9999.99
2459774.69931713,9.368505740536852,0.03294595683992649,,935.7389589555748,750.0903340265986
2459775.68896991,9.366098694726638,0.029714901699797066,,935.7389589555748,750.0903340265986
2459776.68858796,9.406226882149179,0.03796750869557854,,935.7389589555748,750.0903340265986
2459777.68534722,9.424641500419309,0.03975184331452314,,935.7389589555748,750.0903340265986
2459778.68241898,9.475503655723752,0.046449783299861935,,935.7389589555748,750.0903340265986
2459779.67894676,9.396226584592501,0.037035865332033804,,935.7389589555748,750.0903340265986
2459780.675671295,9.441834688322311,0.032760061027700814,,-9999.99,-9999.99
2459782.67209491,9.421399605631366,0.043159035605298185,,935.7389589555748,750.0903340265986
2459783.68959491,9.385207996177176,0.043909966605406206,,935.7389589555748,750.0903340265986
2459784.66796296,9.43831442923605,0.03130569925790754,,935.7389589555748,750.0903340265986
2459785.692627315,9.4358053609168,0.03882537959802908,,935.7389589555748,750.0903340265986
2459786.66771991,9.417575377961436,0.05301407584094896,,935.7389589555748,750.0903340265986
2459787.666689815,9.41136350066322,0.039751437478355356,,0.0,0.0
2459787.69096065,9.463330668063476,0.03190193320273706,,935.7389589555748,750.0903340265986
2459788.66457176,9.391028993801454,0.0378730161381904,,935.7389589555748,750.0903340265986
2459789.66739583,9.414756933267599,0.05355682448582145,,935.7389589555748,750.0903340265986
2459803.65979167,9.360042276686636,0.028749253941033906,,935.7389589555748,750.0903340265986
2459807.655520835,9.34234014898453,0.03719300263977274,,935.7389589555748,750.0903340265986
2459809.65596065,9.331793593201002,0.02991632882586786,,935.7389589555748,750.0903340265986
2459810.65298611,9.362206246749146,0.037221614253919455,,935.7389589555748,750.0903340265986
2459812.651863425,9.328879937943196,0.0425854389742098,,935.7389589555748,750.0903340265986
2459813.65028935,9.349463093329048,0.045781840607391766,,935.7389589555748,750.0903340265986
2459814.64940972,9.31309648279306,0.025106047896659395,,935.7389589555748,750.0903340265986
2459815.64875,9.36558211696433,0.03831680850618377,,935.7389589555748,750.0903340265986
,,,,935.7389589555748,750.0903340265986
,,,,935.7389589555748,750.0903340265986
,,,,935.7389589555748,750.0903340265986
,,,,935.7389589555748,750.0903340265986
,,,,935.7389589555748,750.0903340265986
,,,,935.7389589555748,750.0903340265986
,,,,935.7389589555748,750.0903340265986
,,,,935.7389589555748,750.0903340265986
,,,,935.7389589555748,750.0903340265986
,,,,935.7389589555748,750.0903340265986
,,,,935.7389589555748,750.0903340265986
,,,,935.7389589555748,750.0903340265986
,,,,935.7389589555748,750.0903340265986
,,,,935.7389589555748,750.0903340265986
,,,,935.7389589555748,750.0903340265986
,,,,935.7389589555748,750.0903340265986
,,,,-9999.99,-9999.99
,,,,935.7389589555748,750.0903340265986
,,,,935.7389589555748,750.0903340265986
,,,,935.7389589555748,750.0903340265986
,,,,935.7389589555748,750.0903340265986
,,,,935.7389589555748,750.0903340265986
,,,,935.7389589555748,750.0903340265986
,,,,935.7389589555748,750.0903340265986
,,,,935.7389589555748,750.0903340265986
,,,,935.7389589555748,750.0903340265986
,,,,935.7389589555748,750.0903340265986
,,,,935.7389589555748,750.0903340265986
,,,,935.7389589555748,750.0903340265986
,,,,935.7389589555748,750.0903340265986
,,,,935.7389589555748,750.0903340265986
,,,,935.7389589555748,750.0903340265986
,,,,935.7389589555748,750.0903340265986
,,,,935.7389589555748,750.0903340265986
,,,,935.7389589555748,750.0903340265986
,,,,935.7389589555748,750.0903340265986
,,,,935.7389589555748,750.0903340265986
,,,,935.7389589555748,750.0903340265986
,,,,935.7389589555748,750.0903340265986
,,,,935.7389589555748,750.0903340265986
,,,,935.7389589555748,750.0903340265986
,,,,935.7389589555748,750.0903340265986
,,,,935.7389589555748,750.0903340265986
,,,,935.7389589555748,750.0903340265986
,,,,-9999.99,-9999.99
,,,,935.7389589555748,750.0903340265986
,,,,935.7389589555748,750.0903340265986
,,,,-9999.99,-9999.99
,,,,935.7389589555748,750.0903340265986
,,,,0.0,0.0
,,,,935.7389589555748,750.0903340265986
,,,,935.7389589555748,750.0903340265986
,,,,935.7389589555748,750.0903340265986
,,,,935.7389589555748,750.0903340265986
,,,,935.7389589555748,750.0903340265986
,,,,935.7389589555748,750.0903340265986
,,,,935.7389589555748,750.0903340265986
,,,,935.7389589555748,750.0903340265986
,,,,935.7389589555748,750.0903340265986
,,,,935.7389589555748,750.0903340265986
,,,,935.7389589555748,750.0903340265986
,,,,935.7389589555748,750.0903340265986
,,,,935.7389589555748,750.0903340265986
,,,,935.7389589555748,750.0903340265986
,,,,935.7389589555748,750.0903340265986
,,,,-9999.99,-9999.99
,,,,935.7389589555748,750.0903340265986
,,,,935.7389589555748,750.0903340265986
,,,,935.7389589555748,750.0903340265986
,,,,935.7389589555748,750.0903340265986
,,,,935.7389589555748,750.0903340265986
,,,,935.7389589555748,750.0903340265986
,,,,935.7389589555748,750.0903340265986
,,,,935.7389589555748,750.0903340265986
,,,,-9999.99,-9999.99
,,,,0.0,0.0
,,,,935.7389589555748,750.0903340265986
,,,,935.7389589555748,750.0903340265986
,,,,935.7389589555748,750.0903340265986
,,,,935.7389589555748,750.0903340265986
,,,,935.7389589555748,750.0903340265986
,,,,935.7389589555748,750.0903340265986
,,,,935.7389589555748,750.0903340265986
,,,,935.7389589555748,750.0903340265986
,,,,0.0,0.0
,,,,-9999.99,-9999.99
,,,,935.7389589555748,750.0903340265986
,,,,935.7389589555748,750.0903340265986
,,,,935.7389589555748,750.0903340265986
,,,,935.7389589555748,750.0903340265986
,,,,0.0,0.0
,,,,935.7389589555748,750.0903340265986
,,,,0.0,0.0
,,,,930.5919838338611,751.1527916282816
,,,,0.0,0.0
,,,,930.5919838338611,751.1527916282816
,,,,930.5919838338611,751.1527916282816
,,,,930.5919838338611,751.1527916282816
,,,,0.0,0.0
,,,,930.5919838338611,751.1527916282816
,,,,930.5919838338611,751.1527916282816
,,,,0.0,0.0
,,,,0.0,0.0
,,,,930.5919838338611,751.1527916282816
,,,,930.5919838338611,751.1527916282816
,,,,930.5919838338611,751.1527916282816
,,,,930.5919838338611,751.1527916282816
,,,,930.5919838338611,751.1527916282816
,,,,930.5919838338611,751.1527916282816
,,,,930.5919838338611,751.1527916282816
,,,,930.5919838338611,751.1527916282816
,,,,930.5919838338611,751.1527916282816
,,,,930.5919838338611,751.1527916282816
,,,,930.5919838338611,751.1527916282816
,,,,930.5919838338611,751.1527916282816
,,,,930.5919838338611,751.1527916282816
,,,,930.5919838338611,751.1527916282816
,,,,930.5919838338611,751.1527916282816
,,,,930.5919838338611,751.1527916282816
,,,,930.5919838338611,751.1527916282816
,,,,930.5919838338611,751.1527916282816
,,,,930.5919838338611,751.1527916282816
,,,,930.5919838338611,751.1527916282816
,,,,930.5919838338611,751.1527916282816
,,,,930.5919838338611,751.1527916282816
,,,,930.5919838338611,751.1527916282816
,,,,930.5919838338611,751.1527916282816
,,,,930.5919838338611,751.1527916282816
,,,,930.5919838338611,751.1527916282816
,,,,930.5919838338611,751.1527916282816
,,,,930.5919838338611,751.1527916282816
,,,,0.0,0.0
,,,,930.5919838338611,751.1527916282816
,,,,930.5919838338611,751.1527916282816
,,,,0.0,0.0
,,,,0.0,0.0
,,,,930.5919838338611,751.1527916282816
,,,,0.0,0.0
,,,,0.0,0.0
,,,,930.5919838338611,751.1527916282816
,,,,0.0,0.0
,,,,930.5919838338611,751.1527916282816
,,,,930.5919838338611,751.1527916282816
,,,,930.5919838338611,751.1527916282816
,,,,0.0,0.0
,,,,930.5919838338611,751.1527916282816
,,,,0.0,0.0
,,,,930.5919838338611,751.1527916282816
,,,,0.0,0.0
,,,,930.5919838338611,751.1527916282816
,,,,930.5919838338611,751.1527916282816
,,,,930.5919838338611,751.1527916282816
,,,,0.0,0.0
,,,,0.0,0.0
,,,,-9999.99,-9999.99
,,,,930.5919838338611,751.1527916282816
,,,,930.5919838338611,751.1527916282816
,,,,930.5919838338611,751.1527916282816
,,,,930.5919838338611,751.1527916282816
,,,,930.5919838338611,751.1527916282816
,,,,930.5919838338611,751.1527916282816
,,,,930.5919838338611,751.1527916282816
,,,,0.0,0.0
,,,,930.5919838338611,751.1527916282816
,,,,0.0,0.0
,,,,930.5919838338611,751.1527916282816
,,,,930.5919838338611,751.1527916282816
,,,,930.5919838338611,751.1527916282816
,,,,0.0,0.0
,,,,0.0,0.0
,,,,0.0,0.0
,,,,930.5919838338611,751.1527916282816
,,,,930.5919838338611,751.1527916282816
,,,,930.5919838338611,751.1527916282816
,,,,0.0,0.0
,,,,0.0,0.0
,,,,0.0,0.0
,,,,0.0,0.0
,,,,0.0,0.0
,,,,930.5919838338611,751.1527916282816
,,,,930.5919838338611,751.1527916282816
,,,,930.5919838338611,751.1527916282816
,,,,930.5919838338611,751.1527916282816
,,,,930.5919838338611,751.1527916282816
,,,,930.5919838338611,751.1527916282816
,,,,0.0,0.0
,,,,930.5919838338611,751.1527916282816
,,,,0.0,0.0
,,,,930.5919838338611,751.1527916282816
,,,,930.5919838338611,751.1527916282816
,,,,0.0,0.0
,,,,930.5919838338611,751.1527916282816
,,,,930.5919838338611,751.1527916282816
,,,,930.5919838338611,751.1527916282816
,,,,0.0,0.0
,,,,0.0,0.0
,,,,0.0,0.0
,,,,930.5919838338611,751.1527916282816
,,,,0.0,0.0
,,,,0.0,0.0
,,,,0.0,0.0
,,,,0.0,0.0
,,,,0.0,0.0
,,,,930.5919838338611,751.1527916282816
,,,,930.5919838338611,751.1527916282816
,,,,930.5919838338611,751.1527916282816
,,,,930.5919838338611,751.1527916282816
,,,,930.5919838338611,751.1527916282816
,,,,930.5919838338611,751.1527916282816
,,,,930.5919838338611,751.1527916282816
,,,,0.0,0.0
,,,,930.5919838338611,751.1527916282816
,,,,0.0,0.0
,,,,930.5919838338611,751.1527916282816
,,,,930.5919838338611,751.1527916282816
,,,,930.5919838338611,751.1527916282816
,,,,0.0,0.0
,,,,0.0,0.0
,,,,930.5919838338611,751.1527916282816
,,,,930.5919838338611,751.1527916282816
,,,,930.5919838338611,751.1527916282816
,,,,930.5919838338611,751.1527916282816
,,,,930.5919838338611,751.1527916282816
,,,,930.5919838338611,751.1527916282816
,,,,930.5919838338611,751.1527916282816
,,,,930.5919838338611,751.1527916282816
,,,,930.5919838338611,751.1527916282816
,,,,930.5919838338611,751.1527916282816
,,,,930.5919838338611,751.1527916282816
,,,,930.5919838338611,751.1527916282816
,,,,930.5919838338611,751.1527916282816
,,,,930.5919838338611,751.1527916282816
,,,,0.0,0.0
,,,,930.5919838338611,751.1527916282816
,,,,930.5919838338611,751.1527916282816
,,,,930.5919838338611,751.1527916282816
,,,,930.5919838338611,751.1527916282816
,,,,930.5919838338611,751.1527916282816
,,,,930.5919838338611,751.1527916282816
,,,,930.5919838338611,751.1527916282816
,,,,930.5919838338611,751.1527916282816
,,,,930.5919838338611,751.1527916282816
,,,,930.5919838338611,751.1527916282816
,,,,930.5919838338611,751.1527916282816
,,,,0.0,0.0
,,,,930.5919838338611,751.1527916282816
,,,,930.5919838338611,751.1527916282816
,,,,930.5919838338611,751.1527916282816
,,,,930.5919838338611,751.1527916282816
,,,,0.0,0.0
,,,,930.5919838338611,751.1527916282816
,,,,0.0,0.0
,,,,0.0,0.0
,,,,930.5919838338611,751.1527916282816
,,,,930.5919838338611,751.1527916282816
,,,,930.5919838338611,751.1527916282816
,,,,930.5919838338611,751.1527916282816
,,,,0.0,0.0
,,,,930.5919838338611,751.1527916282816
,,,,930.5919838338611,751.1527916282816
,,,,930.5919838338611,751.1527916282816
,,,,930.5919838338611,751.1527916282816
,,,,930.5919838338611,751.1527916282816
,,,,930.5919838338611,751.1527916282816
,,,,923.5238184181374,651.1772845257906
,,,,923.5238184181374,651.1772845257906
,,,,923.5238184181374,651.1772845257906
,,,,923.5238184181374,651.1772845257906
,,,,923.5238184181374,651.1772845257906
,,,,923.5238184181374,651.1772845257906
,,,,923.5238184181374,651.1772845257906
,,,,923.5238184181374,651.1772845257906
,,,,923.5238184181374,651.1772845257906
,,,,923.5238184181374,651.1772845257906
,,,,923.5238184181374,651.1772845257906
,,,,923.5238184181374,651.1772845257906
,,,,923.5238184181374,651.1772845257906
,,,,923.5238184181374,651.1772845257906
,,,,923.5238184181374,651.1772845257906
,,,,923.5238184181374,651.1772845257906
,,,,923.5238184181374,651.1772845257906
,,,,923.5238184181374,651.1772845257906
,,,,923.5238184181374,651.1772845257906
,,,,923.5238184181374,651.1772845257906
,,,,923.5238184181374,651.1772845257906
,,,,923.5238184181374,651.1772845257906
,,,,923.5238184181374,651.1772845257906
,,,,923.5238184181374,651.1772845257906
,,,,923.5238184181374,651.1772845257906
,,,,923.5238184181374,651.1772845257906
,,,,923.5238184181374,651.1772845257906
,,,,923.5238184181374,651.1772845257906
,,,,923.5238184181374,651.1772845257906
,,,,923.5238184181374,651.1772845257906
,,,,923.5238184181374,651.1772845257906
,,,,923.5238184181374,651.1772845257906
,,,,923.5238184181374,651.1772845257906
,,,,923.5238184181374,651.1772845257906
,,,,923.5238184181374,651.1772845257906
,,,,923.5238184181374,651.1772845257906
,,,,923.5238184181374,651.1772845257906
,,,,923.5238184181374,651.1772845257906
,,,,923.5238184181374,651.1772845257906
,,,,923.5238184181374,651.1772845257906
,,,,923.5238184181374,651.1772845257906
,,,,-9999.99,-9999.99
,,,,923.5238184181374,651.1772845257906
,,,,923.5238184181374,651.1772845257906
,,,,923.5238184181374,651.1772845257906
,,,,923.5238184181374,651.1772845257906
,,,,923.5238184181374,651.1772845257906
,,,,0.0,0.0
,,,,-9999.99,-9999.99
,,,,923.5238184181374,651.1772845257906
,,,,923.5238184181374,651.1772845257906
,,,,923.5238184181374,651.1772845257906
,,,,923.5238184181374,651.1772845257906
,,,,923.5238184181374,651.1772845257906
,,,,923.5238184181374,651.1772845257906
,,,,923.5238184181374,651.1772845257906
,,,,923.5238184181374,651.1772845257906
,,,,923.5238184181374,651.1772845257906
,,,,923.5238184181374,651.1772845257906
,,,,923.5238184181374,651.1772845257906
,,,,0.0,0.0
,,,,0.0,0.0
,,,,0.0,0.0
,,,,0.0,0.0
,,,,0.0,0.0
,,,,922.9170519473972,657.6730761029394
,,,,922.9170519473972,657.6730761029394
,,,,922.9170519473972,657.6730761029394
,,,,922.9170519473972,657.6730761029394
,,,,922.9170519473972,657.6730761029394
,,,,922.651955073036,658.5658545617366
,,,,922.651955073036,658.5658545617366
,,,,922.651955073036,658.5658545617366
,,,,922.651955073036,658.5658545617366
,,,,922.651955073036,658.5658545617366
,,,,-9999.99,-9999.99
,,,,922.651955073036,658.5658545617366
,,,,-9999.99,-9999.99
,,,,-9999.99,-9999.99
,,,,922.651955073036,658.5658545617366
,,,,922.651955073036,658.5658545617366
,,,,922.651955073036,658.5658545617366
,,,,922.651955073036,658.5658545617366
,,,,922.651955073036,658.5658545617366
,,,,922.651955073036,658.5658545617366
,,,,922.651955073036,658.5658545617366
,,,,922.651955073036,658.5658545617366
,,,,922.651955073036,658.5658545617366
,,,,-9999.99,-9999.99
,,,,922.651955073036,658.5658545617366
,,,,922.651955073036,658.5658545617366
,,,,922.651955073036,658.5658545617366
,,,,922.651955073036,658.5658545617366
,,,,0.0,0.0
,,,,922.651955073036,658.5658545617366
,,,,0.0,0.0
,,,,0.0,0.0
,,,,922.651955073036,658.5658545617366
,,,,922.651955073036,658.5658545617366
,,,,922.651955073036,658.5658545617366
,,,,922.651955073036,658.5658545617366
,,,,922.651955073036,658.5658545617366
,,,,922.651955073036,658.5658545617366
,,,,922.651955073036,658.5658545617366
,,,,922.651955073036,658.5658545617366
,,,,922.651955073036,658.5658545617366
,,,,0.0,0.0
,,,,922.651955073036,658.5658545617366
,,,,922.651955073036,658.5658545617366
,,,,922.651955073036,658.5658545617366
,,,,904.1126048852904,626.4687056378552
,,,,0.0,0.0
,,,,904.1126048852904,626.4687056378552
,,,,904.1126048852904,626.4687056378552
,,,,904.1126048852904,626.4687056378552
,,,,904.1126048852904,626.4687056378552
,,,,0.0,0.0
,,,,904.1126048852904,626.4687056378552
,,,,0.0,0.0
,,,,904.1126048852904,626.4687056378552
,,,,-9999.99,-9999.99
,,,,904.1126048852904,626.4687056378552
,,,,0.0,0.0
,,,,904.1126048852904,626.4687056378552
,,,,0.0,0.0
,,,,904.1126048852904,626.4687056378552
,,,,0.0,0.0
,,,,904.1126048852904,626.4687056378552
,,,,0.0,0.0
,,,,904.1126048852904,626.4687056378552
,,,,0.0,0.0
,,,,904.1126048852904,626.4687056378552
,,,,0.0,0.0
,,,,904.1126048852904,626.4687056378552
,,,,904.1126048852904,626.4687056378552
,,,,904.1126048852904,626.4687056378552
,,,,0.0,0.0
,,,,904.1126048852904,626.4687056378552
,,,,0.0,0.0
,,,,904.1126048852904,626.4687056378552
,,,,904.1126048852904,626.4687056378552
,,,,0.0,0.0
,,,,904.1126048852904,626.4687056378552
,,,,0.0,0.0
,,,,0.0,0.0
,,,,904.1126048852904,626.4687056378552
,,,,0.0,0.0
,,,,904.1126048852904,626.4687056378552
,,,,0.0,0.0
,,,,-9999.99,-9999.99
,,,,0.0,0.0
,,,,0.0,0.0
,,,,0.0,0.0
,,,,904.1126048852904,626.4687056378552
,,,,0.0,0.0
,,,,0.0,0.0
,,,,904.1126048852904,626.4687056378552
,,,,0.0,0.0
,,,,0.0,0.0
,,,,904.1126048852904,626.4687056378552
,,,,0.0,0.0
,,,,904.1126048852904,626.4687056378552
,,,,0.0,0.0
,,,,904.1126048852904,626.4687056378552
,,,,0.0,0.0
,,,,904.1126048852904,626.4687056378552
,,,,-9999.99,-9999.99
,,,,904.1126048852904,626.4687056378552
,,,,904.1126048852904,626.4687056378552
,,,,904.1126048852904,626.4687056378552
,,,,904.1126048852904,626.4687056378552
,,,,904.1126048852904,626.4687056378552
,,,,904.1126048852904,626.4687056378552
,,,,-9999.99,-9999.99
,,,,904.1126048852904,626.4687056378552
,,,,904.1126048852904,626.4687056378552
,,,,904.1126048852904,626.4687056378552
,,,,904.1126048852904,626.4687056378552
,,,,904.1126048852904,626.4687056378552
,,,,904.1126048852904,626.4687056378552
,,,,0.0,0.0
,,,,904.1126048852904,626.4687056378552
,,,,0.0,0.0
,,,,904.1126048852904,626.4687056378552
,,,,0.0,0.0
,,,,0.0,0.0
,,,,904.1126048852904,626.4687056378552
,,,,904.1126048852904,626.4687056378552
,,,,904.1126048852904,626.4687056378552
,,,,0.0,0.0
,,,,0.0,0.0
,,,,0.0,0.0
,,,,-9999.99,-9999.99
,,,,904.1126048852904,626.4687056378552
,,,,-9999.99,-9999.99
,,,,0.0,0.0
,,,,904.1126048852904,626.4687056378552
,,,,904.1126048852904,626.4687056378552
,,,,904.1126048852904,626.4687056378552
,,,,904.1126048852904,626.4687056378552
,,,,904.1126048852904,626.4687056378552
,,,,904.1126048852904,626.4687056378552
,,,,904.1126048852904,626.4687056378552
,,,,904.1126048852904,626.4687056378552
,,,,904.1126048852904,626.4687056378552
,,,,904.1126048852904,626.4687056378552
,,,,904.1126048852904,626.4687056378552
,,,,904.1126048852904,626.4687056378552
,,,,0.0,0.0
,,,,904.1126048852904,626.4687056378552
,,,,-9999.99,-9999.99
,,,,0.0,0.0
,,,,0.0,0.0
,,,,904.1126048852904,626.4687056378552
,,,,904.1126048852904,626.4687056378552
,,,,904.1126048852904,626.4687056378552
,,,,0.0,0.0
,,,,-9999.99,-9999.99
,,,,904.1126048852904,626.4687056378552
,,,,0.0,0.0
,,,,0.0,0.0
,,,,904.1126048852904,626.4687056378552
,,,,0.0,0.0
,,,,904.1126048852904,626.4687056378552
,,,,-9999.99,-9999.99
,,,,0.0,0.0
,,,,0.0,0.0
,,,,904.1126048852904,626.4687056378552
,,,,904.1126048852904,626.4687056378552
,,,,904.1126048852904,626.4687056378552
,,,,904.1126048852904,626.4687056378552
,,,,904.1126048852904,626.4687056378552
,,,,904.1126048852904,626.4687056378552
,,,,904.1126048852904,626.4687056378552
,,,,904.1126048852904,626.4687056378552
,,,,904.1126048852904,626.4687056378552
,,,,904.1126048852904,626.4687056378552
,,,,904.1126048852904,626.4687056378552
,,,,904.1126048852904,626.4687056378552
,,,,904.1126048852904,626.4687056378552
,,,,904.1126048852904,626.4687056378552
,,,,904.1126048852904,626.4687056378552
,,,,904.1126048852904,626.4687056378552
,,,,904.1126048852904,626.4687056378552
,,,,904.1126048852904,626.4687056378552
,,,,904.1126048852904,626.4687056378552
,,,,904.1126048852904,626.4687056378552
,,,,904.1126048852904,626.4687056378552
,,,,904.1126048852904,626.4687056378552
,,,,0.0,0.0
,,,,904.1126048852904,626.4687056378552
,,,,904.1126048852904,626.4687056378552
,,,,904.1126048852904,626.4687056378552
,,,,904.1126048852904,626.4687056378552
,,,,904.1126048852904,626.4687056378552
,,,,904.1126048852904,626.4687056378552
,,,,904.1126048852904,626.4687056378552
,,,,904.1126048852904,626.4687056378552
,,,,904.1126048852904,626.4687056378552
,,,,0.0,0.0
,,,,904.1126048852904,626.4687056378552
,,,,904.1126048852904,626.4687056378552
,,,,0.0,0.0
,,,,904.1126048852904,626.4687056378552
,,,,904.1126048852904,626.4687056378552
,,,,904.1126048852904,626.4687056378552
,,,,904.1126048852904,626.4687056378552
,,,,904.1126048852904,626.4687056378552
,,,,904.1126048852904,626.4687056378552
,,,,904.1126048852904,626.4687056378552
,,,,904.1126048852904,626.4687056378552
,,,,904.1126048852904,626.4687056378552
,,,,0.0,0.0
,,,,904.1126048852904,626.4687056378552
,,,,904.1126048852904,626.4687056378552
,,,,904.1126048852904,626.4687056378552
,,,,904.1126048852904,626.4687056378552
,,,,904.1126048852904,626.4687056378552
,,,,904.1126048852904,626.4687056378552
,,,,904.1126048852904,626.4687056378552
,,,,904.1126048852904,626.4687056378552
,,,,904.1126048852904,626.4687056378552
,,,,904.1126048852904,626.4687056378552
,,,,904.1126048852904,626.4687056378552
,,,,904.1126048852904,626.4687056378552
,,,,904.1126048852904,626.4687056378552
,,,,903.1360194576564,626.0974688556566
,,,,903.1360194576564,626.0974688556566
,,,,903.1360194576564,626.0974688556566
,,,,903.1360194576564,626.0974688556566
,,,,903.1360194576564,626.0974688556566
,,,,903.1360194576564,626.0974688556566
,,,,903.1360194576564,626.0974688556566
,,,,903.1360194576564,626.0974688556566
,,,,903.1360194576564,626.0974688556566
,,,,903.1360194576564,626.0974688556566
,,,,903.1360194576564,626.0974688556566
,,,,903.1360194576564,626.0974688556566
,,,,903.1360194576564,626.0974688556566
,,,,903.1360194576564,626.0974688556566
,,,,903.1360194576564,626.0974688556566
,,,,903.1360194576564,626.0974688556566
,,,,903.1360194576564,626.0974688556566
,,,,903.1360194576564,626.0974688556566
,,,,903.1360194576564,626.0974688556566
,,,,903.1360194576564,626.0974688556566
,,,,903.1360194576564,626.0974688556566
,,,,903.1360194576564,626.0974688556566
,,,,903.1360194576564,626.0974688556566
,,,,903.1360194576564,626.0974688556566
,,,,903.1360194576564,626.0974688556566
,,,,903.1360194576564,626.0974688556566
,,,,903.1360194576564,626.0974688556566
,,,,903.1360194576564,626.0974688556566
,,,,903.1360194576564,626.0974688556566
,,,,903.1360194576564,626.0974688556566
,,,,-9999.99,-9999.99
,,,,903.1360194576564,626.0974688556566
,,,,903.1360194576564,626.0974688556566
,,,,903.1360194576564,626.0974688556566
,,,,903.1360194576564,626.0974688556566
,,,,903.1360194576564,626.0974688556566
,,,,903.1360194576564,626.0974688556566
,,,,903.1360194576564,626.0974688556566
,,,,903.1360194576564,626.0974688556566
,,,,-9999.99,-9999.99
,,,,903.1360194576564,626.0974688556566
,,,,903.1360194576564,626.0974688556566
,,,,903.1360194576564,626.0974688556566
,,,,903.1360194576564,626.0974688556566
,,,,903.1360194576564,626.0974688556566
,,,,903.1360194576564,626.0974688556566
,,,,-9999.99,-9999.99
,,,,903.1360194576564,626.0974688556566
,,,,903.1360194576564,626.0974688556566
,,,,903.1360194576564,626.0974688556566
,,,,0.0,0.0
,,,,903.1360194576564,626.0974688556566
,,,,903.1360194576564,626.0974688556566
,,,,903.1360194576564,626.0974688556566
,,,,903.1360194576564,626.0974688556566
,,,,903.1360194576564,626.0974688556566
,,,,903.1360194576564,626.0974688556566
,,,,-9999.99,-9999.99
,,,,903.1360194576564,626.0974688556566
,,,,-9999.99,-9999.99
,,,,903.1360194576564,626.0974688556566
,,,,903.1360194576564,626.0974688556566
,,,,903.1360194576564,626.0974688556566
,,,,903.1360194576564,626.0974688556566
,,,,903.1360194576564,626.0974688556566
,,,,903.1360194576564,626.0974688556566
,,,,903.1360194576564,626.0974688556566
,,,,0.0,0.0
,,,,903.1360194576564,626.0974688556566
,,,,903.1360194576564,626.0974688556566
,,,,903.1360194576564,626.0974688556566
,,,,903.1360194576564,626.0974688556566
,,,,903.1360194576564,626.0974688556566
,,,,903.1360194576564,626.0974688556566
,,,,903.1360194576564,626.0974688556566
,,,,903.1360194576564,626.0974688556566
,,,,-9999.99,-9999.99
,,,,-9999.99,-9999.99
,,,,903.1360194576564,626.0974688556566
,,,,903.1360194576564,626.0974688556566
,,,,903.1360194576564,626.0974688556566
,,,,903.1360194576564,626.0974688556566
,,,,903.1360194576564,626.0974688556566
,,,,903.1360194576564,626.0974688556566
,,,,903.1360194576564,626.0974688556566
,,,,903.1360194576564,626.0974688556566
,,,,903.1360194576564,626.0974688556566
,,,,903.1360194576564,626.0974688556566
,,,,903.1360194576564,626.0974688556566
,,,,903.1360194576564,626.0974688556566
,,,,0.0,0.0
,,,,903.1360194576564,626.0974688556566
,,,,903.1360194576564,626.0974688556566
,,,,903.1360194576564,626.0974688556566
,,,,903.1360194576564,626.0974688556566
,,,,903.1360194576564,626.0974688556566
,,,,-9999.99,-9999.99
,,,,903.1360194576564,626.0974688556566
,,,,903.1360194576564,626.0974688556566
,,,,903.1360194576564,626.0974688556566
,,,,903.1360194576564,626.0974688556566
,,,,903.1360194576564,626.0974688556566
,,,,903.1360194576564,626.0974688556566
,,,,903.1360194576564,626.0974688556566
,,,,903.1360194576564,626.0974688556566
,,,,903.1360194576564,626.0974688556566
,,,,-9999.99,-9999.99
,,,,903.1360194576564,626.0974688556566
,,,,903.1360194576564,626.0974688556566
,,,,903.1360194576564,626.0974688556566
,,,,0.0,0.0
,,,,903.1360194576564,626.0974688556566
,,,,903.1360194576564,626.0974688556566
,,,,903.1360194576564,626.0974688556566
,,,,903.1360194576564,626.0974688556566
,,,,903.1360194576564,626.0974688556566
,,,,903.1360194576564,626.0974688556566
,,,,0.0,0.0
,,,,903.1360194576564,626.0974688556566
,,,,903.1360194576564,626.0974688556566
,,,,903.1360194576564,626.0974688556566
,,,,903.1360194576564,626.0974688556566
,,,,903.1360194576564,626.0974688556566
,,,,903.1360194576564,626.0974688556566
,,,,903.1360194576564,626.0974688556566
,,,,903.1360194576564,626.0974688556566
,,,,903.1360194576564,626.0974688556566
,,,,903.1360194576564,626.0974688556566
,,,,903.1360194576564,626.0974688556566
,,,,903.1360194576564,626.0974688556566
,,,,903.1360194576564,626.0974688556566
,,,,903.1360194576564,626.0974688556566
,,,,903.1360194576564,626.0974688556566
,,,,903.1360194576564,626.0974688556566
,,,,903.1360194576564,626.0974688556566
,,,,903.1360194576564,626.0974688556566
,,,,903.1360194576564,626.0974688556566
,,,,903.1360194576564,626.0974688556566
,,,,903.1360194576564,626.0974688556566
,,,,903.1360194576564,626.0974688556566
,,,,0.0,0.0
,,,,903.1360194576564,626.0974688556566
,,,,903.1360194576564,626.0974688556566
,,,,-9999.99,-9999.99
,,,,-9999.99,-9999.99
,,,,903.1360194576564,626.0974688556566
,,,,903.1360194576564,626.0974688556566
,,,,903.1360194576564,626.0974688556566
,,,,903.1360194576564,626.0974688556566
,,,,903.1360194576564,626.0974688556566
,,,,903.1360194576564,626.0974688556566
,,,,903.1360194576564,626.0974688556566
,,,,903.1360194576564,626.0974688556566
,,,,903.1360194576564,626.0974688556566
,,,,903.1360194576564,626.0974688556566
,,,,903.1360194576564,626.0974688556566
,,,,903.1360194576564,626.0974688556566
,,,,903.1360194576564,626.0974688556566
,,,,903.1360194576564,626.0974688556566
,,,,903.1360194576564,626.0974688556566
,,,,903.1360194576564,626.0974688556566
,,,,903.1360194576564,626.0974688556566
,,,,903.1360194576564,626.0974688556566
,,,,903.1360194576564,626.0974688556566
,,,,903.1360194576564,626.0974688556566
,,,,903.1360194576564,626.0974688556566
,,,,903.1360194576564,626.0974688556566
,,,,903.1360194576564,626.0974688556566
,,,,903.1360194576564,626.0974688556566
,,,,903.1360194576564,626.0974688556566
,,,,903.1360194576564,626.0974688556566
,,,,-9999.99,-9999.99
,,,,903.1360194576564,626.0974688556566
,,,,903.1360194576564,626.0974688556566
,,,,903.1360194576564,626.0974688556566
,,,,903.1360194576564,626.0974688556566
,,,,903.1360194576564,626.0974688556566
,,,,903.1360194576564,626.0974688556566
,,,,903.1360194576564,626.0974688556566
,,,,903.1360194576564,626.0974688556566
,,,,903.1360194576564,626.0974688556566
,,,,903.1360194576564,626.0974688556566
,,,,903.1360194576564,626.0974688556566
,,,,903.1360194576564,626.0974688556566
,,,,903.1360194576564,626.0974688556566
,,,,903.1360194576564,626.0974688556566
,,,,903.1360194576564,626.0974688556566
,,,,903.1360194576564,626.0974688556566
,,,,903.1360194576564,626.0974688556566
,,,,903.1360194576564,626.0974688556566
,,,,903.1360194576564,626.0974688556566
,,,,903.1360194576564,626.0974688556566
,,,,903.1360194576564,626.0974688556566
,,,,0.0,0.0
,,,,903.1360194576564,626.0974688556566
,,,,903.1360194576564,626.0974688556566
,,,,903.1360194576564,626.0974688556566
,,,,903.1360194576564,626.0974688556566
,,,,903.1360194576564,626.0974688556566
,,,,903.1360194576564,626.0974688556566
,,,,903.1360194576564,626.0974688556566
,,,,903.1360194576564,626.0974688556566
,,,,903.1360194576564,626.0974688556566
,,,,903.1360194576564,626.0974688556566
,,,,903.1360194576564,626.0974688556566
,,,,903.1360194576564,626.0974688556566
,,,,903.1360194576564,626.0974688556566
,,,,903.1360194576564,626.0974688556566
,,,,0.0,0.0
,,,,903.1360194576564,626.0974688556566
,,,,903.1360194576564,626.0974688556566
,,,,903.1360194576564,626.0974688556566
,,,,903.1360194576564,626.0974688556566
,,,,0.0,0.0
,,,,0.0,0.0
,,,,903.1360194576564,626.0974688556566
,,,,-9999.99,-9999.99
,,,,903.1360194576564,626.0974688556566
,,,,903.1360194576564,626.0974688556566
,,,,903.1360194576564,626.0974688556566
,,,,903.1360194576564,626.0974688556566
,,,,903.1360194576564,626.0974688556566
,,,,903.1360194576564,626.0974688556566
,,,,903.1360194576564,626.0974688556566
,,,,903.1360194576564,626.0974688556566
,,,,902.026056024506,625.5691360352753
,,,,902.026056024506,625.5691360352753
,,,,902.026056024506,625.5691360352753
,,,,902.026056024506,625.5691360352753
,,,,902.026056024506,625.5691360352753
,,,,0.0,0.0
,,,,902.026056024506,625.5691360352753
,,,,902.026056024506,625.5691360352753
,,,,902.026056024506,625.5691360352753
,,,,902.026056024506,625.5691360352753
,,,,902.026056024506,625.5691360352753
,,,,902.026056024506,625.5691360352753
,,,,902.026056024506,625.5691360352753
,,,,902.026056024506,625.5691360352753
,,,,902.026056024506,625.5691360352753
,,,,902.026056024506,625.5691360352753
,,,,902.026056024506,625.5691360352753
,,,,902.026056024506,625.5691360352753
,,,,902.026056024506,625.5691360352753
,,,,-9999.99,-9999.99
,,,,902.026056024506,625.5691360352753
,,,,902.026056024506,625.5691360352753
,,,,902.026056024506,625.5691360352753
,,,,902.026056024506,625.5691360352753
,,,,0.0,0.0
,,,,902.026056024506,625.5691360352753
,,,,902.026056024506,625.5691360352753
,,,,902.026056024506,625.5691360352753
,,,,902.026056024506,625.5691360352753
,,,,-9999.99,-9999.99
,,,,902.026056024506,625.5691360352753
,,,,902.026056024506,625.5691360352753
,,,,902.026056024506,625.5691360352753
,,,,0.0,0.0
,,,,902.026056024506,625.5691360352753
,,,,0.0,0.0
,,,,902.026056024506,625.5691360352753
,,,,902.026056024506,625.5691360352753
,,,,902.026056024506,625.5691360352753
,,,,902.026056024506,625.5691360352753
,,,,902.026056024506,625.5691360352753
,,,,902.026056024506,625.5691360352753
,,,,902.026056024506,625.5691360352753
,,,,902.026056024506,625.5691360352753
,,,,0.0,0.0
,,,,902.026056024506,625.5691360352753
,,,,902.026056024506,625.5691360352753
,,,,902.026056024506,625.5691360352753
,,,,902.026056024506,625.5691360352753
,,,,902.026056024506,625.5691360352753
,,,,902.026056024506,625.5691360352753
,,,,902.026056024506,625.5691360352753
,,,,902.026056024506,625.5691360352753
,,,,902.026056024506,625.5691360352753
,,,,902.026056024506,625.5691360352753
,,,,902.026056024506,625.5691360352753
,,,,902.026056024506,625.5691360352753
,,,,0.0,0.0
,,,,902.026056024506,625.5691360352753
,,,,902.026056024506,625.5691360352753
,,,,902.026056024506,625.5691360352753
,,,,902.026056024506,625.5691360352753
,,,,0.0,0.0
,,,,902.026056024506,625.5691360352753
,,,,902.026056024506,625.5691360352753
,,,,902.026056024506,625.5691360352753
,,,,902.026056024506,625.5691360352753
,,,,902.026056024506,625.5691360352753
,,,,902.026056024506,625.5691360352753
,,,,902.026056024506,625.5691360352753
,,,,902.026056024506,625.5691360352753
,,,,902.026056024506,625.5691360352753
,,,,902.026056024506,625.5691360352753
,,,,902.026056024506,625.5691360352753
,,,,902.026056024506,625.5691360352753
,,,,902.026056024506,625.5691360352753
,,,,902.026056024506,625.5691360352753
,,,,902.026056024506,625.5691360352753
,,,,902.026056024506,625.5691360352753
,,,,902.026056024506,625.5691360352753
,,,,902.026056024506,625.5691360352753
,,,,902.026056024506,625.5691360352753
,,,,902.026056024506,625.5691360352753
,,,,902.026056024506,625.5691360352753
,,,,902.026056024506,625.5691360352753
,,,,902.026056024506,625.5691360352753
,,,,902.026056024506,625.5691360352753
,,,,902.026056024506,625.5691360352753
,,,,902.026056024506,625.5691360352753
,,,,902.026056024506,625.5691360352753
,,,,0.0,0.0
,,,,902.026056024506,625.5691360352753
,,,,902.026056024506,625.5691360352753
,,,,902.026056024506,625.5691360352753
,,,,902.026056024506,625.5691360352753
,,,,902.026056024506,625.5691360352753
,,,,902.026056024506,625.5691360352753
,,,,902.026056024506,625.5691360352753
,,,,902.026056024506,625.5691360352753
,,,,902.026056024506,625.5691360352753
,,,,902.026056024506,625.5691360352753
,,,,902.026056024506,625.5691360352753
,,,,902.026056024506,625.5691360352753
,,,,0.0,0.0
,,,,902.026056024506,625.5691360352753
,,,,902.026056024506,625.5691360352753
,,,,902.026056024506,625.5691360352753
,,,,0.0,0.0
,,,,0.0,0.0
,,,,0.0,0.0
,,,,0.0,0.0
,,,,902.026056024506,625.5691360352753
,,,,902.026056024506,625.5691360352753
,,,,902.026056024506,625.5691360352753
,,,,902.026056024506,625.5691360352753
,,,,902.026056024506,625.5691360352753
,,,,902.026056024506,625.5691360352753
,,,,902.026056024506,625.5691360352753
,,,,902.026056024506,625.5691360352753
,,,,902.026056024506,625.5691360352753
,,,,902.026056024506,625.5691360352753
,,,,902.026056024506,625.5691360352753
,,,,902.026056024506,625.5691360352753
,,,,902.026056024506,625.5691360352753
,,,,902.026056024506,625.5691360352753
,,,,902.026056024506,625.5691360352753
,,,,902.026056024506,625.5691360352753
,,,,902.026056024506,625.5691360352753
,,,,902.026056024506,625.5691360352753
,,,,902.026056024506,625.5691360352753
,,,,902.026056024506,625.5691360352753
,,,,902.026056024506,625.5691360352753
,,,,902.026056024506,625.5691360352753
,,,,902.026056024506,625.5691360352753
,,,,902.026056024506,625.5691360352753
,,,,902.026056024506,625.5691360352753
,,,,902.026056024506,625.5691360352753
,,,,902.026056024506,625.5691360352753
,,,,902.026056024506,625.5691360352753
,,,,902.026056024506,625.5691360352753
,,,,902.026056024506,625.5691360352753
,,,,902.026056024506,625.5691360352753
,,,,902.026056024506,625.5691360352753
,,,,0.0,0.0
,,,,902.026056024506,625.5691360352753
,,,,902.026056024506,625.5691360352753
,,,,902.026056024506,625.5691360352753
,,,,902.026056024506,625.5691360352753
,,,,902.026056024506,625.5691360352753
,,,,902.026056024506,625.5691360352753
,,,,902.026056024506,625.5691360352753
,,,,902.026056024506,625.5691360352753
,,,,902.026056024506,625.5691360352753
,,,,902.026056024506,625.5691360352753
,,,,902.026056024506,625.5691360352753
,,,,902.026056024506,625.5691360352753
,,,,902.026056024506,625.5691360352753
,,,,902.026056024506,625.5691360352753
,,,,902.026056024506,625.5691360352753
,,,,902.026056024506,625.5691360352753
,,,,902.026056024506,625.5691360352753
,,,,0.0,0.0
,,,,902.026056024506,625.5691360352753
,,,,902.026056024506,625.5691360352753
,,,,902.026056024506,625.5691360352753
,,,,902.026056024506,625.5691360352753
,,,,902.026056024506,625.5691360352753
,,,,902.026056024506,625.5691360352753
,,,,902.026056024506,625.5691360352753
,,,,902.026056024506,625.5691360352753
,,,,902.026056024506,625.5691360352753
,,,,902.026056024506,625.5691360352753
,,,,902.026056024506,625.5691360352753
,,,,902.026056024506,625.5691360352753
,,,,902.026056024506,625.5691360352753
,,,,902.026056024506,625.5691360352753
,,,,902.026056024506,625.5691360352753
,,,,902.026056024506,625.5691360352753
,,,,902.026056024506,625.5691360352753
,,,,902.026056024506,625.5691360352753
,,,,902.026056024506,625.5691360352753
,,,,902.026056024506,625.5691360352753
,,,,902.026056024506,625.5691360352753
,,,,902.026056024506,625.5691360352753
,,,,902.026056024506,625.5691360352753
,,,,902.026056024506,625.5691360352753
,,,,902.026056024506,625.5691360352753
,,,,902.026056024506,625.5691360352753
,,,,902.026056024506,625.5691360352753
,,,,902.026056024506,625.5691360352753
,,,,902.026056024506,625.5691360352753
,,,,902.026056024506,625.5691360352753
,,,,902.026056024506,625.5691360352753
,,,,902.026056024506,625.5691360352753
,,,,902.026056024506,625.5691360352753
,,,,902.026056024506,625.5691360352753
,,,,902.026056024506,625.5691360352753
,,,,902.026056024506,625.5691360352753
,,,,902.026056024506,625.5691360352753
,,,,902.026056024506,625.5691360352753
,,,,902.026056024506,625.5691360352753
,,,,902.026056024506,625.5691360352753
,,,,902.026056024506,625.5691360352753
,,,,902.026056024506,625.5691360352753
,,,,902.026056024506,625.5691360352753
,,,,902.026056024506,625.5691360352753
,,,,902.026056024506,625.5691360352753
,,,,902.026056024506,625.5691360352753
,,,,902.026056024506,625.5691360352753
,,,,902.026056024506,625.5691360352753
,,,,902.026056024506,625.5691360352753
,,,,902.026056024506,625.5691360352753
,,,,902.026056024506,625.5691360352753
,,,,902.026056024506,625.5691360352753
,,,,0.0,0.0
,,,,0.0,0.0
,,,,0.0,0.0
,,,,902.026056024506,625.5691360352753
,,,,902.026056024506,625.5691360352753
,,,,902.026056024506,625.5691360352753
,,,,902.026056024506,625.5691360352753
,,,,902.026056024506,625.5691360352753
,,,,902.026056024506,625.5691360352753
,,,,902.026056024506,625.5691360352753
,,,,902.026056024506,625.5691360352753
,,,,902.026056024506,625.5691360352753
,,,,902.026056024506,625.5691360352753
,,,,902.026056024506,625.5691360352753
,,,,902.026056024506,625.5691360352753
,,,,902.026056024506,625.5691360352753
,,,,902.026056024506,625.5691360352753
,,,,902.026056024506,625.5691360352753
,,,,902.026056024506,625.5691360352753
,,,,902.026056024506,625.5691360352753
,,,,902.026056024506,625.5691360352753
,,,,902.026056024506,625.5691360352753
,,,,902.026056024506,625.5691360352753
,,,,902.026056024506,625.5691360352753
,,,,902.026056024506,625.5691360352753
,,,,902.026056024506,625.5691360352753
,,,,902.026056024506,625.5691360352753
,,,,902.026056024506,625.5691360352753
,,,,902.026056024506,625.5691360352753
,,,,902.026056024506,625.5691360352753
,,,,902.026056024506,625.5691360352753
,,,,902.026056024506,625.5691360352753
,,,,902.026056024506,625.5691360352753
,,,,902.026056024506,625.5691360352753
,,,,902.026056024506,625.5691360352753
,,,,902.026056024506,625.5691360352753
,,,,902.026056024506,625.5691360352753
,,,,902.026056024506,625.5691360352753
,,,,902.026056024506,625.5691360352753
,,,,902.026056024506,625.5691360352753
,,,,902.026056024506,625.5691360352753
,,,,902.026056024506,625.5691360352753
,,,,902.026056024506,625.5691360352753
,,,,902.026056024506,625.5691360352753
,,,,902.026056024506,625.5691360352753
,,,,902.026056024506,625.5691360352753
,,,,902.026056024506,625.5691360352753
,,,,902.026056024506,625.5691360352753
,,,,902.026056024506,625.5691360352753
,,,,902.026056024506,625.5691360352753
,,,,902.026056024506,625.5691360352753
,,,,902.026056024506,625.5691360352753
,,,,902.026056024506,625.5691360352753
,,,,902.026056024506,625.5691360352753
,,,,902.026056024506,625.5691360352753
,,,,902.026056024506,625.5691360352753
,,,,902.026056024506,625.5691360352753
,,,,902.026056024506,625.5691360352753
,,,,902.026056024506,625.5691360352753
,,,,902.026056024506,625.5691360352753
,,,,902.026056024506,625.5691360352753
,,,,902.026056024506,625.5691360352753
,,,,902.026056024506,625.5691360352753
,,,,902.026056024506,625.5691360352753
,,,,902.026056024506,625.5691360352753
,,,,0.0,0.0
,,,,0.0,0.0
,,,,0.0,0.0
,,,,0.0,0.0
,,,,0.0,0.0
,,,,0.0,0.0
,,,,902.026056024506,625.5691360352753
,,,,0.0,0.0
,,,,0.0,0.0
,,,,0.0,0.0
,,,,902.026056024506,625.5691360352753
,,,,902.026056024506,625.5691360352753
,,,,902.026056024506,625.5691360352753
,,,,902.026056024506,625.5691360352753
,,,,902.026056024506,625.5691360352753
,,,,902.026056024506,625.5691360352753
,,,,902.026056024506,625.5691360352753
,,,,902.026056024506,625.5691360352753
,,,,902.026056024506,625.5691360352753
,,,,902.026056024506,625.5691360352753
,,,,902.026056024506,625.5691360352753
,,,,902.026056024506,625.5691360352753
,,,,902.026056024506,625.5691360352753
,,,,902.026056024506,625.5691360352753
,,,,902.026056024506,625.5691360352753
,,,,902.026056024506,625.5691360352753
,,,,902.026056024506,625.5691360352753
,,,,902.026056024506,625.5691360352753
,,,,902.026056024506,625.5691360352753
,,,,902.026056024506,625.5691360352753
,,,,902.026056024506,625.5691360352753
,,,,902.026056024506,625.5691360352753
,,,,902.026056024506,625.5691360352753
,,,,902.026056024506,625.5691360352753
,,,,-9999.99,-9999.99
,,,,902.026056024506,625.5691360352753
,,,,0.0,0.0
,,,,902.026056024506,625.5691360352753
,,,,902.026056024506,625.5691360352753
,,,,902.026056024506,625.5691360352753
,,,,902.026056024506,625.5691360352753
,,,,902.026056024506,625.5691360352753
,,,,902.026056024506,625.5691360352753
,,,,902.026056024506,625.5691360352753
,,,,902.026056024506,625.5691360352753
,,,,902.026056024506,625.5691360352753
,,,,0.0,0.0
,,,,902.026056024506,625.5691360352753
,,,,902.026056024506,625.5691360352753
,,,,902.026056024506,625.5691360352753
,,,,902.026056024506,625.5691360352753
,,,,0.0,0.0
,,,,902.026056024506,625.5691360352753
,,,,902.026056024506,625.5691360352753
,,,,902.026056024506,625.5691360352753
,,,,902.026056024506,625.5691360352753
,,,,902.026056024506,625.5691360352753
,,,,0.0,0.0
,,,,0.0,0.0
,,,,0.0,0.0
,,,,0.0,0.0
,,,,0.0,0.0
,,,,0.0,0.0
,,,,0.0,0.0
,,,,0.0,0.0
,,,,0.0,0.0
,,,,0.0,0.0
,,,,0.0,0.0
,,,,0.0,0.0
,,,,0.0,0.0
,,,,0.0,0.0
,,,,0.0,0.0
,,,,0.0,0.0
,,,,0.0,0.0
,,,,0.0,0.0
,,,,0.0,0.0
,,,,0.0,0.0
,,,,0.0,0.0
,,,,0.0,0.0
,,,,0.0,0.0
,,,,0.0,0.0
,,,,0.0,0.0
,,,,0.0,0.0
,,,,0.0,0.0
,,,,0.0,0.0
,,,,0.0,0.0
,,,,0.0,0.0
,,,,0.0,0.0
,,,,0.0,0.0
,,,,0.0,0.0
,,,,0.0,0.0
,,,,0.0,0.0
,,,,0.0,0.0
,,,,0.0,0.0
,,,,0.0,0.0
,,,,0.0,0.0
,,,,0.0,0.0
,,,,0.0,0.0
,,,,0.0,0.0
,,,,0.0,0.0
,,,,0.0,0.0
,,,,0.0,0.0
,,,,0.0,0.0
,,,,0.0,0.0
,,,,0.0,0.0
,,,,0.0,0.0
,,,,0.0,0.0
,,,,0.0,0.0
,,,,0.0,0.0
,,,,0.0,0.0
,,,,0.0,0.0
,,,,0.0,0.0
,,,,0.0,0.0
,,,,0.0,0.0
,,,,0.0,0.0
,,,,0.0,0.0
,,,,0.0,0.0
,,,,0.0,0.0
,,,,0.0,0.0
,,,,0.0,0.0
,,,,0.0,0.0
,,,,0.0,0.0
,,,,0.0,0.0
,,,,0.0,0.0
,,,,0.0,0.0
,,,,0.0,0.0
,,,,0.0,0.0
,,,,0.0,0.0
,,,,0.0,0.0
,,,,0.0,0.0
,,,,0.0,0.0
,,,,0.0,0.0
,,,,0.0,0.0
,,,,0.0,0.0
,,,,0.0,0.0
,,,,0.0,0.0
,,,,0.0,0.0
,,,,0.0,0.0
,,,,0.0,0.0
,,,,0.0,0.0
,,,,0.0,0.0
,,,,0.0,0.0
,,,,0.0,0.0
,,,,0.0,0.0
,,,,0.0,0.0
,,,,0.0,0.0
,,,,0.0,0.0
,,,,0.0,0.0
,,,,0.0,0.0
,,,,0.0,0.0
,,,,0.0,0.0
,,,,0.0,0.0
,,,,0.0,0.0
,,,,0.0,0.0
,,,,0.0,0.0
,,,,0.0,0.0
,,,,0.0,0.0
,,,,0.0,0.0
,,,,0.0,0.0
,,,,0.0,0.0
,,,,0.0,0.0
,,,,0.0,0.0
,,,,0.0,0.0
,,,,0.0,0.0
,,,,0.0,0.0
,,,,0.0,0.0
,,,,0.0,0.0
,,,,0.0,0.0
,,,,0.0,0.0
,,,,0.0,0.0
,,,,0.0,0.0
,,,,0.0,0.0
,,,,0.0,0.0
,,,,0.0,0.0
,,,,0.0,0.0
,,,,0.0,0.0
,,,,0.0,0.0
,,,,0.0,0.0
,,,,0.0,0.0
,,,,0.0,0.0
,,,,0.0,0.0
,,,,0.0,0.0
,,,,0.0,0.0
,,,,0.0,0.0
,,,,0.0,0.0
,,,,0.0,0.0
,,,,0.0,0.0
,,,,0.0,0.0
,,,,0.0,0.0
,,,,0.0,0.0
,,,,0.0,0.0
,,,,0.0,0.0
,,,,0.0,0.0
,,,,0.0,0.0
,,,,0.0,0.0
,,,,0.0,0.0
,,,,0.0,0.0
,,,,0.0,0.0
,,,,0.0,0.0
,,,,0.0,0.0
,,,,0.0,0.0
,,,,0.0,0.0
,,,,869.2254371491141,590.8273266633482
,,,,869.2254371491141,590.8273266633482
,,,,869.2254371491141,590.8273266633482
,,,,869.2254371491141,590.8273266633482
,,,,869.2254371491141,590.8273266633482
,,,,869.2254371491141,590.8273266633482
,,,,869.2254371491141,590.8273266633482
,,,,869.2254371491141,590.8273266633482
,,,,869.2254371491141,590.8273266633482
,,,,869.2254371491141,590.8273266633482
,,,,869.2254371491141,590.8273266633482
,,,,869.2254371491141,590.8273266633482
,,,,869.2254371491141,590.8273266633482
,,,,869.2254371491141,590.8273266633482
,,,,869.2254371491141,590.8273266633482
,,,,869.2254371491141,590.8273266633482
,,,,869.2254371491141,590.8273266633482
,,,,869.2254371491141,590.8273266633482
,,,,869.2254371491141,590.8273266633482
,,,,869.2254371491141,590.8273266633482
,,,,869.2254371491141,590.8273266633482
,,,,869.2254371491141,590.8273266633482
,,,,869.2254371491141,590.8273266633482
,,,,869.2254371491141,590.8273266633482
,,,,869.2254371491141,590.8273266633482
,,,,869.2254371491141,590.8273266633482
,,,,869.2254371491141,590.8273266633482
,,,,869.2254371491141,590.8273266633482
,,,,869.2254371491141,590.8273266633482
,,,,869.2254371491141,590.8273266633482
,,,,869.2254371491141,590.8273266633482
,,,,869.2254371491141,590.8273266633482
,,,,869.2254371491141,590.8273266633482
,,,,869.2254371491141,590.8273266633482
,,,,869.2254371491141,590.8273266633482
,,,,869.2254371491141,590.8273266633482
,,,,869.2254371491141,590.8273266633482
,,,,0.0,0.0
,,,,869.2254371491141,590.8273266633482
,,,,869.2254371491141,590.8273266633482
,,,,869.2254371491141,590.8273266633482
,,,,0.0,0.0
,,,,869.2254371491141,590.8273266633482
,,,,869.2254371491141,590.8273266633482
,,,,869.2254371491141,590.8273266633482
,,,,869.2254371491141,590.8273266633482
,,,,869.2254371491141,590.8273266633482
,,,,869.2254371491141,590.8273266633482
,,,,869.2254371491141,590.8273266633482
,,,,869.2254371491141,590.8273266633482
,,,,869.2254371491141,590.8273266633482
,,,,869.2254371491141,590.8273266633482
,,,,869.2254371491141,590.8273266633482
,,,,869.2254371491141,590.8273266633482
,,,,869.2254371491141,590.8273266633482
,,,,869.2254371491141,590.8273266633482
,,,,869.2254371491141,590.8273266633482
,,,,869.2254371491141,590.8273266633482
,,,,0.0,0.0
,,,,869.2254371491141,590.8273266633482
,,,,869.2254371491141,590.8273266633482
,,,,869.2254371491141,590.8273266633482
,,,,869.2254371491141,590.8273266633482
,,,,869.2254371491141,590.8273266633482
,,,,869.2254371491141,590.8273266633482
,,,,869.2254371491141,590.8273266633482
,,,,869.2254371491141,590.8273266633482
,,,,869.2254371491141,590.8273266633482
,,,,869.2254371491141,590.8273266633482
,,,,869.2254371491141,590.8273266633482
,,,,869.2254371491141,590.8273266633482
,,,,869.2254371491141,590.8273266633482
,,,,869.2254371491141,590.8273266633482
,,,,869.2254371491141,590.8273266633482
,,,,869.2254371491141,590.8273266633482
,,,,869.2254371491141,590.8273266633482
,,,,869.2254371491141,590.8273266633482
,,,,869.2254371491141,590.8273266633482
,,,,869.2254371491141,590.8273266633482
,,,,869.2254371491141,590.8273266633482
,,,,869.2254371491141,590.8273266633482
,,,,869.2254371491141,590.8273266633482
,,,,869.2254371491141,590.8273266633482
,,,,869.2254371491141,590.8273266633482
,,,,869.2254371491141,590.8273266633482
,,,,869.2254371491141,590.8273266633482
,,,,869.2254371491141,590.8273266633482
,,,,869.2254371491141,590.8273266633482
,,,,869.2254371491141,590.8273266633482
,,,,869.2254371491141,590.8273266633482
,,,,869.2254371491141,590.8273266633482
,,,,869.2254371491141,590.8273266633482
,,,,869.2254371491141,590.8273266633482
,,,,869.2254371491141,590.8273266633482
,,,,0.0,0.0
,,,,869.2254371491141,590.8273266633482
,,,,869.2254371491141,590.8273266633482
,,,,-9999.99,-9999.99
,,,,869.2254371491141,590.8273266633482
,,,,0.0,0.0
,,,,869.2254371491141,590.8273266633482
,,,,0.0,0.0
,,,,869.2254371491141,590.8273266633482
,,,,869.2254371491141,590.8273266633482
,,,,-9999.99,-9999.99
,,,,0.0,0.0
,,,,0.0,0.0
,,,,869.2254371491141,590.8273266633482
,,,,869.2254371491141,590.8273266633482
,,,,869.2254371491141,590.8273266633482
,,,,869.2254371491141,590.8273266633482
,,,,-9999.99,-9999.99
,,,,0.0,0.0
,,,,0.0,0.0
,,,,0.0,0.0
,,,,869.2254371491141,590.8273266633482
,,,,869.2254371491141,590.8273266633482
,,,,869.2254371491141,590.8273266633482
,,,,869.2254371491141,590.8273266633482
,,,,869.2254371491141,590.8273266633482
,,,,0.0,0.0
,,,,869.2254371491141,590.8273266633482
,,,,869.2254371491141,590.8273266633482
,,,,869.2254371491141,590.8273266633482
,,,,869.2254371491141,590.8273266633482
,,,,869.2254371491141,590.8273266633482
,,,,869.2254371491141,590.8273266633482
,,,,869.2254371491141,590.8273266633482
,,,,869.2254371491141,590.8273266633482
,,,,869.2254371491141,590.8273266633482
,,,,869.2254371491141,590.8273266633482
,,,,869.2254371491141,590.8273266633482
,,,,869.2254371491141,590.8273266633482
,,,,869.2254371491141,590.8273266633482
,,,,869.2254371491141,590.8273266633482
,,,,869.2254371491141,590.8273266633482
,,,,869.2254371491141,590.8273266633482
,,,,869.2254371491141,590.8273266633482
,,,,869.2254371491141,590.8273266633482
,,,,869.2254371491141,590.8273266633482
,,,,869.2254371491141,590.8273266633482
,,,,869.2254371491141,590.8273266633482
,,,,869.2254371491141,590.8273266633482
,,,,869.2254371491141,590.8273266633482
,,,,869.2254371491141,590.8273266633482
,,,,869.2254371491141,590.8273266633482
,,,,869.2254371491141,590.8273266633482
,,,,869.2254371491141,590.8273266633482
,,,,869.2254371491141,590.8273266633482
,,,,869.2254371491141,590.8273266633482
,,,,869.2254371491141,590.8273266633482
,,,,869.2254371491141,590.8273266633482
,,,,869.2254371491141,590.8273266633482
,,,,869.2254371491141,590.8273266633482
,,,,869.2254371491141,590.8273266633482
,,,,869.2254371491141,590.8273266633482
,,,,869.2254371491141,590.8273266633482
,,,,869.2254371491141,590.8273266633482
,,,,869.2254371491141,590.8273266633482
,,,,869.2254371491141,590.8273266633482
,,,,869.2254371491141,590.8273266633482
,,,,869.2254371491141,590.8273266633482
,,,,869.2254371491141,590.8273266633482
,,,,873.2799212420778,591.243199619918
,,,,873.2799212420778,591.243199619918
,,,,873.2799212420778,591.243199619918
,,,,873.2799212420778,591.243199619918
,,,,873.2799212420778,591.243199619918
,,,,873.2799212420778,591.243199619918
,,,,873.2799212420778,591.243199619918
,,,,873.2799212420778,591.243199619918
,,,,873.2799212420778,591.243199619918
,,,,873.2799212420778,591.243199619918
,,,,873.2799212420778,591.243199619918
,,,,873.2799212420778,591.243199619918
,,,,873.2799212420778,591.243199619918
,,,,873.2799212420778,591.243199619918
,,,,873.2799212420778,591.243199619918
,,,,873.2799212420778,591.243199619918
,,,,873.2799212420778,591.243199619918
,,,,873.2799212420778,591.243199619918
,,,,873.2799212420778,591.243199619918
,,,,873.2799212420778,591.243199619918
,,,,873.2799212420778,591.243199619918
,,,,873.2799212420778,591.243199619918
,,,,873.2799212420778,591.243199619918
,,,,873.2799212420778,591.243199619918
,,,,873.2799212420778,591.243199619918
,,,,873.2799212420778,591.243199619918
,,,,873.2799212420778,591.243199619918
,,,,873.2799212420778,591.243199619918
,,,,873.2799212420778,591.243199619918
,,,,873.2799212420778,591.243199619918
,,,,873.2799212420778,591.243199619918
,,,,873.2799212420778,591.243199619918
,,,,873.2799212420778,591.243199619918
,,,,873.2799212420778,591.243199619918
,,,,873.2799212420778,591.243199619918
,,,,873.2799212420778,591.243199619918
,,,,873.2799212420778,591.243199619918
,,,,873.2799212420778,591.243199619918
,,,,873.2799212420778,591.243199619918
,,,,873.2799212420778,591.243199619918
,,,,873.2799212420778,591.243199619918
,,,,873.2799212420778,591.243199619918
,,,,873.2799212420778,591.243199619918
,,,,873.2799212420778,591.243199619918
,,,,873.2799212420778,591.243199619918
,,,,873.2799212420778,591.243199619918
,,,,873.2799212420778,591.243199619918
,,,,873.2799212420778,591.243199619918
,,,,873.2799212420778,591.243199619918
,,,,873.2799212420778,591.243199619918
,,,,873.2799212420778,591.243199619918
,,,,873.2799212420778,591.243199619918
,,,,873.2799212420778,591.243199619918
,,,,873.2799212420778,591.243199619918
,,,,873.2799212420778,591.243199619918
,,,,873.2799212420778,591.243199619918
,,,,873.2799212420778,591.243199619918
,,,,873.2799212420778,591.243199619918
,,,,873.2799212420778,591.243199619918
,,,,873.2799212420778,591.243199619918
,,,,873.2799212420778,591.243199619918
,,,,873.2799212420778,591.243199619918
,,,,873.2799212420778,591.243199619918
,,,,873.2799212420778,591.243199619918
,,,,873.2799212420778,591.243199619918
,,,,873.2799212420778,591.243199619918
,,,,873.2799212420778,591.243199619918
,,,,873.2799212420778,591.243199619918
,,,,873.2799212420778,591.243199619918
,,,,873.2799212420778,591.243199619918
,,,,873.2799212420778,591.243199619918
,,,,873.2799212420778,591.243199619918
,,,,0.0,0.0
,,,,873.2799212420778,591.243199619918
,,,,873.2799212420778,591.243199619918
,,,,873.2799212420778,591.243199619918
,,,,873.2799212420778,591.243199619918
,,,,873.2799212420778,591.243199619918
,,,,873.2799212420778,591.243199619918
,,,,873.2799212420778,591.243199619918
,,,,873.2799212420778,591.243199619918
,,,,873.2799212420778,591.243199619918
,,,,873.2799212420778,591.243199619918
,,,,873.2799212420778,591.243199619918
,,,,873.2799212420778,591.243199619918
,,,,873.2799212420778,591.243199619918
,,,,873.2799212420778,591.243199619918
,,,,873.2799212420778,591.243199619918
,,,,873.2799212420778,591.243199619918
,,,,873.2799212420778,591.243199619918
,,,,0.0,0.0
,,,,0.0,0.0
,,,,873.2799212420778,591.243199619918
,,,,873.2799212420778,591.243199619918
,,,,873.2799212420778,591.243199619918
,,,,873.2799212420778,591.243199619918
,,,,873.2799212420778,591.243199619918
,,,,873.2799212420778,591.243199619918
,,,,0.0,0.0
,,,,873.2799212420778,591.243199619918
,,,,873.2799212420778,591.243199619918
,,,,873.2799212420778,591.243199619918
,,,,0.0,0.0
,,,,873.2799212420778,591.243199619918
,,,,873.2799212420778,591.243199619918
,,,,873.2799212420778,591.243199619918
,,,,873.2799212420778,591.243199619918
,,,,873.2799212420778,591.243199619918
,,,,873.2799212420778,591.243199619918
,,,,873.2799212420778,591.243199619918
,,,,0.0,0.0
,,,,873.2799212420778,591.243199619918
,,,,873.2799212420778,591.243199619918
,,,,873.2799212420778,591.243199619918
,,,,873.2799212420778,591.243199619918
,,,,873.2799212420778,591.243199619918
,,,,873.2799212420778,591.243199619918
,,,,873.2799212420778,591.243199619918
,,,,0.0,0.0
,,,,0.0,0.0
,,,,873.2799212420778,591.243199619918
,,,,873.2799212420778,591.243199619918
,,,,873.2799212420778,591.243199619918
,,,,0.0,0.0
,,,,0.0,0.0
,,,,0.0,0.0
,,,,0.0,0.0
,,,,0.0,0.0
,,,,0.0,0.0
,,,,0.0,0.0
,,,,0.0,0.0
,,,,0.0,0.0
,,,,0.0,0.0
,,,,0.0,0.0
,,,,0.0,0.0
,,,,0.0,0.0
,,,,873.2799212420778,591.243199619918
,,,,873.2799212420778,591.243199619918
,,,,873.2799212420778,591.243199619918
,,,,873.2799212420778,591.243199619918
,,,,873.2799212420778,591.243199619918
,,,,873.2799212420778,591.243199619918
,,,,873.2799212420778,591.243199619918
,,,,873.2799212420778,591.243199619918
,,,,873.2799212420778,591.243199619918
,,,,873.2799212420778,591.243199619918
,,,,873.2799212420778,591.243199619918
,,,,873.2799212420778,591.243199619918
,,,,0.0,0.0
,,,,873.2799212420778,591.243199619918
,,,,873.2799212420778,591.243199619918
,,,,873.2799212420778,591.243199619918
,,,,873.2799212420778,591.243199619918
,,,,873.2799212420778,591.243199619918
,,,,873.2799212420778,591.243199619918
,,,,873.2799212420778,591.243199619918
,,,,873.2799212420778,591.243199619918
,,,,873.2799212420778,591.243199619918
,,,,873.2799212420778,591.243199619918
,,,,873.2799212420778,591.243199619918
,,,,873.2799212420778,591.243199619918
,,,,873.2799212420778,591.243199619918
,,,,873.2799212420778,591.243199619918
,,,,873.2799212420778,591.243199619918
,,,,873.2799212420778,591.243199619918
,,,,873.2799212420778,591.243199619918
,,,,873.2799212420778,591.243199619918
,,,,873.2799212420778,591.243199619918
,,,,873.2799212420778,591.243199619918
,,,,873.2799212420778,591.243199619918
,,,,873.2799212420778,591.243199619918
,,,,873.2799212420778,591.243199619918
,,,,873.2799212420778,591.243199619918
,,,,873.2799212420778,591.243199619918
,,,,873.2799212420778,591.243199619918
,,,,873.2799212420778,591.243199619918
,,,,873.2799212420778,591.243199619918
,,,,873.2799212420778,591.243199619918
,,,,873.2799212420778,591.243199619918
,,,,873.2799212420778,591.243199619918
,,,,873.2799212420778,591.243199619918
,,,,873.2799212420778,591.243199619918
,,,,873.2799212420778,591.243199619918
,,,,873.2799212420778,591.243199619918
,,,,873.2799212420778,591.243199619918
,,,,873.2799212420778,591.243199619918
,,,,873.2799212420778,591.243199619918
,,,,873.2799212420778,591.243199619918
,,,,873.2799212420778,591.243199619918
,,,,873.2799212420778,591.243199619918
,,,,873.2799212420778,591.243199619918
,,,,873.2799212420778,591.243199619918
,,,,873.2799212420778,591.243199619918
,,,,873.2799212420778,591.243199619918
,,,,873.2799212420778,591.243199619918
,,,,873.2799212420778,591.243199619918
,,,,873.2799212420778,591.243199619918
,,,,0.0,0.0
,,,,0.0,0.0
,,,,0.0,0.0
,,,,0.0,0.0
,,,,0.0,0.0
,,,,0.0,0.0
,,,,0.0,0.0
,,,,0.0,0.0
,,,,906.1043342781352,596.6095042315828
,,,,906.1043342781352,596.6095042315828
,,,,906.1043342781352,596.6095042315828
,,,,906.1043342781352,596.6095042315828
,,,,906.1043342781352,596.6095042315828
,,,,906.1043342781352,596.6095042315828
,,,,906.1043342781352,596.6095042315828
,,,,906.1043342781352,596.6095042315828
,,,,905.1749412814804,596.1462413733275
,,,,905.1749412814804,596.1462413733275
,,,,905.1749412814804,596.1462413733275
,,,,905.1749412814804,596.1462413733275
,,,,905.1749412814804,596.1462413733275
,,,,905.1749412814804,596.1462413733275
,,,,905.1749412814804,596.1462413733275
,,,,905.1749412814804,596.1462413733275
,,,,897.6833732290136,626.989784341818
,,,,897.6833732290136,626.989784341818
,,,,897.6833732290136,626.989784341818
,,,,897.6833732290136,626.989784341818
,,,,897.6833732290136,626.989784341818
,,,,897.6833732290136,626.989784341818
,,,,897.6833732290136,626.989784341818
,,,,897.6833732290136,626.989784341818
,,,,897.6833732290136,626.989784341818
,,,,897.6833732290136,626.989784341818
,,,,897.6833732290136,626.989784341818
,,,,897.6833732290136,626.989784341818
,,,,897.6833732290136,626.989784341818
,,,,900.2362110052164,623.9247719810983
,,,,900.2362110052164,623.9247719810983
,,,,900.2362110052164,623.9247719810983
,,,,900.2362110052164,623.9247719810983
,,,,900.2362110052164,623.9247719810983
,,,,900.2362110052164,623.9247719810983
,,,,900.2362110052164,623.9247719810983
,,,,900.2362110052164,623.9247719810983
,,,,900.2362110052164,623.9247719810983
,,,,900.2362110052164,623.9247719810983
,,,,900.2362110052164,623.9247719810983
,,,,900.2362110052164,623.9247719810983
,,,,900.2362110052164,623.9247719810983
,,,,900.2362110052164,623.9247719810983
,,,,900.2362110052164,623.9247719810983
,,,,900.2362110052164,623.9247719810983
,,,,900.2362110052164,623.9247719810983
,,,,900.2362110052164,623.9247719810983
,,,,900.2362110052164,623.9247719810983
,,,,900.2362110052164,623.9247719810983
,,,,900.2362110052164,623.9247719810983
,,,,900.2362110052164,623.9247719810983
,,,,0.0,0.0
,,,,900.2362110052164,623.9247719810983
,,,,900.2362110052164,623.9247719810983
,,,,900.2362110052164,623.9247719810983
,,,,900.2362110052164,623.9247719810983
,,,,900.2362110052164,623.9247719810983
,,,,900.2362110052164,623.9247719810983
,,,,900.2362110052164,623.9247719810983
,,,,900.2362110052164,623.9247719810983
,,,,900.2362110052164,623.9247719810983
,,,,900.2362110052164,623.9247719810983
,,,,900.2362110052164,623.9247719810983
,,,,900.2362110052164,623.9247719810983
,,,,900.2362110052164,623.9247719810983
,,,,900.2362110052164,623.9247719810983
,,,,900.2362110052164,623.9247719810983
,,,,900.2362110052164,623.9247719810983
,,,,900.2362110052164,623.9247719810983
,,,,900.2362110052164,623.9247719810983
,,,,900.2362110052164,623.9247719810983
,,,,900.2362110052164,623.9247719810983
,,,,900.2362110052164,623.9247719810983
,,,,900.2362110052164,623.9247719810983
,,,,900.2362110052164,623.9247719810983
,,,,900.2362110052164,623.9247719810983
,,,,900.2362110052164,623.9247719810983
,,,,900.2362110052164,623.9247719810983
,,,,900.2362110052164,623.9247719810983
,,,,900.2362110052164,623.9247719810983
,,,,900.2362110052164,623.9247719810983
,,,,900.2362110052164,623.9247719810983
,,,,900.2362110052164,623.9247719810983
,,,,900.2362110052164,623.9247719810983
,,,,900.2362110052164,623.9247719810983
,,,,900.2362110052164,623.9247719810983
,,,,900.2362110052164,623.9247719810983
,,,,900.2362110052164,623.9247719810983
,,,,0.0,0.0
,,,,900.2362110052164,623.9247719810983
,,,,900.2362110052164,623.9247719810983
,,,,900.2362110052164,623.9247719810983
,,,,900.2362110052164,623.9247719810983
,,,,900.2362110052164,623.9247719810983
,,,,900.2362110052164,623.9247719810983
,,,,900.2362110052164,623.9247719810983
,,,,900.2362110052164,623.9247719810983
,,,,900.2362110052164,623.9247719810983
,,,,900.2362110052164,623.9247719810983
,,,,900.2362110052164,623.9247719810983
,,,,900.2362110052164,623.9247719810983
,,,,900.2362110052164,623.9247719810983
,,,,900.2362110052164,623.9247719810983
,,,,900.2362110052164,623.9247719810983
,,,,900.2362110052164,623.9247719810983
,,,,900.2362110052164,623.9247719810983
,,,,900.2362110052164,623.9247719810983
,,,,900.2362110052164,623.9247719810983
,,,,900.2362110052164,623.9247719810983
,,,,900.2362110052164,623.9247719810983
,,,,900.2362110052164,623.9247719810983
,,,,900.2362110052164,623.9247719810983
,,,,-9999.99,-9999.99
,,,,900.2362110052164,623.9247719810983
,,,,900.2362110052164,623.9247719810983
,,,,-9999.99,-9999.99
,,,,900.2362110052164,623.9247719810983
,,,,900.2362110052164,623.9247719810983
,,,,900.2362110052164,623.9247719810983
,,,,900.2362110052164,623.9247719810983
,,,,900.2362110052164,623.9247719810983
,,,,900.2362110052164,623.9247719810983
,,,,900.2362110052164,623.9247719810983
,,,,900.2362110052164,623.9247719810983
,,,,900.2362110052164,623.9247719810983
,,,,0.0,0.0
,,,,0.0,0.0
,,,,0.0,0.0
,,,,0.0,0.0
,,,,0.0,0.0
,,,,0.0,0.0
,,,,0.0,0.0
,,,,0.0,0.0
,,,,0.0,0.0
,,,,0.0,0.0
