jds,mags,magerrs,0,Residual X,Residual Y
2458424.70181713,9.729394169960665,0.03502207060210761,,934.9911397819204,743.8028396870322
2458425.70471065,9.762296160078364,0.020539714321057174,,934.9911397819204,743.8028396870322
2458427.73744213,9.76718567922656,0.022287978451221536,,934.9911397819204,743.8028396870322
2458429.72814815,9.79720077103189,0.017319280944817262,,934.9911397819204,743.8028396870322
2458431.73258102,9.821463946612836,0.021194805108717612,,934.9911397819204,743.8028396870322
2458434.69204861,9.855803780971863,0.017658132651011293,,934.9911397819204,743.8028396870322
2458436.65883102,9.840680340148854,0.013347697604057802,,934.9911397819204,743.8028396870322
2458438.68511574,9.85562182467524,0.026440630670832414,,934.9911397819204,743.8028396870322
2458439.68328704,9.885339703787253,0.018962062331006474,,934.9911397819204,743.8028396870322
2458440.67787037,9.794601209166563,0.042623266567876156,,934.9911397819204,743.8028396870322
2458441.69456019,9.917783548982761,0.020429178187928713,,934.9911397819204,743.8028396870322
2458449.6802662,9.93595497499598,0.020239229610077066,,934.9911397819204,743.8028396870322
2458450.70178241,9.908075355277209,0.051089189388762155,,934.9911397819204,743.8028396870322
2458451.68092593,9.928655264152553,0.01965254279282071,,934.9911397819204,743.8028396870322
2458463.64630787,9.971858203547717,0.025591714742090276,,934.9911397819204,743.8028396870322
2458465.63584491,10.038494291708023,0.024539195455436407,,934.9911397819204,743.8028396870322
2458468.6265625,10.019330672283871,0.021251891134641,,934.9911397819204,743.8028396870322
2458472.62340278,10.03716602704092,0.019357873093768622,,934.9911397819204,743.8028396870322
2458474.62607639,10.018061961280749,0.02224177865114859,,934.9911397819204,743.8028396870322
2458479.61053241,9.991576543937622,0.024494441873492492,,934.9911397819204,743.8028396870322
2458481.61564815,10.047009624026451,0.02221043364490726,,934.9911397819204,743.8028396870322
2458483.61585648,10.033531517215142,0.020722388244445857,,934.9911397819204,743.8028396870322
2458486.62215278,10.03078525187265,0.022078724768824366,,934.9911397819204,743.8028396870322
2458488.64561343,10.106463706954251,0.027392835862450636,,934.9911397819204,743.8028396870322
2458490.63466435,10.030121277537592,0.018942392804334157,,934.9911397819204,743.8028396870322
2458494.61332176,10.043002964824074,0.025646676032367886,,934.9911397819204,743.8028396870322
2458508.60773148,10.055383584842572,0.024236869480949698,,934.9911397819204,743.8028396870322
2458511.62041667,10.039384497755659,0.02275468986140305,,934.9911397819204,743.8028396870322
2458514.6071875,10.03706908511491,0.021323006943543617,,934.9911397819204,743.8028396870322
2458638.96116898,9.696460370297975,0.0176126855748968,,0.0,0.0
2458660.94226273,9.755245425314394,0.018811387084994993,,934.9911397819204,743.8028396870322
2458669.94909722,9.757459191795265,0.014816800648527438,,934.9911397819204,743.8028396870322
2458675.93769676,9.656142652522162,0.013351443725840113,,934.9911397819204,743.8028396870322
2458679.986325235,9.637677479230739,0.018703017584893688,,934.9911397819204,743.8028396870322
2458682.98587384,9.634431639914483,0.014711333364223894,,934.9911397819204,743.8028396870322
2458684.965578705,9.620398138331074,0.01711027592454175,,934.9911397819204,743.8028396870322
2458686.950439815,9.623295991506785,0.017730982963116888,,934.9911397819204,743.8028396870322
2458691.93579861,9.597857234673533,0.017292438882252813,,934.9911397819204,743.8028396870322
2458695.947314815,9.553914897847111,0.014523806183444477,,934.9911397819204,743.8028396870322
2458698.933605325,9.55524082330419,0.019047449294900366,,934.9911397819204,743.8028396870322
2458700.94137153,9.533826726415677,0.015657143234136913,,934.9911397819204,743.8028396870322
2458703.93079861,9.483302159060251,0.020480858440526457,,934.9911397819204,743.8028396870322
2458705.92090278,9.467016653538957,0.012907834146430049,,934.9911397819204,743.8028396870322
2458707.8946875,9.461735934177405,0.01350972072599706,,-9999.99,-9999.99
2458709.88429977,9.440384978864238,0.01826134527040195,,934.9911397819204,743.8028396870322
2458716.86572917,9.402394132837905,0.012937120354638468,,934.9911397819204,743.8028396870322
2458718.899600695,9.397661544547265,0.014203017534894577,,934.9911397819204,743.8028396870322
2458722.88947917,9.376630652197397,0.013073002607672007,,934.9911397819204,743.8028396870322
2458724.851689815,9.36960524301641,0.013159240271537639,,934.9911397819204,743.8028396870322
2458726.877175925,9.397699295011344,0.024750933068773448,,934.9911397819204,743.8028396870322
2458727.87702546,9.35738761029829,0.016096723519966688,,934.9911397819204,743.8028396870322
2458730.865167825,9.374379023869336,0.022341480027810313,,934.9911397819204,743.8028396870322
2458733.850868055,9.342906031390289,0.014445665493000694,,934.9911397819204,743.8028396870322
2458735.828425925,9.34907311301047,0.011565341959486107,,934.9911397819204,743.8028396870322
2458736.86760417,9.346355720354184,0.010493666885604935,,934.9911397819204,743.8028396870322
2458737.86716435,9.355154325745744,0.012174891996120075,,934.9911397819204,743.8028396870322
2458738.84142361,9.359795877296628,0.011978907058296892,,934.9911397819204,743.8028396870322
2458739.85726852,9.389294708721774,0.014401734094349092,,934.9911397819204,743.8028396870322
2458740.83605324,9.336949645480223,0.014036747060849203,,934.9911397819204,743.8028396870322
2458741.847314815,9.355488579012254,0.015278581271230008,,0.0,0.0
2458743.85851273,9.350105556559322,0.012415847023146893,,934.9911397819204,743.8028396870322
2458744.87449074,9.367286257699297,0.012462291062804874,,934.9911397819204,743.8028396870322
2458746.87614583,9.384006129736097,0.014353214742800935,,934.9911397819204,743.8028396870322
2458748.799953705,9.238873892276986,0.10039159165753582,,934.9911397819204,743.8028396870322
2458749.84009838,9.31172035971701,0.013683542392625373,,934.9911397819204,743.8028396870322
2458751.82629051,9.380861575789753,0.01613227965571977,,934.9911397819204,743.8028396870322
2458754.79699074,9.395631686313042,0.011288755667095396,,934.9911397819204,743.8028396870322
2458758.785671295,9.414969757075937,0.01359318566068167,,934.9911397819204,743.8028396870322
2458760.802800925,9.410991674204261,0.012222238347171168,,934.9911397819204,743.8028396870322
2458762.76267361,9.429680512073663,0.012197435561562095,,934.9911397819204,743.8028396870322
2458764.749016205,9.45091402169577,0.012326433168197669,,934.9911397819204,743.8028396870322
2458766.742627315,9.441024563937356,0.00922019059013927,,934.9911397819204,743.8028396870322
2458769.78380208,9.458548453745376,0.020088946038794613,,934.9911397819204,743.8028396870322
2458771.77064815,9.509016370589002,0.014329042244197522,,934.9911397819204,743.8028396870322
2458776.77265046,9.481643779143148,0.011822476495440687,,934.9911397819204,743.8028396870322
2458780.71630787,9.527336530815068,0.012845783204761914,,0.0,0.0
2458782.76451389,9.558113829657392,0.015979836685808775,,934.9911397819204,743.8028396870322
2458785.72113426,9.550151924003876,0.010433180134116359,,934.9911397819204,743.8028396870322
2458787.696886575,9.540718869548261,0.012382260183431446,,934.9911397819204,743.8028396870322
2458788.769363425,9.577974384929847,0.01736312700021367,,934.9911397819204,743.8028396870322
2458790.70190972,9.604674040519864,0.013441576738728735,,934.9911397819204,743.8028396870322
2458792.710596065,9.602583852457176,0.017005772553119504,,934.9911397819204,743.8028396870322
2458794.68233796,9.618341939690978,0.017342539363788857,,934.9911397819204,743.8028396870322
2458795.71515625,9.635271150086263,0.014675214887108292,,0.0,0.0
2458796.72883102,9.660566312642883,0.014899322118849655,,-9999.99,-9999.99
2458799.687586805,9.639689647795434,0.019754294686094322,,934.9911397819204,743.8028396870322
2458801.689461805,9.671738032570786,0.01409190141774508,,934.9911397819204,743.8028396870322
2458803.691377315,9.678901560622194,0.014990651758717503,,934.9911397819204,743.8028396870322
2458805.664131945,9.68949214688182,0.01580843043853517,,934.9911397819204,743.8028396870322
2458812.68314815,9.712121150650978,0.012507125507019956,,934.9911397819204,743.8028396870322
2458820.65787037,9.801947888271439,0.013206521924840321,,934.9911397819204,743.8028396870322
2458831.65088542,9.89725601886436,0.03950105777776039,,934.9911397819204,743.8028396870322
2458836.63736111,9.948825148257322,0.018049058257161445,,934.9911397819204,743.8028396870322
2458846.62509259,10.049273216233912,0.019690127839574124,,934.9911397819204,743.8028396870322
2458850.63099537,10.095612214217233,0.027454615299765346,,934.9911397819204,743.8028396870322
2458852.65152778,10.114560495337805,0.025821934253556843,,934.9911397819204,743.8028396870322
2458856.627824075,10.156939108366045,0.020707057248942617,,934.9911397819204,743.8028396870322
2458861.62838542,10.183166998616247,0.022537095738054885,,934.9911397819204,743.8028396870322
2458873.656828705,10.313133646978228,0.030039324528714904,,934.9911397819204,743.8028396870322
2458876.61553241,10.358817071555002,0.021568026678452895,,934.9911397819204,743.8028396870322
2458877.6413831,10.344766653999239,0.03050692993184089,,0.0,0.0
2458878.634618055,10.349492898606517,0.02768434555962668,,934.9911397819204,743.8028396870322
2458879.61774884,10.317371508683456,0.048413234854937565,,-9999.99,-9999.99
2458881.620578705,10.415567753695864,0.028939993794458687,,0.0,0.0
2458882.62435185,10.364489166293374,0.025634239215461693,,934.9911397819204,743.8028396870322
2458885.61928241,10.466963644102806,0.034829088485823494,,934.9911397819204,743.8028396870322
2458887.601261575,10.47184828259414,0.03193859332279966,,934.9911397819204,743.8028396870322
2458891.60927083,10.536799464611908,0.027100115855735147,,934.9911397819204,743.8028396870322
2459035.857743055,11.577353413798084,0.15778699661653245,,934.9911397819204,743.8028396870322
2459068.00422454,11.525174150464188,0.08685785976545733,,-9999.99,-9999.99
2459068.999675925,11.446510192119348,0.06597850784884127,,-9999.99,-9999.99
2459069.998819445,11.513986825989834,0.09170830408776336,,934.9911397819204,743.8028396870322
2459070.99439815,11.437868529493878,0.08398716806303855,,934.9911397819204,743.8028396870322
2459071.99189815,11.473414788191748,0.081938122508407,,934.9911397819204,743.8028396870322
2459072.987997685,11.562592300462212,0.10581779179985261,,934.9911397819204,743.8028396870322
2459073.984247685,11.462860621731863,0.07032411791180124,,934.9911397819204,743.8028396870322
2459075.980729165,11.511228509871446,0.0852287740706152,,934.9911397819204,743.8028396870322
2459076.97796296,11.619958807805688,0.08940134775595074,,934.9911397819204,743.8028396870322
2459077.97402778,11.481189895374309,0.09413384042370326,,934.9911397819204,743.8028396870322
2459079.97060185,11.488058201592494,0.0783232741656594,,934.9911397819204,743.8028396870322
2459080.96635417,11.46414732069558,0.08990836393744277,,934.9911397819204,743.8028396870322
2459081.96377315,11.474531285758724,0.079928915866628,,934.9911397819204,743.8028396870322
2459082.96019676,11.49080276096076,0.07396520178374622,,934.9911397819204,743.8028396870322
2459086.949247685,11.383021613566763,0.0717672546718239,,934.9911397819204,743.8028396870322
2459087.949988425,11.441698616549616,0.0801234343020275,,934.9911397819204,743.8028396870322
2459088.94553241,11.526426429830634,0.08741699380696658,,934.9911397819204,743.8028396870322
2459089.941886575,11.503691828322433,0.08507083858002866,,934.9911397819204,743.8028396870322
2459090.93928241,11.45356598510571,0.0787535126259786,,934.9911397819204,743.8028396870322
2459091.935868055,11.475219259617251,0.06841592004910649,,934.9911397819204,743.8028396870322
2459092.93234954,11.403792165953986,0.06999809581600118,,934.9911397819204,743.8028396870322
2459093.931944445,11.52375096753598,0.09742177434584273,,934.9911397819204,743.8028396870322
2459094.92916667,11.47790574174889,0.08693220889709494,,934.9911397819204,743.8028396870322
2459095.92458333,11.406934387537468,0.08286913135587305,,0.0,0.0
2459096.92150463,11.52499013351132,0.08567960564855205,,934.9911397819204,743.8028396870322
2459097.921944445,11.37938703040776,0.06922778916108176,,934.9911397819204,743.8028396870322
2459102.91443287,11.401917500295749,0.0892678921493338,,934.9911397819204,743.8028396870322
2459104.90197917,11.47802253779747,0.08917029759435699,,934.9911397819204,743.8028396870322
2459106.89800926,11.452974663832965,0.09354667042598967,,934.9911397819204,743.8028396870322
2459107.89371528,11.414708131694205,0.09202023256560132,,934.9911397819204,743.8028396870322
2459108.8909375,11.41496377356758,0.06977987457754063,,934.9911397819204,743.8028396870322
2459109.88633102,11.526551073318817,0.09295439617734874,,934.9911397819204,743.8028396870322
2459110.88390046,11.490009708024678,0.12222604566118082,,934.9911397819204,743.8028396870322
2459111.880497685,11.451640956538975,0.09106556893488955,,934.9911397819204,743.8028396870322
2459112.87994213,11.515721297345653,0.10000065927560867,,934.9911397819204,743.8028396870322
2459113.876435185,11.474353238628014,0.07706580850745127,,934.9911397819204,743.8028396870322
2459114.87378472,11.434797536955445,0.08219571861958826,,934.9911397819204,743.8028396870322
2459115.870300925,11.473893294593019,0.09709180378941272,,934.9911397819204,743.8028396870322
2459116.86928241,11.474759292043137,0.10206357343265983,,934.9911397819204,743.8028396870322
2459118.86263889,11.46690824937388,0.08744743377968518,,934.9911397819204,743.8028396870322
2459119.85952546,11.530321508806727,0.10847392246168659,,934.9911397819204,743.8028396870322
2459120.85943287,11.386935900010819,0.09098022309185468,,934.9911397819204,743.8028396870322
2459121.85516204,11.472790908391785,0.09550823469838678,,934.9911397819204,743.8028396870322
2459122.85275463,11.423421709361081,0.07906058816607316,,934.9911397819204,743.8028396870322
2459123.848796295,11.458988925530987,0.08740279511402951,,934.9911397819204,743.8028396870322
2459124.84491898,11.487200739103105,0.08126247742836326,,934.9911397819204,743.8028396870322
2459125.84559028,11.547372325742373,0.10440828071858108,,934.9911397819204,743.8028396870322
2459126.84165509,11.522572251756587,0.08342728995458988,,934.9911397819204,743.8028396870322
2459128.835381945,11.510608626213248,0.08522710183176968,,934.9911397819204,743.8028396870322
2459129.8353125,11.501845969394205,0.07765486636264711,,934.9911397819204,743.8028396870322
2459130.83084491,11.461910126427222,0.08498322334821759,,934.9911397819204,743.8028396870322
2459131.82791667,11.392811574379818,0.09580236815053012,,934.9911397819204,743.8028396870322
2459132.82392361,11.428038326590864,0.07902835647272632,,934.9911397819204,743.8028396870322
2459133.820555555,11.502284089529711,0.08852439460509065,,934.9911397819204,743.8028396870322
2459134.81777778,11.432051658313961,0.07471911250498163,,934.9911397819204,743.8028396870322
2459135.817453705,11.48815768226398,0.10404287697127837,,934.9911397819204,743.8028396870322
2459136.814756945,11.555868704480774,0.09631579844419041,,934.9911397819204,743.8028396870322
2459137.81078704,11.564878127375403,0.09229868279442136,,934.9911397819204,743.8028396870322
2459138.80665509,11.527481785673398,0.0811929376077213,,934.9911397819204,743.8028396870322
2459139.80759259,11.482715771009557,0.08168240483173735,,934.9911397819204,743.8028396870322
2459140.80427083,11.497461304475854,0.08395353432823462,,934.9911397819204,743.8028396870322
2459141.800578705,11.434714764413059,0.08021950428401035,,934.9911397819204,743.8028396870322
2459142.797060185,11.426832855011355,0.09000438686805569,,934.9911397819204,743.8028396870322
2459143.79730324,11.535577554668318,0.086559010078405,,934.9911397819204,743.8028396870322
2459144.790555555,11.431246754390129,0.08912837193590187,,934.9911397819204,743.8028396870322
2459145.78988426,11.38252641562814,0.07061433090408371,,934.9911397819204,743.8028396870322
2459146.78622685,11.33406147143761,0.07447100612826184,,934.9911397819204,743.8028396870322
2459147.78230324,11.382313336723662,0.10051621246139948,,934.9911397819204,743.8028396870322
2459149.779618055,11.342759710684364,0.08811948500711815,,934.9911397819204,743.8028396870322
2459150.77615741,11.453709855071686,0.0786451757200801,,934.9911397819204,743.8028396870322
2459151.77260417,11.427322337065903,0.09070384322402392,,934.9911397819204,743.8028396870322
2459152.76866898,11.494649800886686,0.08216391133643071,,934.9911397819204,743.8028396870322
2459153.76570602,11.432357081422333,0.09709169196344088,,934.9911397819204,743.8028396870322
2459155.762118055,11.402627142399018,0.08621340547510811,,934.9911397819204,743.8028396870322
2459157.75678241,11.378848462399453,0.06884477462180996,,934.9911397819204,743.8028396870322
2459164.74020833,11.227439408735615,0.06753244586877541,,934.9911397819204,743.8028396870322
2459169.72505787,11.257063449345452,0.07605805419091431,,934.9911397819204,743.8028396870322
2459172.716377315,11.336135793190815,0.08895814409975138,,934.9911397819204,743.8028396870322
2459173.72478009,11.208353753252798,0.07071431562221048,,934.9911397819204,743.8028396870322
2459178.699618055,11.519999107988555,0.11513477889667596,,934.9911397819204,743.8028396870322
2459180.69409722,11.123413865828809,0.072318871194156,,934.9911397819204,743.8028396870322
2459187.67488426,11.15678534002348,0.06735956917402046,,934.9911397819204,743.8028396870322
2459189.67423611,11.263308090876356,0.059436898016255325,,0.0,0.0
2459193.78103009,11.07360069982517,0.06130113469323632,,934.9911397819204,743.8028396870322
2459195.67247685,11.215431306811263,0.06471183046552577,,-9999.99,-9999.99
2459199.64337963,11.14238970282806,0.05785120582335871,,934.9911397819204,743.8028396870322
2459202.64128472,11.053942798508396,0.05976741483625237,,934.9911397819204,743.8028396870322
2459204.63291667,11.063961078869623,0.06599188794132206,,934.9911397819204,743.8028396870322
2459206.62302083,11.118377994312093,0.17956139301746074,,934.9911397819204,743.8028396870322
2459210.623703705,10.981786937814444,0.08366733167310086,,934.9911397819204,743.8028396870322
2459215.629444445,11.012733245015236,0.0515665547159086,,934.9911397819204,743.8028396870322
2459218.61908565,11.05685506594222,0.05108089160833301,,934.9911397819204,743.8028396870322
2459220.63196759,11.075384623504956,0.06243508309099975,,0.0,0.0
2459224.673935185,10.99268860024143,0.049863528025927764,,0.0,0.0
2459226.65,11.002096685134196,0.07150652987285182,,0.0,0.0
2459228.63821759,11.138428110579948,0.15244211504442112,,0.0,0.0
2459231.61378472,11.059169593914278,0.0591450917465007,,-9999.99,-9999.99
2459233.62634259,10.928524950020643,0.05111539153582325,,0.0,0.0
2459248.61347222,10.85960596531122,0.06332283955200776,,934.9911397819204,743.8028396870322
2459251.622002315,10.961094206979917,0.05690066920466931,,934.9911397819204,743.8028396870322
2459253.61133102,10.995778243919382,0.10471181835773136,,934.9911397819204,743.8028396870322
2459255.61184028,10.936266377366234,0.07993195981235625,,934.9911397819204,743.8028396870322
2459257.6115625,10.931789704330514,0.0668112470733074,,934.9911397819204,743.8028396870322
2459303.028935185,10.833259596219717,0.052302431776222916,,934.9911397819204,743.8028396870322
2459304.02574074,10.847365950342832,0.0424069753349112,,934.9911397819204,743.8028396870322
2459306.01983796,10.802060884880891,0.05420556542650002,,934.9911397819204,743.8028396870322
2459307.011122685,10.905490399505076,0.04843122115896713,,934.9911397819204,743.8028396870322
2459309.005694445,10.843882858543022,0.040187579698995016,,934.9911397819204,743.8028396870322
2459309.99414352,10.790292970610228,0.05362910615014803,,934.9911397819204,743.8028396870322
2459311.008761575,10.892637991384289,0.045962698319774335,,934.9911397819204,743.8028396870322
2459312.00265046,10.845995823879909,0.03872291675658748,,934.9911397819204,743.8028396870322
2459313.00239583,10.65822558934191,0.0637660372761163,,934.9911397819204,743.8028396870322
2459314.99253472,10.824913916901282,0.04788429545230724,,934.9911397819204,743.8028396870322
2459315.99190972,10.873723639233472,0.05396996591692032,,934.9911397819204,743.8028396870322
2459321.97917824,10.847310565392862,0.05135326710989366,,934.9911397819204,743.8028396870322
2459322.98287037,10.799301788504017,0.03950133245031286,,934.9911397819204,743.8028396870322
2459323.97693287,10.833739406150475,0.04738078351950525,,0.0,0.0
2459324.96859954,10.804276871247911,0.04068288933646235,,0.0,0.0
2459325.97185185,10.850929963036004,0.04956215598539311,,0.0,0.0
2459328.95927083,10.838822305666639,0.04060653774928698,,0.0,0.0
2459329.95523148,10.881298315459384,0.05237837832995356,,0.0,0.0
2459333.94503472,10.845771764724894,0.04918093490011271,,0.0,0.0
2459334.944305555,10.837061130629356,0.05054367606574519,,934.9911397819204,743.8028396870322
2459335.93296296,10.836720570738402,0.054961181435674855,,0.0,0.0
2459336.928391205,10.870239474573031,0.04695836768121923,,0.0,0.0
2459337.98395833,10.928027400849015,0.054055214953078225,,0.0,0.0
2459338.9366088,10.858699732076142,0.053028049490064864,,934.9911397819204,743.8028396870322
2459339.92599537,10.868821296130328,0.05100860640187094,,934.9911397819204,743.8028396870322
2459340.92386574,10.88256904586868,0.05605115889250482,,934.9911397819204,743.8028396870322
2459341.923483795,10.822655970252839,0.039098313446803104,,934.9911397819204,743.8028396870322
2459342.92165509,10.93227364966471,0.06527121372753514,,934.9911397819204,743.8028396870322
2459343.923449075,10.918920601797518,0.057169340234061373,,934.9911397819204,743.8028396870322
2459345.92072917,10.8520904676314,0.041498758515536,,934.9911397819204,743.8028396870322
2459347.917569445,10.917797049450193,0.058778960076125326,,934.9911397819204,743.8028396870322
2459348.906979165,10.929478318446304,0.04931867017010163,,934.9911397819204,743.8028396870322
2459349.918252315,10.900423867576984,0.06155785889383793,,934.9911397819204,743.8028396870322
2459353.909814815,10.87754812735798,0.045576304936855064,,934.9911397819204,743.8028396870322
2459354.891608795,10.982646917508543,0.09997979291725699,,934.9911397819204,743.8028396870322
2459355.91548611,11.193720252895837,0.29595446231940215,,934.9911397819204,743.8028396870322
2459356.90202546,10.94377700684827,0.061719295560927145,,934.9911397819204,743.8028396870322
2459358.89824074,10.932623323266037,0.06692250361228372,,934.9911397819204,743.8028396870322
2459359.892256945,10.94371122267337,0.055321086357221834,,934.9911397819204,743.8028396870322
2459361.89202546,10.91663766040009,0.056081065143584824,,934.9911397819204,743.8028396870322
2459362.8765625,10.978333059736125,0.05709600997776181,,934.9911397819204,743.8028396870322
2459363.86996528,10.987895646107976,0.1090381656349831,,934.9911397819204,743.8028396870322
2459364.88158565,10.932843681761765,0.05238837753794378,,934.9911397819204,743.8028396870322
2459365.87763889,10.880612846074179,0.050823540119184905,,934.9911397819204,743.8028396870322
2459366.86729167,10.926023466569212,0.0442621352880958,,934.9911397819204,743.8028396870322
2459367.863020835,10.898153528036502,0.050677412391940985,,934.9911397819204,743.8028396870322
2459368.86224537,10.926661677842915,0.052056016053478836,,934.9911397819204,743.8028396870322
2459369.85783565,10.983256883871833,0.04837649297775748,,934.9911397819204,743.8028396870322
2459370.85837963,10.89300197020021,0.05741975095032961,,934.9911397819204,743.8028396870322
2459371.85513889,10.947164781818074,0.054994531392592416,,934.9911397819204,743.8028396870322
2459373.859016205,11.073594489126723,0.0726407342742171,,934.9911397819204,743.8028396870322
2459374.856863425,10.932889963598024,0.07460072191276845,,934.9911397819204,743.8028396870322
2459375.84826389,11.004864991893056,0.057228529650782865,,934.9911397819204,743.8028396870322
2459376.84141204,10.953940590999327,0.05153705933402768,,934.9911397819204,743.8028396870322
2459377.837175925,10.931043481912218,0.06529958166151284,,934.9911397819204,743.8028396870322
2459378.832118055,10.962570125071247,0.06886309092951416,,934.9911397819204,743.8028396870322
2459379.845625,10.890182131672374,0.05206528964716204,,934.9911397819204,743.8028396870322
2459380.89177083,11.147657619965171,0.19616708680855788,,934.9911397819204,743.8028396870322
2459381.88827546,10.792102089268212,0.062033051713363555,,934.9911397819204,743.8028396870322
2459382.83951389,10.89109119550086,0.053038078795027456,,934.9911397819204,743.8028396870322
2459385.844444445,10.906813689637643,0.06478078281101647,,934.9911397819204,743.8028396870322
2459386.840613425,10.98799468544289,0.08092663765505506,,934.9911397819204,743.8028396870322
2459387.83671296,10.9669189889692,0.05834709795090898,,934.9911397819204,743.8028396870322
2459389.85037037,11.003945683300051,0.055759277367957334,,934.9911397819204,743.8028396870322
2459390.879247685,10.954982929873115,0.052344833489444374,,934.9911397819204,743.8028396870322
2459391.814305555,11.052105081172055,0.07983673298169577,,934.9911397819204,743.8028396870322
2459392.827858795,11.006661630804652,0.07254027632139291,,934.9911397819204,743.8028396870322
2459393.82363426,11.102731648903418,0.09922758893833142,,934.9911397819204,743.8028396870322
2459394.82263889,10.923611704547112,0.13883242864465695,,934.9911397819204,743.8028396870322
2459396.818310185,10.960559428188631,0.07182301380421667,,934.9911397819204,743.8028396870322
2459397.81398148,11.001812482438702,0.07868900438546346,,934.9911397819204,743.8028396870322
2459399.81196759,10.998426958991113,0.06198682681742307,,934.9911397819204,743.8028396870322
2459400.808796295,11.065020652142351,0.06552096956466293,,934.9911397819204,743.8028396870322
2459401.80383102,11.128997644354568,0.07661410973522585,,934.9911397819204,743.8028396870322
2459402.80511574,11.03749700132208,0.07637392153578347,,934.9911397819204,743.8028396870322
2459403.81527778,10.96743787303239,0.04658265067289747,,934.9911397819204,743.8028396870322
2459404.800144675,11.004629731705503,0.057619436581342574,,934.9911397819204,743.8028396870322
2459406.79818287,11.032646471830997,0.08050492891478754,,934.9911397819204,743.8028396870322
2459407.78821759,11.04890332467345,0.07749561885443282,,-9999.99,-9999.99
2459408.787800925,11.023484170762801,0.09630973908214031,,934.9911397819204,743.8028396870322
2459409.78326389,10.996795932421826,0.07613804045186102,,934.9911397819204,743.8028396870322
2459410.781689815,10.992935266556646,0.06669954940792645,,0.0,0.0
2459410.83204861,10.939676669736409,0.06887768548029922,,934.9911397819204,743.8028396870322
2459411.78599537,11.091326400061208,0.0637365308443059,,934.9911397819204,743.8028396870322
2459412.78141204,11.018212521020391,0.0785490494054213,,934.9911397819204,743.8028396870322
2459415.76954861,11.00932909001508,0.06485816438173529,,934.9911397819204,743.8028396870322
2459417.761377315,10.576110444996226,0.2855326274182784,,934.9911397819204,743.8028396870322
2459419.773425925,11.07627741626307,0.24124213736362154,,934.9911397819204,743.8028396870322
2459425.767175925,11.02268450153537,0.06970258274949127,,934.9911397819204,743.8028396870322
2459428.76673611,11.1250001226569,0.07621294031393179,,934.9911397819204,743.8028396870322
2459429.75704861,11.078739105607864,0.06888726695140365,,934.9911397819204,743.8028396870322
2459430.756574075,11.0368397222683,0.059214329056231405,,934.9911397819204,743.8028396870322
2459431.75440972,10.970027146964798,0.040373920160515143,,934.9911397819204,743.8028396870322
2459432.75064815,11.01768178091237,0.04363966790723867,,934.9911397819204,743.8028396870322
2459433.74984954,11.036247905988452,0.0685445453203353,,934.9911397819204,743.8028396870322
2459434.74627315,11.128172057537835,0.06557653460388974,,934.9911397819204,743.8028396870322
2459435.746354165,11.05926348118544,0.0653391869541215,,934.9911397819204,743.8028396870322
2459436.750578705,11.043564961772372,0.06997521871478427,,934.9911397819204,743.8028396870322
2459439.732233795,10.941085930075255,0.06146863764058076,,934.9911397819204,743.8028396870322
2459440.73275463,11.058024028029415,0.07789677133953793,,934.9911397819204,743.8028396870322
2459442.72670139,10.97556551731797,0.08261293591269288,,934.9911397819204,743.8028396870322
2459450.70447917,10.989745419735204,0.06223685087835761,,934.9911397819204,743.8028396870322
2459451.704074075,11.170439422565087,0.058623820390675985,,934.9911397819204,743.8028396870322
2459452.70145833,11.142029296316785,0.0694500727327739,,934.9911397819204,743.8028396870322
2459453.69931713,11.029068665837187,0.07055590688686122,,934.9911397819204,743.8028396870322
2459454.69820602,11.07862384315054,0.06081543473223897,,0.0,0.0
2459455.69390046,11.012124683221218,0.050785216423708535,,934.9911397819204,743.8028396870322
2459456.93611111,11.247263163279015,0.08284008400470519,,934.9911397819204,743.8028396870322
2459459.68047454,11.113460891904337,0.07006080293635848,,934.9911397819204,743.8028396870322
2459460.68013889,11.078762645688387,0.0687368077699251,,934.9911397819204,743.8028396870322
2459461.677314815,11.077572700275738,0.05163177670101911,,934.9911397819204,743.8028396870322
2459462.67724537,11.098191798248445,0.0774433648789387,,934.9911397819204,743.8028396870322
2459463.670613425,11.157388525435833,0.06887518627292714,,934.9911397819204,743.8028396870322
2459464.669988425,11.120009805392726,0.06005802524539773,,934.9911397819204,743.8028396870322
2459466.666886575,10.991675946025493,0.06009589152639151,,934.9911397819204,743.8028396870322
2459469.66008102,10.86447678193042,0.05507815621262296,,934.9911397819204,743.8028396870322
2459470.65269676,11.069888041274279,0.062493660851460436,,934.9911397819204,743.8028396870322
2459471.645671295,11.07515663114258,0.05687704705170611,,934.9911397819204,743.8028396870322
2459472.64334491,11.05688617780986,0.05784927630833599,,934.9911397819204,743.8028396870322
2459473.646875,11.118708219725285,0.05833440866335909,,934.9911397819204,743.8028396870322
2459474.64809028,11.010312413791768,0.0708204484931528,,934.9911397819204,743.8028396870322
2459475.973703705,11.256933940965988,0.07345270737653675,,934.9911397819204,743.8028396870322
2459476.64614583,11.134712171412703,0.0784018451469809,,934.9911397819204,743.8028396870322
2459477.64409722,11.08121852652468,0.06675405337324054,,934.9911397819204,743.8028396870322
2459478.64266204,10.993398074668509,0.05892448548081465,,934.9911397819204,743.8028396870322
2459479.64171296,11.047056904034712,0.0672075962609828,,934.9911397819204,743.8028396870322
2459480.639756945,11.039892564317318,0.056960271613256744,,934.9911397819204,743.8028396870322
2459487.85212963,11.35402505431142,0.08914492815315961,,934.9911397819204,743.8028396870322
2459488.8525,11.230824784623556,0.07071875700504421,,934.9911397819204,743.8028396870322
2459489.84940972,11.296022024297784,0.07277276263609186,,934.9911397819204,743.8028396870322
2459490.84480324,11.281824626814354,0.0745786717904476,,934.9911397819204,743.8028396870322
2459491.84158565,11.279525544316842,0.06020768945824749,,934.9911397819204,743.8028396870322
2459496.84553241,11.194989763921068,0.07886268996821094,,935.7389589555748,750.0903340265986
2459498.8212037,11.30493149547951,0.06617567065566904,,935.7389589555748,750.0903340265986
2459501.89010417,11.276747532467352,0.0676158738142573,,935.7389589555748,750.0903340265986
2459502.81084491,11.306914968161193,0.08000188222529818,,935.7389589555748,750.0903340265986
2459503.81096065,11.324969765920905,0.09219659900406381,,935.7389589555748,750.0903340265986
2459504.80672454,11.107467488007043,0.16411226141587967,,935.7389589555748,750.0903340265986
2459505.80302083,11.244616110116516,0.06736026851756143,,935.7389589555748,750.0903340265986
2459507.79722222,11.25643274725999,0.05547618998344221,,935.7389589555748,750.0903340265986
2459508.796608795,11.265401464893795,0.05258841237041896,,935.7389589555748,750.0903340265986
2459509.79347222,11.177603530796532,0.06479417808907716,,935.7389589555748,750.0903340265986
2459512.78310185,11.219450314850368,0.07731904490972753,,935.7389589555748,750.0903340265986
2459514.7790625,11.224302181812048,0.08410505125892419,,935.7389589555748,750.0903340265986
2459515.77565972,11.194012119774232,0.06560890714304381,,935.7389589555748,750.0903340265986
2459516.77238426,11.27066602464929,0.07547342903602536,,935.7389589555748,750.0903340265986
2459517.772939815,11.305193215993494,0.08201068629254145,,935.7389589555748,750.0903340265986
2459518.769328705,11.219553157072417,0.0693919980387059,,935.7389589555748,750.0903340265986
2459520.762233795,11.132927070478784,0.05233871855451336,,935.7389589555748,750.0903340265986
2459521.76255787,11.242869942529694,0.07860803249933468,,935.7389589555748,750.0903340265986
2459523.754386575,11.257457717130805,0.07865741303680694,,935.7389589555748,750.0903340265986
2459524.75171296,11.226391702483063,0.08103896745943397,,935.7389589555748,750.0903340265986
2459525.74791667,11.198383213503986,0.06278178153246051,,935.7389589555748,750.0903340265986
2459526.748622685,11.203100866027958,0.07116331853046776,,935.7389589555748,750.0903340265986
2459527.744814815,11.110721689327475,0.05400774013332145,,935.7389589555748,750.0903340265986
2459529.73810185,11.217557867363235,0.08127748253851194,,935.7389589555748,750.0903340265986
2459530.73449074,11.237333496050516,0.07585670662592102,,935.7389589555748,750.0903340265986
2459531.734988425,11.168810156728272,0.04850942447305017,,935.7389589555748,750.0903340265986
2459532.730613425,11.181625008720847,0.06184100055267319,,935.7389589555748,750.0903340265986
2459533.72800926,11.16367381427638,0.07576497305309608,,935.7389589555748,750.0903340265986
2459534.723993055,11.234866528626856,0.11580937522427805,,935.7389589555748,750.0903340265986
2459535.720694445,11.149891196480766,0.14110373904881757,,935.7389589555748,750.0903340265986
2459537.716319445,11.098705760541208,0.08113965471076068,,935.7389589555748,750.0903340265986
2459538.71326389,11.155346137899862,0.07075925012801669,,935.7389589555748,750.0903340265986
2459540.70709491,11.155306004460229,0.05652188334186818,,935.7389589555748,750.0903340265986
2459542.70357639,11.085822077408038,0.06242164179180443,,935.7389589555748,750.0903340265986
2459543.70010417,11.03205437978721,0.046657645896798335,,935.7389589555748,750.0903340265986
2459544.69565972,11.00654080307194,0.0459907386975553,,935.7389589555748,750.0903340265986
2459545.69302083,11.091173982522388,0.06165305668681001,,0.0,0.0
2459546.69273148,11.113437533731457,0.0655286224398855,,935.7389589555748,750.0903340265986
2459547.68953704,11.044759750125872,0.06655002251172427,,935.7389589555748,750.0903340265986
2459548.68505787,11.116011840293124,0.06651097069167634,,935.7389589555748,750.0903340265986
2459549.682060185,11.152718277252806,0.052750588200992155,,935.7389589555748,750.0903340265986
2459550.67900463,11.100672686824534,0.06477398968284498,,935.7389589555748,750.0903340265986
2459551.67927083,11.03867513721662,0.049924545386685254,,935.7389589555748,750.0903340265986
2459552.674699075,11.123743251015194,0.06523226954141059,,935.7389589555748,750.0903340265986
2459553.67170139,11.070530914910215,0.05974079607990625,,935.7389589555748,750.0903340265986
2459554.67204861,11.027209069266233,0.05218092354402303,,935.7389589555748,750.0903340265986
2459555.667453705,11.0751769140724,0.05796253561259732,,935.7389589555748,750.0903340265986
2459556.663935185,11.059933468575787,0.051625176474671325,,935.7389589555748,750.0903340265986
2459560.65489583,11.035769922257325,0.05855254270659534,,935.7389589555748,750.0903340265986
2459561.65105324,11.090525468029998,0.060265395658326414,,935.7389589555748,750.0903340265986
2459566.63638889,11.02877411961357,0.06882980162158217,,935.7389589555748,750.0903340265986
2459567.633136575,11.000889929367442,0.05852947346958189,,935.7389589555748,750.0903340265986
2459582.600694445,11.007285941541644,0.06117502093791271,,935.7389589555748,750.0903340265986
2459583.59982639,10.948742754739412,0.05043240849202938,,-9999.99,-9999.99
2459584.60046296,10.929085748400407,0.05358877945469083,,935.7389589555748,750.0903340265986
2459585.599502315,10.962817395244516,0.053987088466057404,,935.7389589555748,750.0903340265986
2459586.600439815,10.879766019495527,0.039719922133590976,,0.0,0.0
2459587.59966435,10.8947406186532,0.047773795903924325,,0.0,0.0
2459588.602511575,10.904935888650982,0.05632932396178055,,935.7389589555748,750.0903340265986
2459589.600891205,10.952122030249338,0.05600331413994915,,935.7389589555748,750.0903340265986
2459591.59991898,10.926827312299073,0.062430324232587986,,935.7389589555748,750.0903340265986
2459600.618738425,10.86353758579989,0.04439489640153486,,935.7389589555748,750.0903340265986
2459603.59917824,10.90872597611076,0.051404458327026295,,0.0,0.0
2459604.59976852,10.884210236625822,0.03840760074027292,,935.7389589555748,750.0903340265986
2459605.60015046,10.886949193621401,0.05899876015707366,,935.7389589555748,750.0903340265986
2459607.60152778,10.872569645582677,0.04680292701507858,,935.7389589555748,750.0903340265986
2459608.60228009,10.92527765343993,0.04937325305565235,,935.7389589555748,750.0903340265986
2459609.602743055,11.002529523586634,0.06234003566097295,,935.7389589555748,750.0903340265986
2459610.60372685,10.840027941443648,0.04249279585503031,,935.7389589555748,750.0903340265986
2459613.60142361,10.841077407009031,0.038329485370175345,,935.7389589555748,750.0903340265986
2459614.6021875,10.839993815352454,0.062032810415451625,,935.7389589555748,750.0903340265986
2459615.60099537,10.78833106230604,0.05205707540422566,,935.7389589555748,750.0903340265986
2459616.6015625,10.821279459689487,0.049431233916600925,,935.7389589555748,750.0903340265986
2459617.602175925,10.907936848168736,0.07892498388619318,,935.7389589555748,750.0903340265986
2459618.59978009,10.93226327659118,0.06302438433904958,,935.7389589555748,750.0903340265986
2459619.59877315,10.864986947087045,0.06877008135839514,,935.7389589555748,750.0903340265986
2459620.59931713,10.891151836610124,0.05020728103892412,,-9999.99,-9999.99
2459676.02048611,10.430715201485455,0.044056850934736366,,-9999.99,-9999.99
2459677.01521991,10.468089068034297,0.04258167275208826,,935.7389589555748,750.0903340265986
2459678.0065625,10.381462024227831,0.032088434471270195,,935.7389589555748,750.0903340265986
2459679.000925925,10.41300177473392,0.036346236103859404,,935.7389589555748,750.0903340265986
2459679.994375,10.343529549535017,0.03160686386590852,,935.7389589555748,750.0903340265986
2459682.97791667,10.286316178526178,0.03243046126476151,,935.7389589555748,750.0903340265986
2459683.97534722,10.307602489339388,0.030884513824985273,,935.7389589555748,750.0903340265986
2459684.973506945,10.332797971452509,0.029888906787335696,,935.7389589555748,750.0903340265986
2459686.985671295,10.448616975102345,0.0548690773248321,,-9999.99,-9999.99
2459687.965891205,10.312414697045568,0.031066699816991592,,935.7389589555748,750.0903340265986
2459693.9487963,10.301337516522443,0.03690560136013693,,935.7389589555748,750.0903340265986
2459694.95240741,10.303724888536953,0.032853315287521646,,935.7389589555748,750.0903340265986
2459696.947488425,10.303052193243483,0.02547762924285286,,935.7389589555748,750.0903340265986
2459697.94296296,10.280842470366453,0.02538831482491061,,935.7389589555748,750.0903340265986
2459698.945868055,10.24836369184379,0.028905073186033803,,935.7389589555748,750.0903340265986
2459699.95181713,10.300997988004388,0.032755195454505184,,-9999.99,-9999.99
2459700.93462963,10.263974182898545,0.019854980915463234,,935.7389589555748,750.0903340265986
2459702.939016205,10.211030588736962,0.0225305397266346,,935.7389589555748,750.0903340265986
2459703.92922454,10.19636350117863,0.03393145766670394,,935.7389589555748,750.0903340265986
2459704.92574074,10.216673806397251,0.018513989521265047,,935.7389589555748,750.0903340265986
2459705.92547454,10.228052151948363,0.026156254253019543,,935.7389589555748,750.0903340265986
2459706.91337963,10.242001522962605,0.029322828478881867,,0.0,0.0
2459707.91733796,10.258546995702467,0.03258886920278955,,935.7389589555748,750.0903340265986
2459708.90861111,10.12929929215871,0.02865540759702572,,935.7389589555748,750.0903340265986
2459709.90490741,10.215852137982461,0.023630874692994786,,935.7389589555748,750.0903340265986
2459710.903136575,10.150899361056517,0.02279830063464048,,935.7389589555748,750.0903340265986
2459711.9009375,10.208331912183105,0.02460814403131711,,935.7389589555748,750.0903340265986
2459712.899247685,10.192521228555885,0.02911691364941237,,935.7389589555748,750.0903340265986
2459713.89990741,10.22432069497316,0.03259656554184205,,935.7389589555748,750.0903340265986
2459715.920243055,10.199359901192443,0.025239686434136807,,935.7389589555748,750.0903340265986
2459716.89071759,10.18250950239264,0.03257876053060813,,935.7389589555748,750.0903340265986
2459717.892569445,10.210197760953145,0.02738868056409827,,935.7389589555748,750.0903340265986
2459718.885636575,10.183064523450144,0.01950059598548796,,935.7389589555748,750.0903340265986
2459719.885694445,10.195507535054322,0.023437133554609135,,935.7389589555748,750.0903340265986
2459721.88658565,10.19813845944845,0.03892148348730396,,935.7389589555748,750.0903340265986
2459722.88798611,10.186724299978263,0.02721489245136569,,935.7389589555748,750.0903340265986
2459723.88568287,10.204395282789756,0.023668653446327174,,935.7389589555748,750.0903340265986
2459724.87346065,10.18915019648098,0.027535899954576285,,935.7389589555748,750.0903340265986
2459725.87728009,10.16566206757033,0.025074766160806703,,935.7389589555748,750.0903340265986
2459726.87837963,10.206331303676475,0.02509219077806123,,935.7389589555748,750.0903340265986
2459729.93670139,10.160895857423805,0.02436466102686449,,935.7389589555748,750.0903340265986
2459731.865127315,10.144322881894462,0.029210249955242254,,935.7389589555748,750.0903340265986
2459732.855208335,10.171633277152619,0.02085772651734517,,935.7389589555748,750.0903340265986
2459733.867175925,10.126565402023887,0.025377573353538414,,935.7389589555748,750.0903340265986
2459734.85434028,10.138814593387238,0.02198285084715669,,935.7389589555748,750.0903340265986
2459737.84278935,10.125816066559985,0.021991493944202425,,935.7389589555748,750.0903340265986
2459738.84252315,10.116391898679145,0.015888280262391006,,935.7389589555748,750.0903340265986
2459739.84491898,10.15196928562097,0.027206865074379354,,935.7389589555748,750.0903340265986
2459740.84135417,10.1583209212423,0.03126654973739881,,935.7389589555748,750.0903340265986
2459741.83796296,10.125095458621107,0.032907833039713494,,-9999.99,-9999.99
2459742.84341435,10.126350118953118,0.027716370418831866,,935.7389589555748,750.0903340265986
2459744.876689815,10.168048633937541,0.05313987035477811,,935.7389589555748,750.0903340265986
2459746.836122685,10.150565979687228,0.027472976988814627,,935.7389589555748,750.0903340265986
2459747.81710648,10.18970793571459,0.023072933465924452,,935.7389589555748,750.0903340265986
2459748.82114583,10.120807823291015,0.019717642753285174,,935.7389589555748,750.0903340265986
2459749.818425925,10.122274784903647,0.02731659878999817,,935.7389589555748,750.0903340265986
2459750.82489583,9.962270452595662,0.023761276718054426,,935.7389589555748,750.0903340265986
2459751.81741898,10.052855595597316,0.02148572641989768,,935.7389589555748,750.0903340265986
2459752.809618055,10.203300699103474,0.03448676500471738,,935.7389589555748,750.0903340265986
2459754.80619213,10.186128867448673,0.03566191985049928,,935.7389589555748,750.0903340265986
2459755.80297454,10.23402311122232,0.03627459879977124,,935.7389589555748,750.0903340265986
2459756.79912037,10.167901638856184,0.02346976410981652,,935.7389589555748,750.0903340265986
2459757.80696759,10.178316279155483,0.027165002233010497,,935.7389589555748,750.0903340265986
2459758.79364583,10.158892483852053,0.02572050226681083,,935.7389589555748,750.0903340265986
2459759.79966435,10.162440260552343,0.026134706593326486,,935.7389589555748,750.0903340265986
2459760.787881945,10.14397580944889,0.026619647017395644,,935.7389589555748,750.0903340265986
2459761.79431713,10.109342382859333,0.02386893933488465,,935.7389589555748,750.0903340265986
2459762.79247685,10.139258043620805,0.02374198105054636,,935.7389589555748,750.0903340265986
2459763.781319445,10.124601599602759,0.03026924052717157,,935.7389589555748,750.0903340265986
2459764.78591435,10.124572091011128,0.024690578724732473,,935.7389589555748,750.0903340265986
2459767.771377315,9.98520716706362,0.024180174961543524,,935.7389589555748,750.0903340265986
2459768.76824074,10.168225571341845,0.028655869859537747,,935.7389589555748,750.0903340265986
2459769.764930555,10.13842968116061,0.02529560844538653,,935.7389589555748,750.0903340265986
2459770.76127315,10.160406388111257,0.023593674552451344,,935.7389589555748,750.0903340265986
2459771.756828705,10.14450840006502,0.030747667579389223,,935.7389589555748,750.0903340265986
2459772.765555555,10.112302370414843,0.018494126908566538,,935.7389589555748,750.0903340265986
2459773.75358796,10.178772263544568,0.03910663691960505,,935.7389589555748,750.0903340265986
2459774.76114583,10.132572433401329,0.023409651577162748,,-9999.99,-9999.99
2459775.75996528,10.12783744319937,0.022046223208747415,,935.7389589555748,750.0903340265986
2459776.75965278,10.14120637696288,0.02375325885971917,,935.7389589555748,750.0903340265986
2459777.759444445,10.138500747907386,0.024579708924140346,,-9999.99,-9999.99
2459778.75915509,10.180349463836427,0.08017686383120348,,935.7389589555748,750.0903340265986
2459779.758680555,10.088736230567179,0.027963452272860283,,0.0,0.0
2459780.757685185,10.202299823021011,0.040050030722228916,,935.7389589555748,750.0903340265986
2459782.75734954,10.166627106504366,0.04832568190789652,,935.7389589555748,750.0903340265986
2459783.775694445,10.098302887331817,0.024770831909921017,,935.7389589555748,750.0903340265986
2459784.75547454,10.147864326152579,0.023965120846052356,,935.7389589555748,750.0903340265986
2459785.77721065,10.14442669509412,0.029638526683901826,,935.7389589555748,750.0903340265986
2459786.755868055,10.16935687059824,0.022569233333247268,,935.7389589555748,750.0903340265986
2459787.77116898,10.09758569358577,0.021711193503756828,,935.7389589555748,750.0903340265986
2459788.77927083,10.150495342168893,0.029494428469780003,,935.7389589555748,750.0903340265986
2459789.755752315,10.199018347568291,0.02741290571886403,,935.7389589555748,750.0903340265986
2459798.73516204,10.189629262139098,0.03806898061783766,,935.7389589555748,750.0903340265986
2459799.72482639,10.174895873478727,0.03169998882892019,,935.7389589555748,750.0903340265986
2459803.98722222,10.267986519898939,0.030878028823108323,,935.7389589555748,750.0903340265986
2459806.72145833,10.093788917809645,0.030451960814433663,,935.7389589555748,750.0903340265986
2459807.72103009,10.211176293222088,0.025519796475012704,,935.7389589555748,750.0903340265986
2459809.71427083,10.21879335765381,0.03236704291488767,,935.7389589555748,750.0903340265986
2459810.71271991,10.177066474181984,0.03196273765970012,,-9999.99,-9999.99
2459811.966180555,10.267755245411616,0.02576422363951182,,935.7389589555748,750.0903340265986
2459812.72633102,10.198931502889492,0.028105955207720693,,935.7389589555748,750.0903340265986
2459813.70670139,10.223405721906204,0.02720605445294728,,935.7389589555748,750.0903340265986
2459814.70287037,10.170409687032963,0.024564172303614365,,935.7389589555748,750.0903340265986
2459815.702256945,10.241638515577383,0.042161246617120694,,935.7389589555748,750.0903340265986
2459818.69690972,10.177811708059252,0.02289988011349294,,935.7389589555748,750.0903340265986
2459823.68435185,10.235301061386288,0.033085856443211714,,935.7389589555748,750.0903340265986
2459823.93278935,10.326495246762807,0.024876978948815267,,935.7389589555748,750.0903340265986
2459824.682511575,10.224228751041007,0.030034865574207696,,-9999.99,-9999.99
2459825.67894676,10.238586605071312,0.03283976534997851,,0.0,0.0
2459828.665891205,10.30620608368466,0.032465411490916585,,935.7389589555748,750.0903340265986
2459829.67015046,10.257336960076557,0.03680282054275811,,935.7389589555748,750.0903340265986
2459830.66716435,10.233661854083788,0.029999165407078286,,935.7389589555748,750.0903340265986
2459839.65114583,10.211121659655914,0.029996330783569083,,935.7389589555748,750.0903340265986
2459840.645381945,10.289950519872544,0.028669079387730657,,935.7389589555748,750.0903340265986
2459841.64421296,10.304617502291967,0.035618167201597495,,935.7389589555748,750.0903340265986
2459842.64269676,10.307015017904659,0.030107807052347692,,935.7389589555748,750.0903340265986
2459843.63947917,10.377207448189914,0.046234902455477164,,935.7389589555748,750.0903340265986
2459844.63858796,10.316844267072831,0.02612628264871211,,0.0,0.0
2459845.63758102,10.284655454976928,0.02593537272150761,,-9999.99,-9999.99
2459848.63260417,10.392992077238963,0.03440002097386737,,935.7389589555748,750.0903340265986
2459849.862314815,10.435885819684023,0.03385450289843313,,935.7389589555748,750.0903340265986
2459850.62803241,10.343977215410968,0.02658269028320215,,935.7389589555748,750.0903340265986
2459853.61853009,10.390937594078549,0.042946403346038844,,935.7389589555748,750.0903340265986
2459854.61371528,10.284890649356006,0.03036567954498239,,0.0,0.0
2459855.610810185,10.42116100813716,0.1704601059389448,,935.7389589555748,750.0903340265986
2459858.838252315,10.47900021205116,0.030150401482252807,,0.0,0.0
2459859.83486111,10.511934139457646,0.04362308361202894,,930.5919838338611,751.1527916282816
2459873.797824075,10.735829617965335,0.054907576961670194,,0.0,0.0
2459877.787256945,10.63260628202716,0.037204935129765616,,930.5919838338611,751.1527916282816
2459878.78222222,10.566916945722042,0.034642926465422025,,930.5919838338611,751.1527916282816
2459879.77877315,10.642143289963746,0.04498646382981962,,930.5919838338611,751.1527916282816
2459880.77547454,10.613179896373865,0.042532926404000936,,0.0,0.0
2459881.77527778,10.60354963422852,0.042155309091832696,,930.5919838338611,751.1527916282816
2459882.77202546,10.627473558359375,0.035905981698832544,,930.5919838338611,751.1527916282816
2459883.768680555,10.670446984168109,0.043520708526288365,,0.0,0.0
2459888.754560185,10.688936757302434,0.046660074845097696,,0.0,0.0
2459889.751608795,10.69455666702165,0.03625078270740088,,930.5919838338611,751.1527916282816
2459894.7378588,10.632660144564818,0.047712154525599494,,930.5919838338611,751.1527916282816
2459895.73460648,10.698866979400014,0.049625236667492675,,930.5919838338611,751.1527916282816
2459896.73478009,10.762808877708716,0.04778576680000031,,930.5919838338611,751.1527916282816
2459898.72744213,10.734700467949903,0.03969381900547667,,930.5919838338611,751.1527916282816
2459899.724016205,10.715410558211454,0.045536569704905966,,930.5919838338611,751.1527916282816
2459900.72315972,10.721545229507365,0.05490245137547046,,930.5919838338611,751.1527916282816
2459901.71971065,10.752364825357612,0.052275846082486865,,930.5919838338611,751.1527916282816
2459902.71730324,10.785630575138038,0.04398268311218543,,930.5919838338611,751.1527916282816
2459903.71372685,10.750558415034504,0.04449373017955774,,930.5919838338611,751.1527916282816
2459904.710011575,10.756462432523124,0.04993427459541942,,930.5919838338611,751.1527916282816
2459904.75954861,10.794437625577132,0.04475501693021937,,930.5919838338611,751.1527916282816
2459905.709930555,11.028178277950387,0.05679959700007651,,930.5919838338611,751.1527916282816
2459906.706180555,10.80759908338334,0.05702494455745534,,930.5919838338611,751.1527916282816
,,,,930.5919838338611,751.1527916282816
,,,,930.5919838338611,751.1527916282816
,,,,930.5919838338611,751.1527916282816
,,,,930.5919838338611,751.1527916282816
,,,,930.5919838338611,751.1527916282816
,,,,930.5919838338611,751.1527916282816
,,,,930.5919838338611,751.1527916282816
,,,,930.5919838338611,751.1527916282816
,,,,930.5919838338611,751.1527916282816
,,,,930.5919838338611,751.1527916282816
,,,,930.5919838338611,751.1527916282816
,,,,930.5919838338611,751.1527916282816
,,,,930.5919838338611,751.1527916282816
,,,,930.5919838338611,751.1527916282816
,,,,0.0,0.0
,,,,930.5919838338611,751.1527916282816
,,,,930.5919838338611,751.1527916282816
,,,,0.0,0.0
,,,,0.0,0.0
,,,,930.5919838338611,751.1527916282816
,,,,0.0,0.0
,,,,0.0,0.0
,,,,930.5919838338611,751.1527916282816
,,,,0.0,0.0
,,,,930.5919838338611,751.1527916282816
,,,,930.5919838338611,751.1527916282816
,,,,930.5919838338611,751.1527916282816
,,,,0.0,0.0
,,,,930.5919838338611,751.1527916282816
,,,,0.0,0.0
,,,,930.5919838338611,751.1527916282816
,,,,0.0,0.0
,,,,930.5919838338611,751.1527916282816
,,,,930.5919838338611,751.1527916282816
,,,,930.5919838338611,751.1527916282816
,,,,0.0,0.0
,,,,0.0,0.0
,,,,-9999.99,-9999.99
,,,,930.5919838338611,751.1527916282816
,,,,930.5919838338611,751.1527916282816
,,,,930.5919838338611,751.1527916282816
,,,,930.5919838338611,751.1527916282816
,,,,930.5919838338611,751.1527916282816
,,,,930.5919838338611,751.1527916282816
,,,,930.5919838338611,751.1527916282816
,,,,0.0,0.0
,,,,930.5919838338611,751.1527916282816
,,,,0.0,0.0
,,,,930.5919838338611,751.1527916282816
,,,,930.5919838338611,751.1527916282816
,,,,930.5919838338611,751.1527916282816
,,,,0.0,0.0
,,,,0.0,0.0
,,,,0.0,0.0
,,,,930.5919838338611,751.1527916282816
,,,,930.5919838338611,751.1527916282816
,,,,930.5919838338611,751.1527916282816
,,,,0.0,0.0
,,,,0.0,0.0
,,,,0.0,0.0
,,,,0.0,0.0
,,,,0.0,0.0
,,,,930.5919838338611,751.1527916282816
,,,,930.5919838338611,751.1527916282816
,,,,930.5919838338611,751.1527916282816
,,,,930.5919838338611,751.1527916282816
,,,,930.5919838338611,751.1527916282816
,,,,930.5919838338611,751.1527916282816
,,,,0.0,0.0
,,,,930.5919838338611,751.1527916282816
,,,,0.0,0.0
,,,,930.5919838338611,751.1527916282816
,,,,930.5919838338611,751.1527916282816
,,,,0.0,0.0
,,,,930.5919838338611,751.1527916282816
,,,,930.5919838338611,751.1527916282816
,,,,930.5919838338611,751.1527916282816
,,,,0.0,0.0
,,,,0.0,0.0
,,,,0.0,0.0
,,,,930.5919838338611,751.1527916282816
,,,,0.0,0.0
,,,,0.0,0.0
,,,,0.0,0.0
,,,,0.0,0.0
,,,,0.0,0.0
,,,,930.5919838338611,751.1527916282816
,,,,930.5919838338611,751.1527916282816
,,,,930.5919838338611,751.1527916282816
,,,,930.5919838338611,751.1527916282816
,,,,930.5919838338611,751.1527916282816
,,,,930.5919838338611,751.1527916282816
,,,,930.5919838338611,751.1527916282816
,,,,0.0,0.0
,,,,930.5919838338611,751.1527916282816
,,,,0.0,0.0
,,,,930.5919838338611,751.1527916282816
,,,,930.5919838338611,751.1527916282816
,,,,930.5919838338611,751.1527916282816
,,,,0.0,0.0
,,,,0.0,0.0
,,,,930.5919838338611,751.1527916282816
,,,,930.5919838338611,751.1527916282816
,,,,930.5919838338611,751.1527916282816
,,,,930.5919838338611,751.1527916282816
,,,,930.5919838338611,751.1527916282816
,,,,930.5919838338611,751.1527916282816
,,,,930.5919838338611,751.1527916282816
,,,,930.5919838338611,751.1527916282816
,,,,930.5919838338611,751.1527916282816
,,,,930.5919838338611,751.1527916282816
,,,,930.5919838338611,751.1527916282816
,,,,930.5919838338611,751.1527916282816
,,,,930.5919838338611,751.1527916282816
,,,,930.5919838338611,751.1527916282816
,,,,0.0,0.0
,,,,930.5919838338611,751.1527916282816
,,,,930.5919838338611,751.1527916282816
,,,,930.5919838338611,751.1527916282816
,,,,930.5919838338611,751.1527916282816
,,,,930.5919838338611,751.1527916282816
,,,,930.5919838338611,751.1527916282816
,,,,930.5919838338611,751.1527916282816
,,,,930.5919838338611,751.1527916282816
,,,,930.5919838338611,751.1527916282816
,,,,930.5919838338611,751.1527916282816
,,,,930.5919838338611,751.1527916282816
,,,,0.0,0.0
,,,,930.5919838338611,751.1527916282816
,,,,930.5919838338611,751.1527916282816
,,,,930.5919838338611,751.1527916282816
,,,,930.5919838338611,751.1527916282816
,,,,0.0,0.0
,,,,930.5919838338611,751.1527916282816
,,,,0.0,0.0
,,,,0.0,0.0
,,,,930.5919838338611,751.1527916282816
,,,,930.5919838338611,751.1527916282816
,,,,930.5919838338611,751.1527916282816
,,,,930.5919838338611,751.1527916282816
,,,,0.0,0.0
,,,,930.5919838338611,751.1527916282816
,,,,930.5919838338611,751.1527916282816
,,,,930.5919838338611,751.1527916282816
,,,,930.5919838338611,751.1527916282816
,,,,930.5919838338611,751.1527916282816
,,,,930.5919838338611,751.1527916282816
,,,,923.5238184181374,651.1772845257906
,,,,923.5238184181374,651.1772845257906
,,,,923.5238184181374,651.1772845257906
,,,,923.5238184181374,651.1772845257906
,,,,923.5238184181374,651.1772845257906
,,,,923.5238184181374,651.1772845257906
,,,,923.5238184181374,651.1772845257906
,,,,923.5238184181374,651.1772845257906
,,,,923.5238184181374,651.1772845257906
,,,,923.5238184181374,651.1772845257906
,,,,923.5238184181374,651.1772845257906
,,,,923.5238184181374,651.1772845257906
,,,,923.5238184181374,651.1772845257906
,,,,923.5238184181374,651.1772845257906
,,,,923.5238184181374,651.1772845257906
,,,,923.5238184181374,651.1772845257906
,,,,923.5238184181374,651.1772845257906
,,,,923.5238184181374,651.1772845257906
,,,,923.5238184181374,651.1772845257906
,,,,923.5238184181374,651.1772845257906
,,,,923.5238184181374,651.1772845257906
,,,,923.5238184181374,651.1772845257906
,,,,923.5238184181374,651.1772845257906
,,,,923.5238184181374,651.1772845257906
,,,,923.5238184181374,651.1772845257906
,,,,923.5238184181374,651.1772845257906
,,,,923.5238184181374,651.1772845257906
,,,,923.5238184181374,651.1772845257906
,,,,923.5238184181374,651.1772845257906
,,,,923.5238184181374,651.1772845257906
,,,,923.5238184181374,651.1772845257906
,,,,923.5238184181374,651.1772845257906
,,,,923.5238184181374,651.1772845257906
,,,,923.5238184181374,651.1772845257906
,,,,923.5238184181374,651.1772845257906
,,,,923.5238184181374,651.1772845257906
,,,,923.5238184181374,651.1772845257906
,,,,923.5238184181374,651.1772845257906
,,,,923.5238184181374,651.1772845257906
,,,,923.5238184181374,651.1772845257906
,,,,923.5238184181374,651.1772845257906
,,,,-9999.99,-9999.99
,,,,923.5238184181374,651.1772845257906
,,,,923.5238184181374,651.1772845257906
,,,,923.5238184181374,651.1772845257906
,,,,923.5238184181374,651.1772845257906
,,,,923.5238184181374,651.1772845257906
,,,,0.0,0.0
,,,,-9999.99,-9999.99
,,,,923.5238184181374,651.1772845257906
,,,,923.5238184181374,651.1772845257906
,,,,923.5238184181374,651.1772845257906
,,,,923.5238184181374,651.1772845257906
,,,,923.5238184181374,651.1772845257906
,,,,923.5238184181374,651.1772845257906
,,,,923.5238184181374,651.1772845257906
,,,,923.5238184181374,651.1772845257906
,,,,923.5238184181374,651.1772845257906
,,,,923.5238184181374,651.1772845257906
,,,,923.5238184181374,651.1772845257906
,,,,0.0,0.0
,,,,0.0,0.0
,,,,0.0,0.0
,,,,0.0,0.0
,,,,0.0,0.0
,,,,922.9170519473972,657.6730761029394
,,,,922.9170519473972,657.6730761029394
,,,,922.9170519473972,657.6730761029394
,,,,922.9170519473972,657.6730761029394
,,,,922.9170519473972,657.6730761029394
,,,,922.651955073036,658.5658545617366
,,,,922.651955073036,658.5658545617366
,,,,922.651955073036,658.5658545617366
,,,,922.651955073036,658.5658545617366
,,,,922.651955073036,658.5658545617366
,,,,-9999.99,-9999.99
,,,,922.651955073036,658.5658545617366
,,,,-9999.99,-9999.99
,,,,-9999.99,-9999.99
,,,,922.651955073036,658.5658545617366
,,,,922.651955073036,658.5658545617366
,,,,922.651955073036,658.5658545617366
,,,,922.651955073036,658.5658545617366
,,,,922.651955073036,658.5658545617366
,,,,922.651955073036,658.5658545617366
,,,,922.651955073036,658.5658545617366
,,,,922.651955073036,658.5658545617366
,,,,922.651955073036,658.5658545617366
,,,,-9999.99,-9999.99
,,,,922.651955073036,658.5658545617366
,,,,922.651955073036,658.5658545617366
,,,,922.651955073036,658.5658545617366
,,,,922.651955073036,658.5658545617366
,,,,0.0,0.0
,,,,922.651955073036,658.5658545617366
,,,,0.0,0.0
,,,,0.0,0.0
,,,,922.651955073036,658.5658545617366
,,,,922.651955073036,658.5658545617366
,,,,922.651955073036,658.5658545617366
,,,,922.651955073036,658.5658545617366
,,,,922.651955073036,658.5658545617366
,,,,922.651955073036,658.5658545617366
,,,,922.651955073036,658.5658545617366
,,,,922.651955073036,658.5658545617366
,,,,922.651955073036,658.5658545617366
,,,,0.0,0.0
,,,,922.651955073036,658.5658545617366
,,,,922.651955073036,658.5658545617366
,,,,922.651955073036,658.5658545617366
,,,,904.1126048852904,626.4687056378552
,,,,0.0,0.0
,,,,904.1126048852904,626.4687056378552
,,,,904.1126048852904,626.4687056378552
,,,,904.1126048852904,626.4687056378552
,,,,904.1126048852904,626.4687056378552
,,,,0.0,0.0
,,,,904.1126048852904,626.4687056378552
,,,,0.0,0.0
,,,,904.1126048852904,626.4687056378552
,,,,-9999.99,-9999.99
,,,,904.1126048852904,626.4687056378552
,,,,0.0,0.0
,,,,904.1126048852904,626.4687056378552
,,,,0.0,0.0
,,,,904.1126048852904,626.4687056378552
,,,,0.0,0.0
,,,,904.1126048852904,626.4687056378552
,,,,0.0,0.0
,,,,904.1126048852904,626.4687056378552
,,,,0.0,0.0
,,,,904.1126048852904,626.4687056378552
,,,,0.0,0.0
,,,,904.1126048852904,626.4687056378552
,,,,904.1126048852904,626.4687056378552
,,,,904.1126048852904,626.4687056378552
,,,,0.0,0.0
,,,,904.1126048852904,626.4687056378552
,,,,0.0,0.0
,,,,904.1126048852904,626.4687056378552
,,,,904.1126048852904,626.4687056378552
,,,,0.0,0.0
,,,,904.1126048852904,626.4687056378552
,,,,0.0,0.0
,,,,0.0,0.0
,,,,904.1126048852904,626.4687056378552
,,,,0.0,0.0
,,,,904.1126048852904,626.4687056378552
,,,,0.0,0.0
,,,,-9999.99,-9999.99
,,,,0.0,0.0
,,,,0.0,0.0
,,,,0.0,0.0
,,,,904.1126048852904,626.4687056378552
,,,,0.0,0.0
,,,,0.0,0.0
,,,,904.1126048852904,626.4687056378552
,,,,0.0,0.0
,,,,0.0,0.0
,,,,904.1126048852904,626.4687056378552
,,,,0.0,0.0
,,,,904.1126048852904,626.4687056378552
,,,,0.0,0.0
,,,,904.1126048852904,626.4687056378552
,,,,0.0,0.0
,,,,904.1126048852904,626.4687056378552
,,,,-9999.99,-9999.99
,,,,904.1126048852904,626.4687056378552
,,,,904.1126048852904,626.4687056378552
,,,,904.1126048852904,626.4687056378552
,,,,904.1126048852904,626.4687056378552
,,,,904.1126048852904,626.4687056378552
,,,,904.1126048852904,626.4687056378552
,,,,-9999.99,-9999.99
,,,,904.1126048852904,626.4687056378552
,,,,904.1126048852904,626.4687056378552
,,,,904.1126048852904,626.4687056378552
,,,,904.1126048852904,626.4687056378552
,,,,904.1126048852904,626.4687056378552
,,,,904.1126048852904,626.4687056378552
,,,,0.0,0.0
,,,,904.1126048852904,626.4687056378552
,,,,0.0,0.0
,,,,904.1126048852904,626.4687056378552
,,,,0.0,0.0
,,,,0.0,0.0
,,,,904.1126048852904,626.4687056378552
,,,,904.1126048852904,626.4687056378552
,,,,904.1126048852904,626.4687056378552
,,,,0.0,0.0
,,,,0.0,0.0
,,,,0.0,0.0
,,,,-9999.99,-9999.99
,,,,904.1126048852904,626.4687056378552
,,,,-9999.99,-9999.99
,,,,0.0,0.0
,,,,904.1126048852904,626.4687056378552
,,,,904.1126048852904,626.4687056378552
,,,,904.1126048852904,626.4687056378552
,,,,904.1126048852904,626.4687056378552
,,,,904.1126048852904,626.4687056378552
,,,,904.1126048852904,626.4687056378552
,,,,904.1126048852904,626.4687056378552
,,,,904.1126048852904,626.4687056378552
,,,,904.1126048852904,626.4687056378552
,,,,904.1126048852904,626.4687056378552
,,,,904.1126048852904,626.4687056378552
,,,,904.1126048852904,626.4687056378552
,,,,0.0,0.0
,,,,904.1126048852904,626.4687056378552
,,,,-9999.99,-9999.99
,,,,0.0,0.0
,,,,0.0,0.0
,,,,904.1126048852904,626.4687056378552
,,,,904.1126048852904,626.4687056378552
,,,,904.1126048852904,626.4687056378552
,,,,0.0,0.0
,,,,-9999.99,-9999.99
,,,,904.1126048852904,626.4687056378552
,,,,0.0,0.0
,,,,0.0,0.0
,,,,904.1126048852904,626.4687056378552
,,,,0.0,0.0
,,,,904.1126048852904,626.4687056378552
,,,,-9999.99,-9999.99
,,,,0.0,0.0
,,,,0.0,0.0
,,,,904.1126048852904,626.4687056378552
,,,,904.1126048852904,626.4687056378552
,,,,904.1126048852904,626.4687056378552
,,,,904.1126048852904,626.4687056378552
,,,,904.1126048852904,626.4687056378552
,,,,904.1126048852904,626.4687056378552
,,,,904.1126048852904,626.4687056378552
,,,,904.1126048852904,626.4687056378552
,,,,904.1126048852904,626.4687056378552
,,,,904.1126048852904,626.4687056378552
,,,,904.1126048852904,626.4687056378552
,,,,904.1126048852904,626.4687056378552
,,,,904.1126048852904,626.4687056378552
,,,,904.1126048852904,626.4687056378552
,,,,904.1126048852904,626.4687056378552
,,,,904.1126048852904,626.4687056378552
,,,,904.1126048852904,626.4687056378552
,,,,904.1126048852904,626.4687056378552
,,,,904.1126048852904,626.4687056378552
,,,,904.1126048852904,626.4687056378552
,,,,904.1126048852904,626.4687056378552
,,,,904.1126048852904,626.4687056378552
,,,,0.0,0.0
,,,,904.1126048852904,626.4687056378552
,,,,904.1126048852904,626.4687056378552
,,,,904.1126048852904,626.4687056378552
,,,,904.1126048852904,626.4687056378552
,,,,904.1126048852904,626.4687056378552
,,,,904.1126048852904,626.4687056378552
,,,,904.1126048852904,626.4687056378552
,,,,904.1126048852904,626.4687056378552
,,,,904.1126048852904,626.4687056378552
,,,,0.0,0.0
,,,,904.1126048852904,626.4687056378552
,,,,904.1126048852904,626.4687056378552
,,,,0.0,0.0
,,,,904.1126048852904,626.4687056378552
,,,,904.1126048852904,626.4687056378552
,,,,904.1126048852904,626.4687056378552
,,,,904.1126048852904,626.4687056378552
,,,,904.1126048852904,626.4687056378552
,,,,904.1126048852904,626.4687056378552
,,,,904.1126048852904,626.4687056378552
,,,,904.1126048852904,626.4687056378552
,,,,904.1126048852904,626.4687056378552
,,,,0.0,0.0
,,,,904.1126048852904,626.4687056378552
,,,,904.1126048852904,626.4687056378552
,,,,904.1126048852904,626.4687056378552
,,,,904.1126048852904,626.4687056378552
,,,,904.1126048852904,626.4687056378552
,,,,904.1126048852904,626.4687056378552
,,,,904.1126048852904,626.4687056378552
,,,,904.1126048852904,626.4687056378552
,,,,904.1126048852904,626.4687056378552
,,,,904.1126048852904,626.4687056378552
,,,,904.1126048852904,626.4687056378552
,,,,904.1126048852904,626.4687056378552
,,,,904.1126048852904,626.4687056378552
,,,,903.1360194576564,626.0974688556566
,,,,903.1360194576564,626.0974688556566
,,,,903.1360194576564,626.0974688556566
,,,,903.1360194576564,626.0974688556566
,,,,903.1360194576564,626.0974688556566
,,,,903.1360194576564,626.0974688556566
,,,,903.1360194576564,626.0974688556566
,,,,903.1360194576564,626.0974688556566
,,,,903.1360194576564,626.0974688556566
,,,,903.1360194576564,626.0974688556566
,,,,903.1360194576564,626.0974688556566
,,,,903.1360194576564,626.0974688556566
,,,,903.1360194576564,626.0974688556566
,,,,903.1360194576564,626.0974688556566
,,,,903.1360194576564,626.0974688556566
,,,,903.1360194576564,626.0974688556566
,,,,903.1360194576564,626.0974688556566
,,,,903.1360194576564,626.0974688556566
,,,,903.1360194576564,626.0974688556566
,,,,903.1360194576564,626.0974688556566
,,,,903.1360194576564,626.0974688556566
,,,,903.1360194576564,626.0974688556566
,,,,903.1360194576564,626.0974688556566
,,,,903.1360194576564,626.0974688556566
,,,,903.1360194576564,626.0974688556566
,,,,903.1360194576564,626.0974688556566
,,,,903.1360194576564,626.0974688556566
,,,,903.1360194576564,626.0974688556566
,,,,903.1360194576564,626.0974688556566
,,,,903.1360194576564,626.0974688556566
,,,,-9999.99,-9999.99
,,,,903.1360194576564,626.0974688556566
,,,,903.1360194576564,626.0974688556566
,,,,903.1360194576564,626.0974688556566
,,,,903.1360194576564,626.0974688556566
,,,,903.1360194576564,626.0974688556566
,,,,903.1360194576564,626.0974688556566
,,,,903.1360194576564,626.0974688556566
,,,,903.1360194576564,626.0974688556566
,,,,-9999.99,-9999.99
,,,,903.1360194576564,626.0974688556566
,,,,903.1360194576564,626.0974688556566
,,,,903.1360194576564,626.0974688556566
,,,,903.1360194576564,626.0974688556566
,,,,903.1360194576564,626.0974688556566
,,,,903.1360194576564,626.0974688556566
,,,,-9999.99,-9999.99
,,,,903.1360194576564,626.0974688556566
,,,,903.1360194576564,626.0974688556566
,,,,903.1360194576564,626.0974688556566
,,,,0.0,0.0
,,,,903.1360194576564,626.0974688556566
,,,,903.1360194576564,626.0974688556566
,,,,903.1360194576564,626.0974688556566
,,,,903.1360194576564,626.0974688556566
,,,,903.1360194576564,626.0974688556566
,,,,903.1360194576564,626.0974688556566
,,,,-9999.99,-9999.99
,,,,903.1360194576564,626.0974688556566
,,,,-9999.99,-9999.99
,,,,903.1360194576564,626.0974688556566
,,,,903.1360194576564,626.0974688556566
,,,,903.1360194576564,626.0974688556566
,,,,903.1360194576564,626.0974688556566
,,,,903.1360194576564,626.0974688556566
,,,,903.1360194576564,626.0974688556566
,,,,903.1360194576564,626.0974688556566
,,,,0.0,0.0
,,,,903.1360194576564,626.0974688556566
,,,,903.1360194576564,626.0974688556566
,,,,903.1360194576564,626.0974688556566
,,,,903.1360194576564,626.0974688556566
,,,,903.1360194576564,626.0974688556566
,,,,903.1360194576564,626.0974688556566
,,,,903.1360194576564,626.0974688556566
,,,,903.1360194576564,626.0974688556566
,,,,-9999.99,-9999.99
,,,,-9999.99,-9999.99
,,,,903.1360194576564,626.0974688556566
,,,,903.1360194576564,626.0974688556566
,,,,903.1360194576564,626.0974688556566
,,,,903.1360194576564,626.0974688556566
,,,,903.1360194576564,626.0974688556566
,,,,903.1360194576564,626.0974688556566
,,,,903.1360194576564,626.0974688556566
,,,,903.1360194576564,626.0974688556566
,,,,903.1360194576564,626.0974688556566
,,,,903.1360194576564,626.0974688556566
,,,,903.1360194576564,626.0974688556566
,,,,903.1360194576564,626.0974688556566
,,,,0.0,0.0
,,,,903.1360194576564,626.0974688556566
,,,,903.1360194576564,626.0974688556566
,,,,903.1360194576564,626.0974688556566
,,,,903.1360194576564,626.0974688556566
,,,,903.1360194576564,626.0974688556566
,,,,-9999.99,-9999.99
,,,,903.1360194576564,626.0974688556566
,,,,903.1360194576564,626.0974688556566
,,,,903.1360194576564,626.0974688556566
,,,,903.1360194576564,626.0974688556566
,,,,903.1360194576564,626.0974688556566
,,,,903.1360194576564,626.0974688556566
,,,,903.1360194576564,626.0974688556566
,,,,903.1360194576564,626.0974688556566
,,,,903.1360194576564,626.0974688556566
,,,,-9999.99,-9999.99
,,,,903.1360194576564,626.0974688556566
,,,,903.1360194576564,626.0974688556566
,,,,903.1360194576564,626.0974688556566
,,,,0.0,0.0
,,,,903.1360194576564,626.0974688556566
,,,,903.1360194576564,626.0974688556566
,,,,903.1360194576564,626.0974688556566
,,,,903.1360194576564,626.0974688556566
,,,,903.1360194576564,626.0974688556566
,,,,903.1360194576564,626.0974688556566
,,,,0.0,0.0
,,,,903.1360194576564,626.0974688556566
,,,,903.1360194576564,626.0974688556566
,,,,903.1360194576564,626.0974688556566
,,,,903.1360194576564,626.0974688556566
,,,,903.1360194576564,626.0974688556566
,,,,903.1360194576564,626.0974688556566
,,,,903.1360194576564,626.0974688556566
,,,,903.1360194576564,626.0974688556566
,,,,903.1360194576564,626.0974688556566
,,,,903.1360194576564,626.0974688556566
,,,,903.1360194576564,626.0974688556566
,,,,903.1360194576564,626.0974688556566
,,,,903.1360194576564,626.0974688556566
,,,,903.1360194576564,626.0974688556566
,,,,903.1360194576564,626.0974688556566
,,,,903.1360194576564,626.0974688556566
,,,,903.1360194576564,626.0974688556566
,,,,903.1360194576564,626.0974688556566
,,,,903.1360194576564,626.0974688556566
,,,,903.1360194576564,626.0974688556566
,,,,903.1360194576564,626.0974688556566
,,,,903.1360194576564,626.0974688556566
,,,,0.0,0.0
,,,,903.1360194576564,626.0974688556566
,,,,903.1360194576564,626.0974688556566
,,,,-9999.99,-9999.99
,,,,-9999.99,-9999.99
,,,,903.1360194576564,626.0974688556566
,,,,903.1360194576564,626.0974688556566
,,,,903.1360194576564,626.0974688556566
,,,,903.1360194576564,626.0974688556566
,,,,903.1360194576564,626.0974688556566
,,,,903.1360194576564,626.0974688556566
,,,,903.1360194576564,626.0974688556566
,,,,903.1360194576564,626.0974688556566
,,,,903.1360194576564,626.0974688556566
,,,,903.1360194576564,626.0974688556566
,,,,903.1360194576564,626.0974688556566
,,,,903.1360194576564,626.0974688556566
,,,,903.1360194576564,626.0974688556566
,,,,903.1360194576564,626.0974688556566
,,,,903.1360194576564,626.0974688556566
,,,,903.1360194576564,626.0974688556566
,,,,903.1360194576564,626.0974688556566
,,,,903.1360194576564,626.0974688556566
,,,,903.1360194576564,626.0974688556566
,,,,903.1360194576564,626.0974688556566
,,,,903.1360194576564,626.0974688556566
,,,,903.1360194576564,626.0974688556566
,,,,903.1360194576564,626.0974688556566
,,,,903.1360194576564,626.0974688556566
,,,,903.1360194576564,626.0974688556566
,,,,903.1360194576564,626.0974688556566
,,,,-9999.99,-9999.99
,,,,903.1360194576564,626.0974688556566
,,,,903.1360194576564,626.0974688556566
,,,,903.1360194576564,626.0974688556566
,,,,903.1360194576564,626.0974688556566
,,,,903.1360194576564,626.0974688556566
,,,,903.1360194576564,626.0974688556566
,,,,903.1360194576564,626.0974688556566
,,,,903.1360194576564,626.0974688556566
,,,,903.1360194576564,626.0974688556566
,,,,903.1360194576564,626.0974688556566
,,,,903.1360194576564,626.0974688556566
,,,,903.1360194576564,626.0974688556566
,,,,903.1360194576564,626.0974688556566
,,,,903.1360194576564,626.0974688556566
,,,,903.1360194576564,626.0974688556566
,,,,903.1360194576564,626.0974688556566
,,,,903.1360194576564,626.0974688556566
,,,,903.1360194576564,626.0974688556566
,,,,903.1360194576564,626.0974688556566
,,,,903.1360194576564,626.0974688556566
,,,,903.1360194576564,626.0974688556566
,,,,0.0,0.0
,,,,903.1360194576564,626.0974688556566
,,,,903.1360194576564,626.0974688556566
,,,,903.1360194576564,626.0974688556566
,,,,903.1360194576564,626.0974688556566
,,,,903.1360194576564,626.0974688556566
,,,,903.1360194576564,626.0974688556566
,,,,903.1360194576564,626.0974688556566
,,,,903.1360194576564,626.0974688556566
,,,,903.1360194576564,626.0974688556566
,,,,903.1360194576564,626.0974688556566
,,,,903.1360194576564,626.0974688556566
,,,,903.1360194576564,626.0974688556566
,,,,903.1360194576564,626.0974688556566
,,,,903.1360194576564,626.0974688556566
,,,,0.0,0.0
,,,,903.1360194576564,626.0974688556566
,,,,903.1360194576564,626.0974688556566
,,,,903.1360194576564,626.0974688556566
,,,,903.1360194576564,626.0974688556566
,,,,0.0,0.0
,,,,0.0,0.0
,,,,903.1360194576564,626.0974688556566
,,,,-9999.99,-9999.99
,,,,903.1360194576564,626.0974688556566
,,,,903.1360194576564,626.0974688556566
,,,,903.1360194576564,626.0974688556566
,,,,903.1360194576564,626.0974688556566
,,,,903.1360194576564,626.0974688556566
,,,,903.1360194576564,626.0974688556566
,,,,903.1360194576564,626.0974688556566
,,,,903.1360194576564,626.0974688556566
,,,,902.026056024506,625.5691360352753
,,,,902.026056024506,625.5691360352753
,,,,902.026056024506,625.5691360352753
,,,,902.026056024506,625.5691360352753
,,,,902.026056024506,625.5691360352753
,,,,0.0,0.0
,,,,902.026056024506,625.5691360352753
,,,,902.026056024506,625.5691360352753
,,,,902.026056024506,625.5691360352753
,,,,902.026056024506,625.5691360352753
,,,,902.026056024506,625.5691360352753
,,,,902.026056024506,625.5691360352753
,,,,902.026056024506,625.5691360352753
,,,,902.026056024506,625.5691360352753
,,,,902.026056024506,625.5691360352753
,,,,902.026056024506,625.5691360352753
,,,,902.026056024506,625.5691360352753
,,,,902.026056024506,625.5691360352753
,,,,902.026056024506,625.5691360352753
,,,,-9999.99,-9999.99
,,,,902.026056024506,625.5691360352753
,,,,902.026056024506,625.5691360352753
,,,,902.026056024506,625.5691360352753
,,,,902.026056024506,625.5691360352753
,,,,0.0,0.0
,,,,902.026056024506,625.5691360352753
,,,,902.026056024506,625.5691360352753
,,,,902.026056024506,625.5691360352753
,,,,902.026056024506,625.5691360352753
,,,,-9999.99,-9999.99
,,,,902.026056024506,625.5691360352753
,,,,902.026056024506,625.5691360352753
,,,,902.026056024506,625.5691360352753
,,,,0.0,0.0
,,,,902.026056024506,625.5691360352753
,,,,0.0,0.0
,,,,902.026056024506,625.5691360352753
,,,,902.026056024506,625.5691360352753
,,,,902.026056024506,625.5691360352753
,,,,902.026056024506,625.5691360352753
,,,,902.026056024506,625.5691360352753
,,,,902.026056024506,625.5691360352753
,,,,902.026056024506,625.5691360352753
,,,,902.026056024506,625.5691360352753
,,,,0.0,0.0
,,,,902.026056024506,625.5691360352753
,,,,902.026056024506,625.5691360352753
,,,,902.026056024506,625.5691360352753
,,,,902.026056024506,625.5691360352753
,,,,902.026056024506,625.5691360352753
,,,,902.026056024506,625.5691360352753
,,,,902.026056024506,625.5691360352753
,,,,902.026056024506,625.5691360352753
,,,,902.026056024506,625.5691360352753
,,,,902.026056024506,625.5691360352753
,,,,902.026056024506,625.5691360352753
,,,,902.026056024506,625.5691360352753
,,,,0.0,0.0
,,,,902.026056024506,625.5691360352753
,,,,902.026056024506,625.5691360352753
,,,,902.026056024506,625.5691360352753
,,,,902.026056024506,625.5691360352753
,,,,0.0,0.0
,,,,902.026056024506,625.5691360352753
,,,,902.026056024506,625.5691360352753
,,,,902.026056024506,625.5691360352753
,,,,902.026056024506,625.5691360352753
,,,,902.026056024506,625.5691360352753
,,,,902.026056024506,625.5691360352753
,,,,902.026056024506,625.5691360352753
,,,,902.026056024506,625.5691360352753
,,,,902.026056024506,625.5691360352753
,,,,902.026056024506,625.5691360352753
,,,,902.026056024506,625.5691360352753
,,,,902.026056024506,625.5691360352753
,,,,902.026056024506,625.5691360352753
,,,,902.026056024506,625.5691360352753
,,,,902.026056024506,625.5691360352753
,,,,902.026056024506,625.5691360352753
,,,,902.026056024506,625.5691360352753
,,,,902.026056024506,625.5691360352753
,,,,902.026056024506,625.5691360352753
,,,,902.026056024506,625.5691360352753
,,,,902.026056024506,625.5691360352753
,,,,902.026056024506,625.5691360352753
,,,,902.026056024506,625.5691360352753
,,,,902.026056024506,625.5691360352753
,,,,902.026056024506,625.5691360352753
,,,,902.026056024506,625.5691360352753
,,,,902.026056024506,625.5691360352753
,,,,0.0,0.0
,,,,902.026056024506,625.5691360352753
,,,,902.026056024506,625.5691360352753
,,,,902.026056024506,625.5691360352753
,,,,902.026056024506,625.5691360352753
,,,,902.026056024506,625.5691360352753
,,,,902.026056024506,625.5691360352753
,,,,902.026056024506,625.5691360352753
,,,,902.026056024506,625.5691360352753
,,,,902.026056024506,625.5691360352753
,,,,902.026056024506,625.5691360352753
,,,,902.026056024506,625.5691360352753
,,,,902.026056024506,625.5691360352753
,,,,0.0,0.0
,,,,902.026056024506,625.5691360352753
,,,,902.026056024506,625.5691360352753
,,,,902.026056024506,625.5691360352753
,,,,0.0,0.0
,,,,0.0,0.0
,,,,0.0,0.0
,,,,0.0,0.0
,,,,902.026056024506,625.5691360352753
,,,,902.026056024506,625.5691360352753
,,,,902.026056024506,625.5691360352753
,,,,902.026056024506,625.5691360352753
,,,,902.026056024506,625.5691360352753
,,,,902.026056024506,625.5691360352753
,,,,902.026056024506,625.5691360352753
,,,,902.026056024506,625.5691360352753
,,,,902.026056024506,625.5691360352753
,,,,902.026056024506,625.5691360352753
,,,,902.026056024506,625.5691360352753
,,,,902.026056024506,625.5691360352753
,,,,902.026056024506,625.5691360352753
,,,,902.026056024506,625.5691360352753
,,,,902.026056024506,625.5691360352753
,,,,902.026056024506,625.5691360352753
,,,,902.026056024506,625.5691360352753
,,,,902.026056024506,625.5691360352753
,,,,902.026056024506,625.5691360352753
,,,,902.026056024506,625.5691360352753
,,,,902.026056024506,625.5691360352753
,,,,902.026056024506,625.5691360352753
,,,,902.026056024506,625.5691360352753
,,,,902.026056024506,625.5691360352753
,,,,902.026056024506,625.5691360352753
,,,,902.026056024506,625.5691360352753
,,,,902.026056024506,625.5691360352753
,,,,902.026056024506,625.5691360352753
,,,,902.026056024506,625.5691360352753
,,,,902.026056024506,625.5691360352753
,,,,902.026056024506,625.5691360352753
,,,,902.026056024506,625.5691360352753
,,,,0.0,0.0
,,,,902.026056024506,625.5691360352753
,,,,902.026056024506,625.5691360352753
,,,,902.026056024506,625.5691360352753
,,,,902.026056024506,625.5691360352753
,,,,902.026056024506,625.5691360352753
,,,,902.026056024506,625.5691360352753
,,,,902.026056024506,625.5691360352753
,,,,902.026056024506,625.5691360352753
,,,,902.026056024506,625.5691360352753
,,,,902.026056024506,625.5691360352753
,,,,902.026056024506,625.5691360352753
,,,,902.026056024506,625.5691360352753
,,,,902.026056024506,625.5691360352753
,,,,902.026056024506,625.5691360352753
,,,,902.026056024506,625.5691360352753
,,,,902.026056024506,625.5691360352753
,,,,902.026056024506,625.5691360352753
,,,,0.0,0.0
,,,,902.026056024506,625.5691360352753
,,,,902.026056024506,625.5691360352753
,,,,902.026056024506,625.5691360352753
,,,,902.026056024506,625.5691360352753
,,,,902.026056024506,625.5691360352753
,,,,902.026056024506,625.5691360352753
,,,,902.026056024506,625.5691360352753
,,,,902.026056024506,625.5691360352753
,,,,902.026056024506,625.5691360352753
,,,,902.026056024506,625.5691360352753
,,,,902.026056024506,625.5691360352753
,,,,902.026056024506,625.5691360352753
,,,,902.026056024506,625.5691360352753
,,,,902.026056024506,625.5691360352753
,,,,902.026056024506,625.5691360352753
,,,,902.026056024506,625.5691360352753
,,,,902.026056024506,625.5691360352753
,,,,902.026056024506,625.5691360352753
,,,,902.026056024506,625.5691360352753
,,,,902.026056024506,625.5691360352753
,,,,902.026056024506,625.5691360352753
,,,,902.026056024506,625.5691360352753
,,,,902.026056024506,625.5691360352753
,,,,902.026056024506,625.5691360352753
,,,,902.026056024506,625.5691360352753
,,,,902.026056024506,625.5691360352753
,,,,902.026056024506,625.5691360352753
,,,,902.026056024506,625.5691360352753
,,,,902.026056024506,625.5691360352753
,,,,902.026056024506,625.5691360352753
,,,,902.026056024506,625.5691360352753
,,,,902.026056024506,625.5691360352753
,,,,902.026056024506,625.5691360352753
,,,,902.026056024506,625.5691360352753
,,,,902.026056024506,625.5691360352753
,,,,902.026056024506,625.5691360352753
,,,,902.026056024506,625.5691360352753
,,,,902.026056024506,625.5691360352753
,,,,902.026056024506,625.5691360352753
,,,,902.026056024506,625.5691360352753
,,,,902.026056024506,625.5691360352753
,,,,902.026056024506,625.5691360352753
,,,,902.026056024506,625.5691360352753
,,,,902.026056024506,625.5691360352753
,,,,902.026056024506,625.5691360352753
,,,,902.026056024506,625.5691360352753
,,,,902.026056024506,625.5691360352753
,,,,902.026056024506,625.5691360352753
,,,,902.026056024506,625.5691360352753
,,,,902.026056024506,625.5691360352753
,,,,902.026056024506,625.5691360352753
,,,,902.026056024506,625.5691360352753
,,,,0.0,0.0
,,,,0.0,0.0
,,,,0.0,0.0
,,,,902.026056024506,625.5691360352753
,,,,902.026056024506,625.5691360352753
,,,,902.026056024506,625.5691360352753
,,,,902.026056024506,625.5691360352753
,,,,902.026056024506,625.5691360352753
,,,,902.026056024506,625.5691360352753
,,,,902.026056024506,625.5691360352753
,,,,902.026056024506,625.5691360352753
,,,,902.026056024506,625.5691360352753
,,,,902.026056024506,625.5691360352753
,,,,902.026056024506,625.5691360352753
,,,,902.026056024506,625.5691360352753
,,,,902.026056024506,625.5691360352753
,,,,902.026056024506,625.5691360352753
,,,,902.026056024506,625.5691360352753
,,,,902.026056024506,625.5691360352753
,,,,902.026056024506,625.5691360352753
,,,,902.026056024506,625.5691360352753
,,,,902.026056024506,625.5691360352753
,,,,902.026056024506,625.5691360352753
,,,,902.026056024506,625.5691360352753
,,,,902.026056024506,625.5691360352753
,,,,902.026056024506,625.5691360352753
,,,,902.026056024506,625.5691360352753
,,,,902.026056024506,625.5691360352753
,,,,902.026056024506,625.5691360352753
,,,,902.026056024506,625.5691360352753
,,,,902.026056024506,625.5691360352753
,,,,902.026056024506,625.5691360352753
,,,,902.026056024506,625.5691360352753
,,,,902.026056024506,625.5691360352753
,,,,902.026056024506,625.5691360352753
,,,,902.026056024506,625.5691360352753
,,,,902.026056024506,625.5691360352753
,,,,902.026056024506,625.5691360352753
,,,,902.026056024506,625.5691360352753
,,,,902.026056024506,625.5691360352753
,,,,902.026056024506,625.5691360352753
,,,,902.026056024506,625.5691360352753
,,,,902.026056024506,625.5691360352753
,,,,902.026056024506,625.5691360352753
,,,,902.026056024506,625.5691360352753
,,,,902.026056024506,625.5691360352753
,,,,902.026056024506,625.5691360352753
,,,,902.026056024506,625.5691360352753
,,,,902.026056024506,625.5691360352753
,,,,902.026056024506,625.5691360352753
,,,,902.026056024506,625.5691360352753
,,,,902.026056024506,625.5691360352753
,,,,902.026056024506,625.5691360352753
,,,,902.026056024506,625.5691360352753
,,,,902.026056024506,625.5691360352753
,,,,902.026056024506,625.5691360352753
,,,,902.026056024506,625.5691360352753
,,,,902.026056024506,625.5691360352753
,,,,902.026056024506,625.5691360352753
,,,,902.026056024506,625.5691360352753
,,,,902.026056024506,625.5691360352753
,,,,902.026056024506,625.5691360352753
,,,,902.026056024506,625.5691360352753
,,,,902.026056024506,625.5691360352753
,,,,902.026056024506,625.5691360352753
,,,,0.0,0.0
,,,,0.0,0.0
,,,,0.0,0.0
,,,,0.0,0.0
,,,,0.0,0.0
,,,,0.0,0.0
,,,,902.026056024506,625.5691360352753
,,,,0.0,0.0
,,,,0.0,0.0
,,,,0.0,0.0
,,,,902.026056024506,625.5691360352753
,,,,902.026056024506,625.5691360352753
,,,,902.026056024506,625.5691360352753
,,,,902.026056024506,625.5691360352753
,,,,902.026056024506,625.5691360352753
,,,,902.026056024506,625.5691360352753
,,,,902.026056024506,625.5691360352753
,,,,902.026056024506,625.5691360352753
,,,,902.026056024506,625.5691360352753
,,,,902.026056024506,625.5691360352753
,,,,902.026056024506,625.5691360352753
,,,,902.026056024506,625.5691360352753
,,,,902.026056024506,625.5691360352753
,,,,902.026056024506,625.5691360352753
,,,,902.026056024506,625.5691360352753
,,,,902.026056024506,625.5691360352753
,,,,902.026056024506,625.5691360352753
,,,,902.026056024506,625.5691360352753
,,,,902.026056024506,625.5691360352753
,,,,902.026056024506,625.5691360352753
,,,,902.026056024506,625.5691360352753
,,,,902.026056024506,625.5691360352753
,,,,902.026056024506,625.5691360352753
,,,,902.026056024506,625.5691360352753
,,,,-9999.99,-9999.99
,,,,902.026056024506,625.5691360352753
,,,,0.0,0.0
,,,,902.026056024506,625.5691360352753
,,,,902.026056024506,625.5691360352753
,,,,902.026056024506,625.5691360352753
,,,,902.026056024506,625.5691360352753
,,,,902.026056024506,625.5691360352753
,,,,902.026056024506,625.5691360352753
,,,,902.026056024506,625.5691360352753
,,,,902.026056024506,625.5691360352753
,,,,902.026056024506,625.5691360352753
,,,,0.0,0.0
,,,,902.026056024506,625.5691360352753
,,,,902.026056024506,625.5691360352753
,,,,902.026056024506,625.5691360352753
,,,,902.026056024506,625.5691360352753
,,,,0.0,0.0
,,,,902.026056024506,625.5691360352753
,,,,902.026056024506,625.5691360352753
,,,,902.026056024506,625.5691360352753
,,,,902.026056024506,625.5691360352753
,,,,902.026056024506,625.5691360352753
,,,,0.0,0.0
,,,,0.0,0.0
,,,,0.0,0.0
,,,,0.0,0.0
,,,,0.0,0.0
,,,,0.0,0.0
,,,,0.0,0.0
,,,,0.0,0.0
,,,,0.0,0.0
,,,,0.0,0.0
,,,,0.0,0.0
,,,,0.0,0.0
,,,,0.0,0.0
,,,,0.0,0.0
,,,,0.0,0.0
,,,,0.0,0.0
,,,,0.0,0.0
,,,,0.0,0.0
,,,,0.0,0.0
,,,,0.0,0.0
,,,,0.0,0.0
,,,,0.0,0.0
,,,,0.0,0.0
,,,,0.0,0.0
,,,,0.0,0.0
,,,,0.0,0.0
,,,,0.0,0.0
,,,,0.0,0.0
,,,,0.0,0.0
,,,,0.0,0.0
,,,,0.0,0.0
,,,,0.0,0.0
,,,,0.0,0.0
,,,,0.0,0.0
,,,,0.0,0.0
,,,,0.0,0.0
,,,,0.0,0.0
,,,,0.0,0.0
,,,,0.0,0.0
,,,,0.0,0.0
,,,,0.0,0.0
,,,,0.0,0.0
,,,,0.0,0.0
,,,,0.0,0.0
,,,,0.0,0.0
,,,,0.0,0.0
,,,,0.0,0.0
,,,,0.0,0.0
,,,,0.0,0.0
,,,,0.0,0.0
,,,,0.0,0.0
,,,,0.0,0.0
,,,,0.0,0.0
,,,,0.0,0.0
,,,,0.0,0.0
,,,,0.0,0.0
,,,,0.0,0.0
,,,,0.0,0.0
,,,,0.0,0.0
,,,,0.0,0.0
,,,,0.0,0.0
,,,,0.0,0.0
,,,,0.0,0.0
,,,,0.0,0.0
,,,,0.0,0.0
,,,,0.0,0.0
,,,,0.0,0.0
,,,,0.0,0.0
,,,,0.0,0.0
,,,,0.0,0.0
,,,,0.0,0.0
,,,,0.0,0.0
,,,,0.0,0.0
,,,,0.0,0.0
,,,,0.0,0.0
,,,,0.0,0.0
,,,,0.0,0.0
,,,,0.0,0.0
,,,,0.0,0.0
,,,,0.0,0.0
,,,,0.0,0.0
,,,,0.0,0.0
,,,,0.0,0.0
,,,,0.0,0.0
,,,,0.0,0.0
,,,,0.0,0.0
,,,,0.0,0.0
,,,,0.0,0.0
,,,,0.0,0.0
,,,,0.0,0.0
,,,,0.0,0.0
,,,,0.0,0.0
,,,,0.0,0.0
,,,,0.0,0.0
,,,,0.0,0.0
,,,,0.0,0.0
,,,,0.0,0.0
,,,,0.0,0.0
,,,,0.0,0.0
,,,,0.0,0.0
,,,,0.0,0.0
,,,,0.0,0.0
,,,,0.0,0.0
,,,,0.0,0.0
,,,,0.0,0.0
,,,,0.0,0.0
,,,,0.0,0.0
,,,,0.0,0.0
,,,,0.0,0.0
,,,,0.0,0.0
,,,,0.0,0.0
,,,,0.0,0.0
,,,,0.0,0.0
,,,,0.0,0.0
,,,,0.0,0.0
,,,,0.0,0.0
,,,,0.0,0.0
,,,,0.0,0.0
,,,,0.0,0.0
,,,,0.0,0.0
,,,,0.0,0.0
,,,,0.0,0.0
,,,,0.0,0.0
,,,,0.0,0.0
,,,,0.0,0.0
,,,,0.0,0.0
,,,,0.0,0.0
,,,,0.0,0.0
,,,,0.0,0.0
,,,,0.0,0.0
,,,,0.0,0.0
,,,,0.0,0.0
,,,,0.0,0.0
,,,,0.0,0.0
,,,,0.0,0.0
,,,,0.0,0.0
,,,,0.0,0.0
,,,,0.0,0.0
,,,,0.0,0.0
,,,,0.0,0.0
,,,,0.0,0.0
,,,,0.0,0.0
,,,,0.0,0.0
,,,,0.0,0.0
,,,,0.0,0.0
,,,,869.2254371491141,590.8273266633482
,,,,869.2254371491141,590.8273266633482
,,,,869.2254371491141,590.8273266633482
,,,,869.2254371491141,590.8273266633482
,,,,869.2254371491141,590.8273266633482
,,,,869.2254371491141,590.8273266633482
,,,,869.2254371491141,590.8273266633482
,,,,869.2254371491141,590.8273266633482
,,,,869.2254371491141,590.8273266633482
,,,,869.2254371491141,590.8273266633482
,,,,869.2254371491141,590.8273266633482
,,,,869.2254371491141,590.8273266633482
,,,,869.2254371491141,590.8273266633482
,,,,869.2254371491141,590.8273266633482
,,,,869.2254371491141,590.8273266633482
,,,,869.2254371491141,590.8273266633482
,,,,869.2254371491141,590.8273266633482
,,,,869.2254371491141,590.8273266633482
,,,,869.2254371491141,590.8273266633482
,,,,869.2254371491141,590.8273266633482
,,,,869.2254371491141,590.8273266633482
,,,,869.2254371491141,590.8273266633482
,,,,869.2254371491141,590.8273266633482
,,,,869.2254371491141,590.8273266633482
,,,,869.2254371491141,590.8273266633482
,,,,869.2254371491141,590.8273266633482
,,,,869.2254371491141,590.8273266633482
,,,,869.2254371491141,590.8273266633482
,,,,869.2254371491141,590.8273266633482
,,,,869.2254371491141,590.8273266633482
,,,,869.2254371491141,590.8273266633482
,,,,869.2254371491141,590.8273266633482
,,,,869.2254371491141,590.8273266633482
,,,,869.2254371491141,590.8273266633482
,,,,869.2254371491141,590.8273266633482
,,,,869.2254371491141,590.8273266633482
,,,,869.2254371491141,590.8273266633482
,,,,0.0,0.0
,,,,869.2254371491141,590.8273266633482
,,,,869.2254371491141,590.8273266633482
,,,,869.2254371491141,590.8273266633482
,,,,0.0,0.0
,,,,869.2254371491141,590.8273266633482
,,,,869.2254371491141,590.8273266633482
,,,,869.2254371491141,590.8273266633482
,,,,869.2254371491141,590.8273266633482
,,,,869.2254371491141,590.8273266633482
,,,,869.2254371491141,590.8273266633482
,,,,869.2254371491141,590.8273266633482
,,,,869.2254371491141,590.8273266633482
,,,,869.2254371491141,590.8273266633482
,,,,869.2254371491141,590.8273266633482
,,,,869.2254371491141,590.8273266633482
,,,,869.2254371491141,590.8273266633482
,,,,869.2254371491141,590.8273266633482
,,,,869.2254371491141,590.8273266633482
,,,,869.2254371491141,590.8273266633482
,,,,869.2254371491141,590.8273266633482
,,,,0.0,0.0
,,,,869.2254371491141,590.8273266633482
,,,,869.2254371491141,590.8273266633482
,,,,869.2254371491141,590.8273266633482
,,,,869.2254371491141,590.8273266633482
,,,,869.2254371491141,590.8273266633482
,,,,869.2254371491141,590.8273266633482
,,,,869.2254371491141,590.8273266633482
,,,,869.2254371491141,590.8273266633482
,,,,869.2254371491141,590.8273266633482
,,,,869.2254371491141,590.8273266633482
,,,,869.2254371491141,590.8273266633482
,,,,869.2254371491141,590.8273266633482
,,,,869.2254371491141,590.8273266633482
,,,,869.2254371491141,590.8273266633482
,,,,869.2254371491141,590.8273266633482
,,,,869.2254371491141,590.8273266633482
,,,,869.2254371491141,590.8273266633482
,,,,869.2254371491141,590.8273266633482
,,,,869.2254371491141,590.8273266633482
,,,,869.2254371491141,590.8273266633482
,,,,869.2254371491141,590.8273266633482
,,,,869.2254371491141,590.8273266633482
,,,,869.2254371491141,590.8273266633482
,,,,869.2254371491141,590.8273266633482
,,,,869.2254371491141,590.8273266633482
,,,,869.2254371491141,590.8273266633482
,,,,869.2254371491141,590.8273266633482
,,,,869.2254371491141,590.8273266633482
,,,,869.2254371491141,590.8273266633482
,,,,869.2254371491141,590.8273266633482
,,,,869.2254371491141,590.8273266633482
,,,,869.2254371491141,590.8273266633482
,,,,869.2254371491141,590.8273266633482
,,,,869.2254371491141,590.8273266633482
,,,,869.2254371491141,590.8273266633482
,,,,0.0,0.0
,,,,869.2254371491141,590.8273266633482
,,,,869.2254371491141,590.8273266633482
,,,,-9999.99,-9999.99
,,,,869.2254371491141,590.8273266633482
,,,,0.0,0.0
,,,,869.2254371491141,590.8273266633482
,,,,0.0,0.0
,,,,869.2254371491141,590.8273266633482
,,,,869.2254371491141,590.8273266633482
,,,,-9999.99,-9999.99
,,,,0.0,0.0
,,,,0.0,0.0
,,,,869.2254371491141,590.8273266633482
,,,,869.2254371491141,590.8273266633482
,,,,869.2254371491141,590.8273266633482
,,,,869.2254371491141,590.8273266633482
,,,,-9999.99,-9999.99
,,,,0.0,0.0
,,,,0.0,0.0
,,,,0.0,0.0
,,,,869.2254371491141,590.8273266633482
,,,,869.2254371491141,590.8273266633482
,,,,869.2254371491141,590.8273266633482
,,,,869.2254371491141,590.8273266633482
,,,,869.2254371491141,590.8273266633482
,,,,0.0,0.0
,,,,869.2254371491141,590.8273266633482
,,,,869.2254371491141,590.8273266633482
,,,,869.2254371491141,590.8273266633482
,,,,869.2254371491141,590.8273266633482
,,,,869.2254371491141,590.8273266633482
,,,,869.2254371491141,590.8273266633482
,,,,869.2254371491141,590.8273266633482
,,,,869.2254371491141,590.8273266633482
,,,,869.2254371491141,590.8273266633482
,,,,869.2254371491141,590.8273266633482
,,,,869.2254371491141,590.8273266633482
,,,,869.2254371491141,590.8273266633482
,,,,869.2254371491141,590.8273266633482
,,,,869.2254371491141,590.8273266633482
,,,,869.2254371491141,590.8273266633482
,,,,869.2254371491141,590.8273266633482
,,,,869.2254371491141,590.8273266633482
,,,,869.2254371491141,590.8273266633482
,,,,869.2254371491141,590.8273266633482
,,,,869.2254371491141,590.8273266633482
,,,,869.2254371491141,590.8273266633482
,,,,869.2254371491141,590.8273266633482
,,,,869.2254371491141,590.8273266633482
,,,,869.2254371491141,590.8273266633482
,,,,869.2254371491141,590.8273266633482
,,,,869.2254371491141,590.8273266633482
,,,,869.2254371491141,590.8273266633482
,,,,869.2254371491141,590.8273266633482
,,,,869.2254371491141,590.8273266633482
,,,,869.2254371491141,590.8273266633482
,,,,869.2254371491141,590.8273266633482
,,,,869.2254371491141,590.8273266633482
,,,,869.2254371491141,590.8273266633482
,,,,869.2254371491141,590.8273266633482
,,,,869.2254371491141,590.8273266633482
,,,,869.2254371491141,590.8273266633482
,,,,869.2254371491141,590.8273266633482
,,,,869.2254371491141,590.8273266633482
,,,,869.2254371491141,590.8273266633482
,,,,869.2254371491141,590.8273266633482
,,,,869.2254371491141,590.8273266633482
,,,,869.2254371491141,590.8273266633482
,,,,873.2799212420778,591.243199619918
,,,,873.2799212420778,591.243199619918
,,,,873.2799212420778,591.243199619918
,,,,873.2799212420778,591.243199619918
,,,,873.2799212420778,591.243199619918
,,,,873.2799212420778,591.243199619918
,,,,873.2799212420778,591.243199619918
,,,,873.2799212420778,591.243199619918
,,,,873.2799212420778,591.243199619918
,,,,873.2799212420778,591.243199619918
,,,,873.2799212420778,591.243199619918
,,,,873.2799212420778,591.243199619918
,,,,873.2799212420778,591.243199619918
,,,,873.2799212420778,591.243199619918
,,,,873.2799212420778,591.243199619918
,,,,873.2799212420778,591.243199619918
,,,,873.2799212420778,591.243199619918
,,,,873.2799212420778,591.243199619918
,,,,873.2799212420778,591.243199619918
,,,,873.2799212420778,591.243199619918
,,,,873.2799212420778,591.243199619918
,,,,873.2799212420778,591.243199619918
,,,,873.2799212420778,591.243199619918
,,,,873.2799212420778,591.243199619918
,,,,873.2799212420778,591.243199619918
,,,,873.2799212420778,591.243199619918
,,,,873.2799212420778,591.243199619918
,,,,873.2799212420778,591.243199619918
,,,,873.2799212420778,591.243199619918
,,,,873.2799212420778,591.243199619918
,,,,873.2799212420778,591.243199619918
,,,,873.2799212420778,591.243199619918
,,,,873.2799212420778,591.243199619918
,,,,873.2799212420778,591.243199619918
,,,,873.2799212420778,591.243199619918
,,,,873.2799212420778,591.243199619918
,,,,873.2799212420778,591.243199619918
,,,,873.2799212420778,591.243199619918
,,,,873.2799212420778,591.243199619918
,,,,873.2799212420778,591.243199619918
,,,,873.2799212420778,591.243199619918
,,,,873.2799212420778,591.243199619918
,,,,873.2799212420778,591.243199619918
,,,,873.2799212420778,591.243199619918
,,,,873.2799212420778,591.243199619918
,,,,873.2799212420778,591.243199619918
,,,,873.2799212420778,591.243199619918
,,,,873.2799212420778,591.243199619918
,,,,873.2799212420778,591.243199619918
,,,,873.2799212420778,591.243199619918
,,,,873.2799212420778,591.243199619918
,,,,873.2799212420778,591.243199619918
,,,,873.2799212420778,591.243199619918
,,,,873.2799212420778,591.243199619918
,,,,873.2799212420778,591.243199619918
,,,,873.2799212420778,591.243199619918
,,,,873.2799212420778,591.243199619918
,,,,873.2799212420778,591.243199619918
,,,,873.2799212420778,591.243199619918
,,,,873.2799212420778,591.243199619918
,,,,873.2799212420778,591.243199619918
,,,,873.2799212420778,591.243199619918
,,,,873.2799212420778,591.243199619918
,,,,873.2799212420778,591.243199619918
,,,,873.2799212420778,591.243199619918
,,,,873.2799212420778,591.243199619918
,,,,873.2799212420778,591.243199619918
,,,,873.2799212420778,591.243199619918
,,,,873.2799212420778,591.243199619918
,,,,873.2799212420778,591.243199619918
,,,,873.2799212420778,591.243199619918
,,,,873.2799212420778,591.243199619918
,,,,0.0,0.0
,,,,873.2799212420778,591.243199619918
,,,,873.2799212420778,591.243199619918
,,,,873.2799212420778,591.243199619918
,,,,873.2799212420778,591.243199619918
,,,,873.2799212420778,591.243199619918
,,,,873.2799212420778,591.243199619918
,,,,873.2799212420778,591.243199619918
,,,,873.2799212420778,591.243199619918
,,,,873.2799212420778,591.243199619918
,,,,873.2799212420778,591.243199619918
,,,,873.2799212420778,591.243199619918
,,,,873.2799212420778,591.243199619918
,,,,873.2799212420778,591.243199619918
,,,,873.2799212420778,591.243199619918
,,,,873.2799212420778,591.243199619918
,,,,873.2799212420778,591.243199619918
,,,,873.2799212420778,591.243199619918
,,,,0.0,0.0
,,,,0.0,0.0
,,,,873.2799212420778,591.243199619918
,,,,873.2799212420778,591.243199619918
,,,,873.2799212420778,591.243199619918
,,,,873.2799212420778,591.243199619918
,,,,873.2799212420778,591.243199619918
,,,,873.2799212420778,591.243199619918
,,,,0.0,0.0
,,,,873.2799212420778,591.243199619918
,,,,873.2799212420778,591.243199619918
,,,,873.2799212420778,591.243199619918
,,,,0.0,0.0
,,,,873.2799212420778,591.243199619918
,,,,873.2799212420778,591.243199619918
,,,,873.2799212420778,591.243199619918
,,,,873.2799212420778,591.243199619918
,,,,873.2799212420778,591.243199619918
,,,,873.2799212420778,591.243199619918
,,,,873.2799212420778,591.243199619918
,,,,0.0,0.0
,,,,873.2799212420778,591.243199619918
,,,,873.2799212420778,591.243199619918
,,,,873.2799212420778,591.243199619918
,,,,873.2799212420778,591.243199619918
,,,,873.2799212420778,591.243199619918
,,,,873.2799212420778,591.243199619918
,,,,873.2799212420778,591.243199619918
,,,,0.0,0.0
,,,,0.0,0.0
,,,,873.2799212420778,591.243199619918
,,,,873.2799212420778,591.243199619918
,,,,873.2799212420778,591.243199619918
,,,,0.0,0.0
,,,,0.0,0.0
,,,,0.0,0.0
,,,,0.0,0.0
,,,,0.0,0.0
,,,,0.0,0.0
,,,,0.0,0.0
,,,,0.0,0.0
,,,,0.0,0.0
,,,,0.0,0.0
,,,,0.0,0.0
,,,,0.0,0.0
,,,,0.0,0.0
,,,,873.2799212420778,591.243199619918
,,,,873.2799212420778,591.243199619918
,,,,873.2799212420778,591.243199619918
,,,,873.2799212420778,591.243199619918
,,,,873.2799212420778,591.243199619918
,,,,873.2799212420778,591.243199619918
,,,,873.2799212420778,591.243199619918
,,,,873.2799212420778,591.243199619918
,,,,873.2799212420778,591.243199619918
,,,,873.2799212420778,591.243199619918
,,,,873.2799212420778,591.243199619918
,,,,873.2799212420778,591.243199619918
,,,,0.0,0.0
,,,,873.2799212420778,591.243199619918
,,,,873.2799212420778,591.243199619918
,,,,873.2799212420778,591.243199619918
,,,,873.2799212420778,591.243199619918
,,,,873.2799212420778,591.243199619918
,,,,873.2799212420778,591.243199619918
,,,,873.2799212420778,591.243199619918
,,,,873.2799212420778,591.243199619918
,,,,873.2799212420778,591.243199619918
,,,,873.2799212420778,591.243199619918
,,,,873.2799212420778,591.243199619918
,,,,873.2799212420778,591.243199619918
,,,,873.2799212420778,591.243199619918
,,,,873.2799212420778,591.243199619918
,,,,873.2799212420778,591.243199619918
,,,,873.2799212420778,591.243199619918
,,,,873.2799212420778,591.243199619918
,,,,873.2799212420778,591.243199619918
,,,,873.2799212420778,591.243199619918
,,,,873.2799212420778,591.243199619918
,,,,873.2799212420778,591.243199619918
,,,,873.2799212420778,591.243199619918
,,,,873.2799212420778,591.243199619918
,,,,873.2799212420778,591.243199619918
,,,,873.2799212420778,591.243199619918
,,,,873.2799212420778,591.243199619918
,,,,873.2799212420778,591.243199619918
,,,,873.2799212420778,591.243199619918
,,,,873.2799212420778,591.243199619918
,,,,873.2799212420778,591.243199619918
,,,,873.2799212420778,591.243199619918
,,,,873.2799212420778,591.243199619918
,,,,873.2799212420778,591.243199619918
,,,,873.2799212420778,591.243199619918
,,,,873.2799212420778,591.243199619918
,,,,873.2799212420778,591.243199619918
,,,,873.2799212420778,591.243199619918
,,,,873.2799212420778,591.243199619918
,,,,873.2799212420778,591.243199619918
,,,,873.2799212420778,591.243199619918
,,,,873.2799212420778,591.243199619918
,,,,873.2799212420778,591.243199619918
,,,,873.2799212420778,591.243199619918
,,,,873.2799212420778,591.243199619918
,,,,873.2799212420778,591.243199619918
,,,,873.2799212420778,591.243199619918
,,,,873.2799212420778,591.243199619918
,,,,873.2799212420778,591.243199619918
,,,,0.0,0.0
,,,,0.0,0.0
,,,,0.0,0.0
,,,,0.0,0.0
,,,,0.0,0.0
,,,,0.0,0.0
,,,,0.0,0.0
,,,,0.0,0.0
,,,,906.1043342781352,596.6095042315828
,,,,906.1043342781352,596.6095042315828
,,,,906.1043342781352,596.6095042315828
,,,,906.1043342781352,596.6095042315828
,,,,906.1043342781352,596.6095042315828
,,,,906.1043342781352,596.6095042315828
,,,,906.1043342781352,596.6095042315828
,,,,906.1043342781352,596.6095042315828
,,,,905.1749412814804,596.1462413733275
,,,,905.1749412814804,596.1462413733275
,,,,905.1749412814804,596.1462413733275
,,,,905.1749412814804,596.1462413733275
,,,,905.1749412814804,596.1462413733275
,,,,905.1749412814804,596.1462413733275
,,,,905.1749412814804,596.1462413733275
,,,,905.1749412814804,596.1462413733275
,,,,897.6833732290136,626.989784341818
,,,,897.6833732290136,626.989784341818
,,,,897.6833732290136,626.989784341818
,,,,897.6833732290136,626.989784341818
,,,,897.6833732290136,626.989784341818
,,,,897.6833732290136,626.989784341818
,,,,897.6833732290136,626.989784341818
,,,,897.6833732290136,626.989784341818
,,,,897.6833732290136,626.989784341818
,,,,897.6833732290136,626.989784341818
,,,,897.6833732290136,626.989784341818
,,,,897.6833732290136,626.989784341818
,,,,897.6833732290136,626.989784341818
,,,,900.2362110052164,623.9247719810983
,,,,900.2362110052164,623.9247719810983
,,,,900.2362110052164,623.9247719810983
,,,,900.2362110052164,623.9247719810983
,,,,900.2362110052164,623.9247719810983
,,,,900.2362110052164,623.9247719810983
,,,,900.2362110052164,623.9247719810983
,,,,900.2362110052164,623.9247719810983
,,,,900.2362110052164,623.9247719810983
,,,,900.2362110052164,623.9247719810983
,,,,900.2362110052164,623.9247719810983
,,,,900.2362110052164,623.9247719810983
,,,,900.2362110052164,623.9247719810983
,,,,900.2362110052164,623.9247719810983
,,,,900.2362110052164,623.9247719810983
,,,,900.2362110052164,623.9247719810983
,,,,900.2362110052164,623.9247719810983
,,,,900.2362110052164,623.9247719810983
,,,,900.2362110052164,623.9247719810983
,,,,900.2362110052164,623.9247719810983
,,,,900.2362110052164,623.9247719810983
,,,,900.2362110052164,623.9247719810983
,,,,0.0,0.0
,,,,900.2362110052164,623.9247719810983
,,,,900.2362110052164,623.9247719810983
,,,,900.2362110052164,623.9247719810983
,,,,900.2362110052164,623.9247719810983
,,,,900.2362110052164,623.9247719810983
,,,,900.2362110052164,623.9247719810983
,,,,900.2362110052164,623.9247719810983
,,,,900.2362110052164,623.9247719810983
,,,,900.2362110052164,623.9247719810983
,,,,900.2362110052164,623.9247719810983
,,,,900.2362110052164,623.9247719810983
,,,,900.2362110052164,623.9247719810983
,,,,900.2362110052164,623.9247719810983
,,,,900.2362110052164,623.9247719810983
,,,,900.2362110052164,623.9247719810983
,,,,900.2362110052164,623.9247719810983
,,,,900.2362110052164,623.9247719810983
,,,,900.2362110052164,623.9247719810983
,,,,900.2362110052164,623.9247719810983
,,,,900.2362110052164,623.9247719810983
,,,,900.2362110052164,623.9247719810983
,,,,900.2362110052164,623.9247719810983
,,,,900.2362110052164,623.9247719810983
,,,,900.2362110052164,623.9247719810983
,,,,900.2362110052164,623.9247719810983
,,,,900.2362110052164,623.9247719810983
,,,,900.2362110052164,623.9247719810983
,,,,900.2362110052164,623.9247719810983
,,,,900.2362110052164,623.9247719810983
,,,,900.2362110052164,623.9247719810983
,,,,900.2362110052164,623.9247719810983
,,,,900.2362110052164,623.9247719810983
,,,,900.2362110052164,623.9247719810983
,,,,900.2362110052164,623.9247719810983
,,,,900.2362110052164,623.9247719810983
,,,,900.2362110052164,623.9247719810983
,,,,0.0,0.0
,,,,900.2362110052164,623.9247719810983
,,,,900.2362110052164,623.9247719810983
,,,,900.2362110052164,623.9247719810983
,,,,900.2362110052164,623.9247719810983
,,,,900.2362110052164,623.9247719810983
,,,,900.2362110052164,623.9247719810983
,,,,900.2362110052164,623.9247719810983
,,,,900.2362110052164,623.9247719810983
,,,,900.2362110052164,623.9247719810983
,,,,900.2362110052164,623.9247719810983
,,,,900.2362110052164,623.9247719810983
,,,,900.2362110052164,623.9247719810983
,,,,900.2362110052164,623.9247719810983
,,,,900.2362110052164,623.9247719810983
,,,,900.2362110052164,623.9247719810983
,,,,900.2362110052164,623.9247719810983
,,,,900.2362110052164,623.9247719810983
,,,,900.2362110052164,623.9247719810983
,,,,900.2362110052164,623.9247719810983
,,,,900.2362110052164,623.9247719810983
,,,,900.2362110052164,623.9247719810983
,,,,900.2362110052164,623.9247719810983
,,,,900.2362110052164,623.9247719810983
,,,,-9999.99,-9999.99
,,,,900.2362110052164,623.9247719810983
,,,,900.2362110052164,623.9247719810983
,,,,-9999.99,-9999.99
,,,,900.2362110052164,623.9247719810983
,,,,900.2362110052164,623.9247719810983
,,,,900.2362110052164,623.9247719810983
,,,,900.2362110052164,623.9247719810983
,,,,900.2362110052164,623.9247719810983
,,,,900.2362110052164,623.9247719810983
,,,,900.2362110052164,623.9247719810983
,,,,900.2362110052164,623.9247719810983
,,,,900.2362110052164,623.9247719810983
,,,,0.0,0.0
,,,,0.0,0.0
,,,,0.0,0.0
,,,,0.0,0.0
,,,,0.0,0.0
,,,,0.0,0.0
,,,,0.0,0.0
,,,,0.0,0.0
,,,,0.0,0.0
,,,,0.0,0.0
