JD,Magnitude,Uncertainty,HQuncertainty,Band,Observer Code,Comment Code(s),Comp Star 1,Comp Star 2,Charts,Comments,Transformed,Airmass,Validation Flag,Cmag,Kmag,HJD,Star Name,Observer Affiliation,Measurement Method,Grouping method,ADS Reference,Digitizer,Credit,Residual X,Residual Y
2429158.72,10.340159214000003,,,Vis.,BR,,,,,,,,V,,,,SV SGE,,STD,,,,,472.52349084947855,708.7060990229543
2429159.72,10.435023060000002,,,Vis.,BR,,,,,,,,V,,,,SV SGE,,STD,,,,,472.52349084947855,708.7060990229543
2429163.72,10.340159214000003,,,Vis.,BR,,,,,,,,V,,,,SV SGE,,STD,,,,,472.52349084947855,708.7060990229543
2429164.72,10.435023060000002,,,Vis.,BR,,,,,,,,V,,,,SV SGE,,STD,,,,,472.52349084947855,708.7060990229543
2429185.68,10.245295368,,,Vis.,BR,,,,,,,,V,,,,SV SGE,,STD,,,,,472.52349084947855,708.7060990229543
2429510.6,10.150431522,,,Vis.,HU,,,,,,,,V,,,,SV SGE,,STD,,,,,472.52349084947855,708.7060990229543
2429511.6,10.150431522,,,Vis.,HU,,,,,,,,V,,,,SV SGE,,STD,,,,,472.52349084947855,708.7060990229543
2429512.6,10.245295368,,,Vis.,HU,,,,,,,,V,,,,SV SGE,,STD,,,,,472.52349084947855,708.7060990229543
2429513.6,10.245295368,,,Vis.,HU,,,,,,,,V,,,,SV SGE,,STD,,,,,472.52349084947855,708.7060990229543
2429514.6,10.150431522,,,Vis.,HU,,,,,,,,V,,,,SV SGE,,STD,,,,,472.52349084947855,708.7060990229543
2429515.6,10.340159214000003,,,Vis.,HU,,,,,,,,V,,,,SV SGE,,STD,,,,,472.52349084947855,708.7060990229543
2429516.6,10.340159214000003,,,Vis.,HU,,,,,,,,V,,,,SV SGE,,STD,,,,,472.52349084947855,708.7060990229543
2429517.6,10.435023060000002,,,Vis.,HU,,,,,,,,V,,,,SV SGE,,STD,,,,,472.52349084947855,708.7060990229543
2429518.6,10.435023060000002,,,Vis.,HU,,,,,,,,V,,,,SV SGE,,STD,,,,,472.52349084947855,708.7060990229543
2429519.6,10.435023060000002,,,Vis.,HU,,,,,,,,V,,,,SV SGE,,STD,,,,,472.52349084947855,708.7060990229543
2429520.6,10.150431522,,,Vis.,HU,,,,,,,,V,,,,SV SGE,,STD,,,,,472.52349084947855,708.7060990229543
2429521.6,10.245295368,,,Vis.,HU,,,,,,,,V,,,,SV SGE,,STD,,,,,472.52349084947855,708.7060990229543
2429522.6,10.245295368,,,Vis.,HU,,,,,,,,V,,,,SV SGE,,STD,,,,,472.52349084947855,708.7060990229543
2429525.6,10.245295368,,,Vis.,HU,,,,,,,,V,,,,SV SGE,,STD,,,,,472.52349084947855,708.7060990229543
2429526.6,10.909342290000001,,,Vis.,HU,,,,,,,,V,,,,SV SGE,,STD,,,,,472.52349084947855,708.7060990229543
2429527.6,11.099069982,,,Vis.,HU,,,,,,,,V,,,,SV SGE,,STD,,,,,472.52349084947855,708.7060990229543
2429528.6,11.099069982,,,Vis.,HU,,,,,,,,V,,,,SV SGE,,STD,,,,,472.52349084947855,708.7060990229543
2429529.6,11.099069982,,,Vis.,HU,,,,,,,,V,,,,SV SGE,,STD,,,,,472.52349084947855,708.7060990229543
2429531.6,10.909342290000001,,,Vis.,HU,,,,,,,,V,,,,SV SGE,,STD,,,,,472.52349084947855,708.7060990229543
2429543.6,10.435023060000002,,,Vis.,HU,,,,,,,,V,,,,SV SGE,,STD,,,,,472.52349084947855,708.7060990229543
2429548.6,11.004206136,,,Vis.,HU,,,,,,,,V,,,,SV SGE,,STD,,,,,472.52349084947855,708.7060990229543
2429549.6,10.909342290000001,,,Vis.,HU,,,,,,,,V,,,,SV SGE,,STD,,,,,472.52349084947855,708.7060990229543
2429551.6,10.529886906,,,Vis.,HU,,,,,,,,V,,,,SV SGE,,STD,,,,,472.52349084947855,708.7060990229543
2429552.6,10.624750751999999,,,Vis.,HU,,,,,,,,V,,,,SV SGE,,STD,,,,,472.52349084947855,708.7060990229543
2429553.6,10.624750751999999,,,Vis.,HU,,,,,,,,V,,,,SV SGE,,STD,,,,,0.0,0.0
2429554.6,10.814478444000002,,,Vis.,HU,,,,,,,,V,,,,SV SGE,,STD,,,,,472.52349084947855,708.7060990229543
2429555.6,10.814478444000002,,,Vis.,HU,,,,,,,,V,,,,SV SGE,,STD,,,,,472.52349084947855,708.7060990229543
2429556.6,10.909342290000001,,,Vis.,HU,,,,,,,,V,,,,SV SGE,,STD,,,,,472.52349084947855,708.7060990229543
2429560.6,10.909342290000001,,,Vis.,HU,,,,,,,,V,,,,SV SGE,,STD,,,,,472.52349084947855,708.7060990229543
2429561.6,10.719614597999998,,,Vis.,HU,,,,,,,,V,,,,SV SGE,,STD,,,,,472.52349084947855,708.7060990229543
2429562.6,10.814478444000002,,,Vis.,HU,,,,,,,,V,,,,SV SGE,,STD,,,,,472.52349084947855,708.7060990229543
2429564.6,10.909342290000001,,,Vis.,HU,,,,,,,,V,,,,SV SGE,,STD,,,,,472.52349084947855,708.7060990229543
2429565.6,10.909342290000001,,,Vis.,HU,,,,,,,,V,,,,SV SGE,,STD,,,,,472.52349084947855,708.7060990229543
2429568.6,11.004206136,,,Vis.,HU,,,,,,,,V,,,,SV SGE,,STD,,,,,472.52349084947855,708.7060990229543
2429571.6,10.719614597999998,,,Vis.,HU,,,,,,,,V,,,,SV SGE,,STD,,,,,472.52349084947855,708.7060990229543
2429573.6,10.719614597999998,,,Vis.,HU,,,,,,,,V,,,,SV SGE,,STD,,,,,472.52349084947855,708.7060990229543
2429574.6,10.435023060000002,,,Vis.,HU,,,,,,,,V,,,,SV SGE,,STD,,,,,472.52349084947855,708.7060990229543
2429576.6,10.719614597999998,,,Vis.,HU,,,,,,,,V,,,,SV SGE,,STD,,,,,472.52349084947855,708.7060990229543
2429579.6,10.624750751999999,,,Vis.,HU,,,,,,,,V,,,,SV SGE,,STD,,,,,472.52349084947855,708.7060990229543
2429580.6,10.435023060000002,,,Vis.,HU,,,,,,,,V,,,,SV SGE,,STD,,,,,472.52349084947855,708.7060990229543
2429581.6,10.719614597999998,,,Vis.,HU,,,,,,,,V,,,,SV SGE,,STD,,,,,472.52349084947855,708.7060990229543
2429582.6,10.624750751999999,,,Vis.,HU,,,,,,,,V,,,,SV SGE,,STD,,,,,472.52349084947855,708.7060990229543
2429583.6,10.245295368,,,Vis.,HU,,,,,,,,V,,,,SV SGE,,STD,,,,,472.52349084947855,708.7060990229543
2429584.6,10.340159214000003,,,Vis.,HU,,,,,,,,V,,,,SV SGE,,STD,,,,,472.52349084947855,708.7060990229543
2429588.6,10.435023060000002,,,Vis.,HU,,,,,,,,V,,,,SV SGE,,STD,,,,,472.52349084947855,708.7060990229543
2429589.6,10.435023060000002,,,Vis.,HU,,,,,,,,V,,,,SV SGE,,STD,,,,,472.52349084947855,708.7060990229543
2429590.6,10.435023060000002,,,Vis.,HU,,,,,,,,V,,,,SV SGE,,STD,,,,,472.52349084947855,708.7060990229543
2429591.6,10.719614597999998,,,Vis.,HU,,,,,,,,V,,,,SV SGE,,STD,,,,,-9999.99,-9999.99
2429592.6,10.435023060000002,,,Vis.,HU,,,,,,,,V,,,,SV SGE,,STD,,,,,472.52349084947855,708.7060990229543
2429594.6,10.529886906,,,Vis.,HU,,,,,,,,V,,,,SV SGE,,STD,,,,,472.52349084947855,708.7060990229543
2429595.6,10.529886906,,,Vis.,HU,,,,,,,,V,,,,SV SGE,,STD,,,,,472.52349084947855,708.7060990229543
2429599.6,10.814478444000002,,,Vis.,HU,,,,,,,,V,,,,SV SGE,,STD,,,,,472.52349084947855,708.7060990229543
2429604.6,10.529886906,,,Vis.,HU,,,,,,,,V,,,,SV SGE,,STD,,,,,472.52349084947855,708.7060990229543
2429605.6,10.529886906,,,Vis.,HU,,,,,,,,V,,,,SV SGE,,STD,,,,,472.52349084947855,708.7060990229543
2429816.6,10.340159214000003,,,Vis.,HU,,,,,,,,V,,,,SV SGE,,STD,,,,,0.0,0.0
2429817.6,10.340159214000003,,,Vis.,HU,,,,,,,,V,,,,SV SGE,,STD,,,,,472.52349084947855,708.7060990229543
2429822.6,10.340159214000003,,,Vis.,HU,,,,,,,,V,,,,SV SGE,,STD,,,,,472.52349084947855,708.7060990229543
2429849.6,10.340159214000003,,,Vis.,HU,,,,,,,,V,,,,SV SGE,,STD,,,,,472.52349084947855,708.7060990229543
2429850.6,10.435023060000002,,,Vis.,HU,,,,,,,,V,,,,SV SGE,,STD,,,,,472.52349084947855,708.7060990229543
2429857.6,10.435023060000002,,,Vis.,HU,,,,,,,,V,,,,SV SGE,,STD,,,,,472.52349084947855,708.7060990229543
2429862.6,10.435023060000002,,,Vis.,HU,,,,,,,,V,,,,SV SGE,,STD,,,,,472.52349084947855,708.7060990229543
2430256.5,10.245295368,,,Vis.,HO,,,,,,,,V,,,,SV SGE,,STD,,,,,472.52349084947855,708.7060990229543
2430318.7,10.055567675999999,,,Vis.,HO,,,,,,,,V,,,,SV SGE,,STD,,,,,472.52349084947855,708.7060990229543
2430500.7,10.909342290000001,,,Vis.,HO,,,,,,,,V,,,,SV SGE,,STD,,,,,472.52349084947855,708.7060990229543
2439297.69,10.245295368,,,Vis.,LX,,,,,,,,V,,,,SV SGE,,STD,,,,,472.52349084947855,708.7060990229543
2439316.67,10.245295368,,,Vis.,LX,,,,,,,,V,,,,SV SGE,,STD,,,,,472.52349084947855,708.7060990229543
2439348.67,10.055567675999999,,,Vis.,LX,,,,,,,,V,,,,SV SGE,,STD,,,,,472.52349084947855,708.7060990229543
2439366.6,10.150431522,,,Vis.,LX,,,,,,,,V,,,,SV SGE,,STD,,,,,472.52349084947855,708.7060990229543
2439386.6,10.150431522,,,Vis.,LX,,,,,,,,V,,,,SV SGE,,STD,,,,,472.52349084947855,708.7060990229543
2439401.6,10.055567675999999,,,Vis.,LX,,,,,,,,V,,,,SV SGE,,STD,,,,,472.52349084947855,708.7060990229543
2439443.5,10.150431522,,,Vis.,LX,,,,,,,,V,,,,SV SGE,,STD,,,,,0.0,0.0
2439609.8,10.435023060000002,,,Vis.,LX,,,,,,,,V,,,,SV SGE,,STD,,,,,472.52349084947855,708.7060990229543
2439623.7,10.245295368,,,Vis.,LX,,,,,,,,V,,,,SV SGE,,STD,,,,,472.52349084947855,708.7060990229543
2439627.7,10.435023060000002,,,Vis.,LX,,,,,,,,V,,,,SV SGE,,STD,,,,,472.52349084947855,708.7060990229543
2439641.7,10.245295368,,,Vis.,LX,,,,,,,,V,,,,SV SGE,,STD,,,,,472.52349084947855,708.7060990229543
2439644.7,10.245295368,,,Vis.,LX,,,,,,,,V,,,,SV SGE,,STD,,,,,472.52349084947855,708.7060990229543
2439669.7,10.150431522,,,Vis.,LX,,,,,,,,V,,,,SV SGE,,STD,,,,,472.52349084947855,708.7060990229543
2439678.6,10.245295368,,,Vis.,LX,,,,,,,,V,,,,SV SGE,,STD,,,,,472.52349084947855,708.7060990229543
2439680.7,10.245295368,,,Vis.,LX,,,,,,,,V,,,,SV SGE,,STD,,,,,0.0,0.0
2439688.7,10.245295368,,,Vis.,LX,,,,,,,,V,,,,SV SGE,,STD,,,,,472.52349084947855,708.7060990229543
2439698.6,10.245295368,,,Vis.,LX,,,,,,,,V,,,,SV SGE,,STD,,,,,472.52349084947855,708.7060990229543
2439711.6,10.340159214000003,,,Vis.,LX,,,,,,,,V,,,,SV SGE,,STD,,,,,472.52349084947855,708.7060990229543
2439717.6,10.245295368,,,Vis.,LX,,,,,,,,V,,,,SV SGE,,STD,,,,,472.52349084947855,708.7060990229543
2439736.6,10.150431522,,,Vis.,LX,,,,,,,,V,,,,SV SGE,,STD,,,,,472.52349084947855,708.7060990229543
2439739.6,10.150431522,,,Vis.,LX,,,,,,,,V,,,,SV SGE,,STD,,,,,472.52349084947855,708.7060990229543
2439744.6,10.150431522,,,Vis.,LX,,,,,,,,V,,,,SV SGE,,STD,,,,,472.52349084947855,708.7060990229543
2439747.6,10.150431522,,,Vis.,LX,,,,,,,,V,,,,SV SGE,,STD,,,,,472.52349084947855,708.7060990229543
2439749.6,10.150431522,,,Vis.,LX,,,,,,,,V,,,,SV SGE,,STD,,,,,472.52349084947855,708.7060990229543
2439751.6,10.150431522,,,Vis.,LX,,,,,,,,V,,,,SV SGE,,STD,,,,,472.52349084947855,708.7060990229543
2439756.7,10.150431522,,,Vis.,LX,,,,,,,,V,,,,SV SGE,,STD,,,,,472.52349084947855,708.7060990229543
2439764.6,10.150431522,,,Vis.,LX,,,,,,,,V,,,,SV SGE,,STD,,,,,472.52349084947855,708.7060990229543
2439767.6,10.340159214000003,,,Vis.,LX,,,,,,,,V,,,,SV SGE,,STD,,,,,472.52349084947855,708.7060990229543
2439777.6,10.245295368,,,Vis.,LX,,,,,,,,V,,,,SV SGE,,STD,,,,,472.52349084947855,708.7060990229543
2439786.6,10.245295368,,,Vis.,LX,,,,,,,,V,,,,SV SGE,,STD,,,,,472.52349084947855,708.7060990229543
2439790.6,10.245295368,,,Vis.,LX,,,,,,,,V,,,,SV SGE,,STD,,,,,472.52349084947855,708.7060990229543
2439793.6,10.340159214000003,,,Vis.,LX,,,,,,,,V,,,,SV SGE,,STD,,,,,0.0,0.0
2439800.6,10.340159214000003,,,Vis.,LX,,,,,,,,V,,,,SV SGE,,STD,,,,,472.52349084947855,708.7060990229543
2439803.6,10.340159214000003,,,Vis.,LX,,,,,,,,V,,,,SV SGE,,STD,,,,,472.52349084947855,708.7060990229543
2439820.5,10.245295368,,,Vis.,LX,,,,,,,,V,,,,SV SGE,,STD,,,,,0.0,0.0
2440012.6,10.245295368,,,Vis.,LX,,,,,,,,V,,,,SV SGE,,STD,,,,,472.52349084947855,708.7060990229543
2440022.7,10.340159214000003,,,Vis.,LX,,,,,,,,V,,,,SV SGE,,STD,,,,,472.52349084947855,708.7060990229543
2440028.6,10.340159214000003,,,Vis.,LX,,,,,,,,V,,,,SV SGE,,STD,,,,,472.52349084947855,708.7060990229543
2440031.7,10.435023060000002,,,Vis.,LX,,,,,,,,V,,,,SV SGE,,STD,,,,,472.52349084947855,708.7060990229543
2440036.7,10.340159214000003,,,Vis.,LX,,,,,,,,V,,,,SV SGE,,STD,,,,,472.52349084947855,708.7060990229543
2440038.7,10.340159214000003,,,Vis.,LX,,,,,,,,V,,,,SV SGE,,STD,,,,,472.52349084947855,708.7060990229543
2440054.7,10.245295368,,,Vis.,LX,,,,,,,,V,,,,SV SGE,,STD,,,,,472.52349084947855,708.7060990229543
2440058.6,10.340159214000003,,,Vis.,LX,,,,,,,,V,,,,SV SGE,,STD,,,,,472.52349084947855,708.7060990229543
2440066.6,10.340159214000003,,,Vis.,LX,,,,,,,,V,,,,SV SGE,,STD,,,,,472.52349084947855,708.7060990229543
2440090.6,10.245295368,,,Vis.,LX,,,,,,,,V,,,,SV SGE,,STD,,,,,472.52349084947855,708.7060990229543
2440100.6,10.150431522,,,Vis.,LX,,,,,,,,V,,,,SV SGE,,STD,,,,,472.52349084947855,708.7060990229543
2440107.6,10.340159214000003,,,Vis.,LX,,,,,,,,V,,,,SV SGE,,STD,,,,,472.52349084947855,708.7060990229543
2440112.6,10.245295368,,,Vis.,LX,,,,,,,,V,,,,SV SGE,,STD,,,,,472.52349084947855,708.7060990229543
2440114.6,10.245295368,,,Vis.,LX,,,,,,,,V,,,,SV SGE,,STD,,,,,472.52349084947855,708.7060990229543
2440118.5,10.245295368,,,Vis.,LX,,,,,,,,V,,,,SV SGE,,STD,,,,,472.52349084947855,708.7060990229543
2440120.5,10.245295368,,,Vis.,LX,,,,,,,,V,,,,SV SGE,,STD,,,,,472.52349084947855,708.7060990229543
2440127.5,10.245295368,,,Vis.,LX,,,,,,,,V,,,,SV SGE,,STD,,,,,472.52349084947855,708.7060990229543
2440131.6,10.245295368,,,Vis.,LX,,,,,,,,V,,,,SV SGE,,STD,,,,,472.52349084947855,708.7060990229543
2440134.6,10.245295368,,,Vis.,LX,,,,,,,,V,,,,SV SGE,,STD,,,,,472.52349084947855,708.7060990229543
2440139.6,10.150431522,,,Vis.,LX,,,,,,,,V,,,,SV SGE,,STD,,,,,472.52349084947855,708.7060990229543
2440146.6,10.150431522,,,Vis.,LX,,,,,,,,V,,,,SV SGE,,STD,,,,,472.52349084947855,708.7060990229543
2440150.5,10.150431522,,,Vis.,LX,,,,,,,,V,,,,SV SGE,,STD,,,,,472.52349084947855,708.7060990229543
2440153.5,10.150431522,,,Vis.,LX,,,,,,,,V,,,,SV SGE,,STD,,,,,472.52349084947855,708.7060990229543
2440159.6,10.150431522,,,Vis.,LX,,,,,,,,V,,,,SV SGE,,STD,,,,,472.52349084947855,708.7060990229543
2440163.6,10.150431522,,,Vis.,LX,,,,,,,,V,,,,SV SGE,,STD,,,,,472.52349084947855,708.7060990229543
2440171.5,10.340159214000003,,,Vis.,LX,,,,,,,,V,,,,SV SGE,,STD,,,,,472.52349084947855,708.7060990229543
2440199.4,10.245295368,,,Vis.,LX,,,,,,,,V,,,,SV SGE,,STD,,,,,472.52349084947855,708.7060990229543
2440323.7,10.245295368,,,Vis.,LX,,,,,,,,V,,,,SV SGE,,STD,,,,,472.52349084947855,708.7060990229543
2440332.7,10.340159214000003,,,Vis.,LX,,,,,,,,V,,,,SV SGE,,STD,,,,,0.0,0.0
2440373.6,10.245295368,,,Vis.,LX,,,,,,,,V,,,,SV SGE,,STD,,,,,472.52349084947855,708.7060990229543
2440376.6,10.245295368,,,Vis.,LX,,,,,,,,V,,,,SV SGE,,STD,,,,,472.52349084947855,708.7060990229543
2440380.7,10.340159214000003,,,Vis.,LX,,,,,,,,V,,,,SV SGE,,STD,,,,,472.52349084947855,708.7060990229543
2440382.7,10.340159214000003,,,Vis.,LX,,,,,,,,V,,,,SV SGE,,STD,,,,,472.52349084947855,708.7060990229543
2440384.7,10.340159214000003,,,Vis.,LX,,,,,,,,V,,,,SV SGE,,STD,,,,,472.52349084947855,708.7060990229543
2440389.7,10.340159214000003,,,Vis.,LX,,,,,,,,V,,,,SV SGE,,STD,,,,,472.52349084947855,708.7060990229543
2440394.7,10.435023060000002,,,Vis.,LX,,,,,,,,V,,,,SV SGE,,STD,,,,,472.52349084947855,708.7060990229543
2440401.7,10.245295368,,,Vis.,LX,,,,,,,,V,,,,SV SGE,,STD,,,,,472.52349084947855,708.7060990229543
2440404.7,10.150431522,,,Vis.,LX,,,,,,,,V,,,,SV SGE,,STD,,,,,472.52349084947855,708.7060990229543
2440409.6,10.245295368,,,Vis.,LX,,,,,,,,V,,,,SV SGE,,STD,,,,,472.52349084947855,708.7060990229543
2440417.6,10.245295368,,,Vis.,LX,,,,,,,,V,,,,SV SGE,,STD,,,,,472.52349084947855,708.7060990229543
2440419.6,10.245295368,,,Vis.,LX,,,,,,,,V,,,,SV SGE,,STD,,,,,472.52349084947855,708.7060990229543
2440445.7,10.150431522,,,Vis.,LX,,,,,,,,V,,,,SV SGE,,STD,,,,,472.52349084947855,708.7060990229543
2440453.6,10.245295368,,,Vis.,LX,,,,,,,,V,,,,SV SGE,,STD,,,,,472.52349084947855,708.7060990229543
2440474.6,10.150431522,,,Vis.,LX,,,,,,,,V,,,,SV SGE,,STD,,,,,472.52349084947855,708.7060990229543
2440477.6,10.150431522,,,Vis.,LX,,,,,,,,V,,,,SV SGE,,STD,,,,,472.52349084947855,708.7060990229543
2440479.6,10.150431522,,,Vis.,LX,,,,,,,,V,,,,SV SGE,,STD,,,,,472.52349084947855,708.7060990229543
2440483.6,10.150431522,,,Vis.,LX,,,,,,,,V,,,,SV SGE,,STD,,,,,472.52349084947855,708.7060990229543
2440485.6,10.150431522,,,Vis.,LX,,,,,,,,V,,,,SV SGE,,STD,,,,,472.52349084947855,708.7060990229543
2440487.5,10.245295368,,,Vis.,LX,,,,,,,,V,,,,SV SGE,,STD,,,,,472.52349084947855,708.7060990229543
2440491.6,10.245295368,,,Vis.,LX,,,,,,,,V,,,,SV SGE,,STD,,,,,472.52349084947855,708.7060990229543
2440493.6,10.150431522,,,Vis.,LX,,,,,,,,V,,,,SV SGE,,STD,,,,,472.52349084947855,708.7060990229543
2440499.6,10.245295368,,,Vis.,LX,,,,,,,,V,,,,SV SGE,,STD,,,,,472.52349084947855,708.7060990229543
2440503.6,10.150431522,,,Vis.,LX,,,,,,,,V,,,,SV SGE,,STD,,,,,472.52349084947855,708.7060990229543
2440505.5,10.150431522,,,Vis.,LX,,,,,,,,V,,,,SV SGE,,STD,,,,,472.52349084947855,708.7060990229543
2440509.6,10.150431522,,,Vis.,LX,,,,,,,,V,,,,SV SGE,,STD,,,,,472.52349084947855,708.7060990229543
2440512.6,10.150431522,,,Vis.,LX,,,,,,,,V,,,,SV SGE,,STD,,,,,472.52349084947855,708.7060990229543
2440518.6,10.150431522,,,Vis.,LX,,,,,,,,V,,,,SV SGE,,STD,,,,,472.52349084947855,708.7060990229543
2440523.6,10.150431522,,,Vis.,LX,,,,,,,,V,,,,SV SGE,,STD,,,,,472.52349084947855,708.7060990229543
2440525.6,10.245295368,,,Vis.,LX,,,,,,,,V,,,,SV SGE,,STD,,,,,472.52349084947855,708.7060990229543
2440541.6,10.150431522,,,Vis.,LX,,,,,,,,V,,,,SV SGE,,STD,,,,,472.52349084947855,708.7060990229543
2440547.5,10.150431522,,,Vis.,LX,,,,,,,,V,,,,SV SGE,,STD,,,,,472.52349084947855,708.7060990229543
2440551.5,10.245295368,,,Vis.,LX,,,,,,,,V,,,,SV SGE,,STD,,,,,472.52349084947855,708.7060990229543
2440562.5,10.150431522,,,Vis.,LX,,,,,,,,V,,,,SV SGE,,STD,,,,,472.52349084947855,708.7060990229543
2440576.5,10.245295368,,,Vis.,LX,,,,,,,,V,,,,SV SGE,,STD,,,,,472.52349084947855,708.7060990229543
2440688.7,10.245295368,,,Vis.,LX,,,,,,,,V,,,,SV SGE,,STD,,,,,472.52349084947855,708.7060990229543
2440695.7,10.340159214000003,,,Vis.,LX,,,,,,,,V,,,,SV SGE,,STD,,,,,472.52349084947855,708.7060990229543
2440703.7,10.340159214000003,,,Vis.,LX,,,,,,,,V,,,,SV SGE,,STD,,,,,472.52349084947855,708.7060990229543
2440714.7,10.245295368,,,Vis.,LX,,,,,,,,V,,,,SV SGE,,STD,,,,,472.52349084947855,708.7060990229543
2440734.6,10.150431522,,,Vis.,LX,,,,,,,,V,,,,SV SGE,,STD,,,,,472.52349084947855,708.7060990229543
2440737.7,10.150431522,,,Vis.,LX,,,,,,,,V,,,,SV SGE,,STD,,,,,472.52349084947855,708.7060990229543
2440740.7,10.245295368,,,Vis.,LX,,,,,,,,V,,,,SV SGE,,STD,,,,,472.52349084947855,708.7060990229543
2440745.6,10.150431522,,,Vis.,LX,,,,,,,,V,,,,SV SGE,,STD,,,,,472.52349084947855,708.7060990229543
2440750.7,10.150431522,,,Vis.,LX,,,,,,,,V,,,,SV SGE,,STD,,,,,472.52349084947855,708.7060990229543
2440752.6,10.150431522,,,Vis.,LX,,,,,,,,V,,,,SV SGE,,STD,,,,,472.52349084947855,708.7060990229543
2440758.7,10.245295368,,,Vis.,LX,,,,,,,,V,,,,SV SGE,,STD,,,,,472.52349084947855,708.7060990229543
2440765.7,10.150431522,,,Vis.,LX,,,,,,,,V,,,,SV SGE,,STD,,,,,472.52349084947855,708.7060990229543
2440773.6,10.150431522,,,Vis.,LX,,,,,,,,V,,,,SV SGE,,STD,,,,,472.52349084947855,708.7060990229543
2440780.6,10.150431522,,,Vis.,LX,,,,,,,,V,,,,SV SGE,,STD,,,,,472.52349084947855,708.7060990229543
2440785.7,10.150431522,,,Vis.,LX,,,,,,,,V,,,,SV SGE,,STD,,,,,472.52349084947855,708.7060990229543
2440809.7,10.150431522,,,Vis.,LX,,,,,,,,V,,,,SV SGE,,STD,,,,,472.52349084947855,708.7060990229543
2440811.6,10.150431522,,,Vis.,LX,,,,,,,,V,,,,SV SGE,,STD,,,,,472.52349084947855,708.7060990229543
2440823.6,10.150431522,,,Vis.,LX,,,,,,,,V,,,,SV SGE,,STD,,,,,472.52349084947855,708.7060990229543
2440824.6,10.150431522,,,Vis.,LX,,,,,,,,V,,,,SV SGE,,STD,,,,,472.52349084947855,708.7060990229543
2440834.6,10.150431522,,,Vis.,LX,,,,,,,,V,,,,SV SGE,,STD,,,,,472.52349084947855,708.7060990229543
2440841.7,10.150431522,,,Vis.,LX,,,,,,,,V,,,,SV SGE,,STD,,,,,472.52349084947855,708.7060990229543
2440846.6,10.150431522,,,Vis.,LX,,,,,,,,V,,,,SV SGE,,STD,,,,,472.52349084947855,708.7060990229543
2440852.5,10.150431522,,,Vis.,LX,,,,,,,,V,,,,SV SGE,,STD,,,,,472.52349084947855,708.7060990229543
2440865.6,10.150431522,,,Vis.,LX,,,,,,,,V,,,,SV SGE,,STD,,,,,0.0,0.0
2440883.5,10.150431522,,,Vis.,LX,,,,,,,,V,,,,SV SGE,,STD,,,,,472.52349084947855,708.7060990229543
2440888.6,10.150431522,,,Vis.,LX,,,,,,,,V,,,,SV SGE,,STD,,,,,472.52349084947855,708.7060990229543
2440912.5,10.150431522,,,Vis.,LX,,,,,,,,V,,,,SV SGE,,STD,,,,,472.52349084947855,708.7060990229543
2440915.6,10.150431522,,,Vis.,LX,,,,,,,,V,,,,SV SGE,,STD,,,,,472.52349084947855,708.7060990229543
2441045.8,10.245295368,,,Vis.,LX,,,,,,,,V,,,,SV SGE,,STD,,,,,472.52349084947855,708.7060990229543
2441063.7,10.150431522,,,Vis.,LX,,,,,,,,V,,,,SV SGE,,STD,,,,,472.52349084947855,708.7060990229543
2441089.7,10.150431522,,,Vis.,LX,,,,,,,,V,,,,SV SGE,,STD,,,,,472.52349084947855,708.7060990229543
2441094.6,10.245295368,,,Vis.,LX,,,,,,,,V,,,,SV SGE,,STD,,,,,472.52349084947855,708.7060990229543
2441113.6,10.245295368,,,Vis.,LX,,,,,,,,V,,,,SV SGE,,STD,,,,,472.52349084947855,708.7060990229543
2441119.6,10.245295368,,,Vis.,LX,,,,,,,,V,,,,SV SGE,,STD,,,,,0.0,0.0
2441135.7,10.245295368,,,Vis.,LX,,,,,,,,V,,,,SV SGE,,STD,,,,,0.0,0.0
2441137.6,10.245295368,,,Vis.,LX,,,,,,,,V,,,,SV SGE,,STD,,,,,0.0,0.0
2441145.7,10.245295368,,,Vis.,LX,,,,,,,,V,,,,SV SGE,,STD,,,,,0.0,0.0
2441150.6,10.340159214000003,,,Vis.,LX,,,,,,,,V,,,,SV SGE,,STD,,,,,472.52349084947855,708.7060990229543
2441170.6,10.245295368,,,Vis.,LX,,,,,,,,V,,,,SV SGE,,STD,,,,,0.0,0.0
2441176.6,10.245295368,,,Vis.,LX,,,,,,,,V,,,,SV SGE,,STD,,,,,472.52349084947855,708.7060990229543
2441182.6,10.245295368,,,Vis.,LX,,,,,,,,V,,,,SV SGE,,STD,,,,,472.52349084947855,708.7060990229543
2441210.6,10.150431522,,,Vis.,LX,,,,,,,,V,,,,SV SGE,,STD,,,,,472.52349084947855,708.7060990229543
2441219.6,10.150431522,,,Vis.,LX,,,,,,,,V,,,,SV SGE,,STD,,,,,472.52349084947855,708.7060990229543
2441232.6,10.150431522,,,Vis.,LX,,,,,,,,V,,,,SV SGE,,STD,,,,,472.52349084947855,708.7060990229543
2441243.6,10.150431522,,,Vis.,LX,,,,,,,,V,,,,SV SGE,,STD,,,,,472.52349084947855,708.7060990229543
2441251.5,10.150431522,,,Vis.,LX,,,,,,,,V,,,,SV SGE,,STD,,,,,472.52349084947855,708.7060990229543
2441263.6,10.150431522,,,Vis.,LX,,,,,,,,V,,,,SV SGE,,STD,,,,,472.52349084947855,708.7060990229543
2441269.5,10.150431522,,,Vis.,LX,,,,,,,,V,,,,SV SGE,,STD,,,,,472.52349084947855,708.7060990229543
2441272.5,10.150431522,,,Vis.,LX,,,,,,,,V,,,,SV SGE,,STD,,,,,472.52349084947855,708.7060990229543
2441290.5,10.150431522,,,Vis.,LX,,,,,,,,V,,,,SV SGE,,STD,,,,,472.52349084947855,708.7060990229543
2441297.5,10.150431522,,,Vis.,LX,,,,,,,,V,,,,SV SGE,,STD,,,,,472.52349084947855,708.7060990229543
2441305.3,10.055567675999999,,,Vis.,HOW,,,,,,,,V,,,,SV SGE,,STD,,,,,472.52349084947855,708.7060990229543
2441392.7,10.435023060000002,,,Vis.,HOW,,,,,,,,V,,,,SV SGE,,STD,,,,,472.52349084947855,708.7060990229543
2441401.7,11.288797674000001,,,Vis.,HOW,,,,,,,,V,,,,SV SGE,,STD,,,,,472.52349084947855,708.7060990229543
2441427.7,11.478525366,,,Vis.,HOW,,,,,,,,V,,,,SV SGE,,STD,,,,,472.52349084947855,708.7060990229543
2441453.6,11.478525366,,,Vis.,HOW,,,,,,,,V,,,,SV SGE,,STD,,,,,472.52349084947855,708.7060990229543
2441472.8,12.33229998,,,Vis.,CR,,,,,,,,V,,,,SV SGE,,STD,,,,,472.52349084947855,708.7060990229543
2441503.7,11.38366152,,,Vis.,LX,,,,,,,,V,,,,SV SGE,,STD,,,,,0.0,0.0
2441512.8,11.573389212,,,Vis.,CR,,,,,,,,V,,,,SV SGE,,STD,,,,,0.0,0.0
2441521.6,11.478525366,,,Vis.,LX,,,,,,,,V,,,,SV SGE,,STD,,,,,0.0,0.0
2441526.6,11.573389212,,,Vis.,LX,,,,,,,,V,,,,SV SGE,,STD,,,,,0.0,0.0
2441534.7,11.193933828000004,,,Vis.,GSR,,,,,,,,V,,,,SV SGE,,STD,,,,,0.0,0.0
2441545.6,11.38366152,,,Vis.,LX,,,,,,,,V,,,,SV SGE,,STD,,,,,0.0,0.0
2441545.7,11.193933828000004,,,Vis.,GSR,,,,,,,,V,,,,SV SGE,,STD,,,,,472.52349084947855,708.7060990229543
2441549.6,11.099069982,,,Vis.,LX,,,,,,,,V,,,,SV SGE,,STD,,,,,0.0,0.0
2441558.7,11.478525366,,,Vis.,GSR,,,,,,,,V,,,,SV SGE,,STD,,,,,0.0,0.0
2441564.7,11.573389212,,,Vis.,LX,,,,,,,,V,,,,SV SGE,,STD,,,,,0.0,0.0
2441565.6,11.38366152,,,Vis.,GSR,,,,,,,,V,,,,SV SGE,,STD,,,,,472.52349084947855,708.7060990229543
2441566.6,11.478525366,,,Vis.,LX,,,,,,,,V,,,,SV SGE,,STD,,,,,472.52349084947855,708.7060990229543
2441570.6,11.38366152,,,Vis.,LX,,,,,,,,V,,,,SV SGE,,STD,,,,,472.52349084947855,708.7060990229543
2441570.8,11.478525366,,,Vis.,CR,,,,,,,,V,,,,SV SGE,,STD,,,,,472.52349084947855,708.7060990229543
2441576.6,11.288797674000001,,,Vis.,LX,,,,,,,,V,,,,SV SGE,,STD,,,,,472.52349084947855,708.7060990229543
2441577.6,11.478525366,,,Vis.,LX,,,,,,,,V,,,,SV SGE,,STD,,,,,472.52349084947855,708.7060990229543
2441583.6,11.193933828000004,,,Vis.,LX,,,,,,,,V,,,,SV SGE,,STD,,,,,472.52349084947855,708.7060990229543
2441593.6,11.288797674000001,,,Vis.,LX,,,,,,,,V,,,,SV SGE,,STD,,,,,472.52349084947855,708.7060990229543
2441594.6,11.193933828000004,,,Vis.,GSR,,,,,,,,V,,,,SV SGE,,STD,,,,,472.52349084947855,708.7060990229543
2441606.5,11.38366152,,,Vis.,LX,,,,,,,,V,,,,SV SGE,,STD,,,,,472.52349084947855,708.7060990229543
2441616.5,11.38366152,,,Vis.,LX,,,,,,,,V,,,,SV SGE,,STD,,,,,472.52349084947855,708.7060990229543
2441617.5,11.478525366,,,Vis.,LX,,,,,,,,V,,,,SV SGE,,STD,,,,,472.52349084947855,708.7060990229543
2441619.49,11.099069982,,,Vis.,HOW,,,,,,,,V,,,,SV SGE,,STD,,,,,472.52349084947855,708.7060990229543
2441621.6,11.573389212,,,Vis.,LX,,,,,,,,V,,,,SV SGE,,STD,,,,,472.52349084947855,708.7060990229543
2441625.5,11.573389212,,,Vis.,LX,,,,,,,,V,,,,SV SGE,,STD,,,,,472.52349084947855,708.7060990229543
2441632.5,11.857980750000001,,,Vis.,LX,,,,,,,,V,,,,SV SGE,,STD,,,,,472.52349084947855,708.7060990229543
2441638.5,11.763116904,,,Vis.,LX,,,,,,,,V,,,,SV SGE,,STD,,,,,472.52349084947855,708.7060990229543
2441643.5,11.857980750000001,,,Vis.,LX,,,,,,,,V,,,,SV SGE,,STD,,,,,472.52349084947855,708.7060990229543
2441646.5,11.857980750000001,,,Vis.,LX,,,,,,,,V,,,,SV SGE,,STD,,,,,472.52349084947855,708.7060990229543
2441646.6,11.38366152,,,Vis.,GSR,,,,,,,,V,,,,SV SGE,,STD,,,,,472.52349084947855,708.7060990229543
2441655.5,11.763116904,,,Vis.,LX,,,,,,,,V,,,,SV SGE,,STD,,,,,472.52349084947855,708.7060990229543
2441669.5,10.814478444000002,,,Vis.,LX,,,,,,,,V,,,,SV SGE,,STD,,,,,472.52349084947855,708.7060990229543
2441684.6,11.38366152,,,Vis.,GSR,,,,,,,,V,,,,SV SGE,,STD,,,,,472.52349084947855,708.7060990229543
2441836.6,10.529886906,,,Vis.,LX,,,,,,,,V,,,,SV SGE,,STD,,,,,472.52349084947855,708.7060990229543
2441851.6,10.529886906,,,Vis.,LX,,,,,,,,V,,,,SV SGE,,STD,,,,,472.52349084947855,708.7060990229543
2441870.7,10.624750751999999,,,Vis.,LX,,,,,,,,V,,,,SV SGE,,STD,,,,,472.52349084947855,708.7060990229543
2441876.6,10.719614597999998,,,Vis.,LX,,,,,,,,V,,,,SV SGE,,STD,,,,,472.52349084947855,708.7060990229543
2441887.6,10.529886906,,,Vis.,LX,,,,,,,,V,,,,SV SGE,,STD,,,,,472.52349084947855,708.7060990229543
2441893.7,10.624750751999999,,,Vis.,GSR,,,,,,,,V,,,,SV SGE,,STD,,,,,472.52349084947855,708.7060990229543
2441899.7,10.340159214000003,,,Vis.,LX,,,,,,,,V,,,,SV SGE,,STD,,,,,472.52349084947855,708.7060990229543
2441917.7,10.529886906,,,Vis.,GSR,,,,,,,,V,,,,SV SGE,,STD,,,,,472.52349084947855,708.7060990229543
2441924.8,10.245295368,,,Vis.,CR,,,,,,,,V,,,,SV SGE,,STD,,,,,472.52349084947855,708.7060990229543
2441930.6,10.529886906,,,Vis.,LX,,,,,,,,V,,,,SV SGE,,STD,,,,,472.52349084947855,708.7060990229543
2441935.5,10.435023060000002,,,Vis.,LX,,,,,,,,V,,,,SV SGE,,STD,,,,,472.52349084947855,708.7060990229543
2441938.6,10.435023060000002,,,Vis.,LX,,,,,,,,V,,,,SV SGE,,STD,,,,,472.52349084947855,708.7060990229543
2441941.7,10.624750751999999,,,Vis.,GSR,,,,,,,,V,,,,SV SGE,,STD,,,,,472.52349084947855,708.7060990229543
2441944.7,9.960703830000002,,,Vis.,FD,,,,,,,,V,,,,SV SGE,,STD,,,,,472.52349084947855,708.7060990229543
2441970.6,10.245295368,,,Vis.,GSR,,,,,,,,V,,,,SV SGE,,STD,,,,,472.52349084947855,708.7060990229543
2441970.6,10.909342290000001,,,Vis.,LX,,,,,,,,V,,,,SV SGE,,STD,,,,,472.52349084947855,708.7060990229543
2441977.5,10.909342290000001,,,Vis.,LX,,,,,,,,V,,,,SV SGE,,STD,,,,,472.52349084947855,708.7060990229543
2441983.6,10.909342290000001,,,Vis.,LX,,,,,,,,V,,,,SV SGE,,STD,,,,,472.52349084947855,708.7060990229543
2441988.6,11.38366152,,,Vis.,LX,,,,,,,,V,,,,SV SGE,,STD,,,,,472.52349084947855,708.7060990229543
2442018.6,11.004206136,,,Vis.,GSR,,,,,,,,V,,,,SV SGE,,STD,,,,,472.52349084947855,708.7060990229543
2442019.5,11.668253058000001,,,Vis.,LX,,,,,,,,V,,,,SV SGE,,STD,,,,,472.52349084947855,708.7060990229543
2442019.6,11.763116904,,,Vis.,CR,,,,,,,,V,,,,SV SGE,,STD,,,,,472.52349084947855,708.7060990229543
2442039.5,11.099069982,,,Vis.,LX,,,,,,,,V,,,,SV SGE,,STD,,,,,472.52349084947855,708.7060990229543
2442149.0,11.288797674000001,,,Vis.,BUO,,,,,,,,V,,,,SV SGE,,STD,,,,,472.52349084947855,708.7060990229543
2442153.6,10.909342290000001,,,Vis.,SHS,,,,,,,,V,,,,SV SGE,,STD,,,,,472.52349084947855,708.7060990229543
2442164.7,10.719614597999998,,,Vis.,LX,,,,,,,,V,,,,SV SGE,,STD,,,,,472.52349084947855,708.7060990229543
2442164.8,10.909342290000001,,,Vis.,FD,,,,,,,,V,,,,SV SGE,,STD,,,,,472.52349084947855,708.7060990229543
2442187.7,11.004206136,,,Vis.,SHS,,,,,,,,V,,,,SV SGE,,STD,,,,,472.52349084947855,708.7060990229543
2442212.7,11.38366152,,,Vis.,LX,,,,,,,,V,,,,SV SGE,,STD,,,,,472.52349084947855,708.7060990229543
2442220.7,11.004206136,,,Vis.,SHS,,,,,,,,V,,,,SV SGE,,STD,,,,,472.52349084947855,708.7060990229543
2442227.7,10.435023060000002,,,Vis.,CR,,,,,,,,V,,,,SV SGE,,STD,,,,,472.52349084947855,708.7060990229543
2442230.6,10.909342290000001,,,Vis.,LX,,,,,,,,V,,,,SV SGE,,STD,,,,,472.52349084947855,708.7060990229543
2442239.6,11.004206136,,,Vis.,SHS,,,,,,,,V,,,,SV SGE,,STD,,,,,472.52349084947855,708.7060990229543
2442245.6,10.909342290000001,,,Vis.,LX,,,,,,,,V,,,,SV SGE,,STD,,,,,472.52349084947855,708.7060990229543
2442248.6,11.099069982,,,Vis.,SHS,,,,,,,,V,,,,SV SGE,,STD,,,,,472.52349084947855,708.7060990229543
2442249.6,10.909342290000001,,,Vis.,LX,,,,,,,,V,,,,SV SGE,,STD,,,,,0.0,0.0
2442265.7,11.288797674000001,,,Vis.,MYR,,,,,,,,V,,,,SV SGE,,STD,,,,,472.52349084947855,708.7060990229543
2442267.6,11.099069982,,,Vis.,LX,,,,,,,,V,,,,SV SGE,,STD,,,,,472.52349084947855,708.7060990229543
2442271.6,10.814478444000002,,,Vis.,LX,,,,,,,,V,,,,SV SGE,,STD,,,,,472.52349084947855,708.7060990229543
2442272.5,11.099069982,,,Vis.,SHS,,,,,,,,V,,,,SV SGE,,STD,,,,,472.52349084947855,708.7060990229543
2442275.6,10.909342290000001,,,Vis.,LX,,,,,,,,V,,,,SV SGE,,STD,,,,,472.52349084947855,708.7060990229543
2442285.6,11.004206136,,,Vis.,SHS,,,,,,,,V,,,,SV SGE,,STD,,,,,472.52349084947855,708.7060990229543
2442295.6,11.099069982,,,Vis.,SHS,,,,,,,,V,,,,SV SGE,,STD,,,,,472.52349084947855,708.7060990229543
2442300.6,10.435023060000002,,,Vis.,FD,,,,,,,,V,,,,SV SGE,,STD,,,,,472.52349084947855,708.7060990229543
2442301.65,10.529886906,,,Vis.,SCE,,,,,,,,V,,,,SV SGE,,STD,,,,,472.52349084947855,708.7060990229543
2442302.5,11.004206136,,,Vis.,SHS,,,,,,,,V,,,,SV SGE,,STD,,,,,472.52349084947855,708.7060990229543
2442303.5,10.435023060000002,,,Vis.,FD,,,,,,,,V,,,,SV SGE,,STD,,,,,472.52349084947855,708.7060990229543
2442303.56,10.529886906,,,Vis.,SCE,,,,,,,,V,,,,SV SGE,,STD,,,,,472.52349084947855,708.7060990229543
2442306.5,10.624750751999999,,,Vis.,LX,,,,,,,,V,,,,SV SGE,,STD,,,,,472.52349084947855,708.7060990229543
2442306.7,10.719614597999998,,,Vis.,CR,,,,,,,,V,,,,SV SGE,,STD,,,,,472.52349084947855,708.7060990229543
2442312.6,11.099069982,,,Vis.,SHS,,,,,,,,V,,,,SV SGE,,STD,,,,,472.52349084947855,708.7060990229543
2442314.5,10.624750751999999,,,Vis.,LX,,,,,,,,V,,,,SV SGE,,STD,,,,,472.52349084947855,708.7060990229543
2442314.67,10.529886906,,,Vis.,SCE,,,,,,,,V,,,,SV SGE,,STD,,,,,472.52349084947855,708.7060990229543
2442317.6,10.814478444000002,,,Vis.,LX,,,,,,,,V,,,,SV SGE,,STD,,,,,472.52349084947855,708.7060990229543
2442320.5,10.814478444000002,,,Vis.,LX,,,,,,,,V,,,,SV SGE,,STD,,,,,472.52349084947855,708.7060990229543
2442323.6,10.719614597999998,,,Vis.,LX,,,,,,,,V,,,,SV SGE,,STD,,,,,472.52349084947855,708.7060990229543
2442325.6,10.814478444000002,,,Vis.,LX,,,,,,,,V,,,,SV SGE,,STD,,,,,472.52349084947855,708.7060990229543
2442325.7,10.719614597999998,,,Vis.,MYR,,,,,,,,V,,,,SV SGE,,STD,,,,,472.52349084947855,708.7060990229543
2442326.5,11.004206136,,,Vis.,SHS,,,,,,,,V,,,,SV SGE,,STD,,,,,472.52349084947855,708.7060990229543
2442327.6,10.814478444000002,,,Vis.,LX,,,,,,,,V,,,,SV SGE,,STD,,,,,0.0,0.0
2442329.5,10.814478444000002,,,Vis.,LX,,,,,,,,V,,,,SV SGE,,STD,,,,,472.52349084947855,708.7060990229543
2442343.5,10.245295368,,,Vis.,BRJ,,,,,,,,V,,,,SV SGE,,STD,,,,,472.52349084947855,708.7060990229543
2442347.4,11.004206136,,,Vis.,SHS,,,,,,,,V,,,,SV SGE,,STD,,,,,472.52349084947855,708.7060990229543
2442348.6,11.004206136,,,Vis.,LX,,,,,,,,V,,,,SV SGE,,STD,,,,,472.52349084947855,708.7060990229543
2442354.5,10.814478444000002,,,Vis.,LX,,,,,,,,V,,,,SV SGE,,STD,,,,,472.52349084947855,708.7060990229543
2442360.5,10.435023060000002,,,Vis.,LX,,,,,,,,V,,,,SV SGE,,STD,,,,,472.52349084947855,708.7060990229543
2442360.6,10.150431522,,,Vis.,BRJ,,,,,,,,V,,,,SV SGE,,STD,,,,,472.52349084947855,708.7060990229543
2442365.5,10.719614597999998,,,Vis.,LX,,,,,,,,V,,,,SV SGE,,STD,,,,,472.52349084947855,708.7060990229543
2442368.5,10.435023060000002,,,Vis.,LX,,,,,,,,V,,,,SV SGE,,STD,,,,,472.52349084947855,708.7060990229543
2442369.5,10.435023060000002,,,Vis.,LX,,,,,,,,V,,,,SV SGE,,STD,,,,,472.52349084947855,708.7060990229543
2442370.6,10.624750751999999,,,Vis.,BRJ,,,,,,,,V,,,,SV SGE,,STD,,,,,472.52349084947855,708.7060990229543
2442375.5,10.624750751999999,,,Vis.,LX,,,,,,,,V,,,,SV SGE,,STD,,,,,472.52349084947855,708.7060990229543
2442388.5,10.529886906,,,Vis.,LX,,,,,,,,V,,,,SV SGE,,STD,,,,,472.52349084947855,708.7060990229543
2442404.5,10.529886906,,,Vis.,LX,,,,,,,,V,,,,SV SGE,,STD,,,,,472.52349084947855,708.7060990229543
2442515.8,10.814478444000002,,,Vis.,LX,,,,,,,,V,,,,SV SGE,,STD,,,,,472.52349084947855,708.7060990229543
2442516.8,10.529886906,,,Vis.,FD,,,,,,,,V,,,,SV SGE,,STD,,,,,472.52349084947855,708.7060990229543
2442532.55,11.099069982,,,Vis.,POK,,,,,,,,V,,,,SV SGE,,STD,,,,,472.52349084947855,708.7060990229543
2442535.59,11.193933828000004,,,Vis.,POK,,,,,,,,V,,,,SV SGE,,STD,,,,,472.52349084947855,708.7060990229543
2442542.8,10.435023060000002,,,Vis.,HZL,,,,,,,,V,,,,SV SGE,,STD,,,,,472.52349084947855,708.7060990229543
2442543.7,10.814478444000002,,,Vis.,LX,,,,,,,,V,,,,SV SGE,,STD,,,,,472.52349084947855,708.7060990229543
2442549.55,11.099069982,,,Vis.,POK,,,,,,,,V,,,,SV SGE,,STD,,,,,472.52349084947855,708.7060990229543
2442549.7,10.719614597999998,,,Vis.,LX,,,,,,,,V,,,,SV SGE,,STD,,,,,472.52349084947855,708.7060990229543
2442552.8,10.624750751999999,,,Vis.,SCE,,,,,,,,V,,,,SV SGE,,STD,,,,,472.52349084947855,708.7060990229543
2442560.7,10.529886906,,,Vis.,LX,,,,,,,,V,,,,SV SGE,,STD,,,,,472.52349084947855,708.7060990229543
2442571.54,10.814478444000002,,,Vis.,POK,,,,,,,,V,,,,SV SGE,,STD,,,,,472.52349084947855,708.7060990229543
2442573.7,10.719614597999998,,,Vis.,LX,,,,,,,,V,,,,SV SGE,,STD,,,,,472.52349084947855,708.7060990229543
2442574.6,11.004206136,,,Vis.,SHS,,,,,,,,V,,,,SV SGE,,STD,,,,,471.6128331457496,715.9267701236995
2442577.6,10.340159214000003,,,Vis.,BRJ,,,,,,,,V,,,,SV SGE,,STD,,,,,471.6128331457496,715.9267701236995
2442591.8,10.245295368,,,Vis.,CR,,,,,,,,V,,,,SV SGE,,STD,,,,,471.6128331457496,715.9267701236995
2442592.6,10.719614597999998,,,Vis.,SHS,,,,,,,,V,,,,SV SGE,,STD,,,,,471.6128331457496,715.9267701236995
2442594.7,10.529886906,,,Vis.,LX,,,,,,,,V,,,,SV SGE,,STD,,,,,471.6128331457496,715.9267701236995
2442596.6,10.150431522,,,Vis.,BRJ,,,,,,,,V,,,,SV SGE,,STD,,,,,471.6128331457496,715.9267701236995
2442596.6,10.529886906,,,Vis.,LX,,,,,,,,V,,,,SV SGE,,STD,,,,,471.6128331457496,715.9267701236995
2442599.6,10.435023060000002,,,Vis.,LX,,,,,,,,V,,,,SV SGE,,STD,,,,,471.6128331457496,715.9267701236995
2442603.6,10.435023060000002,,,Vis.,SHS,,,,,,,,V,,,,SV SGE,,STD,,,,,471.6128331457496,715.9267701236995
2442605.8,10.245295368,,,Vis.,GOP,,,,,,,,V,,,,SV SGE,,STD,,,,,471.6128331457496,715.9267701236995
2442606.7,10.245295368,,,Vis.,GOP,,,,,,,,V,,,,SV SGE,,STD,,,,,471.6128331457496,715.9267701236995
2442610.5,10.435023060000002,,,Vis.,SHS,,,,,,,,V,,,,SV SGE,,STD,,,,,471.6128331457496,715.9267701236995
2442612.7,10.435023060000002,,,Vis.,LX,,,,,,,,V,,,,SV SGE,,STD,,,,,471.6128331457496,715.9267701236995
2442620.6,10.245295368,,,Vis.,SHS,,,,,,,,V,,,,SV SGE,,STD,,,,,471.6128331457496,715.9267701236995
2442621.6,10.435023060000002,,,Vis.,LX,,,,,,,,V,,,,SV SGE,,STD,,,,,471.6128331457496,715.9267701236995
2442626.6,10.435023060000002,,,Vis.,LX,,,,,,,,V,,,,SV SGE,,STD,,,,,471.6128331457496,715.9267701236995
2442628.5,10.624750751999999,,,Vis.,HOO,,,,,,,,V,,,,SV SGE,KNVWS,STD,,,,,471.6128331457496,715.9267701236995
2442628.7,10.245295368,,,Vis.,CR,,,,,,,,V,,,,SV SGE,,STD,,,,,471.6128331457496,715.9267701236995
2442630.6,10.340159214000003,,,Vis.,LX,,,,,,,,V,,,,SV SGE,,STD,,,,,471.6128331457496,715.9267701236995
2442631.6,10.150431522,,,Vis.,SHS,,,,,,,,V,,,,SV SGE,,STD,,,,,471.6128331457496,715.9267701236995
2442633.6,10.340159214000003,,,Vis.,LX,,,,,,,,V,,,,SV SGE,,STD,,,,,471.6128331457496,715.9267701236995
2442637.6,10.340159214000003,,,Vis.,LX,,,,,,,,V,,,,SV SGE,,STD,,,,,471.6128331457496,715.9267701236995
2442642.6,10.245295368,,,Vis.,SHS,,,,,,,,V,,,,SV SGE,,STD,,,,,471.6128331457496,715.9267701236995
2442643.6,10.150431522,,,Vis.,BRJ,,,,,,,,V,,,,SV SGE,,STD,,,,,471.6128331457496,715.9267701236995
2442643.7,9.865839983999999,,,Vis.,MCO,,,,,,,,V,,,,SV SGE,,STD,,,,,471.6128331457496,715.9267701236995
2442647.6,10.435023060000002,,,Vis.,LX,,,,,,,,V,,,,SV SGE,,STD,,,,,471.6128331457496,715.9267701236995
2442652.5,10.340159214000003,,,Vis.,SHS,,,,,,,,V,,,,SV SGE,,STD,,,,,471.6128331457496,715.9267701236995
2442656.5,10.435023060000002,,,Vis.,POK,,,,,,,,V,,,,SV SGE,,STD,,,,,471.6128331457496,715.9267701236995
2442657.6,10.245295368,,,Vis.,GOP,,,,,,,,V,,,,SV SGE,,STD,,,,,471.6128331457496,715.9267701236995
2442658.7,9.960703830000002,,,Vis.,GOP,,,,,,,,V,,,,SV SGE,,STD,,,,,471.6128331457496,715.9267701236995
2442659.45,10.245295368,,,Vis.,POK,,,,,,,,V,,,,SV SGE,,STD,,,,,471.6128331457496,715.9267701236995
2442659.6,10.245295368,,,Vis.,LX,,,,,,,,V,,,,SV SGE,,STD,,,,,471.6128331457496,715.9267701236995
2442661.6,10.150431522,,,Vis.,BRJ,,,,,,,,V,,,,SV SGE,,STD,,,,,471.6128331457496,715.9267701236995
2442662.6,10.435023060000002,,,Vis.,SHS,,,,,,,,V,,,,SV SGE,,STD,,,,,471.6128331457496,715.9267701236995
2442663.6,9.581248446,,,Vis.,GOP,,,,,,,,V,,,,SV SGE,,STD,,,,,471.6128331457496,715.9267701236995
2442666.6,10.529886906,,,Vis.,GOP,,,,,,,,V,,,,SV SGE,,STD,,,,,471.6128331457496,715.9267701236995
2442677.6,10.435023060000002,,,Vis.,LX,,,,,,,,V,,,,SV SGE,,STD,,,,,0.0,0.0
2442680.7,10.055567675999999,,,Vis.,CR,,,,,,,,V,,,,SV SGE,,STD,,,,,471.6128331457496,715.9267701236995
2442682.6,10.245295368,,,Vis.,GOP,,,,,,,,V,,,,SV SGE,,STD,,,,,471.6128331457496,715.9267701236995
2442683.5,10.435023060000002,,,Vis.,LX,,,,,,,,V,,,,SV SGE,,STD,,,,,471.6128331457496,715.9267701236995
2442683.6,9.865839983999999,,,Vis.,GOP,,,,,,,,V,,,,SV SGE,,STD,,,,,471.6128331457496,715.9267701236995
2442684.5,10.529886906,,,Vis.,SHS,,,,,,,,V,,,,SV SGE,,STD,,,,,471.6128331457496,715.9267701236995
2442684.6,9.960703830000002,,,Vis.,GOP,,,,,,,,V,,,,SV SGE,,STD,,,,,471.6128331457496,715.9267701236995
2442685.6,10.245295368,,,Vis.,BRJ,,,,,,,,V,,,,SV SGE,,STD,,,,,471.6128331457496,715.9267701236995
2442685.6,10.340159214000003,,,Vis.,GOP,,,,,,,,V,,,,SV SGE,,STD,,,,,471.6128331457496,715.9267701236995
2442686.6,10.435023060000002,,,Vis.,LX,,,,,,,,V,,,,SV SGE,,STD,,,,,471.6128331457496,715.9267701236995
2442688.6,10.340159214000003,,,Vis.,GOP,,,,,,,,V,,,,SV SGE,,STD,,,,,471.6128331457496,715.9267701236995
2442690.6,9.865839983999999,,,Vis.,GOP,,,,,,,,V,,,,SV SGE,,STD,,,,,471.6128331457496,715.9267701236995
2442691.37,10.150431522,,,Vis.,POK,,,,,,,,V,,,,SV SGE,,STD,,,,,471.6128331457496,715.9267701236995
2442692.4,10.624750751999999,,,Vis.,SHS,,,,,,,,V,,,,SV SGE,,STD,,,,,471.6128331457496,715.9267701236995
2442692.6,9.770976138,,,Vis.,GOP,,,,,,,,V,,,,SV SGE,,STD,,,,,471.6128331457496,715.9267701236995
2442692.6,10.435023060000002,,,Vis.,LX,,,,,,,,V,,,,SV SGE,,STD,,,,,471.6128331457496,715.9267701236995
2442693.6,9.770976138,,,Vis.,GOP,,,,,,,,V,,,,SV SGE,,STD,,,,,471.6128331457496,715.9267701236995
2442694.5,10.245295368,,,Vis.,GOP,,,,,,,,V,,,,SV SGE,,STD,,,,,-9999.99,-9999.99
2442706.6,9.960703830000002,,,Vis.,GOP,,,,,,,,V,,,,SV SGE,,STD,,,,,471.6128331457496,715.9267701236995
2442707.5,10.150431522,,,Vis.,BRJ,,,,,,,,V,,,,SV SGE,,STD,,,,,471.6128331457496,715.9267701236995
2442707.5,10.340159214000003,,,Vis.,LX,,,,,,,,V,,,,SV SGE,,STD,,,,,0.0,0.0
2442708.6,9.960703830000002,,,Vis.,GOP,,,,,,,,V,,,,SV SGE,,STD,,,,,0.0,0.0
2442712.38,10.340159214000003,,,Vis.,POK,,,,,,,,V,,,,SV SGE,,STD,,,,,471.6128331457496,715.9267701236995
2442712.4,10.719614597999998,,,Vis.,SHS,,,,,,,,V,,,,SV SGE,,STD,,,,,471.6128331457496,715.9267701236995
2442713.5,10.435023060000002,,,Vis.,LX,,,,,,,,V,,,,SV SGE,,STD,,,,,471.6128331457496,715.9267701236995
2442716.6,10.055567675999999,,,Vis.,GOP,,,,,,,,V,,,,SV SGE,,STD,,,,,471.6128331457496,715.9267701236995
2442717.5,10.055567675999999,,,Vis.,GOP,,,,,,,,V,,,,SV SGE,,STD,,,,,0.0,0.0
2442719.5,10.529886906,,,Vis.,LX,,,,,,,,V,,,,SV SGE,,STD,,,,,471.6128331457496,715.9267701236995
2442720.31,10.245295368,,,Vis.,POK,,,,,,,,V,,,,SV SGE,,STD,,,,,471.6128331457496,715.9267701236995
2442720.6,10.529886906,,,Vis.,CR,,,,,,,,V,,,,SV SGE,,STD,,,,,471.6128331457496,715.9267701236995
2442720.6,9.960703830000002,,,Vis.,GOP,,,,,,,,V,,,,SV SGE,,STD,,,,,471.6128331457496,715.9267701236995
2442721.6,9.960703830000002,,,Vis.,GOP,,,,,,,,V,,,,SV SGE,,STD,,,,,471.6128331457496,715.9267701236995
2442723.6,9.960703830000002,,,Vis.,GOP,,,,,,,,V,,,,SV SGE,,STD,,,,,471.6128331457496,715.9267701236995
2442724.5,9.960703830000002,,,Vis.,GOP,,,,,,,,V,,,,SV SGE,,STD,,,,,471.6128331457496,715.9267701236995
2442725.5,9.960703830000002,,,Vis.,GOP,,,,,,,,V,,,,SV SGE,,STD,,,,,471.6128331457496,715.9267701236995
2442726.5,9.960703830000002,,,Vis.,GOP,,,,,,,,V,,,,SV SGE,,STD,,,,,471.6128331457496,715.9267701236995
2442727.5,9.960703830000002,,,Vis.,GOP,,,,,,,,V,,,,SV SGE,,STD,,,,,471.6128331457496,715.9267701236995
2442728.5,10.435023060000002,,,Vis.,LX,,,,,,,,V,,,,SV SGE,,STD,,,,,471.6128331457496,715.9267701236995
2442729.4,10.624750751999999,,,Vis.,SHS,,,,,,,,V,,,,SV SGE,,STD,,,,,471.6128331457496,715.9267701236995
2442729.5,9.960703830000002,,,Vis.,GOP,,,,,,,,V,,,,SV SGE,,STD,,,,,471.6128331457496,715.9267701236995
2442730.5,9.960703830000002,,,Vis.,GOP,,,,,,,,V,,,,SV SGE,,STD,,,,,471.6128331457496,715.9267701236995
2442740.6,9.960703830000002,,,Vis.,GOP,,,,,,,,V,,,,SV SGE,,STD,,,,,471.6128331457496,715.9267701236995
2442743.29,10.150431522,,,Vis.,POK,,,,,,,,V,,,,SV SGE,,STD,,,,,471.6128331457496,715.9267701236995
2442743.6,9.960703830000002,,,Vis.,GOP,,,,,,,,V,,,,SV SGE,,STD,,,,,471.6128331457496,715.9267701236995
2442744.5,9.960703830000002,,,Vis.,GOP,,,,,,,,V,,,,SV SGE,,STD,,,,,471.6128331457496,715.9267701236995
2442747.5,9.960703830000002,,,Vis.,GOP,,,,,,,,V,,,,SV SGE,,STD,,,,,471.6128331457496,715.9267701236995
2442748.5,10.340159214000003,,,Vis.,LX,,,,,,,,V,,,,SV SGE,,STD,,,,,471.6128331457496,715.9267701236995
2442750.5,9.960703830000002,,,Vis.,GOP,,,,,,,,V,,,,SV SGE,,STD,,,,,471.6128331457496,715.9267701236995
2442751.6,10.340159214000003,,,Vis.,LX,,,,,,,,V,,,,SV SGE,,STD,,,,,471.6128331457496,715.9267701236995
2442753.4,10.624750751999999,,,Vis.,SHS,,,,,,,,V,,,,SV SGE,,STD,,,,,-9999.99,-9999.99
2442754.4,10.340159214000003,,,Vis.,LX,,,,,,,,V,,,,SV SGE,,STD,,,,,471.6128331457496,715.9267701236995
2442779.5,10.435023060000002,,,Vis.,LX,,,,,,,,V,,,,SV SGE,,STD,,,,,471.6128331457496,715.9267701236995
2442892.7,10.435023060000002,,,Vis.,LX,,,,,,,,V,,,,SV SGE,,STD,,,,,471.6128331457496,715.9267701236995
2442898.6,10.719614597999998,,,Vis.,SHS,,,,,,,,V,,,,SV SGE,,STD,,,,,471.6128331457496,715.9267701236995
2442906.7,10.529886906,,,Vis.,WNB,,,,,,,,V,,,,SV SGE,,STD,,,,,471.6128331457496,715.9267701236995
2442908.6,10.435023060000002,,,Vis.,SHS,,,,,,,,V,,,,SV SGE,,STD,,,,,471.6128331457496,715.9267701236995
2442918.6,10.435023060000002,,,Vis.,SHS,,,,,,,,V,,,,SV SGE,,STD,,,,,471.6128331457496,715.9267701236995
2442920.7,10.814478444000002,,,Vis.,WNB,,,,,,,,V,,,,SV SGE,,STD,,,,,471.6128331457496,715.9267701236995
2442922.7,10.150431522,,,Vis.,HZL,,,,,,,,V,,,,SV SGE,,STD,,,,,471.6128331457496,715.9267701236995
2442932.7,10.529886906,,,Vis.,SHS,,,,,,,,V,,,,SV SGE,,STD,,,,,471.6128331457496,715.9267701236995
2442934.6,10.340159214000003,,,Vis.,BRJ,,,,,,,,V,,,,SV SGE,,STD,,,,,471.6128331457496,715.9267701236995
2442934.8,10.719614597999998,,,Vis.,FD,,,,,,,,V,,,,SV SGE,,STD,,,,,471.6128331457496,715.9267701236995
2442949.8,9.960703830000002,,,Vis.,GOP,,,,,,,,V,,,,SV SGE,,STD,,,,,0.0,0.0
2442956.7,10.624750751999999,,,Vis.,LX,,,,,,,,V,,,,SV SGE,,STD,,,,,471.6128331457496,715.9267701236995
2442956.7,10.529886906,,,Vis.,SHS,,,,,,,,V,,,,SV SGE,,STD,,,,,471.6128331457496,715.9267701236995
2442957.1,10.055567675999999,,,Vis.,WNB,,,,,,,,V,,,,SV SGE,,STD,,,,,471.6128331457496,715.9267701236995
2442961.7,10.529886906,,,Vis.,BOD,,,,,,,,V,,,,SV SGE,,STD,,,,,471.6128331457496,715.9267701236995
2442961.7,10.529886906,,,Vis.,WEI,,,,,,,,V,,,,SV SGE,,STD,,,,,471.6128331457496,715.9267701236995
2442963.6,10.624750751999999,,,Vis.,SHS,,,,,,,,V,,,,SV SGE,,STD,,,,,471.6128331457496,715.9267701236995
2442964.7,10.624750751999999,,,Vis.,GRI,,,,,,,,V,,,,SV SGE,,STD,,,,,471.6128331457496,715.9267701236995
2442965.1,10.624750751999999,,,Vis.,WNB,,,,,,,,V,,,,SV SGE,,STD,,,,,471.6128331457496,715.9267701236995
2442965.6,10.150431522,,,Vis.,BRJ,,,,,,,,V,,,,SV SGE,,STD,,,,,471.6128331457496,715.9267701236995
2442965.6,10.624750751999999,,,Vis.,GRI,,,,,,,,V,,,,SV SGE,,STD,,,,,471.6128331457496,715.9267701236995
2442965.6,10.529886906,,,Vis.,LX,,,,,,,,V,,,,SV SGE,,STD,,,,,471.6128331457496,715.9267701236995
2442966.6,10.245295368,,,Vis.,HAY,,,,,,,,V,,,,SV SGE,,STD,,,,,471.6128331457496,715.9267701236995
2442972.6,10.624750751999999,,,Vis.,SHS,,,,,,,,V,,,,SV SGE,,STD,,,,,471.6128331457496,715.9267701236995
2442975.6,10.435023060000002,,,Vis.,HZL,,,,,,,,V,,,,SV SGE,,STD,,,,,471.6128331457496,715.9267701236995
2442977.6,10.529886906,,,Vis.,LX,,,,,,,,V,,,,SV SGE,,STD,,,,,471.6128331457496,715.9267701236995
2442977.7,10.245295368,,,Vis.,GOP,,,,,,,,V,,,,SV SGE,,STD,,,,,471.6128331457496,715.9267701236995
2442979.7,10.245295368,,,Vis.,HAY,,,,,,,,V,,,,SV SGE,,STD,,,,,471.6128331457496,715.9267701236995
2442980.6,10.245295368,,,Vis.,GOP,,,,,,,,V,,,,SV SGE,,STD,,,,,471.6128331457496,715.9267701236995
2442981.5,10.529886906,,,Vis.,SHS,,,,,,,,V,,,,SV SGE,,STD,,,,,471.6128331457496,715.9267701236995
2442982.2,10.435023060000002,,,Vis.,WNB,,,,,,,,V,,,,SV SGE,,STD,,,,,471.6128331457496,715.9267701236995
2442982.7,10.245295368,,,Vis.,GOP,,,,,,,,V,,,,SV SGE,,STD,,,,,471.6128331457496,715.9267701236995
2442983.7,10.245295368,,,Vis.,GOP,,,,,,,,V,,,,SV SGE,,STD,,,,,471.6128331457496,715.9267701236995
2442984.7,10.150431522,,,Vis.,GOP,,,,,,,,V,,,,SV SGE,,STD,,,,,471.6128331457496,715.9267701236995
2442985.6,10.245295368,,,Vis.,GOP,,,,,,,,V,,,,SV SGE,,STD,,,,,471.6128331457496,715.9267701236995
2442988.7,10.245295368,,,Vis.,GOP,,,,,,,,V,,,,SV SGE,,STD,,,,,471.6128331457496,715.9267701236995
2442990.6,10.529886906,,,Vis.,SHS,,,,,,,,V,,,,SV SGE,,STD,,,,,471.6128331457496,715.9267701236995
2442990.7,9.960703830000002,,,Vis.,GOP,,,,,,,,V,,,,SV SGE,,STD,,,,,471.6128331457496,715.9267701236995
2442992.6,10.909342290000001,,,Vis.,WNB,,,,,,,,V,,,,SV SGE,,STD,,,,,471.6128331457496,715.9267701236995
2442993.6,10.150431522,,,Vis.,BRJ,,,,,,,,V,,,,SV SGE,,STD,,,,,471.6128331457496,715.9267701236995
2442993.6,10.529886906,,,Vis.,LX,,,,,,,,V,,,,SV SGE,,STD,,,,,471.6128331457496,715.9267701236995
2442993.7,9.960703830000002,,,Vis.,FD,,,,,,,,V,,,,SV SGE,,STD,,,,,471.6128331457496,715.9267701236995
2442994.6,10.245295368,,,Vis.,GOP,,,,,,,,V,,,,SV SGE,,STD,,,,,471.6128331457496,715.9267701236995
2443000.7,9.960703830000002,,,Vis.,GOP,,,,,,,,V,,,,SV SGE,,STD,,,,,471.6128331457496,715.9267701236995
2443001.7,10.055567675999999,,,Vis.,GOP,,,,,,,,V,,,,SV SGE,,STD,,,,,471.6128331457496,715.9267701236995
2443003.6,10.055567675999999,,,Vis.,GOP,,,,,,,,V,,,,SV SGE,,STD,,,,,471.6128331457496,715.9267701236995
2443005.8,9.960703830000002,,,Vis.,GOP,,,,,,,,V,,,,SV SGE,,STD,,,,,471.6128331457496,715.9267701236995
2443006.44,10.150431522,,,Vis.,POK,,,,,,,,V,,,,SV SGE,,STD,,,,,471.6128331457496,715.9267701236995
2443006.6,10.055567675999999,,,Vis.,GOP,,,,,,,,V,,,,SV SGE,,STD,,,,,471.6128331457496,715.9267701236995
2443006.6,10.529886906,,,Vis.,SHS,,,,,,,,V,,,,SV SGE,,STD,,,,,471.6128331457496,715.9267701236995
2443007.6,10.055567675999999,,,Vis.,GOP,,,,,,,,V,,,,SV SGE,,STD,,,,,471.6128331457496,715.9267701236995
2443007.6,10.340159214000003,,,Vis.,LX,,,,,,,,V,,,,SV SGE,,STD,,,,,471.6128331457496,715.9267701236995
2443011.6,10.055567675999999,,,Vis.,GOP,,,,,,,,V,,,,SV SGE,,STD,,,,,471.6128331457496,715.9267701236995
2443011.6,10.814478444000002,,,Vis.,WNB,,,,,,,,V,,,,SV SGE,,STD,,,,,471.6128331457496,715.9267701236995
2443012.45,10.150431522,,,Vis.,POK,,,,,,,,V,,,,SV SGE,,STD,,,,,471.6128331457496,715.9267701236995
2443012.6,9.960703830000002,,,Vis.,GOP,,,,,,,,V,,,,SV SGE,,STD,,,,,471.6128331457496,715.9267701236995
2443014.5,10.529886906,,,Vis.,SHS,,,,,,,,V,,,,SV SGE,,STD,,,,,471.6128331457496,715.9267701236995
2443017.7,10.245295368,,,Vis.,BOD,,,,,,,,V,,,,SV SGE,,STD,,,,,471.6128331457496,715.9267701236995
2443017.7,10.245295368,,,Vis.,WEI,,,,,,,,V,,,,SV SGE,,STD,,,,,471.6128331457496,715.9267701236995
2443019.6,10.245295368,,,Vis.,BOD,,,,,,,,V,,,,SV SGE,,STD,,,,,471.6128331457496,715.9267701236995
2443019.6,10.245295368,,,Vis.,WEI,,,,,,,,V,,,,SV SGE,,STD,,,,,471.6128331457496,715.9267701236995
2443020.6,10.814478444000002,,,Vis.,WNB,,,,,,,,V,,,,SV SGE,,STD,,,,,471.6128331457496,715.9267701236995
2443020.7,9.865839983999999,,,Vis.,FD,,,,,,,,V,,,,SV SGE,,STD,,,,,471.6128331457496,715.9267701236995
2443021.6,10.055567675999999,,,Vis.,BRJ,,,,,,,,V,,,,SV SGE,,STD,,,,,471.6128331457496,715.9267701236995
2443021.6,10.435023060000002,,,Vis.,LX,,,,,,,,V,,,,SV SGE,,STD,,,,,471.6128331457496,715.9267701236995
2443021.7,10.529886906,,,Vis.,SHS,,,,,,,,V,,,,SV SGE,,STD,,,,,471.6128331457496,715.9267701236995
2443027.6,10.435023060000002,,,Vis.,HAY,,,,,,,,V,,,,SV SGE,,STD,,,,,471.6128331457496,715.9267701236995
2443028.5,10.624750751999999,,,Vis.,SHS,,,,,,,,V,,,,SV SGE,,STD,,,,,471.6128331457496,715.9267701236995
2443028.7,10.055567675999999,,,Vis.,GOP,,,,,,,,V,,,,SV SGE,,STD,,,,,471.6128331457496,715.9267701236995
2443030.6,10.909342290000001,,,Vis.,WNB,,,,,,,,V,,,,SV SGE,,STD,,,,,-9999.99,-9999.99
2443035.5,10.624750751999999,,,Vis.,SHS,,,,,,,,V,,,,SV SGE,,STD,,,,,471.6128331457496,715.9267701236995
2443035.6,10.055567675999999,,,Vis.,BRJ,,,,,,,,V,,,,SV SGE,,STD,,,,,0.0,0.0
2443035.6,10.435023060000002,,,Vis.,LX,,,,,,,,V,,,,SV SGE,,STD,,,,,471.6128331457496,715.9267701236995
2443040.6,10.340159214000003,,,Vis.,BOD,,,,,,,,V,,,,SV SGE,,STD,,,,,471.6128331457496,715.9267701236995
2443040.6,10.340159214000003,,,Vis.,WEI,,,,,,,,V,,,,SV SGE,,STD,,,,,471.6128331457496,715.9267701236995
2443043.6,9.960703830000002,,,Vis.,GOP,,,,,,,,V,,,,SV SGE,,STD,,,,,471.6128331457496,715.9267701236995
2443044.6,11.004206136,,,Vis.,WNB,,,,,,,,V,,,,SV SGE,,STD,,,,,471.6128331457496,715.9267701236995
2443045.5,10.624750751999999,,,Vis.,SHS,,,,,,,,V,,,,SV SGE,,STD,,,,,471.6128331457496,715.9267701236995
2443045.6,9.960703830000002,,,Vis.,GOP,,,,,,,,V,,,,SV SGE,,STD,,,,,471.6128331457496,715.9267701236995
2443046.6,9.960703830000002,,,Vis.,GOP,,,,,,,,V,,,,SV SGE,,STD,,,,,471.6128331457496,715.9267701236995
2443050.6,9.865839983999999,,,Vis.,FD,,,,,,,,V,,,,SV SGE,,STD,,,,,471.6128331457496,715.9267701236995
2443051.6,9.960703830000002,,,Vis.,GOP,,,,,,,,V,,,,SV SGE,,STD,,,,,471.6128331457496,715.9267701236995
2443052.5,10.624750751999999,,,Vis.,SHS,,,,,,,,V,,,,SV SGE,,STD,,,,,471.6128331457496,715.9267701236995
2443061.5,10.245295368,,,Vis.,LX,,,,,,,,V,,,,SV SGE,,STD,,,,,471.6128331457496,715.9267701236995
2443061.7,10.055567675999999,,,Vis.,GOP,,,,,,,,V,,,,SV SGE,,STD,,,,,471.6128331457496,715.9267701236995
2443062.5,10.909342290000001,,,Vis.,WNB,,,,,,,,V,,,,SV SGE,,STD,,,,,471.6128331457496,715.9267701236995
2443063.4,10.435023060000002,,,Vis.,SHS,,,,,,,,V,,,,SV SGE,,STD,,,,,-9999.99,-9999.99
2443063.6,9.960703830000002,,,Vis.,GOP,,,,,,,,V,,,,SV SGE,,STD,,,,,-9999.99,-9999.99
2443070.5,10.435023060000002,,,Vis.,WNB,,,,,,,,V,,,,SV SGE,,STD,,,,,471.6128331457496,715.9267701236995
2443071.6,10.055567675999999,,,Vis.,GOP,,,,,,,,V,,,,SV SGE,,STD,,,,,471.6128331457496,715.9267701236995
2443073.5,10.529886906,,,Vis.,SHS,,,,,,,,V,,,,SV SGE,,STD,,,,,471.6128331457496,715.9267701236995
2443075.5,10.055567675999999,,,Vis.,BRJ,,,,,,,,V,,,,SV SGE,,STD,,,,,471.6128331457496,715.9267701236995
2443075.5,10.435023060000002,,,Vis.,LX,,,,,,,,V,,,,SV SGE,,STD,,,,,471.6128331457496,715.9267701236995
2443080.5,10.624750751999999,,,Vis.,SHS,,,,,,,,V,,,,SV SGE,,STD,,,,,471.6128331457496,715.9267701236995
2443083.5,10.340159214000003,,,Vis.,SNL,,,,,,,,V,,,,SV SGE,,STD,,,,,471.6128331457496,715.9267701236995
2443084.5,10.055567675999999,,,Vis.,GOP,,,,,,,,V,,,,SV SGE,,STD,,,,,471.6128331457496,715.9267701236995
2443084.5,10.529886906,,,Vis.,WNB,,,,,,,,V,,,,SV SGE,,STD,,,,,-9999.99,-9999.99
2443085.6,9.960703830000002,,,Vis.,GOP,,,,,,,,V,,,,SV SGE,,STD,,,,,0.0,0.0
2443087.6,10.245295368,,,Vis.,GOP,,,,,,,,V,,,,SV SGE,,STD,,,,,471.6128331457496,715.9267701236995
2443089.6,10.055567675999999,,,Vis.,GOP,,,,,,,,V,,,,SV SGE,,STD,,,,,471.6128331457496,715.9267701236995
2443091.6,10.150431522,,,Vis.,GOP,,,,,,,,V,,,,SV SGE,,STD,,,,,471.6128331457496,715.9267701236995
2443094.5,10.529886906,,,Vis.,WNB,,,,,,,,V,,,,SV SGE,,STD,,,,,471.6128331457496,715.9267701236995
2443096.4,10.529886906,,,Vis.,SHS,,,,,,,,V,,,,SV SGE,,STD,,,,,471.6128331457496,715.9267701236995
2443100.5,9.960703830000002,,,Vis.,GOP,,,,,,,,V,,,,SV SGE,,STD,,,,,471.6128331457496,715.9267701236995
2443105.5,9.960703830000002,,,Vis.,GOP,,,,,,,,V,,,,SV SGE,,STD,,,,,471.6128331457496,715.9267701236995
2443113.4,10.624750751999999,,,Vis.,SHS,,,,,,,,V,,,,SV SGE,,STD,,,,,471.6128331457496,715.9267701236995
2443113.5,10.055567675999999,,,Vis.,GOP,,,,,,,,V,,,,SV SGE,,STD,,,,,0.0,0.0
2443114.5,10.624750751999999,,,Vis.,WNB,,,,,,,,V,,,,SV SGE,,STD,,,,,-9999.99,-9999.99
2443116.5,10.245295368,,,Vis.,BRJ,,,,,,,,V,,,,SV SGE,,STD,,,,,471.6128331457496,715.9267701236995
2443117.5,9.960703830000002,,,Vis.,GOP,,,,,,,,V,,,,SV SGE,,STD,,,,,471.6128331457496,715.9267701236995
2443126.4,10.529886906,,,Vis.,SHS,,,,,,,,V,,,,SV SGE,,STD,,,,,471.6128331457496,715.9267701236995
2443127.5,10.150431522,,,Vis.,BRJ,,,,,,,,V,,,,SV SGE,,STD,,,,,471.6128331457496,715.9267701236995
2443209.0,10.340159214000003,,,Vis.,ANN,,,,,,,,V,,,,SV SGE,,STD,,,,,0.0,0.0
2443233.0,10.624750751999999,,,Vis.,ANN,,,,,,,,V,,,,SV SGE,,STD,,,,,471.6128331457496,715.9267701236995
2443242.7,10.624750751999999,,,Vis.,SHS,,,,,,,,V,,,,SV SGE,,STD,,,,,0.0,0.0
2443250.6,10.624750751999999,,,Vis.,SHS,,,,,,,,V,,,,SV SGE,,STD,,,,,0.0,0.0
2443252.8,9.865839983999999,,,Vis.,FD,,,,,,,,V,,,,SV SGE,,STD,,,,,0.0,0.0
2443271.6,10.624750751999999,,,Vis.,SHS,,,,,,,,V,,,,SV SGE,,STD,,,,,0.0,0.0
2443278.7,10.624750751999999,,,Vis.,WNB,,,,,,,,V,,,,SV SGE,,STD,,,,,0.0,0.0
2443278.8,10.529886906,,,Vis.,GOP,,,,,,,,V,,,,SV SGE,,STD,,,,,0.0,0.0
2443283.6,10.529886906,,,Vis.,SHS,,,,,,,,V,,,,SV SGE,,STD,,,,,0.0,0.0
2443290.6,10.529886906,,,Vis.,SHS,,,,,,,,V,,,,SV SGE,,STD,,,,,0.0,0.0
2443291.7,10.529886906,,,Vis.,WNB,,,,,,,,V,,,,SV SGE,,STD,,,,,0.0,0.0
2443297.6,10.435023060000002,,,Vis.,SHS,,,,,,,,V,,,,SV SGE,,STD,,,,,0.0,0.0
2443302.4,10.150431522,,,Vis.,VOL,,,,,,,,V,,,,SV SGE,AFOEV,STD,,,,,0.0,0.0
2443303.8,10.624750751999999,,,Vis.,GOP,,,,,,,,V,,,,SV SGE,,STD,,,,,0.0,0.0
2443304.5,10.814478444000002,,,Vis.,VOL,,,,,,,,V,,,,SV SGE,AFOEV,STD,,,,,0.0,0.0
2443304.6,10.435023060000002,,,Vis.,SHS,,,,,,,,V,,,,SV SGE,,STD,,,,,0.0,0.0
2443306.8,10.529886906,,,Vis.,GOP,,,,,,,,V,,,,SV SGE,,STD,,,,,0.0,0.0
2443310.6,10.150431522,,,Vis.,BRJ,,,,,,,,V,,,,SV SGE,,STD,,,,,0.0,0.0
2443313.6,10.245295368,,,Vis.,SHS,,,,,,,,V,,,,SV SGE,,STD,,,,,0.0,0.0
2443314.4,10.719614597999998,,,Vis.,VOL,,,,,,,,V,,,,SV SGE,AFOEV,STD,,,,,0.0,0.0
2443314.8,10.529886906,,,Vis.,GOP,,,,,,,,V,,,,SV SGE,,STD,,,,,0.0,0.0
2443316.6,10.340159214000003,,,Vis.,WNB,,,,,,,,V,,,,SV SGE,,STD,,,,,0.0,0.0
2443319.4,10.435023060000002,,,Vis.,VOL,,,,,,,,V,,,,SV SGE,AFOEV,STD,,,,,0.0,0.0
2443321.6,10.245295368,,,Vis.,SHS,,,,,,,,V,,,,SV SGE,,STD,,,,,0.0,0.0
2443322.8,10.529886906,,,Vis.,GOP,,,,,,,,V,,,,SV SGE,,STD,,,,,0.0,0.0
2443323.9,10.909342290000001,,,Vis.,HIL,,,,,,,,V,,,,SV SGE,,STD,,,,,0.0,0.0
2443329.1,10.055567675999999,,,Vis.,CR,,,,,,,,V,,,,SV SGE,,STD,,,,,0.0,0.0
2443329.4,10.624750751999999,,,Vis.,VOL,,,,,,,,V,,,,SV SGE,AFOEV,STD,,,,,0.0,0.0
2443331.8,10.529886906,,,Vis.,GOP,C,,,,,,,V,,,,SV SGE,,STD,,,,,0.0,0.0
2443334.6,10.245295368,,,Vis.,BRJ,,,,,,,,V,,,,SV SGE,,STD,,,,,0.0,0.0
2443334.6,10.814478444000002,,,Vis.,SHS,,,,,,,,V,,,,SV SGE,,STD,,,,,0.0,0.0
2443337.4,10.245295368,,,Vis.,VOL,,,,,,,,V,,,,SV SGE,AFOEV,STD,,,,,0.0,0.0
2443337.7,10.435023060000002,,,Vis.,GOP,,,,,,,,V,,,,SV SGE,,STD,,,,,0.0,0.0
2443338.4702,10.529886906,,,Vis.,RIR,,,,,,,,V,,,,SV SGE,,STD,,,,,0.0,0.0
2443338.5,10.340159214000003,,,Vis.,SUR,,,,,,,,V,,,,SV SGE,,STD,,,,,0.0,0.0
2443340.7,10.435023060000002,,,Vis.,GOP,,,,,,,,V,,,,SV SGE,,STD,,,,,0.0,0.0
2443341.4585,10.245295368,,,Vis.,RIR,,,,,,,,V,,,,SV SGE,,STD,,,,,0.0,0.0
2443341.5,10.245295368,,,Vis.,SUR,,,,,,,,V,,,,SV SGE,,STD,,,,,0.0,0.0
2443341.7,10.624750751999999,,,Vis.,GOP,,,,,,,,V,,,,SV SGE,,STD,,,,,0.0,0.0
2443343.7,10.340159214000003,,,Vis.,SNL,,,,,,,,V,,,,SV SGE,,STD,,,,,0.0,0.0
2443344.6,10.624750751999999,,,Vis.,SHS,,,,,,,,V,,,,SV SGE,,STD,,,,,0.0,0.0
2443347.6,10.340159214000003,,,Vis.,WNB,,,,,,,,V,,,,SV SGE,,STD,,,,,0.0,0.0
2443351.6,10.624750751999999,,,Vis.,SHS,,,,,,,,V,,,,SV SGE,,STD,,,,,0.0,0.0
2443351.6,10.340159214000003,,,Vis.,WNB,,,,,,,,V,,,,SV SGE,,STD,,,,,0.0,0.0
2443357.7,10.150431522,,,Vis.,GOP,,,,,,,,V,,,,SV SGE,,STD,,,,,0.0,0.0
2443358.7,10.245295368,,,Vis.,GOP,,,,,,,,V,,,,SV SGE,,STD,,,,,0.0,0.0
2443359.7,10.055567675999999,,,Vis.,GOP,,,,,,,,V,,,,SV SGE,,STD,,,,,0.0,0.0
2443361.4,10.624750751999999,,,Vis.,VOL,,,,,,,,V,,,,SV SGE,AFOEV,STD,,,,,0.0,0.0
2443361.4522,10.055567675999999,,,Vis.,RIR,,,,,,,,V,,,,SV SGE,,STD,,,,,0.0,0.0
2443361.5,10.340159214000003,,,Vis.,SUR,,,,,,,,V,,,,SV SGE,,STD,,,,,0.0,0.0
2443362.8,10.909342290000001,,,Vis.,HIL,,,,,,,,V,,,,SV SGE,,STD,,,,,0.0,0.0
2443365.7,10.055567675999999,,,Vis.,GOP,,,,,,,,V,,,,SV SGE,,STD,,,,,0.0,0.0
2443366.5,10.719614597999998,,,Vis.,SHS,,,,,,,,V,,,,SV SGE,,STD,,,,,0.0,0.0
2443366.7,9.960703830000002,,,Vis.,GOP,,,,,,,,V,,,,SV SGE,,STD,,,,,0.0,0.0
2443371.4898,10.055567675999999,,,Vis.,RIR,,,,,,,,V,,,,SV SGE,,STD,,,,,0.0,0.0
2443371.7,9.960703830000002,,,Vis.,GOP,,,,,,,,V,,,,SV SGE,,STD,,,,,0.0,0.0
2443372.5,10.150431522,,,Vis.,SUR,,,,,,,,V,,,,SV SGE,,STD,,,,,0.0,0.0
2443372.5557,10.055567675999999,,,Vis.,RIR,,,,,,,,V,,,,SV SGE,,STD,,,,,0.0,0.0
2443372.7,9.960703830000002,,,Vis.,GOP,,,,,,,,V,,,,SV SGE,,STD,,,,,0.0,0.0
2443373.6,10.055567675999999,,,Vis.,BRJ,,,,,,,,V,,,,SV SGE,,STD,,,,,0.0,0.0
2443374.6,10.245295368,,,Vis.,WNB,,,,,,,,V,,,,SV SGE,,STD,,,,,0.0,0.0
2443375.5,10.055567675999999,,,Vis.,SHS,,,,,,,,V,,,,SV SGE,,STD,,,,,0.0,0.0
2443375.5,9.960703830000002,,,Vis.,VOL,,,,,,,,V,,,,SV SGE,AFOEV,STD,,,,,0.0,0.0
2443375.7,10.435023060000002,,,Vis.,MYR,,,,,,,,V,,,,SV SGE,,STD,,,,,0.0,0.0
2443380.371,10.245295368,,,Vis.,GAE,,,,,,,,V,,,,SV SGE,,STD,,,,,0.0,0.0
2443380.5,10.245295368,,,Vis.,SHS,,,,,,,,V,,,,SV SGE,,STD,,,,,0.0,0.0
2443380.5225,10.245295368,,,Vis.,RIR,,,,,,,,V,,,,SV SGE,,STD,,,,,0.0,0.0
2443381.6,10.150431522,,,Vis.,GOP,C,,,,,,,V,,,,SV SGE,,STD,,,,,0.0,0.0
2443385.364,10.150431522,,,Vis.,GAE,,,,,,,,V,,,,SV SGE,,STD,,,,,0.0,0.0
2443385.368,10.055567675999999,,,Vis.,RIR,,,,,,,,V,,,,SV SGE,,STD,,,,,0.0,0.0
2443385.4,9.581248446,,,Vis.,TRR,,,,,,,,V,,,,SV SGE,,STD,,,,,0.0,0.0
2443385.5,10.529886906,,,Vis.,SHS,,,,,,,,V,,,,SV SGE,,STD,,,,,0.0,0.0
2443385.7,10.055567675999999,,,Vis.,GOP,C,,,,,,,V,,,,SV SGE,,STD,,,,,0.0,0.0
2443390.6,10.340159214000003,,,Vis.,WNB,,,,,,,,V,,,,SV SGE,,STD,,,,,0.0,0.0
2443390.7,9.960703830000002,,,Vis.,GOP,,,,,,,,V,,,,SV SGE,,STD,,,,,0.0,0.0
2443391.3,10.245295368,,,Vis.,TRR,,,,,,,,V,,,,SV SGE,,STD,,,,,0.0,0.0
2443391.5186,10.055567675999999,,,Vis.,RIR,,,,,,,,V,,,,SV SGE,,STD,,,,,0.0,0.0
2443393.3,10.055567675999999,,,Vis.,TRR,,,,,,,,V,,,,SV SGE,,STD,,,,,0.0,0.0
2443393.354,10.245295368,,,Vis.,RIR,,,,,,,,V,,,,SV SGE,,STD,,,,,0.0,0.0
2443393.6,10.435023060000002,,,Vis.,SHS,,,,,,,,V,,,,SV SGE,,STD,,,,,0.0,0.0
2443396.4561,10.150431522,,,Vis.,RIR,,,,,,,,V,,,,SV SGE,,STD,,,,,0.0,0.0
2443398.5,10.529886906,,,Vis.,SHS,,,,,,,,V,,,,SV SGE,,STD,,,,,0.0,0.0
2443400.4,10.150431522,,,Vis.,SUR,,,,,,,,V,,,,SV SGE,,STD,,,,,0.0,0.0
2443400.4805,10.150431522,,,Vis.,RIR,,,,,,,,V,,,,SV SGE,,STD,,,,,0.0,0.0
2443401.6,10.340159214000003,,,Vis.,WNB,,,,,,,,V,,,,SV SGE,,STD,,,,,0.0,0.0
2443402.7,9.960703830000002,,,Vis.,GOP,,,,,,,,V,,,,SV SGE,,STD,,,,,0.0,0.0
2443407.7,9.960703830000002,,,Vis.,GOP,C,,,,,,,V,,,,SV SGE,,STD,,,,,0.0,0.0
2443410.3,10.245295368,,,Vis.,TRR,,,,,,,,V,,,,SV SGE,,STD,,,,,0.0,0.0
2443410.4,10.245295368,,,Vis.,SUR,,,,,,,,V,,,,SV SGE,,STD,,,,,0.0,0.0
2443410.4092,10.055567675999999,,,Vis.,RIR,,,,,,,,V,,,,SV SGE,,STD,,,,,0.0,0.0
2443411.3569,9.960703830000002,,,Vis.,RIR,,,,,,,,V,,,,SV SGE,,STD,,,,,0.0,0.0
2443411.4,10.150431522,,,Vis.,SUR,,,,,,,,V,,,,SV SGE,,STD,,,,,0.0,0.0
2443412.3,10.150431522,,,Vis.,SUR,,,,,,,,V,,,,SV SGE,,STD,,,,,0.0,0.0
2443412.3,9.865839983999999,,,Vis.,TRR,,,,,,,,V,,,,SV SGE,,STD,,,,,0.0,0.0
2443412.3564,10.055567675999999,,,Vis.,RIR,,,,,,,,V,,,,SV SGE,,STD,,,,,0.0,0.0
2443412.6,9.960703830000002,,,Vis.,GOP,C,,,,,,,V,,,,SV SGE,,STD,,,,,0.0,0.0
2443413.3,10.150431522,,,Vis.,SUR,,,,,,,,V,,,,SV SGE,,STD,,,,,0.0,0.0
2443413.3,10.055567675999999,,,Vis.,TRR,,,,,,,,V,,,,SV SGE,,STD,,,,,0.0,0.0
2443413.3159,9.865839983999999,,,Vis.,RIR,,,,,,,,V,,,,SV SGE,,STD,,,,,0.0,0.0
2443414.3,10.055567675999999,,,Vis.,TRR,,,,,,,,V,,,,SV SGE,,STD,,,,,0.0,0.0
2443414.4,10.055567675999999,,,Vis.,SUR,,,,,,,,V,,,,SV SGE,,STD,,,,,0.0,0.0
2443415.5,10.245295368,,,Vis.,SHS,,,,,,,,V,,,,SV SGE,,STD,,,,,0.0,0.0
2443416.6,9.960703830000002,,,Vis.,GOP,C,,,,,,,V,,,,SV SGE,,STD,,,,,0.0,0.0
2443417.9,10.245295368,,,Vis.,CR,,,,,,,,V,,,,SV SGE,,STD,,,,,0.0,0.0
2443421.4,10.055567675999999,,,Vis.,POK,,,,,,,,V,,,,SV SGE,,STD,,,,,0.0,0.0
2443421.4,10.340159214000003,,,Vis.,SHS,,,,,,,,V,,,,SV SGE,,STD,,,,,0.0,0.0
2443421.6,10.245295368,,,Vis.,WNB,,,,,,,,V,,,,SV SGE,,STD,,,,,0.0,0.0
2443423.6,9.960703830000002,,,Vis.,GOP,,,,,,,,V,,,,SV SGE,,STD,,,,,0.0,0.0
2443427.5,10.340159214000003,,,Vis.,SHS,,,,,,,,V,,,,SV SGE,,STD,,,,,0.0,0.0
2443427.6,10.150431522,,,Vis.,ANN,,,,,,,,V,,,,SV SGE,,STD,,,,,0.0,0.0
2443428.6,10.150431522,,,Vis.,ANN,,,,,,,,V,,,,SV SGE,,STD,,,,,0.0,0.0
2443429.5,10.245295368,,,Vis.,WNB,,,,,,,,V,,,,SV SGE,,STD,,,,,0.0,0.0
2443429.6,9.960703830000002,,,Vis.,GOP,,,,,,,,V,,,,SV SGE,,STD,,,,,0.0,0.0
2443431.6,9.960703830000002,,,Vis.,GOP,,,,,,,,V,,,,SV SGE,,STD,,,,,0.0,0.0
2443432.3203,10.150431522,,,Vis.,RIR,,,,,,,,V,,,,SV SGE,,STD,,,,,0.0,0.0
2443432.4,10.150431522,,,Vis.,SUR,,,,,,,,V,,,,SV SGE,,STD,,,,,0.0,0.0
2443433.2686,10.055567675999999,,,Vis.,RIR,,,,,,,,V,,,,SV SGE,,STD,,,,,0.0,0.0
2443433.3,10.150431522,,,Vis.,SUR,,,,,,,,V,,,,SV SGE,,STD,,,,,0.0,0.0
2443433.6,10.055567675999999,,,Vis.,GOP,,,,,,,,V,,,,SV SGE,,STD,,,,,0.0,0.0
2443434.2715,10.245295368,,,Vis.,RIR,,,,,,,,V,,,,SV SGE,,STD,,,,,0.0,0.0
2443434.3,10.055567675999999,,,Vis.,SUR,,,,,,,,V,,,,SV SGE,,STD,,,,,0.0,0.0
2443436.5,10.435023060000002,,,Vis.,SHS,,,,,,,,V,,,,SV SGE,,STD,,,,,0.0,0.0
2443437.6,9.960703830000002,,,Vis.,GOP,C,,,,,,,V,,,,SV SGE,,STD,,,,,0.0,0.0
2443438.6,10.150431522,,,Vis.,BRJ,,,,,,,,V,,,,SV SGE,,STD,,,,,0.0,0.0
2443439.3037,10.055567675999999,,,Vis.,RIR,,,,,,,,V,,,,SV SGE,,STD,,,,,0.0,0.0
2443442.7,10.150431522,,,Vis.,MOJ,,,,,,,,V,,,,SV SGE,,STD,,,,,0.0,0.0
2443443.5,10.529886906,,,Vis.,SHS,,,,,,,,V,,,,SV SGE,,STD,,,,,0.0,0.0
2443445.6,9.960703830000002,,,Vis.,GOP,C,,,,,,,V,,,,SV SGE,,STD,,,,,0.0,0.0
2443448.2339,10.245295368,,,Vis.,RIR,,,,,,,,V,,,,SV SGE,,STD,,,,,0.0,0.0
2443450.5,10.435023060000002,,,Vis.,SHS,,,,,,,,V,,,,SV SGE,,STD,,,,,0.0,0.0
2443452.6,9.960703830000002,,,Vis.,GOP,,,,,,,,V,,,,SV SGE,,STD,,,,,0.0,0.0
2443456.5,10.055567675999999,,,Vis.,GOP,,,,,,,,V,,,,SV SGE,,STD,,,,,0.0,0.0
2443459.3,10.435023060000002,,,Vis.,VOL,,,,,,,,V,,,,SV SGE,AFOEV,STD,,,,,0.0,0.0
2443463.6,9.960703830000002,,,Vis.,GOP,,,,,,,,V,,,,SV SGE,,STD,,,,,0.0,0.0
2443465.6,10.055567675999999,,,Vis.,GOP,,,,,,,,V,,,,SV SGE,,STD,,,,,0.0,0.0
2443468.3,10.245295368,,,Vis.,VOL,,,,,,,,V,,,,SV SGE,AFOEV,STD,,,,,0.0,0.0
2443473.6,10.055567675999999,,,Vis.,MOJ,,,,,,,,V,,,,SV SGE,,STD,,,,,0.0,0.0
2443476.5,10.055567675999999,,,Vis.,BRJ,,,,,,,,V,,,,SV SGE,,STD,,,,,0.0,0.0
2443482.271,10.245295368,,,Vis.,RIR,,,,,,,,V,,,,SV SGE,,STD,,,,,0.0,0.0
2443485.4,10.719614597999998,,,Vis.,SHS,,,,,,,,V,,,,SV SGE,,STD,,,,,0.0,0.0
2443607.7,10.624750751999999,,,Vis.,SHS,,,,,,,,V,,,,SV SGE,,STD,,,,,0.0,0.0
2443617.592,10.150431522,,,Vis.,RIR,,,,,,,,V,,,,SV SGE,,STD,,,,,0.0,0.0
2443620.6,10.245295368,,,Vis.,SHS,,,,,,,,V,,,,SV SGE,,STD,,,,,0.0,0.0
2443625.9,10.529886906,,,Vis.,OCN,,,,,,,,V,,,,SV SGE,,STD,,,,,0.0,0.0
2443655.442,10.245295368,,,Vis.,RIR,,,,,,,,V,,,,SV SGE,,STD,,,,,0.0,0.0
2443658.511,10.150431522,,,Vis.,RIR,,,,,,,,V,,,,SV SGE,,STD,,,,,0.0,0.0
2443659.519,10.245295368,,,Vis.,RIR,,,,,,,,V,,,,SV SGE,,STD,,,,,0.0,0.0
2443659.526,10.055567675999999,,,Vis.,SUR,,,,,,,,V,,,,SV SGE,,STD,,,,,0.0,0.0
2443660.491,10.150431522,,,Vis.,SUR,,,,,,,,V,,,,SV SGE,,STD,,,,,0.0,0.0
2443660.7,10.245295368,,,Vis.,ALG,,,,,,,,V,,,,SV SGE,,STD,,,,,0.0,0.0
2443661.6,10.055567675999999,,,Vis.,BRJ,,,,,,,,V,,,,SV SGE,,STD,,,,,0.0,0.0
2443665.6,10.435023060000002,,,Vis.,SHS,,,,,,,,V,,,,SV SGE,,STD,,,,,0.0,0.0
2443668.7,10.245295368,,,Vis.,ALG,,,,,,,,V,,,,SV SGE,,STD,,,,,0.0,0.0
2443669.7,10.245295368,,,Vis.,WNB,,,,,,,,V,,,,SV SGE,,STD,,,,,0.0,0.0
2443671.7,10.150431522,,,Vis.,BRJ,,,,,,,,V,,,,SV SGE,,STD,,,,,0.0,0.0
2443673.5,10.435023060000002,,,Vis.,SHS,,,,,,,,V,,,,SV SGE,,STD,,,,,0.0,0.0
2443676.439,10.245295368,,,Vis.,RIR,,,,,,,,V,,,,SV SGE,,STD,,,,,0.0,0.0
2443677.8,10.624750751999999,,,Vis.,GOP,C,,,,,,,V,,,,SV SGE,,STD,,,,,0.0,0.0
2443678.515,10.150431522,,,Vis.,RIR,,,,,,,,V,,,,SV SGE,,STD,,,,,0.0,0.0
2443682.6,10.435023060000002,,,Vis.,SHS,,,,,,,,V,,,,SV SGE,,STD,,,,,0.0,0.0
2443683.8,10.245295368,,,Vis.,GOP,C,,,,,,,V,,,,SV SGE,,STD,,,,,0.0,0.0
2443689.5,10.435023060000002,,,Vis.,SHS,,,,,,,,V,,,,SV SGE,,STD,,,,,0.0,0.0
2443689.7,10.340159214000003,,,Vis.,ALG,,,,,,,,V,,,,SV SGE,,STD,,,,,0.0,0.0
2443693.8,10.340159214000003,,,Vis.,HRI,,,,,,,,V,,,,SV SGE,,STD,,,,,0.0,0.0
2443695.7,10.340159214000003,,,Vis.,WNB,,,,,,,,V,,,,SV SGE,,STD,,,,,0.0,0.0
2443696.6,10.529886906,,,Vis.,SHS,,,,,,,,V,,,,SV SGE,,STD,,,,,0.0,0.0
2443697.6,10.245295368,,,Vis.,BRJ,,,,,,,,V,,,,SV SGE,,STD,,,,,0.0,0.0
2443700.7,10.719614597999998,,,Vis.,GOP,C,,,,,,,V,,,,SV SGE,,STD,,,,,0.0,0.0
2443704.6,10.529886906,,,Vis.,SHS,,,,,,,,V,,,,SV SGE,,STD,,,,,0.0,0.0
2443705.8,10.150431522,,,Vis.,HRI,,,,,,,,V,,,,SV SGE,,STD,,,,,0.0,0.0
2443707.4,10.529886906,,,Vis.,VOL,,,,,,,,V,,,,SV SGE,AFOEV,STD,,,,,0.0,0.0
2443713.4,10.624750751999999,,,Vis.,VOL,,,,,,,,V,,,,SV SGE,AFOEV,STD,,,,,0.0,0.0
2443713.5,10.435023060000002,,,Vis.,SHS,,,,,,,,V,,,,SV SGE,,STD,,,,,0.0,0.0
2443714.8,10.340159214000003,,,Vis.,HRI,,,,,,,,V,,,,SV SGE,,STD,,,,,0.0,0.0
2443715.4,10.245295368,,,Vis.,VOL,,,,,,,,V,,,,SV SGE,AFOEV,STD,,,,,460.8243188158947,616.5529032216318
2443715.7,10.624750751999999,,,Vis.,GOP,,,,,,,,V,,,,SV SGE,,STD,,,,,460.8243188158947,616.5529032216318
2443720.6,10.055567675999999,,,Vis.,BRJ,,,,,,,,V,,,,SV SGE,,STD,,,,,460.8243188158947,616.5529032216318
2443720.6,10.719614597999998,,,Vis.,SHS,,,,,,,,V,,,,SV SGE,,STD,,,,,460.8243188158947,616.5529032216318
2443720.7,10.624750751999999,,,Vis.,GOP,,,,,,,,V,,,,SV SGE,,STD,,,,,460.8243188158947,616.5529032216318
2443720.7,11.099069982,,,Vis.,HRI,,,,,,,,V,,,,SV SGE,,STD,,,,,460.8243188158947,616.5529032216318
2443720.8,10.814478444000002,,,Vis.,ALG,,,,,,,,V,,,,SV SGE,,STD,,,,,460.8243188158947,616.5529032216318
2443724.7,10.340159214000003,,,Vis.,ALG,,,,,,,,V,,,,SV SGE,,STD,,,,,460.8243188158947,616.5529032216318
2443724.7,10.624750751999999,,,Vis.,HRI,,,,,,,,V,,,,SV SGE,,STD,,,,,460.8243188158947,616.5529032216318
2443725.6,10.529886906,,,Vis.,SET,,,,,,,,V,,,,SV SGE,,STD,,,,,460.8243188158947,616.5529032216318
2443725.6,11.099069982,,,Vis.,SHS,,,,,,,,V,,,,SV SGE,,STD,,,,,460.8243188158947,616.5529032216318
2443725.7,10.435023060000002,,,Vis.,HRI,,,,,,,,V,,,,SV SGE,,STD,,,,,460.8243188158947,616.5529032216318
2443727.6,10.245295368,,,Vis.,BOI,,,,,,,,V,,,,SV SGE,,STD,,,,,460.8243188158947,616.5529032216318
2443730.5,11.099069982,,,Vis.,SHS,,,,,,,,V,,,,SV SGE,,STD,,,,,460.8243188158947,616.5529032216318
2443730.8,10.719614597999998,,,Vis.,GOP,,,,,,,,V,,,,SV SGE,,STD,,,,,460.8243188158947,616.5529032216318
2443731.6,10.435023060000002,,,Vis.,BRJ,,,,,,,,V,,,,SV SGE,,STD,,,,,460.8243188158947,616.5529032216318
2443733.7,11.004206136,,,Vis.,GOP,C,,,,,,,V,,,,SV SGE,,STD,,,,,460.8243188158947,616.5529032216318
2443736.6,11.099069982,,,Vis.,GOP,C,,,,,,,V,,,,SV SGE,,STD,,,,,460.8243188158947,616.5529032216318
2443737.6,11.288797674000001,,,Vis.,GOP,C,,,,,,,V,,,,SV SGE,,STD,,,,,460.8243188158947,616.5529032216318
2443738.6,11.288797674000001,,,Vis.,GOP,C,,,,,,,V,,,,SV SGE,,STD,,,,,460.8243188158947,616.5529032216318
2443738.6,11.193933828000004,,,Vis.,SHS,,,,,,,,V,,,,SV SGE,,STD,,,,,460.8243188158947,616.5529032216318
2443739.42,11.004206136,,,Vis.,HUR,,,,,,,,V,,,,SV SGE,,STD,,,,,460.8243188158947,616.5529032216318
2443739.6,11.193933828000004,,,Vis.,GOP,C,,,,,,,V,,,,SV SGE,,STD,,,,,460.8243188158947,616.5529032216318
2443743.5,11.193933828000004,,,Vis.,SHS,,,,,,,,V,,,,SV SGE,,STD,,,,,460.8243188158947,616.5529032216318
2443743.6,11.099069982,,,Vis.,ALG,,,,,,,,V,,,,SV SGE,,STD,,,,,460.8243188158947,616.5529032216318
2443747.7,11.288797674000001,,,Vis.,GOP,,,,,,,,V,,,,SV SGE,,STD,,,,,460.8243188158947,616.5529032216318
2443748.7,11.193933828000004,,,Vis.,GOP,,,,,,,,V,,,,SV SGE,,STD,,,,,460.8243188158947,616.5529032216318
2443751.5,11.004206136,,,Vis.,SHS,,,,,,,,V,,,,SV SGE,,STD,,,,,460.8243188158947,616.5529032216318
2443754.6,11.099069982,,,Vis.,BRJ,,,,,,,,V,,,,SV SGE,,STD,,,,,460.8243188158947,616.5529032216318
2443755.7,11.38366152,,,Vis.,HRI,,,,,,,,V,,,,SV SGE,,STD,,,,,460.8243188158947,616.5529032216318
2443756.5,11.193933828000004,,,Vis.,SHS,,,,,,,,V,,,,SV SGE,,STD,,,,,460.8243188158947,616.5529032216318
2443760.335,11.193933828000004,,,Vis.,RIR,,,,,,,,V,,,,SV SGE,,STD,,,,,460.8243188158947,616.5529032216318
2443764.6,11.38366152,,,Vis.,OCN,,,,,,,,V,,,,SV SGE,,STD,,,,,460.8243188158947,616.5529032216318
2443768.5,12.142572288000002,,,Vis.,SHS,,,,,,,,V,,,,SV SGE,,STD,,,,,460.8243188158947,616.5529032216318
2443768.7,11.193933828000004,,,Vis.,GOP,,,,,,,,V,,,,SV SGE,,STD,,,,,460.8243188158947,616.5529032216318
2443772.4,11.573389212,,,Vis.,SHS,,,,,,,,V,,,,SV SGE,,STD,,,,,460.8243188158947,616.5529032216318
2443775.6,11.573389212,,,Vis.,SHS,,,,,,,,V,,,,SV SGE,,STD,,,,,460.8243188158947,616.5529032216318
2443776.6,11.288797674000001,,,Vis.,GOP,,,,,,,,V,,,,SV SGE,,STD,,,,,460.8243188158947,616.5529032216318
2443777.6,11.288797674000001,,,Vis.,ALG,,,,,,,,V,,,,SV SGE,,STD,,,,,460.8243188158947,616.5529032216318
2443779.7,11.288797674000001,,,Vis.,HRI,,,,,,,,V,,,,SV SGE,,STD,,,,,460.8243188158947,616.5529032216318
2443780.5,11.763116904,,,Vis.,SHS,,,,,,,,V,,,,SV SGE,,STD,,,,,460.8243188158947,616.5529032216318
2443781.5,12.142572288000002,,,Vis.,BRJ,,,,,,,,V,,,,SV SGE,,STD,,,,,-9999.99,-9999.99
2443783.6,11.288797674000001,,,Vis.,GOP,,,,,,,,V,,,,SV SGE,,STD,,,,,460.8243188158947,616.5529032216318
2443785.9,11.478525366,,,Vis.,CR,,,,,,,,V,,,,SV SGE,,STD,,,,,460.8243188158947,616.5529032216318
2443791.6,12.33229998,,,Vis.,BRJ,,,,,,,,V,,,,SV SGE,,STD,,,,,460.8243188158947,616.5529032216318
2443791.6,11.857980750000001,,,Vis.,GOP,C,,,,,,,V,,,,SV SGE,,STD,,,,,460.8243188158947,616.5529032216318
2443792.5,11.857980750000001,,,Vis.,SHS,,,,,,,,V,,,,SV SGE,,STD,,,,,460.8243188158947,616.5529032216318
2443794.6,11.573389212,,,Vis.,GOP,C,,,,,,,V,,,,SV SGE,,STD,,,,,0.0,0.0
2443797.6,11.668253058000001,,,Vis.,GOP,C,,,,,,,V,,,,SV SGE,,STD,,,,,460.8243188158947,616.5529032216318
2443798.4,12.522027672,,,Vis.,SHS,,,,,,,,V,,,,SV SGE,,STD,,,,,460.8243188158947,616.5529032216318
2443798.6,12.237436134000001,,,Vis.,GOP,C,,,,,,,V,,,,SV SGE,,STD,,,,,460.8243188158947,616.5529032216318
2443799.6,12.237436134000001,,,Vis.,GOP,C,,,,,,,V,,,,SV SGE,,STD,,,,,460.8243188158947,616.5529032216318
2443799.62,11.38366152,,,Vis.,OCN,,,,,,,,V,,,,SV SGE,,STD,,,,,460.8243188158947,616.5529032216318
2443801.6,12.522027672,,,Vis.,GOP,,,,,,,,V,,,,SV SGE,,STD,,,,,460.8243188158947,616.5529032216318
2443802.5,12.901483056000002,,,Vis.,SHS,,,,,,,,V,,,,SV SGE,,STD,,,,,460.8243188158947,616.5529032216318
2443802.6,13.375802286,,,Vis.,GOP,,,,,,,,V,,,,SV SGE,,STD,,,,,460.8243188158947,616.5529032216318
2443802.6,13.091210748,,,Vis.,MYR,,,,,,,,V,,,,SV SGE,,STD,,,,,460.8243188158947,616.5529032216318
2443806.4,12.996346902,,,Vis.,SHS,,,,,,,,V,,,,SV SGE,,STD,,,,,460.8243188158947,616.5529032216318
2443810.6,12.901483056000002,,,Vis.,GOP,,,,,,,,V,,,,SV SGE,,STD,,,,,460.8243188158947,616.5529032216318
2443810.6,12.237436134000001,,,Vis.,HRI,,,,,,,,V,,,,SV SGE,,STD,,,,,460.8243188158947,616.5529032216318
2443810.6,13.186074594,,,Vis.,SHS,,,,,,,,V,,,,SV SGE,,STD,,,,,0.0,0.0
2443811.6,12.806619210000003,,,Vis.,GOP,,,,,,,,V,,,,SV SGE,,STD,,,,,0.0,0.0
2443816.5,12.616891518,,,Vis.,BRJ,,,,,,,,V,,,,SV SGE,,STD,,,,,0.0,0.0
2443830.3,13.091210748,,,Vis.,VOL,,,,,,,,V,,,,SV SGE,AFOEV,STD,,,,,0.0,0.0
2443832.4,13.091210748,,,Vis.,SHS,,,,,,,,V,,,,SV SGE,,STD,,,,,0.0,0.0
2443835.2,12.711755364000002,,,Vis.,VOL,,,,,,,,V,,,,SV SGE,AFOEV,STD,,,,,0.0,0.0
2443853.4,12.142572288000002,,,Vis.,WNB,,,,,,,,V,,,,SV SGE,,STD,,,,,0.0,0.0
2443858.5,12.711755364000002,,,Vis.,BRJ,,,,,,,,V,,,,SV SGE,,STD,,,,,0.0,0.0
2443859.2,11.478525366,,,Vis.,POK,,,,,,,,V,,,,SV SGE,,STD,,,,,0.0,0.0
2443860.3,11.573389212,,,Vis.,POK,,,,,,,,V,,,,SV SGE,,STD,,,,,0.0,0.0
2443865.5,12.616891518,,,Vis.,BRJ,,,,,,,,V,,,,SV SGE,,STD,,,,,0.0,0.0
2443869.2,12.33229998,,,Vis.,POK,,,,,,,,V,,,,SV SGE,,STD,,,,,0.0,0.0
2443995.7,10.814478444000002,,,Vis.,BRJ,,,,,,,,V,,,,SV SGE,,STD,,,,,0.0,0.0
2444010.7,10.719614597999998,,,Vis.,BRJ,,,,,,,,V,,,,SV SGE,,STD,,,,,0.0,0.0
2444013.7,10.529886906,,,Vis.,HZL,,,,,,,,V,,,,SV SGE,,STD,,,,,0.0,0.0
2444016.4,11.004206136,,,Vis.,VOL,,,,,,,,V,,,,SV SGE,AFOEV,STD,,,,,0.0,0.0
2444020.4,10.814478444000002,,,Vis.,VOL,,,,,,,,V,,,,SV SGE,AFOEV,STD,,,,,0.0,0.0
2444022.7,11.099069982,,,Vis.,SHS,,,,,,,,V,,,,SV SGE,,STD,,,,,0.0,0.0
2444025.6,10.719614597999998,,,Vis.,BRJ,,,,,,,,V,,,,SV SGE,,STD,,,,,0.0,0.0
2444028.7,10.909342290000001,,,Vis.,SHS,,,,,,,,V,,,,SV SGE,,STD,,,,,0.0,0.0
2444036.6,10.814478444000002,,,Vis.,SHS,,,,,,,,V,,,,SV SGE,,STD,,,,,0.0,0.0
2444037.6,10.719614597999998,,,Vis.,BRJ,,,,,,,,V,,,,SV SGE,,STD,,,,,0.0,0.0
2444043.6,10.814478444000002,,,Vis.,SHS,,,,,,,,V,,,,SV SGE,,STD,,,,,0.0,0.0
2444049.6,11.099069982,,,Vis.,SHS,,,,,,,,V,,,,SV SGE,,STD,,,,,0.0,0.0
2444051.6,10.624750751999999,,,Vis.,BRJ,,,,,,,,V,,,,SV SGE,,STD,,,,,0.0,0.0
2444052.8,10.435023060000002,,,Vis.,BTR,,,,,,,,V,,,,SV SGE,,STD,,,,,0.0,0.0
2444056.7,11.099069982,,,Vis.,BTR,,,,,,,,V,,,,SV SGE,,STD,,,,,0.0,0.0
2444057.5,11.099069982,,,Vis.,SHS,,,,,,,,V,,,,SV SGE,,STD,,,,,0.0,0.0
2444058.7,10.909342290000001,,,Vis.,WNB,,,,,,,,V,,,,SV SGE,,STD,,,,,0.0,0.0
2444058.8,11.099069982,,,Vis.,GOP,,,,,,,,V,,,,SV SGE,,STD,,,,,0.0,0.0
2444062.5,11.099069982,,,Vis.,SHS,,,,,,,,V,,,,SV SGE,,STD,,,,,0.0,0.0
2444067.6,11.099069982,,,Vis.,SHS,,,,,,,,V,,,,SV SGE,,STD,,,,,0.0,0.0
2444068.7,11.099069982,,,Vis.,GOP,,,,,,,,V,,,,SV SGE,,STD,,,,,0.0,0.0
2444069.8,11.004206136,,,Vis.,BTR,,,,,,,,V,,,,SV SGE,,STD,,,,,0.0,0.0
2444070.7,10.624750751999999,,,Vis.,BTR,,,,,,,,V,,,,SV SGE,,STD,,,,,0.0,0.0
2444072.7,10.814478444000002,,,Vis.,BUO,,,,,,,,V,,,,SV SGE,,STD,,,,,0.0,0.0
2444073.4,10.814478444000002,,,Vis.,VOL,,,,,,,,V,,,,SV SGE,AFOEV,STD,,,,,0.0,0.0
2444073.6,10.814478444000002,,,Vis.,SHS,,,,,,,,V,,,,SV SGE,,STD,,,,,0.0,0.0
2444074.6,10.624750751999999,,,Vis.,BRJ,,,,,,,,V,,,,SV SGE,,STD,,,,,0.0,0.0
2444075.4,11.004206136,,,Vis.,DMN,,,,,,,,V,,,,SV SGE,,STD,,,,,0.0,0.0
2444077.4,10.814478444000002,,,Vis.,DMN,,,,,,,,V,,,,SV SGE,,STD,,,,,0.0,0.0
2444077.5,10.909342290000001,,,Vis.,GRZ,,,,,,,,V,,,,SV SGE,,STD,,,,,0.0,0.0
2444080.4,10.529886906,,,Vis.,VOL,,,,,,,,V,,,,SV SGE,AFOEV,STD,,,,,0.0,0.0
2444081.5,11.099069982,,,Vis.,SHS,,,,,,,,V,,,,SV SGE,,STD,,,,,0.0,0.0
2444083.4,10.814478444000002,,,Vis.,DMN,,,,,,,,V,,,,SV SGE,,STD,,,,,0.0,0.0
2444085.4,11.004206136,,,Vis.,VOL,,,,,,,,V,,,,SV SGE,AFOEV,STD,,,,,0.0,0.0
2444088.5,11.004206136,,,Vis.,SHS,,,,,,,,V,,,,SV SGE,,STD,,,,,0.0,0.0
2444090.788,10.719614597999998,,,Vis.,GRI,,,,,,,,V,,,,SV SGE,,STD,,,,,0.0,0.0
2444091.736,11.099069982,,,Vis.,GRI,,,,,,,,V,,,,SV SGE,,STD,,,,,0.0,0.0
2444096.4,11.004206136,,,Vis.,VOL,,,,,,,,V,,,,SV SGE,AFOEV,STD,,,,,0.0,0.0
2444096.5,11.099069982,,,Vis.,SHS,,,,,,,,V,,,,SV SGE,,STD,,,,,0.0,0.0
2444097.4,11.004206136,,,Vis.,VOL,,,,,,,,V,,,,SV SGE,AFOEV,STD,,,,,0.0,0.0
2444097.7,10.435023060000002,,,Vis.,ZT,,,,,,,,V,,,,SV SGE,,STD,,,,,0.0,0.0
2444098.4,10.814478444000002,,,Vis.,VOL,,,,,,,,V,,,,SV SGE,AFOEV,STD,,,,,0.0,0.0
2444099.6,10.435023060000002,,,Vis.,BRJ,,,,,,,,V,,,,SV SGE,,STD,,,,,0.0,0.0
2444100.4,10.814478444000002,,,Vis.,VOL,,,,,,,,V,,,,SV SGE,AFOEV,STD,,,,,0.0,0.0
2444101.4,10.719614597999998,,,Vis.,GRZ,,,,,,,,V,,,,SV SGE,,STD,,,,,0.0,0.0
2444101.4,10.814478444000002,,,Vis.,VOL,,,,,,,,V,,,,SV SGE,AFOEV,STD,,,,,0.0,0.0
2444101.6,11.004206136,,,Vis.,SHS,,,,,,,,V,,,,SV SGE,,STD,,,,,0.0,0.0
2444101.763,10.719614597999998,,,Vis.,GRI,,,,,,,,V,,,,SV SGE,,STD,,,,,0.0,0.0
2444102.6,10.909342290000001,,,Vis.,WNB,,,,,,,,V,,,,SV SGE,,STD,,,,,0.0,0.0
2444102.77,10.719614597999998,,,Vis.,GRI,,,,,,,,V,,,,SV SGE,,STD,,,,,0.0,0.0
2444104.4,10.529886906,,,Vis.,VOL,,,,,,,,V,,,,SV SGE,AFOEV,STD,,,,,0.0,0.0
2444105.764,10.719614597999998,,,Vis.,GRI,,,,,,,,V,,,,SV SGE,,STD,,,,,0.0,0.0
2444106.4,10.624750751999999,,,Vis.,VOL,,,,,,,,V,,,,SV SGE,AFOEV,STD,,,,,0.0,0.0
2444106.6,10.814478444000002,,,Vis.,SHS,,,,,,,,V,,,,SV SGE,,STD,,,,,0.0,0.0
2444106.7,10.814478444000002,,,Vis.,GOP,,,,,,,,V,,,,SV SGE,,STD,,,,,0.0,0.0
2444107.7,10.719614597999998,,,Vis.,GOP,,,,,,,,V,,,,SV SGE,,STD,,,,,0.0,0.0
2444107.712,10.719614597999998,,,Vis.,GRI,,,,,,,,V,,,,SV SGE,,STD,,,,,0.0,0.0
2444108.7,10.719614597999998,,,Vis.,BUO,,,,,,,,V,,,,SV SGE,,STD,,,,,0.0,0.0
2444108.703,10.624750751999999,,,Vis.,GRI,,,,,,,,V,,,,SV SGE,,STD,,,,,0.0,0.0
2444111.3,10.529886906,,,Vis.,VOL,,,,,,,,V,,,,SV SGE,AFOEV,STD,,,,,0.0,0.0
2444115.7,10.624750751999999,,,Vis.,GOP,,,,,,,,V,,,,SV SGE,,STD,,,,,0.0,0.0
2444116.4,10.814478444000002,,,Vis.,GRZ,,,,,,,,V,,,,SV SGE,,STD,,,,,0.0,0.0
2444116.5,11.004206136,,,Vis.,SHS,,,,,,,,V,,,,SV SGE,,STD,,,,,0.0,0.0
2444116.6,10.624750751999999,,,Vis.,GOP,,,,,,,,V,,,,SV SGE,,STD,,,,,0.0,0.0
2444117.4,10.624750751999999,,,Vis.,VOL,,,,,,,,V,,,,SV SGE,AFOEV,STD,,,,,0.0,0.0
2444117.69,10.719614597999998,,,Vis.,GRI,,,,,,,,V,,,,SV SGE,,STD,,,,,0.0,0.0
2444118.607,10.814478444000002,,,Vis.,GRI,,,,,,,,V,,,,SV SGE,,STD,,,,,0.0,0.0
2444123.687,10.719614597999998,,,Vis.,GRI,,,,,,,,V,,,,SV SGE,,STD,,,,,0.0,0.0
2444125.6,10.624750751999999,,,Vis.,GOP,,,,,,,,V,,,,SV SGE,,STD,,,,,0.0,0.0
2444125.738,10.719614597999998,,,Vis.,GRI,,,,,,,,V,,,,SV SGE,,STD,,,,,0.0,0.0
2444126.6,10.624750751999999,,,Vis.,FD,,,,,,,,V,,,,SV SGE,,STD,,,,,0.0,0.0
2444126.6,10.719614597999998,,,Vis.,GOP,,,,,,,,V,,,,SV SGE,,STD,,,,,0.0,0.0
2444126.6,10.814478444000002,,,Vis.,SHS,,,,,,,,V,,,,SV SGE,,STD,,,,,0.0,0.0
2444126.7,10.529886906,,,Vis.,ANN,,,,,,,,V,,,,SV SGE,,STD,,,,,0.0,0.0
2444128.3,10.529886906,,,Vis.,VOL,,,,,,,,V,,,,SV SGE,AFOEV,STD,,,,,0.0,0.0
2444128.6,10.624750751999999,,,Vis.,BRJ,,,,,,,,V,,,,SV SGE,,STD,,,,,0.0,0.0
2444128.6,10.719614597999998,,,Vis.,WNB,,,,,,,,V,,,,SV SGE,,STD,,,,,0.0,0.0
2444129.4,10.529886906,,,Vis.,VOL,,,,,,,,V,,,,SV SGE,AFOEV,STD,,,,,0.0,0.0
2444129.699,10.719614597999998,,,Vis.,GRI,,,,,,,,V,,,,SV SGE,,STD,,,,,0.0,0.0
2444130.7,10.814478444000002,,,Vis.,BUO,,,,,,,,V,,,,SV SGE,,STD,,,,,0.0,0.0
2444131.6,10.719614597999998,,,Vis.,GOP,,,,,,,,V,,,,SV SGE,,STD,,,,,0.0,0.0
2444132.651,10.719614597999998,,,Vis.,GRI,,,,,,,,V,,,,SV SGE,,STD,,,,,0.0,0.0
2444133.3,10.719614597999998,,,Vis.,VOL,,,,,,,,V,,,,SV SGE,AFOEV,STD,,,,,0.0,0.0
2444133.5,10.624750751999999,,,Vis.,SHS,,,,,,,,V,,,,SV SGE,,STD,,,,,0.0,0.0
2444133.6,10.719614597999998,,,Vis.,GOP,,,,,,,,V,,,,SV SGE,,STD,,,,,0.0,0.0
2444133.656,10.719614597999998,,,Vis.,GRI,,,,,,,,V,,,,SV SGE,,STD,,,,,0.0,0.0
2444133.7,10.435023060000002,,,Vis.,HRI,,,,,,,,V,,,,SV SGE,,STD,,,,,0.0,0.0
2444133.78,10.719614597999998,,,Vis.,OCN,,,,,,,,V,,,,SV SGE,,STD,,,,,0.0,0.0
2444134.681,10.719614597999998,,,Vis.,GRI,,,,,,,,V,,,,SV SGE,,STD,,,,,0.0,0.0
2444134.7,10.529886906,,,Vis.,SC,,,,,,,,V,,,,SV SGE,,STD,,,,,0.0,0.0
2444135.4,10.245295368,,,Vis.,VOL,,,,,,,,V,,,,SV SGE,AFOEV,STD,,,,,0.0,0.0
2444136.3,10.814478444000002,,,Vis.,GRZ,,,,,,,,V,,,,SV SGE,,STD,,,,,0.0,0.0
2444136.3,10.624750751999999,,,Vis.,VOL,,,,,,,,V,,,,SV SGE,AFOEV,STD,,,,,0.0,0.0
2444136.685,10.719614597999998,,,Vis.,GRI,,,,,,,,V,,,,SV SGE,,STD,,,,,0.0,0.0
2444136.7,10.624750751999999,,,Vis.,SC,,,,,,,,V,,,,SV SGE,,STD,,,,,0.0,0.0
2444139.4,10.624750751999999,,,Vis.,WLP,,,,,,,,V,,,,SV SGE,KNVWS,STD,,,,,0.0,0.0
2444139.6,10.624750751999999,,,Vis.,GOP,,,,,,,,V,,,,SV SGE,,STD,,,,,0.0,0.0
2444140.5,10.624750751999999,,,Vis.,SHS,,,,,,,,V,,,,SV SGE,,STD,,,,,0.0,0.0
2444140.6,10.624750751999999,,,Vis.,GOP,,,,,,,,V,,,,SV SGE,,STD,,,,,0.0,0.0
2444140.698,10.624750751999999,,,Vis.,GRI,,,,,,,,V,,,,SV SGE,,STD,,,,,0.0,0.0
2444140.7,10.719614597999998,,,Vis.,SC,,,,,,,,V,,,,SV SGE,,STD,,,,,0.0,0.0
2444141.6,10.624750751999999,,,Vis.,GOP,,,,,,,,V,,,,SV SGE,,STD,,,,,0.0,0.0
2444141.6,10.814478444000002,,,Vis.,WNB,,,,,,,,V,,,,SV SGE,,STD,,,,,0.0,0.0
2444142.6,10.624750751999999,,,Vis.,GOP,,,,,,,,V,,,,SV SGE,,STD,,,,,0.0,0.0
2444142.679,10.624750751999999,,,Vis.,GRI,,,,,,,,V,,,,SV SGE,,STD,,,,,0.0,0.0
2444143.3,10.624750751999999,,,Vis.,VOL,,,,,,,,V,,,,SV SGE,AFOEV,STD,,,,,0.0,0.0
2444143.6,10.624750751999999,,,Vis.,BRJ,,,,,,,,V,,,,SV SGE,,STD,,,,,0.0,0.0
2444143.6,10.624750751999999,,,Vis.,GOP,,,,,,,,V,,,,SV SGE,,STD,,,,,0.0,0.0
2444144.3,10.814478444000002,,,Vis.,VOL,,,,,,,,V,,,,SV SGE,AFOEV,STD,,,,,0.0,0.0
2444144.6,10.055567675999999,,,Vis.,GOP,,,,,,,,V,,,,SV SGE,,STD,,,,,0.0,0.0
2444144.7,10.719614597999998,,,Vis.,SC,,,,,,,,V,,,,SV SGE,,STD,,,,,0.0,0.0
2444145.4,10.719614597999998,,,Vis.,WLP,,,,,,,,V,,,,SV SGE,KNVWS,STD,,,,,0.0,0.0
2444145.6,10.624750751999999,,,Vis.,GOP,,,,,,,,V,,,,SV SGE,,STD,,,,,0.0,0.0
2444146.6,10.719614597999998,,,Vis.,GOP,,,,,,,,V,,,,SV SGE,,STD,,,,,0.0,0.0
2444146.7,10.814478444000002,,,Vis.,BOI,,,,,,,,V,,,,SV SGE,,STD,,,,,0.0,0.0
2444147.6,10.529886906,,,Vis.,GOP,,,,,,,,V,,,,SV SGE,,STD,,,,,0.0,0.0
2444148.3,10.624750751999999,,,Vis.,SCZ,,,,,,,,V,,,,SV SGE,AFOEV,STD,,,,,0.0,0.0
2444148.6,10.529886906,,,Vis.,GOP,,,,,,,,V,,,,SV SGE,,STD,,,,,0.0,0.0
2444149.3,10.624750751999999,,,Vis.,SCZ,,,,,,,,V,,,,SV SGE,AFOEV,STD,,,,,0.0,0.0
2444149.6,10.529886906,,,Vis.,BOI,,,,,,,,V,,,,SV SGE,,STD,,,,,0.0,0.0
2444149.6,10.624750751999999,,,Vis.,GOP,,,,,,,,V,,,,SV SGE,,STD,,,,,0.0,0.0
2444149.7,10.814478444000002,,,Vis.,SC,,,,,,,,V,,,,SV SGE,,STD,,,,,0.0,0.0
2444150.3,10.624750751999999,,,Vis.,SCZ,,,,,,,,V,,,,SV SGE,AFOEV,STD,,,,,0.0,0.0
2444151.6,10.624750751999999,,,Vis.,GOP,,,,,,,,V,,,,SV SGE,,STD,,,,,0.0,0.0
2444152.6,10.529886906,,,Vis.,GOP,,,,,,,,V,,,,SV SGE,,STD,,,,,0.0,0.0
2444152.7,10.719614597999998,,,Vis.,SC,,,,,,,,V,,,,SV SGE,,STD,,,,,0.0,0.0
2444153.6,10.814478444000002,,,Vis.,BOI,,,,,,,,V,,,,SV SGE,,STD,,,,,0.0,0.0
2444153.6,10.624750751999999,,,Vis.,GOP,,,,,,,,V,,,,SV SGE,,STD,,,,,0.0,0.0
2444154.4,10.245295368,,,Vis.,VOL,,,,,,,,V,,,,SV SGE,AFOEV,STD,,,,,0.0,0.0
2444155.6,10.719614597999998,,,Vis.,BRJ,,,,,,,,V,,,,SV SGE,,STD,,,,,0.0,0.0
2444156.3,10.909342290000001,,,Vis.,SCZ,,,,,,,,V,,,,SV SGE,AFOEV,STD,,,,,0.0,0.0
2444156.5,10.719614597999998,,,Vis.,SHS,,,,,,,,V,,,,SV SGE,,STD,,,,,0.0,0.0
2444156.7,10.719614597999998,,,Vis.,SC,,,,,,,,V,,,,SV SGE,,STD,,,,,0.0,0.0
2444157.3,10.719614597999998,,,Vis.,VOL,,,,,,,,V,,,,SV SGE,AFOEV,STD,,,,,0.0,0.0
2444157.7,10.814478444000002,,,Vis.,SC,,,,,,,,V,,,,SV SGE,,STD,,,,,0.0,0.0
2444158.7,10.719614597999998,,,Vis.,SC,,,,,,,,V,,,,SV SGE,,STD,,,,,0.0,0.0
2444159.3,10.529886906,,,Vis.,VOL,,,,,,,,V,,,,SV SGE,AFOEV,STD,,,,,0.0,0.0
2444161.6,10.529886906,,,Vis.,BRJ,,,,,,,,V,,,,SV SGE,,STD,,,,,0.0,0.0
2444162.3,10.814478444000002,,,Vis.,SCZ,,,,,,,,V,,,,SV SGE,AFOEV,STD,,,,,0.0,0.0
2444163.3,10.529886906,,,Vis.,VOL,,,,,,,,V,,,,SV SGE,AFOEV,STD,,,,,0.0,0.0
2444165.3,10.719614597999998,,,Vis.,SCZ,,,,,,,,V,,,,SV SGE,AFOEV,STD,,,,,0.0,0.0
2444166.3,10.719614597999998,,,Vis.,SCZ,,,,,,,,V,,,,SV SGE,AFOEV,STD,,,,,0.0,0.0
2444167.3,10.719614597999998,,,Vis.,VOL,,,,,,,,V,,,,SV SGE,AFOEV,STD,,,,,0.0,0.0
2444167.7,10.719614597999998,,,Vis.,SC,,,,,,,,V,,,,SV SGE,,STD,,,,,0.0,0.0
2444168.5,10.529886906,,,Vis.,GOP,,,,,,,,V,,,,SV SGE,,STD,,,,,0.0,0.0
2444169.4,10.435023060000002,,,Vis.,SHS,,,,,,,,V,,,,SV SGE,,STD,,,,,0.0,0.0
2444171.3,10.719614597999998,,,Vis.,SCZ,,,,,,,,V,,,,SV SGE,AFOEV,STD,,,,,0.0,0.0
2444171.6,10.435023060000002,,,Vis.,GOP,,,,,,,,V,,,,SV SGE,,STD,,,,,0.0,0.0
2444176.5,10.529886906,,,Vis.,SHS,,,,,,,,V,,,,SV SGE,,STD,,,,,0.0,0.0
2444176.6,10.814478444000002,,,Vis.,BUO,,,,,,,,V,,,,SV SGE,,STD,,,,,0.0,0.0
2444177.5,10.719614597999998,,,Vis.,BOI,,,,,,,,V,,,,SV SGE,,STD,,,,,0.0,0.0
2444177.6,10.435023060000002,,,Vis.,BRJ,,,,,,,,V,,,,SV SGE,,STD,,,,,0.0,0.0
2444178.6,10.435023060000002,,,Vis.,GOP,,,,,,,,V,,,,SV SGE,,STD,,,,,0.0,0.0
2444179.2,10.719614597999998,,,Vis.,SCZ,,,,,,,,V,,,,SV SGE,AFOEV,STD,,,,,0.0,0.0
2444179.6,10.340159214000003,,,Vis.,GOP,,,,,,,,V,,,,SV SGE,,STD,,,,,0.0,0.0
2444180.6,10.245295368,,,Vis.,GOP,,,,,,,,V,,,,SV SGE,,STD,,,,,0.0,0.0
2444181.5,10.624750751999999,,,Vis.,BOI,,,,,,,,V,,,,SV SGE,,STD,,,,,0.0,0.0
2444181.5,10.719614597999998,,,Vis.,WNB,,,,,,,,V,,,,SV SGE,,STD,,,,,0.0,0.0
2444181.6,10.435023060000002,,,Vis.,GOP,,,,,,,,V,,,,SV SGE,,STD,,,,,0.0,0.0
2444181.6,10.719614597999998,,,Vis.,SC,,,,,,,,V,,,,SV SGE,,STD,,,,,0.0,0.0
2444184.6,10.814478444000002,,,Vis.,SC,,,,,,,,V,,,,SV SGE,,STD,,,,,0.0,0.0
2444188.5,10.624750751999999,,,Vis.,BOI,,,,,,,,V,,,,SV SGE,,STD,,,,,0.0,0.0
2444188.6,10.909342290000001,,,Vis.,SC,,,,,,,,V,,,,SV SGE,,STD,,,,,0.0,0.0
2444189.2,10.719614597999998,,,Vis.,SCZ,,,,,,,,V,,,,SV SGE,AFOEV,STD,,,,,0.0,0.0
2444189.6,10.529886906,,,Vis.,GOP,,,,,,,,V,,,,SV SGE,,STD,,,,,0.0,0.0
2444190.3,10.814478444000002,,,Vis.,VOL,,,,,,,,V,,,,SV SGE,AFOEV,STD,,,,,0.0,0.0
2444191.6,10.529886906,,,Vis.,GOP,,,,,,,,V,,,,SV SGE,,STD,,,,,0.0,0.0
2444192.6,10.719614597999998,,,Vis.,GOP,,,,,,,,V,,,,SV SGE,,STD,,,,,0.0,0.0
2444194.5,10.624750751999999,,,Vis.,BRJ,,,,,,,,V,,,,SV SGE,,STD,,,,,0.0,0.0
2444194.6,10.529886906,,,Vis.,GOP,,,,,,,,V,,,,SV SGE,,STD,,,,,0.0,0.0
2444195.2,10.624750751999999,,,Vis.,SCZ,,,,,,,,V,,,,SV SGE,AFOEV,STD,,,,,0.0,0.0
2444195.5,10.719614597999998,,,Vis.,BOI,,,,,,,,V,,,,SV SGE,,STD,,,,,0.0,0.0
2444195.5,10.435023060000002,,,Vis.,SHS,,,,,,,,V,,,,SV SGE,,STD,,,,,0.0,0.0
2444196.5,10.719614597999998,,,Vis.,WNB,,,,,,,,V,,,,SV SGE,,STD,,,,,0.0,0.0
2444196.8,10.814478444000002,,,Vis.,BUO,,,,,,,,V,,,,SV SGE,,STD,,,,,0.0,0.0
2444200.2,10.624750751999999,,,Vis.,SCZ,,,,,,,,V,,,,SV SGE,AFOEV,STD,,,,,0.0,0.0
2444201.6,10.529886906,,,Vis.,GOP,,,,,,,,V,,,,SV SGE,,STD,,,,,0.0,0.0
2444201.6,11.004206136,,,Vis.,SC,,,,,,,,V,,,,SV SGE,,STD,,,,,0.0,0.0
2444202.4,10.435023060000002,,,Vis.,SHS,,,,,,,,V,,,,SV SGE,,STD,,,,,0.0,0.0
2444203.3,10.909342290000001,,,Vis.,VOL,,,,,,,,V,,,,SV SGE,AFOEV,STD,,,,,0.0,0.0
2444203.5,10.435023060000002,,,Vis.,GOP,,,,,,,,V,,,,SV SGE,,STD,,,,,0.0,0.0
2444204.5,10.624750751999999,,,Vis.,GOP,,,,,,,,V,,,,SV SGE,,STD,,,,,0.0,0.0
2444206.5,10.624750751999999,,,Vis.,GOP,,,,,,,,V,,,,SV SGE,,STD,,,,,0.0,0.0
2444207.5,10.529886906,,,Vis.,GOP,,,,,,,,V,,,,SV SGE,,STD,,,,,0.0,0.0
2444208.5,10.624750751999999,,,Vis.,BOI,,,,,,,,V,,,,SV SGE,,STD,,,,,0.0,0.0
2444208.5,10.624750751999999,,,Vis.,GOP,,,,,,,,V,,,,SV SGE,,STD,,,,,0.0,0.0
2444210.5,10.719614597999998,,,Vis.,BOI,,,,,,,,V,,,,SV SGE,,STD,,,,,0.0,0.0
2444211.2,10.529886906,,,Vis.,VOL,,,,,,,,V,,,,SV SGE,AFOEV,STD,,,,,0.0,0.0
2444211.5,10.340159214000003,,,Vis.,GOP,,,,,,,,V,,,,SV SGE,,STD,,,,,0.0,0.0
2444212.2,10.245295368,,,Vis.,VOL,,,,,,,,V,,,,SV SGE,AFOEV,STD,,,,,0.0,0.0
2444212.5,10.529886906,,,Vis.,GOP,,,,,,,,V,,,,SV SGE,,STD,,,,,0.0,0.0
2444215.2,10.624750751999999,,,Vis.,VOL,,,,,,,,V,,,,SV SGE,AFOEV,STD,,,,,0.0,0.0
2444216.5,10.814478444000002,,,Vis.,WNB,,,,,,,,V,,,,SV SGE,,STD,,,,,0.0,0.0
2444217.5,10.435023060000002,,,Vis.,BOI,,,,,,,,V,,,,SV SGE,,STD,,,,,0.0,0.0
2444219.2,10.719614597999998,,,Vis.,SCZ,,,,,,,,V,,,,SV SGE,AFOEV,STD,,,,,0.0,0.0
2444220.2,10.719614597999998,,,Vis.,SCZ,,,,,,,,V,,,,SV SGE,AFOEV,STD,,,,,0.0,0.0
2444222.2,10.719614597999998,,,Vis.,SCZ,,,,,,,,V,,,,SV SGE,AFOEV,STD,,,,,0.0,0.0
2444225.5,10.435023060000002,,,Vis.,BOI,,,,,,,,V,,,,SV SGE,,STD,,,,,0.0,0.0
2444229.5,10.529886906,,,Vis.,BOI,,,,,,,,V,,,,SV SGE,,STD,,,,,0.0,0.0
2444236.4,10.624750751999999,,,Vis.,SHS,,,,,,,,V,,,,SV SGE,,STD,,,,,0.0,0.0
2444244.4,10.245295368,,,Vis.,SHS,,,,,,,,V,,,,SV SGE,,STD,,,,,0.0,0.0
2444245.8,10.340159214000003,,,Vis.,BOI,,,,,,,,V,,,,SV SGE,,STD,,,,,0.0,0.0
2444251.8,10.340159214000003,,,Vis.,BOI,,,,,,,,V,,,,SV SGE,,STD,,,,,0.0,0.0
2444260.9,10.435023060000002,,,Vis.,BOI,,,,,,,,V,,,,SV SGE,,STD,,,,,0.0,0.0
2444267.8,10.529886906,,,Vis.,BOI,,,,,,,,V,,,,SV SGE,,STD,,,,,0.0,0.0
2444276.8,10.624750751999999,,,Vis.,BOI,,,,,,,,V,,,,SV SGE,,STD,,,,,0.0,0.0
2444287.8,10.624750751999999,,,Vis.,BOI,,,,,,,,V,,,,SV SGE,,STD,,,,,0.0,0.0
2444300.8,10.435023060000002,,,Vis.,BOI,,,,,,,,V,,,,SV SGE,,STD,,,,,0.0,0.0
2444314.8,10.150431522,,,Vis.,SHS,,,,,,,,V,,,,SV SGE,,STD,,,,,0.0,0.0
2444323.4,10.340159214000003,,,Vis.,DMN,,,,,,,,V,,,,SV SGE,,STD,,,,,0.0,0.0
2444328.8,10.435023060000002,,,Vis.,BOI,,,,,,,,V,,,,SV SGE,,STD,,,,,0.0,0.0
2444336.6,10.245295368,,,Vis.,WLP,,,,,,,,V,,,,SV SGE,KNVWS,STD,,,,,0.0,0.0
2444348.7,10.435023060000002,,,Vis.,SHS,,,,,,,,V,,,,SV SGE,,STD,,,,,0.0,0.0
2444350.8,10.150431522,,,Vis.,HZL,,,,,,,,V,,,,SV SGE,,STD,,,,,0.0,0.0
2444355.4,10.814478444000002,,,Vis.,DMN,,,,,,,,V,,,,SV SGE,,STD,,,,,0.0,0.0
2444368.4,10.624750751999999,,,Vis.,DMN,,,,,,,,V,,,,SV SGE,,STD,,,,,0.0,0.0
2444369.8,10.435023060000002,,,Vis.,SC,,,,,,,,V,,,,SV SGE,,STD,,,,,0.0,0.0
2444372.4,10.624750751999999,,,Vis.,WLP,,,,,,,,V,,,,SV SGE,KNVWS,STD,,,,,0.0,0.0
2444374.5,10.529886906,,,Vis.,WLP,,,,,,,,V,,,,SV SGE,KNVWS,STD,,,,,0.0,0.0
2444374.6,10.055567675999999,,,Vis.,BRJ,,,,,,,,V,,,,SV SGE,,STD,,,,,0.0,0.0
2444375.4,10.719614597999998,,,Vis.,DMN,,,,,,,,V,,,,SV SGE,,STD,,,,,0.0,0.0
2444377.4,10.624750751999999,,,Vis.,DMN,,,,,,,,V,,,,SV SGE,,STD,,,,,0.0,0.0
2444378.4,10.909342290000001,,,Vis.,DMN,,,,,,,,V,,,,SV SGE,,STD,,,,,0.0,0.0
2444381.5,10.529886906,,,Vis.,SHS,,,,,,,,V,,,,SV SGE,,STD,,,,,0.0,0.0
2444391.6,10.529886906,,,Vis.,SHS,,,,,,,,V,,,,SV SGE,,STD,,,,,0.0,0.0
2444391.8,10.624750751999999,,,Vis.,GOP,,,,,,,,V,,,,SV SGE,,STD,,,,,0.0,0.0
2444392.4,10.245295368,,,Vis.,VOL,,,,,,,,V,,,,SV SGE,AFOEV,STD,,,,,0.0,0.0
2444396.6,10.340159214000003,,,Vis.,BRJ,,,,,,,,V,,,,SV SGE,,STD,,,,,0.0,0.0
2444401.6,10.719614597999998,,,Vis.,SHS,,,,,,,,V,,,,SV SGE,,STD,,,,,0.0,0.0
2444405.4,10.245295368,,,Vis.,VOL,,,,,,,,V,,,,SV SGE,AFOEV,STD,,,,,0.0,0.0
2444407.7,10.624750751999999,,,Vis.,HZL,,,,,,,,V,,,,SV SGE,,STD,,,,,0.0,0.0
2444408.6,11.004206136,,,Vis.,SHS,,,,,,,,V,,,,SV SGE,,STD,,,,,0.0,0.0
2444416.5,10.814478444000002,,,Vis.,SHS,,,,,,,,V,,,,SV SGE,,STD,,,,,0.0,0.0
2444421.5,10.719614597999998,,,Vis.,SHS,,,,,,,,V,,,,SV SGE,,STD,,,,,0.0,0.0
2444424.8,10.529886906,,,Vis.,GOP,,,,,,,,V,,,,SV SGE,,STD,,,,,0.0,0.0
2444426.6,10.245295368,,,Vis.,SHS,,,,,,,,V,,,,SV SGE,,STD,,,,,0.0,0.0
2444426.7,10.150431522,,,Vis.,HSG,,,,,,,,V,,,,SV SGE,,STD,,,,,0.0,0.0
2444426.8,10.340159214000003,,,Vis.,BUO,,,,,,,,V,,,,SV SGE,,STD,,,,,0.0,0.0
2444426.8,10.245295368,,,Vis.,WSN,,,,,,,,V,,,,SV SGE,,STD,,,,,0.0,0.0
2444427.7,10.529886906,,,Vis.,HSG,,,,,,,,V,,,,SV SGE,,STD,,,,,0.0,0.0
2444428.4,10.435023060000002,,,Vis.,VOL,,,,,,,,V,,,,SV SGE,AFOEV,STD,,,,,0.0,0.0
2444428.7,10.529886906,,,Vis.,GOP,,,,,,,,V,,,,SV SGE,,STD,,,,,0.0,0.0
2444428.7,10.435023060000002,,,Vis.,HSG,,,,,,,,V,,,,SV SGE,,STD,,,,,0.0,0.0
2444429.7,10.435023060000002,,,Vis.,HSG,,,,,,,,V,,,,SV SGE,,STD,,,,,0.0,0.0
2444430.7,10.529886906,,,Vis.,HSG,,,,,,,,V,,,,SV SGE,,STD,,,,,0.0,0.0
2444430.7,10.245295368,,,Vis.,SNL,,,,,,,,V,,,,SV SGE,,STD,,,,,0.0,0.0
2444431.6,10.529886906,,,Vis.,HSG,,,,,,,,V,,,,SV SGE,,STD,,,,,0.0,0.0
2444432.6,10.529886906,,,Vis.,HSG,,,,,,,,V,,,,SV SGE,,STD,,,,,0.0,0.0
2444432.7,10.245295368,,,Vis.,SC,,,,,,,,V,,,,SV SGE,,STD,,,,,0.0,0.0
2444433.7,10.529886906,,,Vis.,GOP,,,,,,,,V,,,,SV SGE,,STD,,,,,0.0,0.0
2444433.7,10.340159214000003,,,Vis.,SC,,,,,,,,V,,,,SV SGE,,STD,,,,,0.0,0.0
2444434.6,10.245295368,,,Vis.,BRJ,,,,,,,,V,,,,SV SGE,,STD,,,,,0.0,0.0
2444434.6,10.340159214000003,,,Vis.,HSG,,,,,,,,V,,,,SV SGE,,STD,,,,,0.0,0.0
2444434.7,10.435023060000002,,,Vis.,GOP,,,,,,,,V,,,,SV SGE,,STD,,,,,0.0,0.0
2444435.6,10.529886906,,,Vis.,HSG,,,,,,,,V,,,,SV SGE,,STD,,,,,0.0,0.0
2444435.7,10.435023060000002,,,Vis.,GOP,,,,,,,,V,,,,SV SGE,,STD,,,,,0.0,0.0
2444436.7,10.529886906,,,Vis.,GOP,,,,,,,,V,,,,SV SGE,,STD,,,,,0.0,0.0
2444436.8,10.245295368,,,Vis.,HSG,,,,,,,,V,,,,SV SGE,,STD,,,,,0.0,0.0
2444437.4,10.340159214000003,,,Vis.,SCZ,,,,,,,,V,,,,SV SGE,AFOEV,STD,,,,,0.0,0.0
2444437.6,10.719614597999998,,,Vis.,GOP,,,,,,,,V,,,,SV SGE,,STD,,,,,0.0,0.0
2444437.7,10.340159214000003,,,Vis.,SC,,,,,,,,V,,,,SV SGE,,STD,,,,,0.0,0.0
2444438.4,10.245295368,,,Vis.,VOL,,,,,,,,V,,,,SV SGE,AFOEV,STD,,,,,0.0,0.0
2444438.5,10.719614597999998,,,Vis.,SHS,,,,,,,,V,,,,SV SGE,,STD,,,,,0.0,0.0
2444438.7,10.245295368,,,Vis.,HSG,,,,,,,,V,,,,SV SGE,,STD,,,,,0.0,0.0
2444440.7,10.245295368,,,Vis.,SC,,,,,,,,V,,,,SV SGE,,STD,,,,,0.0,0.0
2444441.6,10.435023060000002,,,Vis.,HSG,,,,,,,,V,,,,SV SGE,,STD,,,,,0.0,0.0
2444441.8,10.435023060000002,,,Vis.,BUO,,,,,,,,V,,,,SV SGE,,STD,,,,,0.0,0.0
2444442.5,10.909342290000001,,,Vis.,GUN,,,,,,,,V,,,,SV SGE,AFOEV,STD,,,,,0.0,0.0
2444442.7,10.245295368,,,Vis.,HSG,,,,,,,,V,,,,SV SGE,,STD,,,,,0.0,0.0
2444443.4,10.150431522,,,Vis.,SCZ,,,,,,,,V,,,,SV SGE,AFOEV,STD,,,,,0.0,0.0
2444443.4,10.245295368,,,Vis.,VET,,,,,,,,V,,,,SV SGE,AFOEV,STD,,,,,0.0,0.0
2444443.6,10.529886906,,,Vis.,GOP,,,,,,,,V,,,,SV SGE,,STD,,,,,0.0,0.0
2444444.4,10.340159214000003,,,Vis.,SCZ,,,,,,,,V,,,,SV SGE,AFOEV,STD,,,,,0.0,0.0
2444444.4,10.245295368,,,Vis.,VOL,,,,,,,,V,,,,SV SGE,AFOEV,STD,,,,,0.0,0.0
2444444.6,10.435023060000002,,,Vis.,GOP,,,,,,,,V,,,,SV SGE,,STD,,,,,0.0,0.0
2444444.7,10.340159214000003,,,Vis.,HSG,,,,,,,,V,,,,SV SGE,,STD,,,,,0.0,0.0
2444445.4,10.340159214000003,,,Vis.,SCZ,,,,,,,,V,,,,SV SGE,AFOEV,STD,,,,,0.0,0.0
2444445.5,10.624750751999999,,,Vis.,SHS,,,,,,,,V,,,,SV SGE,,STD,,,,,0.0,0.0
2444445.6,10.340159214000003,,,Vis.,HSG,,,,,,,,V,,,,SV SGE,,STD,,,,,0.0,0.0
2444446.4,10.245295368,,,Vis.,MIS,,,,,,,,V,,,,SV SGE,AFOEV,STD,,,,,0.0,0.0
2444446.4,10.624750751999999,,,Vis.,SCZ,,,,,,,,V,,,,SV SGE,AFOEV,STD,,,,,0.0,0.0
2444446.4,10.529886906,,,Vis.,VOL,,,,,,,,V,,,,SV SGE,AFOEV,STD,,,,,0.0,0.0
2444446.7,10.340159214000003,,,Vis.,SC,,,,,,,,V,,,,SV SGE,,STD,,,,,0.0,0.0
2444448.4,10.529886906,,,Vis.,MIS,,,,,,,,V,,,,SV SGE,AFOEV,STD,,,,,0.0,0.0
2444448.6,10.719614597999998,,,Vis.,HSG,,,,,,,,V,,,,SV SGE,,STD,,,,,0.0,0.0
2444449.38,9.960703830000002,,,Vis.,MIS,,,,,,,,V,,,,SV SGE,AFOEV,STD,,,,,0.0,0.0
2444449.6,10.245295368,,,Vis.,GOP,,,,,,,,V,,,,SV SGE,,STD,,,,,0.0,0.0
2444450.6,10.245295368,,,Vis.,GOP,,,,,,,,V,,,,SV SGE,,STD,,,,,0.0,0.0
2444450.6,10.245295368,,,Vis.,HSG,,,,,,,,V,,,,SV SGE,,STD,,,,,0.0,0.0
2444451.4,10.340159214000003,,,Vis.,SCZ,,,,,,,,V,,,,SV SGE,AFOEV,STD,,,,,0.0,0.0
2444451.4,10.340159214000003,,,Vis.,VOL,,,,,,,,V,,,,SV SGE,AFOEV,STD,,,,,0.0,0.0
2444451.41,10.245295368,,,Vis.,MIS,,,,,,,,V,,,,SV SGE,AFOEV,STD,,,,,0.0,0.0
2444451.5,10.340159214000003,,,Vis.,WLP,,,,,,,,V,,,,SV SGE,KNVWS,STD,,,,,0.0,0.0
2444451.6,10.150431522,,,Vis.,BRJ,,,,,,,,V,,,,SV SGE,,STD,,,,,0.0,0.0
2444451.6,10.340159214000003,,,Vis.,GOP,,,,,,,,V,,,,SV SGE,,STD,,,,,0.0,0.0
2444452.39,10.150431522,,,Vis.,MIS,,,,,,,,V,,,,SV SGE,AFOEV,STD,,,,,0.0,0.0
2444452.4,10.529886906,,,Vis.,SCZ,,,,,,,,V,,,,SV SGE,AFOEV,STD,,,,,0.0,0.0
2444452.4,10.340159214000003,,,Vis.,VET,,,,,,,,V,,,,SV SGE,AFOEV,STD,,,,,0.0,0.0
2444452.6,10.529886906,,,Vis.,GOP,,,,,,,,V,,,,SV SGE,,STD,,,,,0.0,0.0
2444452.6,10.435023060000002,,,Vis.,HSG,,,,,,,,V,,,,SV SGE,,STD,,,,,0.0,0.0
2444453.37,10.340159214000003,,,Vis.,MIS,,,,,,,,V,,,,SV SGE,AFOEV,STD,,,,,0.0,0.0
2444453.4,10.529886906,,,Vis.,VOL,,,,,,,,V,,,,SV SGE,AFOEV,STD,,,,,0.0,0.0
2444453.5,10.435023060000002,,,Vis.,SHS,,,,,,,,V,,,,SV SGE,,STD,,,,,0.0,0.0
2444454.4,10.624750751999999,,,Vis.,DMN,,,,,,,,V,,,,SV SGE,,STD,,,,,0.0,0.0
2444454.4,10.529886906,,,Vis.,SCZ,,,,,,,,V,,,,SV SGE,AFOEV,STD,,,,,0.0,0.0
2444454.4,10.624750751999999,,,Vis.,VOL,,,,,,,,V,,,,SV SGE,AFOEV,STD,,,,,0.0,0.0
2444454.6,10.624750751999999,,,Vis.,GOP,,,,,,,,V,,,,SV SGE,,STD,,,,,0.0,0.0
2444454.8,10.435023060000002,,,Vis.,BUO,,,,,,,,V,,,,SV SGE,,STD,,,,,0.0,0.0
2444455.4,10.529886906,,,Vis.,DMN,,,,,,,,V,,,,SV SGE,,STD,,,,,0.0,0.0
2444455.4,10.340159214000003,,,Vis.,VED,,,,,,,,V,,,,SV SGE,AFOEV,STD,,,,,0.0,0.0
2444455.7,10.245295368,,,Vis.,SC,,,,,,,,V,,,,SV SGE,,STD,,,,,0.0,0.0
2444455.8,10.435023060000002,,,Vis.,HSG,,,,,,,,V,,,,SV SGE,,STD,,,,,0.0,0.0
2444456.4,10.909342290000001,,,Vis.,SCZ,,,,,,,,V,,,,SV SGE,AFOEV,STD,,,,,0.0,0.0
2444456.4,10.529886906,,,Vis.,VOL,,,,,,,,V,,,,SV SGE,AFOEV,STD,,,,,0.0,0.0
2444456.8,10.245295368,,,Vis.,HSG,,,,,,,,V,,,,SV SGE,,STD,,,,,0.0,0.0
2444457.3,10.245295368,,,Vis.,VED,,,,,,,,V,,,,SV SGE,AFOEV,STD,,,,,0.0,0.0
2444457.4,10.529886906,,,Vis.,SCZ,,,,,,,,V,,,,SV SGE,AFOEV,STD,,,,,0.0,0.0
2444457.6,10.340159214000003,,,Vis.,HSG,,,,,,,,V,,,,SV SGE,,STD,,,,,0.0,0.0
2444458.3,10.245295368,,,Vis.,VED,,,,,,,,V,,,,SV SGE,AFOEV,STD,,,,,0.0,0.0
2444458.4,10.340159214000003,,,Vis.,DMN,,,,,,,,V,,,,SV SGE,,STD,,,,,0.0,0.0
2444458.4,10.909342290000001,,,Vis.,GUN,,,,,,,,V,,,,SV SGE,AFOEV,STD,,,,,0.0,0.0
2444458.4,10.624750751999999,,,Vis.,SCZ,,,,,,,,V,,,,SV SGE,AFOEV,STD,,,,,0.0,0.0
2444458.4,10.624750751999999,,,Vis.,VOL,,,,,,,,V,,,,SV SGE,AFOEV,STD,,,,,0.0,0.0
2444458.7,10.719614597999998,,,Vis.,GOP,,,,,,,,V,,,,SV SGE,,STD,,,,,0.0,0.0
2444458.7,10.340159214000003,,,Vis.,HSG,,,,,,,,V,,,,SV SGE,,STD,,,,,0.0,0.0
2444459.4,10.435023060000002,,,Vis.,VOL,,,,,,,,V,,,,SV SGE,AFOEV,STD,,,,,0.0,0.0
2444459.6,10.055567675999999,,,Vis.,BRJ,,,,,,,,V,,,,SV SGE,,STD,,,,,0.0,0.0
2444459.7,10.340159214000003,,,Vis.,SC,,,,,,,,V,,,,SV SGE,,STD,,,,,0.0,0.0
2444460.42,10.435023060000002,,,Vis.,OJR,,,,,,,,V,,,,SV SGE,,STD,,,,,0.0,0.0
2444460.5,10.814478444000002,,,Vis.,SHS,,,,,,,,V,,,,SV SGE,,STD,,,,,0.0,0.0
2444460.7,10.340159214000003,,,Vis.,HSG,,,,,,,,V,,,,SV SGE,,STD,,,,,0.0,0.0
2444461.42,10.529886906,,,Vis.,OJR,,,,,,,,V,,,,SV SGE,,STD,,,,,0.0,0.0
2444461.5,10.624750751999999,,,Vis.,WLP,,,,,,,,V,,,,SV SGE,KNVWS,STD,,,,,0.0,0.0
2444462.3,10.340159214000003,,,Vis.,VED,,,,,,,,V,,,,SV SGE,AFOEV,STD,,,,,0.0,0.0
2444462.4,10.340159214000003,,,Vis.,SCZ,,,,,,,,V,,,,SV SGE,AFOEV,STD,,,,,0.0,0.0
2444462.6,10.340159214000003,,,Vis.,HSG,,,,,,,,V,,,,SV SGE,,STD,,,,,0.0,0.0
2444462.9,10.340159214000003,,,Vis.,CR,,,,,,,,V,,,,SV SGE,,STD,,,,,0.0,0.0
2444463.4,10.624750751999999,,,Vis.,VOL,,,,,,,,V,,,,SV SGE,AFOEV,STD,,,,,0.0,0.0
2444463.48,10.529886906,,,Vis.,OJR,,,,,,,,V,,,,SV SGE,,STD,,,,,0.0,0.0
2444463.6,10.340159214000003,,,Vis.,HSG,,,,,,,,V,,,,SV SGE,,STD,,,,,0.0,0.0
2444463.7,10.245295368,,,Vis.,SC,,,,,,,,V,,,,SV SGE,,STD,,,,,0.0,0.0
2444464.6,10.150431522,,,Vis.,BRJ,,,,,,,,V,,,,SV SGE,,STD,,,,,0.0,0.0
2444464.6,10.435023060000002,,,Vis.,HSG,,,,,,,,V,,,,SV SGE,,STD,,,,,0.0,0.0
2444465.43,10.340159214000003,,,Vis.,VET,,,,,,,,V,,,,SV SGE,AFOEV,STD,,,,,0.0,0.0
2444465.6,10.340159214000003,,,Vis.,HSG,,,,,,,,V,,,,SV SGE,,STD,,,,,0.0,0.0
2444466.3,10.245295368,,,Vis.,VED,,,,,,,,V,,,,SV SGE,AFOEV,STD,,,,,0.0,0.0
2444466.37,10.624750751999999,,,Vis.,OJR,,,,,,,,V,,,,SV SGE,,STD,,,,,0.0,0.0
2444466.4,10.624750751999999,,,Vis.,DMN,,,,,,,,V,,,,SV SGE,,STD,,,,,0.0,0.0
2444466.4,10.340159214000003,,,Vis.,SCZ,,,,,,,,V,,,,SV SGE,AFOEV,STD,,,,,0.0,0.0
2444466.6,10.529886906,,,Vis.,HSG,,,,,,,,V,,,,SV SGE,,STD,,,,,0.0,0.0
2444467.6,10.719614597999998,,,Vis.,GOP,,,,,,,,V,,,,SV SGE,,STD,,,,,0.0,0.0
2444467.6,10.435023060000002,,,Vis.,HSG,,,,,,,,V,,,,SV SGE,,STD,,,,,0.0,0.0
2444467.6,10.435023060000002,,,Vis.,SHS,,,,,,,,V,,,,SV SGE,,STD,,,,,0.0,0.0
2444467.7,10.245295368,,,Vis.,SC,,,,,,,,V,,,,SV SGE,,STD,,,,,0.0,0.0
2444468.3,10.340159214000003,,,Vis.,VED,,,,,,,,V,,,,SV SGE,AFOEV,STD,,,,,0.0,0.0
2444468.6,10.719614597999998,,,Vis.,GOP,,,,,,,,V,,,,SV SGE,,STD,,,,,0.0,0.0
2444469.4,10.340159214000003,,,Vis.,VET,,,,,,,,V,,,,SV SGE,AFOEV,STD,,,,,0.0,0.0
2444469.41,10.624750751999999,,,Vis.,OJR,,,,,,,,V,,,,SV SGE,,STD,,,,,0.0,0.0
2444469.6,10.719614597999998,,,Vis.,GOP,,,,,,,,V,,,,SV SGE,,STD,,,,,0.0,0.0
2444470.6,10.435023060000002,,,Vis.,GOP,,,,,,,,V,,,,SV SGE,,STD,,,,,0.0,0.0
2444470.6,10.435023060000002,,,Vis.,HSG,,,,,,,,V,,,,SV SGE,,STD,,,,,0.0,0.0
2444470.7,10.340159214000003,,,Vis.,SC,,,,,,,,V,,,,SV SGE,,STD,,,,,0.0,0.0
2444471.4,10.340159214000003,,,Vis.,VED,,,,,,,,V,,,,SV SGE,AFOEV,STD,,,,,0.0,0.0
2444471.6,10.435023060000002,,,Vis.,HSG,,,,,,,,V,,,,SV SGE,,STD,,,,,0.0,0.0
2444471.7,10.245295368,,,Vis.,GOP,,,,,,,,V,,,,SV SGE,,STD,,,,,0.0,0.0
2444472.3,10.340159214000003,,,Vis.,SCZ,,,,,,,,V,,,,SV SGE,AFOEV,STD,,,,,0.0,0.0
2444472.3,10.340159214000003,,,Vis.,VED,,,,,,,,V,,,,SV SGE,AFOEV,STD,,,,,0.0,0.0
2444472.6,10.624750751999999,,,Vis.,GOP,,,,,,,,V,,,,SV SGE,,STD,,,,,0.0,0.0
2444472.7,10.435023060000002,,,Vis.,SC,,,,,,,,V,,,,SV SGE,,STD,,,,,0.0,0.0
2444473.6,10.435023060000002,,,Vis.,GOP,,,,,,,,V,,,,SV SGE,,STD,,,,,0.0,0.0
2444473.7,10.340159214000003,,,Vis.,HSG,,,,,,,,V,,,,SV SGE,,STD,,,,,0.0,0.0
2444474.4,10.340159214000003,,,Vis.,SCZ,,,,,,,,V,,,,SV SGE,AFOEV,STD,,,,,0.0,0.0
2444474.4,10.435023060000002,,,Vis.,VOL,,,,,,,,V,,,,SV SGE,AFOEV,STD,,,,,0.0,0.0
2444474.6,10.529886906,,,Vis.,GOP,,,,,,,,V,,,,SV SGE,,STD,,,,,0.0,0.0
2444474.6,10.435023060000002,,,Vis.,SHS,,,,,,,,V,,,,SV SGE,,STD,,,,,0.0,0.0
2444475.4,10.245295368,,,Vis.,VOL,,,,,,,,V,,,,SV SGE,AFOEV,STD,,,,,0.0,0.0
2444475.6,10.624750751999999,,,Vis.,GOP,,,,,,,,V,,,,SV SGE,,STD,,,,,0.0,0.0
2444476.35,10.340159214000003,,,Vis.,MIS,,,,,,,,V,,,,SV SGE,AFOEV,STD,,,,,0.0,0.0
2444477.3,10.340159214000003,,,Vis.,SCZ,,,,,,,,V,,,,SV SGE,AFOEV,STD,,,,,0.0,0.0
2444481.35,10.340159214000003,,,Vis.,MIS,,,,,,,,V,,,,SV SGE,AFOEV,STD,,,,,0.0,0.0
2444482.4,10.529886906,,,Vis.,OJR,,,,,,,,V,,,,SV SGE,,STD,,,,,0.0,0.0
2444482.6,10.150431522,,,Vis.,BRJ,,,,,,,,V,,,,SV SGE,,STD,,,,,0.0,0.0
2444482.7,10.245295368,,,Vis.,GOP,,,,,,,,V,,,,SV SGE,,STD,,,,,0.0,0.0
2444483.4,10.624750751999999,,,Vis.,DMN,,,,,,,,V,,,,SV SGE,,STD,,,,,0.0,0.0
2444483.4,10.340159214000003,,,Vis.,VET,,,,,,,,V,,,,SV SGE,AFOEV,STD,,,,,0.0,0.0
2444483.4,10.719614597999998,,,Vis.,WLP,,,,,,,,V,,,,SV SGE,KNVWS,STD,,,,,0.0,0.0
2444483.7,10.150431522,,,Vis.,GOP,,,,,,,,V,,,,SV SGE,,STD,,,,,0.0,0.0
2444484.3,10.624750751999999,,,Vis.,WLP,,,,,,,,V,,,,SV SGE,KNVWS,STD,,,,,0.0,0.0
2444484.34,9.960703830000002,,,Vis.,MIS,,,,,,,,V,,,,SV SGE,AFOEV,STD,,,,,0.0,0.0
2444484.37,10.909342290000001,,,Vis.,HUR,,,,,,,,V,,,,SV SGE,,STD,,,,,0.0,0.0
2444484.4,10.435023060000002,,,Vis.,OJR,,,,,,,,V,,,,SV SGE,,STD,,,,,0.0,0.0
2444484.6,10.055567675999999,,,Vis.,BRJ,,,,,,,,V,,,,SV SGE,,STD,,,,,0.0,0.0
2444484.7,10.340159214000003,,,Vis.,SC,,,,,,,,V,,,,SV SGE,,STD,,,,,0.0,0.0
2444485.33,9.865839983999999,,,Vis.,MIS,,,,,,,,V,,,,SV SGE,AFOEV,STD,,,,,0.0,0.0
2444485.4,10.340159214000003,,,Vis.,DMN,,,,,,,,V,,,,SV SGE,,STD,,,,,0.0,0.0
2444485.4,10.340159214000003,,,Vis.,OJR,,,,,,,,V,,,,SV SGE,,STD,,,,,0.0,0.0
2444485.4,10.340159214000003,,,Vis.,SCZ,,,,,,,,V,,,,SV SGE,AFOEV,STD,,,,,0.0,0.0
2444485.4,10.719614597999998,,,Vis.,WLP,,,,,,,,V,,,,SV SGE,KNVWS,STD,,,,,0.0,0.0
2444485.6,10.435023060000002,,,Vis.,SHS,,,,,,,,V,,,,SV SGE,,STD,,,,,0.0,0.0
2444486.33,9.960703830000002,,,Vis.,MIS,,,,,,,,V,,,,SV SGE,AFOEV,STD,,,,,0.0,0.0
2444486.4,10.055567675999999,,,Vis.,BOH,,,,,,,,V,,,,SV SGE,AFOEV,STD,,,,,0.0,0.0
2444486.4,10.529886906,,,Vis.,DMN,,,,,,,,V,,,,SV SGE,,STD,,,,,0.0,0.0
2444486.4,9.960703830000002,,,Vis.,OJR,,,,,,,,V,,,,SV SGE,,STD,,,,,0.0,0.0
2444486.4,10.435023060000002,,,Vis.,VOL,,,,,,,,V,,,,SV SGE,AFOEV,STD,,,,,0.0,0.0
2444486.6,10.435023060000002,,,Vis.,HSG,,,,,,,,V,,,,SV SGE,,STD,,,,,0.0,0.0
2444487.3,10.435023060000002,,,Vis.,VOL,,,,,,,,V,,,,SV SGE,AFOEV,STD,,,,,0.0,0.0
2444487.3,10.624750751999999,,,Vis.,WLP,,,,,,,,V,,,,SV SGE,KNVWS,STD,,,,,0.0,0.0
2444487.33,9.960703830000002,,,Vis.,MIS,,,,,,,,V,,,,SV SGE,AFOEV,STD,,,,,0.0,0.0
2444487.6,10.340159214000003,,,Vis.,HSG,,,,,,,,V,,,,SV SGE,,STD,,,,,0.0,0.0
2444487.7,10.340159214000003,,,Vis.,SC,,,,,,,,V,,,,SV SGE,,STD,,,,,0.0,0.0
2444488.33,9.960703830000002,,,Vis.,MIS,,,,,,,,V,,,,SV SGE,AFOEV,STD,,,,,0.0,0.0
2444488.4,10.340159214000003,,,Vis.,VET,,,,,,,,V,,,,SV SGE,AFOEV,STD,,,,,0.0,0.0
2444488.6,10.435023060000002,,,Vis.,HSG,,,,,,,,V,,,,SV SGE,,STD,,,,,0.0,0.0
2444489.3,10.340159214000003,,,Vis.,SCZ,,,,,,,,V,,,,SV SGE,AFOEV,STD,,,,,0.0,0.0
2444489.32,9.865839983999999,,,Vis.,MIS,,,,,,,,V,,,,SV SGE,AFOEV,STD,,,,,0.0,0.0
2444489.4,10.529886906,,,Vis.,DMN,,,,,,,,V,,,,SV SGE,,STD,,,,,0.0,0.0
2444489.4,10.340159214000003,,,Vis.,VOL,,,,,,,,V,,,,SV SGE,AFOEV,STD,,,,,0.0,0.0
2444489.4,10.624750751999999,,,Vis.,WLP,,,,,,,,V,,,,SV SGE,KNVWS,STD,,,,,0.0,0.0
2444490.3,10.340159214000003,,,Vis.,SCZ,,,,,,,,V,,,,SV SGE,AFOEV,STD,,,,,0.0,0.0
2444490.32,9.960703830000002,,,Vis.,MIS,,,,,,,,V,,,,SV SGE,AFOEV,STD,,,,,0.0,0.0
2444490.4,10.245295368,,,Vis.,DMN,,,,,,,,V,,,,SV SGE,,STD,,,,,0.0,0.0
2444490.4,10.435023060000002,,,Vis.,WLP,,,,,,,,V,,,,SV SGE,KNVWS,STD,,,,,0.0,0.0
2444490.7,10.245295368,,,Vis.,SC,,,,,,,,V,,,,SV SGE,,STD,,,,,0.0,0.0
2444491.6,10.340159214000003,,,Vis.,HSG,,,,,,,,V,,,,SV SGE,,STD,,,,,0.0,0.0
2444492.4,10.435023060000002,,,Vis.,DMN,,,,,,,,V,,,,SV SGE,,STD,,,,,0.0,0.0
2444492.6,10.435023060000002,,,Vis.,HSG,,,,,,,,V,,,,SV SGE,,STD,,,,,0.0,0.0
2444493.36,10.055567675999999,,,Vis.,OJR,,,,,,,,V,,,,SV SGE,,STD,,,,,0.0,0.0
2444493.6,10.245295368,,,Vis.,SHS,,,,,,,,V,,,,SV SGE,,STD,,,,,0.0,0.0
2444494.33,9.960703830000002,,,Vis.,MIS,,,,,,,,V,,,,SV SGE,AFOEV,STD,,,,,0.0,0.0
2444494.37,9.960703830000002,,,Vis.,OJR,,,,,,,,V,,,,SV SGE,,STD,,,,,0.0,0.0
2444495.31,9.960703830000002,,,Vis.,MIS,,,,,,,,V,,,,SV SGE,AFOEV,STD,,,,,0.0,0.0
2444495.4,10.435023060000002,,,Vis.,DMN,,,,,,,,V,,,,SV SGE,,STD,,,,,0.0,0.0
2444495.4,10.340159214000003,,,Vis.,SCZ,,,,,,,,V,,,,SV SGE,AFOEV,STD,,,,,0.0,0.0
2444495.4,10.624750751999999,,,Vis.,WLP,,,,,,,,V,,,,SV SGE,KNVWS,STD,,,,,0.0,0.0
2444496.32,9.960703830000002,,,Vis.,MIS,,,,,,,,V,,,,SV SGE,AFOEV,STD,,,,,0.0,0.0
2444496.4,10.435023060000002,,,Vis.,VET,,,,,,,,V,,,,SV SGE,AFOEV,STD,,,,,0.0,0.0
2444496.6,10.435023060000002,,,Vis.,HSG,,,,,,,,V,,,,SV SGE,,STD,,,,,0.0,0.0
2444496.7,10.340159214000003,,,Vis.,SC,,,,,,,,V,,,,SV SGE,,STD,,,,,0.0,0.0
2444497.3,10.150431522,,,Vis.,SCZ,,,,,,,,V,,,,SV SGE,AFOEV,STD,,,,,0.0,0.0
2444497.31,9.960703830000002,,,Vis.,MIS,,,,,,,,V,,,,SV SGE,AFOEV,STD,,,,,0.0,0.0
2444497.4,10.055567675999999,,,Vis.,OJR,,,,,,,,V,,,,SV SGE,,STD,,,,,0.0,0.0
2444498.3,10.340159214000003,,,Vis.,VED,,,,,,,,V,,,,SV SGE,AFOEV,STD,,,,,0.0,0.0
2444498.31,9.960703830000002,,,Vis.,MIS,,,,,,,,V,,,,SV SGE,AFOEV,STD,,,,,0.0,0.0
2444498.4,10.435023060000002,,,Vis.,DMN,,,,,,,,V,,,,SV SGE,,STD,,,,,0.0,0.0
2444498.4,10.245295368,,,Vis.,SCZ,,,,,,,,V,,,,SV SGE,AFOEV,STD,,,,,0.0,0.0
2444498.4,10.719614597999998,,,Vis.,WLP,,,,,,,,V,,,,SV SGE,KNVWS,STD,,,,,0.0,0.0
2444498.46,10.055567675999999,,,Vis.,OJR,,,,,,,,V,,,,SV SGE,,STD,,,,,0.0,0.0
2444499.31,9.960703830000002,,,Vis.,MIS,,,,,,,,V,,,,SV SGE,AFOEV,STD,,,,,0.0,0.0
2444499.4,10.150431522,,,Vis.,SCZ,,,,,,,,V,,,,SV SGE,AFOEV,STD,,,,,0.0,0.0
2444500.31,10.245295368,,,Vis.,MIS,,,,,,,,V,,,,SV SGE,AFOEV,STD,,,,,0.0,0.0
2444500.44,9.960703830000002,,,Vis.,OJR,,,,,,,,V,,,,SV SGE,,STD,,,,,0.0,0.0
2444500.6,10.340159214000003,,,Vis.,HSG,,,,,,,,V,,,,SV SGE,,STD,,,,,0.0,0.0
2444501.3,10.150431522,,,Vis.,SCZ,,,,,,,,V,,,,SV SGE,AFOEV,STD,,,,,0.0,0.0
2444501.36,10.340159214000003,,,Vis.,MIS,,,,,,,,V,,,,SV SGE,AFOEV,STD,,,,,0.0,0.0
2444501.4,10.435023060000002,,,Vis.,DMN,,,,,,,,V,,,,SV SGE,,STD,,,,,0.0,0.0
2444501.4,9.960703830000002,,,Vis.,OJR,,,,,,,,V,,,,SV SGE,,STD,,,,,0.0,0.0
2444501.5,10.340159214000003,,,Vis.,HSG,,,,,,,,V,,,,SV SGE,,STD,,,,,0.0,0.0
2444502.32,10.245295368,,,Vis.,MIS,,,,,,,,V,,,,SV SGE,AFOEV,STD,,,,,0.0,0.0
2444502.32,9.960703830000002,,,Vis.,OJR,,,,,,,,V,,,,SV SGE,,STD,,,,,0.0,0.0
2444502.6,10.055567675999999,,,Vis.,BRJ,,,,,,,,V,,,,SV SGE,,STD,,,,,0.0,0.0
2444502.6,10.435023060000002,,,Vis.,GOP,,,,,,,,V,,,,SV SGE,,STD,,,,,0.0,0.0
2444502.7,10.340159214000003,,,Vis.,SC,,,,,,,,V,,,,SV SGE,,STD,,,,,0.0,0.0
2444503.5,10.340159214000003,,,Vis.,HSG,,,,,,,,V,,,,SV SGE,,STD,,,,,0.0,0.0
2444504.3,10.245295368,,,Vis.,VED,,,,,,,,V,,,,SV SGE,AFOEV,STD,,,,,0.0,0.0
2444504.5,10.340159214000003,,,Vis.,HSG,,,,,,,,V,,,,SV SGE,,STD,,,,,0.0,0.0
2444504.5,10.340159214000003,,,Vis.,SHS,,,,,,,,V,,,,SV SGE,,STD,,,,,0.0,0.0
2444504.9,10.435023060000002,,,Vis.,CR,,,,,,,,V,,,,SV SGE,,STD,,,,,0.0,0.0
2444505.3,10.245295368,,,Vis.,MIS,,,,,,,,V,,,,SV SGE,AFOEV,STD,,,,,0.0,0.0
2444505.3,10.245295368,,,Vis.,VED,,,,,,,,V,,,,SV SGE,AFOEV,STD,,,,,0.0,0.0
2444505.33,10.150431522,,,Vis.,OJR,,,,,,,,V,,,,SV SGE,,STD,,,,,0.0,0.0
2444505.6,10.719614597999998,,,Vis.,GOP,,,,,,,,V,,,,SV SGE,,STD,,,,,0.0,0.0
2444505.6,10.340159214000003,,,Vis.,HSG,,,,,,,,V,,,,SV SGE,,STD,,,,,0.0,0.0
2444506.3,10.435023060000002,,,Vis.,WLP,,,,,,,,V,,,,SV SGE,KNVWS,STD,,,,,0.0,0.0
2444506.31,10.150431522,,,Vis.,MIS,,,,,,,,V,,,,SV SGE,AFOEV,STD,,,,,0.0,0.0
2444506.4,10.340159214000003,,,Vis.,DMN,,,,,,,,V,,,,SV SGE,,STD,,,,,0.0,0.0
2444506.5,10.340159214000003,,,Vis.,HSG,,,,,,,,V,,,,SV SGE,,STD,,,,,0.0,0.0
2444508.3,9.960703830000002,,,Vis.,MIS,,,,,,,,V,,,,SV SGE,AFOEV,STD,,,,,0.0,0.0
2444508.31,10.150431522,,,Vis.,OJR,,,,,,,,V,,,,SV SGE,,STD,,,,,0.0,0.0
2444509.31,10.245295368,,,Vis.,MIS,,,,,,,,V,,,,SV SGE,AFOEV,STD,,,,,0.0,0.0
2444509.32,10.150431522,,,Vis.,OJR,,,,,,,,V,,,,SV SGE,,STD,,,,,0.0,0.0
2444510.3,10.245295368,,,Vis.,VED,,,,,,,,V,,,,SV SGE,AFOEV,STD,,,,,0.0,0.0
2444510.33,10.340159214000003,,,Vis.,MIS,,,,,,,,V,,,,SV SGE,AFOEV,STD,,,,,0.0,0.0
2444510.5,10.340159214000003,,,Vis.,HSG,,,,,,,,V,,,,SV SGE,,STD,,,,,0.0,0.0
2444511.3,10.529886906,,,Vis.,SCZ,,,,,,,,V,,,,SV SGE,AFOEV,STD,,,,,0.0,0.0
2444511.34,10.150431522,,,Vis.,MIS,,,,,,,,V,,,,SV SGE,AFOEV,STD,,,,,0.0,0.0
2444511.5,10.340159214000003,,,Vis.,HSG,,,,,,,,V,,,,SV SGE,,STD,,,,,0.0,0.0
2444512.3,10.529886906,,,Vis.,VOL,,,,,,,,V,,,,SV SGE,AFOEV,STD,,,,,0.0,0.0
2444512.33,10.150431522,,,Vis.,OJR,,,,,,,,V,,,,SV SGE,,STD,,,,,0.0,0.0
2444512.5,10.245295368,,,Vis.,SHS,,,,,,,,V,,,,SV SGE,,STD,,,,,0.0,0.0
2444512.6,10.245295368,,,Vis.,HSG,,,,,,,,V,,,,SV SGE,,STD,,,,,0.0,0.0
2444513.3,10.624750751999999,,,Vis.,SCZ,,,,,,,,V,,,,SV SGE,AFOEV,STD,,,,,0.0,0.0
2444513.3,10.529886906,,,Vis.,WLP,,,,,,,,V,,,,SV SGE,KNVWS,STD,,,,,0.0,0.0
2444513.35,10.150431522,,,Vis.,OJR,,,,,,,,V,,,,SV SGE,,STD,,,,,0.0,0.0
2444513.4,10.435023060000002,,,Vis.,DMN,,,,,,,,V,,,,SV SGE,,STD,,,,,0.0,0.0
2444513.5,10.340159214000003,,,Vis.,HSG,,,,,,,,V,,,,SV SGE,,STD,,,,,0.0,0.0
2444513.6,10.719614597999998,,,Vis.,GOP,,,,,,,,V,,,,SV SGE,,STD,,,,,0.0,0.0
2444514.3,10.150431522,,,Vis.,OJR,,,,,,,,V,,,,SV SGE,,STD,,,,,0.0,0.0
2444514.3,10.245295368,,,Vis.,VED,,,,,,,,V,,,,SV SGE,AFOEV,STD,,,,,0.0,0.0
2444514.3,10.435023060000002,,,Vis.,VOL,,,,,,,,V,,,,SV SGE,AFOEV,STD,,,,,0.0,0.0
2444514.35,9.960703830000002,,,Vis.,MIS,,,,,,,,V,,,,SV SGE,AFOEV,STD,,,,,0.0,0.0
2444514.6,10.529886906,,,Vis.,GOP,,,,,,,,V,,,,SV SGE,,STD,,,,,0.0,0.0
2444514.6,10.245295368,,,Vis.,HSG,,,,,,,,V,,,,SV SGE,,STD,,,,,0.0,0.0
2444514.7,10.435023060000002,,,Vis.,SC,,,,,,,,V,,,,SV SGE,,STD,,,,,0.0,0.0
2444515.3,10.909342290000001,,,Vis.,SCZ,,,,,,,,V,,,,SV SGE,AFOEV,STD,,,,,0.0,0.0
2444515.35,10.055567675999999,,,Vis.,OJR,,,,,,,,V,,,,SV SGE,,STD,,,,,0.0,0.0
2444515.4,10.340159214000003,,,Vis.,DMN,,,,,,,,V,,,,SV SGE,,STD,,,,,0.0,0.0
2444516.2,10.340159214000003,,,Vis.,VED,,,,,,,,V,,,,SV SGE,AFOEV,STD,,,,,0.0,0.0
2444516.6,10.340159214000003,,,Vis.,SC,,,,,,,,V,,,,SV SGE,,STD,,,,,0.0,0.0
2444517.4,10.719614597999998,,,Vis.,WLP,,,,,,,,V,,,,SV SGE,KNVWS,STD,,,,,0.0,0.0
2444517.5,10.435023060000002,,,Vis.,HSG,,,,,,,,V,,,,SV SGE,,STD,,,,,0.0,0.0
2444518.5,10.340159214000003,,,Vis.,HSG,,,,,,,,V,,,,SV SGE,,STD,,,,,0.0,0.0
2444518.6,10.150431522,,,Vis.,GOP,,,,,,,,V,,,,SV SGE,,STD,,,,,0.0,0.0
2444519.35,9.960703830000002,,,Vis.,MIS,,,,,,,,V,,,,SV SGE,AFOEV,STD,,,,,0.0,0.0
2444519.6,10.055567675999999,,,Vis.,GOP,,,,,,,,V,,,,SV SGE,,STD,,,,,0.0,0.0
2444520.3,10.150431522,,,Vis.,VED,,,,,,,,V,,,,SV SGE,AFOEV,STD,,,,,0.0,0.0
2444520.41,9.960703830000002,,,Vis.,FOU,,,,,,,,V,,,,SV SGE,,STD,,,,,0.0,0.0
2444520.5,10.245295368,,,Vis.,HSG,,,,,,,,V,,,,SV SGE,,STD,,,,,0.0,0.0
2444520.5,10.340159214000003,,,Vis.,SHS,,,,,,,,V,,,,SV SGE,,STD,,,,,0.0,0.0
2444520.6,9.960703830000002,,,Vis.,GOP,,,,,,,,V,,,,SV SGE,,STD,,,,,0.0,0.0
2444521.35,10.055567675999999,,,Vis.,OJR,,,,,,,,V,,,,SV SGE,,STD,,,,,0.0,0.0
2444521.6,10.055567675999999,,,Vis.,GOP,,,,,,,,V,,,,SV SGE,,STD,,,,,0.0,0.0
2444521.6,10.340159214000003,,,Vis.,HSG,,,,,,,,V,,,,SV SGE,,STD,,,,,0.0,0.0
2444522.3,10.245295368,,,Vis.,VED,,,,,,,,V,,,,SV SGE,AFOEV,STD,,,,,0.0,0.0
2444522.33,10.245295368,,,Vis.,MIS,,,,,,,,V,,,,SV SGE,AFOEV,STD,,,,,0.0,0.0
2444522.38,10.055567675999999,,,Vis.,OJR,,,,,,,,V,,,,SV SGE,,STD,,,,,0.0,0.0
2444522.4,10.435023060000002,,,Vis.,DMN,,,,,,,,V,,,,SV SGE,,STD,,,,,0.0,0.0
2444522.5,10.340159214000003,,,Vis.,HSG,,,,,,,,V,,,,SV SGE,,STD,,,,,0.0,0.0
2444523.6,10.150431522,,,Vis.,GOP,,,,,,,,V,,,,SV SGE,,STD,,,,,0.0,0.0
2444523.63,10.624750751999999,,,Vis.,OCN,,,,,,,,V,,,,SV SGE,,STD,,,,,0.0,0.0
2444524.32,10.245295368,,,Vis.,MED,,,,,,,,V,,,,SV SGE,,STD,,,,,0.0,0.0
2444524.6,10.245295368,,,Vis.,GOP,,,,,,,,V,,,,SV SGE,,STD,,,,,0.0,0.0
2444525.3,10.719614597999998,,,Vis.,WLP,,,,,,,,V,,,,SV SGE,KNVWS,STD,,,,,0.0,0.0
2444525.4,10.340159214000003,,,Vis.,DMN,,,,,,,,V,,,,SV SGE,,STD,,,,,0.0,0.0
2444525.5,10.340159214000003,,,Vis.,HSG,,,,,,,,V,,,,SV SGE,,STD,,,,,0.0,0.0
2444525.6,9.960703830000002,,,Vis.,GOP,,,,,,,,V,,,,SV SGE,,STD,,,,,0.0,0.0
2444526.35,10.245295368,,,Vis.,MIS,,,,,,,,V,,,,SV SGE,AFOEV,STD,,,,,0.0,0.0
2444526.4,10.340159214000003,,,Vis.,DMN,,,,,,,,V,,,,SV SGE,,STD,,,,,0.0,0.0
2444526.6,9.960703830000002,,,Vis.,GOP,,,,,,,,V,,,,SV SGE,,STD,,,,,0.0,0.0
2444526.6,10.340159214000003,,,Vis.,SC,,,,,,,,V,,,,SV SGE,,STD,,,,,0.0,0.0
2444527.6,10.055567675999999,,,Vis.,GOP,,,,,,,,V,,,,SV SGE,,STD,,,,,0.0,0.0
2444529.5,10.055567675999999,,,Vis.,BRJ,,,,,,,,V,,,,SV SGE,,STD,,,,,0.0,0.0
2444529.6,10.340159214000003,,,Vis.,SC,,,,,,,,V,,,,SV SGE,,STD,,,,,0.0,0.0
2444530.38,10.055567675999999,,,Vis.,OJR,,,,,,,,V,,,,SV SGE,,STD,,,,,0.0,0.0
2444530.5,10.245295368,,,Vis.,HSG,,,,,,,,V,,,,SV SGE,,STD,,,,,0.0,0.0
2444531.4,10.055567675999999,,,Vis.,OJR,,,,,,,,V,,,,SV SGE,,STD,,,,,0.0,0.0
2444532.2,10.055567675999999,,,Vis.,VED,,,,,,,,V,,,,SV SGE,AFOEV,STD,,,,,0.0,0.0
2444533.5,9.960703830000002,,,Vis.,GOP,,,,,,,,V,,,,SV SGE,,STD,,,,,0.0,0.0
2444533.5,10.340159214000003,,,Vis.,HSG,,,,,,,,V,,,,SV SGE,,STD,,,,,0.0,0.0
2444534.5,10.055567675999999,,,Vis.,GOP,,,,,,,,V,,,,SV SGE,,STD,,,,,0.0,0.0
2444534.5,10.245295368,,,Vis.,HSG,,,,,,,,V,,,,SV SGE,,STD,,,,,0.0,0.0
2444536.5,9.960703830000002,,,Vis.,GOP,,,,,,,,V,,,,SV SGE,,STD,,,,,0.0,0.0
2444536.5,10.435023060000002,,,Vis.,SHS,,,,,,,,V,,,,SV SGE,,STD,,,,,0.0,0.0
2444537.3,10.529886906,,,Vis.,WLP,,,,,,,,V,,,,SV SGE,KNVWS,STD,,,,,0.0,0.0
2444537.4,10.245295368,,,Vis.,DMN,,,,,,,,V,,,,SV SGE,,STD,,,,,0.0,0.0
2444537.6,9.960703830000002,,,Vis.,GOP,,,,,,,,V,,,,SV SGE,,STD,,,,,0.0,0.0
2444538.4,10.055567675999999,,,Vis.,OJR,,,,,,,,V,,,,SV SGE,,STD,,,,,0.0,0.0
2444538.5,10.055567675999999,,,Vis.,GOP,,,,,,,,V,,,,SV SGE,,STD,,,,,0.0,0.0
2444539.29,10.150431522,,,Vis.,OJR,,,,,,,,V,,,,SV SGE,,STD,,,,,0.0,0.0
2444539.5,10.245295368,,,Vis.,HSG,,,,,,,,V,,,,SV SGE,,STD,,,,,0.0,0.0
2444539.6,10.435023060000002,,,Vis.,SC,,,,,,,,V,,,,SV SGE,,STD,,,,,0.0,0.0
2444540.26,10.150431522,,,Vis.,MIS,,,,,,,,V,,,,SV SGE,AFOEV,STD,,,,,0.0,0.0
2444540.3,10.529886906,,,Vis.,WLP,,,,,,,,V,,,,SV SGE,KNVWS,STD,,,,,0.0,0.0
2444540.37,9.960703830000002,,,Vis.,FOU,,,,,,,,V,,,,SV SGE,,STD,,,,,0.0,0.0
2444541.3,10.055567675999999,,,Vis.,VED,,,,,,,,V,,,,SV SGE,AFOEV,STD,,,,,0.0,0.0
2444541.5,10.245295368,,,Vis.,HSG,,,,,,,,V,,,,SV SGE,,STD,,,,,0.0,0.0
2444541.6,10.435023060000002,,,Vis.,SC,,,,,,,,V,,,,SV SGE,,STD,,,,,0.0,0.0
2444542.5,10.245295368,,,Vis.,HSG,,,,,,,,V,,,,SV SGE,,STD,,,,,0.0,0.0
2444543.6,10.245295368,,,Vis.,HSG,,,,,,,,V,,,,SV SGE,,STD,,,,,0.0,0.0
2444544.25,10.150431522,,,Vis.,MIS,,,,,,,,V,,,,SV SGE,AFOEV,STD,,,,,0.0,0.0
2444544.3,10.529886906,,,Vis.,WLP,,,,,,,,V,,,,SV SGE,KNVWS,STD,,,,,0.0,0.0
2444544.4,10.435023060000002,,,Vis.,DMN,,,,,,,,V,,,,SV SGE,,STD,,,,,0.0,0.0
2444544.5,9.960703830000002,,,Vis.,GOP,,,,,,,,V,,,,SV SGE,,STD,,,,,0.0,0.0
2444544.5,10.435023060000002,,,Vis.,SHS,,,,,,,,V,,,,SV SGE,,STD,,,,,0.0,0.0
2444545.2,10.055567675999999,,,Vis.,VED,,,,,,,,V,,,,SV SGE,AFOEV,STD,,,,,0.0,0.0
2444546.54,9.960703830000002,,,Vis.,WSN,,,,,,,,V,,,,SV SGE,,STD,,,,,0.0,0.0
2444548.35,10.055567675999999,,,Vis.,OJR,,,,,,,,V,,,,SV SGE,,STD,,,,,0.0,0.0
2444549.28,10.055567675999999,,,Vis.,OJR,,,,,,,,V,,,,SV SGE,,STD,,,,,0.0,0.0
2444549.6,10.055567675999999,,,Vis.,GOP,,,,,,,,V,,,,SV SGE,,STD,,,,,0.0,0.0
2444550.6,9.960703830000002,,,Vis.,GOP,,,,,,,,V,,,,SV SGE,,STD,,,,,0.0,0.0
2444552.5,10.055567675999999,,,Vis.,BRJ,,,,,,,,V,,,,SV SGE,,STD,,,,,0.0,0.0
2444552.6,10.435023060000002,,,Vis.,SC,,,,,,,,V,,,,SV SGE,,STD,,,,,0.0,0.0
2444553.3,10.529886906,,,Vis.,WLP,,,,,,,,V,,,,SV SGE,KNVWS,STD,,,,,0.0,0.0
2444553.5,10.055567675999999,,,Vis.,GOP,,,,,,,,V,,,,SV SGE,,STD,,,,,0.0,0.0
2444553.6,10.529886906,,,Vis.,SC,,,,,,,,V,,,,SV SGE,,STD,,,,,0.0,0.0
2444554.6,10.624750751999999,,,Vis.,SC,,,,,,,,V,,,,SV SGE,,STD,,,,,0.0,0.0
2444555.6,10.529886906,,,Vis.,SC,,,,,,,,V,,,,SV SGE,,STD,,,,,0.0,0.0
2444556.5,9.960703830000002,,,Vis.,GOP,,,,,,,,V,,,,SV SGE,,STD,,,,,0.0,0.0
2444559.6,10.529886906,,,Vis.,SC,,,,,,,,V,,,,SV SGE,,STD,,,,,0.0,0.0
2444560.5,10.055567675999999,,,Vis.,BRJ,,,,,,,,V,,,,SV SGE,,STD,,,,,0.0,0.0
2444562.5,9.960703830000002,,,Vis.,GOP,,,,,,,,V,,,,SV SGE,,STD,,,,,0.0,0.0
2444563.5,9.960703830000002,,,Vis.,GOP,,,,,,,,V,,,,SV SGE,,STD,,,,,0.0,0.0
2444564.5,9.960703830000002,,,Vis.,GOP,,,,,,,,V,,,,SV SGE,,STD,,,,,0.0,0.0
2444565.6,10.435023060000002,,,Vis.,SC,,,,,,,,V,,,,SV SGE,,STD,,,,,0.0,0.0
2444567.2,10.340159214000003,,,Vis.,WLP,,,,,,,,V,,,,SV SGE,KNVWS,STD,,,,,0.0,0.0
2444571.25,10.055567675999999,,,Vis.,OJR,,,,,,,,V,,,,SV SGE,,STD,,,,,0.0,0.0
2444572.2,9.960703830000002,,,Vis.,VED,,,,,,,,V,,,,SV SGE,AFOEV,STD,,,,,0.0,0.0
2444572.27,10.055567675999999,,,Vis.,OJR,,,,,,,,V,,,,SV SGE,,STD,,,,,0.0,0.0
2444572.5,9.960703830000002,,,Vis.,GOP,,,,,,,,V,,,,SV SGE,,STD,,,,,0.0,0.0
2444574.3,10.435023060000002,,,Vis.,WLP,,,,,,,,V,,,,SV SGE,KNVWS,STD,,,,,0.0,0.0
2444574.5,9.960703830000002,,,Vis.,GOP,,,,,,,,V,,,,SV SGE,,STD,,,,,0.0,0.0
2444575.26,10.624750751999999,,,Vis.,OJR,,,,,,,,V,,,,SV SGE,,STD,,,,,0.0,0.0
2444577.25,10.529886906,,,Vis.,OJR,,,,,,,,V,,,,SV SGE,,STD,,,,,0.0,0.0
2444578.28,10.529886906,,,Vis.,OJR,,,,,,,,V,,,,SV SGE,,STD,,,,,0.0,0.0
2444579.27,10.529886906,,,Vis.,OJR,,,,,,,,V,,,,SV SGE,,STD,,,,,0.0,0.0
2444579.5,10.245295368,,,Vis.,BRJ,,,,,,,,V,,,,SV SGE,,STD,,,,,0.0,0.0
2444584.25,10.435023060000002,,,Vis.,OJR,,,,,,,,V,,,,SV SGE,,STD,,,,,0.0,0.0
2444585.25,10.435023060000002,,,Vis.,OJR,,,,,,,,V,,,,SV SGE,,STD,,,,,0.0,0.0
2444585.6,10.435023060000002,,,Vis.,SC,,,,,,,,V,,,,SV SGE,,STD,,,,,0.0,0.0
2444587.5,10.245295368,,,Vis.,HSG,,,,,,,,V,,,,SV SGE,,STD,,,,,0.0,0.0
2444588.5,10.150431522,,,Vis.,GOP,,,,,,,,V,,,,SV SGE,,STD,,,,,0.0,0.0
2444593.5,10.340159214000003,,,Vis.,HSG,,,,,,,,V,,,,SV SGE,,STD,,,,,0.0,0.0
2444597.35,10.529886906,,,Vis.,OJR,,,,,,,,V,,,,SV SGE,,STD,,,,,0.0,0.0
2444600.36,10.529886906,,,Vis.,OJR,,,,,,,,V,,,,SV SGE,,STD,,,,,0.0,0.0
2444601.2,10.529886906,,,Vis.,WLP,,,,,,,,V,,,,SV SGE,KNVWS,STD,,,,,0.0,0.0
2444665.9,11.38366152,,,Vis.,HSG,,,,,,,,V,,,,SV SGE,,STD,,,,,0.0,0.0
2444671.9,11.763116904,,,Vis.,HSG,,,,,,,,V,,,,SV SGE,,STD,,,,,0.0,0.0
2444709.66,11.288797674000001,,,Vis.,DUR,,,,,,,,V,,,,SV SGE,,STD,,,,,0.0,0.0
2444720.7,12.237436134000001,,,Vis.,SHS,,,,,,,,V,,,,SV SGE,,STD,,,,,0.0,0.0
2444723.63,11.573389212,,,Vis.,DUR,,,,,,,,V,,,,SV SGE,,STD,,,,,0.0,0.0
2444727.7,12.616891518,,,Vis.,SHS,,,,,,,,V,,,,SV SGE,,STD,,,,,0.0,0.0
2444729.61,12.33229998,,,Vis.,DUR,,,,,,,,V,,,,SV SGE,,STD,,,,,0.0,0.0
2444731.4,13.280938440000002,,,Vis.,VET,,,,,,,,V,,,,SV SGE,AFOEV,STD,,,,,0.0,0.0
2444748.6,12.806619210000003,,,Vis.,BRJ,,,,,,,,V,,,,SV SGE,,STD,,,,,0.0,0.0
2444751.39,12.522027672,,,Vis.,VET,,,,,,,,V,,,,SV SGE,AFOEV,STD,,,,,0.0,0.0
2444752.59,12.237436134000001,,,Vis.,DUR,,,,,,,,V,,,,SV SGE,,STD,,,,,0.0,0.0
2444755.39,13.280938440000002,,,Vis.,VET,,,,,,,,V,,,,SV SGE,AFOEV,STD,,,,,0.0,0.0
2444755.8,13.186074594,,,Vis.,BTR,,,,,,,,V,,,,SV SGE,,STD,,,,,0.0,0.0
2444756.6,12.616891518,,,Vis.,SHS,,,,,,,,V,,,,SV SGE,,STD,,,,,0.0,0.0
2444760.43,12.237436134000001,,,Vis.,MIS,,,,,,,,V,,,,SV SGE,AFOEV,STD,,,,,0.0,0.0
2444760.43,13.186074594,,,Vis.,VET,,,,,,,,V,,,,SV SGE,AFOEV,STD,,,,,0.0,0.0
2444761.43,12.237436134000001,,,Vis.,MIS,,,,,,,,V,,,,SV SGE,AFOEV,STD,,,,,0.0,0.0
2444761.48,11.38366152,,,Vis.,OJR,,,,,,,,V,,,,SV SGE,,STD,,,,,0.0,0.0
2444761.6,12.522027672,,,Vis.,DUR,,,,,,,,V,,,,SV SGE,,STD,,,,,0.0,0.0
2444762.5,12.806619210000003,,,Vis.,WLP,,,,,,,,V,,,,SV SGE,KNVWS,STD,,,,,0.0,0.0
2444762.6,12.616891518,,,Vis.,SHS,,,,,,,,V,,,,SV SGE,,STD,,,,,0.0,0.0
2444763.6,12.901483056000002,,,Vis.,BRJ,,,,,,,,V,,,,SV SGE,,STD,,,,,0.0,0.0
2444766.41,12.237436134000001,,,Vis.,MIS,,,,,,,,V,,,,SV SGE,AFOEV,STD,,,,,0.0,0.0
2444766.43,11.38366152,,,Vis.,OJR,,,,,,,,V,,,,SV SGE,,STD,,,,,0.0,0.0
2444767.42,12.237436134000001,,,Vis.,MIS,,,,,,,,V,,,,SV SGE,AFOEV,STD,,,,,0.0,0.0
2444767.57,11.952844595999998,,,Vis.,DUR,,,,,,,,V,,,,SV SGE,,STD,,,,,0.0,0.0
2444768.44,13.186074594,,,Vis.,WLP,,,,,,,,V,,,,SV SGE,KNVWS,STD,,,,,0.0,0.0
2444777.39,11.573389212,,,Vis.,MIS,,,,,,,,V,,,,SV SGE,AFOEV,STD,,,,,0.0,0.0
2444777.45,13.186074594,,,Vis.,VET,,,,,,,,V,,,,SV SGE,AFOEV,STD,,,,,0.0,0.0
2444778.4,12.237436134000001,,,Vis.,MIS,,,,,,,,V,,,,SV SGE,AFOEV,STD,,,,,0.0,0.0
2444782.52,12.237436134000001,,,Vis.,DUR,,,,,,,,V,,,,SV SGE,,STD,,,,,0.0,0.0
2444782.7,13.186074594,,,Vis.,GOP,,,,,,,,V,,,,SV SGE,,STD,,,,,0.0,0.0
2444783.8,12.711755364000002,,,Vis.,GOP,,,,,,,,V,,,,SV SGE,,STD,,,,,0.0,0.0
2444786.4,12.237436134000001,,,Vis.,MIS,,,,,,,,V,,,,SV SGE,AFOEV,STD,,,,,0.0,0.0
2444786.47,13.470666132,,,Vis.,VET,,,,,,,,V,,,,SV SGE,AFOEV,STD,,,,,0.0,0.0
2444787.4,12.237436134000001,,,Vis.,MIS,,,,,,,,V,,,,SV SGE,AFOEV,STD,,,,,0.0,0.0
2444789.41,11.38366152,,,Vis.,OJR,,,,,,,,V,,,,SV SGE,,STD,,,,,0.0,0.0
2444790.4,11.952844595999998,,,Vis.,VOL,,,,,,,,V,,,,SV SGE,AFOEV,STD,,,,,0.0,0.0
2444792.4,12.237436134000001,,,Vis.,MIS,,,,,,,,V,,,,SV SGE,AFOEV,STD,,,,,0.0,0.0
2444792.4,13.470666132,,,Vis.,VET,,,,,,,,V,,,,SV SGE,AFOEV,STD,,,,,0.0,0.0
2444792.45,10.814478444000002,,,Vis.,OJR,,,,,,,,V,,,,SV SGE,,STD,,,,,0.0,0.0
2444792.47,13.470666132,,,Vis.,WLP,,,,,,,,V,,,,SV SGE,KNVWS,STD,,,,,0.0,0.0
2444792.6,12.237436134000001,,,Vis.,SHS,,,,,,,,V,,,,SV SGE,,STD,,,,,0.0,0.0
2444793.4,12.237436134000001,,,Vis.,MIS,,,,,,,,V,,,,SV SGE,AFOEV,STD,,,,,0.0,0.0
2444793.4,13.660393824000002,,,Vis.,VET,,,,,,,,V,,,,SV SGE,AFOEV,STD,,,,,0.0,0.0
2444793.45,13.470666132,,,Vis.,WLP,,,,,,,,V,,,,SV SGE,KNVWS,STD,,,,,0.0,0.0
2444793.47,11.763116904,,,Vis.,MED,,,,,,,,V,,,,SV SGE,,STD,,,,,0.0,0.0
2444795.8,13.186074594,,,Vis.,BTR,,,,,,,,V,,,,SV SGE,,STD,,,,,0.0,0.0
2444796.6,13.186074594,,,Vis.,BRJ,,,,,,,,V,,,,SV SGE,,STD,,,,,0.0,0.0
2444799.46,10.814478444000002,,,Vis.,MED,,,,,,,,V,,,,SV SGE,,STD,,,,,0.0,0.0
2444800.41,12.237436134000001,,,Vis.,MIS,,,,,,,,V,,,,SV SGE,AFOEV,STD,,,,,0.0,0.0
2444802.38,11.573389212,,,Vis.,MIS,,,,,,,,V,,,,SV SGE,AFOEV,STD,,,,,0.0,0.0
2444802.6,12.237436134000001,,,Vis.,SHS,,,,,,,,V,,,,SV SGE,,STD,,,,,0.0,0.0
2444804.46,12.616891518,,,Vis.,WLP,,,,,,,,V,,,,SV SGE,KNVWS,STD,,,,,0.0,0.0
2444805.39,11.38366152,,,Vis.,OJR,,,,,,,,V,,,,SV SGE,,STD,,,,,0.0,0.0
2444806.39,12.237436134000001,,,Vis.,MIS,,,,,,,,V,,,,SV SGE,AFOEV,STD,,,,,0.0,0.0
2444806.39,11.38366152,,,Vis.,OJR,,,,,,,,V,,,,SV SGE,,STD,,,,,0.0,0.0
2444806.4,13.280938440000002,,,Vis.,VET,,,,,,,,V,,,,SV SGE,AFOEV,STD,,,,,0.0,0.0
2444807.38,11.573389212,,,Vis.,MIS,,,,,,,,V,,,,SV SGE,AFOEV,STD,,,,,0.0,0.0
2444807.4,13.375802286,,,Vis.,VET,,,,,,,,V,,,,SV SGE,AFOEV,STD,,,,,0.0,0.0
2444813.4,12.237436134000001,,,Vis.,MIS,,,,,,,,V,,,,SV SGE,AFOEV,STD,,,,,0.0,0.0
2444814.31,11.38366152,,,Vis.,OJR,,,,,,,,V,,,,SV SGE,,STD,,,,,0.0,0.0
2444814.38,12.237436134000001,,,Vis.,MIS,,,,,,,,V,,,,SV SGE,AFOEV,STD,,,,,0.0,0.0
2444814.4,12.237436134000001,,,Vis.,SCZ,,,,,,,,V,,,,SV SGE,AFOEV,STD,,,,,0.0,0.0
2444814.4,12.237436134000001,,,Vis.,VED,,,,,,,,V,,,,SV SGE,AFOEV,STD,,,,,0.0,0.0
2444814.4,13.186074594,,,Vis.,VET,,,,,,,,V,,,,SV SGE,AFOEV,STD,,,,,0.0,0.0
2444815.38,12.237436134000001,,,Vis.,MIS,,,,,,,,V,,,,SV SGE,AFOEV,STD,,,,,0.0,0.0
2444815.4,13.375802286,,,Vis.,VET,,,,,,,,V,,,,SV SGE,AFOEV,STD,,,,,0.0,0.0
2444815.43,13.375802286,,,Vis.,WLP,,,,,,,,V,,,,SV SGE,KNVWS,STD,,,,,0.0,0.0
2444815.6,12.237436134000001,,,Vis.,SHS,,,,,,,,V,,,,SV SGE,,STD,,,,,0.0,0.0
2444816.0,12.616891518,,,Vis.,KOA,,,,,,,,V,,,,SV SGE,,STD,,,,,0.0,0.0
2444816.41,13.565529978000002,,,Vis.,WLP,,,,,,,,V,,,,SV SGE,KNVWS,STD,,,,,0.0,0.0
2444816.5,13.186074594,,,Vis.,VET,,,,,,,,V,,,,SV SGE,AFOEV,STD,,,,,0.0,0.0
2444816.7,12.616891518,,,Vis.,GOP,,,,,,,,V,,,,SV SGE,,STD,,,,,0.0,0.0
2444818.0,12.616891518,,,Vis.,KOA,,,,,,,,V,,,,SV SGE,,STD,,,,,0.0,0.0
2444819.4,14.039849208000001,,,Vis.,VET,,,,,,,,V,,,,SV SGE,AFOEV,STD,,,,,0.0,0.0
2444820.4,13.470666132,,,Vis.,VET,,,,,,,,V,,,,SV SGE,AFOEV,STD,,,,,0.0,0.0
2444821.4,13.186074594,,,Vis.,VET,,,,,,,,V,,,,SV SGE,AFOEV,STD,,,,,0.0,0.0
2444822.0,12.616891518,,,Vis.,KOA,,,,,,,,V,,,,SV SGE,,STD,,,,,0.0,0.0
2444823.4,13.280938440000002,,,Vis.,VET,,,,,,,,V,,,,SV SGE,AFOEV,STD,,,,,0.0,0.0
2444823.8,13.186074594,,,Vis.,BTR,,,,,,,,V,,,,SV SGE,,STD,,,,,0.0,0.0
2444824.4,13.186074594,,,Vis.,VET,,,,,,,,V,,,,SV SGE,AFOEV,STD,,,,,0.0,0.0
2444824.8,12.901483056000002,,,Vis.,GOP,,,,,,,,V,,,,SV SGE,,STD,,,,,0.0,0.0
2444826.0,12.237436134000001,,,Vis.,KOA,,,,,,,,V,,,,SV SGE,,STD,,,,,0.0,0.0
2444832.4,12.237436134000001,,,Vis.,VET,,,,,,,,V,,,,SV SGE,AFOEV,STD,,,,,0.0,0.0
2444833.6,12.901483056000002,,,Vis.,BRJ,,,,,,,,V,,,,SV SGE,,STD,,,,,0.0,0.0
2444835.4,13.186074594,,,Vis.,VET,,,,,,,,V,,,,SV SGE,AFOEV,STD,,,,,0.0,0.0
2444835.6,12.616891518,,,Vis.,HK,,,,,,,,V,,,,SV SGE,,STD,,,,,0.0,0.0
2444836.4,13.375802286,,,Vis.,VET,,,,,,,,V,,,,SV SGE,AFOEV,STD,,,,,0.0,0.0
2444837.5,12.237436134000001,,,Vis.,SHS,,,,,,,,V,,,,SV SGE,,STD,,,,,0.0,0.0
2444837.7,13.186074594,,,Vis.,WER,,,,,,,,V,,,,SV SGE,,STD,,,,,0.0,0.0
2444838.1,12.616891518,,,Vis.,KOA,,,,,,,,V,,,,SV SGE,,STD,,,,,0.0,0.0
2444838.4,13.091210748,,,Vis.,VET,,,,,,,,V,,,,SV SGE,AFOEV,STD,,,,,0.0,0.0
2444838.6,13.186074594,,,Vis.,WER,,,,,,,,V,,,,SV SGE,,STD,,,,,0.0,0.0
2444840.39,12.237436134000001,,,Vis.,MIS,,,,,,,,V,,,,SV SGE,AFOEV,STD,,,,,0.0,0.0
2444840.39,13.470666132,,,Vis.,WLP,,,,,,,,V,,,,SV SGE,KNVWS,STD,,,,,0.0,0.0
2444840.6,13.375802286,,,Vis.,WER,,,,,,,,V,,,,SV SGE,,STD,,,,,0.0,0.0
2444841.4,13.280938440000002,,,Vis.,VET,,,,,,,,V,,,,SV SGE,AFOEV,STD,,,,,0.0,0.0
2444842.35,12.237436134000001,,,Vis.,MIS,,,,,,,,V,,,,SV SGE,AFOEV,STD,,,,,0.0,0.0
2444842.4,12.237436134000001,,,Vis.,GUN,,,,,,,,V,,,,SV SGE,AFOEV,STD,,,,,0.0,0.0
2444842.4,12.901483056000002,,,Vis.,VET,,,,,,,,V,,,,SV SGE,AFOEV,STD,,,,,0.0,0.0
2444843.34,12.237436134000001,,,Vis.,MIS,,,,,,,,V,,,,SV SGE,AFOEV,STD,,,,,0.0,0.0
2444843.4,13.186074594,,,Vis.,VET,,,,,,,,V,,,,SV SGE,AFOEV,STD,,,,,0.0,0.0
2444843.6,13.186074594,,,Vis.,WER,,,,,,,,V,,,,SV SGE,,STD,,,,,0.0,0.0
2444844.37,12.237436134000001,,,Vis.,MIS,,,,,,,,V,,,,SV SGE,AFOEV,STD,,,,,0.0,0.0
2444844.4,13.186074594,,,Vis.,VET,,,,,,,,V,,,,SV SGE,AFOEV,STD,,,,,0.0,0.0
2444844.6,13.375802286,,,Vis.,WER,,,,,,,,V,,,,SV SGE,,STD,,,,,0.0,0.0
2444845.34,12.237436134000001,,,Vis.,MIS,,,,,,,,V,,,,SV SGE,AFOEV,STD,,,,,0.0,0.0
2444845.4,13.470666132,,,Vis.,VET,,,,,,,,V,,,,SV SGE,AFOEV,STD,,,,,0.0,0.0
2444845.6,13.186074594,,,Vis.,WER,,,,,,,,V,,,,SV SGE,,STD,,,,,0.0,0.0
2444846.4,13.470666132,,,Vis.,VET,,,,,,,,V,,,,SV SGE,AFOEV,STD,,,,,0.0,0.0
2444846.6,13.470666132,,,Vis.,WER,,,,,,,,V,,,,SV SGE,,STD,,,,,0.0,0.0
2444847.36,12.237436134000001,,,Vis.,MIS,,,,,,,,V,,,,SV SGE,AFOEV,STD,,,,,0.0,0.0
2444847.4,13.186074594,,,Vis.,VET,,,,,,,,V,,,,SV SGE,AFOEV,STD,,,,,0.0,0.0
2444847.6,13.470666132,,,Vis.,WER,,,,,,,,V,,,,SV SGE,,STD,,,,,0.0,0.0
2444848.0,12.616891518,,,Vis.,KOA,,,,,,,,V,,,,SV SGE,,STD,,,,,0.0,0.0
2444849.6,13.186074594,,,Vis.,WER,,,,,,,,V,,,,SV SGE,,STD,,,,,0.0,0.0
2444850.6,13.186074594,,,Vis.,WER,,,,,,,,V,,,,SV SGE,,STD,,,,,0.0,0.0
2444851.35,13.375802286,,,Vis.,VET,,,,,,,,V,,,,SV SGE,AFOEV,STD,,,,,0.0,0.0
2444851.38,13.280938440000002,,,Vis.,WLP,,,,,,,,V,,,,SV SGE,KNVWS,STD,,,,,0.0,0.0
2444852.38,13.280938440000002,,,Vis.,WLP,,,,,,,,V,,,,SV SGE,KNVWS,STD,,,,,0.0,0.0
2444852.8,13.186074594,,,Vis.,WER,,,,,,,,V,,,,SV SGE,,STD,,,,,0.0,0.0
2444853.34,12.237436134000001,,,Vis.,MIS,,,,,,,,V,,,,SV SGE,AFOEV,STD,,,,,0.0,0.0
2444853.34,13.280938440000002,,,Vis.,VET,,,,,,,,V,,,,SV SGE,AFOEV,STD,,,,,0.0,0.0
2444854.33,12.237436134000001,,,Vis.,MIS,,,,,,,,V,,,,SV SGE,AFOEV,STD,,,,,0.0,0.0
2444854.35,13.091210748,,,Vis.,VET,,,,,,,,V,,,,SV SGE,AFOEV,STD,,,,,0.0,0.0
2444855.6,12.616891518,,,Vis.,WER,,,,,,,,V,,,,SV SGE,,STD,,,,,0.0,0.0
2444856.6,12.237436134000001,,,Vis.,HSG,,,,,,,,V,,,,SV SGE,,STD,,,,,0.0,0.0
2444856.6,12.237436134000001,,,Vis.,WER,,,,,,,,V,,,,SV SGE,,STD,,,,,0.0,0.0
2444857.5,12.901483056000002,,,Vis.,BRJ,,,,,,,,V,,,,SV SGE,,STD,,,,,0.0,0.0
2444857.6,12.237436134000001,,,Vis.,HSG,,,,,,,,V,,,,SV SGE,,STD,,,,,0.0,0.0
2444857.6,12.616891518,,,Vis.,WER,,,,,,,,V,,,,SV SGE,,STD,,,,,0.0,0.0
2444858.3,13.186074594,,,Vis.,VET,,,,,,,,V,,,,SV SGE,AFOEV,STD,,,,,0.0,0.0
2444858.37,11.573389212,,,Vis.,MIS,,,,,,,,V,,,,SV SGE,AFOEV,STD,,,,,0.0,0.0
2444858.6,11.573389212,,,Vis.,HSG,,,,,,,,V,,,,SV SGE,,STD,,,,,0.0,0.0
2444861.3,12.711755364000002,,,Vis.,VET,,,,,,,,V,,,,SV SGE,AFOEV,STD,,,,,0.0,0.0
2444862.6,12.237436134000001,,,Vis.,WER,,,,,,,,V,,,,SV SGE,,STD,,,,,0.0,0.0
2444864.3,13.186074594,,,Vis.,VET,,,,,,,,V,,,,SV SGE,AFOEV,STD,,,,,0.0,0.0
2444864.33,12.237436134000001,,,Vis.,MIS,,,,,,,,V,,,,SV SGE,AFOEV,STD,,,,,0.0,0.0
2444864.6,13.375802286,,,Vis.,WER,,,,,,,,V,,,,SV SGE,,STD,,,,,0.0,0.0
2444865.3,13.091210748,,,Vis.,VET,,,,,,,,V,,,,SV SGE,AFOEV,STD,,,,,0.0,0.0
2444865.32,12.237436134000001,,,Vis.,MIS,,,,,,,,V,,,,SV SGE,AFOEV,STD,,,,,0.0,0.0
2444865.6,13.186074594,,,Vis.,WER,,,,,,,,V,,,,SV SGE,,STD,,,,,0.0,0.0
2444866.3,13.091210748,,,Vis.,VET,,,,,,,,V,,,,SV SGE,AFOEV,STD,,,,,0.0,0.0
2444866.36,13.375802286,,,Vis.,WLP,,,,,,,,V,,,,SV SGE,KNVWS,STD,,,,,0.0,0.0
2444866.6,13.186074594,,,Vis.,WER,,,,,,,,V,,,,SV SGE,,STD,,,,,0.0,0.0
2444867.6,13.186074594,,,Vis.,WER,,,,,,,,V,,,,SV SGE,,STD,,,,,0.0,0.0
2444868.3,13.091210748,,,Vis.,VET,,,,,,,,V,,,,SV SGE,AFOEV,STD,,,,,0.0,0.0
2444868.32,12.237436134000001,,,Vis.,MIS,,,,,,,,V,,,,SV SGE,AFOEV,STD,,,,,0.0,0.0
2444868.4,11.38366152,,,Vis.,OJR,,,,,,,,V,,,,SV SGE,,STD,,,,,0.0,0.0
2444868.6,13.470666132,,,Vis.,WER,,,,,,,,V,,,,SV SGE,,STD,,,,,0.0,0.0
2444868.7,12.616891518,,,Vis.,GOP,,,,,,,,V,,,,SV SGE,,STD,,,,,0.0,0.0
2444870.6,12.616891518,,,Vis.,SHS,,,,,,,,V,,,,SV SGE,,STD,,,,,0.0,0.0
2444870.6,13.186074594,,,Vis.,WER,,,,,,,,V,,,,SV SGE,,STD,,,,,0.0,0.0
2444870.7,12.616891518,,,Vis.,HK,,,,,,,,V,,,,SV SGE,,STD,,,,,0.0,0.0
2444871.3,12.427163826,,,Vis.,SCZ,,,,,,,,V,,,,SV SGE,AFOEV,STD,,,,,0.0,0.0
2444871.3,12.901483056000002,,,Vis.,VET,,,,,,,,V,,,,SV SGE,AFOEV,STD,,,,,0.0,0.0
2444871.33,12.237436134000001,,,Vis.,MIS,,,,,,,,V,,,,SV SGE,AFOEV,STD,,,,,0.0,0.0
2444871.33,13.375802286,,,Vis.,WLP,,,,,,,,V,,,,SV SGE,KNVWS,STD,,,,,0.0,0.0
2444871.4,11.38366152,,,Vis.,OJR,,,,,,,,V,,,,SV SGE,,STD,,,,,0.0,0.0
2444872.3,12.237436134000001,,,Vis.,MIS,,,,,,,,V,,,,SV SGE,AFOEV,STD,,,,,0.0,0.0
2444872.3,13.091210748,,,Vis.,VET,,,,,,,,V,,,,SV SGE,AFOEV,STD,,,,,0.0,0.0
2444873.3,13.091210748,,,Vis.,VET,,,,,,,,V,,,,SV SGE,AFOEV,STD,,,,,0.0,0.0
2444873.32,12.237436134000001,,,Vis.,MIS,,,,,,,,V,,,,SV SGE,AFOEV,STD,,,,,0.0,0.0
2444873.5,13.75525767,,,Vis.,BRJ,C,,,,,,,V,,,,SV SGE,,STD,,,,,0.0,0.0
2444873.6,13.470666132,,,Vis.,WER,,,,,,,,V,,,,SV SGE,,STD,,,,,0.0,0.0
2444874.6,13.470666132,,,Vis.,WER,,,,,,,,V,,,,SV SGE,,STD,,,,,0.0,0.0
2444875.33,13.280938440000002,,,Vis.,WLP,,,,,,,,V,,,,SV SGE,KNVWS,STD,,,,,0.0,0.0
2444875.6,13.186074594,,,Vis.,WER,,,,,,,,V,,,,SV SGE,,STD,,,,,0.0,0.0
2444876.3,12.996346902,,,Vis.,VET,,,,,,,,V,,,,SV SGE,AFOEV,STD,,,,,0.0,0.0
2444876.31,13.280938440000002,,,Vis.,WLP,,,,,,,,V,,,,SV SGE,KNVWS,STD,,,,,0.0,0.0
2444876.5,13.186074594,,,Vis.,SHS,,,,,,,,V,,,,SV SGE,,STD,,,,,0.0,0.0
2444876.6,13.186074594,,,Vis.,WER,,,,,,,,V,,,,SV SGE,,STD,,,,,0.0,0.0
2444877.3,12.806619210000003,,,Vis.,VET,,,,,,,,V,,,,SV SGE,AFOEV,STD,,,,,0.0,0.0
2444877.36,11.573389212,,,Vis.,MIS,,,,,,,,V,,,,SV SGE,AFOEV,STD,,,,,0.0,0.0
2444878.3,12.806619210000003,,,Vis.,VET,,,,,,,,V,,,,SV SGE,AFOEV,STD,,,,,0.0,0.0
2444878.33,12.237436134000001,,,Vis.,MIS,,,,,,,,V,,,,SV SGE,AFOEV,STD,,,,,0.0,0.0
2444879.6,13.375802286,,,Vis.,WER,,,,,,,,V,,,,SV SGE,,STD,,,,,0.0,0.0
2444880.0,12.616891518,,,Vis.,KOA,,,,,,,,V,,,,SV SGE,,STD,,,,,0.0,0.0
2444880.3,11.573389212,,,Vis.,OJR,,,,,,,,V,,,,SV SGE,,STD,,,,,0.0,0.0
2444880.42,12.806619210000003,,,Vis.,VET,,,,,,,,V,,,,SV SGE,AFOEV,STD,,,,,0.0,0.0
2444881.0,12.616891518,,,Vis.,KOA,,,,,,,,V,,,,SV SGE,,STD,,,,,0.0,0.0
2444881.3,11.763116904,,,Vis.,VED,,,,,,,,V,,,,SV SGE,AFOEV,STD,,,,,0.0,0.0
2444881.31,12.806619210000003,,,Vis.,VET,,,,,,,,V,,,,SV SGE,AFOEV,STD,,,,,0.0,0.0
2444881.5,13.091210748,,,Vis.,SHS,,,,,,,,V,,,,SV SGE,,STD,,,,,0.0,0.0
2444881.6,13.186074594,,,Vis.,WER,,,,,,,,V,,,,SV SGE,,STD,,,,,0.0,0.0
2444882.6,13.375802286,,,Vis.,WER,,,,,,,,V,,,,SV SGE,,STD,,,,,0.0,0.0
2444883.31,12.806619210000003,,,Vis.,VET,,,,,,,,V,,,,SV SGE,AFOEV,STD,,,,,0.0,0.0
2444883.36,12.237436134000001,,,Vis.,MIS,,,,,,,,V,,,,SV SGE,AFOEV,STD,,,,,0.0,0.0
2444885.33,12.237436134000001,,,Vis.,MIS,,,,,,,,V,,,,SV SGE,AFOEV,STD,,,,,0.0,0.0
2444885.4,12.806619210000003,,,Vis.,VET,,,,,,,,V,,,,SV SGE,AFOEV,STD,,,,,0.0,0.0
2444885.6,13.280938440000002,,,Vis.,WER,,,,,,,,V,,,,SV SGE,,STD,,,,,0.0,0.0
2444886.3,12.806619210000003,,,Vis.,VET,,,,,,,,V,,,,SV SGE,AFOEV,STD,,,,,0.0,0.0
2444887.6,12.616891518,,,Vis.,WER,,,,,,,,V,,,,SV SGE,,STD,,,,,0.0,0.0
2444887.9,12.237436134000001,,,Vis.,KOA,,,,,,,,V,,,,SV SGE,,STD,,,,,0.0,0.0
2444889.3,12.901483056000002,,,Vis.,VET,,,,,,,,V,,,,SV SGE,AFOEV,STD,,,,,0.0,0.0
2444890.3,12.806619210000003,,,Vis.,VET,,,,,,,,V,,,,SV SGE,AFOEV,STD,,,,,0.0,0.0
2444891.3,11.38366152,,,Vis.,OJR,,,,,,,,V,,,,SV SGE,,STD,,,,,0.0,0.0
2444892.2,11.38366152,,,Vis.,OJR,,,,,,,,V,,,,SV SGE,,STD,,,,,0.0,0.0
2444893.9,12.616891518,,,Vis.,KOA,,,,,,,,V,,,,SV SGE,,STD,,,,,0.0,0.0
2444894.3,12.806619210000003,,,Vis.,VET,,,,,,,,V,,,,SV SGE,AFOEV,STD,,,,,0.0,0.0
2444894.5,13.280938440000002,,,Vis.,BRJ,,,,,,,,V,,,,SV SGE,,STD,,,,,0.0,0.0
2444895.0,12.237436134000001,,,Vis.,KOA,,,,,,,,V,,,,SV SGE,,STD,,,,,0.0,0.0
2444895.27,12.237436134000001,,,Vis.,MIS,,,,,,,,V,,,,SV SGE,AFOEV,STD,,,,,0.0,0.0
2444895.3,12.901483056000002,,,Vis.,VET,,,,,,,,V,,,,SV SGE,AFOEV,STD,,,,,0.0,0.0
2444895.6,13.091210748,,,Vis.,WER,,,,,,,,V,,,,SV SGE,,STD,,,,,0.0,0.0
2444896.3,12.901483056000002,,,Vis.,VET,,,,,,,,V,,,,SV SGE,AFOEV,STD,,,,,0.0,0.0
2444896.6,13.186074594,,,Vis.,WER,,,,,,,,V,,,,SV SGE,,STD,,,,,0.0,0.0
2444897.2,11.38366152,,,Vis.,OJR,,,,,,,,V,,,,SV SGE,,STD,,,,,0.0,0.0
2444897.3,12.901483056000002,,,Vis.,VET,,,,,,,,V,,,,SV SGE,AFOEV,STD,,,,,0.0,0.0
2444897.31,12.237436134000001,,,Vis.,MIS,,,,,,,,V,,,,SV SGE,AFOEV,STD,,,,,0.0,0.0
2444897.4,13.280938440000002,,,Vis.,SHS,,,,,,,,V,,,,SV SGE,,STD,,,,,0.0,0.0
2444897.6,13.186074594,,,Vis.,WER,,,,,,,,V,,,,SV SGE,,STD,,,,,0.0,0.0
2444898.6,13.280938440000002,,,Vis.,WER,,,,,,,,V,,,,SV SGE,,STD,,,,,0.0,0.0
2444899.26,12.237436134000001,,,Vis.,MIS,,,,,,,,V,,,,SV SGE,AFOEV,STD,,,,,0.0,0.0
2444899.3,12.806619210000003,,,Vis.,VET,,,,,,,,V,,,,SV SGE,AFOEV,STD,,,,,0.0,0.0
2444900.3,11.38366152,,,Vis.,OJR,,,,,,,,V,,,,SV SGE,,STD,,,,,0.0,0.0
2444900.3,12.806619210000003,,,Vis.,VET,,,,,,,,V,,,,SV SGE,AFOEV,STD,,,,,0.0,0.0
2444900.33,11.573389212,,,Vis.,MIS,,,,,,,,V,,,,SV SGE,AFOEV,STD,,,,,0.0,0.0
2444900.6,13.186074594,,,Vis.,WER,,,,,,,,V,,,,SV SGE,,STD,,,,,0.0,0.0
2444900.9,12.616891518,,,Vis.,KOA,,,,,,,,V,,,,SV SGE,,STD,,,,,0.0,0.0
2444901.2,11.38366152,,,Vis.,OJR,,,,,,,,V,,,,SV SGE,,STD,,,,,0.0,0.0
2444901.3,12.901483056000002,,,Vis.,VET,,,,,,,,V,,,,SV SGE,AFOEV,STD,,,,,0.0,0.0
2444901.6,13.186074594,,,Vis.,WER,,,,,,,,V,,,,SV SGE,,STD,,,,,0.0,0.0
2444903.0,12.616891518,,,Vis.,KOA,,,,,,,,V,,,,SV SGE,,STD,,,,,0.0,0.0
2444903.6,13.186074594,,,Vis.,WER,,,,,,,,V,,,,SV SGE,,STD,,,,,0.0,0.0
2444904.2,10.814478444000002,,,Vis.,OJR,,,,,,,,V,,,,SV SGE,,STD,,,,,0.0,0.0
2444904.6,13.280938440000002,,,Vis.,WER,,,,,,,,V,,,,SV SGE,,STD,,,,,0.0,0.0
2444906.3,12.237436134000001,,,Vis.,VET,,,,,,,,V,,,,SV SGE,AFOEV,STD,,,,,0.0,0.0
2444906.6,13.280938440000002,,,Vis.,WER,,,,,,,,V,,,,SV SGE,,STD,,,,,0.0,0.0
2444908.4,12.616891518,,,Vis.,SHS,,,,,,,,V,,,,SV SGE,,STD,,,,,0.0,0.0
2444908.6,13.186074594,,,Vis.,WER,,,,,,,,V,,,,SV SGE,,STD,,,,,0.0,0.0
2444909.9,12.237436134000001,,,Vis.,KOA,,,,,,,,V,,,,SV SGE,,STD,,,,,0.0,0.0
2444910.3,12.806619210000003,,,Vis.,VET,,,,,,,,V,,,,SV SGE,AFOEV,STD,,,,,0.0,0.0
2444911.2,11.38366152,,,Vis.,OJR,,,,,,,,V,,,,SV SGE,,STD,,,,,0.0,0.0
2444911.27,12.237436134000001,,,Vis.,MIS,,,,,,,,V,,,,SV SGE,AFOEV,STD,,,,,0.0,0.0
2444911.3,12.901483056000002,,,Vis.,VET,,,,,,,,V,,,,SV SGE,AFOEV,STD,,,,,0.0,0.0
2444911.6,13.186074594,,,Vis.,BRJ,,,,,,,,V,,,,SV SGE,,STD,,,,,0.0,0.0
2444912.2,11.38366152,,,Vis.,OJR,,,,,,,,V,,,,SV SGE,,STD,,,,,0.0,0.0
2444912.3,12.806619210000003,,,Vis.,VET,,,,,,,,V,,,,SV SGE,AFOEV,STD,,,,,0.0,0.0
2444912.6,12.901483056000002,,,Vis.,GOP,,,,,,,,V,,,,SV SGE,,STD,,,,,0.0,0.0
2444912.6,13.186074594,,,Vis.,WER,,,,,,,,V,,,,SV SGE,,STD,,,,,0.0,0.0
2444913.2,10.814478444000002,,,Vis.,OJR,,,,,,,,V,,,,SV SGE,,STD,,,,,0.0,0.0
2444913.6,13.186074594,,,Vis.,WER,,,,,,,,V,,,,SV SGE,,STD,,,,,0.0,0.0
2444914.6,13.186074594,,,Vis.,WER,,,,,,,,V,,,,SV SGE,,STD,,,,,0.0,0.0
2444915.2,10.814478444000002,,,Vis.,OJR,,,,,,,,V,,,,SV SGE,,STD,,,,,0.0,0.0
2444915.3,12.806619210000003,,,Vis.,VET,,,,,,,,V,,,,SV SGE,AFOEV,STD,,,,,0.0,0.0
2444916.3,12.901483056000002,,,Vis.,VET,,,,,,,,V,,,,SV SGE,AFOEV,STD,,,,,0.0,0.0
2444917.3,12.806619210000003,,,Vis.,VET,,,,,,,,V,,,,SV SGE,AFOEV,STD,,,,,0.0,0.0
2444917.5,13.091210748,,,Vis.,BRJ,,,,,,,,V,,,,SV SGE,,STD,,,,,0.0,0.0
2444918.3,12.901483056000002,,,Vis.,VET,,,,,,,,V,,,,SV SGE,AFOEV,STD,,,,,0.0,0.0
2444919.3,12.901483056000002,,,Vis.,VET,,,,,,,,V,,,,SV SGE,AFOEV,STD,,,,,0.0,0.0
2444919.5,12.237436134000001,,,Vis.,WER,,,,,,,,V,,,,SV SGE,,STD,,,,,0.0,0.0
2444920.3,12.996346902,,,Vis.,VET,,,,,,,,V,,,,SV SGE,AFOEV,STD,,,,,0.0,0.0
2444921.5,12.616891518,,,Vis.,WER,,,,,,,,V,,,,SV SGE,,STD,,,,,0.0,0.0
2444923.3,12.996346902,,,Vis.,VET,,,,,,,,V,,,,SV SGE,AFOEV,STD,,,,,0.0,0.0
2444924.23,11.573389212,,,Vis.,MIS,,,,,,,,V,,,,SV SGE,AFOEV,STD,,,,,0.0,0.0
2444924.3,12.996346902,,,Vis.,VET,,,,,,,,V,,,,SV SGE,AFOEV,STD,,,,,0.0,0.0
2444924.4,13.470666132,,,Vis.,SHS,,,,,,,,V,,,,SV SGE,,STD,,,,,0.0,0.0
2444924.5,13.186074594,,,Vis.,WER,,,,,,,,V,,,,SV SGE,,STD,,,,,0.0,0.0
2444925.5,13.280938440000002,,,Vis.,WER,,,,,,,,V,,,,SV SGE,,STD,,,,,0.0,0.0
2444926.9,12.237436134000001,,,Vis.,KOA,,,,,,,,V,,,,SV SGE,,STD,,,,,0.0,0.0
2444927.5,13.280938440000002,,,Vis.,WER,,,,,,,,V,,,,SV SGE,,STD,,,,,0.0,0.0
2444928.3,12.996346902,,,Vis.,VET,,,,,,,,V,,,,SV SGE,AFOEV,STD,,,,,0.0,0.0
2444929.3,13.091210748,,,Vis.,VET,,,,,,,,V,,,,SV SGE,AFOEV,STD,,,,,0.0,0.0
2444929.5,13.186074594,,,Vis.,WER,,,,,,,,V,,,,SV SGE,,STD,,,,,0.0,0.0
2444930.3,13.280938440000002,,,Vis.,VET,,,,,,,,V,,,,SV SGE,AFOEV,STD,,,,,0.0,0.0
2444930.5,13.186074594,,,Vis.,WER,,,,,,,,V,,,,SV SGE,,STD,,,,,0.0,0.0
2444931.3,13.091210748,,,Vis.,VET,,,,,,,,V,,,,SV SGE,AFOEV,STD,,,,,0.0,0.0
2444932.5,13.186074594,,,Vis.,BRJ,,,,,,,,V,,,,SV SGE,,STD,,,,,0.0,0.0
2444932.5,13.280938440000002,,,Vis.,WER,,,,,,,,V,,,,SV SGE,,STD,,,,,0.0,0.0
2444933.5,12.616891518,,,Vis.,GOP,,,,,,,,V,,,,SV SGE,,STD,,,,,0.0,0.0
2444935.3,13.470666132,,,Vis.,VET,,,,,,,,V,,,,SV SGE,AFOEV,STD,,,,,0.0,0.0
2444935.5,13.375802286,,,Vis.,WER,,,,,,,,V,,,,SV SGE,,STD,,,,,0.0,0.0
2444940.9,12.237436134000001,,,Vis.,KOA,,,,,,,,V,,,,SV SGE,,STD,,,,,0.0,0.0
2444942.27,13.280938440000002,,,Vis.,VET,,,,,,,,V,,,,SV SGE,AFOEV,STD,,,,,0.0,0.0
2444942.5,13.375802286,,,Vis.,WER,,,,,,,,V,,,,SV SGE,,STD,,,,,0.0,0.0
2444943.45,10.814478444000002,,,Vis.,OJR,,,,,,,,V,,,,SV SGE,,STD,,,,,0.0,0.0
2444943.5,12.616891518,,,Vis.,WER,,,,,,,,V,,,,SV SGE,,STD,,,,,0.0,0.0
2445003.74,13.280938440000002,,,Vis.,VET,,,,,,,,V,,,,SV SGE,AFOEV,STD,,,,,0.0,0.0
2445035.69,12.616891518,,,Vis.,VET,,,,,,,,V,,,,SV SGE,AFOEV,STD,,,,,0.0,0.0
2445037.6,12.616891518,,,Vis.,MZS,,,,,,,,V,,,,SV SGE,MCSE,STD,,,,,0.0,0.0
2445059.9,12.237436134000001,,,Vis.,HSG,,,,,,,,V,,,,SV SGE,,STD,,,,,0.0,0.0
2445060.9,12.237436134000001,,,Vis.,HSG,,,,,,,,V,,,,SV SGE,,STD,,,,,0.0,0.0
2445073.4,12.616891518,,,Vis.,WLP,,,,,,,,V,,,,SV SGE,KNVWS,STD,,,,,0.0,0.0
2445076.61,12.33229998,,,Vis.,VET,,,,,,,,V,,,,SV SGE,AFOEV,STD,,,,,0.0,0.0
2445078.7,11.573389212,,,Vis.,SHS,,,,,,,,V,,,,SV SGE,,STD,,,,,0.0,0.0
2445080.63,11.952844595999998,,,Vis.,VET,,,,,,,,V,,,,SV SGE,AFOEV,STD,,,,,0.0,0.0
2445087.6,12.522027672,,,Vis.,SHS,,,,,,,,V,,,,SV SGE,,STD,,,,,0.0,0.0
2445101.37,11.668253058000001,,,Vis.,VET,,,,,,,,V,,,,SV SGE,AFOEV,STD,,,,,0.0,0.0
2445102.36,11.478525366,,,Vis.,VET,,,,,,,,V,,,,SV SGE,AFOEV,STD,,,,,0.0,0.0
2445103.36,11.38366152,,,Vis.,VET,,,,,,,,V,,,,SV SGE,AFOEV,STD,,,,,0.0,0.0
2445104.4,11.668253058000001,,,Vis.,VET,,,,,,,,V,,,,SV SGE,AFOEV,STD,,,,,0.0,0.0
2445104.6,11.38366152,,,Vis.,BRJ,,,,,,,,V,,,,SV SGE,,STD,,,,,0.0,0.0
2445110.36,11.38366152,,,Vis.,VET,,,,,,,,V,,,,SV SGE,AFOEV,STD,,,,,0.0,0.0
2445114.37,11.193933828000004,,,Vis.,VET,,,,,,,,V,,,,SV SGE,AFOEV,STD,,,,,0.0,0.0
2445115.37,11.288797674000001,,,Vis.,VET,,,,,,,,V,,,,SV SGE,AFOEV,STD,,,,,0.0,0.0
2445115.4,12.047708442000003,,,Vis.,SCZ,,,,,,,,V,,,,SV SGE,AFOEV,STD,,,,,0.0,0.0
2445116.37,11.668253058000001,,,Vis.,VET,,,,,,,,V,,,,SV SGE,AFOEV,STD,,,,,0.0,0.0
2445116.4,12.047708442000003,,,Vis.,SCZ,,,,,,,,V,,,,SV SGE,AFOEV,STD,,,,,0.0,0.0
2445116.6,12.047708442000003,,,Vis.,BRJ,,,,,,,,V,,,,SV SGE,,STD,,,,,0.0,0.0
2445118.44,11.573389212,,,Vis.,WLP,,,,,,,,V,,,,SV SGE,KNVWS,STD,,,,,0.0,0.0
2445119.37,11.668253058000001,,,Vis.,VET,,,,,,,,V,,,,SV SGE,AFOEV,STD,,,,,0.0,0.0
2445119.4,12.047708442000003,,,Vis.,SCZ,,,,,,,,V,,,,SV SGE,AFOEV,STD,,,,,0.0,0.0
2445119.83,11.478525366,,,Vis.,SNL,,,,,,,,V,,,,SV SGE,,STD,,,,,0.0,0.0
2445120.45,11.952844595999998,,,Vis.,WLP,,,,,,,,V,,,,SV SGE,KNVWS,STD,,,,,0.0,0.0
2445120.5,11.763116904,,,Vis.,SCZ,,,,,,,,V,,,,SV SGE,AFOEV,STD,,,,,405.7321432227248,556.3694600228437
2445126.58,12.047708442000003,,,Vis.,GAZ,,,,,,,,V,,,,SV SGE,,STD,,,,,405.7321432227248,556.3694600228437
2445129.45,11.668253058000001,,,Vis.,WLP,,,,,,,,V,,,,SV SGE,KNVWS,STD,,,,,405.7321432227248,556.3694600228437
2445132.44,11.573389212,,,Vis.,WLP,,,,,,,,V,,,,SV SGE,KNVWS,STD,,,,,405.7321432227248,556.3694600228437
2445133.1,12.142572288000002,,,Vis.,KOA,,,,,,,,V,,,,SV SGE,,STD,,,,,405.7321432227248,556.3694600228437
2445134.6,11.288797674000001,,,Vis.,SHS,,,,,,,,V,,,,SV SGE,,STD,,,,,405.7321432227248,556.3694600228437
2445135.53,12.142572288000002,,,Vis.,OJR,,,,,,,,V,,,,SV SGE,,STD,,,,,405.7321432227248,556.3694600228437
2445135.6,12.047708442000003,,,Vis.,BRJ,,,,,,,,V,,,,SV SGE,,STD,,,,,405.7321432227248,556.3694600228437
2445136.1,12.047708442000003,,,Vis.,KOA,,,,,,,,V,,,,SV SGE,,STD,,,,,405.7321432227248,556.3694600228437
2445136.42,11.573389212,,,Vis.,OJR,,,,,,,,V,,,,SV SGE,,STD,,,,,405.7321432227248,556.3694600228437
2445137.4,11.668253058000001,,,Vis.,VET,,,,,,,,V,,,,SV SGE,AFOEV,STD,,,,,405.7321432227248,556.3694600228437
2445137.5,11.573389212,,,Vis.,GUN,,,,,,,,V,,,,SV SGE,AFOEV,STD,,,,,405.7321432227248,556.3694600228437
2445137.51,11.857980750000001,,,Vis.,GAZ,,,,,,,,V,,,,SV SGE,,STD,,,,,405.7321432227248,556.3694600228437
2445138.41,11.573389212,,,Vis.,OJR,,,,,,,,V,,,,SV SGE,,STD,,,,,405.7321432227248,556.3694600228437
2445138.5,11.478525366,,,Vis.,SCZ,,,,,,,,V,,,,SV SGE,AFOEV,STD,,,,,405.7321432227248,556.3694600228437
2445140.4,11.478525366,,,Vis.,SCZ,,,,,,,,V,,,,SV SGE,AFOEV,STD,,,,,405.7321432227248,556.3694600228437
2445140.4,11.668253058000001,,,Vis.,VET,,,,,,,,V,,,,SV SGE,AFOEV,STD,,,,,405.7321432227248,556.3694600228437
2445140.41,11.478525366,,,Vis.,PEG,,,,,,,,V,,,,SV SGE,AFOEV,STD,,,,,405.7321432227248,556.3694600228437
2445140.6,11.573389212,,,Vis.,SHS,,,,,,,,V,,,,SV SGE,,STD,,,,,405.7321432227248,556.3694600228437
2445140.72,11.38366152,,,Vis.,SNL,,,,,,,,V,,,,SV SGE,,STD,,,,,405.7321432227248,556.3694600228437
2445140.803,11.573389212,,,Vis.,HEF,,,,,,,,V,,,,SV SGE,,STD,,,,,405.7321432227248,556.3694600228437
2445141.4,11.38366152,,,Vis.,SCZ,,,,,,,,V,,,,SV SGE,AFOEV,STD,,,,,405.7321432227248,556.3694600228437
2445141.746,11.573389212,,,Vis.,HEF,,,,,,,,V,,,,SV SGE,,STD,,,,,405.7321432227248,556.3694600228437
2445142.1,11.952844595999998,,,Vis.,KOA,,,,,,,,V,,,,SV SGE,,STD,,,,,405.7321432227248,556.3694600228437
2445142.44,11.573389212,,,Vis.,OJR,,,,,,,,V,,,,SV SGE,,STD,,,,,405.7321432227248,556.3694600228437
2445143.54,11.193933828000004,,,Vis.,GAZ,,,,,,,,V,,,,SV SGE,,STD,,,,,405.7321432227248,556.3694600228437
2445144.4,11.193933828000004,,,Vis.,SCZ,,,,,,,,V,,,,SV SGE,AFOEV,STD,,,,,405.7321432227248,556.3694600228437
2445144.4,11.38366152,,,Vis.,VET,,,,,,,,V,,,,SV SGE,AFOEV,STD,,,,,405.7321432227248,556.3694600228437
2445145.6,11.573389212,,,Vis.,SET,,,,,,,,V,,,,SV SGE,,STD,,,,,405.7321432227248,556.3694600228437
2445146.53,11.38366152,,,Vis.,GAZ,,,,,,,,V,,,,SV SGE,,STD,,,,,405.7321432227248,556.3694600228437
2445147.6,11.38366152,,,Vis.,SHS,,,,,,,,V,,,,SV SGE,,STD,,,,,405.7321432227248,556.3694600228437
2445149.0,11.573389212,,,Vis.,KOA,,,,,,,,V,,,,SV SGE,,STD,,,,,405.7321432227248,556.3694600228437
2445150.4,11.38366152,,,Vis.,VET,,,,,,,,V,,,,SV SGE,AFOEV,STD,,,,,405.7321432227248,556.3694600228437
2445150.41,11.952844595999998,,,Vis.,PEG,,,,,,,,V,,,,SV SGE,AFOEV,STD,,,,,405.7321432227248,556.3694600228437
2445150.82,11.288797674000001,,,Vis.,SNL,,,,,,,,V,,,,SV SGE,,STD,,,,,405.7321432227248,556.3694600228437
2445151.4,11.193933828000004,,,Vis.,VET,,,,,,,,V,,,,SV SGE,AFOEV,STD,,,,,405.7321432227248,556.3694600228437
2445151.5,11.099069982,,,Vis.,SCZ,,,,,,,,V,,,,SV SGE,AFOEV,STD,,,,,405.7321432227248,556.3694600228437
2445151.6,11.288797674000001,,,Vis.,BRJ,,,,,,,,V,,,,SV SGE,,STD,,,,,0.0,0.0
2445152.4,11.099069982,,,Vis.,SCZ,,,,,,,,V,,,,SV SGE,AFOEV,STD,,,,,405.7321432227248,556.3694600228437
2445152.5,11.38366152,,,Vis.,SHS,,,,,,,,V,,,,SV SGE,,STD,,,,,405.7321432227248,556.3694600228437
2445153.73,11.573389212,,,Vis.,HEF,,,,,,,,V,,,,SV SGE,,STD,,,,,405.7321432227248,556.3694600228437
2445154.713,11.38366152,,,Vis.,HEF,,,,,,,,V,,,,SV SGE,,STD,,,,,0.0,0.0
2445155.43,11.193933828000004,,,Vis.,VET,,,,,,,,V,,,,SV SGE,AFOEV,STD,,,,,405.7321432227248,556.3694600228437
2445158.41,11.478525366,,,Vis.,MIS,,,,,,,,V,,,,SV SGE,AFOEV,STD,,,,,405.7321432227248,556.3694600228437
2445158.43,11.193933828000004,,,Vis.,VET,,,,,,,,V,,,,SV SGE,AFOEV,STD,,,,,405.7321432227248,556.3694600228437
2445158.6,11.38366152,,,Vis.,SHS,,,,,,,,V,,,,SV SGE,,STD,,,,,405.7321432227248,556.3694600228437
2445158.734,11.099069982,,,Vis.,HEF,,,,,,,,V,,,,SV SGE,,STD,,,,,405.7321432227248,556.3694600228437
2445159.4,11.193933828000004,,,Vis.,SCZ,,,,,,,,V,,,,SV SGE,AFOEV,STD,,,,,405.7321432227248,556.3694600228437
2445159.42,11.478525366,,,Vis.,MIS,,,,,,,,V,,,,SV SGE,AFOEV,STD,,,,,405.7321432227248,556.3694600228437
2445159.44,11.099069982,,,Vis.,VET,,,,,,,,V,,,,SV SGE,AFOEV,STD,,,,,405.7321432227248,556.3694600228437
2445160.43,11.099069982,,,Vis.,VET,,,,,,,,V,,,,SV SGE,AFOEV,STD,,,,,405.7321432227248,556.3694600228437
2445160.7,11.288797674000001,,,Vis.,GOP,,,,,,,,V,,,,SV SGE,,STD,,,,,405.7321432227248,556.3694600228437
2445161.4,11.004206136,,,Vis.,SCZ,,,,,,,,V,,,,SV SGE,AFOEV,STD,,,,,405.7321432227248,556.3694600228437
2445161.41,11.288797674000001,,,Vis.,MIS,,,,,,,,V,,,,SV SGE,AFOEV,STD,,,,,405.7321432227248,556.3694600228437
2445161.44,11.099069982,,,Vis.,VET,,,,,,,,V,,,,SV SGE,AFOEV,STD,,,,,405.7321432227248,556.3694600228437
2445161.7,11.288797674000001,,,Vis.,GOP,,,,,,,,V,,,,SV SGE,,STD,,,,,405.7321432227248,556.3694600228437
2445162.4,11.099069982,,,Vis.,MIS,,,,,,,,V,,,,SV SGE,AFOEV,STD,,,,,405.7321432227248,556.3694600228437
2445162.4,11.099069982,,,Vis.,SCZ,,,,,,,,V,,,,SV SGE,AFOEV,STD,,,,,405.7321432227248,556.3694600228437
2445163.43,11.099069982,,,Vis.,VET,,,,,,,,V,,,,SV SGE,AFOEV,STD,,,,,0.0,0.0
2445163.691,11.38366152,,,Vis.,HEF,,,,,,,,V,,,,SV SGE,,STD,,,,,405.7321432227248,556.3694600228437
2445165.715,11.099069982,,,Vis.,HEF,,,,,,,,V,,,,SV SGE,,STD,,,,,405.7321432227248,556.3694600228437
2445166.4,11.288797674000001,,,Vis.,SCZ,,,,,,,,V,,,,SV SGE,AFOEV,STD,,,,,405.7321432227248,556.3694600228437
2445166.44,11.099069982,,,Vis.,VET,,,,,,,,V,,,,SV SGE,AFOEV,STD,,,,,405.7321432227248,556.3694600228437
2445166.698,11.099069982,,,Vis.,HEF,,,,,,,,V,,,,SV SGE,,STD,,,,,405.7321432227248,556.3694600228437
2445168.43,11.193933828000004,,,Vis.,VET,,,,,,,,V,,,,SV SGE,AFOEV,STD,,,,,405.7321432227248,556.3694600228437
2445168.5,11.099069982,,,Vis.,GAZ,,,,,,,,V,,,,SV SGE,,STD,,,,,405.7321432227248,556.3694600228437
2445168.7,11.099069982,,,Vis.,GOP,,,,,,,,V,,,,SV SGE,,STD,,,,,405.7321432227248,556.3694600228437
2445169.43,11.193933828000004,,,Vis.,VET,,,,,,,,V,,,,SV SGE,AFOEV,STD,,,,,405.7321432227248,556.3694600228437
2445169.44,11.38366152,,,Vis.,GAZ,,,,,,,,V,,,,SV SGE,,STD,,,,,405.7321432227248,556.3694600228437
2445169.7,11.193933828000004,,,Vis.,SHS,,,,,,,,V,,,,SV SGE,,STD,,,,,405.7321432227248,556.3694600228437
2445169.84,11.288797674000001,,,Vis.,SNL,,,,,,,,V,,,,SV SGE,,STD,,,,,405.7321432227248,556.3694600228437
2445170.4,11.38366152,,,Vis.,WLP,,,,,,,,V,,,,SV SGE,KNVWS,STD,,,,,405.7321432227248,556.3694600228437
2445170.41,11.193933828000004,,,Vis.,MIS,,,,,,,,V,,,,SV SGE,AFOEV,STD,,,,,405.7321432227248,556.3694600228437
2445170.45,11.099069982,,,Vis.,VET,,,,,,,,V,,,,SV SGE,AFOEV,STD,,,,,405.7321432227248,556.3694600228437
2445170.452,11.193933828000004,,,Vis.,CEA,,,,,,,,V,,,,SV SGE,AFOEV,STD,,,,,405.7321432227248,556.3694600228437
2445170.6,11.193933828000004,,,Vis.,BRJ,,,,,,,,V,,,,SV SGE,,STD,,,,,405.7321432227248,556.3694600228437
2445170.687,11.288797674000001,,,Vis.,HEF,,,,,,,,V,,,,SV SGE,,STD,,,,,405.7321432227248,556.3694600228437
2445171.698,11.099069982,,,Vis.,HEF,,,,,,,,V,,,,SV SGE,,STD,,,,,405.7321432227248,556.3694600228437
2445171.7,10.719614597999998,,,Vis.,BTR,,,,,,,,V,,,,SV SGE,,STD,,,,,405.7321432227248,556.3694600228437
2445172.4,11.099069982,,,Vis.,SCZ,,,,,,,,V,,,,SV SGE,AFOEV,STD,,,,,405.7321432227248,556.3694600228437
2445172.46,11.288797674000001,,,Vis.,WLP,,,,,,,,V,,,,SV SGE,KNVWS,STD,,,,,405.7321432227248,556.3694600228437
2445172.475,11.004206136,,,Vis.,CEA,,,,,,,,V,,,,SV SGE,AFOEV,STD,,,,,405.7321432227248,556.3694600228437
2445173.56,11.38366152,,,Vis.,LOL,,,,,,,,V,,,,SV SGE,,STD,,,,,405.7321432227248,556.3694600228437
2445173.7,11.288797674000001,,,Vis.,WER,,,,,,,,V,,,,SV SGE,,STD,,,,,405.7321432227248,556.3694600228437
2445173.702,11.099069982,,,Vis.,HEF,,,,,,,,V,,,,SV SGE,,STD,,,,,405.7321432227248,556.3694600228437
2445174.39,11.38366152,,,Vis.,OJR,,,,,,,,V,,,,SV SGE,,STD,,,,,405.7321432227248,556.3694600228437
2445174.6,11.193933828000004,,,Vis.,SHS,,,,,,,,V,,,,SV SGE,,STD,,,,,405.7321432227248,556.3694600228437
2445174.684,11.099069982,,,Vis.,HEF,,,,,,,,V,,,,SV SGE,,STD,,,,,405.7321432227248,556.3694600228437
2445174.7,11.38366152,,,Vis.,WER,,,,,,,,V,,,,SV SGE,,STD,,,,,405.7321432227248,556.3694600228437
2445175.39,11.38366152,,,Vis.,OJR,,,,,,,,V,,,,SV SGE,,STD,,,,,405.7321432227248,556.3694600228437
2445175.68,11.288797674000001,,,Vis.,HEF,,,,,,,,V,,,,SV SGE,,STD,,,,,405.7321432227248,556.3694600228437
2445176.43,11.38366152,,,Vis.,OJR,,,,,,,,V,,,,SV SGE,,STD,,,,,405.7321432227248,556.3694600228437
2445176.43,11.004206136,,,Vis.,VET,,,,,,,,V,,,,SV SGE,AFOEV,STD,,,,,405.7321432227248,556.3694600228437
2445176.56,10.909342290000001,,,Vis.,LOL,,,,,,,,V,,,,SV SGE,,STD,,,,,405.7321432227248,556.3694600228437
2445176.6,11.193933828000004,,,Vis.,BRJ,,,,,,,,V,,,,SV SGE,,STD,,,,,0.0,0.0
2445177.41,11.38366152,,,Vis.,OJR,,,,,,,,V,,,,SV SGE,,STD,,,,,405.7321432227248,556.3694600228437
2445177.52,11.099069982,,,Vis.,LOL,,,,,,,,V,,,,SV SGE,,STD,,,,,405.7321432227248,556.3694600228437
2445177.7,11.193933828000004,,,Vis.,GOP,,,,,,,,V,,,,SV SGE,,STD,,,,,-9999.99,-9999.99
2445178.4,10.909342290000001,,,Vis.,VED,,,,,,,,V,,,,SV SGE,AFOEV,STD,,,,,405.7321432227248,556.3694600228437
2445178.41,11.288797674000001,,,Vis.,OJR,,,,,,,,V,,,,SV SGE,,STD,,,,,0.0,0.0
2445179.4,11.004206136,,,Vis.,VED,,,,,,,,V,,,,SV SGE,AFOEV,STD,,,,,405.7321432227248,556.3694600228437
2445179.45,10.909342290000001,,,Vis.,VET,,,,,,,,V,,,,SV SGE,AFOEV,STD,,,,,0.0,0.0
2445179.6,11.099069982,,,Vis.,SHS,,,,,,,,V,,,,SV SGE,,STD,,,,,405.7321432227248,556.3694600228437
2445181.5,11.099069982,,,Vis.,MZS,,,,,,,,V,,,,SV SGE,MCSE,STD,,,,,405.7321432227248,556.3694600228437
2445181.665,11.099069982,,,Vis.,HEF,,,,,,,,V,,,,SV SGE,,STD,,,,,-9999.99,-9999.99
2445182.667,11.193933828000004,,,Vis.,HEF,,,,,,,,V,,,,SV SGE,,STD,,,,,0.0,0.0
2445183.4,10.909342290000001,,,Vis.,SCZ,,,,,,,,V,,,,SV SGE,AFOEV,STD,,,,,0.0,0.0
2445183.684,11.193933828000004,,,Vis.,HEF,,,,,,,,V,,,,SV SGE,,STD,,,,,405.7321432227248,556.3694600228437
2445188.5,11.099069982,,,Vis.,SHS,,,,,,,,V,,,,SV SGE,,STD,,,,,405.7321432227248,556.3694600228437
2445189.653,11.004206136,,,Vis.,HEF,,,,,,,,V,,,,SV SGE,,STD,,,,,405.7321432227248,556.3694600228437
2445190.41,10.529886906,,,Vis.,OJR,,,,,,,,V,,,,SV SGE,,STD,,,,,405.7321432227248,556.3694600228437
2445190.69,11.004206136,,,Vis.,HEF,,,,,,,,V,,,,SV SGE,,STD,,,,,-9999.99,-9999.99
2445190.7,11.099069982,,,Vis.,WER,,,,,,,,V,,,,SV SGE,,STD,,,,,0.0,0.0
2445191.3,11.099069982,,,Vis.,VED,,,,,,,,V,,,,SV SGE,AFOEV,STD,,,,,0.0,0.0
2445191.41,10.529886906,,,Vis.,OJR,,,,,,,,V,,,,SV SGE,,STD,,,,,0.0,0.0
2445191.661,11.004206136,,,Vis.,HEF,,,,,,,,V,,,,SV SGE,,STD,,,,,405.7321432227248,556.3694600228437
2445192.3,10.909342290000001,,,Vis.,VED,,,,,,,,V,,,,SV SGE,AFOEV,STD,,,,,405.7321432227248,556.3694600228437
2445192.4,10.719614597999998,,,Vis.,SCZ,,,,,,,,V,,,,SV SGE,AFOEV,STD,,,,,405.7321432227248,556.3694600228437
2445192.7,11.099069982,,,Vis.,GOP,,,,,,,,V,,,,SV SGE,,STD,,,,,405.7321432227248,556.3694600228437
2445192.703,11.004206136,,,Vis.,HEF,,,,,,,,V,,,,SV SGE,,STD,,,,,405.7321432227248,556.3694600228437
2445193.36,10.529886906,,,Vis.,OJR,,,,,,,,V,,,,SV SGE,,STD,,,,,0.0,0.0
2445193.4,10.909342290000001,,,Vis.,SCZ,,,,,,,,V,,,,SV SGE,AFOEV,STD,,,,,405.7321432227248,556.3694600228437
2445193.6,11.004206136,,,Vis.,SHS,,,,,,,,V,,,,SV SGE,,STD,,,,,405.7321432227248,556.3694600228437
2445195.39,10.529886906,,,Vis.,OJR,,,,,,,,V,,,,SV SGE,,STD,,,,,405.7321432227248,556.3694600228437
2445195.8,10.624750751999999,,,Vis.,GFB,,,,,,,,V,,,,SV SGE,,STD,,,,,405.7321432227248,556.3694600228437
2445196.4,10.719614597999998,,,Vis.,SCZ,,,,,,,,V,,,,SV SGE,AFOEV,STD,,,,,405.7321432227248,556.3694600228437
2445196.4,11.099069982,,,Vis.,VET,,,,,,,,V,,,,SV SGE,AFOEV,STD,,,,,405.7321432227248,556.3694600228437
2445197.38,10.529886906,,,Vis.,OJR,,,,,,,,V,,,,SV SGE,,STD,,,,,405.7321432227248,556.3694600228437
2445198.38,10.529886906,,,Vis.,OJR,,,,,,,,V,,,,SV SGE,,STD,,,,,405.7321432227248,556.3694600228437
2445198.5,11.004206136,,,Vis.,SHS,,,,,,,,V,,,,SV SGE,,STD,,,,,405.7321432227248,556.3694600228437
2445198.6,10.909342290000001,,,Vis.,BRJ,,,,,,,,V,,,,SV SGE,,STD,,,,,405.7321432227248,556.3694600228437
2445198.6,11.193933828000004,,,Vis.,GOP,,,,,,,,V,,,,SV SGE,,STD,,,,,405.7321432227248,556.3694600228437
2445199.4,10.719614597999998,,,Vis.,SCZ,,,,,,,,V,,,,SV SGE,AFOEV,STD,,,,,405.7321432227248,556.3694600228437
2445200.4,10.719614597999998,,,Vis.,SCZ,,,,,,,,V,,,,SV SGE,AFOEV,STD,,,,,405.7321432227248,556.3694600228437
2445200.4,11.004206136,,,Vis.,VET,,,,,,,,V,,,,SV SGE,AFOEV,STD,,,,,405.7321432227248,556.3694600228437
2445200.7,10.529886906,,,Vis.,GFB,,,,,,,,V,,,,SV SGE,,STD,,,,,405.7321432227248,556.3694600228437
2445202.3,11.193933828000004,,,Vis.,GUN,,,,,,,,V,,,,SV SGE,AFOEV,STD,,,,,405.7321432227248,556.3694600228437
2445202.4,10.909342290000001,,,Vis.,SCZ,,,,,,,,V,,,,SV SGE,AFOEV,STD,,,,,405.7321432227248,556.3694600228437
2445203.37,10.529886906,,,Vis.,OJR,,,,,,,,V,,,,SV SGE,,STD,,,,,405.7321432227248,556.3694600228437
2445203.4,11.004206136,,,Vis.,CIT,,,,,,,,V,,,,SV SGE,,STD,,,,,405.7321432227248,556.3694600228437
2445203.5,10.909342290000001,,,Vis.,SHS,,,,,,,,V,,,,SV SGE,,STD,,,,,405.7321432227248,556.3694600228437
2445203.696,10.814478444000002,,,Vis.,HEF,,,,,,,,V,,,,SV SGE,,STD,,,,,405.7321432227248,556.3694600228437
2445204.4,11.193933828000004,,,Vis.,GRZ,,,,,,,,V,,,,SV SGE,,STD,,,,,405.7321432227248,556.3694600228437
2445205.6,11.099069982,,,Vis.,GOP,,,,,,,,V,,,,SV SGE,,STD,,,,,405.7321432227248,556.3694600228437
2445206.4,10.909342290000001,,,Vis.,VET,,,,,,,,V,,,,SV SGE,AFOEV,STD,,,,,405.7321432227248,556.3694600228437
2445206.6,11.193933828000004,,,Vis.,GOP,,,,,,,,V,,,,SV SGE,,STD,,,,,405.7321432227248,556.3694600228437
2445206.696,10.814478444000002,,,Vis.,HEF,,,,,,,,V,,,,SV SGE,,STD,,,,,405.7321432227248,556.3694600228437
2445207.6,10.909342290000001,,,Vis.,BRJ,,,,,,,,V,,,,SV SGE,,STD,,,,,405.7321432227248,556.3694600228437
2445208.6,11.193933828000004,,,Vis.,GOP,,,,,,,,V,,,,SV SGE,,STD,,,,,405.7321432227248,556.3694600228437
2445209.5,10.814478444000002,,,Vis.,SHS,,,,,,,,V,,,,SV SGE,,STD,,,,,405.7321432227248,556.3694600228437
2445209.6,11.193933828000004,,,Vis.,GOP,,,,,,,,V,,,,SV SGE,,STD,,,,,405.7321432227248,556.3694600228437
2445210.35,10.719614597999998,,,Vis.,MIS,,,,,,,,V,,,,SV SGE,AFOEV,STD,,,,,405.7321432227248,556.3694600228437
2445210.4,11.099069982,,,Vis.,GUN,,,,,,,,V,,,,SV SGE,AFOEV,STD,,,,,405.7321432227248,556.3694600228437
2445210.4,10.909342290000001,,,Vis.,SCZ,,,,,,,,V,,,,SV SGE,AFOEV,STD,,,,,405.7321432227248,556.3694600228437
2445210.46,10.719614597999998,,,Vis.,LOL,,,,,,,,V,,,,SV SGE,,STD,,,,,405.7321432227248,556.3694600228437
2445210.46,10.909342290000001,,,Vis.,LOS,,,,,,,,V,,,,SV SGE,AFOEV,STD,,,,,405.7321432227248,556.3694600228437
2445210.6,11.099069982,,,Vis.,GOP,,,,,,,,V,,,,SV SGE,,STD,,,,,405.7321432227248,556.3694600228437
2445210.688,11.099069982,,,Vis.,HEF,,,,,,,,V,,,,SV SGE,,STD,,,,,405.7321432227248,556.3694600228437
2445210.9,10.624750751999999,,,Vis.,GFB,,,,,,,,V,,,,SV SGE,,STD,,,,,405.7321432227248,556.3694600228437
2445211.38,10.719614597999998,,,Vis.,MIS,,,,,,,,V,,,,SV SGE,AFOEV,STD,,,,,405.7321432227248,556.3694600228437
2445212.621,11.193933828000004,,,Vis.,HEF,,,,,,,,V,,,,SV SGE,,STD,,,,,405.7321432227248,556.3694600228437
2445214.3,10.909342290000001,,,Vis.,SCZ,,,,,,,,V,,,,SV SGE,AFOEV,STD,,,,,405.7321432227248,556.3694600228437
2445214.34,11.099069982,,,Vis.,MIS,,,,,,,,V,,,,SV SGE,AFOEV,STD,,,,,405.7321432227248,556.3694600228437
2445215.4,10.529886906,,,Vis.,WLP,,,,,,,,V,,,,SV SGE,KNVWS,STD,,,,,411.1899448636348,556.3678402749852
2445216.32,11.478525366,,,Vis.,MIS,,,,,,,,V,,,,SV SGE,AFOEV,STD,,,,,411.1899448636348,556.3678402749852
2445216.4,10.909342290000001,,,Vis.,SCZ,,,,,,,,V,,,,SV SGE,AFOEV,STD,,,,,411.1899448636348,556.3678402749852
2445216.722,11.004206136,,,Vis.,HEF,,,,,,,,V,,,,SV SGE,,STD,,,,,411.1899448636348,556.3678402749852
2445217.36,11.288797674000001,,,Vis.,MIS,,,,,,,,V,,,,SV SGE,AFOEV,STD,,,,,411.1899448636348,556.3678402749852
2445217.6,10.909342290000001,,,Vis.,BRJ,,,,,,,,V,,,,SV SGE,,STD,,,,,411.1899448636348,556.3678402749852
2445217.7,10.624750751999999,,,Vis.,GOP,,,,,,,,V,,,,SV SGE,,STD,,,,,411.1899448636348,556.3678402749852
2445218.5,10.719614597999998,,,Vis.,SHS,,,,,,,,V,,,,SV SGE,,STD,,,,,411.1899448636348,556.3678402749852
2445218.6,11.099069982,,,Vis.,GOP,,,,,,,,V,,,,SV SGE,,STD,,,,,411.1899448636348,556.3678402749852
2445218.693,10.719614597999998,,,Vis.,HEF,,,,,,,,V,,,,SV SGE,,STD,,,,,411.1899448636348,556.3678402749852
2445220.4,10.719614597999998,,,Vis.,SCZ,,,,,,,,V,,,,SV SGE,AFOEV,STD,,,,,411.1899448636348,556.3678402749852
2445220.619,11.099069982,,,Vis.,HEF,,,,,,,,V,,,,SV SGE,,STD,,,,,411.1899448636348,556.3678402749852
2445221.4,11.099069982,,,Vis.,GUN,,,,,,,,V,,,,SV SGE,AFOEV,STD,,,,,411.1899448636348,556.3678402749852
2445221.651,10.814478444000002,,,Vis.,HEF,,,,,,,,V,,,,SV SGE,,STD,,,,,411.1899448636348,556.3678402749852
2445222.3,11.004206136,,,Vis.,VED,,,,,,,,V,,,,SV SGE,AFOEV,STD,,,,,411.1899448636348,556.3678402749852
2445222.4,10.719614597999998,,,Vis.,WLP,,,,,,,,V,,,,SV SGE,KNVWS,STD,,,,,411.1899448636348,556.3678402749852
2445222.6,10.814478444000002,,,Vis.,BRJ,,,,,,,,V,,,,SV SGE,,STD,,,,,411.1899448636348,556.3678402749852
2445223.3,10.909342290000001,,,Vis.,VET,,,,,,,,V,,,,SV SGE,AFOEV,STD,,,,,411.1899448636348,556.3678402749852
2445223.34,11.099069982,,,Vis.,MIS,,,,,,,,V,,,,SV SGE,AFOEV,STD,,,,,411.1899448636348,556.3678402749852
2445223.4,11.099069982,,,Vis.,MZS,,,,,,,,V,,,,SV SGE,MCSE,STD,,,,,411.1899448636348,556.3678402749852
2445223.4,10.909342290000001,,,Vis.,SCZ,,,,,,,,V,,,,SV SGE,AFOEV,STD,,,,,411.1899448636348,556.3678402749852
2445224.3,10.624750751999999,,,Vis.,SCZ,,,,,,,,V,,,,SV SGE,AFOEV,STD,,,,,411.1899448636348,556.3678402749852
2445224.32,11.099069982,,,Vis.,MIS,,,,,,,,V,,,,SV SGE,AFOEV,STD,,,,,411.1899448636348,556.3678402749852
2445225.3,10.624750751999999,,,Vis.,SCZ,,,,,,,,V,,,,SV SGE,AFOEV,STD,,,,,411.1899448636348,556.3678402749852
2445225.3,10.719614597999998,,,Vis.,VED,,,,,,,,V,,,,SV SGE,AFOEV,STD,,,,,411.1899448636348,556.3678402749852
2445225.33,11.099069982,,,Vis.,MIS,,,,,,,,V,,,,SV SGE,AFOEV,STD,,,,,411.1899448636348,556.3678402749852
2445226.32,11.099069982,,,Vis.,MIS,,,,,,,,V,,,,SV SGE,AFOEV,STD,,,,,411.1899448636348,556.3678402749852
2445226.4,10.719614597999998,,,Vis.,SHS,,,,,,,,V,,,,SV SGE,,STD,,,,,411.1899448636348,556.3678402749852
2445226.4,10.814478444000002,,,Vis.,VET,,,,,,,,V,,,,SV SGE,AFOEV,STD,,,,,411.1899448636348,556.3678402749852
2445227.3,10.719614597999998,,,Vis.,VED,,,,,,,,V,,,,SV SGE,AFOEV,STD,,,,,411.1899448636348,556.3678402749852
2445227.3,10.719614597999998,,,Vis.,WLP,,,,,,,,V,,,,SV SGE,KNVWS,STD,,,,,411.1899448636348,556.3678402749852
2445227.32,11.004206136,,,Vis.,MIS,,,,,,,,V,,,,SV SGE,AFOEV,STD,,,,,411.1899448636348,556.3678402749852
2445228.3,10.909342290000001,,,Vis.,VED,,,,,,,,V,,,,SV SGE,AFOEV,STD,,,,,411.1899448636348,556.3678402749852
2445228.33,10.909342290000001,,,Vis.,MIS,,,,,,,,V,,,,SV SGE,AFOEV,STD,,,,,411.1899448636348,556.3678402749852
2445229.3,10.814478444000002,,,Vis.,MAR,,,,,,,,V,,,,SV SGE,,STD,,,,,411.1899448636348,556.3678402749852
2445229.3,10.909342290000001,,,Vis.,VED,,,,,,,,V,,,,SV SGE,AFOEV,STD,,,,,411.1899448636348,556.3678402749852
2445229.35,10.624750751999999,,,Vis.,MIS,,,,,,,,V,,,,SV SGE,AFOEV,STD,,,,,411.1899448636348,556.3678402749852
2445230.3,10.529886906,,,Vis.,SCZ,,,,,,,,V,,,,SV SGE,AFOEV,STD,,,,,411.1899448636348,556.3678402749852
2445230.7,10.624750751999999,,,Vis.,GOP,,,,,,,,V,,,,SV SGE,,STD,,,,,411.1899448636348,556.3678402749852
2445231.34,10.909342290000001,,,Vis.,MIS,,,,,,,,V,,,,SV SGE,AFOEV,STD,,,,,411.1899448636348,556.3678402749852
2445231.4,10.814478444000002,,,Vis.,VET,,,,,,,,V,,,,SV SGE,AFOEV,STD,,,,,411.1899448636348,556.3678402749852
2445231.656,10.624750751999999,,,Vis.,HEF,,,,,,,,V,,,,SV SGE,,STD,,,,,411.1899448636348,556.3678402749852
2445231.8,10.719614597999998,,,Vis.,GFB,,,,,,,,V,,,,SV SGE,,STD,,,,,411.1899448636348,556.3678402749852
2445232.5,10.435023060000002,,,Vis.,SHS,,,,,,,,V,,,,SV SGE,,STD,,,,,411.1899448636348,556.3678402749852
2445233.3,10.719614597999998,,,Vis.,VED,,,,,,,,V,,,,SV SGE,AFOEV,STD,,,,,411.1899448636348,556.3678402749852
2445233.594,11.099069982,,,Vis.,HEF,,,,,,,,V,,,,SV SGE,,STD,,,,,411.1899448636348,556.3678402749852
2445233.6,10.529886906,,,Vis.,WER,,,,,,,,V,,,,SV SGE,,STD,,,,,411.1899448636348,556.3678402749852
2445234.6,10.529886906,,,Vis.,WER,,,,,,,,V,,,,SV SGE,,STD,,,,,411.1899448636348,556.3678402749852
2445234.603,10.909342290000001,,,Vis.,HEF,,,,,,,,V,,,,SV SGE,,STD,,,,,411.1899448636348,556.3678402749852
2445235.3,10.719614597999998,,,Vis.,VET,,,,,,,,V,,,,SV SGE,AFOEV,STD,,,,,411.1899448636348,556.3678402749852
2445236.32,11.288797674000001,,,Vis.,MIS,,,,,,,,V,,,,SV SGE,AFOEV,STD,,,,,411.1899448636348,556.3678402749852
2445237.6,10.719614597999998,,,Vis.,WER,,,,,,,,V,,,,SV SGE,,STD,,,,,411.1899448636348,556.3678402749852
2445237.67,10.814478444000002,,,Vis.,HEF,,,,,,,,V,,,,SV SGE,,STD,,,,,411.1899448636348,556.3678402749852
2445238.3,10.909342290000001,,,Vis.,SCZ,,,,,,,,V,,,,SV SGE,AFOEV,STD,,,,,411.1899448636348,556.3678402749852
2445239.3,10.719614597999998,,,Vis.,VED,,,,,,,,V,,,,SV SGE,AFOEV,STD,,,,,411.1899448636348,556.3678402749852
2445239.34,10.719614597999998,,,Vis.,MIS,,,,,,,,V,,,,SV SGE,AFOEV,STD,,,,,411.1899448636348,556.3678402749852
2445239.705,10.719614597999998,,,Vis.,HEF,,,,,,,,V,,,,SV SGE,,STD,,,,,411.1899448636348,556.3678402749852
2445240.618,10.624750751999999,,,Vis.,HEF,,,,,,,,V,,,,SV SGE,,STD,,,,,411.1899448636348,556.3678402749852
2445241.3,10.909342290000001,,,Vis.,SCZ,,,,,,,,V,,,,SV SGE,AFOEV,STD,,,,,411.1899448636348,556.3678402749852
2445241.32,10.719614597999998,,,Vis.,MIS,,,,,,,,V,,,,SV SGE,AFOEV,STD,,,,,411.1899448636348,556.3678402749852
2445241.582,11.004206136,,,Vis.,HEF,,,,,,,,V,,,,SV SGE,,STD,,,,,411.1899448636348,556.3678402749852
2445241.6,10.624750751999999,,,Vis.,GOP,,,,,,,,V,,,,SV SGE,,STD,,,,,411.1899448636348,556.3678402749852
2445243.5,10.529886906,,,Vis.,SHS,,,,,,,,V,,,,SV SGE,,STD,,,,,411.1899448636348,556.3678402749852
2445245.3,10.624750751999999,,,Vis.,SCZ,,,,,,,,V,,,,SV SGE,AFOEV,STD,,,,,411.1899448636348,556.3678402749852
2445246.0,11.004206136,,,Vis.,KOA,,,,,,,,V,,,,SV SGE,,STD,,,,,411.1899448636348,556.3678402749852
2445247.583,10.909342290000001,,,Vis.,HEF,,,,,,,,V,,,,SV SGE,,STD,,,,,411.1899448636348,556.3678402749852
2445248.2,10.719614597999998,,,Vis.,VED,,,,,,,,V,,,,SV SGE,AFOEV,STD,,,,,411.1899448636348,556.3678402749852
2445248.5,10.814478444000002,,,Vis.,BRJ,,,,,,,,V,,,,SV SGE,,STD,,,,,411.1899448636348,556.3678402749852
2445248.6,10.529886906,,,Vis.,GOP,,,,,,,,V,,,,SV SGE,,STD,,,,,411.1899448636348,556.3678402749852
2445249.6,10.529886906,,,Vis.,WER,,,,,,,,V,,,,SV SGE,,STD,,,,,411.1899448636348,556.3678402749852
2445249.629,10.719614597999998,,,Vis.,HEF,,,,,,,,V,,,,SV SGE,,STD,,,,,411.1899448636348,556.3678402749852
2445250.5,10.624750751999999,,,Vis.,SHS,,,,,,,,V,,,,SV SGE,,STD,,,,,411.1899448636348,556.3678402749852
2445250.59,10.719614597999998,,,Vis.,HEF,,,,,,,,V,,,,SV SGE,,STD,,,,,0.0,0.0
2445250.6,10.814478444000002,,,Vis.,WER,,,,,,,,V,,,,SV SGE,,STD,,,,,411.1899448636348,556.3678402749852
2445252.7,10.435023060000002,,,Vis.,GFB,,,,,,,,V,,,,SV SGE,,STD,,,,,411.1899448636348,556.3678402749852
2445253.5,10.719614597999998,,,Vis.,BRJ,,,,,,,,V,,,,SV SGE,,STD,,,,,411.1899448636348,556.3678402749852
2445253.6,10.909342290000001,,,Vis.,WER,,,,,,,,V,,,,SV SGE,,STD,,,,,411.1899448636348,556.3678402749852
2445254.596,10.719614597999998,,,Vis.,HEF,,,,,,,,V,,,,SV SGE,,STD,,,,,411.1899448636348,556.3678402749852
2445255.6,10.814478444000002,,,Vis.,WER,,,,,,,,V,,,,SV SGE,,STD,,,,,411.1899448636348,556.3678402749852
2445256.5,10.529886906,,,Vis.,GOP,,,,,,,,V,,,,SV SGE,,STD,,,,,411.1899448636348,556.3678402749852
2445256.6,10.719614597999998,,,Vis.,HK,,,,,,,,V,,,,SV SGE,,STD,,,,,411.1899448636348,556.3678402749852
2445256.6,10.814478444000002,,,Vis.,WER,,,,,,,,V,,,,SV SGE,,STD,,,,,411.1899448636348,556.3678402749852
2445256.621,10.719614597999998,,,Vis.,HEF,,,,,,,,V,,,,SV SGE,,STD,,,,,411.1899448636348,556.3678402749852
2445256.7,10.340159214000003,,,Vis.,GFB,,,,,,,,V,,,,SV SGE,,STD,,,,,411.1899448636348,556.3678402749852
2445257.5,10.719614597999998,,,Vis.,GOP,,,,,,,,V,,,,SV SGE,,STD,,,,,411.1899448636348,556.3678402749852
2445257.6,10.719614597999998,,,Vis.,WER,,,,,,,,V,,,,SV SGE,,STD,,,,,411.1899448636348,556.3678402749852
2445257.671,10.624750751999999,,,Vis.,HEF,,,,,,,,V,,,,SV SGE,,STD,,,,,411.1899448636348,556.3678402749852
2445258.4,10.909342290000001,,,Vis.,GUN,,,,,,,,V,,,,SV SGE,AFOEV,STD,,,,,411.1899448636348,556.3678402749852
2445258.596,10.719614597999998,,,Vis.,HEF,,,,,,,,V,,,,SV SGE,,STD,,,,,411.1899448636348,556.3678402749852
2445258.6,10.719614597999998,,,Vis.,WER,,,,,,,,V,,,,SV SGE,,STD,,,,,411.1899448636348,556.3678402749852
2445259.5,10.529886906,,,Vis.,GOP,,,,,,,,V,,,,SV SGE,,STD,,,,,0.0,0.0
2445259.6,10.719614597999998,,,Vis.,WER,,,,,,,,V,,,,SV SGE,,STD,,,,,0.0,0.0
2445259.612,10.719614597999998,,,Vis.,HEF,,,,,,,,V,,,,SV SGE,,STD,,,,,411.1899448636348,556.3678402749852
2445260.4,10.719614597999998,,,Vis.,SHS,,,,,,,,V,,,,SV SGE,,STD,,,,,411.1899448636348,556.3678402749852
2445260.6,10.719614597999998,,,Vis.,WER,,,,,,,,V,,,,SV SGE,,STD,,,,,411.1899448636348,556.3678402749852
2445261.596,10.719614597999998,,,Vis.,HEF,,,,,,,,V,,,,SV SGE,,STD,,,,,411.1899448636348,556.3678402749852
2445261.6,10.624750751999999,,,Vis.,GOP,,,,,,,,V,,,,SV SGE,,STD,,,,,411.1899448636348,556.3678402749852
2445261.6,10.719614597999998,,,Vis.,WER,,,,,,,,V,,,,SV SGE,,STD,,,,,411.1899448636348,556.3678402749852
2445262.2,10.719614597999998,,,Vis.,VED,,,,,,,,V,,,,SV SGE,AFOEV,STD,,,,,0.0,0.0
2445262.33,10.719614597999998,,,Vis.,MIS,,,,,,,,V,,,,SV SGE,AFOEV,STD,,,,,411.1899448636348,556.3678402749852
2445262.6,10.719614597999998,,,Vis.,WER,,,,,,,,V,,,,SV SGE,,STD,,,,,411.1899448636348,556.3678402749852
2445263.3,10.719614597999998,,,Vis.,VET,,,,,,,,V,,,,SV SGE,AFOEV,STD,,,,,411.1899448636348,556.3678402749852
2445263.6,10.719614597999998,,,Vis.,WER,,,,,,,,V,,,,SV SGE,,STD,,,,,0.0,0.0
2445264.5,10.529886906,,,Vis.,BRJ,,,,,,,,V,,,,SV SGE,,STD,,,,,411.1899448636348,556.3678402749852
2445264.578,10.624750751999999,,,Vis.,HEF,,,,,,,,V,,,,SV SGE,,STD,,,,,411.1899448636348,556.3678402749852
2445264.6,10.624750751999999,,,Vis.,WER,,,,,,,,V,,,,SV SGE,,STD,,,,,411.1899448636348,556.3678402749852
2445265.3,10.719614597999998,,,Vis.,VET,,,,,,,,V,,,,SV SGE,AFOEV,STD,,,,,411.1899448636348,556.3678402749852
2445265.5,10.814478444000002,,,Vis.,GOP,,,,,,,,V,,,,SV SGE,,STD,,,,,411.1899448636348,556.3678402749852
2445265.6,10.719614597999998,,,Vis.,WER,,,,,,,,V,,,,SV SGE,,STD,,,,,411.1899448636348,556.3678402749852
2445266.5,10.624750751999999,,,Vis.,GOP,,,,,,,,V,,,,SV SGE,,STD,,,,,411.1899448636348,556.3678402749852
2445266.6,10.624750751999999,,,Vis.,WER,,,,,,,,V,,,,SV SGE,,STD,,,,,0.0,0.0
2445267.2,10.719614597999998,,,Vis.,VED,,,,,,,,V,,,,SV SGE,AFOEV,STD,,,,,411.1899448636348,556.3678402749852
2445267.3,10.814478444000002,,,Vis.,WLP,,,,,,,,V,,,,SV SGE,KNVWS,STD,,,,,411.1899448636348,556.3678402749852
2445267.5,10.719614597999998,,,Vis.,GOP,,,,,,,,V,,,,SV SGE,,STD,,,,,411.1899448636348,556.3678402749852
2445268.5,10.624750751999999,,,Vis.,SHS,,,,,,,,V,,,,SV SGE,,STD,,,,,411.1899448636348,556.3678402749852
2445269.5,10.814478444000002,,,Vis.,GOP,,,,,,,,V,,,,SV SGE,,STD,,,,,411.1899448636348,556.3678402749852
2445269.642,10.719614597999998,,,Vis.,HEF,,,,,,,,V,,,,SV SGE,,STD,,,,,411.1899448636348,556.3678402749852
2445270.5,10.624750751999999,,,Vis.,BRJ,,,,,,,,V,,,,SV SGE,,STD,,,,,411.1899448636348,556.3678402749852
2445271.574,10.624750751999999,,,Vis.,HEF,,,,,,,,V,,,,SV SGE,,STD,,,,,0.0,0.0
2445277.3,10.624750751999999,,,Vis.,SCZ,,,,,,,,V,,,,SV SGE,AFOEV,STD,,,,,0.0,0.0
2445277.5,10.435023060000002,,,Vis.,WER,,,,,,,,V,,,,SV SGE,,STD,,,,,411.1899448636348,556.3678402749852
2445277.595,10.814478444000002,,,Vis.,HEF,,,,,,,,V,,,,SV SGE,,STD,,,,,411.1899448636348,556.3678402749852
2445278.5,10.624750751999999,,,Vis.,GOP,,,,,,,,V,,,,SV SGE,,STD,,,,,411.1899448636348,556.3678402749852
2445278.5,10.719614597999998,,,Vis.,WER,,,,,,,,V,,,,SV SGE,,STD,,,,,0.0,0.0
2445279.5,10.624750751999999,,,Vis.,GOP,,,,,,,,V,,,,SV SGE,,STD,,,,,0.0,0.0
2445280.2,10.624750751999999,,,Vis.,SCZ,,,,,,,,V,,,,SV SGE,AFOEV,STD,,,,,0.0,0.0
2445280.5,10.719614597999998,,,Vis.,WER,,,,,,,,V,,,,SV SGE,,STD,,,,,0.0,0.0
2445281.4,10.719614597999998,,,Vis.,SHS,,,,,,,,V,,,,SV SGE,,STD,,,,,0.0,0.0
2445281.5,10.719614597999998,,,Vis.,GOP,,,,,,,,V,,,,SV SGE,,STD,,,,,0.0,0.0
2445281.5,10.814478444000002,,,Vis.,WER,,,,,,,,V,,,,SV SGE,,STD,,,,,0.0,0.0
2445281.599,10.624750751999999,,,Vis.,HEF,,,,,,,,V,,,,SV SGE,,STD,,,,,0.0,0.0
2445283.2,10.719614597999998,,,Vis.,VED,,,,,,,,V,,,,SV SGE,AFOEV,STD,,,,,0.0,0.0
2445284.5,10.624750751999999,,,Vis.,HK,,,,,,,,V,,,,SV SGE,,STD,,,,,0.0,0.0
2445285.3,10.529886906,,,Vis.,SCZ,,,,,,,,V,,,,SV SGE,AFOEV,STD,,,,,0.0,0.0
2445285.3,10.719614597999998,,,Vis.,VET,,,,,,,,V,,,,SV SGE,AFOEV,STD,,,,,0.0,0.0
2445285.3,10.814478444000002,,,Vis.,WLP,,,,,,,,V,,,,SV SGE,KNVWS,STD,,,,,0.0,0.0
2445286.5,10.624750751999999,,,Vis.,WER,,,,,,,,V,,,,SV SGE,,STD,,,,,411.1899448636348,556.3678402749852
2445286.589,10.529886906,,,Vis.,HEF,,,,,,,,V,,,,SV SGE,,STD,,,,,411.1899448636348,556.3678402749852
2445287.2,10.719614597999998,,,Vis.,VED,,,,,,,,V,,,,SV SGE,AFOEV,STD,,,,,411.1899448636348,556.3678402749852
2445287.3,10.624750751999999,,,Vis.,SCZ,,,,,,,,V,,,,SV SGE,AFOEV,STD,,,,,411.1899448636348,556.3678402749852
2445288.2,10.719614597999998,,,Vis.,SCZ,,,,,,,,V,,,,SV SGE,AFOEV,STD,,,,,411.1899448636348,556.3678402749852
2445288.5,10.719614597999998,,,Vis.,WER,,,,,,,,V,,,,SV SGE,,STD,,,,,411.1899448636348,556.3678402749852
2445289.5,10.719614597999998,,,Vis.,GOP,,,,,,,,V,,,,SV SGE,,STD,,,,,411.1899448636348,556.3678402749852
2445289.5,9.960703830000002,,,Vis.,HZL,,,,,,,,V,,,,SV SGE,,STD,,,,,411.1899448636348,556.3678402749852
2445289.5,10.719614597999998,,,Vis.,SHS,,,,,,,,V,,,,SV SGE,,STD,,,,,411.1899448636348,556.3678402749852
2445289.6,10.814478444000002,,,Vis.,MYR,,,,,,,,V,,,,SV SGE,,STD,,,,,411.1899448636348,556.3678402749852
2445290.5,10.624750751999999,,,Vis.,WER,,,,,,,,V,,,,SV SGE,,STD,,,,,411.1899448636348,556.3678402749852
2445290.628,10.529886906,,,Vis.,HEF,,,,,,,,V,,,,SV SGE,,STD,,,,,411.1899448636348,556.3678402749852
2445291.5,10.624750751999999,,,Vis.,BRJ,,,,,,,,V,,,,SV SGE,,STD,,,,,0.0,0.0
2445291.5,10.624750751999999,,,Vis.,WER,,,,,,,,V,,,,SV SGE,,STD,,,,,411.1899448636348,556.3678402749852
2445291.612,10.435023060000002,,,Vis.,HEF,,,,,,,,V,,,,SV SGE,,STD,,,,,411.1899448636348,556.3678402749852
2445292.567,10.245295368,,,Vis.,HEF,,,,,,,,V,,,,SV SGE,,STD,,,,,411.1899448636348,556.3678402749852
2445294.2,10.529886906,,,Vis.,SCZ,,,,,,,,V,,,,SV SGE,AFOEV,STD,,,,,411.1899448636348,556.3678402749852
2445294.2,10.435023060000002,,,Vis.,VET,,,,,,,,V,,,,SV SGE,AFOEV,STD,,,,,411.1899448636348,556.3678402749852
2445294.5,10.624750751999999,,,Vis.,WER,,,,,,,,V,,,,SV SGE,,STD,,,,,411.1899448636348,556.3678402749852
2445294.586,10.245295368,,,Vis.,HEF,,,,,,,,V,,,,SV SGE,,STD,,,,,411.1899448636348,556.3678402749852
2445295.23,10.340159214000003,,,Vis.,MIS,,,,,,,,V,,,,SV SGE,AFOEV,STD,,,,,411.1899448636348,556.3678402749852
2445296.3,10.719614597999998,,,Vis.,WLP,,,,,,,,V,,,,SV SGE,KNVWS,STD,,,,,411.1899448636348,556.3678402749852
2445297.5,10.624750751999999,,,Vis.,WER,,,,,,,,V,,,,SV SGE,,STD,,,,,411.1899448636348,556.3678402749852
2445301.5,10.529886906,,,Vis.,BRJ,,,,,,,,V,,,,SV SGE,,STD,,,,,411.1899448636348,556.3678402749852
2445302.5,10.624750751999999,,,Vis.,GOP,,,,,,,,V,,,,SV SGE,,STD,,,,,411.1899448636348,556.3678402749852
2445302.5,10.529886906,,,Vis.,WER,,,,,,,,V,,,,SV SGE,,STD,,,,,411.1899448636348,556.3678402749852
2445307.5,10.529886906,,,Vis.,WER,,,,,,,,V,,,,SV SGE,,STD,,,,,411.1899448636348,556.3678402749852
2445307.553,10.529886906,,,Vis.,HEF,,,,,,,,V,,,,SV SGE,,STD,,,,,411.1899448636348,556.3678402749852
2445309.5,10.624750751999999,,,Vis.,GOP,,,,,,,,V,,,,SV SGE,,STD,,,,,411.1899448636348,556.3678402749852
2445309.5,10.719614597999998,,,Vis.,WER,,,,,,,,V,,,,SV SGE,,STD,,,,,411.1899448636348,556.3678402749852
2445311.5,10.624750751999999,,,Vis.,BRJ,,,,,,,,V,,,,SV SGE,,STD,,,,,411.1899448636348,556.3678402749852
2445311.5,10.719614597999998,,,Vis.,GOP,,,,,,,,V,,,,SV SGE,,STD,,,,,411.1899448636348,556.3678402749852
2445312.5,10.624750751999999,,,Vis.,GOP,,,,,,,,V,,,,SV SGE,,STD,,,,,411.1899448636348,556.3678402749852
2445315.5,10.719614597999998,,,Vis.,WER,,,,,,,,V,,,,SV SGE,,STD,,,,,411.1899448636348,556.3678402749852
2445316.2,10.245295368,,,Vis.,GUN,,,,,,,,V,,,,SV SGE,AFOEV,STD,,,,,411.1899448636348,556.3678402749852
2445316.5,11.099069982,,,Vis.,GOP,,,,,,,,V,,,,SV SGE,,STD,,,,,411.1899448636348,556.3678402749852
2445316.5,10.719614597999998,,,Vis.,WER,,,,,,,,V,,,,SV SGE,,STD,,,,,411.1899448636348,556.3678402749852
2445317.5,10.719614597999998,,,Vis.,WER,,,,,,,,V,,,,SV SGE,,STD,,,,,411.1899448636348,556.3678402749852
2445320.5,10.719614597999998,,,Vis.,BRJ,,,,,,,,V,,,,SV SGE,,STD,,,,,411.1899448636348,556.3678402749852
2445383.71,10.909342290000001,,,Vis.,MIS,,,,,,,,V,,,,SV SGE,AFOEV,STD,,,,,411.1899448636348,556.3678402749852
2445384.7,10.909342290000001,,,Vis.,MIS,,,,,,,,V,,,,SV SGE,AFOEV,STD,,,,,411.1899448636348,556.3678402749852
2445385.7,11.099069982,,,Vis.,MIS,,,,,,,,V,,,,SV SGE,AFOEV,STD,,,,,411.1899448636348,556.3678402749852
2445386.73,10.909342290000001,,,Vis.,MIS,,,,,,,,V,,,,SV SGE,AFOEV,STD,,,,,411.1899448636348,556.3678402749852
2445387.69,10.909342290000001,,,Vis.,MIS,,,,,,,,V,,,,SV SGE,AFOEV,STD,,,,,411.1899448636348,556.3678402749852
2445388.7,10.909342290000001,,,Vis.,MIS,,,,,,,,V,,,,SV SGE,AFOEV,STD,,,,,411.1899448636348,556.3678402749852
2445401.7,10.719614597999998,,,Vis.,MIS,,,,,,,,V,,,,SV SGE,AFOEV,STD,,,,,411.1899448636348,556.3678402749852
2445402.69,10.719614597999998,,,Vis.,MIS,,,,,,,,V,,,,SV SGE,AFOEV,STD,,,,,411.1899448636348,556.3678402749852
2445402.7,10.055567675999999,,,Vis.,VET,,,,,,,,V,,,,SV SGE,AFOEV,STD,,,,,411.1899448636348,556.3678402749852
2445403.69,10.529886906,,,Vis.,MIS,,,,,,,,V,,,,SV SGE,AFOEV,STD,,,,,411.1899448636348,556.3678402749852
2445409.9,10.529886906,,,Vis.,BRJ,,,,,,,,V,,,,SV SGE,,STD,,,,,411.1899448636348,556.3678402749852
2445437.9,10.529886906,,,Vis.,BRJ,,,,,,,,V,,,,SV SGE,,STD,,,,,411.1899448636348,556.3678402749852
2445440.64,10.245295368,,,Vis.,MIS,,,,,,,,V,,,,SV SGE,AFOEV,STD,,,,,411.1899448636348,556.3678402749852
2445447.6,10.719614597999998,,,Vis.,GUN,,,,,,,,V,,,,SV SGE,AFOEV,STD,,,,,411.1899448636348,556.3678402749852
2445464.6,10.624750751999999,,,Vis.,SHS,,,,,,,,V,,,,SV SGE,,STD,,,,,411.1899448636348,556.3678402749852
2445466.5,10.909342290000001,,,Vis.,SCZ,,,,,,,,V,,,,SV SGE,AFOEV,STD,,,,,411.1899448636348,556.3678402749852
2445466.6,10.435023060000002,,,Vis.,GUN,,,,,,,,V,,,,SV SGE,AFOEV,STD,,,,,411.1899448636348,556.3678402749852
2445472.6,10.624750751999999,,,Vis.,SHS,,,,,,,,V,,,,SV SGE,,STD,,,,,411.1899448636348,556.3678402749852
2445490.4,10.719614597999998,,,Vis.,GUN,,,,,,,,V,,,,SV SGE,AFOEV,STD,,,,,411.1899448636348,556.3678402749852
2445493.6,10.624750751999999,,,Vis.,SHS,,,,,,,,V,,,,SV SGE,,STD,,,,,411.1899448636348,556.3678402749852
2445500.7,10.624750751999999,,,Vis.,WER,,,,,,,,V,,,,SV SGE,,STD,,,,,411.1899448636348,556.3678402749852
2445503.4,10.529886906,,,Vis.,MIS,,,,,,,,V,,,,SV SGE,AFOEV,STD,,,,,411.1899448636348,556.3678402749852
2445507.6,10.624750751999999,,,Vis.,BRJ,,,,,,,,V,,,,SV SGE,,STD,,,,,0.0,0.0
2445507.6,10.624750751999999,,,Vis.,SHS,,,,,,,,V,,,,SV SGE,,STD,,,,,0.0,0.0
2445515.6,10.624750751999999,,,Vis.,SHS,,,,,,,,V,,,,SV SGE,,STD,,,,,0.0,0.0
2445515.7,10.529886906,,,Vis.,WER,,,,,,,,V,,,,SV SGE,,STD,,,,,0.0,0.0
2445516.6,10.150431522,,,Vis.,BRJ,,,,,,,,V,,,,SV SGE,,STD,,,,,0.0,0.0
2445516.72,10.055567675999999,,,Vis.,HEF,,,,,,,,V,,,,SV SGE,,STD,,,,,0.0,0.0
2445517.5,10.435023060000002,,,Vis.,SCZ,,,,,,,,V,,,,SV SGE,AFOEV,STD,,,,,0.0,0.0
2445518.4,10.529886906,,,Vis.,MIS,,,,,,,,V,,,,SV SGE,AFOEV,STD,,,,,0.0,0.0
2445518.5,10.719614597999998,,,Vis.,GUN,,,,,,,,V,,,,SV SGE,AFOEV,STD,,,,,0.0,0.0
2445519.5,10.435023060000002,,,Vis.,SCZ,,,,,,,,V,,,,SV SGE,AFOEV,STD,,,,,0.0,0.0
2445519.7,10.529886906,,,Vis.,GOP,,,,,,,,V,,,,SV SGE,,STD,,,,,0.0,0.0
2445520.7,9.960703830000002,,,Vis.,HEF,,,,,,,,V,,,,SV SGE,,STD,,,,,0.0,0.0
2445522.7,10.150431522,,,Vis.,BRJ,,,,,,,,V,,,,SV SGE,,STD,,,,,0.0,0.0
2445523.72,10.055567675999999,,,Vis.,HEF,,,,,,,,V,,,,SV SGE,,STD,,,,,0.0,0.0
2445525.6,10.435023060000002,,,Vis.,LX,,,,,,,,V,,,,SV SGE,,STD,,,,,0.0,0.0
2445525.7,10.529886906,,,Vis.,SHS,,,,,,,,V,,,,SV SGE,,STD,,,,,0.0,0.0
2445526.4,10.529886906,,,Vis.,MIS,,,,,,,,V,,,,SV SGE,AFOEV,STD,,,,,0.0,0.0
2445526.4,10.150431522,,,Vis.,VET,,,,,,,,V,,,,SV SGE,AFOEV,STD,,,,,0.0,0.0
2445526.5,10.529886906,,,Vis.,SCZ,,,,,,,,V,,,,SV SGE,AFOEV,STD,,,,,0.0,0.0
2445530.4,10.529886906,,,Vis.,SCZ,,,,,,,,V,,,,SV SGE,AFOEV,STD,,,,,0.0,0.0
2445530.5,10.340159214000003,,,Vis.,VED,,,,,,,,V,,,,SV SGE,AFOEV,STD,,,,,0.0,0.0
2445530.52,10.055567675999999,,,Vis.,GAZ,,,,,,,,V,,,,SV SGE,,STD,,,,,0.0,0.0
2445530.6,10.150431522,,,Vis.,BRJ,,,,,,,,V,,,,SV SGE,,STD,,,,,0.0,0.0
2445531.74,10.055567675999999,,,Vis.,HEF,,,,,,,,V,,,,SV SGE,,STD,,,,,0.0,0.0
2445532.4,10.245295368,,,Vis.,VET,,,,,,,,V,,,,SV SGE,AFOEV,STD,,,,,435.5622786057879,593.232003387538
2445534.5,10.529886906,,,Vis.,SCZ,,,,,,,,V,,,,SV SGE,AFOEV,STD,,,,,435.5622786057879,593.232003387538
2445536.6,10.624750751999999,,,Vis.,SHS,,,,,,,,V,,,,SV SGE,,STD,,,,,435.5622786057879,593.232003387538
2445540.4,10.340159214000003,,,Vis.,SCZ,,,,,,,,V,,,,SV SGE,AFOEV,STD,,,,,435.5622786057879,593.232003387538
2445540.6,10.529886906,,,Vis.,GOP,,,,,,,,V,,,,SV SGE,,STD,,,,,435.5622786057879,593.232003387538
2445543.5,10.340159214000003,,,Vis.,SHS,,,,,,,,V,,,,SV SGE,,STD,,,,,435.5622786057879,593.232003387538
2445544.4,10.340159214000003,,,Vis.,SCZ,,,,,,,,V,,,,SV SGE,AFOEV,STD,,,,,435.5622786057879,593.232003387538
2445545.3,10.150431522,,,Vis.,VED,,,,,,,,V,,,,SV SGE,AFOEV,STD,,,,,435.5622786057879,593.232003387538
2445545.7,10.529886906,,,Vis.,WER,,,,,,,,V,,,,SV SGE,,STD,,,,,435.5622786057879,593.232003387538
2445546.4,10.245295368,,,Vis.,GRZ,,,,,,,,V,,,,SV SGE,,STD,,,,,435.5622786057879,593.232003387538
2445546.4,10.624750751999999,,,Vis.,PEG,,,,,,,,V,,,,SV SGE,AFOEV,STD,,,,,435.5622786057879,593.232003387538
2445546.4,10.245295368,,,Vis.,VET,,,,,,,,V,,,,SV SGE,AFOEV,STD,,,,,435.5622786057879,593.232003387538
2445547.4,10.245295368,,,Vis.,GRZ,,,,,,,,V,,,,SV SGE,,STD,,,,,435.5622786057879,593.232003387538
2445548.4,10.150431522,,,Vis.,VED,,,,,,,,V,,,,SV SGE,AFOEV,STD,,,,,437.6141130134904,589.5218897616464
2445549.6,9.960703830000002,,,Vis.,BRJ,,,,,,,,V,,,,SV SGE,,STD,,,,,437.6141130134904,589.5218897616464
2445549.7,11.099069982,,,Vis.,KRS,,,,,,,,Z,,,,SV SGE,AAVSO,STD,,,MQE,,437.6141130134904,589.5218897616464
2445550.4,10.245295368,,,Vis.,VED,,,,,,,,V,,,,SV SGE,AFOEV,STD,,,,,437.6141130134904,589.5218897616464
2445550.5,10.624750751999999,,,Vis.,BOA,,,,,,,,V,,,,SV SGE,AFOEV,STD,,,,,437.6141130134904,589.5218897616464
2445552.3,10.245295368,,,Vis.,VED,,,,,,,,V,,,,SV SGE,AFOEV,STD,,,,,437.6141130134904,589.5218897616464
2445552.6,10.719614597999998,,,Vis.,WER,,,,,,,,V,,,,SV SGE,,STD,,,,,437.6141130134904,589.5218897616464
2445553.5,10.245295368,,,Vis.,VET,,,,,,,,V,,,,SV SGE,AFOEV,STD,,,,,437.6141130134904,589.5218897616464
2445553.6,10.245295368,,,Vis.,SHS,,,,,,,,V,,,,SV SGE,,STD,,,,,437.6141130134904,589.5218897616464
2445554.4,10.340159214000003,,,Vis.,SCZ,,,,,,,,V,,,,SV SGE,AFOEV,STD,,,,,437.6141130134904,589.5218897616464
2445555.4,10.529886906,,,Vis.,GUN,,,,,,,,V,,,,SV SGE,AFOEV,STD,,,,,437.6141130134904,589.5218897616464
2445555.4,10.435023060000002,,,Vis.,VED,,,,,,,,V,,,,SV SGE,AFOEV,STD,,,,,437.6141130134904,589.5218897616464
2445555.5,10.340159214000003,,,Vis.,VET,,,,,,,,V,,,,SV SGE,AFOEV,STD,,,,,437.6141130134904,589.5218897616464
2445556.4,10.435023060000002,,,Vis.,SCZ,,,,,,,,V,,,,SV SGE,AFOEV,STD,,,,,437.6141130134904,589.5218897616464
2445556.67,10.245295368,,,Vis.,HEF,,,,,,,,V,,,,SV SGE,,STD,,,,,437.6141130134904,589.5218897616464
2445557.6,10.529886906,,,Vis.,WER,,,,,,,,V,,,,SV SGE,,STD,,,,,437.6141130134904,589.5218897616464
2445557.7,10.435023060000002,,,Vis.,GOP,,,,,,,,V,,,,SV SGE,,STD,,,,,437.6141130134904,589.5218897616464
2445560.4,10.624750751999999,,,Vis.,GRZ,,,,,,,,V,,,,SV SGE,,STD,,,,,437.6141130134904,589.5218897616464
2445560.4,10.340159214000003,,,Vis.,SCZ,,,,,,,,V,,,,SV SGE,AFOEV,STD,,,,,437.6141130134904,589.5218897616464
2445560.6,10.055567675999999,,,Vis.,BRJ,,,,,,,,V,,,,SV SGE,,STD,,,,,437.6141130134904,589.5218897616464
2445561.4,10.245295368,,,Vis.,GRZ,,,,,,,,V,,,,SV SGE,,STD,,,,,437.6141130134904,589.5218897616464
2445562.68,10.245295368,,,Vis.,HEF,,,,,,,,V,,,,SV SGE,,STD,,,,,437.6141130134904,589.5218897616464
2445563.4,10.245295368,,,Vis.,WLP,,,,,,,,V,,,,SV SGE,KNVWS,STD,,,,,0.0,0.0
2445563.5,10.529886906,,,Vis.,SHS,,,,,,,,V,,,,SV SGE,,STD,,,,,437.6141130134904,589.5218897616464
2445565.4,10.529886906,,,Vis.,SCZ,,,,,,,,V,,,,SV SGE,AFOEV,STD,,,,,437.6141130134904,589.5218897616464
2445567.7,9.960703830000002,,,Vis.,GOP,,,,,,,,V,,,,SV SGE,,STD,,,,,437.6141130134904,589.5218897616464
2445568.6,10.055567675999999,,,Vis.,BRJ,,,,,,,,V,,,,SV SGE,,STD,,,,,437.6141130134904,589.5218897616464
2445569.4,10.529886906,,,Vis.,SCZ,,,,,,,,V,,,,SV SGE,AFOEV,STD,,,,,437.6141130134904,589.5218897616464
2445571.5,10.529886906,,,Vis.,SHS,,,,,,,,V,,,,SV SGE,,STD,,,,,437.6141130134904,589.5218897616464
2445573.4,10.340159214000003,,,Vis.,VET,,,,,,,,V,,,,SV SGE,AFOEV,STD,,,,,437.6141130134904,589.5218897616464
2445574.4,10.529886906,,,Vis.,MIS,,,,,,,,V,,,,SV SGE,AFOEV,STD,,,,,437.6141130134904,589.5218897616464
2445576.4,10.245295368,,,Vis.,GRZ,,,,,,,,V,,,,SV SGE,,STD,,,,,437.6141130134904,589.5218897616464
2445577.3,10.340159214000003,,,Vis.,GRZ,,,,,,,,V,,,,SV SGE,,STD,,,,,437.6141130134904,589.5218897616464
2445577.4,10.340159214000003,,,Vis.,SCZ,,,,,,,,V,,,,SV SGE,AFOEV,STD,,,,,437.6141130134904,589.5218897616464
2445578.3,10.435023060000002,,,Vis.,GRZ,,,,,,,,V,,,,SV SGE,,STD,,,,,437.6141130134904,589.5218897616464
2445578.5,10.245295368,,,Vis.,SHS,,,,,,,,V,,,,SV SGE,,STD,,,,,437.6141130134904,589.5218897616464
2445578.7,9.960703830000002,,,Vis.,GOP,,,,,,,,V,,,,SV SGE,,STD,,,,,437.6141130134904,589.5218897616464
2445579.6,9.960703830000002,,,Vis.,BRJ,,,,,,,,V,,,,SV SGE,,STD,,,,,437.6141130134904,589.5218897616464
2445580.3,10.340159214000003,,,Vis.,GRZ,,,,,,,,V,,,,SV SGE,,STD,,,,,437.6141130134904,589.5218897616464
2445580.416,10.245295368,,,Vis.,CEA,,,,,,,,V,,,,SV SGE,AFOEV,STD,,,,,437.6141130134904,589.5218897616464
2445582.3,10.624750751999999,,,Vis.,GRZ,,,,,,,,V,,,,SV SGE,,STD,,,,,437.6141130134904,589.5218897616464
2445583.3,10.529886906,,,Vis.,GRZ,,,,,,,,V,,,,SV SGE,,STD,,,,,437.6141130134904,589.5218897616464
2445583.3,10.624750751999999,,,Vis.,MIS,,,,,,,,V,,,,SV SGE,AFOEV,STD,,,,,437.6141130134904,589.5218897616464
2445583.3,10.529886906,,,Vis.,SCZ,,,,,,,,V,,,,SV SGE,AFOEV,STD,,,,,437.6141130134904,589.5218897616464
2445583.341,10.245295368,,,Vis.,CEA,,,,,,,,V,,,,SV SGE,AFOEV,STD,,,,,437.6141130134904,589.5218897616464
2445583.6,10.435023060000002,,,Vis.,WER,,,,,,,,V,,,,SV SGE,,STD,,,,,437.6141130134904,589.5218897616464
2445585.3,10.340159214000003,,,Vis.,GUN,,,,,,,,V,,,,SV SGE,AFOEV,STD,,,,,437.6141130134904,589.5218897616464
2445585.3,10.245295368,,,Vis.,VED,,,,,,,,V,,,,SV SGE,AFOEV,STD,,,,,437.6141130134904,589.5218897616464
2445585.4,10.624750751999999,,,Vis.,MIS,,,,,,,,V,,,,SV SGE,AFOEV,STD,,,,,437.6141130134904,589.5218897616464
2445585.5,10.529886906,,,Vis.,SHS,,,,,,,,V,,,,SV SGE,,STD,,,,,437.6141130134904,589.5218897616464
2445585.6,10.624750751999999,,,Vis.,KRS,,,,,,,,Z,,,,SV SGE,AAVSO,STD,,,MQE,,437.6141130134904,589.5218897616464
2445586.3,10.435023060000002,,,Vis.,GRZ,,,,,,,,V,,,,SV SGE,,STD,,,,,437.6141130134904,589.5218897616464
2445586.4,10.340159214000003,,,Vis.,SCZ,,,,,,,,V,,,,SV SGE,AFOEV,STD,,,,,437.6141130134904,589.5218897616464
2445586.6,9.960703830000002,,,Vis.,BRJ,,,,,,,,V,,,,SV SGE,,STD,,,,,437.6141130134904,589.5218897616464
2445588.3,10.624750751999999,,,Vis.,STF,,,,,,,,V,,,,SV SGE,AFOEV,STD,,,,,437.6141130134904,589.5218897616464
2445588.4,10.435023060000002,,,Vis.,VET,,,,,,,,V,,,,SV SGE,AFOEV,STD,,,,,437.6141130134904,589.5218897616464
2445590.6,9.960703830000002,,,Vis.,GOP,,,,,,,,V,,,,SV SGE,,STD,,,,,437.6141130134904,589.5218897616464
2445591.334,9.865839983999999,,,Vis.,CEA,,,,,,,,V,,,,SV SGE,AFOEV,STD,,,,,437.6141130134904,589.5218897616464
2445592.4,10.340159214000003,,,Vis.,SCZ,,,,,,,,V,,,,SV SGE,AFOEV,STD,,,,,437.6141130134904,589.5218897616464
2445592.5,10.245295368,,,Vis.,SHS,,,,,,,,V,,,,SV SGE,,STD,,,,,0.0,0.0
2445593.3,10.340159214000003,,,Vis.,VED,,,,,,,,V,,,,SV SGE,AFOEV,STD,,,,,437.6141130134904,589.5218897616464
2445593.6,10.150431522,,,Vis.,BRJ,,,,,,,,V,,,,SV SGE,,STD,,,,,437.6141130134904,589.5218897616464
2445594.7,10.150431522,,,Vis.,HK,,,,,,,,V,,,,SV SGE,,STD,,,,,437.6141130134904,589.5218897616464
2445595.3,10.435023060000002,,,Vis.,VED,,,,,,,,V,,,,SV SGE,AFOEV,STD,,,,,437.6141130134904,589.5218897616464
2445597.3,10.719614597999998,,,Vis.,GRZ,,,,,,,,V,,,,SV SGE,,STD,,,,,437.6141130134904,589.5218897616464
2445598.4,10.340159214000003,,,Vis.,SCZ,,,,,,,,V,,,,SV SGE,AFOEV,STD,,,,,437.6141130134904,589.5218897616464
2445599.6,10.529886906,,,Vis.,GOP,,,,,,,,V,,,,SV SGE,,STD,,,,,437.6141130134904,589.5218897616464
2445600.3,10.245295368,,,Vis.,VED,,,,,,,,V,,,,SV SGE,AFOEV,STD,,,,,437.6141130134904,589.5218897616464
2445600.4,10.529886906,,,Vis.,SCZ,,,,,,,,V,,,,SV SGE,AFOEV,STD,,,,,437.6141130134904,589.5218897616464
2445601.3,10.719614597999998,,,Vis.,GRZ,,,,,,,,V,,,,SV SGE,,STD,,,,,437.6141130134904,589.5218897616464
2445601.3,10.245295368,,,Vis.,VED,,,,,,,,V,,,,SV SGE,AFOEV,STD,,,,,437.6141130134904,589.5218897616464
2445601.5,10.150431522,,,Vis.,BRJ,,,,,,,,V,,,,SV SGE,,STD,,,,,437.6141130134904,589.5218897616464
2445602.3,10.719614597999998,,,Vis.,GRZ,,,,,,,,V,,,,SV SGE,,STD,,,,,437.6141130134904,589.5218897616464
2445603.3,10.624750751999999,,,Vis.,GRZ,,,,,,,,V,,,,SV SGE,,STD,,,,,437.6141130134904,589.5218897616464
2445603.3,10.150431522,,,Vis.,VED,,,,,,,,V,,,,SV SGE,AFOEV,STD,,,,,437.6141130134904,589.5218897616464
2445604.3,10.624750751999999,,,Vis.,GRZ,,,,,,,,V,,,,SV SGE,,STD,,,,,437.6141130134904,589.5218897616464
2445605.3,10.624750751999999,,,Vis.,GRZ,,,,,,,,V,,,,SV SGE,,STD,,,,,437.6141130134904,589.5218897616464
2445605.3,10.340159214000003,,,Vis.,SCZ,,,,,,,,V,,,,SV SGE,AFOEV,STD,,,,,437.6141130134904,589.5218897616464
2445605.3,10.150431522,,,Vis.,VED,,,,,,,,V,,,,SV SGE,AFOEV,STD,,,,,437.6141130134904,589.5218897616464
2445605.3,10.055567675999999,,,Vis.,VIA,,,,,,,,V,,,,SV SGE,AFOEV,STD,,,,,437.6141130134904,589.5218897616464
2445605.5,10.529886906,,,Vis.,SHS,,,,,,,,V,,,,SV SGE,,STD,,,,,437.6141130134904,589.5218897616464
2445606.3,10.340159214000003,,,Vis.,VET,,,,,,,,V,,,,SV SGE,AFOEV,STD,,,,,437.6141130134904,589.5218897616464
2445607.3,10.719614597999998,,,Vis.,GRZ,,,,,,,,V,,,,SV SGE,,STD,,,,,437.6141130134904,589.5218897616464
2445607.3,10.150431522,,,Vis.,VED,,,,,,,,V,,,,SV SGE,AFOEV,STD,,,,,437.6141130134904,589.5218897616464
2445608.3,10.529886906,,,Vis.,SCZ,,,,,,,,V,,,,SV SGE,AFOEV,STD,,,,,437.6141130134904,589.5218897616464
2445609.3,10.719614597999998,,,Vis.,GRZ,,,,,,,,V,,,,SV SGE,,STD,,,,,437.6141130134904,589.5218897616464
2445610.3,10.150431522,,,Vis.,VED,,,,,,,,V,,,,SV SGE,AFOEV,STD,,,,,437.6141130134904,589.5218897616464
2445610.4,10.055567675999999,,,Vis.,VIA,,,,,,,,V,,,,SV SGE,AFOEV,STD,,,,,437.6141130134904,589.5218897616464
2445611.3,10.150431522,,,Vis.,VED,,,,,,,,V,,,,SV SGE,AFOEV,STD,,,,,437.6141130134904,589.5218897616464
2445612.3,10.719614597999998,,,Vis.,GRZ,,,,,,,,V,,,,SV SGE,,STD,,,,,437.6141130134904,589.5218897616464
2445612.3,10.340159214000003,,,Vis.,SCZ,,,,,,,,V,,,,SV SGE,AFOEV,STD,,,,,437.6141130134904,589.5218897616464
2445612.3,10.719614597999998,,,Vis.,STF,,,,,,,,V,,,,SV SGE,AFOEV,STD,,,,,437.6141130134904,589.5218897616464
2445612.3,10.340159214000003,,,Vis.,VET,,,,,,,,V,,,,SV SGE,AFOEV,STD,,,,,437.6141130134904,589.5218897616464
2445612.6,10.340159214000003,,,Vis.,WER,,,,,,,,V,,,,SV SGE,,STD,,,,,437.6141130134904,589.5218897616464
2445612.8,10.529886906,,,Vis.,HK,,,,,,,,V,,,,SV SGE,,STD,,,,,437.6141130134904,589.5218897616464
2445613.3,10.624750751999999,,,Vis.,GRZ,,,,,,,,V,,,,SV SGE,,STD,,,,,437.6141130134904,589.5218897616464
2445613.3,10.150431522,,,Vis.,VED,,,,,,,,V,,,,SV SGE,AFOEV,STD,,,,,0.0,0.0
2445613.6,10.435023060000002,,,Vis.,SHS,,,,,,,,V,,,,SV SGE,,STD,,,,,0.0,0.0
2445614.3,10.529886906,,,Vis.,SCZ,,,,,,,,V,,,,SV SGE,AFOEV,STD,,,,,0.0,0.0
2445614.3,10.150431522,,,Vis.,VIA,,,,,,,,V,,,,SV SGE,AFOEV,STD,,,,,0.0,0.0
2445614.5,10.245295368,,,Vis.,BRJ,,,,,,,,V,,,,SV SGE,,STD,,,,,0.0,0.0
2445615.3,10.624750751999999,,,Vis.,GRZ,,,,,,,,V,,,,SV SGE,,STD,,,,,0.0,0.0
2445616.8,9.865839983999999,,,Vis.,GFB,,,,,,,,V,,,,SV SGE,,STD,,,,,0.0,0.0
2445619.3,9.960703830000002,,,Vis.,VED,,,,,,,,V,,,,SV SGE,AFOEV,STD,,,,,0.0,0.0
2445619.4,10.719614597999998,,,Vis.,GRZ,,,,,,,,V,,,,SV SGE,,STD,,,,,0.0,0.0
2445620.3,10.435023060000002,,,Vis.,SCZ,,,,,,,,V,,,,SV SGE,AFOEV,STD,,,,,0.0,0.0
