2458645.7875540005,20.166178069088822,0.021582947436183567,17.425651608194624,0.040009390330274675,17.425651608194624.1,0.040009390330274675.1,17.425651608194624.2,0.040009390330274675.2,1.2435324698725057,8.99824257314717e-09,12.0,2443.71728515625,51.81527895705226,934.9911397819204,743.8028396870322,0.0
2458552.875748662,2367691.833791681,2057.537527594066,2045014.1860079612,4373.596485280437,2045014.1860079612,4373.596485280437,17.381203358577107,0.0371725391633647,2.0758976613971143,6.174706116692667e-09,12.0,2397.2576904296875,73.46825754147407,934.9911397819204,743.8028396870322,0.0
2458645.69297738,2369600.6932812855,1839.808910695563,2047013.4511634454,4292.501071455476,2047013.4511634454,4292.501071455476,17.398195726880925,0.0364832843460712,2.186095644864416,9.726098026394113e-09,12.0,2499.4835205078125,68.10616120679232,934.9911397819204,743.8028396870322,0.0
2458555.8661880703,2366060.744940892,2264.7205446574626,2043305.847011491,4462.908606906339,2043305.847011491,4462.908606906339,17.366683661009144,0.0379316303026766,2.1515310363579667,1.0373966085446045e-08,12.0,2389.252685546875,85.2309526988919,934.9911397819204,743.8028396870322,0.0
2458647.624302169,2369222.1337914458,2245.0768629522145,2046616.962683576,4494.013478915386,2046616.962683576,4494.013478915386,17.394825849573923,0.0381960001586565,2.1146164000676584,8.312857936936295e-09,12.0,4685.956787109375,80.9117463768123,934.9911397819204,743.8028396870322,0.0
2458559.8573736465,2367964.893243096,1923.2226997082912,2045300.177852601,4309.792893545417,2045300.177852601,4309.792893545417,17.38363409106033,0.0366302528503691,2.17807878516749,1.0215732607873167e-08,12.0,2377.713256835937,71.93127521070484,934.9911397819204,743.8028396870322,0.0
2458653.789671092,2381446.3610876575,3547.3414954577074,2059420.1427076105,5475.492646844149,2059420.1427076105,5475.492646844149,17.503644007001288,0.0465378929077127,2.1667649154229114,6.603412138476325e-09,12.0,13081.8505859375,119.7101462303838,934.9911397819204,743.8028396870322,0.0
2458562.845562868,2386838.95122516,9761.562641548711,2065068.1317913583,11018.166725677447,2065068.1317913583,11018.166725677447,17.55164800008031,0.0936467814296922,1.645593000035824,1.0300341565561213e-08,12.0,4615.91796875,241.14596917512324,934.9911397819204,743.8028396870322,2.0
2458654.6107783155,2351510.0263977055,2699.0143434346455,2028065.9905794042,4542.133608853925,2028065.9905794042,4542.133608853925,17.237155442763047,0.0386049879152332,1.7816012227066058,9.973444080863036e-09,12.0,16924.994140625,94.60933621057757,934.9911397819204,743.8028396870322,0.0
2458573.816595727,2351564.380678677,5518.7520394521225,2028122.919138366,6786.436927850722,2028122.919138366,6786.436927850722,17.237639296061943,0.0576800107941508,1.591559660224947,7.916103690207385e-09,12.0,2977.3380126953125,173.1906513345426,934.9911397819204,743.8028396870322,2.0
2458655.764973865,2372297.370002772,3187.7261865223027,2049837.845433544,5117.160659939156,2049837.845433544,5117.160659939156,17.422201120833336,0.0434923193479338,1.384326019312102,8.628704170860147e-09,12.0,9345.84521484375,73.43356699844536,934.9911397819204,743.8028396870322,0.0
2458575.883880605,2365842.0065012733,1765.7237457884676,2043076.7488809705,4205.423147838155,2043076.7488809705,4205.423147838155,17.364736485667834,0.0357431823415028,2.114130650129655,7.317106857727622e-09,12.0,2321.416015625,65.05520137293058,934.9911397819204,743.8028396870322,0.0
2458661.6532382253,2377317.9322241447,8771.951998081851,2055096.1869535847,10003.268593452367,2055096.1869535847,10003.268593452367,17.466893379651882,0.0850208506439115,0.2286797808522429,9.139842558264063e-09,12.0,1791.1475830078125,30.880721251614435,934.9911397819204,743.8028396870322,4.0
2458582.797436348,2368833.6874368177,2243.5507925285733,2046210.1190862302,4487.999847986013,2046210.1190862302,4487.999847986013,17.391367960944596,0.0381448884632844,2.112160467711204,1.0283077520141856e-08,12.0,2372.498413085937,81.01368168796071,934.9911397819204,743.8028396870322,0.0
2458661.66505442,2383913.559548334,5566.017910475901,2062004.1903763623,7104.759546178162,2062004.1903763623,7104.759546178162,17.525606621405686,0.0603855324480541,0.4378799249904521,8.745049045458153e-09,12.0,1888.02783203125,35.962685524899065,934.9911397819204,743.8028396870322,4.0
2458583.794176527,2367930.1542064752,2145.0946379881193,2045263.7935373464,4422.708414478752,2045263.7935373464,4422.708414478752,17.383324849595486,0.0375899565263192,2.186685696855847,8.135664794613166e-09,12.0,2474.9805908203125,80.74710944692818,934.9911397819204,743.8028396870322,0.0
2458661.676869136,2376196.4031648547,4965.059296185473,2053921.5410557026,6523.779821055141,2053921.5410557026,6523.779821055141,17.456909703565387,0.0554476074113159,0.4191946637937396,9.494141045298994e-09,12.0,1847.811767578125,32.415729300900125,934.9911397819204,743.8028396870322,4.0
2458585.7888663937,2362891.333190138,1781.9734427071094,2039986.328465911,4171.8048518024925,2039986.328465911,4171.8048518024925,17.33847005384297,0.0354574501231335,2.1891836938806537,1.031443157265315e-08,12.0,2511.9998779296875,69.70976376337862,934.9911397819204,743.8028396870322,0.0
2457821.901764388,2380640.4205744346,2731.72569096543,2058576.0319732935,4925.52179034299,2058576.0319732935,4925.52179034299,17.496469650739744,0.041863521764695,1.2835220731074377,9.156696431449456e-09,12.0,2387.308837890625,54.16434519760058,934.9911397819204,743.8028396870322,0.0
2458587.783633289,2366103.200486363,1886.3849056500644,2043350.3132978682,4266.118073582705,2043350.3132978682,4266.118073582705,17.367061593627614,0.036259047147927,2.207625236133581,9.48504442353135e-09,12.0,2469.062866210937,72.5643837889065,934.9911397819204,743.8028396870322,0.0
2457844.73369158,2381226.1872397275,2217.909039405981,2059189.5411862768,4641.693077750386,2059189.5411862768,4641.693077750386,17.501684053879924,0.0394511744047946,1.1824918157578832,8.471617015103395e-09,12.0,1849.536865234375,39.48779549229656,934.9911397819204,743.8028396870322,0.0
2458589.820394095,2363790.390035829,2299.3315855744136,2040927.9656236859,4452.495163552916,2040927.9656236859,4452.495163552916,17.346473317116768,0.0378431232508296,2.1815024245892447,1.0159698109985376e-08,12.0,3002.7509765625,89.45636696881455,934.9911397819204,743.8028396870322,0.0
2457844.746693229,2381576.3150349334,2747.6988719836772,2059556.2514154646,4947.289869226977,2059556.2514154646,4947.289869226977,17.504800836692866,0.0420485353496358,1.1660811189481604,6.71062517852069e-09,12.0,1821.1492309570312,48.71406849659856,934.9911397819204,743.8028396870322,0.0
2458590.7758862977,2364565.0840499685,1975.890125330927,2041739.3499906657,4289.324255974009,2041739.3499906657,4289.324255974009,17.35336952193575,0.0364562836160548,2.2159958636567683,8.318094083163783e-09,12.0,3810.3753662109375,77.3832740728321,934.9911397819204,743.8028396870322,0.0
2457844.7760724565,2377951.539085128,2197.865667340672,2055759.802126065,4586.41659226845,2055759.802126065,4586.41659226845,17.472533648723683,0.0389813625855502,1.1673876402401957,6.946957020602835e-09,12.0,1825.9298095703125,39.58752608210316,934.9911397819204,743.8028396870322,0.0
2458601.7428098093,2246539.6322418787,5986.650354886827,1918124.0841500931,6622.1168427068515,1918124.0841500931,6622.1168427068515,16.302725429342058,0.0562834039464694,1.329551319493528,1.0163471621347071e-08,12.0,3300.3153076171875,357.98487077246835,934.9911397819204,743.8028396870322,2.0
2457845.731198966,2378792.8203084175,2037.7105469616251,2056640.9273449946,4516.256727823757,2056640.9273449946,4516.256727823757,17.480022602452884,0.0383850523595053,1.1785139599870524,7.320223215739556e-09,12.0,1915.6117553710935,36.66732561743206,934.9911397819204,743.8028396870322,0.0
2458601.917299757,2304883.899395788,10591.04594520447,1979231.599385291,11456.944384782628,1979231.599385291,11456.944384782628,16.822096960506673,0.0973760874532338,1.3639420681341738,9.54487955208747e-09,12.0,3537.911499023437,411.3871171443723,934.9911397819204,743.8028396870322,2.0
2457846.8609853685,2377576.9984245785,2012.4622529065934,2055367.5228116235,4486.880086326015,2055367.5228116235,4486.880086326015,17.469199546405804,0.0381353712651844,1.2332818457578076,8.03841460383227e-09,12.0,1744.0642700195312,38.56783522715979,934.9911397819204,743.8028396870322,0.0
2458604.738709719,2367987.651858479,2043.8722236648487,2045324.014340815,4370.590699083672,2045324.014340815,4370.590699083672,17.383836684691136,0.0371469920637427,2.141673770001816,5.5497842084655996e-09,12.0,2382.124267578125,75.20254385848827,934.9911397819204,743.8028396870322,0.0
2457847.7405485627,0.0,0.0,0.0,0.0,0.0,0.0,0.0,0.0,0.0,0.0,12.0,0.0,0.0,0.0,0.0,5.0
2458605.7360795,2366167.8498926186,1865.1542967584517,2043418.0245704642,4256.761495810959,2043418.0245704642,4256.761495810959,17.367637092519853,0.0361795227211021,2.0360859935652,9.70875586054128e-09,12.0,2458.688720703125,66.00789439034708,934.9911397819204,743.8028396870322,0.0
2457848.91727625,2378774.094647,2182.4569707322535,2056621.3148158453,4589.586913794746,2056621.3148158453,4589.586913794746,17.479855909546863,0.039008308121448,1.2502693756890648,1.0362351839980327e-08,12.0,1916.66064453125,42.276150204641816,934.9911397819204,743.8028396870322,0.0
2458606.733463814,2369891.907416725,1996.5294155658087,2047318.4575177303,4372.651930825127,2047318.4575177303,4372.651930825127,17.400788069518818,0.0371645111050836,2.162442457325762,9.642654608533304e-09,12.0,2393.546875,72.95691514305078,934.9911397819204,743.8028396870322,0.0
2457849.789904132,2373143.5056677586,1951.4776924058328,2050724.055005818,4395.353790141699,2050724.055005818,4395.353790141699,17.429733288042446,0.0373574611765789,1.2610113776115044,7.131647512849676e-09,12.0,1802.003845214844,39.7804187823132,934.9911397819204,743.8028396870322,0.0
2458608.8262262885,2369732.617917696,1887.3673509898313,2047151.6238944186,4316.926656474713,2047151.6238944186,4316.926656474713,17.399370099338626,0.0366908848914739,2.2097508725905177,8.19382874350012e-09,12.0,2683.38330078125,70.5718653482295,934.9911397819204,743.8028396870322,0.0
2457851.834647825,2375234.412086166,2023.1297471958546,2052913.989031061,4459.640345499765,2052913.989031061,4459.640345499765,17.44834620960311,0.0379038523456701,1.2574459564018254,7.523901410151435e-09,12.0,2217.331298828125,40.42930457104664,934.9911397819204,743.8028396870322,0.0
2458611.7201801976,2364505.662116246,2020.6465947686643,2041677.1137694,4311.33001924601,2041677.1137694,4311.33001924601,17.352840557185523,0.0366433173535752,1.9420810776920183,6.460715669449928e-09,12.0,2314.453857421875,69.21281151331237,934.9911397819204,743.8028396870322,0.0
2457864.884784566,2373491.2345669796,2798.7843762351217,2051088.2527246925,4876.153610585472,2051088.2527246925,4876.153610585472,17.432828716258932,0.0414439264495724,1.211261554503697,7.735151951261686e-09,12.0,1907.6051025390625,55.51264648270283,934.9911397819204,743.8028396870322,0.0
2458613.7682784777,2365964.4347633384,1731.6285921363922,2043204.9754789602,4191.563197539155,2043204.9754789602,4191.563197539155,17.365826322887973,0.0356253823690943,2.1757842692616367,7.593573183452991e-09,12.0,2514.586303710937,65.61893767322823,934.9911397819204,743.8028396870322,0.0
2457867.794765722,2375365.9287818144,2665.568349537641,2053051.734500753,4817.563300798797,2053051.734500753,4817.563300798797,17.449516950636024,0.0409459494202628,1.2170909349636538,9.835757050200786e-09,12.0,1722.5932006835938,52.25853257950755,934.9911397819204,743.8028396870322,0.0
2458617.8568117856,2367276.5026453543,2105.94843715602,2044579.184325881,4393.190098178817,2044579.184325881,4393.190098178817,17.37750614574147,0.0373390712943622,2.1725777882452486,9.329784429409478e-09,12.0,2901.9390869140625,79.18404354980595,934.9911397819204,743.8028396870322,0.0
2457914.6605600743,2526891.1743675563,33149.858259725435,2211753.380863407,35306.92519907447,2211753.380863407,35306.92519907447,18.798370962331145,0.3000843960154294,1.285980227146258,8.879705774976787e-09,12.0,57495.421875,213.30404020836505,934.9911397819204,743.8028396870322,2.0
2458618.70156257,2371599.231511573,2333.6479092814216,2049106.6423425043,4574.667028605351,2049106.6423425043,4574.667028605351,17.415986401293136,0.0388814994370204,2.133379160655141,5.380956624175064e-09,12.0,4054.317260742188,83.23917336591077,934.9911397819204,743.8028396870322,0.0
2457914.676125683,-1176565338.3168216,-1176565338.3168216,-1176565338.3168216,-1176565338.3168216,-1176565338.3168216,-1176565338.3168216,-9999.99,-9999.99,1.2837867668443366,-9999.99,12.0,-9999.99,-9999.99,-9999.99,-9999.99,3.0
2458618.8897766625,2373962.37716712,2369.259859439895,2051581.7091518713,4625.967263144983,2051581.7091518713,4625.967263144983,17.437022753917976,0.0393175158788509,2.0876206416119154,5.5137657859959195e-09,12.0,3756.43017578125,81.13827107517136,934.9911397819204,743.8028396870322,0.0
2457915.53601796,2357957.8899183315,5288.104067561624,2034819.2319438346,6635.616728040589,2034819.2319438346,6635.616728040589,17.294553314273088,0.056398143616203,1.1642021262021718,9.3042171211588e-09,12.0,20971.7841796875,115.47044732703289,934.9911397819204,743.8028396870322,0.0
2458625.7003256227,2373403.448132064,2322.0398208265487,2050996.308628543,4592.176047669874,2050996.308628543,4592.176047669874,17.432047255160164,0.0390303139650818,2.2039996947967344,7.384312469531621e-09,12.0,10383.04150390625,84.49078877913806,934.9911397819204,743.8028396870322,0.0
2457915.84461488,2397458.181635583,5007.474009052261,2076190.3005278201,6767.479172142723,2076190.3005278201,6767.479172142723,17.64617872652688,0.0575188830086139,1.198417527837546,8.939470110625027e-09,12.0,17267.298828125,82.02261300028754,934.9911397819204,743.8028396870322,0.0
2458626.6764046648,2366641.751016948,2392.066784862741,2043914.3701685425,4542.762064225405,2043914.3701685425,4542.762064225405,17.3718556861293,0.0386103293503627,2.1713045468002137,6.534875468220846e-09,12.0,7453.87353515625,90.5214607041231,934.9911397819204,743.8028396870322,0.0
2457917.65710363,2384991.029432441,4135.90457988867,2063132.6904085055,5949.492228188762,2063132.6904085055,5949.492228188762,17.535198089613118,0.050566560861021,1.2028473423899708,8.735027895641857e-09,12.0,11252.19287109375,74.90838514609216,934.9911397819204,743.8028396870322,0.0
2458627.8000402674,2369717.1140062776,2231.147167134271,2047135.385700856,4493.0106654812935,2047135.385700856,4493.0106654812935,17.399232085946643,0.03818747693943,2.0464779950380376,8.203447147064111e-09,12.0,3778.4114990234375,77.4735301075649,934.9911397819204,743.8028396870322,0.0
2457917.783162222,2367958.264028989,3320.9047773004213,2045293.2346716905,5158.862979089302,2045293.2346716905,5158.862979089302,17.38357507883431,0.0438467601604388,1.193283768006349,7.404834648183405e-09,12.0,9877.69873046875,68.12518628478807,934.9911397819204,743.8028396870322,0.0
2458629.672143226,2344210.224939401,36106.85311261209,2020420.4625680493,37973.39664499839,2020420.4625680493,37973.39664499839,17.172173753120845,0.3227475554050056,0.0283415903929855,1.0008785522181387e-08,12.0,1471.795166015625,19.17625392533235,934.9911397819204,743.8028396870322,6.0
2457918.644939944,2384021.2317907508,5234.754965776424,2062116.9620935288,6823.975900819808,2062116.9620935288,6823.975900819808,17.526565102849286,0.057999066049372,0.7679984175595053,9.217018460678515e-09,12.0,6904.244140625,60.80980273570184,934.9911397819204,743.8028396870322,0.0
2458631.7562794965,2380062.276311561,2908.9993072854304,2057970.5061680141,5028.368739451634,2057970.5061680141,5028.368739451634,17.491323101032453,0.0427376495577917,1.446934774763773,6.963601469064037e-09,12.0,2522.4136962890625,65.26578612599369,934.9911397819204,743.8028396870322,0.0
2457919.715205584,2438446.2906788453,14317.65804440943,2119119.651087936,15788.91862664754,2119119.651087936,15788.91862664754,18.011048455667293,0.1341948663923442,0.2805583484480222,6.144684227637658e-09,12.0,5664.203857421875,38.81875038645429,934.9911397819204,743.8028396870322,4.0
2458635.818633756,2366985.848562218,1899.6411026851874,2044274.7645485864,4284.757568066467,2044274.7645485864,4284.757568066467,17.374918788601487,0.0364174699336172,2.1568686850967342,1.0020008124483169e-08,12.0,2772.224975585937,70.87829215026242,934.9911397819204,743.8028396870322,0.0
2457919.8456720416,2409972.3175657727,27195.739594344817,2089297.119574707,28833.640875368037,2089297.119574707,28833.640875368037,17.757577605222536,0.2450659653375148,0.2090203010579044,9.833245151018243e-09,12.0,8374.69970703125,70.44522930785037,934.9911397819204,743.8028396870322,4.0
2458637.7195931133,2372239.7893235376,1940.9563809675103,2049777.537670583,4377.672532926583,2049777.537670583,4377.672532926583,17.42168854664226,0.0372071827436008,2.197203350444791,9.418672202554557e-09,12.0,2696.8173828125,70.68103583324721,934.9911397819204,743.8028396870322,0.0
2457920.808129834,0.0,0.0,0.0,0.0,0.0,0.0,0.0,0.0,0.0,0.0,12.0,0.0,0.0,0.0,0.0,5.0
2458638.6479320894,2370609.968257306,2343.8532212190808,2048070.5265023282,4567.304611824504,2048070.5265023282,4567.304611824504,17.407180134693924,0.0388189239966376,1.8120700318603304,8.758131753943974e-09,12.0,2171.658203125,71.32231487599782,934.9911397819204,743.8028396870322,0.0
2457922.617183335,2375070.7042031474,5607.216242858381,2052742.52776428,7061.713254826244,2052742.52776428,7061.713254826244,17.446888907660444,0.0600196688032249,0.2662678729900557,9.668630001905017e-09,12.0,1602.0632934570312,22.566972855268556,934.9911397819204,743.8028396870322,4.0
2458639.807409977,2366735.703623099,5438.219937629842,2044012.7724725201,6841.994804244158,2044012.7724725201,6841.994804244158,17.372692037518984,0.0581522142411352,0.7060200457116551,7.27853338126783e-09,12.0,2345.4580078125,66.4132363441908,934.9911397819204,743.8028396870322,0.0
2457922.6727261646,2363808.9511685963,6439.151304060094,2040947.4058319307,7714.299065808059,2040947.4058319307,7714.299065808059,17.346638545414518,0.0655661959457768,0.2897009789731629,5.678907598738258e-09,12.0,1505.54345703125,32.071022161525256,934.9911397819204,743.8028396870322,4.0
2458641.7617953583,2368356.6359271724,2123.011357512313,2045710.4738971523,4416.761367517979,2045710.4738971523,4416.761367517979,17.387121323098313,0.0375394107485366,2.1041404159715857,9.489380605715933e-09,12.0,2599.3809814453125,76.32800144571432,934.9911397819204,743.8028396870322,0.0
2457923.8141420176,2379108.4055509386,2314.174848231492,2056971.459048555,4664.339059576378,2056971.459048555,4664.339059576378,17.482831892870212,0.0396436495563438,1.1463499891236182,7.900478512091875e-09,12.0,2039.6051635742188,40.760179290297856,934.9911397819204,743.8028396870322,0.0
2458642.6375928437,2370887.2863567863,1951.4592639751204,2048360.9786892438,4364.043238644174,2048360.9786892438,4364.043238644174,17.409648776995418,0.0370913431874856,2.151020705716625,7.315105701165559e-09,12.0,2521.0029296875,70.20027301518901,934.9911397819204,743.8028396870322,0.0
2457928.51993801,2258056.176474592,47425.770640140836,1930186.0644694434,49723.21052551588,1930186.0644694434,49723.21052551588,16.40524390294103,0.4226128306094637,0.0095572509026773,4.383667080200308e-09,12.0,1045.2715454101562,16.061468731084936,934.9911397819204,743.8028396870322,6.0
2458644.7067222367,2369801.9219836574,1670.599383555759,2047224.2102764766,4218.7847998290445,2047224.2102764766,4218.7847998290445,17.39998703328277,0.0358567471236198,2.2104676602168936,7.881831939972401e-09,12.0,2361.1414794921875,62.25982504377458,934.9911397819204,743.8028396870322,0.0
2458656.664031166,2383920.691413543,3441.5466081673894,2062011.660014478,5430.161762563557,2062011.660014478,5430.161762563557,17.525670108153115,0.0461526118062436,1.1457078612804694,8.53872588393823e-09,12.0,7251.59521484375,59.48159245834516,934.9911397819204,743.8028396870322,0.0
2457928.6362991566,2385899.806035014,3780.270745480311,2064084.507661442,5694.388978392576,2064084.507661442,5694.388978392576,17.54328787664085,0.0483983600277559,0.6435401884571368,8.008800772260412e-09,12.0,1819.2517700195312,35.237755009087664,934.9911397819204,743.8028396870322,4.0
2458661.629563602,2377230.7326537413,4457.093703268703,2055004.8575164895,6118.670749195018,2055004.8575164895,6118.670749195018,17.466117142729118,0.0520044610465709,0.3812742393919492,8.579910596293115e-09,12.0,1771.5413208007812,25.65974015086729,934.9911397819204,743.8028396870322,4.0
2457928.66047753,2381121.796946498,3316.64316048801,2059080.2068549872,5310.62098908308,2059080.2068549872,5310.62098908308,17.50075478783412,0.0451365980750324,0.6966436500870657,9.287657177398038e-09,12.0,1798.69970703125,34.7520533678836,934.9911397819204,743.8028396870322,4.0
2458661.641392995,2385595.8017416294,7548.217786442632,2063766.1053933918,8900.039741294633,2063766.1053933918,8900.039741294633,17.540581678019503,0.075644169953087,0.3222567208983751,8.876716667160157e-09,12.0,1791.4634399414062,35.46188137919889,934.9911397819204,743.8028396870322,4.0
2458668.699737273,2373313.3690136992,1985.493194084354,2050901.9632649554,4414.3862357922,2050901.9632649554,4414.3862357922,17.43124538495228,0.0375192237748659,2.174238470809737,7.296290489852169e-09,12.0,2121.4627685546875,70.99222746752848,934.9911397819204,743.8028396870322,0.0
2457929.5496925926,0.0,0.0,0.0,0.0,0.0,0.0,0.0,0.0,0.0,0.0,12.0,0.0,0.0,0.0,0.0,5.0
2457932.761245984,2381762.253644846,3393.281341080563,2059750.9962805952,5371.060596562039,2059750.9962805952,5371.060596562039,17.506456033085655,0.0456502928531381,0.9794558577556566,7.039514498072766e-09,12.0,1803.8248901367188,50.45216003217537,934.9911397819204,743.8028396870322,0.0
2457932.820281127,2382810.430723116,3582.0832859790858,2060848.8161676906,5516.055696451385,2060848.8161676906,5516.055696451385,17.515786741321936,0.0468826507186322,0.9568172542477498,6.518016146383189e-09,12.0,1974.075927734375,51.64462363301757,934.9911397819204,743.8028396870322,0.0
2457933.67219274,2379171.630099091,1930.7332426086941,2057037.6779802153,4469.733041632815,2057037.6779802153,4469.733041632815,17.483394707898707,0.0379896332684261,1.132698859939772,1.0382843651729372e-08,12.0,1594.50048828125,33.08213625554603,934.9911397819204,743.8028396870322,0.0
2457936.722972521,2384795.3343528556,2938.5894146958376,2062927.7269966616,5106.8005971002885,2062927.7269966616,5106.8005971002885,17.533456042654876,0.0434042659934671,1.161831495967696,7.85630498931304e-09,12.0,2272.533935546875,50.89733586890744,934.9911397819204,743.8028396870322,0.0
2457936.787188911,2379903.622286039,2194.3434754638943,2057804.3381149303,4611.254207678237,2057804.3381149303,4611.254207678237,17.489910787737944,0.03919246510373,1.1300472604914067,1.0368496449203772e-08,12.0,1705.9246215820312,37.69469174543879,934.9911397819204,743.8028396870322,0.0
2457937.768111161,2382534.3298752797,2459.7633783954166,2060559.63888278,4790.943090538874,2060559.63888278,4790.943090538874,17.51332893480397,0.0407196960812192,1.1265035203057958,9.628861216670341e-09,12.0,2373.375732421875,41.508765489298725,934.9911397819204,743.8028396870322,0.0
2457938.5007220856,2374277.359864097,3006.621313530537,2051911.6097726743,5019.648650863067,2051911.6097726743,5019.648650863067,17.439826680569208,0.0426635348479282,1.120982727104226,8.556957166452194e-09,12.0,5897.769287109375,54.73597441518462,934.9911397819204,743.8028396870322,0.0
2457939.47026248,0.0,0.0,0.0,0.0,0.0,0.0,0.0,0.0,0.0,0.0,12.0,0.0,0.0,0.0,0.0,5.0
2457941.580708092,-1176565338.3168216,-1176565338.3168216,-1176565338.3168216,-1176565338.3168216,-1176565338.3168216,-1176565338.3168216,-9999.99,-9999.99,0.3319684105431264,-9999.99,12.0,-9999.99,-9999.99,-9999.99,-9999.99,7.0
2457941.788830149,2467927.7736788625,23194.270023445413,2149997.409254429,24891.611392275045,2149997.409254429,24891.611392275045,18.273488001378432,0.2115614466109738,0.8769794411521271,5.547251772425965e-09,12.0,43685.33203125,161.16633570182515,934.9911397819204,743.8028396870322,0.0
2457942.48499078,2389272.797826233,8757.294630737671,2067617.2480200857,10065.695838012416,2067617.2480200857,10065.695838012416,17.57331372145247,0.0855514389597471,1.12596179409202,7.010900370769243e-09,12.0,32292.3076171875,144.87551985808295,934.9911397819204,743.8028396870322,0.0
2457942.7506021904,2396166.532121035,10387.992156455082,2074837.4770845056,11682.898362258771,2074837.4770845056,11682.898362258771,17.634680664783648,0.0992965396726185,1.113792891200271,9.26179884843301e-09,12.0,26639.4326171875,160.9569808588975,934.9911397819204,743.8028396870322,0.0
2457944.685506,2383881.647539365,4371.374191084195,2061970.7669798683,6119.6993331262465,2061970.7669798683,6119.6993331262465,17.52532254569835,0.0520132032971638,1.1454642966927338,8.933487118860078e-09,12.0,7970.860107421875,76.08646188998306,934.9911397819204,743.8028396870322,0.0
2457945.632456465,2415663.5420158766,5859.49389526802,2095257.8866175795,7651.783551906449,2095257.8866175795,7651.783551906449,17.808239994194775,0.0650348574017098,1.1665067512454137,9.148845748948583e-09,12.0,10196.748046875,80.83238920966934,934.9911397819204,743.8028396870322,0.0
2457945.7313681445,2445880.777007154,7490.603077017319,2126906.242791531,9337.407672630747,2126906.242791531,9337.407672630747,18.07722908893448,0.0793614942675519,1.16158538315315,9.24863106625342e-09,12.0,8633.5693359375,81.18577052466026,934.9911397819204,743.8028396870322,0.0
2457946.529982985,2374141.6010313523,1904.9740051812405,2051769.421253647,4386.876342672093,2051769.421253647,4386.876342672093,17.438618176696046,0.037285408748073,1.1605337421301187,9.556658334617316e-09,12.0,2163.95068359375,35.16781628064237,934.9911397819204,743.8028396870322,0.0
2457946.687990557,2376322.370685405,2353.2186115670315,2054053.4745353165,4648.41359306726,2054053.4745353165,4648.41359306726,17.458031046710417,0.03950829412758,1.1665579057402995,6.543682248633881e-09,12.0,2662.3125,43.44450600288652,934.9911397819204,743.8028396870322,0.0
2457947.677525408,2438616.5659597446,15499.742538683304,2119297.990791719,16970.029866968467,2119297.990791719,16970.029866968467,18.012564219557625,0.1442334934090075,0.3065449401147896,8.621512412389914e-09,12.0,7259.892822265625,46.26809604959794,934.9911397819204,743.8028396870322,4.0
2457948.575485768,2378731.540058878,2874.7284699208053,2056576.744796049,4989.927648145919,2056576.744796049,4989.927648145919,17.479477095266223,0.0424109269218893,0.9999459775452362,9.40169277840666e-09,12.0,1671.6111450195312,44.62600461489132,934.9911397819204,743.8028396870322,0.0
2457948.5941631044,2386886.2818124425,2938.01452035383,2065117.7040068398,5132.968215521408,2065117.7040068398,5132.968215521408,17.55206932955769,0.0436266726155331,0.8655595258562725,8.364020203814758e-09,12.0,1672.6106567382812,36.49422454927817,934.9911397819204,743.8028396870322,0.0
2457954.574370821,2377919.6837981804,2728.934314298573,2055726.4381380093,4888.9065279742645,2055726.4381380093,4888.9065279742645,17.472250077946903,0.0415523174094329,1.102105396918743,8.565869497294999e-09,12.0,1805.0309448242188,47.25907389531528,934.9911397819204,743.8028396870322,0.0
2457954.772326633,2381410.904014632,4874.549823262025,2059383.0063489617,6499.073139435641,2059383.0063489617,6499.073139435641,17.503328373688763,0.0552376177396147,0.411831631792437,9.390497469424948e-09,12.0,1762.6207275390625,29.790013635708377,934.9911397819204,743.8028396870322,4.0
2457955.622977011,2380610.3781270147,2341.258230621012,2058544.5666828179,4699.366938433636,2058544.5666828179,4699.366938433636,17.49620221757658,0.0399413622518367,1.1228593896090189,7.178586434347512e-09,12.0,1730.148193359375,39.866872599351865,934.9911397819204,743.8028396870322,0.0
2457956.567324613,2374946.5216527847,1891.565829423788,2052612.4637929855,4391.798723621912,2052612.4637929855,4391.798723621912,17.445783454040537,0.0373272455748699,1.1806579716484398,9.36412047791082e-09,12.0,1898.9269409179688,35.29274437768673,934.9911397819204,743.8028396870322,0.0
2457958.574212403,0.0,0.0,0.0,0.0,0.0,0.0,0.0,0.0,0.0,0.0,12.0,0.0,0.0,0.0,0.0,5.0
2457960.656543944,2374367.821462047,2327.6913685105837,2052006.3557304968,4608.1662461392025,2052006.3557304968,4608.1662461392025,17.440631955550465,0.0391662195706473,1.1785574567567103,7.380274076897123e-09,12.0,1546.4364624023438,44.233125842058286,934.9911397819204,743.8028396870322,0.0
2457965.5901423763,-1176565338.3168216,-1176565338.3168216,-1176565338.3168216,-1176565338.3168216,-1176565338.3168216,-1176565338.3168216,-9999.99,-9999.99,0.0563624803599724,-9999.99,12.0,-9999.99,-9999.99,-9999.99,-9999.99,5.0
2457968.5422746576,0.0,0.0,0.0,0.0,0.0,0.0,0.0,0.0,0.0,0.0,12.0,0.0,0.0,0.0,0.0,5.0
2457968.704035311,2382723.773944793,4159.103233757115,2060758.0552298992,5942.703007387485,2060758.0552298992,5942.703007387485,17.51501533624926,0.050508857189232,1.158841631995221,8.492525495932672e-09,12.0,9821.96044921875,73.89900636707736,934.9911397819204,743.8028396870322,0.0
2457969.754045121,2388906.599065054,9692.935103851369,2067233.7056864607,10963.877285148845,2067233.7056864607,10963.877285148845,17.570053877416687,0.0931853588085156,1.0934238074905327,8.992878103823271e-09,12.0,24308.8154296875,156.141873088423,934.9911397819204,743.8028396870322,0.0
2457970.558578161,2402532.1259658663,5972.670092610813,2081504.5523916315,7624.121717808112,2081504.5523916315,7624.121717808112,17.691346184520853,0.0647997509818991,1.1508254840878784,7.106253748493978e-09,12.0,12771.306640625,90.48244225481702,934.9911397819204,743.8028396870322,0.0
2457971.504186619,2367407.155734603,4511.705197726366,2044716.025287833,6064.637054925198,2044716.025287833,6064.637054925198,17.378669199085437,0.0515452120913584,1.173297282348814,8.243061979894616e-09,12.0,12131.73974609375,91.97473527354764,934.9911397819204,743.8028396870322,0.0
2457972.4779339395,2390977.1689926204,9048.793044771606,2069402.3400624925,10355.570442431745,2069402.3400624925,10355.570442431745,17.58848576671999,0.0880151722102899,1.1641433604849307,9.018771313905576e-09,12.0,23909.3623046875,152.8974620508367,934.9911397819204,743.8028396870322,2.0
2457973.5586458915,-1176565338.3168216,-1176565338.3168216,-1176565338.3168216,-1176565338.3168216,-1176565338.3168216,-1176565338.3168216,-9999.99,-9999.99,0.9808155525277844,-9999.99,12.0,-9999.99,-9999.99,-9999.99,-9999.99,1.0
2457973.6908085914,-1176565338.3168216,-1176565338.3168216,-1176565338.3168216,-1176565338.3168216,-1176565338.3168216,-1176565338.3168216,-9999.99,-9999.99,0.0986249591792635,-9999.99,12.0,-9999.99,-9999.99,-9999.99,-9999.99,7.0
2457974.488831212,2385839.0722719026,2788.873389065032,2064020.8974811174,5027.32961799922,2064020.8974811174,5027.32961799922,17.542747234190802,0.0427288177455714,1.1553554649200906,7.474065339584598e-09,12.0,4739.794921875,47.48691492215614,934.9911397819204,743.8028396870322,0.0
2457979.571866205,2373514.6295227855,2028.3077471934832,2051112.7556911048,4438.462242666331,2051112.7556911048,4438.462242666331,17.433036974492552,0.0377238531482976,1.1522084562555437,7.723490610885824e-09,12.0,1881.4307861328125,37.56372269465862,934.9911397819204,743.8028396870322,0.0
2457980.5027886257,2380537.909771048,2445.831312566646,2058468.6661465336,4756.4701104324995,2058468.6661465336,4756.4701104324995,17.495557115618247,0.0404266996405565,1.1209570071010126,9.993082616138129e-09,12.0,2222.603759765625,41.754465188830814,934.9911397819204,743.8028396870322,0.0
2457980.6178851826,2387309.0642585014,3349.410176277589,2065560.509890331,5407.406479376543,2065560.509890331,5407.406479376543,17.5558328726969,0.045959207668873,1.0977268611157565,5.61987145016616e-09,12.0,2313.4364013671875,53.68267571514615,934.9911397819204,743.8028396870322,0.0
2457981.624695877,2377080.2753421566,2622.741107375137,2054847.2743826453,4813.853475657401,2054847.2743826453,4813.853475657401,17.464777795298676,0.0409144184775199,1.1304118778131789,8.883883657821212e-09,12.0,1997.4913330078125,46.87072464786855,934.9911397819204,743.8028396870322,0.0
2457983.67671308,2429858.5301970625,9653.90402681397,2110125.164910012,11193.046804927224,2110125.164910012,11193.046804927224,17.934601556455515,0.095133140909055,0.9175613485710616,9.402161146507804e-09,12.0,1995.066650390625,93.74269675741692,934.9911397819204,743.8028396870322,2.0
2457986.609924924,2415482.604085195,5975.160262496357,2095068.3792693,7747.55580594653,2095068.3792693,7747.55580594653,17.806629313065546,0.0658488551895831,1.0170064128264875,7.298279553283419e-09,12.0,1856.2560424804688,71.40704393294091,934.9911397819204,743.8028396870322,0.0
2457989.697470366,2313762.8910302813,65282.357426869814,1988531.109740725,68439.6594249647,1988531.109740725,68439.6594249647,16.90113635384141,0.5816896755025438,0.0129521753830822,1.026403347315904e-08,12.0,956.0873413085938,20.330309755457584,934.9911397819204,743.8028396870322,6.0
2457990.65519863,2374454.9440769404,1958.513518888976,2052097.6045673848,4417.024264037667,2052097.6045673848,4417.024264037667,17.44140750742733,0.0375416451867631,1.1617190698726412,8.409478954338183e-09,12.0,1904.212158203125,36.18044956457423,934.9911397819204,743.8028396870322,0.0
2457993.591957973,2388873.803156942,2890.263572588741,2067199.3565283972,5128.6208513409265,2067199.3565283972,5128.6208513409265,17.569761933377574,0.0435897230327812,1.1474007714956251,7.788251257630481e-09,12.0,2876.74658203125,47.692224272050034,934.9911397819204,743.8028396870322,0.0
2457995.497142797,2379129.9182078843,2309.0192623425582,2056993.99056838,4661.825768724099,2056993.99056838,4661.825768724099,17.483023395174083,0.039622288325844,1.166126585849628,5.585517879933452e-09,12.0,3617.44775390625,41.59972118551599,934.9911397819204,743.8028396870322,0.0
2457996.6720416825,2417495.495597447,11779.661440635147,2097176.603517404,13167.175980546359,2097176.603517404,13167.175980546359,17.82454775814651,0.111911870803598,0.6449733161273401,7.039150703075618e-09,12.0,22412.453125,88.92629390611884,934.9911397819204,743.8028396870322,4.0
2457998.6187601136,2367996.708282017,2989.2639115836437,2045333.499686443,4931.816589537413,2045333.499686443,4931.816589537413,17.383917303555496,0.0419170231954666,1.1496875142852172,7.265194416845382e-09,12.0,7564.813720703125,58.87885370127952,934.9911397819204,743.8028396870322,0.0
2457999.4855234814,2385408.228964186,6319.840928814697,2063569.648964774,7778.1328997747305,2063569.648964774,7778.1328997747305,17.538911934523217,0.0661087392967832,0.9095430128542096,8.911491474689043e-09,12.0,14946.40625,86.62008130229755,934.9911397819204,743.8028396870322,0.0
2458000.6659434848,2484183.1147593986,19258.628933813598,2167022.6210050858,20959.83402380731,2167022.6210050858,20959.83402380731,18.418190502557003,0.1781440637538933,1.0154373146611808,8.031456039887972e-09,12.0,10895.93359375,136.99287047545192,934.9911397819204,743.8028396870322,0.0
2458003.570667568,2382431.201324249,2960.4062286748563,2060451.6260511733,5090.8386962414315,2060451.6260511733,5090.8386962414315,17.512410900589668,0.04326860089798,1.1416112299272068,7.491798389967342e-09,12.0,3269.285400390625,51.411014562612905,934.9911397819204,743.8028396870322,0.0
2458004.556674968,2376683.621791508,2355.2487485094625,2054431.8348875286,4654.36565170883,2054431.8348875286,4654.36565170883,17.461246847495378,0.0395588825011762,1.1384414528513622,7.936871703740768e-09,12.0,2446.986083984375,42.28217190838336,934.9911397819204,743.8028396870322,0.0
2458005.652066875,2382626.195247648,2362.552101073874,2060655.8550993067,4738.211665522997,2060655.8550993067,4738.211665522997,17.514146705965302,0.040271515512175,1.0163574499520758,7.382181048436188e-09,12.0,3115.5582275390625,35.58538095153708,934.9911397819204,743.8028396870322,0.0
2458008.5424054526,2377305.02010845,2218.6339099793367,2055082.6633060176,4588.57962939867,2055082.6633060176,4588.57962939867,17.466778438019634,0.0389997469021431,1.0786397814222444,9.476431157099593e-09,12.0,1902.1077270507808,37.19208547337017,934.9911397819204,743.8028396870322,0.0
2458019.509596778,2380075.419846492,2185.127238708633,2057984.2721950859,4608.806658929548,2057984.2721950859,4608.806658929548,17.491440102722525,0.0391716626355505,1.1098720460540878,6.262357859474078e-09,12.0,2013.4352416992188,36.81769005351587,934.9911397819204,743.8028396870322,0.0
2458032.5344161717,2380984.3607061445,3155.1932702889985,2058936.2614844977,5199.908184456543,2058936.2614844977,5199.908184456543,17.499531351941066,0.0441956159611779,1.062989001287116,4.552997175060841e-09,12.0,3586.809936523437,51.38313311683891,934.9911397819204,743.8028396870322,0.0
2458036.5230566296,0.0,0.0,0.0,0.0,0.0,0.0,0.0,0.0,0.0,0.0,12.0,0.0,0.0,0.0,0.0,5.0
2458042.4989677826,2382526.8356584194,3056.256740244472,2060551.7897316425,5153.7838818165865,2060551.7897316425,5153.7838818165865,17.513262222458863,0.0438035913535038,1.037385681159568,8.112191158331607e-09,12.0,2352.7576904296875,47.80471596131136,934.9911397819204,743.8028396870322,0.0
2458045.524245484,2371461.4983061394,3094.4089329728013,2048962.3859423485,5043.882321869159,2048962.3859423485,5043.882321869159,17.414760321863447,0.0428695042572182,1.0298097672790698,8.136527980513048e-09,12.0,2369.052490234375,52.64807818845336,934.9911397819204,743.8028396870322,0.0
2458166.847815993,2385342.7709041317,8019.350795398877,2063501.0907396544,9339.350491444344,2063501.0907396544,9339.350491444344,17.53832923712147,0.0793780068810678,0.2535853354003892,5.3976647192076165e-09,12.0,1607.8841552734375,29.20458622748712,934.9911397819204,743.8028396870322,4.0
2458173.8907121285,2369772.865838133,2251.6504400932695,2047193.778000232,4504.960309195458,2047193.778000232,4504.960309195458,17.39972838002468,0.0382890406297357,1.0212528548169364,7.682146216609974e-09,12.0,2309.0477294921875,38.12007945521767,934.9911397819204,743.8028396870322,0.0
2458174.865789967,2371162.3660585983,2403.2318746420983,2048649.0864655424,4608.278340702184,2048649.0864655424,4608.278340702184,17.412097493431368,0.0391671722967496,1.0237954668257414,1.0350938031578485e-08,12.0,2261.1903076171875,40.49528761925835,934.9911397819204,743.8028396870322,0.0
2458175.8410926685,2371336.118481387,2555.704070080072,2048831.0679924448,4699.6466462036,2048831.0679924448,4699.6466462036,17.413644210294375,0.0399437395740401,1.0338703123327262,9.148993543651986e-09,12.0,1927.72900390625,43.5910713811806,934.9911397819204,743.8028396870322,0.0
2458178.8686078237,2379546.9244081904,2440.5654832183554,2057430.7466368235,4740.308319466402,2057430.7466368235,4740.308319466402,17.486735519077985,0.0402893356176844,1.0080346037389656,1.0200633516503205e-08,12.0,3112.6854248046875,37.640685985300905,934.9911397819204,743.8028396870322,0.0
2458180.8976174225,2384574.164537013,3572.9548653280312,2062696.0823372907,5530.105439102111,2062696.0823372907,5530.105439102111,17.5314872235831,0.0470020637945017,1.0328062512969676,6.713234524786074e-09,12.0,3803.799926757813,55.33426632669499,934.9911397819204,743.8028396870322,0.0
2458186.8845094293,2489828.75793147,21578.646258599838,2172935.647990922,23330.77377281543,2172935.647990922,23330.77377281543,18.468447134128937,0.1982954085271484,0.8161588363837265,9.910911180152815e-09,12.0,5097.0751953125,117.03491916855585,934.9911397819204,743.8028396870322,2.0
2458195.8548368453,2377736.6589326058,2033.2064954013492,2055534.7450153248,4499.344895441405,2055534.7450153248,4499.344895441405,17.47062081925001,0.0382413135043839,1.063388373020005,7.375863674621715e-09,12.0,1756.0021362304688,33.22581216820063,934.9911397819204,743.8028396870322,0.0
2458203.833274608,2431485.9176825327,9291.807940272809,2111829.6272404706,10863.455896229238,2111829.6272404706,10863.455896229238,17.949088305048953,0.0923318465960797,0.871157514818647,1.0340939706788005e-08,12.0,1817.19482421875,84.40832556207987,934.9911397819204,743.8028396870322,2.0
2458208.8205833314,2373958.063496239,3261.3732764599545,2051577.1911808355,5187.4154918852255,2051577.1911808355,5187.4154918852255,17.436984354295184,0.0440894367319266,1.0108044680858288,3.84484681480338e-09,12.0,4735.13134765625,53.73491888868728,934.9911397819204,743.8028396870322,0.0
2458208.8346759444,2380085.3425491997,3352.6737903970634,2057994.66484781,5323.057037252336,2057994.66484781,5323.057037252336,17.49152843306842,0.0452422958661215,1.0145991940464516,5.787674110235601e-09,12.0,4157.03955078125,52.79563631003814,934.9911397819204,743.8028396870322,0.0
2458209.724878933,2387808.3625363,5851.127710029019,2066083.4554787467,7386.0981020081335,2066083.4554787467,7386.0981020081335,17.56027754779007,0.0627767152011844,0.318866323503539,9.443765476229137e-09,12.0,2096.463134765625,25.9652086430812,934.9911397819204,743.8028396870322,0.0
2458209.7627819357,2372843.196371678,7935.399029000771,2050409.5227341724,9175.044483251311,2050409.5227341724,9175.044483251311,17.427059981708577,0.077981519677713,0.3259512593895848,7.461290888306095e-09,12.0,2192.40625,42.175586938409744,934.9911397819204,743.8028396870322,0.0
2458209.8042549645,2375629.493155265,4892.115697429529,2053327.781570189,6457.610311118374,2053327.781570189,6457.610311118374,17.45186315942187,0.0548852124332187,0.3308764732345542,9.279531019472768e-09,12.0,1593.734619140625,24.673661507973776,934.9911397819204,743.8028396870322,0.0
2458209.8172699315,2377676.9731571455,3612.6026564540675,2055472.232456486,5478.891352203654,2055472.232456486,5478.891352203654,17.470089505821935,0.0465667795479197,1.016067382499508,9.625898306729172e-09,12.0,3908.004028320313,58.27344251945653,934.9911397819204,743.8028396870322,0.0
2458209.862792787,2368975.0730503886,4879.600949239059,2046358.200876556,6384.10193187434,2046358.200876556,6384.10193187434,17.39262655353967,0.0542604421519455,0.3409071564952842,5.8485402089262365e-09,12.0,1106.361328125,27.043767343631096,934.9911397819204,743.8028396870322,0.0
2458209.901470352,2375169.976573063,4196.751013187003,2052846.5017818296,5891.607567128392,2052846.5017818296,5891.607567128392,17.447772614754225,0.0500745813568609,0.3420473050897283,5.3793129363159315e-09,12.0,904.072021484375,21.54706462680876,934.9911397819204,743.8028396870322,0.0
2458210.835086509,2367798.8588968217,4865.759302845669,2045126.2799387295,6361.48102622058,2045126.2799387295,6361.48102622058,17.382156079306032,0.0540681801304821,0.3284830677814249,8.464593543323758e-09,12.0,1415.8011474609375,26.080467046808305,934.9911397819204,743.8028396870322,0.0
2458210.880709605,2378756.3411697336,5238.598103911117,2056602.7205145468,6777.980613182721,2056602.7205145468,6777.980613182721,17.47969787087192,0.0576081379798132,0.3290425224829204,7.846640997182316e-09,12.0,1100.5197143554688,25.736630171480293,934.9911397819204,743.8028396870322,0.0
2458210.8876891914,2369866.234022534,4619.702103782352,2047291.568203608,6177.005609648781,2047291.568203608,6177.005609648781,17.400559528983443,0.0525002669335806,0.3299602726155076,9.244524171090464e-09,12.0,1040.0133666992188,24.251599425572056,934.9911397819204,743.8028396870322,0.0
2458211.755784115,2355219.262345942,5434.847511639085,2031950.8999848135,6741.688464800899,2031950.8999848135,6741.688464800899,17.270174480414244,0.0572996798695174,0.3120762118400514,7.331980915624443e-09,12.0,2759.7392578125,31.202177614997478,934.9911397819204,743.8028396870322,0.0
2458211.7627013214,2372990.433413723,7186.144215387862,2050563.733082999,8471.771948982112,2050563.733082999,8471.771948982112,17.428370662803747,0.0720041905138031,0.3100866008979563,8.979682530478394e-09,12.0,2824.4873046875,35.96150111275691,934.9911397819204,743.8028396870322,0.0
2458211.8877716493,2385413.2750051077,4328.866195120567,2063574.9339916925,6102.696843891353,2063574.9339916925,6102.696843891353,17.538956853589426,0.0518686939216222,0.3182191677012544,1.0317817284360144e-08,12.0,966.746612548828,18.38391213329397,934.9911397819204,743.8028396870322,0.0
2458213.8070815075,2390899.787021296,4106.873187600605,2069321.2931966698,5992.426464136269,2069321.2931966698,5992.426464136269,17.587796924527076,0.0509314721125686,1.035790790463012,4.6039054572571854e-09,12.0,7519.033447265625,60.86679312266285,934.9911397819204,743.8028396870322,0.0
2458221.90365426,2380486.7681701025,2359.676734768658,2058415.1024236265,4707.79856862534,2058415.1024236265,4707.79856862534,17.495101861093943,0.0400130252652324,1.0310679184243905,8.428006042973733e-09,12.0,1777.8416137695312,36.93751686386083,934.9911397819204,743.8028396870322,0.0
2458222.725520714,2436126.2299428578,11748.421168862697,2116689.7097468767,13245.842605437101,2116689.7097468767,13245.842605437101,17.990395638250504,0.1125804825981343,0.260257081055391,5.758607316942981e-09,12.0,530.5878601074219,29.23847568411896,934.9911397819204,743.8028396870322,0.0
2458222.923436963,2401957.6461812174,8203.650171447478,2080902.864618262,9630.196692697933,2080902.864618262,9630.196692697933,17.686232255424976,0.081849998031372,0.267428388560386,7.337231249724152e-09,12.0,732.8324890136719,27.25841784629013,934.9911397819204,743.8028396870322,0.0
2458223.711719676,2407051.129664649,8847.82652881208,2086237.5810308086,10271.777508911979,2086237.5810308086,10271.777508911979,17.731573647900998,0.0873029903450081,0.2722995676990331,8.70895833871127e-09,12.0,580.4789733886719,29.01043683539805,934.9911397819204,743.8028396870322,0.0
2458223.760321508,2406874.2247715606,6169.22863604265,2086052.297729179,7833.205875444991,2086052.297729179,7833.205875444991,17.729998868240973,0.0665768214236634,0.2922471931684577,5.848488232500144e-09,12.0,537.4547729492188,20.691069194618304,934.9911397819204,743.8028396870322,0.0
2458223.763771026,2397947.2685211054,5409.271951986431,2076702.5511012934,7103.31671837944,2076702.5511012934,7103.31671837944,17.65053250140482,0.0603732694116641,0.2800473676841289,5.8190148319210574e-09,12.0,533.8394470214844,18.213744601441487,934.9911397819204,743.8028396870322,0.0
2458223.780509642,2392540.6330052507,3193.1157444745545,2071039.8514347645,5367.587480187928,2071039.8514347645,5367.587480187928,17.602403478566785,0.0456207737708748,1.0266712526898638,5.296681244899379e-09,12.0,1799.4237670898438,45.667817407486105,934.9911397819204,743.8028396870322,0.0
2458223.8861196563,2390434.6301482175,6135.650001984056,2068834.105987111,7657.812322521386,2068834.105987111,7657.812322521386,17.583656170873162,0.0650860977739172,0.2917375491007149,5.232062450107455e-09,12.0,542.1009521484375,24.12658547228794,934.9911397819204,743.8028396870322,0.0
2458223.923526829,2400770.83871821,6016.816258790701,2079659.8486603147,7646.051536656822,2079659.8486603147,7646.051536656822,17.67566748120929,0.0649861392444521,0.2903518458491297,6.425028235997224e-09,12.0,868.8109130859375,21.141413608325664,934.9911397819204,743.8028396870322,0.0
2458224.855267088,2384200.1192267984,3085.182416379342,2062304.3218335162,5193.38373899901,2062304.3218335162,5193.38373899901,17.52815753079635,0.0441401626963178,1.0411872595748888,2.8389877932953637e-09,12.0,1873.502014160156,48.031490005814895,934.9911397819204,743.8028396870322,0.0
2458225.718879109,2395389.779463234,6213.73953560736,2074023.9365742563,7769.492470816233,2074023.9365742563,7769.492470816233,17.627766134241106,0.0660353016385701,0.2763186050975049,5.867257635030962e-09,12.0,540.067138671875,21.79310693608826,934.9911397819204,743.8028396870322,0.0
2458225.7258222518,2387128.247646679,5092.656381162432,2065371.1296067033,6734.983381497953,2065371.1296067033,6734.983381497953,17.554223271529164,0.0572426913081558,0.2836945735084635,7.556029729133944e-09,12.0,530.2145690917969,19.148092750614914,934.9911397819204,743.8028396870322,0.0
2458225.764138365,2381639.0979534914,4589.443911054645,2059622.007801472,6269.539406565325,2059622.007801472,6269.539406565325,17.505359720403867,0.0532867400801984,0.2866401243694659,8.153397408004865e-09,12.0,540.6460571289062,17.970424777366965,934.9911397819204,743.8028396870322,0.0
2458225.921803025,2387277.629806906,2993.5856125158193,2065527.5866688474,5173.0155088458905,2065527.5866688474,5173.0155088458905,17.555553048130523,0.0439670468554753,0.9539308573632403,6.593922773999387e-09,12.0,2274.98876953125,41.27164028531599,934.9911397819204,743.8028396870322,0.0
2458226.709119308,2380287.991290567,4077.1961314483,2058206.9112544302,5853.686831211948,2058206.9112544302,5853.686831211948,17.493332380435067,0.049752281381154,0.2884795217453512,7.884875383785022e-09,12.0,583.9675598144531,15.741186300429884,934.9911397819204,743.8028396870322,0.0
2458226.7293657023,2378598.132044521,4120.189092105021,2056437.018432732,5868.49830956844,2056437.018432732,5868.49830956844,17.478289518010293,0.0498781686826293,0.2923098848450238,1.0341740217566615e-08,12.0,559.3550415039062,16.559849718855578,934.9911397819204,743.8028396870322,0.0
2458226.854500475,2374573.7112165326,4451.474839608466,2052221.9966481496,6087.204620198887,2052221.9966481496,6087.204620198887,17.442464753908443,0.0517370207565568,0.3081035973408135,8.428429333658989e-09,12.0,504.74583435058594,20.46907887946968,934.9911397819204,743.8028396870322,0.0
2458226.867243804,2379020.8434355455,2400.632708609331,2056879.749895945,4710.85995114661,2056879.749895945,4710.85995114661,17.482052428628705,0.0400390448950837,1.0172791237436218,8.29147356141544e-09,12.0,1684.015869140625,37.55671341007546,934.9911397819204,743.8028396870322,0.0
2458227.8238032395,2404268.5434156503,6233.65067664805,2083323.208464342,7865.4849437601,2083323.208464342,7865.4849437601,17.706803500785643,0.0668511711345109,0.2885691946467735,6.717046101496136e-09,12.0,505.7417144775391,21.00714513087776,934.9911397819204,743.8028396870322,0.0
2458228.674746119,2388868.436114908,5861.036284835513,2067193.7352974028,7404.126013955758,2067193.7352974028,7404.126013955758,17.56971415680971,0.0629299399591524,0.2870511431096888,1.0379807541084474e-08,12.0,743.21826171875,22.787499790427155,934.9911397819204,743.8028396870322,0.0
2458228.7749153557,2373562.4268602286,4063.336874950242,2051162.8167625437,5771.006902358514,2051162.8167625437,5771.006902358514,17.433462458906774,0.0490495592842088,0.3194439514468901,8.717668101380519e-09,12.0,521.7703857421875,19.32168853132253,934.9911397819204,743.8028396870322,0.0
2458228.8649770203,2381158.6168746627,4822.10573320475,2059118.7706150783,6453.528520434055,2059118.7706150783,6453.528520434055,17.50108255306969,0.0548505200411382,0.3201338564156429,5.4439001427616066e-09,12.0,524.5252990722656,22.15561549158707,934.9911397819204,743.8028396870322,0.0
2458228.8929005964,2372850.693345321,3350.937964129336,2050417.374772656,5236.738446671504,2050417.374772656,5236.738446671504,17.42712671859412,0.0445086476661352,0.3229104226653037,4.332922050331298e-09,12.0,544.5027465820312,15.387634101534436,934.9911397819204,743.8028396870322,0.0
2458229.6742760087,2396074.575718548,6769.272689983582,2074741.1655265763,8268.612413200555,2074741.1655265763,8268.612413200555,17.63386208328646,0.070277475251966,0.291261990697208,5.7069366805347436e-09,12.0,597.7074279785156,25.590044636420966,934.9911397819204,743.8028396870322,0.0
2458229.6844948474,2391951.078746038,5353.928924364278,2070422.3752432868,6999.391604118873,2070422.3752432868,6999.391604118873,17.597155358858576,0.0594899779619591,0.2952916341184865,7.305036185939561e-09,12.0,595.2351989746094,20.375553015127384,934.9911397819204,743.8028396870322,0.0
2458229.8531858018,2391777.850961109,3243.5100281260957,2070240.9432016644,5391.176952270379,2070240.9432016644,5391.176952270379,17.595613312239646,0.0458212679357524,1.002213999397353,5.971520347162099e-09,12.0,1647.9118041992188,45.50624454059408,934.9911397819204,743.8028396870322,0.0
2458230.6776513997,2391322.272259766,4765.233505374891,2069763.787796495,6509.4422087805415,2069763.787796495,6509.4422087805415,17.591557821970856,0.055325747643141,0.303140169566947,9.664407696166932e-09,12.0,663.4509582519531,18.376919764739355,934.9911397819204,743.8028396870322,0.0
2458230.7158265742,2371200.8107695165,4408.699680393835,2048689.3519598707,6018.857372430753,2048689.3519598707,6018.857372430753,17.412439722228626,0.0511561165160948,0.3156019350030851,7.095788704610386e-09,12.0,571.925537109375,21.51589653940712,934.9911397819204,743.8028396870322,0.0
2458230.7332284944,2382660.399966106,3831.7704592946075,2060691.679790512,5695.4633035343495,2060691.679790512,5695.4633035343495,17.514451191013553,0.0484074910469391,0.3151754572359167,1.025887222971348e-08,12.0,560.853271484375,15.91126504696864,934.9911397819204,743.8028396870322,0.0
2458230.803915779,2379329.3154046875,2274.49466849204,2057202.8314337453,4645.873054080601,2057202.8314337453,4645.873054080601,17.484798397800137,0.0394867013068213,0.9794224539901067,5.865219440823671e-09,12.0,1735.4254760742188,33.69266988309479,934.9911397819204,743.8028396870322,0.0
2458230.8541013976,2379568.2777448017,4592.891449223867,2057453.1112907303,6251.351533669665,2057453.1112907303,6251.351533669665,17.486925603137184,0.0531321557650272,0.3294849837714845,1.031399285817584e-08,12.0,561.9896545410156,21.932483898316843,934.9911397819204,743.8028396870322,0.0
2458231.8294943827,2393909.517979702,7406.765283022344,2072473.5682935424,8831.19687991701,2072473.5682935424,8831.19687991701,17.61458907828122,0.0750590533404112,0.3290762170081612,6.089380276574502e-09,12.0,1547.1096801757812,33.074992656510794,934.9911397819204,743.8028396870322,4.0
2458237.6575159207,0.0,0.0,0.0,0.0,0.0,0.0,0.0,0.0,0.0,0.0,12.0,0.0,0.0,0.0,0.0,5.0
2458237.713015585,2244708.90869801,23838.380702709226,1916206.6555438973,25056.455500395085,1916206.6555438973,25056.455500395085,16.28642861499335,0.2129625072907977,0.0522208415423847,5.666399140049841e-09,12.0,10605.1953125,56.06864056026494,934.9911397819204,743.8028396870322,6.0
2458237.723913186,-1176565338.3168216,-1176565338.3168216,-1176565338.3168216,-1176565338.3168216,-1176565338.3168216,-1176565338.3168216,-9999.99,-9999.99,0.0222204905048458,-9999.99,12.0,-9999.99,-9999.99,-9999.99,-9999.99,7.0
2458237.739524192,2467026.899328253,69435.745336886,2149053.86851272,72925.40813510948,2149053.86851272,72925.40813510948,18.265468558960404,0.6198154308542465,0.1937534995934728,8.484057342798267e-09,12.0,27424.2841796875,107.35714189517972,934.9911397819204,743.8028396870322,4.0
2458237.84494124,2624026.7020993493,1376666.1468154148,2313489.353055696,1441889.0669860442,2313489.353055696,1441889.0669860442,19.66305622156085,12.255057820755813,0.0213706378624535,4.076828328167236e-09,12.0,9500.62451171875,68.29788832794692,934.9911397819204,743.8028396870322,6.0
2458237.9254233874,2397482.9880297272,4410.846940423308,2076216.2817798278,6295.877826658492,2076216.2817798278,6295.877826658492,17.646399549163583,0.053510598398109,1.019625144173624,8.210657338407926e-09,12.0,6198.708740234375,61.10054521456985,934.9911397819204,743.8028396870322,0.0
2458238.6957163136,2313573.928066285,5575.943368432293,1988333.1972848054,6560.8882534430195,1988333.1972848054,6560.8882534430195,16.8994542351221,0.0557630033699673,0.3723724857816841,8.283270004463356e-09,12.0,5654.41162109375,54.52798009105406,934.9911397819204,743.8028396870322,0.0
2458238.7237720448,2420547.054328801,16561.844468734787,2100372.6873961403,17958.531774008297,2100372.6873961403,17958.531774008297,17.851712256186424,0.1526350745736546,0.3787706275808106,9.910825005105168e-09,12.0,5948.15283203125,72.01964701500496,934.9911397819204,743.8028396870322,0.0
2458238.736771237,2460923.164499,19517.8145536372,2142661.054149549,21120.90208210688,2142661.054149549,21120.90208210688,18.211134067180264,0.1795130306270966,1.052849229803014,5.8075658066203975e-09,12.0,15899.87451171875,173.86361536432892,934.9911397819204,743.8028396870322,0.0
2458238.8554717936,2478636.1893011373,39704.22065249844,2161212.9871115778,41960.659099304474,2161212.9871115778,41960.659099304474,18.36881264061705,0.3566365230397971,0.2827321231764081,4.001294927032625e-09,12.0,8003.22802734375,82.06197414237134,934.9911397819204,743.8028396870322,0.0
2458239.646098967,0.0,0.0,0.0,0.0,0.0,0.0,0.0,0.0,0.0,0.0,12.0,0.0,0.0,0.0,0.0,5.0
2458239.6958102537,0.0,0.0,0.0,0.0,0.0,0.0,0.0,0.0,0.0,0.0,12.0,0.0,0.0,0.0,0.0,5.0
2458239.751379933,0.0,0.0,0.0,0.0,0.0,0.0,0.0,0.0,0.0,0.0,12.0,0.0,0.0,0.0,0.0,5.0
2458239.8268959406,0.0,0.0,0.0,0.0,0.0,0.0,0.0,0.0,0.0,0.0,12.0,0.0,0.0,0.0,0.0,5.0
2458239.917798906,-1176565338.3168216,-1176565338.3168216,-1176565338.3168216,-1176565338.3168216,-1176565338.3168216,-1176565338.3168216,-9999.99,-9999.99,0.4278515486188829,-9999.99,12.0,-9999.99,-9999.99,-9999.99,-9999.99,5.0
2458239.921764513,0.0,0.0,0.0,0.0,0.0,0.0,0.0,0.0,0.0,0.0,12.0,0.0,0.0,0.0,0.0,5.0
2458240.7167375484,2381164.1078798017,8160.838475700489,2059124.521680204,9444.491582082965,2059124.521680204,9444.491582082965,17.501131433137697,0.0802716332872982,0.3770326320778609,5.904199535733331e-09,12.0,4427.9541015625,47.24601010207739,934.9911397819204,743.8028396870322,0.0
2458240.727268688,2408661.688416574,9283.258083394916,2087924.4176005593,10695.819995154872,2087924.4176005593,10695.819995154872,17.745910589743318,0.0909070576108943,0.386973547701994,6.821251528155875e-09,12.0,4411.31396484375,44.29845232190916,934.9911397819204,743.8028396870322,0.0
2458240.7792239366,2393842.273683493,9025.826493535536,2072403.1392341738,10352.10810943355,2072403.1392341738,10352.10810943355,17.61399048008488,0.0879857447792488,0.379176397578242,6.613314530562826e-09,12.0,4475.11376953125,47.59909406213638,934.9911397819204,743.8028396870322,0.0
2458240.8833884373,2435738.863368433,13867.869902296217,2116283.9970693006,15327.985114009281,2116283.9970693006,15327.985114009281,17.98694736165547,0.1302772509680776,0.3822728379600662,1.0137768172534796e-08,12.0,4481.7197265625,53.29380180931434,934.9911397819204,743.8028396870322,0.0
2458240.9253083747,2424089.5186562263,9935.161405806743,2104082.92669501,11420.790823376119,2104082.92669501,11420.790823376119,17.883246718980796,0.0970688072361855,0.3847101813086431,6.5965259813858725e-09,12.0,4439.2802734375,41.51436730148043,934.9911397819204,743.8028396870322,0.0
2458244.6442426685,2384127.2828642773,9800.71492334121,2062228.0358614817,11040.31071910341,2062228.0358614817,11040.31071910341,17.527509152901263,0.0938349900277259,0.2963712201730621,6.287834333761098e-09,12.0,1713.2171630859375,43.14423028344317,934.9911397819204,743.8028396870322,6.0
2458244.647554901,2368882.563777185,7477.274352084638,2046261.310263347,8715.34939627903,2046261.310263347,8715.34939627903,17.39180305047391,0.0740744300133614,0.3315786942623726,6.0686133833890325e-09,12.0,1734.7173461914062,41.48709155172904,934.9911397819204,743.8028396870322,0.0
2458244.671933571,2387783.2720179157,5289.870029468715,2066057.1766460666,6905.929640107251,2066057.1766460666,6905.929640107251,17.560054195923875,0.0586956160382655,0.3693403239406364,7.883720261707291e-09,12.0,1782.7263793945312,27.168088085449345,934.9911397819204,743.8028396870322,0.0
2458244.6857687496,2371920.770241539,4606.041376554574,2049443.4094971654,6185.905018733109,2049443.4094971654,6185.905018733109,17.41884868872355,0.0525759057433865,0.3862932560163673,5.727413022553107e-09,12.0,1776.7099609375,28.304875062109986,934.9911397819204,743.8028396870322,0.0
2458244.713664635,2376322.0813513836,4236.751793619212,2054053.171498122,5934.9570471100105,2054053.171498122,5934.9570471100105,17.458028471104267,0.0504430218949287,0.3947909505210625,9.363179548016002e-09,12.0,1834.73291015625,25.36562155693433,934.9911397819204,743.8028396870322,0.0
2458244.733248596,2365216.293885754,4607.26980971878,2042421.4018340237,6121.856246615663,2042421.4018340237,6121.856246615663,17.35916648993314,0.0520315355670536,0.4057661008340418,7.967353442772106e-09,12.0,1865.658203125,31.75926976226819,934.9911397819204,743.8028396870322,0.0
2458244.739272706,2377168.950906804,5428.998011548277,2054940.1497186816,6926.069524586668,2054940.1497186816,6926.069524586668,17.46556717129112,0.0588667910991282,0.4068696006910497,8.919477958854561e-09,12.0,1873.59814453125,34.306569770261255,934.9911397819204,743.8028396870322,0.0
2458244.74473338,2377155.6151468526,5720.666362020546,2054926.182362603,7178.865676067357,2054926.182362603,7178.865676067357,17.46544845844403,0.0610153831955619,0.4040171661828539,7.043756763227079e-09,12.0,1870.6463012695312,36.07612208629264,934.9911397819204,743.8028396870322,0.0
2458244.8351802425,2378962.01089562,4205.911581791643,2056818.1309828083,5938.680714091007,2056818.1309828083,5938.680714091007,17.481528710569773,0.0504746704837156,0.4069817205572374,5.247070561410215e-09,12.0,1056.5183715820312,25.472947146348588,934.9911397819204,743.8028396870322,0.0
2458244.83881924,2377508.8056004364,4291.07750165118,2055296.1003010091,5989.963592594963,2055296.1003010091,5989.963592594963,17.468592504562338,0.0509105394112708,0.408502828231623,1.0206786337593368e-08,12.0,1095.0062255859375,26.53639300828886,934.9911397819204,743.8028396870322,0.0
2458245.6333709145,2364353.05282862,9255.621682223515,2041517.2767395854,10395.384112204367,2041517.2767395854,10395.384112204367,17.351482053201334,0.0883535608119455,0.2368067996789379,1.0241196377956036e-08,12.0,877.6495056152344,37.73203377482557,934.9911397819204,743.8028396870322,6.0
2458245.63715097,2349891.279215666,11103.432901780101,2026370.5777665684,12153.389720588753,2026370.5777665684,12153.389720588753,17.22274560879794,0.1032953901615484,0.1636263167900812,4.754127516467795e-09,12.0,810.3162536621094,34.840880511120744,934.9911397819204,743.8028396870322,6.0
2458245.6409275425,2346377.2908220985,15094.554973909204,2022690.1630528155,16187.242314916244,2022690.1630528155,16187.242314916244,17.191464634308222,0.1375803416989246,0.1398812910157302,3.132635234261638e-09,12.0,800.93701171875,42.15771831226409,934.9911397819204,743.8028396870322,6.0
2458245.644099067,0.0,0.0,0.0,0.0,0.0,0.0,0.0,0.0,0.0,0.0,12.0,0.0,0.0,0.0,0.0,5.0
2458245.651125137,0.0,0.0,0.0,0.0,0.0,0.0,0.0,0.0,0.0,0.0,12.0,0.0,0.0,0.0,0.0,5.0
2458245.6545129404,0.0,0.0,0.0,0.0,0.0,0.0,0.0,0.0,0.0,0.0,12.0,0.0,0.0,0.0,0.0,5.0
2458245.6577812955,0.0,0.0,0.0,0.0,0.0,0.0,0.0,0.0,0.0,0.0,12.0,0.0,0.0,0.0,0.0,5.0
2458245.661466347,0.0,0.0,0.0,0.0,0.0,0.0,0.0,0.0,0.0,0.0,12.0,0.0,0.0,0.0,0.0,5.0
2458245.6649325406,0.0,0.0,0.0,0.0,0.0,0.0,0.0,0.0,0.0,0.0,12.0,0.0,0.0,0.0,0.0,5.0
2458245.668403596,2379900.663321447,8138.578512127813,2057801.2390105487,9414.900001136444,2057801.2390105487,9414.900001136444,17.48988444749842,0.0800201253566186,0.3109107206547526,7.857200481217115e-09,12.0,1334.2721557617188,38.604402015016205,934.9911397819204,743.8028396870322,0.0
2458245.67188288,0.0,0.0,0.0,0.0,0.0,0.0,0.0,0.0,0.0,0.0,12.0,0.0,0.0,0.0,0.0,5.0
2458245.6753526623,0.0,0.0,0.0,0.0,0.0,0.0,0.0,0.0,0.0,0.0,12.0,0.0,0.0,0.0,0.0,5.0
2458245.678823022,0.0,0.0,0.0,0.0,0.0,0.0,0.0,0.0,0.0,0.0,12.0,0.0,0.0,0.0,0.0,5.0
2458245.6858452293,2381443.1701933206,4429.090737971796,2059416.8006890407,6139.690875484128,2059416.8006890407,6139.690875484128,17.503615602159503,0.0521831175527965,0.3516749159421746,6.663888341719558e-09,12.0,915.0413818359376,22.06399113765754,934.9911397819204,743.8028396870322,0.0
2458245.692717155,2392371.2910942044,7500.513394637119,2070862.4893062464,8905.97623447373,2070862.4893062464,8905.97623447373,17.60089602338874,0.0756946260310392,0.3625191626541691,9.639819274353248e-09,12.0,1985.76220703125,37.58690049499665,934.9911397819204,743.8028396870322,0.0
2458245.6961812177,2393806.7597607477,5882.530799614964,2072365.9433333431,7466.997773325273,2072365.9433333431,7466.997773325273,17.613674340705078,0.0634643063428137,0.3617721428062991,6.189293744703721e-09,12.0,2015.3018798828125,28.35414746705134,934.9911397819204,743.8028396870322,0.0
2458245.699951178,2391491.8759981776,6484.576496149916,2069941.4241528043,7975.791964076537,2069941.4241528043,7975.791964076537,17.59306760789509,0.0677887043629436,0.3752105788207411,9.2366726594458e-09,12.0,2049.754272460937,33.63574471986498,934.9911397819204,743.8028396870322,0.0
2458245.703130546,2386255.1760822576,5284.767253478204,2064456.7084214364,6887.165429134782,2064456.7084214364,6887.165429134782,17.54645132516065,0.0585361332488515,0.3741859965068521,1.0383301540813437e-08,12.0,2036.1461181640625,28.007272526498863,934.9911397819204,743.8028396870322,0.0
2458245.7066028523,2387788.8067271495,5790.766460969208,2066062.973485161,7333.554567734081,2066062.973485161,7333.554567734081,17.560103465038893,0.0623301315732349,0.3753220143382658,7.033587062968685e-09,12.0,2037.5008544921875,30.72362281877546,934.9911397819204,743.8028396870322,0.0
2458245.709683403,2392405.568293904,5278.840470382066,2070898.3899114826,6940.9267790934255,2070898.3899114826,6940.9267790934255,17.601201153653648,0.0589930674661573,0.3745940479878344,8.882071915786545e-09,12.0,2051.497802734375,26.44623776846078,934.9911397819204,743.8028396870322,0.0
2458245.7940357,2378508.1156556574,2818.5229890225623,2056342.7387695832,4951.798708494375,2056342.7387695832,4951.798708494375,17.47748820621061,0.0420868573587221,0.977153479540255,7.102198110054571e-09,12.0,4872.76123046875,42.73976754729805,934.9911397819204,743.8028396870322,0.0
2458246.630472034,2411613.338240255,8718.239547396111,2091015.8607768652,10181.855013511611,2091015.8607768652,10181.855013511611,17.77218571432999,0.0865387114516105,0.2617519951711441,6.122595068225208e-09,12.0,903.3756713867188,26.33007796662405,934.9911397819204,743.8028396870322,4.0
2458246.641090222,2392876.0103670466,9308.09626358725,2071391.11263394,10616.643113390784,2071391.11263394,10616.643113390784,17.605388955331012,0.0902341089865496,0.1653513462241919,6.361390515843541e-09,12.0,800.9197082519531,19.64361143132219,934.9911397819204,743.8028396870322,4.0
2458246.706775465,2379612.6095108427,3588.8194678306654,2057499.5426575267,5483.920902416609,2057499.5426575267,5483.920902416609,17.487320237577386,0.0466095272391835,0.3932240327713964,9.279342607994568e-09,12.0,831.3527526855469,20.042874598435223,934.9911397819204,743.8028396870322,0.0
2458246.71643684,2388121.469893912,2537.780844257811,2066411.3919420666,4909.682245989818,2066411.3919420666,4909.682245989818,17.563064780463893,0.0417288966147115,0.9864603583893112,9.775462700420253e-09,12.0,2102.495849609375,35.4598564957329,934.9911397819204,743.8028396870322,0.0
2458246.7310629617,2394011.279937105,5609.446147713602,2072580.1498081568,7234.710941501756,2072580.1498081568,7234.710941501756,17.615494947293023,0.06149002925023,0.3879272060618364,7.273222281386052e-09,12.0,1090.3432006835938,29.04098744130431,934.9911397819204,743.8028396870322,0.0
2458246.809780952,2384655.357736674,4261.610373314088,2062781.1209353816,6042.435690764592,2062781.1209353816,6042.435690764592,17.53220999273396,0.0513565158818389,0.4140749764249963,6.916690002259891e-09,12.0,1167.4451293945312,25.04197389289688,934.9911397819204,743.8028396870322,0.0
2458246.8855144745,2381301.2889068816,4309.222506784082,2059268.199750238,6043.901376015898,2059268.199750238,6043.901376015898,17.50235259716215,0.0513689731907353,0.8840708594177493,7.286820493093572e-09,12.0,2606.0390625,58.53891547521216,934.9911397819204,743.8028396870322,0.0
2458247.7081406056,2377621.402458158,8470.964452518025,2055414.0298686302,9716.487181302382,2055414.0298686302,9716.487181302382,17.469594824160335,0.0825834073840341,0.1486468971787406,8.755404751051276e-09,12.0,692.8069152832031,17.88587013455305,934.9911397819204,743.8028396870322,4.0
2458247.768186687,2400479.9432632215,9401.918433661494,2079355.1760795345,10755.31007082002,2079355.1760795345,10755.31007082002,17.673077975414888,0.0914126820266211,0.1523310398640788,7.82498695973699e-09,12.0,910.0126342773438,16.632338005398783,934.9911397819204,743.8028396870322,4.0
2458247.851539182,2400607.943812448,5982.169828157603,2079489.2388742783,7614.685747746738,2079489.2388742783,7614.685747746738,17.674217416262877,0.0647195517756323,0.2630015654273885,8.036233099323581e-09,12.0,1004.28515625,18.65200177441391,934.9911397819204,743.8028396870322,4.0
2458247.8615426486,2364169.5041234256,11947.039200942245,2041325.0349676632,13062.967718845284,2041325.0349676632,13062.967718845284,17.34984813136616,0.1110261727968737,0.1798911540711032,5.179593705677556e-09,12.0,3085.75341796875,37.23555292437506,934.9911397819204,743.8028396870322,4.0
2458247.9267858947,2379812.538717765,5047.5610897211645,2057708.9407295922,6627.100362311736,2057708.9407295922,6627.100362311736,17.489099976074243,0.0563257604094644,0.3436708458724713,7.744820864451743e-09,12.0,1069.0850830078125,25.605831854719803,934.9911397819204,743.8028396870322,0.0
2458247.9327548165,2378620.579964702,5653.505058909425,2056460.5295108776,7133.119125963691,2056460.5295108776,7133.119125963691,17.47848934588103,0.0606265692226587,0.2663482532679214,7.2709372859673095e-09,12.0,1160.5592651367188,21.9835177286054,934.9911397819204,743.8028396870322,4.0
2458248.859667728,2375817.323830431,3833.052588877826,2053524.5081108464,5620.272953442017,2053524.5081108464,5620.272953442017,17.453535198683294,0.0477684251790839,0.3523621889002898,8.619627492629812e-09,12.0,904.2390747070312,19.7000270176654,934.9911397819204,743.8028396870322,0.0
2458248.918025021,2379589.3980520493,5599.306173711108,2057475.2318787468,7094.66461549648,2057475.2318787468,7094.66461549648,17.487113612805462,0.0602997325331833,0.365875354020918,9.020880037144962e-09,12.0,1027.9487915039062,30.911126050447034,934.9911397819204,743.8028396870322,0.0
2458248.93290214,2373910.6443598033,4027.9250716318707,2051527.5262224167,5747.4248039807,2051527.5262224167,5747.4248039807,17.43656223656711,0.0488491277907105,0.3631781412243638,1.0249634536260589e-08,12.0,1144.7207641601562,22.18635572531435,934.9911397819204,743.8028396870322,0.0
2458249.7263869136,2384160.830650231,2773.9323583033743,2062263.1725071433,4996.567764071643,2062263.1725071433,4996.567764071643,17.52780779003921,0.0424673633055678,1.0172726928617948,5.388080436776846e-09,12.0,1867.443115234375,41.87943751372072,934.9911397819204,743.8028396870322,0.0
2458250.7093557343,2450742.063797976,11481.30022675245,2131997.7654230385,13078.825694108287,2131997.7654230385,13078.825694108287,18.12050350280824,0.1111609545968179,0.8311427508423577,9.216134473270318e-09,12.0,1775.1092529296875,85.49352499623103,934.9911397819204,743.8028396870322,2.0
2458254.699165025,2375195.1684045615,2445.1379870205415,2052872.8867259247,4685.299847722738,2052872.8867259247,4685.299847722738,17.447996868493906,0.0398218017294782,1.0236160504392469,5.4618906809537746e-09,12.0,1714.924560546875,39.88293220265515,934.9911397819204,743.8028396870322,0.0
2458256.752802418,2387089.5573322126,2786.8015934917094,2065330.606876774,5042.2522932905285,2065330.606876774,5042.2522932905285,17.553878856407565,0.0428556501439317,1.016271850557925,8.644819342272821e-09,12.0,1816.8176879882808,40.90891221124902,934.9911397819204,743.8028396870322,0.0
2458257.827818281,2410215.5250325054,6587.414837803306,2089551.8456121313,8227.467469798088,2089551.8456121313,8227.467469798088,17.759742600012064,0.0699277717470473,0.7631866822475274,4.8581615571039964e-09,12.0,1773.028564453125,61.45874517096613,934.9911397819204,743.8028396870322,0.0
2458258.796093624,2398496.116530091,4432.894459886073,2077277.393150168,6323.849166769614,2077277.393150168,6323.849166769614,17.655418260446936,0.0537483354045365,0.9316496771513731,5.873189439933691e-09,12.0,1726.150390625,55.04212387359773,934.9911397819204,743.8028396870322,0.0
2458259.8764804224,2383745.044862364,2929.2969910493716,2061827.6946512007,5087.646441076683,2061827.6946512007,5087.646441076683,17.524106530055743,0.0432414689413556,0.9872681488558784,7.043637483649906e-09,12.0,2043.7666015625,43.01595345035421,934.9911397819204,743.8028396870322,0.0
2458264.67189735,2384365.249040112,3119.2369855863035,2062477.2723747625,5217.691883985643,2062477.2723747625,5217.691883985643,17.529627490539873,0.0443467650828309,1.0257098841299717,5.71770638880328e-09,12.0,3346.1475830078125,47.81767370219352,934.9911397819204,743.8028396870322,0.0
2458271.687160633,2373612.261957738,4100.814618149493,2051215.0121045837,5800.540248746383,2051215.0121045837,5800.540248746383,17.43390608314205,0.0493005722614972,1.058668217350128,7.45068411968283e-09,12.0,7921.511962890625,71.5020597465164,934.9911397819204,743.8028396870322,0.0
2458272.676048415,2373894.97832654,3343.5950852646006,2051511.1182287429,5243.784087737077,2051511.1182287429,5243.784087737077,17.436422779991844,0.044568530732468,1.0653753512953597,8.487768907770069e-09,12.0,8829.5595703125,58.27494647079766,934.9911397819204,743.8028396870322,0.0
2458273.844029633,2408463.086803693,4402.427859649645,2087716.4099988365,6410.731255502663,2087716.4099988365,6410.731255502663,17.744142669280755,0.0544867729483048,1.0118130781397223,9.87425936505766e-09,12.0,3854.351684570313,55.10995019714578,934.9911397819204,743.8028396870322,0.0
2458274.81104517,2385446.806449464,2485.776641938709,2063610.0535218003,4844.5202559205045,2063610.0535218003,4844.5202559205045,17.539255345257036,0.0411750648572628,1.0308520540403394,6.701201025769627e-09,12.0,2263.961669921875,37.329313861856754,934.9911397819204,743.8028396870322,0.0
2458277.8096865984,2378029.7487975555,2752.5836384155946,2055841.715935715,4904.832827371147,2055841.715935715,4904.832827371147,17.47322985933833,0.0416876799171655,1.0285947520454477,7.445918305513368e-09,12.0,1861.8785400390625,44.32204711345745,934.9911397819204,743.8028396870322,0.0
2458278.757603425,2393838.6766680577,13497.556378652269,2072399.3718601696,14752.97716003139,2072399.3718601696,14752.97716003139,17.613958460016686,0.1253900818475548,0.1453976411910072,5.0377878274319995e-09,12.0,1417.5584106445312,26.08616622530825,934.9911397819204,743.8028396870322,4.0
2458282.788952726,2378850.384008031,2260.281162003741,2056701.2173241626,4631.756942592319,2056701.2173241626,4631.756942592319,17.480535025494042,0.0393667241418271,1.009748748312322,8.679131232011954e-09,12.0,1679.7462158203125,34.953297387167865,934.9911397819204,743.8028396870322,0.0
2458285.616676871,2382761.004749619,2502.4809530159782,2060797.0493262196,4818.160954726755,2060797.0493262196,4818.160954726755,17.515346759044554,0.0409510290644682,0.957364762482971,9.17387885741953e-09,12.0,1691.4050903320312,35.563271301970545,934.9911397819204,743.8028396870322,0.0
2458286.762093474,2371216.763714453,2756.3285269024373,2048706.0604536664,4820.922072649603,2048706.0604536664,4820.922072649603,17.412581732846682,0.0409744966533203,1.0141393808949408,1.0027965489105874e-08,12.0,1509.0152587890625,46.37961745698623,934.9911397819204,743.8028396870322,0.0
2458287.727167656,2394187.3913624743,3604.184697254009,2072764.6020625723,5665.471100698908,2072764.6020625723,5665.471100698908,17.61706266362764,0.0481525781078401,0.9834996628634616,7.094812145480698e-09,12.0,1579.4791259765625,48.78365023373749,934.9911397819204,743.8028396870322,0.0
2458288.643400925,2377443.666423236,2515.5310733948886,2055227.8760613822,4755.440428148801,2055227.8760613822,4755.440428148801,17.468012645805835,0.0404179480547288,1.0151587325996023,3.43775507960288e-09,12.0,1559.8748779296875,39.947042763188016,934.9911397819204,743.8028396870322,0.0
2458288.689717317,2385242.810083098,2355.7950188474892,2063396.3956651888,4769.968306613104,2063396.3956651888,4769.968306613104,17.537439401543626,0.0405414249536591,1.0167996974191928,7.297983398941062e-09,12.0,1530.7843017578125,34.79797312158954,934.9911397819204,743.8028396870322,0.0
2458289.783443054,2382937.838707472,2447.4478786354052,2060982.2583330453,4789.415822450563,2060982.2583330453,4789.415822450563,17.516920907250228,0.040706715360886,1.0040512696180055,7.946759964967187e-09,12.0,1733.8036499023438,36.54757562391435,934.9911397819204,743.8028396870322,0.0
2458291.6246157265,2381931.848990065,2828.385094523915,2059928.623846206,5001.452259465529,2059928.623846206,5001.452259465529,17.50796574429504,0.0425088781313945,0.9055467954151026,9.047559502856626e-09,12.0,2644.339599609375,38.51231518405062,934.9911397819204,743.8028396870322,0.0
2458291.6930721286,2370704.125898596,3191.6775009651315,2048169.1435521313,5100.967221412829,2048169.1435521313,5100.967221412829,17.408018311274297,0.0433546863427319,0.8717845646426979,7.996371563671687e-09,12.0,2293.5474853515625,46.26045750218896,934.9911397819204,743.8028396870322,0.0
2458291.727790572,2387393.041199359,3321.5694863755116,2065648.4640706326,5389.554587450161,2065648.4640706326,5389.554587450161,17.556580422276028,0.0458074789591013,0.918614162391864,8.217644844949672e-09,12.0,2916.044189453125,44.35507283683452,934.9911397819204,743.8028396870322,0.0
2458291.8007031186,2376373.0181867033,2237.900223771553,2054106.5207574759,4586.20314577665,2054106.5207574759,4586.20314577665,17.458481902837022,0.0389795484382912,0.9409074097525232,7.283661480481521e-09,12.0,1992.5634765625,32.57335349127729,934.9911397819204,743.8028396870322,0.0
2458291.827266837,2381685.9514252394,3400.4440989047125,2059671.080304706,5375.123238478805,2059671.080304706,5375.123238478805,17.50577680267345,0.0456848224939648,0.9647163726768612,1.0003289280441266e-08,12.0,2145.8052978515625,49.97459711432654,934.9911397819204,743.8028396870322,0.0
2458291.8693284253,2382847.3423700877,3066.842220050859,2060887.4759904933,5164.6505705486825,2060887.4759904933,5164.6505705486825,17.516115323023975,0.0438959506769644,0.9018251887629888,8.764525536867865e-09,12.0,2217.6173095703125,41.16132992557703,934.9911397819204,743.8028396870322,0.0
2458292.5113136503,2392719.166627771,5627.580384844606,2071226.8406042315,7238.148907931549,2071226.8406042315,7238.148907931549,17.60399275692123,0.061519249582326,0.6676708688370429,7.274911065201212e-09,12.0,5691.41015625,52.695492380459264,934.9911397819204,743.8028396870322,4.0
2458292.5247495724,2388549.236546634,6776.335857219928,2066859.418089682,8213.868278581955,2066859.418089682,8213.868278581955,17.566872692230437,0.0698121880461336,0.6761822070667597,9.463239685632321e-09,12.0,5942.13671875,67.01514222830959,934.9911397819204,743.8028396870322,4.0
2458292.5809831144,2402359.474708087,5955.7115235744,2081323.7241821128,7607.966653300757,2081323.7241821128,7607.966653300757,17.689809270056337,0.0646624441292648,0.6745833358528861,9.773654888738946e-09,12.0,5128.71630859375,52.49278886941461,934.9911397819204,743.8028396870322,4.0
2458292.7932012114,2407322.578639423,4230.277033708307,2086521.8861248773,6269.2738349271785,2086521.8861248773,6269.2738349271785,17.73399004417331,0.0532844829053189,0.9766577158910196,9.14754856650183e-09,12.0,3650.0648193359375,51.3403314672678,934.9911397819204,743.8028396870322,0.0
2458293.5891672666,-1176565338.3168216,-1176565338.3168216,-1176565338.3168216,-1176565338.3168216,-1176565338.3168216,-1176565338.3168216,-9999.99,-9999.99,0.0963466124015059,-9999.99,12.0,-9999.99,-9999.99,-9999.99,-9999.99,7.0
2458299.757583652,2390371.436452474,10362.448493395397,2068767.9193690605,11624.527106151343,2068767.9193690605,11624.527106151343,17.583093630487955,0.0988004244477753,0.6642790941725046,4.823574069207892e-09,12.0,28227.2060546875,99.94934140457669,934.9911397819204,743.8028396870322,4.0
2458301.670438624,2380390.4646864505,2856.079504332536,2058314.2379020278,4999.134094191204,2058314.2379020278,4999.134094191204,17.49424458256084,0.0424891753330826,0.9424681176197216,7.556467440220483e-09,12.0,2544.7557373046875,41.09864139913968,934.9911397819204,743.8028396870322,0.0
2458302.6460130983,0.0,0.0,0.0,0.0,0.0,0.0,0.0,0.0,0.0,0.0,12.0,0.0,0.0,0.0,0.0,5.0
2458303.5741486195,2379440.936870283,3073.2190502906137,2057319.7394136074,5126.765301248228,2057319.7394136074,5126.765301248228,17.485792034610142,0.0435739521429145,0.90684968170365,6.905509768661284e-09,12.0,1867.3453369140625,42.79381247291399,934.9911397819204,743.8028396870322,0.0
2458303.7592633176,2376308.046515271,3589.1530838398908,2054038.4719568752,5446.329285888795,2054038.4719568752,5446.329285888795,17.45790353519065,0.0462900245501958,0.7116199902191378,9.962160160419456e-09,12.0,2730.22705078125,40.23960312576936,934.9911397819204,743.8028396870322,0.0
2458308.552217598,2383877.6279964847,2233.813923866375,2061966.5570670525,4686.380652221203,2061966.5570670525,4686.380652221203,17.525286764356952,0.039830987818703,0.9666967116767184,9.489396987560466e-09,12.0,1605.0828857421875,31.228972266384847,934.9911397819204,743.8028396870322,0.0
2458310.5466268845,2370832.711207056,553.7493899170472,2048303.8188009455,3898.3580548413083,2048303.8188009455,3898.3580548413083,17.40916295755745,0.0331333418512922,0.999999299677784,5.833907650301521e-09,12.0,1555.8668212890625,0.2554128652366013,934.9911397819204,743.8028396870322,0.0
2458310.5817642547,2374879.5757057727,2345.350039552522,2052542.3472129598,4624.793839819312,2052542.3472129598,4624.793839819312,17.445187511702056,0.0393075425937809,0.9993945806624924,5.029645785931762e-09,12.0,1592.3260498046875,37.27335299846567,934.9911397819204,743.8028396870322,0.0
2458311.710388005,2382306.919657613,2913.9753425253857,2060321.4582693533,5059.797793758429,2060321.4582693533,5059.797793758429,17.51130456465223,0.0430047747386397,0.9669148841081344,6.559378544305239e-09,12.0,1646.238037109375,42.42539433796391,934.9911397819204,743.8028396870322,0.0
2458312.720034822,2383931.4587109606,2783.795174443101,2062022.9372628368,4999.626922857797,2062022.9372628368,4999.626922857797,17.52576595694888,0.0424933640352117,0.9779272236265176,7.088028521016252e-09,12.0,1616.738525390625,40.42407992255751,934.9911397819204,743.8028396870322,0.0
2458313.485904608,2380529.594636682,3323.0188951072455,2058459.9571983411,5307.918389418018,2058459.9571983411,5307.918389418018,17.49548309559404,0.0451136278508175,0.4427217787158697,8.382522912353231e-09,12.0,999.9894409179688,21.125812257230677,934.9911397819204,743.8028396870322,0.0
2458313.6383932265,2386789.6028742404,3242.7498079127313,2065016.4462487549,5329.247072184127,2065016.4462487549,5329.247072184127,17.551208708786973,0.0452949068732638,0.4625226366832691,3.363975801514463e-09,12.0,754.3221435546875,20.1969445160249,934.9911397819204,743.8028396870322,0.0
2458313.652322225,2373500.578108775,4307.400510908403,2051098.0387868108,5961.37899826905,2051098.0387868108,5961.37899826905,17.43291189100507,0.050667590169011,0.4699109701272097,5.212234313436573e-09,12.0,757.7388000488281,32.27684353749995,934.9911397819204,743.8028396870322,0.0
2458313.7599146133,2380404.2914252724,3570.7133309671326,2058328.7194902713,5480.0764834950305,2058328.7194902713,5480.0764834950305,17.49436766602496,0.0465768523425844,0.4622513113832166,3.5977053814573757e-09,12.0,990.738250732422,24.12807705820504,934.9911397819204,743.8028396870322,0.0
2458313.8050429,2382337.949603056,3428.9320222636297,2060353.9578268323,5402.643901454771,2060353.9578268323,5402.643901454771,17.511580788368164,0.0459187290570689,0.4444715702125483,7.0520487435878645e-09,12.0,1109.262939453125,21.394271159806102,934.9911397819204,743.8028396870322,0.0
2458313.8224270856,2369321.9768855167,3523.9569010144214,2046721.5344553997,5319.908484814404,2046721.5344553997,5319.908484814404,17.395714637164772,0.0452155353523885,0.4384589780499039,7.003725573401386e-09,12.0,1203.4209594726562,24.703503982791094,934.9911397819204,743.8028396870322,0.0
2458328.490073482,2418488.336540057,6845.764229456374,2098216.466489141,8527.38253780156,2098216.466489141,8527.38253780156,17.833385872767188,0.0724768419798782,1.1490746870659476,8.368911083612009e-09,12.0,8230.1943359375,91.144488566278,934.9911397819204,743.8028396870322,0.0
2458329.504418951,2370344.3336073896,2954.132902904623,2047792.3111058783,4937.104958445598,2047792.3111058783,4937.104958445598,17.404815496631134,0.041961970666275,1.129976074479434,6.6536525955964085e-09,12.0,2713.201538085937,55.94341305009404,934.9911397819204,743.8028396870322,0.0
2458330.490099085,2380430.8877077657,3877.019362153267,2058356.5754016915,5704.129812338857,2058356.5754016915,5704.129812338857,17.494604421967505,0.0484811503657696,0.5635818766801575,6.060993899967513e-09,12.0,1988.1607055664065,33.00331912464423,934.9911397819204,743.8028396870322,4.0
2458330.525338869,2373996.989782425,1905.555989776394,2051617.9610583594,4385.129730398239,2051617.9610583594,4385.129730398239,17.437330870000064,0.0372705637541712,1.1313392582385082,9.425350820636644e-09,12.0,2010.4990234375,34.125077787395,934.9911397819204,743.8028396870322,0.0
2458331.657604732,2372508.5495382436,2450.815772259103,2050059.026661977,4653.28330017188,2050059.026661977,4653.28330017188,17.42408100799344,0.0395496832631964,1.2711180940541869,2.528231007977888e-09,12.0,2256.7000732421875,51.25677473915877,934.9911397819204,743.8028396870322,0.0
2458333.5869941013,2388450.776092763,23495.397306164385,2066756.2944414057,24952.859828340206,2066756.2944414057,24952.859828340206,17.565996212686166,0.212082015871533,0.0673826275098849,9.421510586883233e-09,12.0,1127.8936157226562,21.34642732115288,934.9911397819204,743.8028396870322,4.0
2458335.523395727,2405995.431661163,5325.720931245438,2085131.8840192822,7113.205176768805,2085131.8840192822,7113.205176768805,17.722175989566004,0.0604573144551383,0.973445544670692,1.026406625075159e-08,12.0,2525.54638671875,65.44604506298268,934.9911397819204,743.8028396870322,0.0
2458339.510085107,2382355.4488640134,2419.5793554419097,2060372.2858718613,4766.04454844055,2060372.2858718613,4766.04454844055,17.51173656404932,0.0405080757284099,1.233478176821872,5.7392870046686204e-09,12.0,2032.9542846679688,45.0234212192036,934.9911397819204,743.8028396870322,0.0
2458340.59740113,2380396.3117603166,2582.1086065574505,2058320.3618996881,4832.981241264371,2058320.3618996881,4832.981241264371,17.494296632296916,0.0410769912293789,1.2224343995205935,6.5147071095614825e-09,12.0,1850.549072265625,48.56122368212684,934.9911397819204,743.8028396870322,0.0
2458347.5466683856,2398094.040403946,3327.4202098032492,2076856.2742604695,5524.953640787216,2076856.2742604695,5524.953640787216,17.65183904172559,0.046958277079091,1.2404650385604132,4.6489208177427995e-09,12.0,2481.6368408203125,55.42862807330565,934.9911397819204,743.8028396870322,0.0
2458348.5877401214,0.0,0.0,0.0,0.0,0.0,0.0,0.0,0.0,0.0,0.0,12.0,0.0,0.0,0.0,0.0,5.0
2458349.5870693284,2382708.8236805047,3332.3392936861746,2060742.3969048008,5340.372762830445,2060742.3969048008,5340.372762830445,17.51488225133736,0.0453894675335034,1.1028158367607772,1.0044820116593938e-08,12.0,5293.869384765625,55.85592915349684,934.9911397819204,743.8028396870322,0.0
2458354.5574350148,2393080.620779774,6177.111809922476,2071605.4136188163,7717.213049770594,2071605.4136188163,7717.213049770594,17.607210365188987,0.0655909627900281,1.055612090064805,7.923626463123839e-09,12.0,5496.234130859375,92.10349838073728,934.9911397819204,743.8028396870322,0.0
2458355.614116354,2427271.3397781504,6523.834792002554,2107415.4423331064,8326.675037074921,2107415.4423331064,8326.675037074921,17.911570792426208,0.0707709673167144,1.1913591615769008,5.277451092526542e-09,12.0,8023.052490234375,84.06270322696817,934.9911397819204,743.8028396870322,0.0
2458357.5979488795,2413176.3550963206,6216.249908352652,2092652.9038147498,7931.539081287936,2092652.9038147498,7931.539081287936,17.78609944565904,0.0674125855270868,1.0776019100852563,6.25854406708628e-09,12.0,3686.2369384765625,80.67348700496808,934.9911397819204,743.8028396870322,0.0
2458366.570864212,2372885.603669177,2239.8786223104294,2050453.9384874983,4540.224573870436,2050453.9384874983,4540.224573870436,17.42743748483113,0.0385887624408606,1.2635836969463177,8.334686433778403e-09,12.0,1799.199462890625,46.20676192702731,934.9911397819204,743.8028396870322,0.0
2458670.560830028,2370057.845056873,1898.2491566106153,2047492.254145369,4326.678669514644,2047492.254145369,4326.678669514644,17.40226522041033,0.0367737702440364,2.188915206549026,7.036364568433905e-09,12.0,2431.236328125,70.16318699435597,934.9911397819204,743.8028396870322,0.0
2458671.63542872,2369387.7529823068,2402.2389911031187,2046790.4257798216,4584.4535962479695,2046790.4257798216,4584.4535962479695,17.396300165679744,0.0389646784797589,1.9005360953892367,9.604890256127136e-09,12.0,2387.071655273437,77.5050582181882,934.9911397819204,743.8028396870322,0.0
2458672.7449510684,2411325.3228030307,7618.316722895026,2090714.2046146279,9160.619750591391,2090714.2046146279,9160.619750591391,17.769621846002778,0.0778589194466385,0.2946966005294496,7.299016602606136e-09,12.0,1907.2462158203125,25.78957725442596,934.9911397819204,743.8028396870322,4.0
2458683.625741721,2370730.28383623,2267.748082372071,2048196.5403582025,4526.5655973783705,2048196.5403582025,4526.5655973783705,17.408251165139546,0.0384726706065335,2.1374218104283798,7.872642074235905e-09,12.0,3788.6822509765625,81.5538302606531,934.9911397819204,743.8028396870322,0.0
2458684.5981238056,2376463.036753494,7236.4529408794515,2054200.8027017005,8543.686484069029,2054200.8027017005,8543.686484069029,17.45928323402427,0.0726154142242964,1.772944946789215,7.46099758201358e-09,12.0,5741.42822265625,208.4146584759845,934.9911397819204,743.8028396870322,2.0
2458685.6287009246,2371640.9798891298,4727.401951851151,2049150.3679687267,6282.834196415407,2049150.3679687267,6282.834196415407,17.416358038813566,0.0533997365804549,0.7053899308916862,9.145554411707974e-09,12.0,5548.449462890625,55.42176474240678,934.9911397819204,743.8028396870322,0.0
2458690.62935655,2371507.668302993,1991.314914134418,2049010.7426005728,4392.304068037408,2049010.7426005728,4392.304068037408,17.415171319946534,0.0373315406521911,2.1396911669664003,8.869316012299097e-09,12.0,2363.29150390625,71.02133067211577,934.9911397819204,743.8028396870322,0.0
2458691.572931574,2367454.4748608544,2103.3428611571253,2044765.5854994764,4394.224985573825,2044765.5854994764,4394.224985573825,17.379090426538504,0.0373478671200288,2.175539364046549,8.73090388094244e-09,12.0,2234.16748046875,79.10629897356289,934.9911397819204,743.8028396870322,0.0
2458692.4976308043,2372946.6390036703,3308.690889483321,2050517.8645219544,5208.311592536891,2050517.8645219544,5208.311592536891,17.4279808118224,0.0442670391061854,1.0027691520491175,9.524637591570635e-09,12.0,2823.585205078125,54.1728010451512,934.9911397819204,743.8028396870322,0.0
2458692.5868348223,2370105.33276901,2319.0606122282147,2047541.9909273104,4546.7174016770605,2047541.9909273104,4546.7174016770605,17.40268794858857,0.0386439469775994,1.9564230225280244,7.446188415867312e-09,12.0,2472.3035888671875,76.53678270607877,934.9911397819204,743.8028396870322,0.0
2458696.51110067,2361283.448210052,3190.8596431421274,2038302.2923007484,4990.367298524243,2038302.2923007484,4990.367298524243,17.324156913498918,0.0424146636454214,0.731657863286859,1.0272457729198631e-08,12.0,2893.3243408203125,41.52525246730193,934.9911397819204,743.8028396870322,0.0
2458698.608023172,2370257.2779469695,1809.2735719427558,2047701.1323945008,4287.4576568542625,2047701.1323945008,4287.4576568542625,17.404040540772506,0.0364404188171154,2.210155122529773,6.6665449945698595e-09,12.0,2069.5186767578125,67.29282878064774,934.9911397819204,743.8028396870322,0.0
2458699.654892126,2372233.9935933948,2066.153866613405,2049771.4674483421,4440.00420935069,2049771.4674483421,4440.00420935069,17.421636953959972,0.0377369587965109,2.138326568024824,9.968404183374373e-09,12.0,2435.5828857421875,73.2347508755505,934.9911397819204,743.8028396870322,0.0
2458704.521993249,2390260.6499409517,3199.8937465936096,2068651.8858876089,5343.651718095812,2068651.8858876089,5343.651718095812,17.582107426308383,0.0454173363808987,2.122040955013728,7.938594242606287e-09,12.0,5713.351318359375,98.28948545046512,934.9911397819204,743.8028396870322,0.0
2458711.630342005,2380215.5618475643,2630.927023161203,2058131.0514740671,4859.423965937111,2058131.0514740671,4859.423965937111,17.49268762487383,0.0413017360639313,2.009500320202856,5.8861207755454e-09,12.0,8119.620849609375,82.61738310975916,934.9911397819204,743.8028396870322,0.0
2458715.59106472,2373146.8346737167,2128.0440619397873,2050727.5416771264,4484.383213796353,2050727.5416771264,4484.383213796353,17.429762922332266,0.0381141495790487,2.130746650096274,7.727002875099838e-09,12.0,2383.85693359375,74.72503912672123,934.9911397819204,743.8028396870322,0.0
2458718.5274638413,2384328.63641971,3542.694449292703,2062438.9257407526,5505.830817044863,2062438.9257407526,5505.830817044863,17.52930157072552,0.0467957463296565,2.013148895005749,1.0338465247023071e-08,12.0,2480.3331298828125,108.02504832958635,934.9911397819204,743.8028396870322,0.0
2458724.5766230286,2368750.3792481734,1848.2463736712295,2046122.8653309762,4284.6043620570745,2046122.8653309762,4284.6043620570745,17.390626364492963,0.0364161677887112,2.2013710597796075,1.009556170100892e-08,12.0,2254.2607421875,69.37473783245687,934.9911397819204,743.8028396870322,0.0
2458730.579806504,2373147.1989083155,2023.2894642042845,2050727.923162273,4430.880120802719,2050727.923162273,4430.880120802719,17.429766164691635,0.0376594103669699,2.1788697505721264,8.999326082157325e-09,12.0,3136.315795898437,72.7124578823207,934.9911397819204,743.8028396870322,0.0
2458740.499304581,2373062.5213954775,2803.2505473357446,2050639.235230139,4873.591356363057,2050639.235230139,4873.591356363057,17.429012378730413,0.0414221490643587,2.0409649988277008,7.725593949034197e-09,12.0,3861.3489990234375,94.73963582712496,934.9911397819204,743.8028396870322,0.0
2458740.5030944142,2371854.975777024,3028.213295269889,2049374.4989351023,5004.387084058373,2049374.4989351023,5004.387084058373,17.418262996701966,0.0425338221065605,2.008657879814071,7.66634600872921e-09,12.0,3896.030151367188,101.72326253798484,934.9911397819204,743.8028396870322,0.0
2458644.7027638205,2392559.627175788,2131.4556606100136,2188624.5731759015,4197.064561519395,2188624.5731759015,4197.064561519395,18.60179212556391,0.0356721401504067,2.1195242321536285,1.2471692520293434e-08,12.0,1389.2439941406249,54.31889442800144,935.7389589555748,750.0903340265986,0.0
2458552.871814847,2387240.124709873,2150.0447123936037,2182768.25882422,4146.996821856282,2182768.25882422,4146.996821856282,18.552017512079672,0.035246599060891,2.0102551153883548,1.2774151840112469e-08,12.0,1456.50146484375,54.223808023953545,935.7389589555748,750.0903340265986,0.0
2458642.6336463047,2390061.505401978,2321.2691834363113,2185874.356122718,4289.127391254806,2185874.356122718,4289.127391254806,18.57841718654946,0.0364546104023715,2.087119854371579,1.31726123015959e-08,12.0,1435.945361328125,59.58430997239903,935.7389589555748,750.0903340265986,0.0
2458559.853414912,2387199.2348380284,2622.038208892201,2182723.2425948144,4463.586607804206,2182723.2425948144,4463.586607804206,18.55163490532658,0.0379373928404447,2.0865555035982,8.353265301013194e-09,12.0,1436.3859130859375,69.29529385283074,935.7389589555748,750.0903340265986,0.0
2458645.6890265997,2389530.322658842,2407.630051755867,2185289.569642793,4340.537512195448,2185289.569642793,4340.537512195448,18.57344690673504,0.0368915608024578,2.102198912660789,9.84220935584494e-09,12.0,1747.3396240234374,62.72378247039188,935.7389589555748,750.0903340265986,0.0
2458562.841609053,2353352.41501306,3498.5889645565876,2145460.807250552,4843.5578157916425,2145460.807250552,4843.5578157916425,18.234930028272025,0.0411668847831515,1.8137812482582607,1.1185322837038709e-08,12.0,4682.62197265625,104.8456029173476,935.7389589555748,750.0903340265986,2.0
2458645.7835784284,2390603.1115596984,2589.624962030533,2186470.6178849298,4477.314808098759,2186470.6178849298,4477.314808098759,18.5834849983108,0.0380540730291199,1.328616501780286,8.011277662828871e-09,12.0,1424.8599609375,41.65408677754596,935.7389589555748,750.0903340265986,0.0
2458573.8126538964,2348250.927680626,4213.440311039336,2139844.508795707,5453.486894473181,2139844.508795707,5453.486894473181,18.18719538357663,0.0463508592628435,1.6454411261745667,1.282154902580312e-08,12.0,1867.1048828125,119.668259367656,935.7389589555748,750.0903340265986,2.0
2458647.62034974,2397041.752435522,3371.129749602647,2193559.007298794,5130.923906704506,2193559.007298794,5130.923906704506,18.64373139597891,0.0436092974073231,2.0403578153311,1.2406441316171678e-08,12.0,4025.15595703125,80.70331996055995,935.7389589555748,750.0903340265986,0.0
2458575.8799212724,2385502.25779441,2400.992720902247,2180855.0169329783,4291.4584318173065,2180855.0169329783,4291.4584318173065,18.53575628190662,0.0364744226317101,2.0657253324579257,1.2126870457326717e-08,12.0,1382.888330078125,63.51061566213556,935.7389589555748,750.0903340265986,0.0
2458653.785724488,2382727.7367378045,3261.9416575285495,2177800.5080598365,4905.604521243123,2177800.5080598365,4905.604521243123,18.50979507330088,0.041694238780283,2.104583109223656,1.152450358988192e-08,12.0,13654.0232421875,90.3443445458563,935.7389589555748,750.0903340265986,0.0
2458580.8757536914,2431423.5282378197,9029.490879297135,2231410.383129057,10727.476904079958,2231410.383129057,10727.476904079958,18.965441859020736,0.0911761193980916,1.55479257966846,5.548383709731787e-09,12.0,1652.324755859375,125.77337918496433,935.7389589555748,750.0903340265986,2.0
2458656.660082475,2406208.7468407345,5610.437221673223,2203651.079112095,7186.001319586582,2203651.079112095,7186.001319586582,18.7295070124497,0.0610760312203778,1.0228286978128298,9.41091030008716e-09,12.0,6826.313671874999,62.37901482558525,935.7389589555748,750.0903340265986,0.0
2458582.7934868326,2390765.123947174,2730.3235747071312,2186648.9795787185,4579.221543166553,2186648.9795787185,4579.221543166553,18.58500094910093,0.0389202096544504,2.033921874494532,7.0829710419025755e-09,12.0,1419.5307373046876,68.35700000423317,935.7389589555748,750.0903340265986,0.0
2458661.633507722,2406210.4173154575,5723.207003907977,2203652.9181609843,7293.000197661143,2203652.9181609843,7293.000197661143,18.72952264309077,0.0619854475323419,0.4753431340881697,1.3126187179826678e-08,12.0,1296.1846923828125,28.30989041940543,935.7389589555748,750.0903340265986,4.0
2458583.7902215766,2387626.502540761,2357.397139604342,2183193.6275594933,4285.7059613224155,2183193.6275594933,4285.7059613224155,18.555632851543187,0.0364255306190434,2.1143110397218785,1.313825723338073e-08,12.0,1451.842138671875,62.63894497944882,935.7389589555748,750.0903340265986,0.0
2458661.645333824,2424577.1099775042,6898.286597430562,2223873.065913319,8553.04863927131,2223873.065913319,8553.04863927131,18.901379886149734,0.0726949860554156,0.412979052983436,1.2959790070775338e-08,12.0,1371.7404052734375,25.28800173109655,935.7389589555748,750.0903340265986,4.0
2458585.7849066663,2386080.674892977,2121.2538601926535,2181491.8043726506,4115.602416795466,2181491.8043726506,4115.602416795466,18.54116853384153,0.0349797683746214,2.1068252340523417,1.2731534757473414e-08,12.0,1508.8304199218749,56.69246836793601,935.7389589555748,750.0903340265986,0.0
2458661.657180235,2410277.345311913,7128.548978640068,2208130.255834107,8689.397617334009,2208130.255834107,8689.397617334009,18.76757691045674,0.0738538578772626,0.311682512265176,1.25643197941393e-08,12.0,1331.2784423828125,21.575698619598427,935.7389589555748,750.0903340265986,4.0
2458587.77968206,2388428.1348752086,2128.3076877887142,2184076.1557611567,4147.117163738289,2184076.1557611567,4147.117163738289,18.56313372965336,0.0352476218834895,2.1205073412275564,1.1457229112884972e-08,12.0,1526.2487548828126,56.16478553764,935.7389589555748,750.0903340265986,0.0
2458661.6689993683,2414037.1628023977,7899.1320572346185,2212269.491273948,9483.81855135261,2212269.491273948,9483.81855135261,18.80275754314924,0.0806058852719685,0.3295937884860063,1.2678169404081869e-08,12.0,1267.9071044921875,25.13304365107752,935.7389589555748,750.0903340265986,4.0
2458589.8164426475,2380886.3830906274,2510.5977773180875,2175773.3361843494,4317.073819096063,2175773.3361843494,4317.073819096063,18.492565517216768,0.0366921356717697,2.1166514592868686,1.215738172443442e-08,12.0,2122.214404296875,70.65095481156877,935.7389589555748,750.0903340265986,0.0
2458661.6808166304,2410045.8332768856,14501.42292599315,2207875.3810103787,16394.105311079988,2207875.3810103787,16394.105311079988,18.765410651086757,0.1393385338074622,0.2189540920316047,1.3072054456632162e-08,12.0,1253.361572265625,32.52090614566195,935.7389589555748,750.0903340265986,4.0
2458590.771941144,2383241.135525079,2720.076963805457,2178365.71593507,4492.6920917421885,2178365.71593507,4492.6920917421885,18.514598948543657,0.0381847692834235,2.1234541633105595,1.3178196578420913e-08,12.0,3587.93173828125,75.56235625325806,935.7389589555748,750.0903340265986,0.0
2457821.8976806644,2395718.34196637,2468.8938899882783,2192102.0462816097,4450.653196895208,2192102.0462816097,4450.653196895208,18.63134823702653,0.0378274678107469,1.3253474200000588,8.279535638221822e-09,12.0,1472.1091796875,37.8934076981607,935.7389589555748,750.0903340265986,0.0
2458601.7388531603,2281660.287827587,2546.180716214327,2066533.9459455307,3455.749692201215,2066533.9459455307,3455.749692201215,17.56410640456174,0.0293714775024332,1.657752679829111,1.3093131420720951e-08,12.0,1836.559375,122.50737997376088,935.7389589555748,750.0903340265986,2.0
2457844.729581457,2393636.447571757,2649.1878734869633,2189810.059747156,4552.018612019079,2189810.059747156,4552.018612019079,18.61186793986134,0.0386890035916961,1.2150855825721607,9.64983032694635e-09,12.0,1270.269482421875,37.77661857646184,935.7389589555748,750.0903340265986,0.0
2458601.913359296,2296527.732512049,2887.155778883476,2082901.7228638355,3864.533234627116,2082901.7228638355,3864.533234627116,17.70322116527656,0.0328458543205295,1.614959460802696,1.2575742430062472e-08,12.0,2117.35390625,120.23981175879278,935.7389589555748,750.0903340265986,2.0
2457844.742610609,2393335.1251055435,2390.2923617063348,2189478.329647456,4371.491432028835,2189478.329647456,4371.491432028835,18.60904846390733,0.0371546476695565,1.2099921490665986,9.201872962592358e-09,12.0,1286.0918701171877,33.584191365956244,935.7389589555748,750.0903340265986,0.0
2458604.734761808,2391955.9775043526,2188.8061768231228,2187960.0068453373,4225.711817587278,2187960.0068453373,4225.711817587278,18.59614377230756,0.0359156219740478,2.075647530464126,1.2515157213557596e-08,12.0,1434.0578369140624,54.87418942972912,935.7389589555748,750.0903340265986,0.0
2457844.7719857614,2394886.6829440678,2762.1133356328855,2191186.461281091,4645.952236695745,2191186.461281091,4645.952236695745,18.623566399034907,0.0394873743041754,1.2178629601573494,8.613961101158289e-09,12.0,1304.0612548828126,38.94209444274619,935.7389589555748,750.0903340265986,0.0
2458605.732127586,2388937.281604887,2156.8130264905585,2184636.6824869625,4170.798466941501,2184636.6824869625,4170.798466941501,18.5678978183701,0.0354488965492534,1.996479576540586,1.2897565975147046e-08,12.0,1472.19091796875,53.2820361327684,935.7389589555748,750.0903340265986,0.0
2457845.7271169964,2395291.9830668573,3007.8505952509795,2191632.661831056,4831.5138374306625,2191632.661831056,4831.5138374306625,18.627358794486604,0.0410645193137231,1.2089378539473183,1.0418531165631848e-08,12.0,1305.0998046875,42.46674837177327,935.7389589555748,750.0903340265986,0.0
2458606.7295040386,2390221.2355948784,2494.544166112946,2186050.205316713,4407.204053639836,2186050.205316713,4407.204053639836,18.57991178283254,0.0374581802039202,2.089592264602306,1.3075453510065273e-08,12.0,1411.889404296875,64.29319590423682,935.7389589555748,750.0903340265986,0.0
2457846.8568904856,2391258.465988805,2325.8564759803453,2187192.106703331,4305.645030194629,2187192.106703331,4305.645030194629,18.5896171532657,0.0365949988864128,1.2933899547176837,1.3047793016063865e-08,12.0,1254.684375,35.96740965385561,935.7389589555748,750.0903340265986,0.0
2458608.82228736,2386665.207102046,2366.449657859836,2182135.3240226433,4281.050832830768,2182135.3240226433,4281.050832830768,18.54663800489864,0.0363859652529314,2.126637140999493,1.3180854346049617e-08,12.0,1498.192431640625,63.83369453902687,935.7389589555748,750.0903340265986,0.0
2457847.7364619663,0.0,0.0,0.0,0.0,0.0,0.0,0.0,0.0,0.0,0.0,12.0,0.0,0.0,0.0,0.0,5.0
2458611.716154701,2388716.7470427826,2332.9894209012145,2184393.892916064,4281.710831858035,2184393.892916064,4281.710831858035,18.565834275273914,0.0363915747872749,2.064827163446544,1.0816865483069397e-08,12.0,1392.9384521484374,59.98154491156985,935.7389589555748,750.0903340265986,0.0
2457848.9131829925,2395936.3719801516,2465.5488755421065,2192342.0785603784,4450.840439341108,2192342.0785603784,4450.840439341108,18.63338834505044,0.0378290592417755,1.2860934050764037,1.2118795400994776e-08,12.0,1311.96923828125,36.45221319689978,935.7389589555748,750.0903340265986,0.0
2458613.7643298614,2386596.185844061,2201.2570445141587,2182059.337558439,4172.086165046676,2182059.337558439,4172.086165046676,18.54599217261255,0.0354598410907552,2.090762677969669,1.259020414442816e-08,12.0,1456.019482421875,58.20214153610696,935.7389589555748,750.0903340265986,0.0
2457849.7858323567,2396112.8390589487,3321.9685930277838,2192536.353625156,5082.806859614198,2192536.353625156,5082.806859614198,18.63503954846581,0.0432003358528199,1.2891161268702136,8.088866022183762e-09,12.0,1245.53818359375,50.16352315075765,935.7389589555748,750.0903340265986,0.0
2458617.8528534826,2391066.9402842326,2267.101773174434,2186981.2533877087,4265.311508837344,2186981.2533877087,4265.311508837344,18.5878250462071,0.0362521919065517,2.094787894825189,1.1106622510780508e-08,12.0,1609.74521484375,57.96757726380049,935.7389589555748,750.0903340265986,0.0
2457851.8305679527,2399144.3965474158,2601.7474375962292,2195873.8374859933,4579.068186204581,2195873.8374859933,4579.068186204581,18.663405848361464,0.0389189062265521,1.306382996502693,1.2545513175424506e-08,12.0,1970.6351318359373,38.29355044361084,935.7389589555748,750.0903340265986,0.0
2458618.697622888,2391790.094664837,2450.4066256856777,2187777.384116993,4394.4710083310965,2187777.384116993,4394.4710083310965,18.594591605676648,0.0373499581429685,2.069991816327573,1.0197440050750654e-08,12.0,3543.46806640625,61.58666751962175,935.7389589555748,750.0903340265986,0.0
2457864.880693162,2395188.0959672662,3038.793868171304,2191518.291076237,4853.864310853922,2191518.291076237,4853.864310853922,18.626386722331105,0.0412544828486404,1.2664625889397314,6.954261555903491e-09,12.0,1475.302905273437,45.21973515044925,935.7389589555748,750.0903340265986,0.0
2458618.885815346,2396581.5349838305,2721.810979259545,2193052.347496587,4635.233862504421,2193052.347496587,4635.233862504421,18.639425138782222,0.0393962755515274,2.0529521658815004,8.981303504198622e-09,12.0,2109.822119140625,65.3638816580187,935.7389589555748,750.0903340265986,0.0
2457867.790685161,2394432.5031795013,3379.636899544255,2190686.4484527283,5112.410166881122,2190686.4484527283,5112.410166881122,18.619316636509467,0.0434519434490964,1.2529056815428452,9.270723599334188e-09,12.0,1220.987744140625,50.23900923753672,935.7389589555748,750.0903340265986,0.0
2458625.694211842,2373532.267892697,12772.770931264231,2167677.088339079,14424.346443822118,2167677.088339079,14424.346443822118,18.423753021341227,0.1225969485053072,0.101479938697979,1.2746675641723982e-08,12.0,517.8640380859375,15.820739947657229,935.7389589555748,750.0903340265986,0.0
2457954.5702548465,2399736.3536751824,3284.908648276352,2196525.531332386,5089.384735493781,2196525.531332386,5089.384735493781,18.66894479442316,0.0432562432392394,0.901302519698832,8.103099253694613e-09,12.0,1208.275830078125,32.8818504313126,935.7389589555748,750.0903340265986,0.0
2458625.696380625,2396795.19813977,3292.7964427210054,2193287.572240734,5066.465246759722,2193287.572240734,5066.465246759722,18.64142438609357,0.0430614434685156,2.117192804336076,1.0687259659227174e-08,12.0,10742.928515625,82.05344749510337,935.7389589555748,750.0903340265986,0.0
2457954.7682001246,2437103.084885838,10263.845773705098,2237663.0861444445,12025.293264546575,2237663.0861444445,12025.293264546575,19.018585501443773,0.1022066590577665,0.3546908449087114,7.166972438060296e-09,12.0,1182.336767578125,29.905719861263737,935.7389589555748,750.0903340265986,4.0
2458626.672460061,2385234.880620837,3376.6601864469444,2180560.657678718,5022.302004354599,2180560.657678718,5022.302004354599,18.533254432240355,0.0426860865137964,2.0811046970426617,9.624055962667223e-09,12.0,6766.16669921875,90.67567894986372,935.7389589555748,750.0903340265986,0.0
2457955.6188473417,2395159.052445947,2899.379914911723,2191486.316659115,4749.077762020519,2191486.316659115,4749.077762020519,18.626114961944268,0.0403638698020521,0.8667224431701591,8.680419306137872e-09,12.0,1128.320703125,28.530447675839543,935.7389589555748,750.0903340265986,0.0
2458627.7939480217,-1176565338.3168216,-1176565338.3168216,-1176565338.3168216,-1176565338.3168216,-1176565338.3168216,-1176565338.3168216,-9999.99,-9999.99,-9999.99,-9999.99,12.0,-9999.99,-9999.99,-9999.99,-9999.99,5.0
2457956.5631980146,2394273.193953924,2861.3241163039397,2190511.0627075215,4711.733495468165,2190511.0627075215,4711.733495468165,18.61782597921991,0.0400464694164389,1.204582065811697,7.2434686787809954e-09,12.0,1201.9004638671877,40.570571517490045,935.7389589555748,750.0903340265986,0.0
2458627.796092052,2423198.9365966767,67163.41587476709,2222355.815643962,74044.69465870682,2222355.815643962,74044.69465870682,18.88848431033515,0.6293285906241244,0.1558729760444265,1.2008744452961411e-08,12.0,14987.0888671875,100.64336764063208,935.7389589555748,750.0903340265986,4.0
2457958.5700916494,0.0,0.0,0.0,0.0,0.0,0.0,0.0,0.0,0.0,0.0,12.0,0.0,0.0,0.0,0.0,5.0
2458629.66819276,0.0,0.0,0.0,0.0,0.0,0.0,0.0,0.0,0.0,0.0,12.0,0.0,0.0,0.0,0.0,5.0
2457960.652415336,2391883.6663309145,3163.9378681989683,2187880.3984673903,4916.892792585023,2187880.3984673903,4916.892792585023,18.595467156264696,0.0417901812637644,1.2002083837564157,6.952644874016397e-09,12.0,1092.7316162109375,45.84078888904787,935.7389589555748,750.0903340265986,0.0
2458631.752334596,2383627.4824526906,2156.228660658602,2178791.0506484928,4109.50825682942,2178791.0506484928,4109.50825682942,18.51821399884505,0.0349279722382453,1.8636458565515224,1.2987603829134874e-08,12.0,1484.5111083984375,51.4027281116988,935.7389589555748,750.0903340265986,0.0
2457965.5860123383,2565612.2324628322,472977.53034232924,2379140.5965131302,520742.06566074735,2379140.5965131302,520742.06566074735,20.22104629374937,4.4259466768216,0.0376514925551573,8.057220724650697e-09,12.0,6743.673828125,55.530719138583954,935.7389589555748,750.0903340265986,6.0
2458635.814679356,2391579.7387019238,2056.4534644918326,2187545.800307706,4139.921641292269,2187545.800307706,4139.921641292269,18.59262330378843,0.0351864649292927,2.062723162536532,1.2839555363598135e-08,12.0,1557.1259033203123,51.21071885105888,935.7389589555748,750.0903340265986,0.0
2457968.538156412,0.0,0.0,0.0,0.0,0.0,0.0,0.0,0.0,0.0,0.0,12.0,0.0,0.0,0.0,0.0,5.0
2458637.715650966,2389326.101591875,2091.622214014466,2185064.739825896,4134.891984636254,2185064.739825896,4134.891984636254,18.571536009101514,0.0351437163333367,2.11039318158236,1.3159871463793044e-08,12.0,1454.57333984375,54.46889290106928,935.7389589555748,750.0903340265986,0.0
2457968.69991766,2401668.513437967,5906.986060367784,2198652.6729252404,7437.066610210629,2198652.6729252404,7437.066610210629,18.687024023824517,0.0632099121990401,1.1805184633260903,6.693980521941009e-09,12.0,10823.4796875,79.00110103770488,935.7389589555748,750.0903340265986,0.0
2458638.643989451,2389074.0054500024,2369.5572088667973,2184787.2036722605,4309.969580551369,2184787.2036722605,4309.969580551369,18.56917714413192,0.0366317545674732,1.764840318991856,9.09383935491657e-09,12.0,1389.0802978515626,51.41042206032045,935.7389589555748,750.0903340265986,0.0
2457969.749929613,2383467.1830213154,7540.557314553005,2178614.5747719347,8952.819529416405,2178614.5747719347,8952.819529416405,18.51671407619446,0.076092761575015,1.1142266825058509,1.3058883491014725e-08,12.0,25355.601953125,110.2595392555111,935.7389589555748,750.0903340265986,2.0
2458639.803465252,2374264.2928954996,3246.9639887448043,2168482.9848598843,4813.844135936639,2168482.9848598843,4813.844135936639,18.43060258327088,0.040914339096366,0.7134518306643542,1.2351633922739636e-08,12.0,1511.343579101563,31.107501837532705,935.7389589555748,750.0903340265986,0.0
2457970.554457886,2425698.011670458,7244.361646990914,2225107.0821983633,8900.184170673314,2225107.0821983633,8900.184170673314,18.911868169382625,0.0756453975027142,1.1712571323993557,7.537950427194972e-09,12.0,14778.38515625,79.5807951595385,935.7389589555748,750.0903340265986,0.0
2458641.757848639,2382109.027182796,2306.9198979430257,2177119.362093697,4190.624661449238,2177119.362093697,4190.624661449238,18.504005804632065,0.0356174054627482,2.026237160020101,7.98694593729293e-09,12.0,1509.3901123046876,60.97823695235461,935.7389589555748,750.0903340265986,0.0
2458654.606840713,2379221.906898095,3571.3824213401435,2173940.8911621273,5128.671358999657,2173940.8911621273,5128.671358999657,18.476991004437053,0.0435901523128779,2.014537938928376,1.1844664277438516e-08,12.0,12462.227734375,97.51995208717908,935.7389589555748,750.0903340265986,0.0
2457971.500056308,2371751.412541327,4144.285649086916,2165716.519880031,5566.703206957277,2165716.519880031,5566.703206957277,18.40708954813977,0.0473131194585225,1.2173162275737004,1.266054732200658e-08,12.0,12796.835546875,72.19862404896152,935.7389589555748,750.0903340265986,0.0
2458655.6573912688,2481462.8300110507,18411.320179806797,2286499.3473696983,20820.08179411383,2286499.3473696983,20820.08179411383,19.43365987766886,0.1769562666516841,1.0712007370523522,6.459665753716376e-09,12.0,13091.1330078125,120.20406285001503,935.7389589555748,750.0903340265986,0.0
2457972.473804821,2411079.858180767,10634.574732751133,2209013.7534283623,12291.155438809803,2209013.7534283623,12291.155438809803,18.775086027732137,0.1044663032929213,1.2131689713096636,8.942550638842057e-09,12.0,22402.8421875,136.78748403315825,935.7389589555748,750.0903340265986,2.0
2458655.7610167903,2412527.2558416696,8801.064332037098,2210607.213671771,10394.058458003272,2210607.213671771,10394.058458003272,18.788629335511597,0.0883422936699325,1.0653189660827216,1.317989837796186e-08,12.0,11081.0482421875,97.84886965092672,935.7389589555748,750.0903340265986,0.0
2458668.695788637,2393053.5032891612,2102.700667017392,2189168.2882675347,4185.234566827534,2189168.2882675347,4185.234566827534,18.60641332704088,0.0355715933938722,2.101263113506177,9.794441438770142e-09,12.0,1341.5965576171875,52.80014889117685,935.7389589555748,750.0903340265986,0.0
2457973.554517448,-1176565338.3168216,-1176565338.3168216,-1176565338.3168216,-1176565338.3168216,-1176565338.3168216,-1176565338.3168216,-9999.99,-9999.99,1.1757013214170924,-9999.99,12.0,-9999.99,-9999.99,-9999.99,-9999.99,1.0
2457973.6866679583,-1176565338.3168216,-1176565338.3168216,-1176565338.3168216,-1176565338.3168216,-1176565338.3168216,-1176565338.3168216,-9999.99,-9999.99,0.6784748178922395,-9999.99,12.0,-9999.99,-9999.99,-9999.99,-9999.99,7.0
2457974.484702161,2395947.019006581,2749.888226459626,2192353.800020059,4648.483273671082,2192353.800020059,4648.483273671082,18.633487969334595,0.0395088863644229,1.1866818358305045,6.569557656541706e-09,12.0,2003.9302490234372,37.6742777000964,935.7389589555748,750.0903340265986,0.0
2457979.567752234,2395297.109243434,3136.1984838325607,2191638.3053102433,4929.482434251943,2191638.3053102433,4929.482434251943,18.627406760148677,0.0418971844931413,1.1744009942036258,8.426002283281874e-09,12.0,1243.3412841796874,43.13616480454256,935.7389589555748,750.0903340265986,0.0
2457980.498664601,2394930.301338569,2798.163734173764,2191234.481379088,4672.487270633525,2191234.481379088,4672.487270633525,18.6239745365893,0.0397129037035091,1.155849924788022,1.2133020146021528e-08,12.0,1403.939599609375,37.573658098243385,935.7389589555748,750.0903340265986,0.0
2457980.6137618544,2402822.319539644,3075.8148781953705,2199922.9141321243,4960.278879771859,2199922.9141321243,4960.278879771859,18.697820193788687,0.0421589329377073,1.14308152745462,7.563256781881799e-09,12.0,1406.8541015625,38.31560284892022,935.7389589555748,750.0903340265986,0.0
2457981.620559268,2396947.8492674637,2766.3782856290295,2193455.62799325,4671.018392225526,2193455.62799325,4671.018392225526,18.64285274352504,0.0397004192549937,1.152599475227952,8.451604234475022e-09,12.0,1280.5185546875,36.45365777408855,935.7389589555748,750.0903340265986,0.0
2457983.6725961776,2432158.127473171,5977.293867821147,2232219.113658329,7723.301111648119,2232219.113658329,7723.301111648119,18.97231550805835,0.0656427070968778,0.9997203084034642,5.770807968986257e-09,12.0,1298.156982421875,52.04138690827479,935.7389589555748,750.0903340265986,0.0
2457986.6058055074,2420948.825614118,3543.1595900621296,2219878.6371250157,5503.575284106494,2219878.6371250157,5503.575284106494,18.86743000964234,0.0467765758627952,1.1154531644666008,4.1015422442353235e-09,12.0,1236.8100341796876,36.75992392669365,935.7389589555748,750.0903340265986,0.0
2457989.6933442326,-1176565338.3168216,-1176565338.3168216,-1176565338.3168216,-1176565338.3168216,-1176565338.3168216,-1176565338.3168216,-9999.99,-9999.99,-9999.99,-9999.99,12.0,-9999.99,-9999.99,-9999.99,-9999.99,5.0
2457990.6510736723,2391693.3939798907,2652.8695388956485,2187670.924986143,4533.676763225878,2187670.924986143,4533.676763225878,18.59368677684205,0.0385331105881032,1.1618518310440586,8.441118921335621e-09,12.0,1199.1819091796874,36.83396567978396,935.7389589555748,750.0903340265986,0.0
2457993.58783492,2407356.936036458,3781.1331153581796,2204915.1365889856,5562.0260105680145,2204915.1365889856,5562.0260105680145,18.74025062499433,0.0472733665305741,1.1708726817827309,7.838825191667908e-09,12.0,2240.25576171875,47.27138494215394,935.7389589555748,750.0903340265986,0.0
2457995.4930316824,2406962.8916091463,5754.798807620074,2204481.3275909354,7328.428489036569,2204481.3275909354,7328.428489036569,18.736563549146403,0.0622865634567479,0.8199605684671467,5.075589392834415e-09,12.0,7138.65498046875,50.768808347470696,935.7389589555748,750.0903340265986,0.0
2457996.667900017,2457476.245069705,11081.093872180305,2260092.181936472,12971.4325451591,2260092.181936472,12971.4325451591,19.209217272009248,0.1102481872556546,1.0469925017175896,7.813012786140135e-09,12.0,16213.5517578125,84.99170319792475,935.7389589555748,750.0903340265986,0.0
2457998.6146285394,2395358.9999581715,5544.5633799133175,2191706.4416600764,7045.9053709716045,2191706.4416600764,7045.9053709716045,18.627985871902844,0.0598853127455378,1.1707458357006226,8.452116724940231e-09,12.0,8003.90537109375,77.25099309426552,935.7389589555748,750.0903340265986,0.0
2457999.4813984707,2418716.689716915,9050.135408315984,2217421.247627888,10681.618073114843,2217421.247627888,10681.618073114843,18.846543901920903,0.0907863511156782,0.939091566820295,1.2674471951226513e-08,12.0,12948.8888671875,84.32372889364933,935.7389589555748,750.0903340265986,0.0
2458000.661817428,-1176565338.3168216,-1176565338.3168216,-1176565338.3168216,-1176565338.3168216,-1176565338.3168216,-1176565338.3168216,-9999.99,-9999.99,1.07580874688609,-9999.99,12.0,-9999.99,-9999.99,-9999.99,-9999.99,1.0
2458003.566541668,2398730.811573885,3263.3738176027723,2195418.5160284587,5062.548434860451,2195418.5160284587,5062.548434860451,18.659535931516352,0.0430281532817754,1.1494240687913404,8.397463200848735e-09,12.0,3130.08505859375,42.66613541727794,935.7389589555748,750.0903340265986,0.0
2458004.552554255,2394490.532517586,2844.725452199819,2190750.3337592203,4701.818590043042,2190750.3337592203,4701.818590043042,18.619859617341284,0.0399621995914889,1.156792411797897,6.1411551184565195e-09,12.0,2364.171728515625,38.51460469668519,935.7389589555748,750.0903340265986,0.0
2458005.647937656,2374273.026720014,3414.625576132007,2168492.600048932,4952.5310224967425,2168492.600048932,4952.5310224967425,18.430684305714337,0.0420930815202387,0.972137244884296,1.3181192015393432e-08,12.0,3492.117333984375,45.796798419294745,935.7389589555748,750.0903340265986,0.0
2458008.538278402,2393396.400373532,2750.8661942044578,2189545.788443394,4621.985043203329,2189545.788443394,4621.985043203329,18.60962181692294,0.0392836697690791,1.112188964736914,1.3110142805014844e-08,12.0,1293.2067138671875,35.934593750832924,935.7389589555748,750.0903340265986,0.0
2458019.505473424,2394809.4491056595,2748.745468057328,2191101.4334727195,4635.50893422367,2191101.4334727195,4635.50893422367,18.622843721589163,0.0393986134705126,1.1268505366936743,1.2791633615523565e-08,12.0,1410.353271484375,35.96160337721309,935.7389589555748,750.0903340265986,0.0
2458032.53029078,0.0,0.0,0.0,0.0,0.0,0.0,0.0,0.0,0.0,0.0,12.0,0.0,0.0,0.0,0.0,5.0
2458036.518928627,2395090.502026336,3263.245432628935,2191410.848547433,5026.402521343229,2191410.848547433,5026.402521343229,18.62547353529541,0.042720938066486,1.0801473284955077,7.295508003386968e-09,12.0,1567.6399902343749,40.95656178413213,935.7389589555748,750.0903340265986,0.0
2458042.494842958,2391203.233300564,2753.8758473496496,2187131.300267598,4600.91189001391,2187131.300267598,4600.91189001391,18.58910034070164,0.0391045625709492,1.0808875952372454,1.2696418772829116e-08,12.0,1988.1471923828128,35.34905601212769,935.7389589555748,750.0903340265986,0.0
2458045.520124967,2388222.365332061,3263.0499584694708,2183849.621205265,4959.201949061215,2183849.621205265,4959.201949061215,18.561208342919805,0.0421497797729944,1.058527975940016,1.2449873382650848e-08,12.0,1622.7412109375,42.48280006465136,935.7389589555748,750.0903340265986,0.0
2458166.8436979405,2406094.4058676483,5487.251277918535,2203525.1995423506,7068.931335670696,2203525.1995423506,7068.931335670696,18.728437123343102,0.0600810174881751,0.4023484116518714,1.1858272832804392e-08,12.0,1163.8229248046875,22.25465257404269,935.7389589555748,750.0903340265986,4.0
2458173.886592628,2389867.856311974,2820.951449749319,2185661.1651425003,4635.959780450108,2185661.1651425003,4635.959780450108,18.57660521096184,0.0394024453509948,1.042445254927357,1.0395666680189457e-08,12.0,1427.9438232421876,35.5380674241751,935.7389589555748,750.0903340265986,0.0
2458174.861666435,2395169.5770998527,2837.596184658532,2191497.9033971825,4703.741370976759,2191497.9033971825,4703.741370976759,18.62621344118808,0.0399785418969123,1.0408207028226233,7.937881610766308e-09,12.0,1403.9552734375,34.157088993245694,935.7389589555748,750.0903340265986,0.0
2458175.836981044,2398634.63046259,3167.802524285007,2195312.62890348,4987.460695737366,2195312.62890348,4987.460695737366,18.65863596433524,0.042389959536048,1.034215295886772,7.729023012990865e-09,12.0,1309.07568359375,37.056527388032,935.7389589555748,750.0903340265986,0.0
2458178.864484112,2400363.212129914,4171.1230572745835,2197215.6485357233,5828.713734902933,2197215.6485357233,5828.713734902933,18.67481031239097,0.0495400273692209,1.0317860199500848,8.163460477151666e-09,12.0,3858.411328125,48.67953199511224,935.7389589555748,750.0903340265986,0.0
2458180.8934964603,2389647.9107845235,4221.937960590075,2185419.024048055,5781.849562995641,2185419.024048055,5781.849562995641,18.57454717946612,0.0491417143855139,1.0511776174211391,1.2788178926396716e-08,12.0,4037.1824707031246,54.83904512747317,935.7389589555748,750.0903340265986,0.0
2458186.880387079,2435762.796078548,6925.2118602985,2236187.5435297317,8654.161529847357,2236187.5435297317,8654.161529847357,19.006044411789688,0.0735543755527112,0.959300787111786,7.634252629958123e-09,12.0,5125.559863281251,56.67655565478385,935.7389589555748,750.0903340265986,0.0
2458195.850074288,2391544.3108757907,3013.4230093791157,2187506.7973204954,4797.482302866414,2187506.7973204954,4797.482302866414,18.59229180542674,0.0407752748542407,1.0879359794433008,1.0345380846177042e-08,12.0,1240.129052734375,39.35372368405056,935.7389589555748,750.0903340265986,0.0
2458203.829149154,2417036.0778145758,4244.240869900358,2215571.038578011,6039.517698326886,2215571.038578011,6039.517698326886,18.83081840721684,0.0513317149683266,0.9847054091978223,7.044254054483131e-09,12.0,1345.2582763671874,40.52804578919708,935.7389589555748,750.0903340265986,0.0
2458208.816456907,2401769.5307806297,4581.197957854164,2198763.8843246903,6202.186910896314,2198763.8843246903,6202.186910896314,18.68796924364884,0.0527142905432023,1.0319971261156846,6.683328796348993e-09,12.0,5878.37265625,53.03223971238272,935.7389589555748,750.0903340265986,0.0
2458208.8305545254,2400484.049153931,4654.196801292263,2197348.679698413,6257.261006562622,2197348.679698413,6257.261006562622,18.675940985081425,0.0531823821892727,1.0352096363060472,8.418644600536796e-09,12.0,5294.619921875,54.662706697115865,935.7389589555748,750.0903340265986,0.0
2458209.813150804,2396718.227640071,4088.644797564744,2193202.834345619,5725.500617561673,2193202.834345619,5725.500617561673,18.640704172709583,0.0486627873999065,1.0358270995885797,7.534277630738176e-09,12.0,5054.40419921875,49.32599768833709,935.7389589555748,750.0903340265986,0.0
2458213.802947455,2424411.4215810606,6534.14490385696,2223690.6572500602,8198.027962469763,2223690.6572500602,8198.027962469763,18.89982953892372,0.0696775563367333,1.0551522794016357,8.232532408795727e-09,12.0,8373.7751953125,65.15042556276045,935.7389589555748,750.0903340265986,0.0
2458221.8995318064,2402285.781293927,2922.420821123751,2199332.2317048186,4840.8892773711905,2199332.2317048186,4840.8892773711905,18.69279980250751,0.0411442040559109,1.055188456542354,8.264976386127002e-09,12.0,1211.877490234375,33.62446292702008,935.7389589555748,750.0903340265986,0.0
2458223.776382317,2410431.8311018837,2909.2737983868024,2208300.3313918733,4918.384121274588,2208300.3313918733,4918.384121274588,18.769022434833104,0.0418028565241148,1.0408813498233571,3.2393661752930893e-09,12.0,1227.629296875,30.46356023052008,935.7389589555748,750.0903340265986,0.0
2458224.8511393066,2396198.2972149504,3764.8896614774458,2192630.4356993125,5444.982881132044,2192630.4356993125,5444.982881132044,18.635839180895985,0.0462785810428401,1.063840775429039,5.567113316112285e-09,12.0,1266.1565673828125,46.76765711623804,935.7389589555748,750.0903340265986,0.0
2458225.9176829457,2402545.158357533,3089.582404322327,2199617.783526597,4967.7781924509,2199617.783526597,4967.7781924509,18.69522679510136,0.042222671898354,1.0290109275043129,4.316655135126644e-09,12.0,1336.78466796875,34.57229673603666,935.7389589555748,750.0903340265986,0.0
2458226.863118391,2398668.595311113,3170.021324076497,2195350.0212782607,4989.511817862727,2195350.0212782607,4989.511817862727,18.65895377360747,0.0424073926526582,1.0413077956673642,8.448672332101175e-09,12.0,1173.1077392578125,37.33894004883864,935.7389589555748,750.0903340265986,0.0
2458229.8490675758,2402802.1839920515,2745.6539000530965,2199900.7466273424,4719.405453309454,2199900.7466273424,4719.405453309454,18.69763178536043,0.0401116757413193,1.0517417961555766,4.157035896995316e-09,12.0,1180.0248779296876,31.070146693157067,935.7389589555748,750.0903340265986,0.0
2458230.7997896965,2396663.664527967,2537.5339017224696,2193142.765055579,4507.652752238844,2193142.765055579,4507.652752238844,18.640193625373072,0.038311924529705,1.0265412904734663,9.738018623858491e-09,12.0,1183.0801025390624,29.274771307486244,935.7389589555748,750.0903340265986,0.0
2458231.8253758973,2407944.2771806507,7685.769792151325,2205561.7486347756,9233.873671176529,2205561.7486347756,9233.873671176529,18.745746379272653,0.0784815270056544,0.2466744697545043,3.5865351150900206e-09,12.0,1132.2326904296874,18.18575125442532,935.7389589555748,750.0903340265986,4.0
2458237.735405837,2420928.913443552,45202.64467706655,2219856.7155391155,49915.42109938828,2219856.7155391155,49915.42109938828,18.867243691354133,0.4242464872828518,0.2097090840342829,5.439629539345956e-09,12.0,28741.12265625,92.68181165339932,935.7389589555748,750.0903340265986,4.0
2458237.921299932,2426139.263851316,5666.960943567457,2225592.8628697707,7387.76206509337,2225592.8628697707,7387.76206509337,18.915996968437035,0.06279085773426,1.037032366674021,5.815965168266571e-09,12.0,5791.21953125,54.45606512091052,935.7389589555748,750.0903340265986,0.0
2458238.7326415847,2584423.6207887097,57463.31649042263,2399850.3159152414,63572.553758778144,2399850.3159152414,63572.553758778144,20.397064556551648,0.5403226503100148,1.0652665087034985,7.808402233622968e-09,12.0,18142.216015625,167.62608826626973,935.7389589555748,750.0903340265986,2.0
2458239.9136560564,-1176565338.3168216,-1176565338.3168216,-1176565338.3168216,-1176565338.3168216,-1176565338.3168216,-1176565338.3168216,-9999.99,-9999.99,0.572719262821405,-9999.99,12.0,-9999.99,-9999.99,-9999.99,-9999.99,7.0
2458245.7899165363,2411701.5384674217,5625.2948829905245,2209698.1699143467,7240.174724147104,2209698.1699143467,7240.174724147104,18.780903093553118,0.0615364676162402,1.0010355257044392,1.253737062869474e-08,12.0,4452.67841796875,58.54335453426477,935.7389589555748,750.0903340265986,0.0
2458246.7123092194,2396002.420315061,2657.9206589474506,2192414.792092161,4583.789030297839,2192414.792092161,4583.789030297839,18.63400635967913,0.038959030129736,1.016916098535639,1.1562107187480304e-08,12.0,1483.362548828125,30.70069479768799,935.7389589555748,750.0903340265986,0.0
2458246.881393527,2381183.2495205626,3844.427887416687,2176100.1605716464,5379.429077121971,2176100.1605716464,5379.429077121971,18.495343298015072,0.0457214191384273,0.9578153454214328,1.125337430158998e-08,12.0,1998.919140625,48.16004151158707,935.7389589555748,750.0903340265986,0.0
2458247.857419525,2418155.6469899034,10090.593090158203,2216803.587875843,11754.688745181866,2216803.587875843,11754.688745181866,18.84129422207508,0.0999067081757584,0.2758333288893817,1.0441305409004875e-08,12.0,2599.4514648437503,26.08828711217864,935.7389589555748,750.0903340265986,4.0
2458249.722265457,2401712.292867129,3570.347565326293,2198700.8703085403,5336.13260202008,2198700.8703085403,5336.13260202008,18.687433668181136,0.0453534291051041,1.03049022344788,3.884989662675746e-09,12.0,1270.3507568359375,40.80029748801719,935.7389589555748,750.0903340265986,0.0
2458250.7052307166,2430418.525725536,4730.814077873468,2230303.9618661893,6578.054825468123,2230303.9618661893,6578.054825468123,18.956038045051255,0.0559089073355141,0.93353710505391,5.6076432289337075e-09,12.0,1249.583154296875,38.153295215986425,935.7389589555748,750.0903340265986,0.0
2458254.6950384555,2396555.323740665,3691.7364646228166,2193023.491173929,5387.234330412534,2193023.491173929,5387.234330412534,18.63917988003746,0.045787758382251,1.039965088668403,6.277996304613577e-09,12.0,1154.68193359375,44.601243935181415,935.7389589555748,750.0903340265986,0.0
2458256.748684103,2404999.4294353845,2870.1807707246467,2202319.7247378724,4831.867947890737,2202319.7247378724,4831.867947890737,18.71819142291539,0.0410675290072304,1.0366691375958772,1.1632363261618313e-08,12.0,1208.1379150390624,31.374918260299985,935.7389589555748,750.0903340265986,0.0
2458257.823661177,2420262.855479841,4646.129342250716,2219123.4430503966,6415.673622274121,2219123.4430503966,6415.673622274121,18.86101138336777,0.0545287796407352,0.8582155412734623,9.477517483203064e-09,12.0,1223.351806640625,37.51983938652766,935.7389589555748,750.0903340265986,0.0
2458258.791970033,2414605.409084185,4254.29780546652,2212895.0815197728,6026.2241153206,2212895.0815197728,6026.2241153206,18.808074626696254,0.051218728725406,0.994308056405371,3.758501191972581e-09,12.0,1173.45,42.268731312867615,935.7389589555748,750.0903340265986,0.0
2458259.872361714,2394664.279274263,2594.963786075471,2190941.613983492,4525.218022131302,2190941.613983492,4525.218022131302,18.62148536668781,0.0384612171508213,1.011145586570885,1.0229873167848652e-08,12.0,1339.0563720703126,29.913855701664485,935.7389589555748,750.0903340265986,0.0
2458264.667775121,2400148.8116010744,3778.208222608481,2196979.6120074783,5492.408065922362,2196979.6120074783,5492.408065922362,18.672804165477388,0.0466816622472633,1.0329866662620617,8.248027687342756e-09,12.0,3327.484619140625,44.05592949565726,935.7389589555748,750.0903340265986,0.0
2458271.6830260884,2394909.8683406743,3976.3984497317297,2191211.9864071277,5612.879824394363,2191211.9864071277,5612.879824394363,18.62378334491696,0.0477055887057173,1.075437986740286,1.2799791827785096e-08,12.0,8173.9916015625,50.5135141469388,935.7389589555748,750.0903340265986,0.0
2458272.67193315,2407857.311767761,5240.167243652573,2205466.0072005214,6851.390112512664,2205466.0072005214,6851.390112512664,18.7449326434316,0.0582320678503418,1.076217897503959,8.294955656350117e-09,12.0,8086.4970703125,60.58159849017833,935.7389589555748,750.0903340265986,0.0
2458273.839860876,2399552.758789943,3773.7810777744626,2196323.4091662234,5483.217381176156,2196323.4091662234,5483.217381176156,18.66722689608416,0.0466035477961894,1.034287255446095,1.1971247710802896e-08,12.0,3263.532275390625,44.02614678220026,935.7389589555748,750.0903340265986,0.0
2458274.806927489,2403077.346230457,3560.953646046351,2200203.676567903,5341.622496869785,2200203.676567903,5341.622496869785,18.70020647992065,0.0454000894067552,1.0629091174745795,7.82793017328669e-09,12.0,1817.95498046875,41.55916285643098,935.7389589555748,750.0903340265986,0.0
2458277.8055521585,2396436.9348424296,3307.0761202309272,2192893.155187012,5074.204752734347,2192893.155187012,5074.204752734347,18.638072114473275,0.0431272239057176,1.0499469511125996,8.22887685416499e-09,12.0,1293.977783203125,40.15539962419996,935.7389589555748,750.0903340265986,0.0
2458278.7534798253,2407144.7362714433,5446.436714925863,2204681.522912284,7038.362569698735,2204681.522912284,7038.362569698735,18.738265070639805,0.0598212041619817,0.3923724383326506,4.880736006291315e-09,12.0,1119.9954589843749,21.311034418376465,935.7389589555748,750.0903340265986,4.0
2458282.784826769,2395138.9297618303,3043.63092756683,2191464.1633159127,4857.034626702282,2191464.1633159127,4857.034626702282,18.625926673879626,0.0412814283362797,1.0280499524481783,6.776661600876023e-09,12.0,1163.5926513671875,36.29056967640129,935.7389589555748,750.0903340265986,0.0
2458285.612549944,2397051.4756543785,3257.819564253327,2193569.7117258525,5041.525260589647,2193569.7117258525,5041.525260589647,18.64382237619059,0.0428494708698177,0.9746278667581368,1.1045569660418553e-08,12.0,1171.0580078125,36.28882911389106,935.7389589555748,750.0903340265986,0.0
2458286.7579702637,2392567.4374692743,3203.7267178075713,2188633.1716367807,4954.769852985876,2188633.1716367807,4954.769852985876,18.60186520652252,0.0421121100278565,1.026734799666234,8.446648079080883e-09,12.0,1092.295751953125,39.17402051776448,935.7389589555748,750.0903340265986,0.0
2458287.723050886,2402262.9791659014,2769.8762027919483,2199307.1285244995,4730.692310859224,2199307.1285244995,4730.692310859224,18.692586442871644,0.0402076062085474,1.0210836893137532,4.678513108475751e-09,12.0,1125.9684326171875,30.42408979811116,935.7389589555748,750.0903340265986,0.0
2458288.6392648863,2396677.12610244,3344.5571179120275,2193157.5850904016,5106.238901983456,2193157.5850904016,5106.238901983456,18.640319585398583,0.0433994919742363,1.0319855162877851,5.487690450975854e-09,12.0,1134.0279296875,39.83743322408425,935.7389589555748,750.0903340265986,0.0
2458288.6855662926,2402179.6606905987,3123.419707158248,2199215.4020546265,4989.608478294751,2199215.4020546265,4989.608478294751,18.69180683144541,0.0424082141993434,1.030414396948422,6.7512649832805e-09,12.0,1077.7318359375,35.22567389918197,935.7389589555748,750.0903340265986,0.0
2458289.7793129086,2398418.1487285853,3583.523392789967,2195074.3011474805,5315.5140641695525,2195074.3011474805,5315.5140641695525,18.656610343573615,0.0451781858223002,1.0100604999472351,4.9551736128438305e-09,12.0,1149.6832519531251,41.25372122181256,935.7389589555748,750.0903340265986,0.0
2458291.620494654,2399590.045782785,4029.0095150607945,2196364.4589359546,5699.399711249003,2196364.4589359546,5699.399711249003,18.667575790678832,0.0484409477845299,0.923274035465986,8.35253725838074e-09,12.0,2244.90830078125,42.05566910430915,935.7389589555748,750.0903340265986,0.0
2458292.789082392,2424192.4582423377,5174.768898527205,2223449.597460865,6920.380201856164,2223449.597460865,6920.380201856164,18.897780697773243,0.0588184357986965,1.01360325412631,9.531943499072271e-09,12.0,2956.681640625,49.01841846454474,935.7389589555748,750.0903340265986,0.0
2458293.584997672,-1176565338.3168216,-1176565338.3168216,-1176565338.3168216,-1176565338.3168216,-1176565338.3168216,-1176565338.3168216,-9999.99,-9999.99,0.3034424418452087,-9999.99,12.0,-9999.99,-9999.99,-9999.99,-9999.99,7.0
2458299.753437452,2474694.6741714207,26531.863920861902,2279048.1903428845,29578.47422375856,2279048.1903428845,29578.47422375856,19.370330206693545,0.2513965326192495,0.7637947204100018,4.1085245028337185e-09,12.0,26509.987109375,130.35442829956688,935.7389589555748,750.0903340265986,2.0
2458301.6663164035,2456400.1482303664,8747.418638868668,2258907.491938787,10584.754739248701,2258907.491938787,10584.754739248701,19.199148228035117,0.0899630799054165,0.9642699690598676,1.3181474235874317e-08,12.0,4145.16884765625,61.81006522393318,935.7389589555748,750.0903340265986,0.0
2458302.6419010097,-1176565338.3168216,-1176565338.3168216,-1176565338.3168216,-1176565338.3168216,-1176565338.3168216,-1176565338.3168216,-9999.99,-9999.99,-9999.99,-9999.99,12.0,-9999.99,-9999.99,-9999.99,-9999.99,5.0
2458303.569971492,2399573.225240952,2716.107969709823,2196345.9409671836,4663.504702898438,2196345.9409671836,4663.504702898438,18.66741840077748,0.0396365581028018,0.9859591636670312,1.1513749364632416e-08,12.0,1187.013916015625,29.362307003873685,935.7389589555748,750.0903340265986,0.0
2458303.755144374,0.0,0.0,0.0,0.0,0.0,0.0,0.0,0.0,0.0,0.0,12.0,0.0,0.0,0.0,0.0,5.0
2458308.548092579,2398314.132218529,2804.7769737619624,2194959.787922879,4713.240318911557,2194959.787922879,4713.240318911557,18.65563706052371,0.0400592763714587,0.9785217006197564,9.81142795409265e-09,12.0,1098.0767333984377,30.47697955081268,935.7389589555748,750.0903340265986,0.0
2458310.5425069937,2395765.9018172063,782.0232554991821,2192154.405583783,3628.569684450791,2192154.405583783,3628.569684450791,18.63179325480929,0.0308403276699625,0.9999958937805294,6.764811352441898e-09,12.0,1067.34921875,0.1206274292148653,935.7389589555748,750.0903340265986,0.0
2458310.577595463,2392082.398635134,3085.8053856046017,2188099.1856289334,4858.333233141122,2188099.1856289334,4858.333233141122,18.597326695515346,0.041292465591058,1.00615569141768,7.781355897225654e-09,12.0,1058.9596923828124,36.99673896543565,935.7389589555748,750.0903340265986,0.0
2458311.706271672,2394756.299036606,2547.143810955902,2191042.9198214565,4493.180315924007,2191042.9198214565,4493.180315924007,18.622346396104184,0.038188918850623,0.989121561474546,1.272328332394802e-08,12.0,1125.5286376953125,28.62687378096978,935.7389589555748,750.0903340265986,0.0
2458312.7159165405,2397955.9028359917,2922.158534040258,2194565.4082064326,4795.14384570009,2194565.4082064326,4795.14384570009,18.652285106244385,0.0407553995889094,0.9968995916180567,4.028752669150024e-09,12.0,1109.0892089843749,32.81728064198579,935.7389589555748,750.0903340265986,0.0
2458328.4859486413,2452926.0685818405,7334.8219931613585,2255082.8292687535,9168.611823193218,2255082.8292687535,9168.611823193218,19.166641245882797,0.0779268465251396,1.2243834624111722,1.260085349406916e-08,12.0,6233.28720703125,67.36929205392117,935.7389589555748,750.0903340265986,0.0
2458329.500305217,2391443.4164543175,2434.950412006097,2187395.7212466975,4380.190676320741,2187395.7212466975,4380.190676320741,18.591347735776672,0.0372285852173437,1.2651139707433685,1.1946204196730792e-08,12.0,1525.4915771484375,36.771519068317545,935.7389589555748,750.0903340265986,0.0
2458330.485980996,2401950.2297091642,4104.2091828716775,2198962.818291784,5784.843478315198,2198962.818291784,5784.843478315198,18.68966004450521,0.0491671605909063,0.5967782621144323,1.2412621730596809e-08,12.0,1318.5475585937502,26.08520168430544,935.7389589555748,750.0903340265986,4.0
2458330.5212276992,2393265.9875497054,2755.6753123642707,2189402.2151493286,4624.070586312834,2189402.2151493286,4624.070586312834,18.60840154342163,0.0393013954402003,1.052377007299119,1.2184373806108975e-08,12.0,1265.6798095703125,33.96549725401613,935.7389589555748,750.0903340265986,0.0
2458331.653452961,2393576.8938607676,3080.292457668306,2189744.4962373017,4869.156956800274,2189744.4962373017,4869.156956800274,18.611310695463963,0.0413844597411739,1.273991793993881,6.692513084413125e-09,12.0,1821.9679199218751,46.73442684869342,935.7389589555748,750.0903340265986,0.0
2458335.5192754515,2422801.72148374,3808.592876935963,2221918.5159939476,5732.439543347392,2221918.5159939476,5732.439543347392,18.88476756636461,0.0487217634603157,1.1743300927330826,5.5754232938766834e-09,12.0,1419.1842529296875,41.361752266629296,935.7389589555748,750.0903340265986,0.0
2458339.5059471554,2399347.7186268265,3026.635174943262,2196097.6775949667,4887.416195950059,2196097.6775949667,4887.416195950059,18.66530833416352,0.0415396506200474,1.245835077086157,4.559449221385477e-09,12.0,1215.1905029296877,42.65160865645738,935.7389589555748,750.0903340265986,0.0
2458340.593281378,2401281.93943166,2974.635349367431,2198227.088217719,4868.7644635014285,2198227.088217719,4868.7644635014285,18.68340684874655,0.0413811238201369,1.2475402523226162,3.411401292441338e-09,12.0,1109.1298095703123,41.24778628211512,935.7389589555748,750.0903340265986,0.0
2458347.542550837,2402730.206759715,3068.4613480256585,2199821.5058898046,4953.802037603845,2199821.5058898046,4953.802037603845,18.696958294006265,0.0421038842678184,1.2681327158300804,2.754076712262e-09,12.0,1520.0014160156252,42.82645920526684,935.7389589555748,750.0903340265986,0.0
2458348.583620548,2355817.8180044335,98049.24624822325,2148175.0037404657,107984.64204854876,2148175.0037404657,107984.64204854876,18.25799881746141,0.9177946225951876,0.0264824631499727,1.3085252409852231e-08,12.0,6301.9740234375,41.37147156027917,935.7389589555748,750.0903340265986,6.0
2458349.5829426656,-1176565338.3168216,-1176565338.3168216,-1176565338.3168216,-1176565338.3168216,-1176565338.3168216,-1176565338.3168216,-9999.99,-9999.99,-9999.99,-9999.99,12.0,-9999.99,-9999.99,-9999.99,-9999.99,5.0
2458352.598042359,2390021.688225893,10268.20150963479,2185830.520839018,11817.431539992553,2185830.520839018,11817.431539992553,18.578044617016445,0.1004399784500439,0.9662039671545694,9.520697618202646e-09,12.0,21252.105859375,123.88766990108284,935.7389589555748,750.0903340265986,0.0
2458354.553317053,2405522.88705216,5299.190321995232,2202896.006518595,6888.525180602404,2202896.006518595,6888.525180602404,18.72308941868046,0.0585476901940001,1.1616299542219577,1.2001832732999441e-08,12.0,5326.17021484375,67.02673645018173,935.7389589555748,750.0903340265986,0.0
2458355.6099793776,2416996.2431684583,5890.950028686692,2215527.1840613037,7529.910216702774,2215527.1840613037,7529.910216702774,18.83044567421661,0.0639990185123483,1.2300736040155036,7.749747266438366e-09,12.0,7555.42958984375,72.52713069617172,935.7389589555748,750.0903340265986,0.0
2458357.593825523,2421100.186880507,4782.748173568475,2220045.2728512567,6543.31334834801,2220045.2728512567,6543.31334834801,18.868846297834573,0.0556136288563067,1.172283536217486,4.413390165309288e-09,12.0,4263.07646484375,53.78147832145542,935.7389589555748,750.0903340265986,0.0
2458366.5667426363,2397194.215284754,2965.531966607188,2193726.8557729297,4819.397382855416,2193726.8557729297,4819.397382855416,18.64515799168779,0.0409615378467004,1.2664577016945506,8.324261416470023e-09,12.0,1209.3033203125,43.28980541827168,935.7389589555748,750.0903340265986,0.0
2458670.556887105,2390238.3802951234,2196.752135741548,2186069.080155995,4210.925118832653,2186069.080155995,4210.925118832653,18.580072205885926,0.0357899452820157,2.089214472281507,1.3179555603480217e-08,12.0,1411.0154052734374,56.36742814163615,935.7389589555748,750.0903340265986,0.0
2458671.6314803325,2384827.769208153,1949.2673631082337,2180112.4630544824,3996.3899615774935,2180112.4630544824,3996.3899615774935,18.529445088539283,0.0339665451211125,1.975834103146168,1.259440452324992e-08,12.0,1380.2155029296875,48.978921540525775,935.7389589555748,750.0903340265986,0.0
2458672.741011175,2417239.780930955,9354.268928879264,2215795.298175891,10987.229117616114,2215795.298175891,10987.229117616114,18.832724458383893,0.0933838332013517,0.2466853939039869,1.3173992789691376e-08,12.0,1370.5249267578126,21.132829330679364,935.7389589555748,750.0903340265986,4.0
2458682.5481151324,-1176565338.3168216,-1176565338.3168216,-1176565338.3168216,-1176565338.3168216,-1176565338.3168216,-1176565338.3168216,-9999.99,-9999.99,-9999.99,-9999.99,12.0,-9999.99,-9999.99,-9999.99,-9999.99,5.0
2458684.5941680865,0.0,0.0,0.0,0.0,0.0,0.0,0.0,0.0,0.0,0.0,12.0,0.0,0.0,0.0,0.0,5.0
2458685.6247581327,2409452.464030975,15849.524085000234,2207222.132543451,17840.81679266419,2207222.132543451,17840.81679266419,18.7598584918279,0.1516345788103039,0.2510553403255111,6.826594169460308e-09,12.0,5437.775195312501,41.60375978646308,935.7389589555748,750.0903340265986,4.0
2458690.625397963,2389585.003600419,2060.902974865546,2185349.7686529392,4119.186745033589,2185349.7686529392,4119.186745033589,18.57395855660256,0.0350102326806575,2.082153735976948,8.086795238584497e-09,12.0,1403.86796875,52.7490233646366,935.7389589555748,750.0903340265986,0.0
2458691.5689825835,2392151.0982752494,2504.926565452168,2188174.8180195442,4435.545063976895,2188174.8180195442,4435.545063976895,18.59796951842128,0.0376990591510817,2.099595489273446,1.2368499716217029e-08,12.0,1340.6005126953123,63.81959305246107,935.7389589555748,750.0903340265986,0.0
2458692.493694766,2393217.414004249,2998.0930490920305,2189348.73985663,4802.894009893183,2189348.73985663,4802.894009893183,18.60794704049279,0.0408212706135821,0.9971220956065624,1.2354723605560242e-08,12.0,1661.2991943359375,34.78889569331602,935.7389589555748,750.0903340265986,0.0
2458692.5828966536,2392539.186383482,2139.2947297627848,2188602.0696229637,4201.657598835877,2188602.0696229637,4201.657598835877,18.6016008609592,0.0357111777845598,1.9663843772697611,8.583442234622111e-09,12.0,1422.4006591796874,50.3457500792465,935.7389589555748,750.0903340265986,0.0
2458696.5071584624,2388707.591880676,3015.903756248685,2184383.813870592,4770.686174745154,2184383.813870592,4770.686174745154,18.565748610372324,0.0405475263352892,0.901987525291118,1.050173617134294e-08,12.0,1715.589306640625,32.83716873131665,935.7389589555748,750.0903340265986,0.0
2458698.604078526,2389521.088541617,2252.881398387698,2185279.4036745336,4238.544870242429,2185279.4036745336,4238.544870242429,18.573360503049983,0.0360246940281375,2.128619141362625,1.2653242308963472e-08,12.0,1298.72421875,59.33171476778894,935.7389589555748,750.0903340265986,0.0
2458699.6509509347,2386398.659814654,2302.5162355818056,2181841.8784016347,4235.593674746007,2181841.8784016347,4235.593674746007,18.54414392048185,0.0359996109116363,2.079133815619304,1.2537331448185173e-08,12.0,1420.5681884765625,60.650147371914535,935.7389589555748,750.0903340265986,0.0
2458704.5180535223,0.0,0.0,0.0,0.0,0.0,0.0,0.0,0.0,0.0,0.0,12.0,0.0,0.0,0.0,0.0,5.0
2458711.626398,-1176565338.3168216,-1176565338.3168216,-1176565338.3168216,-1176565338.3168216,-1176565338.3168216,-1176565338.3168216,-9999.99,-9999.99,-9999.99,-9999.99,12.0,-9999.99,-9999.99,-9999.99,-9999.99,5.0
2458715.5871163933,2390507.787735028,2327.63661066564,2186365.6745587336,4298.338281237058,2186365.6745587336,4298.338281237058,18.58259305276527,0.0365328965839493,2.075157674394431,8.063516250811655e-09,12.0,1450.4961181640624,59.23085809115192,935.7389589555748,750.0903340265986,0.0
2458718.523516809,2390775.9365362395,2263.7306935788165,2186660.883308608,4259.824209231527,2186660.883308608,4259.824209231527,18.585102122555558,0.0362055536626751,2.047537846393705,1.3169634132313166e-08,12.0,1453.2243896484374,56.424916936703234,935.7389589555748,750.0903340265986,0.0
2458724.5726842773,2389948.789342623,2150.045907099609,2185750.265443132,4178.253749450938,2185750.265443132,4178.253749450938,18.577362501769493,0.035512261283972,2.108885318190423,1.2730004185330784e-08,12.0,1364.261376953125,55.77274305456391,935.7389589555748,750.0903340265986,0.0
2458730.5758726816,2391225.1904185186,2211.1320569879135,2187155.4731645603,4231.369256214725,2187155.4731645603,4231.369256214725,18.58930579357368,0.0359637062816996,2.084389475197608,1.3098678741674005e-08,12.0,2195.16943359375,56.12703500626484,935.7389589555748,750.0903340265986,0.0
2458740.4915788104,0.0,0.0,0.0,0.0,0.0,0.0,0.0,0.0,0.0,0.0,12.0,0.0,0.0,0.0,0.0,5.0
2458740.49536059,2387234.024132831,2758.3637433493345,2182761.5426139883,4562.4466155085765,2182761.5426139883,4562.4466155085765,18.55196042894712,0.0387776343946094,1.9854605526906592,1.2987995944024732e-08,12.0,4062.8185546875,69.02034864244456,935.7389589555748,750.0903340265986,0.0
2458647.616406504,0.0,0.0,0.0,0.0,0.0,0.0,0.0,0.0,0.0,0.0,12.0,0.0,0.0,0.0,0.0,5.0
2458552.867885764,2446087.0916049294,3605.484497124116,2284263.1992934123,3750.3046597605344,2284263.1992934123,3750.3046597605344,19.414654168701286,0.0318749905961109,2.120531948700392,1.5748292419709395e-08,12.0,715.6783447265625,38.6533309007498,930.5919838338611,751.1527916282816,0.0
2458647.614069744,0.0,0.0,0.0,0.0,0.0,0.0,0.0,0.0,0.0,0.0,12.0,0.0,0.0,0.0,0.0,5.0
2458555.8599296613,2456717.4550575987,4645.005238817716,2295320.548624214,4831.579446713812,2295320.548624214,4831.579446713812,19.50863397512046,0.0410650769471617,2.3163180126385803,1.3783358083056826e-08,12.0,688.6493408203125,58.349741938255136,930.5919838338611,751.1527916282816,0.0
2458657.588504917,2452799.9098572917,3818.4347894209136,2291245.648834391,3971.808447707767,2291245.648834391,3971.808447707767,19.47400015086765,0.0337576192885414,2.2492462865183898,1.6426092403965005e-08,12.0,655.3061767578124,41.67648619791738,930.5919838338611,751.1527916282816,0.0
2458559.849460519,2456859.343023922,4407.754746203024,2295468.1357520157,4584.799401287719,2295468.1357520157,4584.799401287719,19.50988836342691,0.0389676175829492,2.3412233728161995,1.470128809447587e-08,12.0,679.7286499023437,53.87506753101743,930.5919838338611,751.1527916282816,0.0
2458661.63745112,0.0,0.0,0.0,0.0,0.0,0.0,0.0,0.0,0.0,0.0,12.0,0.0,0.0,0.0,0.0,5.0
2458575.8759615063,2453372.801622165,4111.230907310737,2291841.551730953,4276.365199000929,2291841.551730953,4276.365199000929,19.47906491251965,0.0363461406125854,2.3268952813100463,1.211198349135674e-08,12.0,661.99833984375,49.618978119132095,930.5919838338611,751.1527916282816,0.0
2458661.6492815814,2472116.8926261174,5939.002827860864,2311338.5297074714,6177.552558449067,2311338.5297074714,6177.552558449067,19.64477571365061,0.0525049156193401,1.1063796433527509,9.400968946543184e-09,12.0,796.03232421875,32.45755954106671,930.5919838338611,751.1527916282816,0.0
2458580.8718094463,0.0,0.0,0.0,0.0,0.0,0.0,0.0,0.0,0.0,0.0,12.0,0.0,0.0,0.0,0.0,5.0
2458661.6611185623,0.0,0.0,0.0,0.0,0.0,0.0,0.0,0.0,0.0,0.0,12.0,0.0,0.0,0.0,0.0,5.0
2458582.7888955697,2474188.2102992814,13444.16718650466,2313493.045231724,13984.174078786056,2313493.045231724,13984.174078786056,19.66308760249836,0.1188557884479031,0.183150435162105,1.2088970919651362e-08,12.0,54.323700714111325,10.753356305286642,930.5919838338611,751.1527916282816,4.0
2457844.7254559137,2471103.154831519,5460.465028623372,2310284.0734817125,5679.793508373172,2310284.0734817125,5679.793508373172,19.63581356648409,0.0482743086474491,1.1208898594603829,1.5049437882863984e-08,12.0,616.81904296875,29.208211980942018,930.5919838338611,751.1527916282816,0.0
2458582.789531801,2455149.746366515,4339.28172425575,2293689.8703578105,4513.576048786387,2293689.8703578105,4513.576048786387,19.494774339938136,0.0383622684454345,2.262549158762309,1.646034815131399e-08,12.0,674.657958984375,51.829414870827954,930.5919838338611,751.1527916282816,0.0
2457844.738526806,2482507.283811773,5378.699007085983,2322146.267893942,5594.743221282383,2322146.267893942,5594.743221282383,19.73663399832687,0.0475514401481767,1.199583406790396,1.6289542116324618e-08,12.0,614.64375,26.187728092074902,930.5919838338611,751.1527916282816,0.0
2458583.7862710366,2454048.416492819,4090.263518439679,2292544.303774304,4254.555620773981,2292544.303774304,4254.555620773981,19.485037817871454,0.036160774311989,2.357160997358996,1.5999070212129316e-08,12.0,662.7653198242188,49.32567639063311,930.5919838338611,751.1527916282816,0.0
2457844.76789507,2477717.5022272193,4986.371041703554,2317164.096923545,5186.656763581156,2317164.096923545,5186.656763581156,19.694288997790363,0.044082988067151,1.230179860525537,1.4086759152307254e-08,12.0,630.481201171875,24.98074220256484,930.5919838338611,751.1527916282816,0.0
2458585.780962623,2450970.7039656327,3866.273539621399,2289342.969906049,4021.568719298772,2289342.969906049,4021.568719298772,19.45782869855896,0.0341805471125237,2.339926737729628,1.3856301059539033e-08,12.0,658.1939941406249,45.92393638381744,930.5919838338611,751.1527916282816,0.0
2457845.7229971485,2479712.5035367263,5010.795536850169,2319239.230712982,5212.06230839314,2319239.230712982,5212.06230839314,19.711926196904788,0.0442989175916667,1.1645046281881155,1.6464449617872394e-08,12.0,600.2192749023437,22.91580187162684,930.5919838338611,751.1527916282816,0.0
2458587.775719412,2452258.2785366406,3956.4433618678577,2290682.2620087583,4115.360359454311,2290682.2620087583,4115.360359454311,19.469211753284448,0.0349777110549706,2.333302077030852,1.2748550157347038e-08,12.0,682.0675659179688,47.00811216689439,930.5919838338611,751.1527916282816,0.0
2457846.852803362,2476779.491784122,5231.62844005879,2316188.4097618177,5441.765325170043,2316188.4097618177,5441.765325170043,19.685996333080077,0.0462512340469729,1.321811161714409,1.3515707695905965e-08,12.0,647.4604736328125,30.168040991970056,930.5919838338611,751.1527916282816,0.0
2458589.812496925,2453627.5080024214,4185.029158937279,2292106.4888082086,4353.127677713011,2292106.4888082086,4353.127677713011,19.481316694071328,0.0369985684842021,2.379539635571224,1.627882137861733e-08,12.0,1625.194677734375,52.27849846213168,930.5919838338611,751.1527916282816,0.0
2457847.7323333286,2387807.30752114,5441.9430406036545,2223642.5126717896,5660.527554509335,2223642.5126717896,5660.527554509335,18.89942034337325,0.0481105613911731,0.9102251359819948,1.2038425441214385e-08,12.0,648.1623291015625,54.69502242522056,930.5919838338611,751.1527916282816,2.0
2458590.767999832,2459440.814563769,5274.340908965018,2298153.2963046827,5486.193410021528,2298153.2963046827,5486.193410021528,19.532710367271992,0.0466288419789468,2.3533063593923287,1.4776349705078406e-08,12.0,4830.15458984375,69.71559597178533,930.5919838338611,751.1527916282816,0.0
2457848.9091042355,2477691.7617914784,5353.700800218936,2317137.322581239,5568.740920683433,2317137.322581239,5568.740920683433,19.694061434435746,0.0473304386130316,1.3488905291522664,1.1646904000329492e-08,12.0,700.1557373046876,31.778790716137912,930.5919838338611,751.1527916282816,0.0
2458604.730806024,2450506.3808880574,3842.087656287652,2288859.9965351042,3996.411370532093,2288859.9965351042,3996.411370532093,19.453723759613013,0.0339667270823899,2.285892523639937,1.088429543249716e-08,12.0,628.8570434570313,44.60091092356694,930.5919838338611,751.1527916282816,0.0
2457849.781741467,2471630.8130896864,5079.787342182934,2310832.9259940307,5283.825282060389,2310832.9259940307,5283.825282060389,19.640478432476584,0.0449088531351269,1.316424425699982,1.6449576122139417e-08,12.0,621.9850952148438,30.609288234156924,930.5919838338611,751.1527916282816,0.0
2458605.7281495314,2452179.2192323436,3870.8942465832847,2290600.0271586175,4026.3750244886305,2290600.0271586175,4026.3750244886305,19.46851281404812,0.034221397375803,2.217936152714348,1.506172922908171e-08,12.0,641.171826171875,42.69656724886936,930.5919838338611,751.1527916282816,0.0
2457851.8264822424,2473659.8642770946,5425.852985894156,2312943.477330224,5643.7912165217585,2312943.477330224,5643.7912165217585,19.65841665619361,0.0479683141167873,1.3485456424345068,1.555620573991612e-08,12.0,1931.2873046875,34.29852015796664,930.5919838338611,751.1527916282816,0.0
2458606.725546228,2454282.594633565,4092.7732072532444,2292787.88806184,4257.166115330137,2292787.88806184,4257.166115330137,19.48710811550831,0.0361829617066083,2.3300215294729134,1.0115005252880694e-08,12.0,608.667724609375,48.5806633634809,930.5919838338611,751.1527916282816,0.0
2457864.876610231,2477447.2483753785,7117.470910943116,2316882.987885167,7403.355733275563,2316882.987885167,7403.355733275563,19.69189976577652,0.0629233931071857,1.312085324733257,1.5959081532959708e-08,12.0,837.8942993164062,47.53339561608647,930.5919838338611,751.1527916282816,0.0
2458608.8183278125,2460232.4650241486,4380.47850156543,2298976.744696384,4556.427561817388,2298976.744696384,4556.427561817388,19.539709107940585,0.0387264766095199,2.0645654634543096,1.4504000267736082e-08,12.0,675.6829833984375,44.61012812132788,930.5919838338611,751.1527916282816,0.0
2457867.7865980207,2473148.407296148,6234.127738181682,2312411.4768458414,6484.531641917721,2312411.4768458414,6484.531641917721,19.65389502075988,0.0551140250881668,1.2915555093532227,1.572909365942457e-08,12.0,603.1549926757813,40.77206059026157,930.5919838338611,751.1527916282816,0.0
2458611.7122057187,2457367.4656188963,4119.044761345319,2295996.667919381,4284.4929092212715,2295996.667919381,4284.4929092212715,19.514380520569567,0.0364152205168452,2.253304227313837,9.208155843677478e-09,12.0,606.5669189453125,45.32384032637877,930.5919838338611,751.1527916282816,0.0
2457954.5661281967,2477971.7781118965,5676.028404853102,2317428.586213662,5904.01533902947,2317428.586213662,5904.01533902947,19.696536973461704,0.0501800388192663,0.8427335935222495,1.5393400396766385e-08,12.0,586.8052001953125,20.466462820180237,930.5919838338611,751.1527916282816,0.0
2458613.7603766457,2451898.0139291533,3968.982942432499,2290307.526785996,4128.4036127148665,2290307.526785996,4128.4036127148665,19.46602676358754,0.0350885696685344,2.3630078951390145,1.629425215986441e-08,12.0,638.7847900390625,48.225818523422745,930.5919838338611,751.1527916282816,0.0
2457954.7640607674,2530786.687271833,22302.313161757902,2372364.8923010505,23198.121928049975,2372364.8923010505,23198.121928049975,20.16345750360134,0.1971679597761645,0.2347547149432937,1.4595960878435886e-08,12.0,518.7177124023438,17.165905298297346,930.5919838338611,751.1527916282816,4.0
2458617.848902221,2457476.356273666,4044.8722078831797,2296109.932344815,4207.341094230192,2296109.932344815,4207.341094230192,19.515343189691983,0.0357594835566723,2.340885344448161,1.317704687216553e-08,12.0,655.6665649414062,45.4497292911102,930.5919838338611,751.1527916282816,0.0
2457955.614728736,2482254.0686063706,5450.588989112544,2321882.8818870108,5669.5207816350585,2321882.8818870108,5669.5207816350585,19.73439539979803,0.0481869975893137,0.9621256233119388,1.5789165888438022e-08,12.0,572.726904296875,20.83907734013218,930.5919838338611,751.1527916282816,0.0
2458618.693635182,0.0,0.0,0.0,0.0,0.0,0.0,0.0,0.0,0.0,0.0,12.0,0.0,0.0,0.0,0.0,5.0
2457956.559080869,2477338.153282401,4978.175005557155,2316769.5108099286,5178.131520281428,2316769.5108099286,5178.131520281428,19.69093528927813,0.0440105294072122,1.2326428093545911,1.2552583597594729e-08,12.0,569.8506225585937,25.135105544128507,930.5919838338611,751.1527916282816,0.0
2458618.881865384,2455498.5536624105,3900.325621538864,2294052.688067384,4056.9885585995476,2294052.688067384,4056.9885585995476,19.49785803903192,0.0344815912001526,2.2749127760872314,1.3054501750617642e-08,12.0,725.666357421875,42.20252968354562,930.5919838338611,751.1527916282816,0.0
2457958.5659726616,0.0,0.0,0.0,0.0,0.0,0.0,0.0,0.0,0.0,0.0,12.0,0.0,0.0,0.0,0.0,5.0
2458629.6642391016,0.0,0.0,0.0,0.0,0.0,0.0,0.0,0.0,0.0,0.0,12.0,0.0,0.0,0.0,0.0,5.0
2457960.648296416,2471861.8425225713,5539.560528052162,2311073.235100721,5762.066007481249,2311073.235100721,5762.066007481249,19.64252089334599,0.0489735678739131,1.2391264087702345,1.3941003395945448e-08,12.0,555.9217529296875,33.10961240557779,930.5919838338611,751.1527916282816,0.0
2458631.748380803,0.0,0.0,0.0,0.0,0.0,0.0,0.0,0.0,0.0,0.0,12.0,0.0,0.0,0.0,0.0,5.0
2457965.581897168,0.0,0.0,0.0,0.0,0.0,0.0,0.0,0.0,0.0,0.0,12.0,0.0,0.0,0.0,0.0,5.0
2458635.808488004,2453253.031769454,9086.01248934813,2291716.971126855,9450.966993374832,2291716.971126855,9450.966993374832,19.478006063720866,0.0803266697957314,0.1894194724171688,1.5452442511823345e-08,12.0,53.31517715454102,6.791996594380381,930.5919838338611,751.1527916282816,0.0
2457968.53403497,0.0,0.0,0.0,0.0,0.0,0.0,0.0,0.0,0.0,0.0,12.0,0.0,0.0,0.0,0.0,5.0
2458635.810710518,2453342.0448164446,3785.108189274002,2291809.559527993,3937.143230335555,2291809.559527993,3937.143230335555,19.47879300096551,0.0334629889643421,2.3222312028800456,1.1564459299377012e-08,12.0,647.4295654296875,41.86239459832718,930.5919838338611,751.1527916282816,0.0
2457968.6957984925,2520019.9528123075,15145.258552055364,2361165.6943995813,15753.592552223354,2361165.6943995813,15753.592552223354,20.06827208263448,0.133894619241186,1.1879498567066584,1.591279503705086e-08,12.0,9291.8201171875,71.42271969025961,930.5919838338611,751.1527916282816,0.0
2458637.7116864463,2453543.0445223493,3858.735355231208,2292018.6327147614,4013.7277514434795,2292018.6327147614,4013.7277514434795,19.480569978162503,0.0341139043196505,2.36820099329563,1.5347919285665627e-08,12.0,630.9735107421875,44.47038767417856,930.5919838338611,751.1527916282816,0.0
2457969.745802142,0.0,0.0,0.0,0.0,0.0,0.0,0.0,0.0,0.0,0.0,12.0,0.0,0.0,0.0,0.0,5.0
2458638.6400454603,2446318.745297121,3906.582695228567,2284504.1577338013,4063.4969578545356,2284504.1577338013,4063.4969578545356,19.416702148457144,0.0345369080834113,1.8996675937857277,1.5592429670549063e-08,12.0,658.0014770507812,40.32758977621349,930.5919838338611,751.1527916282816,0.0
2457970.5503331604,0.0,0.0,0.0,0.0,0.0,0.0,0.0,0.0,0.0,0.0,12.0,0.0,0.0,0.0,0.0,5.0
2458639.799520174,2453818.2730613574,6162.011493584355,2292304.916256728,6409.518730789276,2292304.916256728,6409.518730789276,19.483003189870853,0.054476467328537,0.7530525622782588,1.4850449854745553e-08,12.0,748.3591430664062,27.611020766865785,930.5919838338611,751.1527916282816,0.0
2457971.4959249976,0.0,0.0,0.0,0.0,0.0,0.0,0.0,0.0,0.0,0.0,12.0,0.0,0.0,0.0,0.0,5.0
2458641.751783125,2484034.7258081655,42039.3876850181,2323735.0620882167,43727.968225729215,2323735.0620882167,43727.968225729215,19.75013764792234,0.3716574258452792,0.0438686107948421,9.498015235951389e-09,12.0,12.609915161132813,4.104534234133819,930.5919838338611,751.1527916282816,0.0
2457972.469630553,2501456.519535007,18033.324073803615,2341856.630561825,18757.66193389606,2341856.630561825,18757.66193389606,19.90415842145595,0.1594271271246912,1.2197563717844924,1.4720278473673465e-08,12.0,17677.03828125,104.11965945243418,930.5919838338611,751.1527916282816,0.0
2458641.753898972,2443803.8134540836,3525.8082187205623,2281888.209553344,3667.4280537433447,2281888.209553344,3667.4280537433447,19.39446840181072,0.0311705968795737,2.3008352959831657,1.0102117130326322e-08,12.0,646.6761840820312,41.71606108697307,930.5919838338611,751.1527916282816,0.0
2457973.5503942897,0.0,0.0,0.0,0.0,0.0,0.0,0.0,0.0,0.0,0.0,12.0,0.0,0.0,0.0,0.0,5.0
2458642.6276331954,0.0,0.0,0.0,0.0,0.0,0.0,0.0,0.0,0.0,0.0,12.0,0.0,0.0,0.0,0.0,5.0
2457973.6825493667,-1176565338.3168216,-1176565338.3168216,-1176565338.3168216,-1176565338.3168216,-1176565338.3168216,-1176565338.3168216,-9999.99,-9999.99,0.5602724380772425,-9999.99,12.0,-9999.99,-9999.99,-9999.99,-9999.99,5.0
2458642.6296929945,2453006.8128246707,3901.0548296554966,2291460.862396759,4057.747056548976,2291460.862396759,4057.747056548976,19.475829317001864,0.0344880379070734,2.2818277163319767,1.4511435563637653e-08,12.0,637.7872070312501,44.10189570061202,930.5919838338611,751.1527916282816,0.0
2457974.480565328,2473304.257652951,5665.40507505731,2312573.5871862965,5892.965305873832,2312573.5871862965,5892.965305873832,19.65527284630909,0.0500861211952658,1.2168842560843225,1.6077363175909426e-08,12.0,1466.2333251953123,32.992750321723484,930.5919838338611,751.1527916282816,0.0
2458644.698821045,2457245.9528048937,3952.775347899953,2295870.2743451116,4111.545013725628,2295870.2743451116,4111.545013725628,19.513306262780706,0.034945283260363,2.364885248070374,1.5709168823980882e-08,12.0,639.9628173828125,43.91710286253316,930.5919838338611,751.1527916282816,0.0
2457979.563621352,2484565.5867344476,6525.1130240557395,2324287.245909036,6787.204826175114,2324287.245909036,6787.204826175114,19.75483082772845,0.0576865373977442,1.1900687326180053,7.99541080749727e-09,12.0,591.8568603515625,35.04372149045209,930.5919838338611,751.1527916282816,0.0
2458645.685081077,2459209.0509481607,4125.888588025205,2297912.2235256233,4291.611629356856,2297912.2235256233,4291.611629356856,19.53066141571668,0.0364757247046283,2.3533657423928056,1.2696283325193524e-08,12.0,1460.852001953125,46.32067574881737,930.5919838338611,751.1527916282816,0.0
2457980.494535679,2485878.7011561994,5599.422468848696,2325653.103712229,5824.3324007192805,2325653.103712229,5824.3324007192805,19.766439672497658,0.0495027890649837,1.1601354916984277,1.4074441540450324e-08,12.0,622.3350097656249,25.8833961701136,930.5919838338611,751.1527916282816,0.0
2458645.779636251,2460918.636279177,4180.8903183122675,2299690.4771384965,4348.822593806991,2299690.4771384965,4348.822593806991,19.545775339072296,0.0369619782544823,2.160032397300632,8.295662277303051e-09,12.0,623.3554565429688,42.29613096754069,930.5919838338611,751.1527916282816,0.0
2458661.672934435,0.0,0.0,0.0,0.0,0.0,0.0,0.0,0.0,0.0,0.0,12.0,0.0,0.0,0.0,0.0,5.0
2457980.609630231,2475265.10967708,5136.238042645647,2314613.200028638,5342.543416935451,2314613.200028638,5342.543416935451,19.672608141989716,0.0454079165891033,1.1409496419931555,1.3118557130269281e-08,12.0,603.505712890625,25.20063764073193,930.5919838338611,751.1527916282816,0.0
2458661.684762808,0.0,0.0,0.0,0.0,0.0,0.0,0.0,0.0,0.0,0.0,12.0,0.0,0.0,0.0,0.0,5.0
2457981.616437163,2490541.6988619175,5729.99392668625,2330503.398322611,5960.148474023853,2330503.398322611,5960.148474023853,19.807663815366126,0.0506571315656968,1.161558846736945,1.4110681825649356e-08,12.0,593.494091796875,25.257531026191728,930.5919838338611,751.1527916282816,0.0
2457821.893601164,2480895.5980691123,5226.936405561687,2320469.8461659895,5436.884827458217,2320469.8461659895,5436.884827458217,19.72238557542221,0.0462097531986733,1.3638796060257956,1.4559359686618814e-08,12.0,774.1559814453126,29.34573491781447,930.5919838338611,751.1527916282816,0.0
2458668.6918426817,2459512.996087487,4077.073344428834,2298228.3771169735,4240.835641920811,2298228.3771169735,4240.835641920811,19.53334850214445,0.036044163999868,2.3785639996457744,1.1423508675951142e-08,12.0,620.1977416992188,45.48773211851803,930.5919838338611,751.1527916282816,0.0
2457983.6684725047,0.0,0.0,0.0,0.0,0.0,0.0,0.0,0.0,0.0,0.0,12.0,0.0,0.0,0.0,0.0,5.0
2457986.6016851203,0.0,0.0,0.0,0.0,0.0,0.0,0.0,0.0,0.0,0.0,12.0,0.0,0.0,0.0,0.0,5.0
2457989.689173711,0.0,0.0,0.0,0.0,0.0,0.0,0.0,0.0,0.0,0.0,12.0,0.0,0.0,0.0,0.0,5.0
2457990.646939025,2475161.117642086,5096.973851717222,2314505.030984026,5301.702115768288,2314505.030984026,5301.702115768288,19.67168878007311,0.0450607938327565,1.1506845880099452,1.118363292671198e-08,12.0,571.7911254882813,25.16857681265023,930.5919838338611,751.1527916282816,0.0
2457993.583691772,2505343.671857782,7752.89133569174,2345899.9166946397,8064.298855272783,2345899.9166946397,8064.298855272783,19.938523551532903,0.068540951601639,1.1890838828478765,1.0881885063392493e-08,12.0,1461.153955078125,35.540108990722494,930.5919838338611,751.1527916282816,0.0
2457995.4889002047,2493049.1165791363,8629.64440366473,2333111.5305601354,8976.268139539905,2333111.5305601354,8976.268139539905,19.829831131914183,0.0762920585108607,1.045953644043889,1.6464537153668916e-08,12.0,4197.02822265625,41.02677282128821,930.5919838338611,751.1527916282816,0.0
2457996.6637773025,0.0,0.0,0.0,0.0,0.0,0.0,0.0,0.0,0.0,0.0,12.0,0.0,0.0,0.0,0.0,5.0
2457997.5436212784,0.0,0.0,0.0,0.0,0.0,0.0,0.0,0.0,0.0,0.0,12.0,0.0,0.0,0.0,0.0,5.0
2457998.610497511,0.0,0.0,0.0,0.0,0.0,0.0,0.0,0.0,0.0,0.0,12.0,0.0,0.0,0.0,0.0,5.0
2457999.4772749497,0.0,0.0,0.0,0.0,0.0,0.0,0.0,0.0,0.0,0.0,12.0,0.0,0.0,0.0,0.0,5.0
2458000.6576469336,0.0,0.0,0.0,0.0,0.0,0.0,0.0,0.0,0.0,0.0,12.0,0.0,0.0,0.0,0.0,5.0
2458003.5624131686,2493380.2270230195,7430.578231273706,2333455.940594787,7729.039519567695,2333455.940594787,7729.039519567695,19.832758378527902,0.0656914795873999,1.164084885376448,1.1379122886024851e-08,12.0,4185.96298828125,37.39017365066644,930.5919838338611,751.1527916282816,0.0
2458004.548419162,2472107.777589621,5744.916554270665,2311329.048550674,5975.670493272689,2311329.048550674,5975.670493272689,19.644695130388403,0.0507890579723426,1.1724634773940423,1.4213129417129112e-08,12.0,2678.4471191406246,32.909741277235696,930.5919838338611,751.1527916282816,0.0
2458005.4817873947,2473449.6040834384,6112.304454269148,2312724.771693119,6357.815127205496,2312724.771693119,6357.815127205496,19.65655780984416,0.0540370225293715,1.1088835732001263,1.5689377801886713e-08,12.0,1171.6047119140626,33.44964062462444,930.5919838338611,751.1527916282816,0.0
2458005.643804492,2483260.6934207873,8819.746474742264,2322929.9394281413,9174.005970214468,2322929.9394281413,9174.005970214468,19.74329466327259,0.0779726930366034,0.9604781711223,1.4889824523695977e-08,12.0,4516.6939453125,42.44675725605652,930.5919838338611,751.1527916282816,0.0
2458008.534154151,2471423.703357927,5103.917338838999,2310617.4973622584,5308.924499369863,2310617.4973622584,5308.924499369863,19.63864743840146,0.0451221790881604,1.114746715529701,9.393501291432848e-09,12.0,622.3529907226563,25.68697861810132,930.5919838338611,751.1527916282816,0.0
2458019.501346168,2483997.056709309,5467.556103520823,2323695.879948595,5687.169407854032,2323695.879948595,5687.169407854032,19.74980462688931,0.0483369986814383,1.128924639128114,1.3742741881207288e-08,12.0,705.6240356445312,24.632437856863927,930.5919838338611,751.1527916282816,0.0
2458032.526174611,0.0,0.0,0.0,0.0,0.0,0.0,0.0,0.0,0.0,0.0,12.0,0.0,0.0,0.0,0.0,5.0
2458036.5148026748,2454452.7947606333,4757.598668323908,2292964.924554479,4948.695374870567,2292964.924554479,4948.695374870567,19.48861280300705,0.0420604811735719,1.005949082319424,9.104237461310625e-09,12.0,723.0671508789062,25.167804811719687,930.5919838338611,751.1527916282816,0.0
2458042.49071956,0.0,0.0,0.0,0.0,0.0,0.0,0.0,0.0,0.0,0.0,12.0,0.0,0.0,0.0,0.0,5.0
2458045.515996936,2456295.7626646915,5250.5612505093795,2294881.9182688864,5461.45860281744,2294881.9182688864,5461.45860281744,19.50490592107695,0.046418613259268,1.035883437017511,1.0835290056556513e-08,12.0,801.5042724609375,30.16042699500528,930.5919838338611,751.1527916282816,0.0
2458047.508935201,2443241.45704898,6118.677169743901,2281303.2651864537,6364.443813186363,2281303.2651864537,6364.443813186363,19.389496780066505,0.0540933617664398,0.9293082066931698,1.0561112553442246e-08,12.0,878.0682250976563,38.06202671437197,930.5919838338611,751.1527916282816,0.0
2458166.839588701,0.0,0.0,0.0,0.0,0.0,0.0,0.0,0.0,0.0,0.0,12.0,0.0,0.0,0.0,0.0,5.0
2458173.882463368,2496577.3082991503,7687.086541993404,2336781.4378523882,7995.850904757871,2336781.4378523882,7995.850904757871,19.861022800602942,0.0679591914576177,1.022409823232152,1.2574813976755434e-08,12.0,747.8497680664062,32.97306919313006,930.5919838338611,751.1527916282816,0.0
2458174.8575385977,2490281.3263777792,6392.521329615686,2330232.5675531765,6649.287370171421,2330232.5675531765,6649.287370171421,19.805361941515336,0.0565143346003752,1.011188135433016,1.6452103049842652e-08,12.0,665.769287109375,26.39261228189286,930.5919838338611,751.1527916282816,0.0
2458175.832851104,2492094.091944839,6614.529097657586,2332118.145804483,6880.212442142956,2332118.145804483,6880.212442142956,19.82138804992021,0.058477037677935,0.9910727470095696,1.3366545552106533e-08,12.0,635.3705200195312,26.629953181688272,930.5919838338611,751.1527916282816,0.0
2458178.860311557,0.0,0.0,0.0,0.0,0.0,0.0,0.0,0.0,0.0,0.0,12.0,0.0,0.0,0.0,0.0,5.0
2458180.889368589,0.0,0.0,0.0,0.0,0.0,0.0,0.0,0.0,0.0,0.0,12.0,0.0,0.0,0.0,0.0,5.0
2458186.8762674425,0.0,0.0,0.0,0.0,0.0,0.0,0.0,0.0,0.0,0.0,12.0,0.0,0.0,0.0,0.0,5.0
2458195.845944459,2486109.224400323,5636.724769458759,2325892.8862982607,5863.133009045103,2325892.8862982607,5863.133009045103,19.768477658306363,0.0498325673464068,1.0866140590736877,1.008139702430152e-08,12.0,630.4161865234375,24.24891797977349,930.5919838338611,751.1527916282816,0.0
2458203.8249883573,0.0,0.0,0.0,0.0,0.0,0.0,0.0,0.0,0.0,0.0,12.0,0.0,0.0,0.0,0.0,5.0
2458208.8123318357,0.0,0.0,0.0,0.0,0.0,0.0,0.0,0.0,0.0,0.0,12.0,0.0,0.0,0.0,0.0,5.0
2458208.826434181,0.0,0.0,0.0,0.0,0.0,0.0,0.0,0.0,0.0,0.0,12.0,0.0,0.0,0.0,0.0,5.0
2458209.8090363373,0.0,0.0,0.0,0.0,0.0,0.0,0.0,0.0,0.0,0.0,12.0,0.0,0.0,0.0,0.0,5.0
2458213.798826636,0.0,0.0,0.0,0.0,0.0,0.0,0.0,0.0,0.0,0.0,12.0,0.0,0.0,0.0,0.0,5.0
2458221.8954156586,2484344.9429067243,5756.32977880315,2324057.739562269,5987.542148574828,2324057.739562269,5987.542148574828,19.752880182831923,0.0508899588151931,1.066485292791254,1.531687640890623e-08,12.0,610.3758666992187,25.330319516397505,930.5919838338611,751.1527916282816,0.0
2458223.772262026,2497803.82382498,6081.64386500506,2338057.2183738267,6325.923005389466,2338057.2183738267,6325.923005389466,19.87186605090201,0.053765961595607,0.9925961928323318,1.6201218349345306e-08,12.0,577.637109375,21.073378725098816,930.5919838338611,751.1527916282816,0.0
2458224.8470144807,2482942.484093132,5904.594889999103,2322598.9487040835,6141.762569669842,2322598.9487040835,6141.762569669842,19.74048147149914,0.052200725517663,1.0745290354574788,1.2622391739171581e-08,12.0,590.5832397460938,27.246625276894378,930.5919838338611,751.1527916282816,0.0
2458225.913556989,2492439.459763481,5831.889947170215,2332477.3858845914,6066.13731428565,2332477.3858845914,6066.13731428565,19.8244413416429,0.0515579632562222,1.0283347011031867,1.6280189608583503e-08,12.0,626.3982055664062,22.03998934188561,930.5919838338611,751.1527916282816,0.0
2458226.858986996,2485374.6385786957,6329.154471509139,2325128.7946395557,6583.37527890577,2325128.7946395557,6583.37527890577,19.761983408733222,0.0559541275025879,1.040854146353132,1.408961806733912e-08,12.0,569.9980224609375,28.54633424745018,930.5919838338611,751.1527916282816,0.0
2458229.844929598,2493493.5629736357,6321.206225588092,2333573.8288686243,6575.1077787297445,2333573.8288686243,6575.1077787297445,19.83376034715735,0.0558838594805811,1.04596143423353,1.545130481059951e-08,12.0,575.2935424804688,25.76144521377689,930.5919838338611,751.1527916282816,0.0
2458230.7956569446,2479773.177229514,5569.209547001204,2319302.341463553,5792.905927611441,2319302.341463553,5792.905927611441,19.71246259454804,0.049235685822538,1.0010191427381536,1.6294464224553506e-08,12.0,579.5024536132812,23.60245857248344,930.5919838338611,751.1527916282816,0.0
2458231.821257727,0.0,0.0,0.0,0.0,0.0,0.0,0.0,0.0,0.0,0.0,12.0,0.0,0.0,0.0,0.0,5.0
2458249.7181413434,2497370.568566348,6523.275123637855,2337606.560711422,6785.293103490717,2337606.560711422,6785.293103490717,19.86803577308342,0.0576702890797765,1.0232740973665229,1.6395310802445452e-08,12.0,570.3560180664062,25.1449248831224,930.5919838338611,751.1527916282816,0.0
2458250.7011056184,0.0,0.0,0.0,0.0,0.0,0.0,0.0,0.0,0.0,0.0,12.0,0.0,0.0,0.0,0.0,5.0
2458251.6981181465,2495586.076274152,6246.66773690918,2335750.3913771585,6497.575330137325,2335750.3913771585,6497.575330137325,19.85225962009264,0.0552248873985811,1.0022509111015727,1.0129905733709051e-08,12.0,569.3650146484375,23.302951702708796,930.5919838338611,751.1527916282816,0.0
2458254.690923407,2487598.6784981797,7309.153499268226,2327442.166748131,7602.737565249597,2327442.166748131,7602.737565249597,19.78164546845794,0.0646180005046587,1.0210782150582138,1.6388564551815388e-08,12.0,546.443115234375,33.89471735116163,930.5919838338611,751.1527916282816,0.0
2458256.744556564,2487759.852352868,5514.700107592911,2327609.8144134423,5736.207027705785,2327609.8144134423,5736.207027705785,19.78307035743099,0.0487537844664444,1.017950236961759,1.2917872888541356e-08,12.0,584.6490966796875,20.85898003003669,930.5919838338611,751.1527916282816,0.0
2458257.8195387283,0.0,0.0,0.0,0.0,0.0,0.0,0.0,0.0,0.0,0.0,12.0,0.0,0.0,0.0,0.0,5.0
2458258.7878457583,0.0,0.0,0.0,0.0,0.0,0.0,0.0,0.0,0.0,0.0,12.0,0.0,0.0,0.0,0.0,5.0
2458259.86824281,2489259.6450684327,5892.585350533679,2329169.8487484525,6129.270647473357,2329169.8487484525,6129.270647473357,19.79632956815368,0.0520945528360639,0.9909905213854446,1.4409485096535544e-08,12.0,589.5166015625,22.540911172052493,930.5919838338611,751.1527916282816,0.0
2458264.663624965,2481933.7093789484,8183.599231816484,2321549.6549089584,8512.306836203134,2321549.6549089584,8512.306836203134,19.731563201415373,0.0723487089639567,1.0222382992485333,1.15232048909866e-08,12.0,3482.081396484374,41.90341719432365,930.5919838338611,751.1527916282816,0.0
2458274.802803138,2492259.2100929394,8014.772395121257,2332289.896192183,8336.698794383585,2332289.896192183,8336.698794383585,19.82284780919031,0.0708561623072387,1.072908281372381,1.4089549793215398e-08,12.0,1417.8852294921876,38.58454696830851,930.5919838338611,751.1527916282816,0.0
2458277.80143037,2486082.4441527906,6912.842517317784,2325865.030378428,7190.508106626619,2325865.030378428,7190.508106626619,19.768240902292305,0.0611143357869538,1.0403700439720454,1.2925572800902608e-08,12.0,750.7678466796874,32.41952218442358,930.5919838338611,751.1527916282816,0.0
2458278.7493462823,2475678.7956840238,7719.6529281065,2315043.5024084584,8029.725372860261,2315043.5024084584,8029.725372860261,19.6762654140128,0.0682471009610235,0.5766089558051901,1.586854517364462e-08,12.0,558.95087890625,21.898359041777493,930.5919838338611,751.1527916282816,4.0
2458282.7807068955,2485411.181625248,5650.4823190444695,2325166.805497148,5877.443153038051,2325166.805497148,5877.443153038051,19.76230647468071,0.0499541936532235,1.0346783631566685,1.4429593042280252e-08,12.0,580.9969970703125,23.27629603176464,930.5919838338611,751.1527916282816,0.0
2458285.60837576,2494944.1012253007,6276.632436501417,2335082.6303538955,6528.743610738378,2335082.6303538955,6528.743610738378,19.84658411416232,0.05548979618365,0.9930285694968924,1.2140747635049181e-08,12.0,575.9302124023437,23.459910946018905,930.5919838338611,751.1527916282816,0.0
2458286.728118793,2490327.2175618447,7054.827351362356,2330280.302031465,7338.195993000121,2330280.302031465,7338.195993000121,19.80576765150013,0.0623695804714258,1.042936846411466,1.3738221316907351e-08,12.0,561.7112060546875,31.88520075866772,930.5919838338611,751.1527916282816,0.0
2458286.753856549,2483373.9452076997,6436.0042723249335,2323047.740157703,6694.516876162276,2323047.740157703,6694.516876162276,19.744295887836365,0.0568987540566381,1.0374612556784295,8.798351394443528e-09,12.0,560.67568359375,29.964811907122435,930.5919838338611,751.1527916282816,0.0
2458287.718929631,2489584.455012899,6359.348803610424,2329507.7052138583,6614.782415579949,2329507.7052138583,6614.782415579949,19.79920111397053,0.0562210663987479,1.0173718563589191,1.578646257224282e-08,12.0,575.6591918945313,26.561421856272727,930.5919838338611,751.1527916282816,0.0
2458288.635127142,2496764.6242010137,6843.791813949082,2336976.2776028207,7118.683869187817,2336976.2776028207,7118.683869187817,19.86267880345503,0.060503879543892,1.033844436364984,1.495685183532829e-08,12.0,643.65947265625,27.857854896800163,930.5919838338611,751.1527916282816,0.0
2458288.681447073,2484527.908761566,5932.714410578556,2324248.05453895,6171.011556634979,2324248.05453895,6171.011556634979,19.754497728242853,0.0524493216369231,1.0420947438132808,8.866480328951579e-09,12.0,560.3311645507812,25.96598325882264,930.5919838338611,751.1527916282816,0.0
2458289.7751929364,2480591.2955411635,5500.009481531352,2320153.320830919,5720.9263286991845,2320153.320830919,5720.9263286991845,19.71969532943045,0.0486239091146194,1.0315143627013688,8.730298280195693e-09,12.0,564.2181884765625,23.644005290557747,930.5919838338611,751.1527916282816,0.0
2458303.565839518,2476195.515370093,6090.799307990297,2315580.9769830965,6335.44619166778,2315580.9769830965,6335.44619166778,19.68083357542009,0.0538469020792758,0.9272915736158934,1.6232143019160003e-08,12.0,571.341845703125,26.352409129568304,930.5919838338611,751.1527916282816,0.0
2458303.75102337,0.0,0.0,0.0,0.0,0.0,0.0,0.0,0.0,0.0,0.0,12.0,0.0,0.0,0.0,0.0,5.0
2458308.543967887,2490585.0970211723,6368.780868706109,2330548.53963968,6624.5933349467505,2330548.53963968,6624.5933349467505,19.808047485277687,0.0563044524142659,0.978781706127498,1.5272896923670778e-08,12.0,542.9943237304688,25.124941889546022,930.5919838338611,751.1527916282816,0.0
2458310.5383696994,2489261.5098646083,4011.2711841601226,2329171.788447205,4172.390430611508,2329171.788447205,4172.390430611508,19.796346054248847,0.0354624271371961,0.999991469613788,1.6046803729495676e-08,12.0,532.6513916015625,0.0509342150013829,930.5919838338611,751.1527916282816,0.0
2458310.573454238,2488731.8860840467,6266.765388974899,2328620.891464085,6518.48023716228,2328620.891464085,6518.48023716228,19.791663811671377,0.0554025646209099,1.0121571320131433,1.5579698214970448e-08,12.0,540.482958984375,26.04302920908209,930.5919838338611,751.1527916282816,0.0
2458311.702150837,2486301.100074931,5594.668090730586,2326092.4689721456,5819.38705525327,2326092.4689721456,5819.38705525327,19.77017397272088,0.0494607570557139,0.9934118790612976,7.990869459146906e-09,12.0,564.2982666015625,21.39350517916479,930.5919838338611,751.1527916282816,0.0
2458312.711798861,2491778.793869964,6475.184251718999,2331790.1832684157,6735.270583301521,2331790.1832684157,6735.270583301521,19.818600595646107,0.0572451323244514,1.0062874111894446,1.1543167144134172e-08,12.0,548.939013671875,26.314686189852043,930.5919838338611,751.1527916282816,0.0
2458329.4961920567,2470947.312638439,5011.704014502083,2310121.9716328895,5213.0072765309915,2310121.9716328895,5213.0072765309915,19.63443581310786,0.0443069491659627,1.1763804608380568,1.5942683128083102e-08,12.0,707.125634765625,26.61049032333119,930.5919838338611,751.1527916282816,0.0
2458330.4818714405,2488554.5830348814,5592.324997933938,2328436.466748903,5816.949848314637,2328436.466748903,5816.949848314637,19.790096329401155,0.0494400424857529,0.9155040989321256,1.3368541609822196e-08,12.0,583.6850341796875,18.608218894349367,930.5919838338611,751.1527916282816,0.0
2458330.5171005665,2478471.0774188978,5312.415292663957,2317947.9406913077,5525.7971134121635,2317947.9406913077,5525.7971134121635,19.700951126602,0.0469654460118651,0.9405602868980222,1.4461459601815662e-08,12.0,567.2808227539062,20.46373013725248,930.5919838338611,751.1527916282816,0.0
2458331.5922895693,2480257.348606079,5629.476775186931,2319805.960372775,5855.593887267366,2319805.960372775,5855.593887267366,19.716743006261705,0.0497684900360094,1.276147808655308,7.906355609674467e-09,12.0,1055.27978515625,31.506361776345187,930.5919838338611,751.1527916282816,0.0
2458331.64932692,2478432.78496456,5785.432735130058,2317908.110158114,6017.814072587448,2317908.110158114,6017.814072587448,19.70061259467297,0.0511472491904476,1.265597237634631,1.430098558907281e-08,12.0,1727.62021484375,33.43793240594662,930.5919838338611,751.1527916282816,0.0
2458333.5787552414,2490914.385070371,11591.107597157144,2330891.054080195,12056.68333009827,2330891.054080195,12056.68333009827,19.81095862065492,0.1024734528612159,0.313788006940528,1.3390138137915462e-08,12.0,467.7446228027344,15.39681925001664,930.5919838338611,751.1527916282816,4.0
2458335.5151353283,0.0,0.0,0.0,0.0,0.0,0.0,0.0,0.0,0.0,0.0,12.0,0.0,0.0,0.0,0.0,5.0
2458339.501819744,2478641.555676425,5180.427080259639,2318125.2664859695,5388.507379284006,2318125.2664859695,5388.507379284006,19.70245827296747,0.0457985784154184,1.2477072644149558,1.4305912028592442e-08,12.0,550.6994384765625,27.014176329351955,930.5919838338611,751.1527916282816,0.0
2458340.589167612,2483112.849555848,5485.692441906597,2322776.157173347,5706.034221837681,2322776.157173347,5706.034221837681,19.741987620680025,0.0484973365267281,1.2522444657870468,1.637627192671974e-08,12.0,528.57646484375,28.252797820685267,930.5919838338611,751.1527916282816,0.0
2458366.5626248294,2475846.596668606,6067.077806523853,2315218.0433931425,6310.7718774231735,2315218.0433931425,6310.7718774231735,19.677748891423366,0.0536371875078301,1.291642867306651,1.2811170297355017e-08,12.0,555.6905151367188,37.97939263188767,930.5919838338611,751.1527916282816,0.0
2458670.552940308,2463300.5749838194,4181.76091976437,2302168.090294345,4349.728164385704,2302168.090294345,4349.728164385704,19.56683333387758,0.0369696749768287,2.3388483507430755,1.6359465663271052e-08,12.0,617.269775390625,44.2971102727484,930.5919838338611,751.1527916282816,0.0
2458671.548511097,0.0,0.0,0.0,0.0,0.0,0.0,0.0,0.0,0.0,0.0,12.0,0.0,0.0,0.0,0.0,5.0
2458671.6275488595,2454240.118503111,3830.378665115443,2292743.7058083564,3984.2320686409553,2292743.7058083564,3984.2320686409553,19.48673259697261,0.0338632114567362,2.264231365407303,9.258743289694228e-09,12.0,606.22509765625,41.25754751903472,930.5919838338611,751.1527916282816,0.0
2458672.7370745023,0.0,0.0,0.0,0.0,0.0,0.0,0.0,0.0,0.0,0.0,12.0,0.0,0.0,0.0,0.0,5.0
2458685.62081297,0.0,0.0,0.0,0.0,0.0,0.0,0.0,0.0,0.0,0.0,12.0,0.0,0.0,0.0,0.0,5.0
2458690.6214458174,2456322.279910145,3951.6221324001253,2294909.5006227335,4110.345477445233,2294909.5006227335,4110.345477445233,19.505140351969697,0.0349350880332745,2.3530496766397224,1.4721526013526974e-08,12.0,612.9476684570312,44.34940538351864,930.5919838338611,751.1527916282816,0.0
2458691.565042328,2449850.0166044263,3935.4464313584194,2288177.268309988,4093.520053000903,2288177.268309988,4093.520053000903,19.44792104283942,0.0347920835857444,2.3635984209997964,1.6479428868502472e-08,12.0,609.431787109375,48.87108935258585,930.5919838338611,751.1527916282816,0.0
2458692.489750894,2462417.3003106974,5387.095987444308,2301249.3374540256,5603.477480045906,2301249.3374540256,5603.477480045906,19.55902457144301,0.0476256752947072,1.0614556335687555,1.3944036503599156e-08,12.0,727.2601440429687,30.006993056460885,930.5919838338611,751.1527916282816,0.0
2458692.578948617,2454692.888612571,4167.531842767923,2293214.6621673917,4334.927553314864,2293214.6621673917,4334.927553314864,19.490735399645263,0.0368438800397502,2.03021926440902,9.974361005065675e-09,12.0,644.987548828125,43.34439809350336,930.5919838338611,751.1527916282816,0.0
2458696.503214508,0.0,0.0,0.0,0.0,0.0,0.0,0.0,0.0,0.0,0.0,12.0,0.0,0.0,0.0,0.0,5.0
2458698.6001349757,2456986.4944561156,4128.144782157267,2295600.3944287715,4293.95844720437,2295600.3944287715,4293.95844720437,19.51101247052228,0.0364956710299557,2.4021573653408828,1.4607892337480384e-08,12.0,600.2837768554688,48.98577600685175,930.5919838338611,751.1527916282816,0.0
2458699.647006623,2445966.3289958825,3824.894365332123,2284137.5860572993,3978.5274830161266,2284137.5860572993,3978.5274830161266,19.41358654324601,0.0338147264322801,2.2986313822154534,1.3773856117802146e-08,12.0,646.3326538085937,47.6595291613948,930.5919838338611,751.1527916282816,0.0
2458715.583164916,2455735.7945438726,3959.1649569838864,2294299.4581156108,4118.191271875031,2294299.4581156108,4118.191271875031,19.499955413426875,0.0350017718486861,2.3365170663859205,1.3798658037253862e-08,12.0,643.0254028320312,44.631989490763175,930.5919838338611,751.1527916282816,0.0
2458718.517323599,2492993.9924103594,13784.673175840944,2333054.1922392566,14338.357046290923,2333054.1922392566,14338.357046290923,19.82934379592293,0.1218660982181076,0.1826164405587603,9.19488280087724e-09,12.0,54.0955207824707,8.203958115731801,930.5919838338611,751.1527916282816,0.0
2458718.519570709,2460178.450574869,4101.133431096208,2298920.560668692,4265.86214119293,2298920.560668692,4265.86214119293,19.53923158264149,0.0362568718999785,2.301510658037949,1.3268092209211758e-08,12.0,646.1321899414063,43.94006163320782,930.5919838338611,751.1527916282816,0.0
2458724.5687172613,2456621.868902114,4053.589242257877,2295221.1230949676,4216.408262501408,2295221.1230949676,4216.408262501408,19.507788927025093,0.0358365482033074,2.398072187603977,1.0863181988673897e-08,12.0,620.078857421875,47.474097531005896,930.5919838338611,751.1527916282816,0.0
2457925.545794676,2399661.6303274995,3443.085306462404,2065167.4639210363,5225.729565364158,2065167.4639210363,5225.729565364158,17.523955164597183,0.0470674786302182,1.5177888561129016,4.1094053551288796e-09,12.0,1789.1630859375,38.17683123846223,923.5238184181374,651.1772845257906,0.0
2457872.8842171347,2396203.228209993,3219.8036076850467,2061285.3802923185,5009.845141129555,2061285.3802923185,5009.845141129555,17.490548496235817,0.04529566944734,1.9630412346287072,4.094521511885591e-09,12.0,2001.2086791992188,44.98626183082825,923.5238184181374,651.1772845257906,0.0
2457925.508507837,2358058.464909034,17659.67828297188,2018467.5829106055,20041.672794148904,2018467.5829106055,20041.672794148904,17.12208658405192,0.1730240378921553,0.0888326769996092,3.823942493808185e-09,12.0,1125.3924560546875,23.691397528639545,923.5238184181374,651.1772845257906,4.0
2457873.724371676,2385627.2598665915,2954.5904741804907,2049413.7724894255,4695.230236376427,2049413.7724894255,4695.230236376427,17.388389217168847,0.0427263729793318,1.9414117309593453,5.093698659353832e-09,12.0,2021.9959716796875,44.08396506174538,923.5238184181374,651.1772845257906,0.0
2457925.643029889,2402170.291376785,6790.189216751531,2067983.455716821,8409.103420048963,2067983.455716821,8409.103420048963,17.54818774509447,0.0736856083482914,0.3985491742787649,4.633023012752004e-09,12.0,1249.9856567382812,27.075498146620983,923.5238184181374,651.1772845257906,4.0
2457874.91860366,2395392.9025746277,3212.2899541559495,2060375.7833813482,4995.992010924803,2060375.7833813482,4995.992010924803,17.482721101142484,0.0451821786260164,1.94412019639332,5.105106334099135e-09,12.0,2438.9178466796875,45.02249818836746,923.5238184181374,651.1772845257906,0.0
2457925.670795958,2395908.580502256,79894.4423060183,2060954.6359185954,89749.0603719383,2060954.6359185954,89749.0603719383,17.487702326842744,0.7724466167360761,0.0266996165432607,2.7643818500006333e-09,12.0,791.4199829101562,24.21416398571161,923.5238184181374,651.1772845257906,4.0
2457889.8991530123,2406072.361525594,4937.51666169307,2072363.5602067283,6612.506647962743,2072363.5602067283,6612.506647962743,17.585880054708834,0.0585755257804349,1.7298736740655347,5.106663459663277e-09,12.0,10008.3642578125,81.53459978658613,923.5238184181374,651.1772845257906,0.0
2457925.715946326,2361715.2352420925,6746.528205463489,2022572.336424397,8145.672972629281,2022572.336424397,8145.672972629281,17.157409403562042,0.0714595705290745,0.1994031576654336,3.825898273085547e-09,12.0,1029.8533325195312,17.477987412797926,923.5238184181374,651.1772845257906,4.0
2457890.7727167187,2396506.4405397577,3632.3953102252967,2061625.738521757,5356.304526401673,2061625.738521757,5356.304526401673,17.493477396172647,0.0481420091272019,1.8902044749186384,5.056346846733925e-09,12.0,7221.26416015625,58.97730669903354,923.5238184181374,651.1772845257906,0.0
2457925.7680382943,2389041.1025608596,5201.313441314582,2053245.8378144335,6741.495529391865,2053245.8378144335,6741.495529391865,17.42136546077798,0.0596536999580265,0.6352289677588162,4.891979998178479e-09,12.0,1513.5122680664062,37.06220002602514,923.5238184181374,651.1772845257906,4.0
2457893.683691638,2392055.9728729026,3352.321293105109,2056630.0534965363,5079.510795709966,2056630.0534965363,5079.510795709966,17.450487803769004,0.0458664140592685,1.8451813728222248,4.941574973991772e-09,12.0,2109.0439453125,51.43510751268484,923.5238184181374,651.1772845257906,0.0
2457957.6724166176,2392925.3220609366,4410.961859101676,2057605.9048104757,6019.883343354018,2057605.9048104757,6019.883343354018,17.458885340847715,0.0536344489188673,0.5848717216175584,4.097851390814802e-09,12.0,575.9916687011719,24.53357434689313,923.5238184181374,651.1772845257906,0.0
2457894.846685908,2387805.9117590045,3313.8219599685826,2051859.3264061895,5008.209989986796,2051859.3264061895,5008.209989986796,17.40943405197168,0.0452818551359555,1.912834734941868,2.4451592840072342e-09,12.0,1948.676696777344,56.57100705551037,923.5238184181374,651.1772845257906,0.0
2457957.7820219686,2399269.6615940346,4695.144030507729,2064727.4759290516,6333.170282009242,2064727.4759290516,6333.170282009242,17.52016891619633,0.0562429516825509,0.5261008660336027,4.547079240028412e-09,12.0,586.3743286132812,21.72181745444896,923.5238184181374,651.1772845257906,0.0
2457895.723393817,2391409.417973929,3761.171661702347,2055904.2905276595,5422.660987250412,2055904.2905276595,5422.660987250412,17.444242363142525,0.0486887575319912,1.3579228632463338,2.4761668364350035e-09,12.0,1813.131103515625,48.49359837738454,923.5238184181374,651.1772845257906,0.0
2457958.790465685,2389332.495160765,4223.485346833522,2053572.9283039672,5819.160810914615,2053572.9283039672,5819.160810914615,17.424180187237553,0.0519679097767593,0.5994803419663552,4.612479773124341e-09,12.0,691.3316345214844,24.51923525808061,923.5238184181374,651.1772845257906,0.0
2457917.5718970187,2418435.0145057775,5407.741345040229,2086240.7355932794,7150.952818439288,2086240.7355932794,7150.952818439288,17.70529793445301,0.0630868949837148,1.680158242765677,3.974991130939162e-09,12.0,11225.85400390625,78.50768111337236,923.5238184181374,651.1772845257906,0.0
2457959.4884785367,2399636.228339224,4057.879292834615,2065138.9499890301,5754.6874809811825,2065138.9499890301,5754.6874809811825,17.523709792379254,0.051433981163196,0.6267458911106233,4.41836858041591e-09,12.0,692.58935546875,19.92476256757051,923.5238184181374,651.1772845257906,0.0
2457917.616974608,2411896.205596558,6249.813510251932,2078900.8710676108,7925.809601627451,2078900.8710676108,7925.809601627451,17.6421358690579,0.0696061457841339,1.7045338501646328,4.844718485429797e-09,12.0,11505.96484375,105.06958481310554,923.5238184181374,651.1772845257906,0.0
2457959.654937097,2388662.352566023,3657.8938898572333,2052820.6879607225,5308.838841743714,2052820.6879607225,5308.838841743714,17.417706899673906,0.0477507049610123,0.6412898796662403,3.2168739154250435e-09,12.0,603.092041015625,19.836816463145556,923.5238184181374,651.1772845257906,0.0
2457917.6290966566,2414718.4598740386,5022.193156518084,2082068.8737331273,6758.4384530141515,2082068.8737331273,6758.4384530141515,17.669397624480144,0.0597966243532563,1.7081788227327983,3.442495524933347e-09,12.0,11490.74560546875,74.31912475515962,923.5238184181374,651.1772845257906,0.0
2457959.727932119,2402290.6598025537,4445.767936382676,2068118.570223237,6126.46788546571,2068118.570223237,6126.46788546571,17.549350452016405,0.0545212715643917,0.6172276515220869,4.027937717581639e-09,12.0,628.9223937988281,22.863462164631684,923.5238184181374,651.1772845257906,0.0
2457917.684207624,2398426.2945324904,5076.233946786648,2063780.7897568329,6687.226165518951,2063780.7897568329,6687.226165518951,17.51202235521973,0.0592000089083387,1.7109352225808985,5.0326457098211624e-09,12.0,11320.05615234375,91.7875131857304,923.5238184181374,651.1772845257906,0.0
2457960.4675069824,2389567.5117099388,4904.005028686172,2053836.7362323191,6458.407697142252,2053836.7362323191,6458.407697142252,17.42645034543517,0.0572874671054898,0.6073559644446255,3.1777881997997142e-09,12.0,1674.6233520507812,32.08697766515372,923.5238184181374,651.1772845257906,0.0
2457917.709011806,2421910.52227929,5805.881636214875,2090142.0204556533,7558.756620597644,2090142.0204556533,7558.756620597644,17.738869836051524,0.066514604793532,1.72113507826224,5.1098770220708385e-09,12.0,11260.80029296875,85.87069524764723,923.5238184181374,651.1772845257906,0.0
2457960.4746388923,2393886.945524336,4854.489889100709,2058685.334725625,6442.685312995541,2058685.334725625,6442.685312995541,17.468174207508888,0.0571563912753837,0.4910673704746162,4.944435031049633e-09,12.0,903.6062927246094,23.11194193752188,923.5238184181374,651.1772845257906,0.0
2457917.7645391044,2390833.9429582115,3520.9072805143696,2055258.3152878396,5210.2549619327465,2055258.3152878396,5210.2549619327465,17.43868352343934,0.0469398180047784,1.7033051786269795,3.3700879906314104e-09,12.0,5738.57373046875,54.37724570347629,923.5238184181374,651.1772845257906,0.0
2457960.595935764,2388916.5697267186,3764.1722274736517,2053106.0487268046,5403.815904513633,2053106.0487268046,5403.815904513633,17.420162527472687,0.0485332419160827,0.6698479626649668,2.8910849410192234e-09,12.0,602.074462890625,22.4095809939987,923.5238184181374,651.1772845257906,0.0
2457917.806207211,2436471.8540199623,6787.39928458729,2106487.230076193,8621.753842747907,2106487.230076193,8621.753842747907,17.879526001480595,0.0754849551309992,1.70720595328821,5.105089250974496e-09,12.0,11438.1689453125,90.49170737416615,923.5238184181374,651.1772845257906,0.0
2457960.602890779,2389641.939536581,3609.7937146259633,2053920.2820542096,5275.81109896104,2053920.2820542096,5275.81109896104,17.427169286043295,0.047478905608381,0.6849843945077757,4.865806597618043e-09,12.0,621.8388977050781,20.5300400867906,923.5238184181374,651.1772845257906,0.0
2457917.8513232307,2432327.0987458546,6211.943191610387,2101834.7096208055,8027.215653020266,2101834.7096208055,8027.215653020266,17.83948945854066,0.0704623858531193,1.6859810333076473,4.9873450325354225e-09,12.0,11740.82763671875,82.3103998189919,923.5238184181374,651.1772845257906,0.0
2457960.7587699327,2387841.3466246463,3754.29161784712,2051899.1023220955,5385.930957616801,2051899.1023220955,5385.930957616801,17.409776337444775,0.0483857504132213,0.6768030077624637,3.7933374010062524e-09,12.0,623.33642578125,22.955581225229658,923.5238184181374,651.1772845257906,0.0
2457918.52859258,2389553.4965845845,3326.3467218118153,2053821.0041436716,5034.750811938158,2053821.0041436716,5034.750811938158,17.426314965387142,0.0454993668777672,1.3945950156862277,4.902125543443873e-09,12.0,2077.5416259765625,39.36758536846195,923.5238184181374,651.1772845257906,0.0
2457960.786915736,2392228.921519099,3952.385021199534,2056824.1897147077,5598.282703439717,2056824.1897147077,5598.282703439717,17.452158412874223,0.0501390831581509,0.6461739676891061,5.068386421062105e-09,12.0,707.7658996582031,22.392086973902934,923.5238184181374,651.1772845257906,0.0
2457918.69531597,2431180.7442987473,6651.112907598082,2100547.917720784,8451.320284123887,2100547.917720784,8451.320284123887,17.82841617049089,0.0740436403716428,1.3275936990433774,4.3191636974139056e-09,12.0,6502.664306640625,71.91802045626665,923.5238184181374,651.1772845257906,0.0
2457961.470934918,2417937.6619643206,6875.7358785697925,2085682.4534464127,8590.92762768904,2085682.4534464127,8590.92762768904,17.700493724055665,0.0752233767204741,0.5925772461554085,5.0624097332620235e-09,12.0,1061.0260620117188,36.35161146897704,923.5238184181374,651.1772845257906,0.0
2457918.8202344025,2987776.802138804,1319115.684193044,2725331.378559743,1480768.8029427363,2725331.378559743,1480768.8029427363,23.204893307540303,12.742534361577793,0.5555656399220357,4.926362157518502e-09,12.0,10730.30078125,88.15917569437583,923.5238184181374,651.1772845257906,4.0
2457961.56121768,2404746.9258298883,4381.987473108134,2070875.7481940158,6088.404062358962,2070875.7481940158,6088.404062358962,17.57307691926759,0.0542047243342469,0.6858027347770966,4.416901797403897e-09,12.0,716.1505432128906,24.362554644375532,923.5238184181374,651.1772845257906,0.0
2457918.8374368995,2667157.1470743762,112461.54283107523,2365433.2893035864,126457.96911346656,2365433.2893035864,126457.96911346656,20.107846138661653,1.0883049349081515,0.5885284073923169,4.6547467682358655e-09,12.0,10919.8134765625,98.38827484247427,923.5238184181374,651.1772845257906,4.0
2457961.599624541,2402131.47197447,4537.620827141706,2067939.8806318322,6209.474223751311,2067939.8806318322,6209.474223751311,17.547812766461274,0.0552122682234832,0.5436705679143515,4.6451429951491396e-09,12.0,669.9351196289062,20.26923189599752,923.5238184181374,651.1772845257906,0.0
2457918.8791044634,-1176565338.3168216,-1176565338.3168216,-1176565338.3168216,-1176565338.3168216,-1176565338.3168216,-1176565338.3168216,0.0,0.0,-9999.99,-9999.99,12.0,-9999.99,-9999.99,-9999.99,-9999.99,5.0
2457961.644529401,2403993.88922907,5750.156602160804,2070030.4586757536,7379.733746365607,2070030.4586757536,7379.733746365607,17.56580291146491,0.065008040999758,0.4312422231777321,2.6221466769723736e-09,12.0,638.7587890625,22.799758110026115,923.5238184181374,651.1772845257906,0.0
2457919.657867042,2431233.0775327217,16377.937170928253,2100606.6621883037,18806.261379963016,2100606.6621883037,18806.261379963016,17.828921686891913,0.1624305238847374,0.2187754467917732,4.551305470678139e-09,12.0,3950.799682617188,31.44637246611946,923.5238184181374,651.1772845257906,4.0
2457919.6739402525,2524786.2742723296,42179.497557581235,2205620.8627170417,47644.53987355756,2205620.8627170417,47644.53987355756,18.73260509658096,0.4102345818447003,0.1961861114542629,4.273361052339755e-09,12.0,4816.559326171875,35.735894993329666,923.5238184181374,651.1772845257906,4.0
2457919.722388083,2403290.8875928223,33589.78085272271,2069241.333799493,37873.21096657015,2069241.333799493,37873.21096657015,17.559012219775035,0.3262082088119382,0.1271585561787446,4.844861151139059e-09,12.0,6973.237060546875,49.70649095193701,923.5238184181374,651.1772845257906,4.0
2457919.754151633,2382861.251336872,23902.513324346524,2046308.9061189839,27031.187229748757,2046308.9061189839,27031.187229748757,17.361670771338257,0.2330272625421598,0.1331977131828755,4.599191980716821e-09,12.0,7828.9580078125,42.995413285913344,923.5238184181374,651.1772845257906,4.0
2457920.8393583377,0.0,0.0,0.0,0.0,0.0,0.0,0.0,0.0,0.0,0.0,12.0,0.0,0.0,0.0,0.0,5.0
2457920.878733733,-1176565338.3168216,-1176565338.3168216,-1176565338.3168216,-1176565338.3168216,-1176565338.3168216,-1176565338.3168216,0.0,0.0,0.0480036916595873,-9999.99,12.0,-9999.99,-9999.99,-9999.99,-9999.99,7.0
2457923.5475267908,2387670.617595386,3299.1999846108315,2051707.4576414255,4994.7838594214345,2051707.4576414255,4994.7838594214345,17.408127168878963,0.0451718998904564,1.662184086902731,3.437366832483168e-09,12.0,2207.727905273437,48.47762525669243,923.5238184181374,651.1772845257906,0.0
2457923.7423015493,2397952.3338424717,3360.7777761823986,2063248.7651475281,5141.6212748042,2063248.7651475281,5141.6212748042,17.507444099988017,0.0463763637319534,1.653830638188594,5.057540882704163e-09,12.0,1914.8059692382808,40.61238489512094,923.5238184181374,651.1772845257906,0.0
2457923.8251690078,2395172.6331595173,3291.0667543007603,2060128.5292271907,5058.101551770048,2060128.5292271907,5058.101551770048,17.480593393880376,0.0456910312762499,1.6668761138294264,3.7304196250581875e-09,12.0,1906.56689453125,41.263989867441765,923.5238184181374,651.1772845257906,0.0
2457923.834044492,2392296.7975177546,3105.5761813973204,2056900.3810580538,4880.197310702823,2056900.3810580538,4880.197310702823,17.452814065658295,0.0442349204342934,1.6582454829841309,4.900486094789436e-09,12.0,1936.132568359375,36.6784492455603,923.5238184181374,651.1772845257906,0.0
2457923.876467616,2394502.1412724834,3502.93577515271,2059375.8968005944,5228.2038634785295,2059375.8968005944,5228.2038634785295,17.474116732304285,0.0470875532477237,1.5887950584218364,4.481693815418481e-09,12.0,2165.2467041015625,46.53268873772871,923.5238184181374,651.1772845257906,0.0
2457924.6777271274,2391292.6113042566,2677.6546293640736,2055773.1741205284,4539.1231013974075,2055773.1741205284,4539.1231013974075,17.443114061243666,0.0414586280728007,0.9999928028127868,2.7438658808593888e-09,12.0,1488.79443359375,0.0438668849526428,923.5238184181374,651.1772845257906,0.0
2457924.785151554,2388185.9499572287,3372.5997453164237,2052285.9222783516,5060.872188216777,2052285.9222783516,5060.872188216777,17.413105056563204,0.0457133986943017,1.2364494612682726,2.804302256024766e-09,12.0,1739.1135864257812,36.57104954753285,923.5238184181374,651.1772845257906,0.0
2457924.879134137,2392949.3763282956,3952.290307303566,2057632.9059151316,5604.2694529855025,2057632.9059151316,5604.2694529855025,17.459117694664602,0.050188618249795,1.401796662849121,2.2285361405838998e-09,12.0,2342.1661376953125,53.6026477895938,923.5238184181374,651.1772845257906,0.0
2457925.827111456,2419447.712561299,8226.135964863968,2087377.4971405468,9983.06122351842,2087377.4971405468,9983.06122351842,17.715080159579383,0.0870250694661736,0.2896706617852271,4.442423591076452e-09,12.0,1387.4921875,19.745649945562263,923.5238184181374,651.1772845257906,4.0
2457957.623866266,2410445.026457305,6419.77607063915,2077271.9110486754,8085.917637530398,2077271.9110486754,8085.917637530398,17.628118106348214,0.0709566561111316,0.5092180218490311,4.974953666263314e-09,12.0,640.5940551757812,30.32275726568716,923.5238184181374,651.1772845257906,0.0
2457957.661142568,2389872.440064374,3774.194487122142,2054179.0207129738,5420.813576213581,2054179.0207129738,5420.813576213581,17.429395821427978,0.0486734509372577,0.5776929569877509,5.044096181020093e-09,12.0,585.5094909667969,18.05107679498994,923.5238184181374,651.1772845257906,0.0
2458667.064288003,0.0,0.0,0.0,0.0,0.0,0.0,0.0,0.0,0.0,0.0,0.0,0.0,0.0,0.0,0.0,0.0
2458667.076156004,0.0,0.0,0.0,0.0,0.0,0.0,0.0,0.0,0.0,0.0,0.0,0.0,0.0,0.0,0.0,0.0
2458667.088008404,0.0,0.0,0.0,0.0,0.0,0.0,0.0,0.0,0.0,0.0,0.0,0.0,0.0,0.0,0.0,0.0
2458667.0998631534,0.0,0.0,0.0,0.0,0.0,0.0,0.0,0.0,0.0,0.0,0.0,0.0,0.0,0.0,0.0,0.0
2458667.1117123645,0.0,0.0,0.0,0.0,0.0,0.0,0.0,0.0,0.0,0.0,0.0,0.0,0.0,0.0,0.0,0.0
2458667.060334397,2322458.874466894,2653.709558400482,2200864.4622969353,4563.377000926153,2200864.4622969353,4563.377000926153,18.821941755151794,0.0393356546423939,0.986976111726767,9.023529346039577e-09,12.0,1478.598388671875,44.2979694665565,922.9170519473972,657.6730761029394,0.0
2458667.072207451,2314582.555786242,2348.6694575016913,2192571.3577513904,4287.504653208711,2192571.3577513904,4287.504653208711,18.75054793112856,0.0369600100074411,0.9982079166093522,8.871510735770148e-09,12.0,1427.495849609375,42.398142040699575,922.9170519473972,657.6730761029394,0.0
2458667.0840552254,2316046.8517263313,480.2809314478695,2194113.138856136,3558.1553064295854,2194113.138856136,3558.1553064295854,18.763820843373917,0.0306921801372911,1.0000074285824576,6.475652058793598e-09,12.0,1386.3271484375,0.1525231804664743,922.9170519473972,657.6730761029394,0.0
2458667.095901708,2310255.3038868895,2530.9503799098984,2188015.12357001,4355.1578506128935,2188015.12357001,4355.1578506128935,18.711324142308847,0.0375397031470065,1.0018119084241977,9.105649458310476e-09,12.0,1396.9088134765625,47.90328644016272,922.9170519473972,657.6730761029394,0.0
2458667.1077680383,2312683.0927565233,2179.382141790094,2190571.3821124486,4166.024716985398,2190571.3821124486,4166.024716985398,18.73333050573217,0.0359147458485929,0.9930952672198388,8.229159194711222e-09,12.0,1469.905517578125,39.62305888020416,922.9170519473972,657.6730761029394,0.0
2457961.102907989,2277092.6162616676,5294.182402210838,2064979.609094212,6212.3039830963235,2064979.609094212,6212.3039830963235,17.450252806796808,0.0840688641008172,0.1628053396775018,5.1425592760906185e-09,12.0,674.1189453125,19.644179430093565,922.651955073036,658.5658545617366,4.0
2458667.056375964,2265872.9624216906,2024.1084913622835,2053021.2763347223,3286.6881324818837,2053021.2763347223,3286.6881324818837,17.347757203014083,0.0708914576929139,0.981093534858236,3.935075577779963e-09,12.0,2469.0423828125,53.845590559510654,922.651955073036,658.5658545617366,0.0
2457961.092487512,2290612.5833325284,5636.793868040045,2079389.7029738128,6604.468238114714,2079389.7029738128,6604.468238114714,17.573762605567303,0.0862402918178179,0.1645093335011056,5.232787736302661e-09,12.0,647.3745361328125,18.87172704336477,922.651955073036,658.5658545617366,4.0
2458667.068244759,2269569.894298523,2315.6376889256435,2056961.6065982839,3526.3263437384976,2056961.6065982839,3526.3263437384976,17.38153001546125,0.0717332996063111,0.9758134809862394,5.236538579448683e-09,12.0,2532.425537109375,59.57285856202563,922.651955073036,658.5658545617366,0.0
2457961.154997666,2280131.771076154,5701.963857222395,2068218.8556073012,6622.38216619671,2068218.8556073012,6622.38216619671,17.478016587403825,0.0863385596698921,0.1528293788313585,5.3825466131533335e-09,12.0,656.3182006835937,19.26557804604724,922.651955073036,658.5658545617366,4.0
2458667.080103366,-1176565338.3168216,-1176565338.3168216,-1176565338.3168216,-1176565338.3168216,-1176565338.3168216,-1176565338.3168216,0.0,0.0,-9999.99,-9999.99,12.0,-9999.99,-9999.99,-9999.99,-9999.99,5.0
2457961.859800487,2261052.698481372,37184.72845816315,2047883.6561363616,39707.24077579678,2047883.6561363616,39707.24077579678,17.30372234507627,0.3464946688245708,0.0158012203038937,5.3782300918103e-09,12.0,707.8204833984375,14.44472974081122,922.651955073036,658.5658545617366,4.0
2458667.0919504,-1176565338.3168216,-1176565338.3168216,-1176565338.3168216,-1176565338.3168216,-1176565338.3168216,-1176565338.3168216,0.0,0.0,-9999.99,-9999.99,12.0,-9999.99,-9999.99,-9999.99,-9999.99,5.0
2457961.932771697,-1176565338.3168216,-1176565338.3168216,-1176565338.3168216,-1176565338.3168216,-1176565338.3168216,-1176565338.3168216,0.0,0.0,-9999.99,-9999.99,12.0,-9999.99,-9999.99,-9999.99,-9999.99,5.0
2458667.10381651,2260606.467583652,2067.605943857273,2047408.0463146486,3276.0195109341153,2047408.0463146486,3276.0195109341153,17.299645864113437,0.070853968843998,0.9923574747784668,5.164048979666938e-09,12.0,2555.3451171875,58.3737689499653,922.651955073036,658.5658545617366,0.0
2457918.0544062774,2285825.0416778196,8757.456242504808,2074286.959429004,9714.388355555646,2074286.959429004,9714.388355555646,17.530026677566937,0.1056667117970068,0.3775177187433697,5.237519194338407e-09,12.0,7972.9162109375,77.82913275597008,922.651955073036,658.5658545617366,4.0
2457918.1950666616,2311200.5458555003,10750.201537199158,2101333.1345806206,11835.393174246728,2101333.1345806206,11835.393174246728,17.761841104204127,0.1205175751453368,0.4291520764008933,5.260673756347253e-09,12.0,7694.649511718751,89.21479408255715,922.651955073036,658.5658545617366,4.0
2457918.2437122758,2268911.758574488,6390.032536869729,2056260.1405725772,7259.104847743137,2056260.1405725772,7259.104847743137,17.375517707116614,0.0900179968130963,0.4409652952714776,4.798842298399344e-09,12.0,7660.218359375,75.7276786392735,922.651955073036,658.5658545617366,4.0
2457918.281545358,2305341.1370126093,8974.330321436326,2095087.954317793,9995.603538450952,2095087.954317793,9995.603538450952,17.70831328099964,0.1075805215502861,0.3941064896719186,5.351040424397267e-09,12.0,7329.5640625,71.18362036227788,922.651955073036,658.5658545617366,4.0
2457919.188215997,2290591.9370364374,5627.349180123756,2079367.6973680737,6595.220204492642,2079367.6973680737,6595.220204492642,17.573573994170363,0.0861882780605746,0.3853103859368479,5.373605424674234e-09,12.0,2623.80029296875,48.47035708113966,922.651955073036,658.5658545617366,4.0
2457919.2159212544,2298749.929298408,5873.529914204384,2088062.79505196,6870.383476001721,2088062.79505196,6870.383476001721,17.648100209904943,0.087755351443664,0.3808005587815775,5.106469741406565e-09,12.0,3758.360986328125,46.73640943451571,922.651955073036,658.5658545617366,4.0
2457919.257568409,2264220.0225030133,4817.073462422877,2051259.5102534438,5694.037438707638,2051259.5102534438,5694.037438707638,17.332656997838633,0.081325255164141,0.4202104475329641,4.5231344636593576e-09,12.0,4202.26005859375,56.06967335530163,922.651955073036,658.5658545617366,4.0
2457920.058972657,2339665.2997200144,11721.381044388068,2131671.949260976,12915.261876732025,2131671.949260976,12915.261876732025,18.0218769462614,0.1284122976373047,0.190783678895287,5.326569757358961e-09,12.0,3087.4420410156254,33.299676103945075,922.651955073036,658.5658545617366,4.0
2457920.129116964,-1176565338.3168216,-1176565338.3168216,-1176565338.3168216,-1176565338.3168216,-1176565338.3168216,-1176565338.3168216,0.0,0.0,-9999.99,-9999.99,12.0,-9999.99,-9999.99,-9999.99,-9999.99,5.0
2457920.1917839805,2265603.6585536175,30752.990356301692,2052734.2420541828,32871.14004028118,2052734.2420541828,32871.14004028118,17.34529701458467,0.2891535233489727,0.0502977415739137,3.405488610409274e-09,12.0,5344.13212890625,41.98574357304192,922.651955073036,658.5658545617366,4.0
2457920.209164163,2262802.16400438,84369.55467884826,2049748.302869117,89957.56364883948,2049748.302869117,89957.56364883948,17.31970434662775,0.7737712573204533,0.0210385553139012,3.335594550138529e-09,12.0,7119.727734374999,49.56757723895029,922.651955073036,658.5658545617366,6.0
2457921.077040384,2272878.234940182,3639.1315783990685,2060487.761579439,4643.910806384229,2060487.761579439,4643.910806384229,17.411752906151275,0.0762664541663698,0.3590599421476938,5.2239562843080615e-09,12.0,1667.23828125,32.79891036108902,922.651955073036,658.5658545617366,4.0
2457921.090470438,2355742.0261325487,32828.822100660145,2148807.1342556635,35160.032256030616,2148807.1342556635,35160.032256030616,18.168743668176724,0.3083083850986495,0.0679593801008913,5.072888092142035e-09,12.0,2241.17841796875,29.01389795024554,922.651955073036,658.5658545617366,4.0
2457925.043812232,0.0,0.0,0.0,0.0,0.0,0.0,0.0,0.0,0.0,0.0,12.0,0.0,0.0,0.0,0.0,5.0
2457927.931231646,2343182.2845507986,15731.183401692917,2135420.4851352936,17091.200881563705,2135420.4851352936,17091.200881563705,18.054005877230857,0.1602974276118218,0.1075417515144497,5.381403103089974e-09,12.0,1030.9226806640625,23.691066287018646,922.651955073036,658.5658545617366,4.0
2457927.966925558,0.0,0.0,0.0,0.0,0.0,0.0,0.0,0.0,0.0,0.0,12.0,0.0,0.0,0.0,0.0,5.0
2457928.028538984,0.0,0.0,0.0,0.0,0.0,0.0,0.0,0.0,0.0,0.0,12.0,0.0,0.0,0.0,0.0,5.0
2457957.8564394726,2342766.3387341485,12359.811386479683,2134977.154302066,13582.814878614785,2134977.154302066,13582.814878614785,18.050206061458773,0.133376950727259,0.1312384089270403,5.2363158896839265e-09,12.0,768.0255737304688,22.38937465206397,922.651955073036,658.5658545617366,4.0
2457958.09252814,2276674.29427912,6154.246255720319,2064533.745653212,7053.736208420861,2064533.745653212,7053.736208420861,17.446431283888135,0.0888120912199393,0.1452395828400571,5.3420208238404834e-09,12.0,463.9053649902344,20.843139581805147,922.651955073036,658.5658545617366,4.0
2457958.8951746845,2314212.159507279,9321.353195291586,2104543.026677527,10377.444500512418,2104543.026677527,10377.444500512418,17.789353286309012,0.1102067960076213,0.1438650412664722,4.776696750017731e-09,12.0,597.4581787109374,23.34648809114548,922.651955073036,658.5658545617366,4.0
2457958.9154650806,2303232.6364190388,8678.042002559918,2092840.6343842964,9687.046677416232,2092840.6343842964,9687.046677416232,17.68905136396578,0.1054860301613145,0.1452007116211086,5.248830661028307e-09,12.0,579.236181640625,24.071122579716093,922.651955073036,658.5658545617366,4.0
2457959.0302013746,2285243.115743845,6007.199589033995,2073666.7206891025,6943.079055447076,2073666.7206891025,6943.079055447076,17.524710573272618,0.0881711559518815,0.1485575481953593,5.389805373274762e-09,12.0,519.5305541992187,18.86971117059935,922.651955073036,658.5658545617366,4.0
2457959.075158868,2285966.1805590205,6611.623671957083,2074437.3906036867,7544.033847540998,2074437.3906036867,7544.033847540998,17.531316032394827,0.091726554152262,0.147308465220235,5.387377575488165e-09,12.0,521.9246337890625,20.89762508947294,922.651955073036,658.5658545617366,4.0
2457960.0429078573,2260550.2712640143,3834.5660308114625,2047348.1501449759,4751.503048707268,2047348.1501449759,4751.503048707268,17.299132490368244,0.0767490396946981,0.162800014519052,5.282142151008262e-09,12.0,563.7968872070312,15.607325624776635,922.651955073036,658.5658545617366,4.0
2457960.0578549034,2257116.724882936,3748.3196263583086,2043688.5461361795,4654.066522017181,2043688.5461361795,4654.066522017181,17.267765799874574,0.076308493391852,0.1620689156390934,5.304944347283749e-09,12.0,559.082421875,15.57825106425418,922.651955073036,658.5658545617366,4.0
2457960.0994971413,2283167.878087497,5903.698138299812,2071454.853656163,6832.804305962757,2071454.853656163,6832.804305962757,17.505752525224626,0.087535507536654,0.1590855516269957,5.3777641811517885e-09,12.0,585.8290893554687,20.667416751845373,922.651955073036,658.5658545617366,4.0
2457960.15809082,0.0,0.0,0.0,0.0,0.0,0.0,0.0,0.0,0.0,0.0,12.0,0.0,0.0,0.0,0.0,5.0
2457960.8534526937,2318987.817501146,11028.876909943252,2109633.10416572,12144.119656968645,2109633.10416572,12144.119656968645,17.832980652760995,0.1227549693282539,0.1630803165070622,5.293150612606461e-09,12.0,1443.62734375,31.406236874390675,922.651955073036,658.5658545617366,4.0
2457960.9082133346,2288203.9981602714,5263.863920085871,2076822.5415105233,6233.7710918810135,2076822.5415105233,6233.7710918810135,17.551759307157763,0.0841882555437866,0.1639910867719984,5.136761137718151e-09,12.0,635.6582641601562,17.78860139415156,922.651955073036,658.5658545617366,4.0
2457961.016264793,2271556.406116613,4862.554706356771,2059078.9062663645,5771.507996830485,2059078.9062663645,5771.507996830485,17.399677520822877,0.0817270055549694,0.1717815964079914,4.018153176243036e-09,12.0,660.4731201171876,20.083682006750905,922.651955073036,658.5658545617366,4.0
2457936.9625569247,2480783.488736991,10425.852488192633,2454521.876895696,12948.360482255575,2454521.876895696,12948.360482255575,19.780693629292973,0.1074653000006543,0.4304282537564655,6.308133758354139e-09,12.0,1597.42568359375,22.776083094694616,904.1126048852904,626.4687056378552,4.0
2458580.2239173013,0.0,0.0,0.0,0.0,0.0,0.0,0.0,0.0,0.0,0.0,12.0,0.0,0.0,0.0,0.0,5.0
2457934.122537027,2456485.790375127,7474.663509126896,2426790.0106932796,9753.16547238585,2426790.0106932796,9753.16547238585,19.577960876273757,0.08758715696219,0.4079030459262468,1.2889966573164133e-08,12.0,493.5815734863281,17.224254397649787,904.1126048852904,626.4687056378552,4.0
2458585.170564867,2447475.5445129015,4920.3487692542285,2416506.282210816,7251.327366817222,2416506.282210816,7251.327366817222,19.50278207037104,0.0734687842039186,0.925133212401539,9.310233022761671e-09,12.0,605.0444702148437,26.39859430963852,904.1126048852904,626.4687056378552,0.0
2457937.0563059305,2475036.1558217504,12835.079536989642,2447962.2322308985,15483.976648842745,2447962.2322308985,15483.976648842745,19.732739596484095,0.1241027140712507,0.4478463342023264,1.1251141413675314e-08,12.0,1234.284130859375,32.81140612704144,904.1126048852904,626.4687056378552,4.0
2458586.1679184963,2489323.6485769465,8109.831126360965,2464269.0787294535,10635.808142735814,2464269.0787294535,10635.808142735814,19.85195017753853,0.0929210911165276,0.6548098772863927,1.3018773026848105e-08,12.0,582.3724609374999,23.567749662395556,904.1126048852904,626.4687056378552,4.0
2457938.938438536,0.0,0.0,0.0,0.0,0.0,0.0,0.0,0.0,0.0,0.0,12.0,0.0,0.0,0.0,0.0,5.0
2458587.165161679,2472642.8100602045,5596.655946097616,2445230.617760803,8098.467614886936,2445230.617760803,8098.467614886936,19.712770232804505,0.0780599294362917,0.8608136754009245,1.2571383277617284e-08,12.0,585.6156616210938,21.434220494848148,904.1126048852904,626.4687056378552,0.0
2457939.078512546,0.0,0.0,0.0,0.0,0.0,0.0,0.0,0.0,0.0,0.0,12.0,0.0,0.0,0.0,0.0,5.0
2458591.154711792,2499626.4623234146,10360.333514987571,2476028.06297851,12999.485083466585,2476028.06297851,12999.485083466585,19.937913784607744,0.1077977132161341,0.974582896777314,1.4055464822396445e-08,12.0,5384.203417968751,45.85625798591414,904.1126048852904,626.4687056378552,0.0
2457939.923857785,-1176565338.3168216,-1176565338.3168216,-1176565338.3168216,-1176565338.3168216,-1176565338.3168216,-1176565338.3168216,0.0,0.0,0.4591849090281936,-9999.99,12.0,-9999.99,-9999.99,-9999.99,-9999.99,5.0
2458603.191183506,2335876.5672241,4104.7418528968565,2289134.221680308,5520.326166877301,2289134.221680308,5520.326166877301,18.571633466789837,0.0649165949993261,0.7754361086847886,1.2992976710916326e-08,12.0,752.7485473632812,54.897063402031804,904.1126048852904,626.4687056378552,2.0
2457941.974876046,0.0,0.0,0.0,0.0,0.0,0.0,0.0,0.0,0.0,0.0,12.0,0.0,0.0,0.0,0.0,5.0
2458610.1682757377,2464802.4486576277,5443.5729872745005,2436282.12189273,7885.619246046499,2436282.12189273,7885.619246046499,19.647352594140244,0.076884878529722,0.993037952088604,1.0710044078440224e-08,12.0,565.5408813476563,27.050204194669767,904.1126048852904,626.4687056378552,0.0
2457942.215405522,0.0,0.0,0.0,0.0,0.0,0.0,0.0,0.0,0.0,0.0,12.0,0.0,0.0,0.0,0.0,5.0
2458611.155641441,2472286.489821101,5356.853498809908,2444823.936228714,7880.879440148761,2444823.936228714,7880.879440148761,19.70979720293337,0.0768604243424697,0.9892476897059076,1.2856197374080818e-08,12.0,572.23564453125,23.30109071365123,904.1126048852904,626.4687056378552,0.0
2457942.8828340285,0.0,0.0,0.0,0.0,0.0,0.0,0.0,0.0,0.0,0.0,12.0,0.0,0.0,0.0,0.0,5.0
2458616.2558833933,2435117.7607965386,4229.997180523854,2402401.884358945,6529.987528450727,2402401.884358945,6529.987528450727,19.39967240637233,0.0697571383112988,0.9520711155692512,1.017422954353174e-08,12.0,583.9696899414063,24.591650622405368,904.1126048852904,626.4687056378552,0.0
2457943.1793097504,0.0,0.0,0.0,0.0,0.0,0.0,0.0,0.0,0.0,0.0,12.0,0.0,0.0,0.0,0.0,5.0
2458618.082963518,2448393.486298815,6898.541070000236,2417553.9632878257,9119.659514816745,2417553.9632878257,9119.659514816745,19.51044110303324,0.0838588956343411,0.9434287578217552,1.3855194086576926e-08,12.0,2662.3666015625,43.98650494363798,904.1126048852904,626.4687056378552,0.0
2457944.9861494647,0.0,0.0,0.0,0.0,0.0,0.0,0.0,0.0,0.0,0.0,12.0,0.0,0.0,0.0,0.0,5.0
2458619.0802510246,2484792.2828193665,9273.873896496616,2459097.262575023,11778.878353606806,2459097.262575023,11778.878353606806,19.81414181226501,0.1000173092875504,0.9507124756248742,7.247692298228291e-09,12.0,3976.489013671875,45.056634212958585,904.1126048852904,626.4687056378552,0.0
2457946.1463383017,0.0,0.0,0.0,0.0,0.0,0.0,0.0,0.0,0.0,0.0,12.0,0.0,0.0,0.0,0.0,5.0
2458630.1831860854,2493020.9687957955,6909.132353009802,2468488.9677119213,9499.457433918527,2468488.9677119213,9499.457433918527,19.882799515430428,0.0860909299705634,0.99186742907691,1.4164916195489888e-08,12.0,1075.0643798828123,27.824927371301417,904.1126048852904,626.4687056378552,0.0
2457947.989530697,2461970.9572210666,11814.553394947587,2433050.435479368,14317.311108972854,2433050.435479368,14317.311108972854,19.623727473540946,0.1163742527617901,0.3435288703943853,8.53175996717965e-09,12.0,1484.7953125,24.941476764478896,904.1126048852904,626.4687056378552,4.0
2458631.087592088,2467814.2410071096,5280.686365096269,2439719.5924391733,7769.479361276475,2439719.5924391733,7769.479361276475,19.67248209181689,0.0762509591556567,0.9675678295592142,1.3084040176133609e-08,12.0,553.5442260742187,23.68586773086068,904.1126048852904,626.4687056378552,0.0
2457948.1289136466,0.0,0.0,0.0,0.0,0.0,0.0,0.0,0.0,0.0,0.0,12.0,0.0,0.0,0.0,0.0,5.0
2458639.0266503035,2415714.8343363693,3896.2496527372155,2380256.603249798,6048.406502299201,2380256.603249798,6048.406502299201,19.237780171177185,0.0673933694726263,0.8936180114058964,1.3040403344172733e-08,12.0,572.9298828125,25.855177757971692,904.1126048852904,626.4687056378552,0.0
2457948.172270147,0.0,0.0,0.0,0.0,0.0,0.0,0.0,0.0,0.0,0.0,12.0,0.0,0.0,0.0,0.0,5.0
2458641.173491283,2440967.2803035616,4367.686583450127,2409078.158378865,6706.950611455445,2409078.158378865,6706.950611455445,19.44847905364553,0.0706498224601616,0.9613192683993912,8.865648853464414e-09,12.0,567.706396484375,24.308383232557706,904.1126048852904,626.4687056378552,0.0
2457956.0104826195,2486580.0191964046,9065.917983770825,2461137.6725461585,11578.588795761687,2461137.6725461585,11578.588795761687,19.82905815174671,0.0987598299579052,0.478614944904388,7.779044778381751e-09,12.0,478.5422729492188,19.791025370446985,904.1126048852904,626.4687056378552,4.0
2458642.0284965187,0.0,0.0,0.0,0.0,0.0,0.0,0.0,0.0,0.0,0.0,12.0,0.0,0.0,0.0,0.0,5.0
2457957.1453660387,2479813.998279643,9865.730265619277,2453415.361404091,12357.183797782958,2453415.361404091,12357.183797782958,19.77260448988079,0.1036785934873681,0.4431563101589242,1.4221657357199925e-08,12.0,476.5154724121094,22.02986151109049,904.1126048852904,626.4687056378552,4.0
2458647.005110478,0.0,0.0,0.0,0.0,0.0,0.0,0.0,0.0,0.0,0.0,12.0,0.0,0.0,0.0,0.0,5.0
2457957.8710208223,0.0,0.0,0.0,0.0,0.0,0.0,0.0,0.0,0.0,0.0,12.0,0.0,0.0,0.0,0.0,5.0
2458667.9473700933,2475656.902062389,11089.659913120757,2448670.712986345,13618.141197654604,2448670.712986345,13618.141197654604,19.737918918097897,0.1118014734618693,0.2080139280562881,1.3949798318243258e-08,12.0,135.53460388183595,9.266632336602202,904.1126048852904,626.4687056378552,0.0
2457958.9230573303,0.0,0.0,0.0,0.0,0.0,0.0,0.0,0.0,0.0,0.0,12.0,0.0,0.0,0.0,0.0,5.0
2457845.1135790427,2461978.0938428864,9098.798210018407,2433058.580771095,11445.598302624863,2433058.580771095,11445.598302624863,19.623787019386288,0.0979237870541689,0.3006273024509705,5.645072636879054e-09,12.0,476.1008911132813,14.568710456007398,904.1126048852904,626.4687056378552,4.0
2457959.044572547,0.0,0.0,0.0,0.0,0.0,0.0,0.0,0.0,0.0,0.0,12.0,0.0,0.0,0.0,0.0,5.0
2457845.1271590097,-1176565338.3168216,-1176565338.3168216,-1176565338.3168216,-1176565338.3168216,-1176565338.3168216,-1176565338.3168216,0.0,0.0,0.0271379306496238,-9999.99,12.0,-9999.99,-9999.99,-9999.99,-9999.99,5.0
2457960.037595801,0.0,0.0,0.0,0.0,0.0,0.0,0.0,0.0,0.0,0.0,12.0,0.0,0.0,0.0,0.0,5.0
2457852.129122042,0.0,0.0,0.0,0.0,0.0,0.0,0.0,0.0,0.0,0.0,12.0,0.0,0.0,0.0,0.0,5.0
2457960.1612487924,0.0,0.0,0.0,0.0,0.0,0.0,0.0,0.0,0.0,0.0,12.0,0.0,0.0,0.0,0.0,5.0
2457871.26996304,2429689.5955260415,7459.404794208731,2396206.5175894615,9544.063799671649,2396206.5175894615,9544.063799671649,19.35438141326087,0.0863431780319635,0.414184511180418,7.592265946448979e-09,12.0,548.8388671875,23.69601294215145,904.1126048852904,626.4687056378552,4.0
2457960.967109791,0.0,0.0,0.0,0.0,0.0,0.0,0.0,0.0,0.0,0.0,12.0,0.0,0.0,0.0,0.0,5.0
2457888.996774582,0.0,0.0,0.0,0.0,0.0,0.0,0.0,0.0,0.0,0.0,12.0,0.0,0.0,0.0,0.0,5.0
2457961.065827573,2444984.6184212863,6407.680965034363,2413663.2956832894,8612.656474783478,2413663.2956832894,8612.656474783478,19.48199852550192,0.0809428897604675,0.444816853028484,8.224914381788651e-09,12.0,480.2364990234376,17.40302804883084,904.1126048852904,626.4687056378552,4.0
2457890.190124734,0.0,0.0,0.0,0.0,0.0,0.0,0.0,0.0,0.0,0.0,12.0,0.0,0.0,0.0,0.0,5.0
2457967.0059994785,0.0,0.0,0.0,0.0,0.0,0.0,0.0,0.0,0.0,0.0,12.0,0.0,0.0,0.0,0.0,5.0
2457895.1470477087,2465982.511630786,7199.526347194464,2437628.9716228833,9554.127500402232,2437628.9716228833,9554.127500402232,19.657198687861605,0.0864084503407877,0.4271310831072591,1.0735075746070522e-08,12.0,493.1066223144531,15.217680593073627,904.1126048852904,626.4687056378552,4.0
2457967.88324862,0.0,0.0,0.0,0.0,0.0,0.0,0.0,0.0,0.0,0.0,12.0,0.0,0.0,0.0,0.0,5.0
2457896.0265440303,2469066.7558423597,9506.051063514573,2441149.1341723213,11914.075360500367,2441149.1341723213,11914.075360500367,19.68293270228073,0.1008669241374049,0.415295602402175,8.644255703379268e-09,12.0,498.88764648437495,21.786301127105904,904.1126048852904,626.4687056378552,4.0
2457968.120086344,0.0,0.0,0.0,0.0,0.0,0.0,0.0,0.0,0.0,0.0,12.0,0.0,0.0,0.0,0.0,5.0
2457900.107550699,2476675.6988371857,8605.64717008521,2449833.5036105993,11040.096331494598,2449833.5036105993,11040.096331494598,19.746419454726727,0.0954056506135413,0.4504175772407716,7.296219351495685e-09,12.0,492.76906127929686,18.675596390477438,904.1126048852904,626.4687056378552,4.0
2457971.915781674,0.0,0.0,0.0,0.0,0.0,0.0,0.0,0.0,0.0,0.0,12.0,0.0,0.0,0.0,0.0,5.0
2457900.981291658,2470340.0778885605,7713.624563864354,2442602.4239486577,10096.263186333053,2442602.4239486577,10096.263186333053,19.693556921911,0.089643139888375,0.4158735214781777,1.0486616346642412e-08,12.0,463.7436950683594,15.60284146194246,904.1126048852904,626.4687056378552,4.0
2457973.943420429,-1176565338.3168216,-1176565338.3168216,-1176565338.3168216,-1176565338.3168216,-1176565338.3168216,-1176565338.3168216,0.0,0.0,0.4727298743808066,-9999.99,12.0,-9999.99,-9999.99,-9999.99,-9999.99,5.0
2457902.1478920267,2437374.9625550164,7236.707678300344,2404978.112618335,9373.312427735404,2404978.112618335,9373.312427735404,19.418505825069055,0.0853387867278024,0.4272611726609786,1.1065444757173885e-08,12.0,501.5720947265625,21.67031073307776,904.1126048852904,626.4687056378552,4.0
2457976.0876485566,2423175.2284444105,10507.201983256997,2388771.428322538,12710.991880445525,2388771.428322538,12710.991880445525,19.30002747598796,0.1059322866727737,0.436140188030237,7.235053416580285e-09,12.0,3399.088427734375,40.38145241159631,904.1126048852904,626.4687056378552,4.0
2457902.1636012094,2472988.2169822757,10216.521360521203,2445624.8435185533,12680.837199726742,2445624.8435185533,12680.837199726742,19.71565220521115,0.1057454945085786,0.435925051494581,1.2393036963599842e-08,12.0,496.9152709960938,24.385957358322575,904.1126048852904,626.4687056378552,4.0
2457977.914858011,2459279.5533235655,8404.78836461438,2429978.636180907,10713.353263520148,2429978.636180907,10713.353263520148,19.60127120161342,0.093390766512243,0.4565888486976575,8.385919570078507e-09,12.0,507.3659301757813,22.805879623070023,904.1126048852904,626.4687056378552,4.0
2457903.0525816567,2456811.6076745098,8405.612163613332,2427161.8780865734,10697.198757267179,2427161.8780865734,10697.198757267179,19.5806793987075,0.0932913604980009,0.4403312935717469,6.6245241287267695e-09,12.0,495.1512145996094,22.52998770186328,904.1126048852904,626.4687056378552,4.0
2457978.0988751333,2429724.6982207317,8794.717522625844,2396246.581599557,10925.519049071267,2396246.581599557,10925.519049071267,19.35467429968274,0.0946910358512594,0.4442678131120928,9.798863705168425e-09,12.0,1935.529760742188,31.566376488053297,904.1126048852904,626.4687056378552,4.0
2457918.053941553,-1176565338.3168216,-1176565338.3168216,-1176565338.3168216,-1176565338.3168216,-1176565338.3168216,-1176565338.3168216,0.0,0.0,0.4212851212169377,-9999.99,12.0,-9999.99,-9999.99,-9999.99,-9999.99,5.0
2457979.9292340865,2488618.8410537313,7908.138092972973,2463464.655707932,10430.551768129397,2463464.655707932,10430.551768129397,19.846069473638025,0.0916690649744718,0.4915843962537401,1.1754250403345316e-08,12.0,492.618408203125,15.878647708353135,904.1126048852904,626.4687056378552,4.0
2457920.158336769,2480273.0772189978,27155.60713235502,2453939.3252599635,31410.06711853468,2453939.3252599635,31410.06711853468,19.776434907718823,0.235191096530418,0.1969662281064058,1.1805421417376281e-08,12.0,2963.555126953125,29.979458744054327,904.1126048852904,626.4687056378552,4.0
2457980.940957155,2461014.5413939497,7315.402561292119,2431958.842549187,9629.400961751346,2431958.842549187,9629.400961751346,19.615747424946424,0.0868529868267643,0.4799975371364685,1.4146836243408096e-08,12.0,483.3288024902344,19.44632471638036,904.1126048852904,626.4687056378552,4.0
2457927.986949532,2453996.92979401,86417.84165184454,2423949.381609648,98743.26156957656,2423949.381609648,98743.26156957656,19.557194565408576,0.7236490432455712,0.0272212675275713,1.4013336258353757e-08,12.0,298.6546203613281,14.11734655445748,904.1126048852904,626.4687056378552,4.0
2457984.970118601,2472954.058972713,8317.333736061159,2445585.8577127038,10721.286252164566,2445585.8577127038,10721.286252164566,19.715367200960404,0.0934416643980412,0.459042451465658,1.0382583976187228e-08,12.0,521.75283203125,19.374388041700577,904.1126048852904,626.4687056378552,4.0
2457931.042491137,2376287.056065629,4481.127130124386,2335256.214514264,6200.989468868923,2335256.214514264,6200.989468868923,18.908806541032693,0.0681250204281451,0.4318813936868389,7.517214446433014e-09,12.0,500.0609130859375,21.719361076077814,904.1126048852904,626.4687056378552,6.0
2457940.090572787,0.0,0.0,0.0,0.0,0.0,0.0,0.0,0.0,0.0,0.0,12.0,0.0,0.0,0.0,0.0,5.0
2457985.9171786644,2441394.925437415,5769.125068354657,2409566.245664234,7971.701162538494,2409566.245664234,7971.701162538494,19.452047197179557,0.0773535158136457,0.4875159680585079,7.0387285813984035e-09,12.0,498.1213928222657,17.346829399684466,904.1126048852904,626.4687056378552,4.0
2457940.916385328,0.0,0.0,0.0,0.0,0.0,0.0,0.0,0.0,0.0,0.0,12.0,0.0,0.0,0.0,0.0,5.0
2457987.958689592,2482313.77976587,9051.98884654071,2456268.454922615,11534.557395343509,2456268.454922615,11534.557395343509,19.79346192152315,0.0984833475787879,0.4671768399673629,1.035965440034235e-08,12.0,499.8369689941407,20.21574674573913,904.1126048852904,626.4687056378552,4.0
2457940.986776967,0.0,0.0,0.0,0.0,0.0,0.0,0.0,0.0,0.0,0.0,12.0,0.0,0.0,0.0,0.0,5.0
2458673.93125104,0.0,0.0,0.0,0.0,0.0,0.0,0.0,0.0,0.0,0.0,12.0,0.0,0.0,0.0,0.0,5.0
2457989.025557646,2461057.1850454924,6698.402122635625,2432007.5133336084,9025.980290240725,2432007.5133336084,9025.980290240725,19.61610323086462,0.083317669848701,0.4523908139695308,8.516026681428141e-09,12.0,488.3657653808594,15.563829960667904,904.1126048852904,626.4687056378552,4.0
2457989.0701884767,2430000.794159437,6496.746622496572,2396561.70015594,8580.749587193386,2396561.70015594,8580.749587193386,19.356977961902828,0.0807591831139723,0.417573951291883,1.2373520844229442e-08,12.0,489.05451660156245,19.635991523422565,904.1126048852904,626.4687056378552,4.0
2457990.962404484,2442497.4657952543,6530.427719963597,2410824.6159522766,8711.9898661708,2410824.6159522766,8711.9898661708,19.461246465304903,0.0815086192381696,0.4518793973067026,8.335875796951807e-09,12.0,511.7742980957031,18.864467978031957,904.1126048852904,626.4687056378552,4.0
2457991.9398426902,0.0,0.0,0.0,0.0,0.0,0.0,0.0,0.0,0.0,0.0,12.0,0.0,0.0,0.0,0.0,5.0
2457991.983090832,0.0,0.0,0.0,0.0,0.0,0.0,0.0,0.0,0.0,0.0,12.0,0.0,0.0,0.0,0.0,5.0
2457996.0179780326,0.0,0.0,0.0,0.0,0.0,0.0,0.0,0.0,0.0,0.0,12.0,0.0,0.0,0.0,0.0,5.0
2457997.000529866,-1176565338.3168216,-1176565338.3168216,-1176565338.3168216,-1176565338.3168216,-1176565338.3168216,-1176565338.3168216,0.0,0.0,0.4603694380749072,-9999.99,12.0,-9999.99,-9999.99,-9999.99,-9999.99,7.0
2457998.0093841194,2654827.583392641,89336.63967205878,2653164.87074759,102266.2307734775,2653164.87074759,102266.2307734775,21.232865679945142,0.7493482449659087,0.4560517014513102,1.1598927237051294e-08,12.0,9697.465234375,60.35156078384957,904.1126048852904,626.4687056378552,4.0
2457998.878956649,-1176565338.3168216,-1176565338.3168216,-1176565338.3168216,-1176565338.3168216,-1176565338.3168216,-1176565338.3168216,0.0,0.0,0.4797411768762037,-9999.99,12.0,-9999.99,-9999.99,-9999.99,-9999.99,5.0
2458000.024830103,0.0,0.0,0.0,0.0,0.0,0.0,0.0,0.0,0.0,0.0,12.0,0.0,0.0,0.0,0.0,5.0
2458000.941678299,2515073.476935263,21208.69479108174,2493658.3148675053,24855.398602619436,2493658.3148675053,24855.398602619436,20.066799070429845,0.1886963521455057,0.4715537637584871,7.967234043145777e-09,12.0,5384.49267578125,43.077993183464734,904.1126048852904,626.4687056378552,4.0
2458001.9976222483,2762447.469548323,184668.01881904824,2775995.446678716,210986.81491785147,2775995.446678716,210986.81491785147,22.13081393310972,1.5432552709309977,0.446985034883667,1.4125304787426691e-08,12.0,7485.93466796875,52.14490517153466,904.1126048852904,626.4687056378552,4.0
2458003.010373791,2597502.4204845913,51535.11892979668,2587737.531741161,59228.160167011156,2587737.531741161,59228.160167011156,20.75456160683737,0.4359699976059727,0.4241460326832303,1.0470926395748132e-08,12.0,8593.8271484375,50.24636987794384,904.1126048852904,626.4687056378552,4.0
2458003.913090908,2459645.5244800504,10523.591659959935,2430396.3326636944,12925.697189645938,2430396.3326636944,12925.697189645938,19.60432475586266,0.1073162849071933,0.4549543584740213,7.517263116052426e-09,12.0,2849.1941894531246,30.37709105486377,904.1126048852904,626.4687056378552,4.0
2458004.97894146,2438863.4438981633,10365.551305806113,2406676.97169701,12641.432482925551,2406676.97169701,12641.432482925551,19.430925269743195,0.1054883457734419,0.4159023932594943,1.075858779130314e-08,12.0,2965.888525390625,32.787485876796815,904.1126048852904,626.4687056378552,4.0
2458007.023153397,2421248.3703874894,7219.323645565258,2386572.233607476,9241.209313408994,2386572.233607476,9241.209313408994,19.28395034667559,0.0845629728480753,0.4208259319240718,6.923866265475417e-09,12.0,1759.43720703125,25.207540622954337,904.1126048852904,626.4687056378552,4.0
2458007.9369797097,2502977.117706726,21453.44589643516,2479852.290499837,25085.47625289352,2479852.290499837,25085.47625289352,19.965870654438,0.1903153252700067,0.1939808102184219,9.07279976118065e-09,12.0,536.9340942382812,17.71553263942283,904.1126048852904,626.4687056378552,4.0
2458011.9616815336,2438783.435589525,7676.6918193441525,2406585.6552407285,9828.493075385853,2406585.6552407285,9828.493075385853,19.43025770426301,0.0880332389430402,0.4208977500328322,7.826346604168767e-09,12.0,521.9466064453125,22.734205659846808,904.1126048852904,626.4687056378552,4.0
2458013.009408121,2428073.323002543,7417.334354214268,2394361.805687093,9490.025667504759,2394361.805687093,9490.025667504759,19.340895717067024,0.0860240400461238,0.39568195618509,1.4183905478209212e-08,12.0,522.6188720703126,22.597667110141327,904.1126048852904,626.4687056378552,4.0
2458013.8877972914,2463970.4828590904,7964.562576790057,2435332.5684055486,10299.970928396426,2435332.5684055486,10299.970928396426,19.64041091949092,0.0908721244607014,0.4415118544458635,7.775719527026207e-09,12.0,542.2881103515625,19.3083252542822,904.1126048852904,626.4687056378552,4.0
2458016.9634929723,2466438.204289826,9845.935338013374,2438149.0705911764,12252.025567381947,2438149.0705911764,12252.025567381947,19.661000851586003,0.1030073737861508,0.3769218629774871,9.113972791538876e-09,12.0,488.723974609375,20.9471267197431,904.1126048852904,626.4687056378552,4.0
2458018.9011812177,2463770.5897907037,15273.297668442046,2435104.423017259,18091.45224954895,2435104.423017259,18091.45224954895,19.638743071307943,0.1417035536615804,0.1768669934817682,1.1139706836723211e-08,12.0,434.4541381835937,14.931221197663504,904.1126048852904,626.4687056378552,4.0
2458020.9560668287,0.0,0.0,0.0,0.0,0.0,0.0,0.0,0.0,0.0,0.0,12.0,0.0,0.0,0.0,0.0,5.0
2458022.8869151277,2562749.0478801844,41428.806358162125,2548072.215924216,47715.04650987905,2548072.215924216,47715.04650987905,20.4645898243309,0.3525146809871514,0.3445391845969339,1.0566600395586356e-08,12.0,3277.006396484375,42.81359437689331,904.1126048852904,626.4687056378552,4.0
2458027.941998476,-1176565338.3168216,-1176565338.3168216,-1176565338.3168216,-1176565338.3168216,-1176565338.3168216,-1176565338.3168216,0.0,0.0,0.4372910838843964,-9999.99,12.0,-9999.99,-9999.99,-9999.99,-9999.99,5.0
2458033.9240542785,0.0,0.0,0.0,0.0,0.0,0.0,0.0,0.0,0.0,0.0,12.0,0.0,0.0,0.0,0.0,5.0
2458036.933688563,0.0,0.0,0.0,0.0,0.0,0.0,0.0,0.0,0.0,0.0,12.0,0.0,0.0,0.0,0.0,5.0
2458039.921029467,2358951.0649816003,5118.122085677138,2315470.0035707965,6685.394961275694,2315470.0035707965,6685.394961275694,18.7641601985504,0.0705293109929381,0.3798310379725851,8.314505148229971e-09,12.0,617.4184692382812,26.669588894966108,904.1126048852904,626.4687056378552,4.0
2458041.9259146564,2538675.8217417332,128182.32255768798,2520596.548213246,146422.88520769923,2520596.548213246,146422.88520769923,20.26373000063822,1.0716284230416016,0.034031119963714,1.0920933779334023e-08,12.0,404.8892639160157,13.220279077388556,904.1126048852904,626.4687056378552,4.0
2458044.895612405,2462481.227993813,8150.521141734909,2433632.8264773143,10477.089341015255,2433632.8264773143,10477.089341015255,19.62798502077868,0.0919476345741427,0.4265120238266886,8.735329030346966e-09,12.0,706.7374389648437,19.42226777858033,904.1126048852904,626.4687056378552,4.0
2458178.1985063865,0.0,0.0,0.0,0.0,0.0,0.0,0.0,0.0,0.0,0.0,12.0,0.0,0.0,0.0,0.0,5.0
2458187.2788760136,-1176565338.3168216,-1176565338.3168216,-1176565338.3168216,-1176565338.3168216,-1176565338.3168216,-1176565338.3168216,0.0,0.0,0.3700577695580271,-9999.99,12.0,-9999.99,-9999.99,-9999.99,-9999.99,5.0
2458195.272720963,2479084.649050529,11314.347628355026,2452582.9280214976,13876.305195932766,2452582.9280214976,13876.305195932766,19.766519017301107,0.113485784994291,0.4024721617745685,1.1652570190829876e-08,12.0,536.0736206054687,23.92412844365428,904.1126048852904,626.4687056378552,4.0
2458202.290294262,0.0,0.0,0.0,0.0,0.0,0.0,0.0,0.0,0.0,0.0,12.0,0.0,0.0,0.0,0.0,5.0
2458207.253066556,0.0,0.0,0.0,0.0,0.0,0.0,0.0,0.0,0.0,0.0,12.0,0.0,0.0,0.0,0.0,5.0
2458208.20112667,2540480.657714838,28767.267957756787,2522656.474588908,33384.89681857798,2522656.474588908,33384.89681857798,20.278789014052844,0.2493103862673552,0.3894978312573023,9.000343291805763e-09,12.0,4946.811816406251,39.55422584847473,904.1126048852904,626.4687056378552,4.0
2458210.270712837,0.0,0.0,0.0,0.0,0.0,0.0,0.0,0.0,0.0,0.0,12.0,0.0,0.0,0.0,0.0,5.0
2458211.294159046,2531590.5577195436,23773.675314589404,2512509.873049786,27768.651056087074,2512509.873049786,27768.651056087074,20.204612669453443,0.2092848744752236,0.3904874774230769,7.694011248583234e-09,12.0,3915.4688476562505,34.550801119618946,904.1126048852904,626.4687056378552,4.0
2458214.298403596,-1176565338.3168216,-1176565338.3168216,-1176565338.3168216,-1176565338.3168216,-1176565338.3168216,-1176565338.3168216,0.0,0.0,0.3892586454935947,-9999.99,12.0,-9999.99,-9999.99,-9999.99,-9999.99,5.0
2458215.229510459,0.0,0.0,0.0,0.0,0.0,0.0,0.0,0.0,0.0,0.0,12.0,0.0,0.0,0.0,0.0,5.0
2458215.2885603686,0.0,0.0,0.0,0.0,0.0,0.0,0.0,0.0,0.0,0.0,12.0,0.0,0.0,0.0,0.0,5.0
2458224.160903838,2437587.1606773115,7592.02033044827,2405220.302221985,9734.033426871747,2405220.302221985,9734.033426871747,19.42027634295424,0.0874703644284397,0.3633437290275976,9.136064140797541e-09,12.0,505.2662658691406,19.082747839622535,904.1126048852904,626.4687056378552,4.0
2458230.251486007,2448890.511803654,9016.800547112363,2418121.23696923,11276.303573518731,2418121.23696923,11276.303573518731,19.514588135703413,0.0968664548641241,0.3146411969319782,8.261421916543477e-09,12.0,474.2243835449219,17.901095136083743,904.1126048852904,626.4687056378552,4.0
2458231.141027427,2474857.5417063166,10407.917136559898,2447758.3733024825,12893.299660077048,2447758.3733024825,12893.299660077048,19.73124929354222,0.1071100085283208,0.3200529073360754,1.0065300760317867e-08,12.0,465.1996276855468,16.653167741148803,904.1126048852904,626.4687056378552,4.0
2458232.2126906663,2476475.805532239,10204.735264288003,2449605.357952315,12689.96867715233,2449605.357952315,12689.96867715233,19.744751604569963,0.1058045542944543,0.3462878456472451,8.579237476898692e-09,12.0,459.9479248046875,17.609011723737403,904.1126048852904,626.4687056378552,4.0
2458235.1299714018,2440889.308192599,13843.86588959701,2408989.1659106705,16424.936328257994,2408989.1659106705,16424.936328257994,19.44782847759185,0.130403605304928,0.3434518271911924,8.258773888768625e-09,12.0,2335.537451171875,36.45880355257776,904.1126048852904,626.4687056378552,6.0
2458251.1527270377,2486592.723530318,9646.41461840587,2461152.172474629,12174.38933703263,2461152.172474629,12174.38933703263,19.829164152922257,0.1025174605198338,0.3945769808109818,1.0149839068683183e-08,12.0,482.8277587890625,17.00900192734763,904.1126048852904,626.4687056378552,4.0
2458252.2463375097,2459323.5007778783,8486.571104545175,2430028.7950438894,10797.312513398116,2430028.7950438894,10797.312513398116,19.601637886073323,0.0939060988587712,0.3925650397670465,1.3918717552107877e-08,12.0,486.2847778320313,19.284594086281206,904.1126048852904,626.4687056378552,4.0
2458254.0798993423,2403924.8293828103,17034.069986652394,2366800.2324023,19833.007306795247,2366800.2324023,19833.007306795247,19.139407883944543,0.1536494569671488,0.1216230306934626,1.0510378778472333e-08,12.0,463.4237426757812,19.8544920234198,904.1126048852904,626.4687056378552,6.0
2458255.1770653846,2483923.2817269634,9966.282102925496,2458105.4393304726,12488.220276316595,2458105.4393304726,12488.220276316595,19.80689112616232,0.1045149762515395,0.4122061156241441,1.022336385717076e-08,12.0,484.3453857421876,19.56615471925569,904.1126048852904,626.4687056378552,4.0
2458264.0527368784,2500590.23291848,19104.23199952408,2477128.0501786987,22466.839242923346,2477128.0501786987,22466.839242923346,19.94595519919387,0.1719447875074151,0.3956661139192036,1.0775575735509512e-08,12.0,2577.8790039062496,36.04934000341536,904.1126048852904,626.4687056378552,4.0
2458265.052733758,2524991.8454266083,19541.323268803648,2504978.51745838,23044.978610811224,2504978.51745838,23044.978610811224,20.149554980877127,0.1759890871486661,0.439374684941898,7.946783157496165e-09,12.0,3950.4122070312505,33.210870306219626,904.1126048852904,626.4687056378552,4.0
2458304.02368238,2459229.089804419,5651.773978287132,2429921.040290952,8022.381239243493,2429921.040290952,8022.381239243493,19.600850149050693,0.0776362503345522,0.9702144947192094,9.135425041155344e-09,12.0,549.8119140625,30.262045583105376,904.1126048852904,626.4687056378552,0.0
2458305.9387936587,2440322.7440919797,4681.629100821935,2408342.525245387,6971.003579294632,2408342.525245387,6971.003579294632,19.44310123560496,0.0720027789524995,0.8917004376470195,8.75017321508356e-09,12.0,524.6388671875,25.503527488477257,904.1126048852904,626.4687056378552,0.0
2458309.927752703,2470363.3918605866,5597.260031171087,2442629.033051432,8077.2250304554955,2442629.033051432,8077.2250304554955,19.69375144674468,0.0779417502355112,0.9296713775910668,7.097258343788998e-09,12.0,519.6295654296875,24.33938273814236,904.1126048852904,626.4687056378552,0.0
2458311.0560593377,2457326.171842165,5283.217099105053,2427749.169295702,7669.932779911445,2427749.169295702,7669.932779911445,19.584972768752685,0.07570834268943,0.9606120488198072,1.0594062015553552e-08,12.0,509.3072937011719,27.41408093743252,904.1126048852904,626.4687056378552,0.0
2458312.0516006025,2462508.5578441187,4829.89615640777,2433664.0190512245,7322.924437749889,2433664.0190512245,7322.924437749889,19.62821305290376,0.0738502754001406,0.9647380678659592,5.8590866558944006e-09,12.0,508.1884399414063,21.37052909561036,904.1126048852904,626.4687056378552,0.0
2458312.920613721,2452500.248340323,4589.520859582795,2422241.1634400464,7014.474205213702,2422241.1634400464,7014.474205213702,19.544706701456214,0.0722303613655725,0.9236185012270473,9.55331272625072e-09,12.0,508.8979187011719,21.47306298825369,904.1126048852904,626.4687056378552,0.0
2458313.097183276,2438893.3032274107,4706.812314645463,2406711.0512592485,6978.975980028488,2406711.0512592485,6978.975980028488,19.43117440708664,0.0720437804977873,0.9260065858438824,1.299115684523237e-08,12.0,510.88080444335935,27.499423153450568,904.1126048852904,626.4687056378552,0.0
2458313.916857118,2452880.5366515745,4872.393087795056,2422675.2006236855,7262.534185987555,2422675.2006236855,7262.534185987555,19.547879713777483,0.0735289516036763,0.9361526305760516,1.2788440137789931e-08,12.0,517.5297607421876,24.31657708458613,904.1126048852904,626.4687056378552,0.0
2458314.9139549443,2422564.513088013,3935.7674516711863,2388074.3961880896,6152.623685907601,2388074.3961880896,6152.623685907601,19.29493184908251,0.0678968128701522,0.9384839710562976,9.132761022911076e-09,12.0,512.7548950195312,25.36242988451385,904.1126048852904,626.4687056378552,0.0
2458317.0208146214,2470184.2815908915,5246.988496102538,2442424.607843715,7763.115353047898,2442424.607843715,7763.115353047898,19.692257004039515,0.0762167979130208,0.9616077226686915,1.0362595430405078e-08,12.0,511.1740051269532,22.272729787249293,904.1126048852904,626.4687056378552,0.0
2458317.906420188,2488954.532546185,6974.364183320176,2463847.7928847694,9526.206039869588,2463847.7928847694,9526.206039869588,19.848870383395663,0.0862479144669188,0.9164025661614312,7.68543504758425e-09,12.0,973.2370483398436,27.364195712207653,904.1126048852904,626.4687056378552,0.0
2458330.0366029595,0.0,0.0,0.0,0.0,0.0,0.0,0.0,0.0,0.0,0.0,12.0,0.0,0.0,0.0,0.0,5.0
2458330.871330614,2475169.269949254,5853.482975024092,2448114.160332016,8355.221913170844,2448114.160332016,8355.221913170844,19.73385026108833,0.0794934353580683,0.9012514663660652,1.4246142841732352e-08,12.0,547.9081787109375,23.81675867195769,904.1126048852904,626.4687056378552,0.0
2458332.0131753925,2473575.380846393,7216.433019634934,2446294.995459533,9631.501500543247,2446294.995459533,9631.501500543247,19.720551325484717,0.0868676789984128,0.9604411276499624,1.029180772527462e-08,12.0,1481.3444335937502,36.5618494215912,904.1126048852904,626.4687056378552,0.0
2458332.8642773377,2460742.925788614,5563.955801288456,2431648.837563798,7956.151659060317,2431648.837563798,7956.151659060317,19.61348114529258,0.0772714467056835,0.9323586501594184,1.2478469300230515e-08,12.0,776.0001586914062,27.578598484176787,904.1126048852904,626.4687056378552,0.0
2458335.9109124457,2470724.6377942627,5351.678022459251,2443041.3364618067,7860.9531676372735,2443041.3364618067,7860.9531676372735,19.696765575143203,0.0767509702361098,0.9497637760166656,9.497093809293641e-09,12.0,505.0947448730469,22.70266959359004,904.1126048852904,626.4687056378552,0.0
2458337.897892475,2463448.1510723084,4920.818821711594,2434736.4117240123,7410.87814826583,2434736.4117240123,7410.87814826583,19.63605273874694,0.074317883803044,0.9479341328664348,8.248340904486863e-09,12.0,509.49269409179686,21.347130243626268,904.1126048852904,626.4687056378552,0.0
2458338.9429549626,2472187.398996603,5563.546134482301,2444710.8401878495,8064.316482401178,2444710.8401878495,8064.316482401178,19.70897041862853,0.0778706542049523,0.9589492190412794,8.915403977464909e-09,12.0,500.2244812011719,24.275078027371247,904.1126048852904,626.4687056378552,0.0
2458339.939406267,2463132.584325472,4762.580697782673,2434376.243667317,7271.703606646001,2434376.243667317,7271.703606646001,19.633419743868387,0.0735794191418454,0.9501883230483144,1.0052385310489628e-08,12.0,498.6502075195313,20.09642922075321,904.1126048852904,626.4687056378552,0.0
2458339.9711400988,2459094.6114165112,4794.518235510652,2429767.5551087297,7257.635158488967,2429767.5551087297,7257.635158488967,19.59972810146428,0.0735043253930183,0.9499586320635068,1.3484613473351303e-08,12.0,500.2064147949218,21.84782046271778,904.1126048852904,626.4687056378552,0.0
2458340.870585536,2476546.8786276295,6094.848274755381,2449686.4763176297,8589.6824898336,2449686.4763176297,8589.6824898336,19.74534461729404,0.0808181592572555,0.9408128746582528,8.404057802983517e-09,12.0,580.0867553710937,26.39366638544737,904.1126048852904,626.4687056378552,0.0
2458341.8703006567,0.0,0.0,0.0,0.0,0.0,0.0,0.0,0.0,0.0,0.0,12.0,0.0,0.0,0.0,0.0,5.0
2458343.0294540795,2463714.716002264,4891.152481097686,2435040.6521858727,7387.964797633058,2435040.6521858727,7387.964797633058,19.638276877070787,0.074195916093115,0.8931093680412342,1.4234884904156931e-08,12.0,497.02015380859376,19.57091255893977,904.1126048852904,626.4687056378552,0.0
2458344.860176432,2475334.7386170565,7110.308852377875,2448303.0158724813,9542.537899328248,2448303.0158724813,9542.537899328248,19.735230882333287,0.0863416939875224,0.8781861397207894,1.4206619067562078e-08,12.0,2437.61962890625,31.80419748403225,904.1126048852904,626.4687056378552,0.0
2458390.876143351,0.0,0.0,0.0,0.0,0.0,0.0,0.0,0.0,0.0,0.0,12.0,0.0,0.0,0.0,0.0,5.0
2458398.877090202,2464874.8221643222,8620.127638008651,2436364.724465793,10972.177628742598,2436364.724465793,10972.177628742598,19.64795645710862,0.0949840250609849,0.8845008836414642,9.213173264303744e-09,12.0,2895.7546875,46.27573800616656,904.1126048852904,626.4687056378552,0.0
2458686.023548548,2459962.7010828224,6286.471628000512,2430758.338108804,8621.936816954445,2430758.338108804,8621.936816954445,19.60697118289931,0.0809983071573743,0.9885687223420124,1.3457453596125352e-08,12.0,1835.061328125,36.057971472427965,904.1126048852904,626.4687056378552,0.0
2458687.9896472422,2470929.397543596,5184.9047838118895,2443275.0363739384,7716.030425624816,2443275.0363739384,7716.030425624816,19.69847402946146,0.0759609956256831,1.0242772882012592,9.076259857936329e-09,12.0,567.2566772460937,23.19900337115132,904.1126048852904,626.4687056378552,0.0
2458688.8896788494,2483897.1408570497,5866.513257935669,2458075.6037840755,8449.576453323962,2458075.6037840755,8449.576453323962,19.806673014535235,0.0800264669605432,0.9912787754402622,1.2514874815531373e-08,12.0,579.1983154296875,23.347623786970704,904.1126048852904,626.4687056378552,0.0
2458689.887335599,2475028.5357500035,5863.103174318422,2447953.5351598025,8362.687047352278,2447953.5351598025,8362.687047352278,19.732676016876663,0.0795353471579392,0.9749939010188148,1.3402357209812089e-08,12.0,549.3499389648437,26.148713277095155,904.1126048852904,626.4687056378552,0.0
2458691.9561366807,2466827.728116654,5369.225872727839,2438593.648611999,7838.545522117407,2438593.648611999,7838.545522117407,19.66425092229653,0.0766275981294997,1.0004063249016033,1.4248283396222662e-08,12.0,536.5814086914063,25.778328911677143,904.1126048852904,626.4687056378552,0.0
2458692.878520262,2469272.153145862,5726.844242973555,2441383.5617487193,8184.458860399371,2441383.5617487193,8184.458860399371,19.684646476160943,0.0785370985451914,0.966983682999029,9.665065987851951e-09,12.0,533.238720703125,26.96604550926196,904.1126048852904,626.4687056378552,0.0
2458694.069251671,2480311.2679280885,8438.750380574986,2453982.9137356672,10897.419029982408,2453982.9137356672,10897.419029982408,19.77675355961245,0.0945255670021834,0.5160467119746337,1.4143277426405822e-08,12.0,580.3773559570313,21.043654881425763,904.1126048852904,626.4687056378552,4.0
2458694.927836291,2463035.553133803,5290.690134830082,2434265.4983619484,7731.699239803056,2434265.4983619484,7731.699239803056,19.632610144525977,0.0760444858301048,0.9629314638250558,1.181132194930019e-08,12.0,552.017236328125,25.29217065266214,904.1126048852904,626.4687056378552,0.0
2458696.867566004,0.0,0.0,0.0,0.0,0.0,0.0,0.0,0.0,0.0,0.0,12.0,0.0,0.0,0.0,0.0,5.0
2458697.864766312,2474952.386944852,6270.948075748652,2447866.623698294,8738.946805136893,2447866.623698294,8738.946805136893,19.73204065394321,0.081668570422546,0.9431730782950524,1.0222719873969002e-08,12.0,764.27255859375,28.422800253310864,904.1126048852904,626.4687056378552,0.0
2458697.9466047864,2468038.236241352,5454.121798005501,2439975.2465251475,7926.177223199564,2439975.2465251475,7926.177223199564,19.67435104128795,0.0771080875247742,0.9464937600226848,6.971453579241215e-09,12.0,522.2716064453125,24.545336384880827,904.1126048852904,626.4687056378552,0.0
2458699.953493158,2464938.6097772084,3601.9491362139215,2436437.5276391488,6364.230121965702,2436437.5276391488,6364.230121965702,19.64848868193817,0.0689396173722427,1.0000222653246569,8.304580285675683e-09,12.0,567.5475830078125,0.059457835273033,904.1126048852904,626.4687056378552,0.0
2458700.0451025297,2466999.106074387,5615.8989485257625,2438789.2486446896,8062.177854584531,2438789.2486446896,8062.177854584531,19.66568084889537,0.0778577703179769,0.9696561339004324,9.137234379805434e-09,12.0,556.3962890625,27.047718172993687,904.1126048852904,626.4687056378552,0.0
2458717.9215847813,2478424.6744797328,5554.004787746919,2451829.6745148585,8116.155297372487,2451829.6745148585,8116.155297372487,19.761012386192775,0.0781592465394461,0.9625005440433664,7.339855079033595e-09,12.0,556.3741821289063,21.97588977465377,904.1126048852904,626.4687056378552,0.0
2458724.899117632,2478104.2007181332,5744.373030298623,2451463.9058998334,8283.90519803428,2451463.9058998334,8283.90519803428,19.7583384486456,0.0790941486148411,0.9567269395617836,7.869313655936822e-09,12.0,570.0375,23.515490547987117,904.1126048852904,626.4687056378552,0.0
2458727.8651252324,2471307.360672918,8487.01822790988,2443706.419741024,10881.418093004377,2443706.419741024,10881.418093004377,19.70162764115776,0.0944254518331317,0.9465550653385888,9.505850746544444e-09,12.0,2127.575390625,45.72728621716464,904.1126048852904,626.4687056378552,0.0
2458749.871774115,2469030.5554627795,7619.184303356177,2441107.8173336615,9992.349412138456,2441107.8173336615,9992.349412138456,19.682630657103317,0.0890184825329151,0.899668659872496,6.588081604606681e-09,12.0,2412.274951171875,38.59153282627207,904.1126048852904,626.4687056378552,0.0
2458749.8755697296,2472266.323296625,6338.080216480527,2444800.919424809,8778.014933340633,2444800.919424809,8778.014933340633,19.70962893946391,0.0818916533871926,0.90298197306079,1.3905056926422385e-08,12.0,1249.38291015625,28.48822620553346,904.1126048852904,626.4687056378552,0.0
2458751.872498225,2404029.598287344,48309.31582295267,2366919.809046945,55276.5493449974,2366919.809046945,55276.5493449974,19.14028204445681,0.4072848927145076,0.0552289626471808,5.5432969193848775e-09,12.0,2448.894287109375,27.02503532076338,904.1126048852904,626.4687056378552,4.0
2458751.8762789294,2503237.7663178905,9963.376033047607,2480149.778447173,12613.210637986731,2480149.778447173,12613.210637986731,19.968045428761272,0.1053173401273447,0.5424887287239053,1.3405351936719718e-08,12.0,1249.2796630859375,21.82493523878651,904.1126048852904,626.4687056378552,4.0
2458753.873222834,2491135.7867636895,28110.011489800097,2466337.3393929363,32512.506525954814,2466337.3393929363,32512.506525954814,19.86707011844726,0.2430666222705849,0.2602513690905452,1.4240581618311852e-08,12.0,2681.716015625,38.37255048530943,904.1126048852904,626.4687056378552,4.0
2458753.877006993,2462314.4713805234,18853.085605733373,2433442.5009567966,22050.411417669075,2433442.5009567966,22050.411417669075,19.626593653300464,0.169035473506729,0.2449034658522517,7.309521398300987e-09,12.0,1386.2177490234376,29.579448869594568,904.1126048852904,626.4687056378552,4.0
2457889.0008545164,2383454.4385709846,9401.18538647338,2251080.987425122,10696.802656796299,2251080.987425122,10696.802656796299,18.841788914119338,0.0960055420290276,0.4974250730998985,3.222853298581066e-09,12.0,10484.4609375,66.47806700258687,903.1360194576564,626.0974688556566,4.0
2458565.2761287848,2362196.0538558518,4432.752934348225,2228695.3480001655,6003.65548371603,2228695.3480001655,6003.65548371603,18.661363018329038,0.0642274168432631,0.8727989943006553,3.211319272598433e-09,12.0,5323.04736328125,64.94727293848727,903.1360194576564,626.0974688556566,0.0
2457871.274066617,2336299.147842258,3224.3499317032633,2201425.223387653,4834.801498489509,2201425.223387653,4834.801498489509,18.44156868643072,0.0574619969174656,0.5219503208953671,3.016312921315978e-09,12.0,1248.5625,33.48198269083549,903.1360194576564,626.0974688556566,4.0
2458573.202060757,2360960.885255018,2417.194967518336,2227394.6829074095,4540.251380061903,2227394.6829074095,4540.251380061903,18.650879794686027,0.0558818568911562,0.8215049832115413,2.885649976837818e-09,12.0,1755.0885009765625,32.33636378706149,903.1360194576564,626.0974688556566,0.0
2457890.194210506,2372848.542491818,9390.777094722218,2239912.699307833,10635.090002298177,2239912.699307833,10635.090002298177,18.751773688297384,0.0955581846400501,0.3489261321933484,1.674187589789982e-09,12.0,6926.4462890625,50.24071783899808,903.1360194576564,626.0974688556566,4.0
2458580.227870861,2320475.3391085737,2003.9027264186143,2184762.3357135146,3866.5440704389553,2184762.3357135146,3866.5440704389553,18.307267566950195,0.0524827475154694,1.0106934384843531,2.2126904642679328e-09,12.0,1280.311767578125,46.43395198197036,903.1360194576564,626.0974688556566,0.0
2457895.151137891,2368385.7143147043,3713.714201227253,2235213.2236079075,5491.891943662349,2235213.2236079075,5491.891943662349,18.71389640917181,0.0611807189130358,0.4715711918559855,3.228990203779858e-09,12.0,1110.9278564453125,26.467888696747917,903.1360194576564,626.0974688556566,4.0
2458585.1745243184,2352160.8675974626,1889.2062574123174,2218128.0323666893,4153.366889296574,2218128.0323666893,4153.366889296574,18.57619156742364,0.0538903738542689,0.993454698031514,3.2290808411680954e-09,12.0,1245.4805908203125,32.792665238161725,903.1360194576564,626.0974688556566,0.0
2457896.030634552,2361293.98761413,3623.260113469569,2227745.4484713315,5359.533805114935,2227745.4484713315,5359.533805114935,18.653706928183617,0.0604125346760705,0.5410066106584246,3.1622666369498195e-09,12.0,1292.7210693359375,31.830138604008077,903.1360194576564,626.0974688556566,4.0
2458586.171876702,2358986.1365917604,3019.3089368242718,2225315.2205153736,4904.300219526073,2225315.2205153736,4904.300219526073,18.634119546844857,0.0578455878567215,0.6008165254293649,3.2081670662765814e-09,12.0,1143.572509765625,29.946965913294164,903.1360194576564,626.0974688556566,4.0
2457900.1116444576,2364080.5969724064,2869.7714309483176,2230679.8215739215,4855.157099662581,2230679.8215739215,4855.157099662581,18.67735766630045,0.0575762679010521,0.5790635418435143,2.911646929484998e-09,12.0,1069.7879638671875,25.945596600163043,903.1360194576564,626.0974688556566,4.0
2458587.1691205557,2356555.832885664,2075.7791935352216,2222756.0466558854,4299.741187317795,2222756.0466558854,4299.741187317795,18.61349287510609,0.0546315535723861,0.947116254653221,2.3076318883577278e-09,12.0,1185.98583984375,33.45361467472285,903.1360194576564,626.0974688556566,0.0
2457918.058025528,2369260.5933361948,9839.19517690867,2236134.494277247,11059.130968384756,2236134.494277247,11059.130968384756,18.721321753725302,0.0986352408110941,0.5483420048030129,1.3032767669496296e-09,12.0,9007.66796875,86.29963097343406,903.1360194576564,626.0974688556566,4.0
2458591.158676648,2364069.9572318024,2641.4368148092444,2230668.617646629,4709.151518924661,2230668.617646629,4709.151518924661,18.677267363826623,0.0567830160863637,1.0468139865313977,2.562183061131236e-09,12.0,3881.6767578125,45.11316509920982,903.1360194576564,626.0974688556566,0.0
2457920.150145301,2363955.546088085,5800.738548497526,2230548.139696691,7193.037593962152,2230548.139696691,7193.037593962152,18.676296324240585,0.0717274164657381,0.4167751542119052,1.2728922875220076e-09,12.0,2550.45703125,39.295801477683874,903.1360194576564,626.0974688556566,4.0
2458592.216668576,2363488.328199279,3819.515426478386,2230056.146945039,5528.02208332078,2230056.146945039,5528.02208332078,18.672330914485965,0.0613911477349175,1.0542592647351992,2.7383056445471262e-09,12.0,4108.83837890625,66.95198922248795,903.1360194576564,626.0974688556566,0.0
2457927.9910324514,2363591.7261053873,11985.757699801068,2230165.02766549,13179.14974247929,2230165.02766549,13179.14974247929,18.67320848162393,0.1143106901507152,0.1146107092271217,2.5028989382464726e-09,12.0,777.4801635742188,20.883488945390784,903.1360194576564,626.0974688556566,4.0
2458593.149448904,2351211.277454872,3679.7384044505475,2217128.0889176284,5312.079927051788,2217128.0889176284,5312.079927051788,18.56813212855252,0.0601385552424327,1.0193223518748504,2.879045646047746e-09,12.0,9666.986328125,68.7966341613869,903.1360194576564,626.0974688556566,0.0
2457931.0465760604,2322197.2645600517,3523.427493634294,2186575.5685997405,4940.223638213557,2186575.5685997405,4940.223638213557,18.32188203301761,0.0580405676618031,0.5439345446190217,2.787811603636538e-09,12.0,1106.1617431640625,43.28029525573723,903.1360194576564,626.0974688556566,4.0
2458594.249424912,2335850.1908063996,3117.7255563060876,2200952.4597954648,4752.462608410171,2200952.4597954648,4752.462608410171,18.43775826167589,0.0570139947512421,0.9822234974026538,2.103175471483986e-09,12.0,5719.818359375,62.973565357570486,903.1360194576564,626.0974688556566,0.0
2457934.126702268,2341217.015273247,3258.359712983806,2206603.8674156484,4904.904658979441,2206603.8674156484,4904.904658979441,18.483308011807697,0.0578470832481411,0.5132595685946758,2.7216964990844797e-09,12.0,1054.763916015625,31.89283311136002,903.1360194576564,626.0974688556566,4.0
2458595.144156329,2334360.5471306997,10925.621846930226,2199383.825741524,12001.709469618036,2199383.825741524,12001.709469618036,18.42511523643204,0.1055487466502091,0.5307681464324029,2.03583109110499e-09,12.0,36197.734375,122.2091464828069,903.1360194576564,626.0974688556566,6.0
2457936.9666828127,2365891.958524902,4521.309280308898,2232587.233031838,6106.3127753272365,2232587.233031838,6106.3127753272365,18.69273120173548,0.0648534756168394,0.5619203896708965,2.88406209879997e-09,12.0,1832.8509521484373,40.68582603941024,903.1360194576564,626.0974688556566,4.0
2458600.130712778,2306607.5375398095,3563.3716336167613,2170159.1751396907,4844.635980299855,2170159.1751396907,4844.635980299855,18.18956763093833,0.0575139875065838,0.9091177630414086,2.308191220268717e-09,12.0,2976.440185546875,84.32832156533696,903.1360194576564,626.0974688556566,2.0
2457937.060429991,2376471.5809200136,3705.0078573584838,2243727.854267306,5559.718010394253,2243727.854267306,5559.718010394253,18.782523435404208,0.0615784296555394,0.5741278693703254,3.2305647167639193e-09,12.0,1579.8089599609375,30.662037015110823,903.1360194576564,626.0974688556566,4.0
2458602.185730501,2304930.2295975946,2315.5749894133382,2168392.925666732,3899.629844572174,2168392.925666732,3899.629844572174,18.17533184623289,0.0526407304266128,0.9561984071479936,2.632790414647156e-09,12.0,1718.3837890625,57.79019545787089,903.1360194576564,626.0974688556566,0.0
2457938.942556409,2434366.948752378,11566.59725914131,2304693.2025775285,13062.353009894929,2304693.2025775285,13062.353009894929,19.27389772104445,0.1134428442863944,0.6021248349159893,3.029365050182869e-09,12.0,6762.921875,66.67900419293109,903.1360194576564,626.0974688556566,4.0
2458603.195146498,2295514.515112782,3106.6904065654967,2158477.930138622,4388.458760311754,2158477.930138622,4388.458760311754,18.095418026665072,0.0550836304262381,0.7827715632275539,3.231997024236206e-09,12.0,1587.1763916015625,68.76830166590862,903.1360194576564,626.0974688556566,2.0
2457939.0826386744,2436643.5959328557,12785.627775843239,2307090.5720655187,14276.806047254668,2307090.5720655187,14276.806047254668,19.29322026659251,0.1225814552779972,0.6179746829729885,1.7638835257732871e-09,12.0,7207.90087890625,74.41753781946548,903.1360194576564,626.0974688556566,4.0
2458610.172238317,2360212.197507163,2176.9668073865273,2226606.29497531,4395.147848647083,2226606.29497531,4395.147848647083,18.644525470997564,0.0551229965548457,1.0460206588049252,3.2320013277362767e-09,12.0,1283.9287109375,37.90045530996602,903.1360194576564,626.0974688556566,0.0
2457939.9279895755,-1176565338.3168216,-1176565338.3168216,-1176565338.3168216,-1176565338.3168216,-1176565338.3168216,-1176565338.3168216,0.0,0.0,0.5910945751059633,-9999.99,12.0,-9999.99,-9999.99,-9999.99,-9999.99,5.0
2458611.1596000157,2362407.8916850714,2243.6167330980334,2228918.418817866,4456.232877550263,2228918.418817866,4456.232877550263,18.66316094562272,0.0554409532930729,1.044695796228495,2.901937096401497e-09,12.0,1206.724365234375,38.39596795910191,903.1360194576564,626.0974688556566,0.0
2457940.094700545,2796772.8525948236,219276.81562378217,2686316.171472189,231102.5854033891,2686316.171472189,231102.5854033891,22.349738652360625,1.8631472896151815,0.6151080031817352,1.9023410058006994e-09,12.0,10646.140625,75.50635980954314,903.1360194576564,626.0974688556566,4.0
2458616.2598420302,2347517.238042213,1966.1586601346219,2213238.168050098,4140.841035993625,2213238.168050098,4140.841035993625,18.536779776102176,0.0538272063105704,1.0138258275861358,2.797457810073995e-09,12.0,1509.260498046875,36.52725713582274,903.1360194576564,626.0974688556566,0.0
2457940.990907581,2435286.8348846566,14068.388151405043,2305661.8669208055,15551.685162595317,2305661.8669208055,15551.685162595317,19.281705053617728,0.1322744484751285,0.618715953293487,3.042282373969551e-09,12.0,19615.587890625,82.78853699678251,903.1360194576564,626.0974688556566,4.0
2458618.086926837,2354035.4310646923,2181.1073893486587,2220101.9971066704,4329.541556163899,2220101.9971066704,4329.541556163899,18.59210151530177,0.0547839356094167,1.00887025291457,3.200349997812461e-09,12.0,2394.991943359375,38.37133918251387,903.1360194576564,626.0974688556566,0.0
2457941.9789959714,2365304.284977924,15352.629396919812,2231968.3972972077,16610.964080412305,2231968.3972972077,16610.964080412305,18.687743450898957,0.1403861915697599,0.6476424440757005,3.232300369860082e-09,12.0,60016.5078125,164.97601523992404,903.1360194576564,626.0974688556566,6.0
2458619.0842119227,2358637.3324821186,2455.2579135977403,2224947.920594281,4538.104050900012,2224947.920594281,4538.104050900012,18.63115914817012,0.0558702414257527,1.022071489169235,2.0371676386670404e-09,12.0,3297.19970703125,42.65124089975685,903.1360194576564,626.0974688556566,0.0
2457942.219538256,2310885.382704223,12806.789487574937,2174663.8588515325,13841.73230663237,2174663.8588515325,13841.73230663237,18.225874907158246,0.1192873524178471,0.5872956808433039,3.2162335462798438e-09,12.0,68681.4921875,191.11920396748624,903.1360194576564,626.0974688556566,6.0
2458626.190344814,-1176565338.3168216,-1176565338.3168216,-1176565338.3168216,-1176565338.3168216,-1176565338.3168216,-1176565338.3168216,0.0,0.0,1.0366577973111502,-9999.99,12.0,-9999.99,-9999.99,-9999.99,-9999.99,3.0
2457942.886956347,2488892.4484424777,117989.00836153106,2362109.9909123206,124364.6311171914,2362109.9909123206,124364.6311171914,19.73667098706771,1.0032567529860863,0.2843754267969285,3.195150886465689e-09,12.0,77424.625,211.64636750507523,903.1360194576564,626.0974688556566,4.0
2458627.183064791,2361059.9296118063,2944.081129108257,2227498.9792256784,4873.994733979239,2227498.9792256784,4873.994733979239,18.651720412025306,0.0576791975813978,1.0397323188119112,1.686201632020911e-09,12.0,4259.48486328125,51.4977090805711,903.1360194576564,626.0974688556566,0.0
2457943.1834906638,2363550.483656185,14163.249884310355,2230121.59827943,15389.082443942736,2230121.59827943,15389.082443942736,18.672858445346883,0.1310275910076035,0.556711578206936,2.9471019429546733e-09,12.0,45954.3125,132.41629574352294,903.1360194576564,626.0974688556566,4.0
2458628.056220164,2363000.458132717,3213.5040451943632,2229542.4069058676,5077.898609854175,2229542.4069058676,5077.898609854175,18.668190223884665,0.0588110504494465,1.0255679534835256,1.7823368981020255e-09,12.0,3466.468017578125,54.76370232539539,903.1360194576564,626.0974688556566,0.0
2457944.9902814496,2383220.519146206,12157.288276362144,2250834.664105276,13426.93941744878,2250834.664105276,13426.93941744878,18.839803574107652,0.1161702339425431,0.5712209453448286,3.195406041296836e-09,12.0,18221.650390625,99.69002387403032,903.1360194576564,626.0974688556566,6.0
2458629.0537230712,2363098.4059333657,2439.2442685929204,2229645.5485216174,4576.18839208795,2229645.5485216174,4576.18839208795,18.669021534443274,0.0560722262727418,1.0056487358094794,2.791520261318248e-09,12.0,1936.7222900390625,39.990649815477234,903.1360194576564,626.0974688556566,0.0
2457946.1504629627,-1176565338.3168216,-1176565338.3168216,-1176565338.3168216,-1176565338.3168216,-1176565338.3168216,-1176565338.3168216,0.0,0.0,-9999.99,-9999.99,12.0,-9999.99,-9999.99,-9999.99,-9999.99,5.0
2458629.2475106274,2362459.336765948,2428.4419624401125,2228972.5918439995,4562.955922077832,2228972.5918439995,4562.955922077832,18.663597574507072,0.0560020486160953,1.0160322900013237,1.7671615724582072e-09,12.0,2390.40283203125,40.57694349029241,903.1360194576564,626.0974688556566,0.0
2457947.99365303,2364941.852776175,4297.876974115308,2231586.746635922,5916.757118554757,2231586.746635922,5916.757118554757,18.684667386769902,0.0637017157244223,0.4265770740195163,2.2986464635333728e-09,12.0,2415.58203125,28.775157225345414,903.1360194576564,626.0974688556566,4.0
2458630.187146616,2367025.065450813,2489.1999612426584,2233780.424490797,4647.861719709305,2233780.424490797,4647.861719709305,18.702348199210725,0.0564543992172527,1.0438943627145,1.8139270704746143e-09,12.0,1548.2314453125,41.15136711597903,903.1360194576564,626.0974688556566,0.0
2457948.176398199,0.0,0.0,0.0,0.0,0.0,0.0,0.0,0.0,0.0,0.0,12.0,0.0,0.0,0.0,0.0,5.0
2458631.0915452675,2365552.1718410947,2336.335222789765,2232229.4286978263,4542.951857573622,2232229.4286978263,4542.951857573622,18.68984733649241,0.0558966969368211,1.0221398727880775,3.1574068261246244e-09,12.0,1226.9073486328125,38.12006009454176,903.1360194576564,626.0974688556566,0.0
2457956.014613976,2359764.3495153794,2840.3223282396475,2226134.6992357653,4792.126123721556,2226134.6992357653,4792.126123721556,18.640724459012024,0.0572316722835811,0.6001525843706584,3.162383082612883e-09,12.0,1068.2802734375,27.73812446058032,903.1360194576564,626.0974688556566,4.0
2458639.0306101707,2310421.119481106,2673.602554698951,2174174.9774407293,4196.925077856637,2174174.9774407293,4196.925077856637,18.22193457448313,0.0541058139671145,0.914891884794835,2.993296252896341e-09,12.0,1361.69140625,61.3317198467479,903.1360194576564,626.0974688556566,0.0
2457957.1494937656,2367259.6514159767,3239.2495782602377,2234027.4496952356,5137.154495420218,2234027.4496952356,5137.154495420218,18.704339196338303,0.0591449341795845,0.5721416440035324,3.226238619870968e-09,12.0,1074.57177734375,28.48360756870437,903.1360194576564,626.0974688556566,4.0
2458641.1774530974,2357223.4589611623,2469.6444689539353,2223459.074510404,4531.769024912543,2223459.074510404,4531.769024912543,18.619159205560585,0.0558366590382458,1.0247026491018878,3.146192238431076e-09,12.0,1220.2591552734375,43.46473043874214,903.1360194576564,626.0974688556566,0.0
2457957.8751489324,2371046.2801070614,3912.2282432964844,2238014.869513381,5666.311254504924,2238014.869513381,5666.311254504924,18.73647738006061,0.0622057110127361,0.5751780593443364,2.993912509605245e-09,12.0,1128.4263916015625,34.01927967903884,903.1360194576564,626.0974688556566,4.0
2458647.009073411,-1176565338.3168216,-1176565338.3168216,-1176565338.3168216,-1176565338.3168216,-1176565338.3168216,-1176565338.3168216,0.0,0.0,-9999.99,-9999.99,12.0,-9999.99,-9999.99,-9999.99,-9999.99,5.0
2457958.927188262,2365125.441987109,2710.50085140629,2231780.0709140087,4763.414430455134,2231780.0709140087,4763.414430455134,18.68622556008759,0.0570764153442764,0.5972680685185481,2.78073785270279e-09,12.0,1064.1727294921875,24.92225101233805,903.1360194576564,626.0974688556566,4.0
2458653.986029724,-1176565338.3168216,-1176565338.3168216,-1176565338.3168216,-1176565338.3168216,-1176565338.3168216,-1176565338.3168216,0.0,0.0,0.917142305176297,-9999.99,12.0,-9999.99,-9999.99,-9999.99,-9999.99,3.0
2457959.0487226937,2358788.490416321,2733.730451179306,2225107.0938831577,4712.883764706652,2225107.0938831577,4712.883764706652,18.632442068112056,0.0568024808775141,0.5978989587772261,2.924238736820204e-09,12.0,1026.04345703125,26.69466342135155,903.1360194576564,626.0974688556566,4.0
2458655.0028235484,2401144.442135635,6351.813923573438,2269709.027444676,7942.404171485768,2269709.027444676,7942.404171485768,18.991928954506037,0.0766959856176942,0.9673908431576094,3.141433919206956e-09,12.0,6325.97265625,75.99244936549727,903.1360194576564,626.0974688556566,0.0
2457960.0417241952,2362896.0746666905,3182.6287828258305,2229432.4883648423,5055.278172526329,2229432.4883648423,5055.278172526329,18.6673042920222,0.0586843063321211,0.6026993820633033,2.0487914078154207e-09,12.0,1031.6595458984375,30.83784260851774,903.1360194576564,626.0974688556566,4.0
2458656.036420499,2370843.1055559125,3596.9241082079525,2237800.9213558263,5427.811557564881,2237800.9213558263,5427.811557564881,18.7347529804468,0.0608084015839946,0.9914466571734192,2.921047139043941e-09,12.0,4165.33984375,55.606142052530686,903.1360194576564,626.0974688556566,0.0
2457960.165368032,2339875.350727057,4179.619413816381,2205191.0592854577,5615.684391267943,2205191.0592854577,5615.684391267943,18.47192092709546,0.0619035117105086,0.343589044836244,3.2060652736708113e-09,12.0,1040.618896484375,27.139485914474776,903.1360194576564,626.0974688556566,4.0
2457845.1176809967,2539407.4367926964,233359.15072573788,2415303.6050987807,245809.38839263303,2415303.6050987807,245809.38839263303,20.16540591430033,1.9816491985434077,0.0181023454609325,2.839243139766238e-09,12.0,457.0220336914063,15.042647309906805,903.1360194576564,626.0974688556566,4.0
2457960.971258143,2364339.0534252096,3079.968962163781,2230951.983031016,4998.478165952339,2230951.983031016,4998.478165952339,18.679551258976705,0.0583675571030416,0.5954152374656911,3.2260139698209053e-09,12.0,1090.76171875,28.92663534664469,903.1360194576564,626.0974688556566,4.0
2457845.131237089,0.0,0.0,0.0,0.0,0.0,0.0,0.0,0.0,0.0,0.0,12.0,0.0,0.0,0.0,0.0,5.0
2457961.0699617467,2346607.3799358704,3124.628961567431,2212280.0634824466,4858.213671477023,2212280.0634824466,4858.213671477023,18.529057554208144,0.0575910646128212,0.562050081607482,2.8949995627079157e-09,12.0,1159.9327392578125,32.11688168427871,903.1360194576564,626.0974688556566,4.0
2457852.1332072737,2381929.3125254633,5947.342181128208,2249474.989500534,7448.385336678411,2249474.989500534,7448.385336678411,18.82884474001375,0.073402851082437,0.5417429902236329,1.0328828606783536e-09,12.0,3981.330078125,45.77646041869472,903.1360194576564,626.0974688556566,4.0
2457902.151984747,2350294.4875943065,2942.781368006324,2216162.685030076,4766.6125634438,2216162.685030076,4766.6125634438,18.560351074908954,0.0570920341668894,0.5493720566298578,2.4579770335941887e-09,12.0,1180.753662109375,28.361942000654818,903.1360194576564,626.0974688556566,4.0
2457967.010659812,2428763.5217537195,11622.269778865733,2298792.6462550736,13090.649960602397,2298792.6462550736,13090.649960602397,19.22633985861623,0.11365389346108,0.557099663269243,3.1957591123643867e-09,12.0,5797.74951171875,64.42289238613083,903.1360194576564,626.0974688556566,4.0
2457902.1676869127,2367671.255533524,3935.520643904912,2234460.8796799085,5654.275510469668,2234460.8796799085,5654.275510469668,18.70783259635973,0.0621341104815788,0.5544322781203593,3.215206532366582e-09,12.0,1133.8731689453125,33.971403544527824,903.1360194576564,626.0974688556566,4.0
2457967.887399615,2444223.69630814,13095.008978289054,2315072.617553921,14617.321154497125,2315072.617553921,14617.321154497125,19.35755471244614,0.1251621982433554,0.5860100814162276,3.188778671079562e-09,12.0,8616.2138671875,67.61208578341292,903.1360194576564,626.0974688556566,4.0
2457903.05667311,2360485.082060514,2715.3386674033864,2226893.6496025696,4718.5206541579155,2226893.6496025696,4718.5206541579155,18.646841519025,0.0568330760363577,0.5692359649589981,2.5052219792189714e-09,12.0,1135.2862548828125,24.71204201829997,903.1360194576564,626.0974688556566,4.0
2458673.935192556,2315771.026184816,2335.6209882591893,2179808.570210418,4020.317324783215,2179808.570210418,4020.317324783215,18.267340738796467,0.053227754842045,0.9646542838091304,3.0118991215919787e-09,12.0,1713.1351318359375,53.84141938496982,903.1360194576564,626.0974688556566,0.0
2457968.1242179917,-1176565338.3168216,-1176565338.3168216,-1176565338.3168216,-1176565338.3168216,-1176565338.3168216,-1176565338.3168216,0.0,0.0,-9999.99,-9999.99,12.0,-9999.99,-9999.99,-9999.99,-9999.99,5.0
2457971.9199035265,-1176565338.3168216,-1176565338.3168216,-1176565338.3168216,-1176565338.3168216,-1176565338.3168216,-1176565338.3168216,0.0,0.0,0.6206753978889835,-9999.99,12.0,-9999.99,-9999.99,-9999.99,-9999.99,7.0
2457973.947545953,2707901.0444264594,110509.98306493628,2592731.8150236467,116670.85494497424,2592731.8150236467,116670.85494497424,21.59545859702472,0.9413108466471618,0.6101216290841903,1.0902947756207823e-09,12.0,10208.359375,75.81906944895152,903.1360194576564,626.0974688556566,4.0
2457976.09177685,2339463.66488285,3988.289345386554,2204757.5432404564,5455.839495257998,2204757.5432404564,5455.839495257998,18.46842683343685,0.0609678258634817,0.5606392522045569,2.3173099255581154e-09,12.0,3150.025146484375,44.23449056923684,903.1360194576564,626.0974688556566,4.0
2457977.918987385,2349730.5306384284,2783.242211538988,2215568.8234909847,4653.494695904269,2215568.8234909847,4653.494695904269,18.555564613457864,0.0564824873584497,0.5767869446156619,2.6812136313744987e-09,12.0,1093.3800048828125,28.31274809576039,903.1360194576564,626.0974688556566,4.0
2457978.10301369,2362510.7597609255,3176.0333839200016,2229026.7416130994,5046.938176896011,2229026.7416130994,5046.938176896011,18.66403401594217,0.0586376087827975,0.5633997183577935,3.2084093340483483e-09,12.0,1970.5682373046875,28.57682103408996,903.1360194576564,626.0974688556566,4.0
2457979.9333540234,2369852.003304307,3032.660152845129,2236757.2645618115,5021.271062994944,2236757.2645618115,5021.271062994944,18.72634121661987,0.0584952119525318,0.6134100235943672,2.731697193777719e-09,12.0,1027.5374755859375,27.95728831451404,903.1360194576564,626.0974688556566,4.0
2457980.945103949,2355519.629584252,2845.4693574751623,2221664.8972676727,4752.789378684645,2221664.8972676727,4752.789378684645,18.604698325972503,0.0570176908657671,0.5932873738012927,3.225359454884308e-09,12.0,1059.300048828125,28.43552515539202,903.1360194576564,626.0974688556566,4.0
2457984.974239867,2352404.2550223274,2989.721073528254,2218384.3257401804,4819.463219816456,2218384.3257401804,4819.463219816456,18.578257265017506,0.0573797672399623,0.5718678163185965,3.0744683775727992e-09,12.0,1087.49755859375,29.63174400423503,903.1360194576564,626.0974688556566,4.0
2457985.921308683,2361893.466487845,2865.329682757225,2228376.7155261775,4830.093473190414,2228376.7155261775,4830.093473190414,18.658794874151607,0.0574388915158582,0.6099210776051239,3.0359882124369114e-09,12.0,1135.8795166015625,28.041080644865968,903.1360194576564,626.0974688556566,4.0
2457987.9628133527,2365593.7332380526,3367.1796874334204,2232273.193944282,5211.720074896457,2232273.193944282,5211.720074896457,18.690200079768854,0.0595670021622314,0.5909635967065983,1.4441148327877824e-09,12.0,1041.73046875,31.344221783388537,903.1360194576564,626.0974688556566,4.0
2457989.0296905986,2359162.049615255,2987.6490991755777,2225500.461565755,4884.493402664946,2225500.461565755,4884.493402664946,18.63561257019872,0.0577366372582358,0.5817157054330802,2.871546017897288e-09,12.0,1068.356201171875,28.564319036194156,903.1360194576564,626.0974688556566,4.0
2457989.074309016,2350837.5243671243,2889.190432183811,2216734.517064996,4735.482705980565,2216734.517064996,4735.482705980565,18.564959980876907,0.0569235560702271,0.5455044497820362,3.0420102982003747e-09,12.0,1097.69677734375,27.366949666870223,903.1360194576564,626.0974688556566,4.0
2457990.9665426854,2361607.2157341926,2794.562000976103,2228075.2859376986,4780.974613301515,2228075.2859376986,4780.974613301515,18.656365383419335,0.0571712754709897,0.5822429564726904,2.98477790760762e-09,12.0,1068.315673828125,25.8401705432806,903.1360194576564,626.0974688556566,4.0
2457991.9439655044,0.0,0.0,0.0,0.0,0.0,0.0,0.0,0.0,0.0,0.0,12.0,0.0,0.0,0.0,0.0,5.0
2457996.0221062684,2341975.967486258,6462.290075890553,2207403.064100106,7659.067798955086,2207403.064100106,7659.067798955086,18.48974945290163,0.0747942818854203,0.5342574922776425,3.219976058762803e-09,12.0,8393.2412109375,67.8911712306692,903.1360194576564,626.0974688556566,4.0
2457997.0046556992,2370669.0741158873,11728.458724504546,2237617.6616624286,12947.162832284946,2237617.6616624286,12947.162832284946,18.73327592662154,0.1125757866646163,0.5964544899270148,3.226112464678845e-09,12.0,19761.26171875,110.99258004796256,903.1360194576564,626.0974688556566,4.0
2457997.865732924,2370635.7326545515,9247.514022039555,2237582.5522248424,10484.278642823247,2237582.5522248424,10484.278642823247,18.73299294825281,0.0944691779393399,0.6023922410073119,3.1290576507950653e-09,12.0,11764.4072265625,88.11386675117036,903.1360194576564,626.0974688556566,4.0
2457998.013515408,2368000.442651375,7534.676937971426,2234807.522391588,8819.35353597193,2234807.522391588,8819.35353597193,18.710626500102503,0.0826835418921534,0.5885209090918928,2.019802529563723e-09,12.0,11328.9794921875,71.33660967433524,903.1360194576564,626.0974688556566,4.0
2457998.883092405,2390793.32330391,8996.87075630271,2258809.0264842547,10342.067478309496,2258809.0264842547,10342.067478309496,18.904076094908635,0.0934471703843754,0.5994712441026635,1.5731817965369475e-09,12.0,8581.9365234375,72.58015277835413,903.1360194576564,626.0974688556566,4.0
2458000.0289634718,-1176565338.3168216,-1176565338.3168216,-1176565338.3168216,-1176565338.3168216,-1176565338.3168216,-1176565338.3168216,0.0,0.0,-9999.99,-9999.99,12.0,-9999.99,-9999.99,-9999.99,-9999.99,5.0
2458000.9458059305,2374863.9310146384,4921.043603785725,2242034.95654316,6509.746326530834,2242034.95654316,6509.746326530834,18.76887885806773,0.0673554112964896,0.5914589523667257,1.7377987857232423e-09,12.0,5299.24609375,43.636018416302136,903.1360194576564,626.0974688556566,4.0
2458002.001748652,2358469.6894732066,5361.937921811111,2224771.38808723,6765.643885142167,2224771.38808723,6765.643885142167,18.62973631475821,0.0689724076039731,0.5682110535113364,3.2219185053810302e-09,12.0,7110.12890625,52.38531097181878,903.1360194576564,626.0974688556566,4.0
2458003.014511082,2374085.177883909,6063.1452875452105,2241214.9089704407,7497.1921641938225,2241214.9089704407,7497.1921641938225,18.76226936101072,0.0737240323032494,0.550909394853874,3.2316417261916876e-09,12.0,7247.25830078125,50.68619162896098,903.1360194576564,626.0974688556566,4.0
2458003.9172199904,2367113.893146704,4049.5134907558977,2233873.962395855,5737.995399531417,2233873.962395855,5737.995399531417,18.70310210487276,0.0626306425933734,0.5785136545371536,1.8825526285879723e-09,12.0,2536.718994140625,36.96834576711898,903.1360194576564,626.0974688556566,4.0
2458004.9830842526,2347607.8500907854,4051.0137672773485,2213333.584925562,5573.649215514086,2213333.584925562,5573.649215514086,18.53754882606775,0.0616569052594736,0.5287878237616127,1.6107549293457379e-09,12.0,2610.0498046875,39.48546635427712,903.1360194576564,626.0974688556566,4.0
2458013.013538368,2293147.256867971,3104.4893639678844,2155985.144811599,4367.066655322225,2155985.144811599,4367.066655322225,18.075326439504988,0.0549730278273977,0.4896728548385828,2.334081871723144e-09,12.0,1157.1837158203125,43.21125076915003,903.1360194576564,626.0974688556566,4.0
2458013.891921784,2357525.0693679987,2882.370928656025,2223776.678218531,4797.4239499691375,2223776.678218531,4797.4239499691375,18.62171905799352,0.057260235330508,0.5681795619155734,2.978983163582161e-09,12.0,1135.498779296875,27.01431586560625,903.1360194576564,626.0974688556566,4.0
2458016.967626299,2352102.271922695,3196.876637965023,2218066.3295767186,4961.845809055387,2218066.3295767186,4961.845809055387,18.57569424943589,0.0581627512924278,0.5129867818092911,1.3860293380679164e-09,12.0,1134.2933349609375,28.63173046525456,903.1360194576564,626.0974688556566,4.0
2458018.90529948,2359164.7793709612,3988.6857706630694,2225503.3360704663,5621.598465112559,2225503.3360704663,5621.598465112559,18.635635738403888,0.0619402160324334,0.5169858246697355,1.6502500594806772e-09,12.0,1068.2333984375,34.50751175735093,903.1360194576564,626.0974688556566,4.0
2458020.960186848,-1176565338.3168216,-1176565338.3168216,-1176565338.3168216,-1176565338.3168216,-1176565338.3168216,-1176565338.3168216,0.0,0.0,-9999.99,-9999.99,12.0,-9999.99,-9999.99,-9999.99,-9999.99,5.0
2458022.8910403405,2378184.803738537,7510.382619882863,2245531.9230516497,8855.084852865557,2245531.9230516497,8855.084852865557,18.797064039775748,0.082932237249734,0.43812457314138,2.11034813926626e-09,12.0,4214.1015625,48.25343900699888,903.1360194576564,626.0974688556566,4.0
2458027.9461280163,2461678.057225679,13915.959887643348,2333452.5196550917,15509.563480249804,2333452.5196550917,15509.563480249804,19.505694787348087,0.1319556913427624,0.5566238565567919,3.231976827862827e-09,12.0,7464.6396484375,59.3869720933691,903.1360194576564,626.0974688556566,4.0
2458033.9288587384,2337281.3353696084,4601.401530295887,2202459.4927420523,5950.778729246061,2202459.4927420523,5950.778729246061,18.449904788483177,0.0639046320653506,0.5018588707324335,2.1953256710290628e-09,12.0,2860.241455078125,46.26265977297575,903.1360194576564,626.0974688556566,4.0
2458036.937830227,0.0,0.0,0.0,0.0,0.0,0.0,0.0,0.0,0.0,0.0,12.0,0.0,0.0,0.0,0.0,5.0
2458039.925183801,2341060.381231626,3927.5188140968926,2206438.9276413242,5419.959640765661,2206438.9276413242,5419.959640765661,18.481978614600447,0.0607597115392548,0.5288749843357166,2.361396884655781e-09,12.0,1305.358642578125,40.37640519231736,903.1360194576564,626.0974688556566,4.0
2458041.9300438664,2373812.875844822,20158.837682587196,2240928.167746055,21587.849876049364,2240928.167746055,21587.849876049364,18.75995825694584,0.1790485803819918,0.0596302189214196,2.3908566864318382e-09,12.0,868.9822998046875,15.846416556466489,903.1360194576564,626.0974688556566,4.0
2458044.8997350736,2371934.146748606,3608.2810863873588,2238949.8164889566,5446.307384858218,2238949.8164889566,5446.307384858218,18.7440129542018,0.0609158788452606,0.5665381966159407,2.022294129951727e-09,12.0,1331.35693359375,30.604308449020152,903.1360194576564,626.0974688556566,4.0
2458178.202639773,2359849.6039483664,9178.822054345583,2226224.4744008016,10365.796621471689,2226224.4744008016,10365.796621471689,18.641448037385825,0.0936151114914883,0.3354262930642219,2.525523487208295e-09,12.0,5461.25146484375,52.26082114862996,903.1360194576564,626.0974688556566,4.0
2458187.2830096544,2403756.913327654,10501.688536709826,2272460.0284683313,11871.393092264541,2272460.0284683313,11871.393092264541,19.014101732982027,0.1045920443128608,0.4796013582426018,3.133300343712215e-09,12.0,8926.201171875,60.90180786203442,903.1360194576564,626.0974688556566,4.0
2458195.276851372,2365410.777850838,3309.34521705502,2232080.537099282,5168.727458504404,2232080.537099282,5168.727458504404,18.688647285891516,0.0593231295907376,0.5029781168101256,2.509285444786911e-09,12.0,1127.9205322265625,25.75153052386592,903.1360194576564,626.0974688556566,4.0
2458202.29443824,0.0,0.0,0.0,0.0,0.0,0.0,0.0,0.0,0.0,0.0,12.0,0.0,0.0,0.0,0.0,5.0
2458207.25718994,2360110.742763861,4173.205479785533,2226499.460456508,5776.154124420081,2226499.460456508,5776.154124420081,18.643664396029365,0.0628572929927684,0.5006828750903576,1.9830298902534213e-09,12.0,1998.0560302734373,34.72599846394794,903.1360194576564,626.0974688556566,4.0
2458208.2052563047,2357286.3624441624,5091.88533383259,2223525.31353599,6521.479974765261,2223525.31353599,6521.479974765261,18.619693085129565,0.0674271868668729,0.4919512249217175,1.3518392246630663e-09,12.0,3897.31640625,43.13689006197481,903.1360194576564,626.0974688556566,4.0
2458210.2748407377,2524953.6712424303,102027.2896928401,2400083.40900783,107600.4756581482,2400083.40900783,107600.4756581482,20.042732737015445,0.8682788943246187,0.1585038987958371,2.9340687668186382e-09,12.0,16544.98828125,76.15815444175226,903.1360194576564,626.0974688556566,4.0
2458211.298277393,2367771.3928703405,5833.686111169492,2234566.326934957,7248.66437093782,2234566.326934957,7248.66437093782,18.708682490128204,0.0720906731855434,0.4849215093932579,2.0252114203829515e-09,12.0,3394.552001953125,44.93142179047794,903.1360194576564,626.0974688556566,4.0
2458214.302530721,2367689.8575460147,9448.044186170187,2234480.4680893673,10666.846996543662,2234480.4680893673,10666.846996543662,18.70799047687663,0.0957874349963056,0.4866714125420984,2.7127557415282427e-09,12.0,12766.470703125,74.20938344775378,903.1360194576564,626.0974688556566,4.0
2458215.233639596,2300939.6032849783,8021.707690085135,2164190.6909762295,8961.67529896772,2164190.6909762295,8961.67529896772,18.141462277266736,0.0836680617152112,0.4867230130005562,2.995937113800259e-09,12.0,19805.3203125,106.9595773486996,903.1360194576564,626.0974688556566,6.0
2458215.2926964154,2381663.333552423,13814.117685210444,2249194.9066313547,15094.15262907365,2249194.9066313547,15094.15262907365,18.826587301590493,0.128780753569542,0.4709781372617148,2.3511673809578435e-09,12.0,20149.533203125,94.4909263419717,903.1360194576564,626.0974688556566,6.0
2458224.165028906,2362457.778305342,3953.6746101577796,2228970.950743903,5622.66280716819,2228970.950743903,5622.66280716819,18.66358434741317,0.0619468584811025,0.4619301562622335,1.998649415353457e-09,12.0,1051.715087890625,29.388929174109222,903.1360194576564,626.0974688556566,4.0
2458230.255612092,2355530.9266955084,3215.8825582325517,2221676.793423589,5007.964813834091,2221676.793423589,5007.964813834091,18.604794207736127,0.0584193301212917,0.4103922027663303,3.0321707932673517e-09,12.0,984.9202880859376,21.462686163304568,903.1360194576564,626.0974688556566,4.0
2458231.1451516147,2359216.9459944726,3381.4312204524967,2225558.2689000075,5161.845417934625,2225558.2689000075,5161.845417934625,18.63607849122369,0.0592834552791817,0.4168142976761206,1.6753176020497567e-09,12.0,945.4917602539062,22.36284640361506,903.1360194576564,626.0974688556566,4.0
2458232.2168134046,2360578.6086561633,3499.4284407982927,2226992.1355729233,5260.888700961619,2226992.1355729233,5260.888700961619,18.6476353055721,0.0598465282380019,0.4447431790266748,1.641613948663213e-09,12.0,1037.344482421875,25.01903521887756,903.1360194576564,626.0974688556566,4.0
2458235.1341198534,2316347.646598293,3975.57534820393,2180415.766704134,5261.78092767332,2180415.766704134,5261.78092767332,18.272234678577245,0.0598479614857218,0.4113434033547991,3.0848443588875916e-09,12.0,2148.587890625,38.40429178210066,903.1360194576564,626.0974688556566,6.0
2458245.1035190504,2370307.236153018,7228.075793649843,2237236.6367503484,8543.6209658642,2237236.6367503484,8543.6209658642,18.73020490596515,0.0807811596697674,0.5050106603428446,2.8401189501680244e-09,12.0,6611.9365234375,57.183469785554095,903.1360194576564,626.0974688556566,4.0
2458246.122200826,2388646.170512737,5783.926281151134,2256548.0180013645,7353.008767802945,2256548.0180013645,7353.008767802945,18.885852604698197,0.0727763205478509,0.5413202566744646,1.5110402456636939e-09,12.0,2706.19091796875,42.03489604586462,903.1360194576564,626.0974688556566,4.0
2458248.0960896336,2368358.9344280497,3187.7419716036047,2235185.0236814064,5112.049274598384,2235185.0236814064,5112.049274598384,18.713669120734625,0.0590035974076302,0.5071569188602204,3.1867275927613452e-09,12.0,1185.01708984375,24.099177812464603,903.1360194576564,626.0974688556566,4.0
2458248.2599620274,2367210.3690036177,4326.748456386675,2233975.5540160565,5958.95953981641,2233975.5540160565,5958.95953981641,18.70392092263051,0.0639570156878332,0.4718648691901432,2.045123243927103e-09,12.0,1550.5430908203125,31.817361490623885,903.1360194576564,626.0974688556566,4.0
2458251.1568436925,2353767.134707446,3217.5472159440465,2219819.473970843,4992.3978749612925,2219819.473970843,4992.3978749612925,18.58982440858636,0.0583325186142066,0.4920380502868446,3.2226004403202044e-09,12.0,1103.73046875,26.899854590946813,903.1360194576564,626.0974688556566,4.0
2458252.2504740097,2354116.322777311,2817.6320795837983,2220187.1782121696,4720.2548351457135,2220187.1782121696,4720.2548351457135,18.592788066039592,0.0568416909359996,0.4957645852152709,1.7058893626653335e-09,12.0,1219.84228515625,23.192615243395707,903.1360194576564,626.0974688556566,4.0
2458254.0840251334,2328630.2894136594,4634.95551209582,2193349.7133296593,5916.3277737991775,2193349.7133296593,5916.3277737991775,18.376480925991203,0.0636958867656489,0.2531536692484749,3.186422386029688e-09,12.0,983.7113037109376,23.894983561061217,903.1360194576564,626.0974688556566,4.0
2458255.181194779,2356812.1945778592,3233.2763262455123,2223026.0022748467,5032.547308326466,2223026.0022748467,5032.547308326466,18.61566868895933,0.0585565430725066,0.5208927872040477,2.856084341057187e-09,12.0,1073.669189453125,28.153036338287016,903.1360194576564,626.0974688556566,4.0
2458264.056864737,2357121.378101307,4013.4166897293517,2223351.580674371,5623.6166507111875,2223351.580674371,5623.6166507111875,18.61829281656495,0.0619518958988212,0.5093375893091563,2.80203105468257e-09,12.0,2530.13037109375,34.68091596434422,903.1360194576564,626.0974688556566,4.0
2458265.0568644474,2360422.658671298,4800.70775243281,2226827.9161283937,6295.9048063765795,2226827.9161283937,6295.9048063765795,18.64631171414713,0.0660200308325844,0.5543566412122644,2.856219061215296e-09,12.0,3690.481689453125,44.71760176616454,903.1360194576564,626.0974688556566,4.0
2458293.1534498623,0.0,0.0,0.0,0.0,0.0,0.0,0.0,0.0,0.0,0.0,12.0,0.0,0.0,0.0,0.0,5.0
2458294.1460067546,2462726.778374374,11408.408341680793,2334556.850666433,13048.852450122886,2334556.850666433,13048.852450122886,19.514595578975623,0.1133455080889418,1.02112378750552,1.6455368048138515e-09,12.0,7380.76708984375,89.5424565512542,903.1360194576564,626.0974688556566,0.0
2458295.112056775,2288890.0127000543,5000.009349634306,2151502.154492058,5983.439426013025,2151502.154492058,5983.439426013025,18.03919400974197,0.0641003695517576,0.8676041965767984,3.209373123799507e-09,12.0,9050.1396484375,130.43246702232193,903.1360194576564,626.0974688556566,2.0
2458295.975132976,-1176565338.3168216,-1176565338.3168216,-1176565338.3168216,-1176565338.3168216,-1176565338.3168216,-1176565338.3168216,0.0,0.0,-9999.99,-9999.99,12.0,-9999.99,-9999.99,-9999.99,-9999.99,5.0
2458296.1356969327,-1176565338.3168216,-1176565338.3168216,-1176565338.3168216,-1176565338.3168216,-1176565338.3168216,-1176565338.3168216,0.0,0.0,-9999.99,-9999.99,12.0,-9999.99,-9999.99,-9999.99,-9999.99,5.0
2458300.011133071,2388253.61596569,7295.351499737417,2256134.64771653,8714.641067396811,2256134.64771653,8714.641067396811,18.88252088374448,0.0819611921526057,0.8714630922518031,1.5980446526239203e-09,12.0,11791.3017578125,87.38656547292781,903.1360194576564,626.0974688556566,0.0
2458300.9526173025,2348172.0286024953,4193.353062026001,2213927.6797687784,5693.76857324611,2213927.6797687784,5693.76857324611,18.54233716792555,0.0623658736476291,0.7629163094971824,2.957449162194824e-09,12.0,5394.11962890625,59.80201564879851,903.1360194576564,626.0974688556566,0.0
2458302.961952505,2345566.9101174343,2003.2529077693775,2211184.4213393484,4138.889421978979,2211184.4213393484,4138.889421978979,18.520226793943444,0.0538172495993223,0.9591965442137452,2.591116629084254e-09,12.0,1261.1644287109375,35.62032148281458,903.1360194576564,626.0974688556566,0.0
2458304.0278223148,2359471.8923850083,2160.914687233861,2225826.734169017,4378.169392225149,2225826.734169017,4378.169392225149,18.638242293013317,0.0550350624411196,1.016776995483703,2.051512262846047e-09,12.0,1200.628173828125,36.7851153339443,903.1360194576564,626.0974688556566,0.0
2458305.9429226187,2331123.2999990527,2060.0182824751114,2195974.9191858475,4012.6150857970156,2195974.9191858475,4012.6150857970156,18.397639808667943,0.0531910382065203,0.9312122223964135,2.5726134386338954e-09,12.0,1251.1197509765625,40.12062460956702,903.1360194576564,626.0974688556566,0.0
2458309.9318791083,2357408.528086987,1712.354806356249,2223653.9571778774,4128.3091271530375,2223653.9571778774,4128.3091271530375,18.6207299393326,0.0537657737147827,0.9917255348585642,2.3720973837482275e-09,12.0,1127.3292236328125,28.087966266660384,903.1360194576564,626.0974688556566,0.0
2458311.0601815665,2356613.8224580297,2043.8099130673077,2222817.1112040547,4283.373277530793,2222817.1112040547,4283.373277530793,18.613985048932136,0.0545479702568702,1.0110507354990732,1.4740219259059311e-09,12.0,1073.9368896484375,35.28140222607394,903.1360194576564,626.0974688556566,0.0
2458312.0557241347,2357064.2926350175,1790.6406580128773,2223291.4681737353,4161.00904760376,2223291.4681737353,4161.00904760376,18.61780831614172,0.0539292356791461,1.0128511792916588,2.5594751157044822e-09,12.0,1072.2523193359375,30.37994816967677,903.1360194576564,626.0974688556566,0.0
2458312.924730061,2353410.4261358683,1997.9546476941434,2219443.8504429883,4223.391954275252,2219443.8504429883,4223.391954275252,18.58679692251789,0.0542429115275928,0.9841643824867377,1.7461823040407671e-09,12.0,1143.4674072265625,34.206486234946595,903.1360194576564,626.0974688556566,0.0
2458313.1013006475,2357017.828871395,1845.3047983785034,2223242.5406059646,4186.876489344007,2223242.5406059646,4186.876489344007,18.61741396509924,0.0540591307913725,0.9940201523131768,2.879097569875973e-09,12.0,1073.55615234375,30.70771054927905,903.1360194576564,626.0974688556566,0.0
2458313.9209882887,2346772.572115612,2077.1044464358447,2212454.015201782,4192.2913803826805,2212454.015201782,4192.2913803826805,18.530459586742925,0.0540852249916704,0.9910587223861176,1.668984943811304e-09,12.0,1104.2403564453125,38.04909257451353,903.1360194576564,626.0974688556566,0.0
2458314.918063685,2336584.4803559156,2065.8854539593813,2201725.686045214,4074.8939197439427,2201725.686045214,4074.8939197439427,18.443990383801637,0.0534981899816879,0.9813074968870992,3.126858659646752e-09,12.0,1121.5576171875,40.68135067789433,903.1360194576564,626.0974688556566,0.0
2458317.0249600224,2355219.2593798633,1941.1593017136436,2221348.599525414,4214.328714097861,2221348.599525414,4214.328714097861,18.60214899948689,0.0541973111820656,0.9949966812262332,3.170259253614789e-09,12.0,1077.7342529296875,32.92522191645118,903.1360194576564,626.0974688556566,0.0
2458317.9105333406,2359755.5299449246,2386.714954677623,2226125.411995612,4509.376393188797,2226125.411995612,4509.376393188797,18.640649604834664,0.055719068220272,0.9771246920963156,3.0742845854936758e-09,12.0,1471.5499267578125,39.10879559879271,903.1360194576564,626.0974688556566,0.0
2458327.944227847,2464980.3051737756,19990.47431620302,2336929.8737837556,21665.18451126851,2336929.8737837556,21665.18451126851,19.53372189534059,0.179660454565034,0.7480452010000321,2.911499169911249e-09,12.0,20829.7578125,113.28647046927074,903.1360194576564,626.0974688556566,0.0
2458328.0589822344,2345256.1640071683,4944.334490771715,2210857.1974947182,6305.540613061115,2210857.1974947182,6305.540613061115,18.51758940422361,0.0660783183273825,0.8710375359720003,3.2046338561789274e-09,12.0,12180.0283203125,82.86724263946067,903.1360194576564,626.0974688556566,0.0
2458330.0407216707,2368821.1327071446,5455.724334467988,2235671.73065173,6922.185991649382,2235671.73065173,6922.185991649382,18.71759192764851,0.0699752551017452,0.6456342041497761,1.965799433441052e-09,12.0,6204.580078125,55.77517738366853,903.1360194576564,626.0974688556566,4.0
2458330.87544986,2359576.414946678,2652.7519348926653,2225936.799181418,4669.450306651773,2225936.799181418,4669.450306651773,18.63912940541965,0.0565690732226204,0.8227865191169428,1.895998289444665e-09,12.0,1185.4705810546875,36.492970161745134,903.1360194576564,626.0974688556566,0.0
2458332.017301899,2353592.530795863,2443.68402980227,2219635.6114498074,4477.673142649641,2219635.6114498074,4477.673142649641,18.588342496033835,0.0555520031774531,1.0090979841122822,1.5811733848664963e-09,12.0,1654.6513671875,43.70461911857966,903.1360194576564,626.0974688556566,0.0
2458332.868409696,2348039.3884406593,1724.553160468459,2213788.0061822915,4025.6764030206145,2213788.0061822915,4025.6764030206145,18.541211413530863,0.0532567167970111,0.9839103091211772,2.8797138157547034e-09,12.0,1243.8548583984375,30.308068161430587,903.1360194576564,626.0974688556566,0.0
2458335.9150463515,2358156.385417169,1926.8853268747935,2224441.470658278,4240.349708541283,2224441.470658278,4240.349708541283,18.627077215032475,0.0543293525009434,0.9951081797885796,2.5126380414753363e-09,12.0,1096.1209716796875,31.970196682674334,903.1360194576564,626.0974688556566,0.0
2458337.9020184106,2355043.880142264,1734.4643152277176,2221163.9205656485,4111.135399937593,2221163.9205656485,4111.135399937593,18.600660506524207,0.0536799350556919,0.9980734671089044,3.158058452961133e-09,12.0,1111.3067626953125,29.344164768185816,903.1360194576564,626.0974688556566,0.0
2458338.9470829046,2361466.0654747994,2506.636227476391,2227926.6509941756,4599.0687739763825,2227926.6509941756,4599.0687739763825,18.6551674014309,0.0561934985120306,1.0095422925967272,1.7345427779232399e-09,12.0,1067.5836181640625,42.05959486433768,903.1360194576564,626.0974688556566,0.0
2458339.943551521,2360631.9093968193,2055.1950016427068,2227048.2626577164,4334.354347435592,2227048.2626577164,4334.354347435592,18.648087683963418,0.0548094465305641,1.0044368400935462,1.4520289102756436e-09,12.0,1057.888671875,34.02870567407095,903.1360194576564,626.0974688556566,0.0
2458339.9752682745,2354680.8760587713,2116.042293725847,2220781.667697813,4300.714131617711,2220781.667697813,4300.714131617711,18.597579588673774,0.0546363069918761,1.0003737390392204,3.190263488201192e-09,12.0,1065.941162109375,36.76821296313738,903.1360194576564,626.0974688556566,0.0
2458340.874712359,2357953.2877450725,2131.8987417616304,2224227.603456396,4345.538970154179,2224227.603456396,4345.538970154179,18.62535346791285,0.0548666177430171,1.0011480089917415,2.498814005805681e-09,12.0,1183.81787109375,36.077275515053486,903.1360194576564,626.0974688556566,0.0
2458341.8744127885,-1176565338.3168216,-1176565338.3168216,-1176565338.3168216,-1176565338.3168216,-1176565338.3168216,-1176565338.3168216,0.0,0.0,0.0012038594482168,-9999.99,12.0,-9999.99,-9999.99,-9999.99,-9999.99,7.0
2458343.033569966,2363746.351089082,2030.3907557088673,2230327.8518488645,4356.464515921046,2230327.8518488645,4356.464515921046,18.67452082739096,0.0549236011473223,0.9565454399203868,3.219693144906126e-09,12.0,1060.20458984375,30.935484290142448,903.1360194576564,626.0974688556566,0.0
2458344.864310277,2360573.683451814,2821.6299009655622,2226986.9492029245,4788.0734755728645,2226986.9492029245,4788.0734755728645,18.647593503976225,0.0572097302806251,0.9523762324935882,1.896280287631298e-09,12.0,1477.388427734375,45.10247405237374,903.1360194576564,626.0974688556566,0.0
2458346.0284890654,2360044.8079858767,2011.6590099700152,2226430.0293974075,4305.031141869204,2226430.0293974075,4305.031141869204,18.64310478900649,0.0546590365982327,0.9742182219387916,3.2240021810514022e-09,12.0,1042.1329345703125,32.20636280272475,903.1360194576564,626.0974688556566,0.0
2458347.899656635,2362343.137241485,2018.8020637126683,2228850.230682,4334.639686134904,2228850.230682,4334.639686134904,18.662611356430173,0.0548111297764134,0.9874422797524082,3.0478551549271153e-09,12.0,1535.4580078125,32.17698490192794,903.1360194576564,626.0974688556566,0.0
2458347.973900866,2378445.5505751157,2553.2905668930894,2245806.4963432243,4808.549332511238,2245806.4963432243,4808.549332511238,18.799277071583862,0.0573235732782383,0.9894838764928428,1.9074349152067252e-09,12.0,2274.943603515625,36.19064616517524,903.1360194576564,626.0974688556566,0.0
2458353.0118637346,2345112.903512286,3734.566171870985,2210706.3404176054,5301.344803238625,2210706.3404176054,5301.344803238625,18.516373512072494,0.0600763976036918,0.9222469514126836,2.9318419435048383e-09,12.0,7892.7548828125,66.06958828952138,903.1360194576564,626.0974688556566,0.0
2458353.977022094,2400693.420751819,5849.291660261829,2269234.0900396765,7498.8279677074215,2269234.0900396765,7498.8279677074215,18.988101009048915,0.0737381663172315,0.9629070217118042,1.9506204941999123e-09,12.0,8501.0400390625,69.80525897826979,903.1360194576564,626.0974688556566,0.0
2458381.880057115,2332250.835947822,3259.30448128236,2197162.2442590385,4824.158665283161,2197162.2442590385,4824.158665283161,18.407209523691847,0.0574035358318561,0.856934176100514,1.947320811214757e-09,12.0,4832.5927734375,58.94710583444793,903.1360194576564,626.0974688556566,0.0
2458390.8802764467,2345234.931746368,2128.3035867319622,2210834.8393644663,4203.915163035385,2210834.8393644663,4203.915163035385,18.51740920004884,0.0541436450846215,0.9325267871215964,3.226668796577411e-09,12.0,1446.383544921875,36.99190713109048,903.1360194576564,626.0974688556566,0.0
2458398.88121171,2354533.9266325366,2048.617981482419,2220626.9260787573,4262.724069047006,2220626.9260787573,4262.724069047006,18.59633238752377,0.0544425422351917,0.9438353708680286,3.0467653406134406e-09,12.0,1631.3359375,33.41075524084598,903.1360194576564,626.0974688556566,0.0
2458683.95987839,2344265.1681087846,3298.311069446335,2209813.65269345,4962.32870197552,2209813.65269345,4962.32870197552,18.50917854304641,0.0581646456511103,1.0153642520713078,1.8605413502233215e-09,12.0,5361.23193359375,64.47078510996306,903.1360194576564,626.0974688556566,0.0
2458684.001649403,2373564.008720146,3174.1029855219913,2240666.1041042325,5153.896065995024,2240666.1041042325,5153.896065995024,18.75784605159704,0.059240298910219,1.0708518468313155,3.229393696021097e-09,12.0,5595.7236328125,51.63581119009267,903.1360194576564,626.0974688556566,0.0
2458685.014103376,2359162.8934739665,2553.5913320310083,2225501.3501712205,4603.400481498794,2225501.3501712205,4603.400481498794,18.63561973226516,0.0562162539870702,1.0234038632006828,3.230249102278757e-09,12.0,2170.946533203125,44.12223571595774,903.1360194576564,626.0974688556566,0.0
2458686.027501211,2352723.667861872,2744.6323203618344,2218720.6758791762,4658.2073484500415,2218720.6758791762,4658.2073484500415,18.58096821170862,0.0565080384894805,0.7183277289882753,2.986742128888724e-09,12.0,2492.401123046875,34.68364880824851,903.1360194576564,626.0974688556566,0.0
2458687.9936070875,2361902.8219072237,2295.148608199531,2228386.5670293677,4479.730567881512,2228386.5670293677,4479.730567881512,18.658874276229632,0.0555637701493688,1.0768825714080212,1.88247065044025e-09,12.0,1182.0675048828125,40.85813990818697,903.1360194576564,626.0974688556566,0.0
2458688.893640899,2366657.0497583956,2125.0280931175666,2233392.894266672,4438.772021533335,2233392.894266672,4438.772021533335,18.699224746424505,0.0553504399995555,1.0521117533591895,2.531500169318815e-09,12.0,1312.5809326171875,35.03460936260729,903.1360194576564,626.0974688556566,0.0
2458689.89128779,2360734.96583421,2162.8024366024906,2227156.783802605,4393.170522953064,2227156.783802605,4393.170522953064,18.648962352960236,0.0551128212796051,1.033368925459605,2.887860723386881e-09,12.0,1204.46533203125,36.87796508356805,903.1360194576564,626.0974688556566,0.0
2458691.960091004,2359501.0029935506,1788.4037679613054,2225857.388407098,4188.061933467686,2225857.388407098,4188.061933467686,18.638489362943307,0.0540654024805124,1.0537772659049718,3.209148133426782e-09,12.0,1123.4959716796875,30.91015926140417,903.1360194576564,626.0974688556566,0.0
2458692.882470164,2353393.889783493,2479.5210208443627,2219426.43722808,4497.378338021418,2219426.43722808,4497.378338021418,18.58665657383993,0.0556552909822087,1.0169424123110085,2.420549406576598e-09,12.0,1190.4971923828125,44.5892924665525,903.1360194576564,626.0974688556566,0.0
2458694.0731958835,2346410.4550792244,11218.377994815623,2212072.696417932,12341.424687498398,2212072.696417932,12341.424687498398,18.527386197511014,0.108064235395175,0.0969191228074073,1.932825765856054e-09,12.0,858.6243286132812,18.5186020995625,903.1360194576564,626.0974688556566,4.0
2458694.931796272,2361786.323909202,2003.3524207731834,2228263.8915668447,4320.3907505930165,2228263.8915668447,4320.3907505930165,18.657885524923632,0.0547379275557371,1.0299965092493542,2.426325653706469e-09,12.0,1175.433837890625,33.44202265209099,903.1360194576564,626.0974688556566,0.0
2458696.8715228806,0.0,0.0,0.0,0.0,0.0,0.0,0.0,0.0,0.0,0.0,12.0,0.0,0.0,0.0,0.0,5.0
2458697.8687286936,2355849.704881185,1777.3637647998214,2222012.4752553343,4140.685580343866,2222012.4752553343,4140.685580343866,18.607499767941192,0.053827374930211,1.0206989657224084,2.9340552215981877e-09,12.0,1284.4512939453125,30.677389138327676,903.1360194576564,626.0974688556566,0.0
2458697.950557228,2360944.795752735,2343.902805819069,2227377.7402374237,4497.263298747279,2227377.7402374237,4497.263298747279,18.6507432385506,0.0556555806392894,1.0306512880398917,2.817519879592355e-09,12.0,1123.0062255859375,40.16920542446636,903.1360194576564,626.0974688556566,0.0
2458699.9574479107,2357883.9179136897,547.7050549040688,2224154.5551955258,3764.291822089942,2224154.5551955258,3764.291822089942,18.624764706624724,0.0520012150373415,0.999790098013801,1.953265537796858e-09,12.0,1127.966064453125,0.2004076763159182,903.1360194576564,626.0974688556566,0.0
2458700.049072216,2356472.831263321,2306.093166558386,2222668.643759839,4427.065122957903,2222668.643759839,4427.065122957903,18.61278841697046,0.055288215436778,0.9732361100385498,2.051413950444325e-09,12.0,1160.0091552734375,38.71949664371181,903.1360194576564,626.0974688556566,0.0
2458701.87067415,2361004.9198053028,1852.2920782536537,2227441.0524495053,4236.007399332221,2227441.0524495053,4236.007399332221,18.65125352831102,0.0543076993737827,1.0503241156164729,2.9111575166043833e-09,12.0,1538.6578369140625,31.66380784856515,903.1360194576564,626.0974688556566,0.0
2458701.94519847,2362412.107619773,1984.2394060797612,2228922.858308231,4317.688281536013,2228922.858308231,4317.688281536013,18.663196727447417,0.0547241538443954,1.0679802826876574,2.9745228789865203e-09,12.0,1355.2723388671875,34.39909532257685,903.1360194576564,626.0974688556566,0.0
2458702.953737819,2363263.9229997112,4094.0276231685,2229819.842355112,5739.847127653043,2229819.842355112,5739.847127653043,18.67042632438212,0.0626412163578313,0.6779957796969612,3.100755935548394e-09,12.0,3699.88525390625,45.56574411434929,903.1360194576564,626.0974688556566,4.0
2458703.9509309726,2347467.3682717783,2423.2589319251165,2213185.653867383,4400.771422386607,2213185.653867383,4400.771422386607,18.53635651732105,0.0551506806950602,1.0071722114510602,2.750137330865953e-09,12.0,2396.91162109375,45.31514465781047,903.1360194576564,626.0974688556566,0.0
2458704.03026897,2348907.6458152183,2467.167833084858,2214702.30408288,4442.778450982206,2214702.30408288,4442.778450982206,18.54858055830271,0.0553691888624334,1.0100568807457564,2.5998727742809907e-09,12.0,3676.94775390625,45.7287563470691,903.1360194576564,626.0974688556566,0.0
2458704.052236747,2355125.555576092,2958.9697531717093,2221249.926950235,4825.14256382821,2221249.926950235,4825.14256382821,18.601353708924563,0.0574110634682078,1.0153196256517332,3.121629489015611e-09,12.0,3651.509765625,52.92770550019181,903.1360194576564,626.0974688556566,0.0
2458709.945232063,2347445.767553525,5829.962917173284,2213162.90774172,7109.285741816354,2213162.90774172,7109.285741816354,18.536173185944147,0.0711814208546513,0.2564536419603425,2.3360705628641503e-09,12.0,1345.3065185546875,26.75314731931276,903.1360194576564,626.0974688556566,0.0
2458709.947752894,2360560.2059441525,3141.920311671206,2226972.7570321253,5004.23265043649,2226972.7570321253,5004.23265043649,18.647479116574484,0.0583991241732186,1.0436864098696592,1.5182012352317806e-09,12.0,5457.41650390625,55.44638250531256,903.1360194576564,626.0974688556566,0.0
2458710.0229370915,2384840.9204694917,6518.323436667991,2252540.989408584,7979.878078229508,2252540.989408584,7979.878078229508,18.853556376317776,0.0769462049401533,1.0317749422545377,1.932179788071335e-09,12.0,12484.126953125,95.09517836384296,903.1360194576564,626.0974688556566,0.0
2458711.9638633817,2359955.6341799893,3344.7718960204074,2226336.127029405,5142.250936564729,2226336.127029405,5142.250936564729,18.642347945811515,0.0591728153856942,0.9687280075165904,1.9681932730460606e-09,12.0,4492.27490234375,55.16080086321288,903.1360194576564,626.0974688556566,0.0
2458714.9634998217,0.0,0.0,0.0,0.0,0.0,0.0,0.0,0.0,0.0,0.0,12.0,0.0,0.0,0.0,0.0,5.0
2458717.925540876,2348627.4054278783,2464.854301022444,2214407.203568546,4438.4248630302955,2214407.203568546,4438.4248630302955,18.546202079241382,0.0553464726614201,0.9802551115364272,1.236324369553355e-09,12.0,1154.9066162109375,44.50823271167355,903.1360194576564,626.0974688556566,0.0
2458724.903081949,2355856.983373963,2126.5377996634793,2222020.139700073,4319.434045467606,2222020.139700073,4319.434045467606,18.607561542558457,0.0547322934281774,0.9974212571160852,2.5572071731752073e-09,12.0,1268.300048828125,36.42455188684424,903.1360194576564,626.0974688556566,0.0
2458727.8690695893,2357322.365552414,2225.3024716701184,2223563.225757935,4390.257715607103,2223563.225757935,4390.257715607103,18.619998653644984,0.055097322973444,0.9990024151354536,3.067987754817602e-09,12.0,1500.0504150390625,37.83929875492558,903.1360194576564,626.0974688556566,0.0
2458728.93854045,2358586.3103527194,2080.154879277882,2224894.1929472005,4324.698180489741,2224894.1929472005,4324.698180489741,18.63072610899402,0.0547596195933741,1.0060391870044054,1.8153605803447994e-09,12.0,1256.947021484375,35.17902790003334,903.1360194576564,626.0974688556566,0.0
2458734.884355881,0.0,0.0,0.0,0.0,0.0,0.0,0.0,0.0,0.0,0.0,12.0,0.0,0.0,0.0,0.0,5.0
2458734.8881464624,0.0,0.0,0.0,0.0,0.0,0.0,0.0,0.0,0.0,0.0,12.0,0.0,0.0,0.0,0.0,5.0
2458736.8701765398,2364207.092948059,3299.2228103534503,2230813.025170414,5150.020043936858,2230813.025170414,5150.020043936858,18.678431273257274,0.059217195052207,0.983707382816989,1.7005659084950324e-09,12.0,4978.0673828125,53.34777847946952,903.1360194576564,626.0974688556566,0.0
2458736.873974359,-1176565338.3168216,-1176565338.3168216,-1176565338.3168216,-1176565338.3168216,-1176565338.3168216,-1176565338.3168216,0.0,0.0,-9999.99,-9999.99,12.0,-9999.99,-9999.99,-9999.99,-9999.99,5.0
2458739.8952823174,2359570.423639256,3059.5109635386793,2225930.4901767876,4937.575204978045,2225930.4901767876,4937.575204978045,18.63907855550687,0.0580292530187963,1.0162752690225472,1.4115432602169363e-09,12.0,3938.18017578125,53.011362608632375,903.1360194576564,626.0974688556566,0.0
2458739.899066556,2359204.4243248487,3026.1790491633988,2225545.083251853,4911.141403825585,2225545.083251853,4911.141403825585,18.63597221628846,0.0578833061059647,1.0161208219951647,2.0412782039109704e-09,12.0,3978.403564453125,52.58327546606479,903.1360194576564,626.0974688556566,0.0
2458749.879510217,2350547.861725064,2281.5593789077548,2216429.4946680977,4348.994474547247,2216429.4946680977,4348.994474547247,18.562501532487207,0.0548835465532659,0.9447441812682528,2.831219865859062e-09,12.0,1436.61083984375,38.75395978945201,903.1360194576564,626.0974688556566,0.0
2458749.883298716,2362634.114061001,2201.508755657999,2229156.6369423973,4435.381274297782,2229156.6369423973,4435.381274297782,18.665080958613903,0.0553322534312044,0.9574919758938324,2.1818633324997103e-09,12.0,1362.858154296875,34.084206371636135,903.1360194576564,626.0974688556566,0.0
2458751.880238783,2401895.916078804,12030.61152251362,2270500.3493138803,13376.121497523534,2270500.3493138803,13376.121497523534,18.998306925418504,0.1157903339780131,0.1509378567989326,3.114809609877289e-09,12.0,1398.8939208984375,20.29750409461612,903.1360194576564,626.0974688556566,4.0
2458751.884020771,2362772.393189358,14530.3836636983,2229302.248509267,15761.621827360144,2229302.248509267,15761.621827360144,18.666254572504982,0.1338734200356462,0.0857511900667431,1.835448333540289e-09,12.0,1259.0181884765625,18.669808644333514,903.1360194576564,626.0974688556566,4.0
2458753.8809705013,2368269.088602111,10293.170575132595,2235090.413658574,11503.894902442158,2235090.413658574,11503.894902442158,18.712906573916268,0.101886224061027,0.194149317288124,1.9880733134463428e-09,12.0,1368.8502197265625,30.85722003676108,903.1360194576564,626.0974688556566,4.0
2458753.8847568664,2369934.7509302762,15861.254647170272,2236844.3999929884,17146.156973531888,2236844.3999929884,17146.156973531888,18.727043519016792,0.1445060242557057,0.1089331013936202,1.9876084178517118e-09,12.0,1180.431396484375,25.83818559204125,903.1360194576564,626.0974688556566,4.0
2458591.162630231,2306648.0637980234,2426.839637174089,2099580.379501477,4109.215786880146,2099580.379501477,4109.215786880146,17.464727469381838,0.0570427533192621,1.055352756469902,2.5617426552294093e-10,12.0,3448.96533203125,56.10122357107184,902.026056024506,625.5691360352753,0.0
2458565.280096771,2304540.295236436,2737.914820344262,2097268.516401192,4314.9804480628,2097268.516401192,4314.9804480628,17.446656390342085,0.0579631271114452,0.8802422721428145,3.654802453404346e-10,12.0,4444.42509765625,56.42955699254527,902.026056024506,625.5691360352753,0.0
2458587.1731587616,2305386.398750077,2295.521718063811,2098196.547840627,4002.464307001157,2098196.547840627,4002.464307001157,17.45391050910514,0.0565767513519603,0.962456229943916,2.7637675747437587e-10,12.0,1855.852490234375,47.55544861120832,902.026056024506,625.5691360352753,0.0
2458573.2060149047,2308441.864842382,2746.3785785802056,2101547.8737127907,4364.34057289045,2101547.8737127907,4364.34057289045,17.48010672925174,0.0581895064531594,0.8520649120938207,4.176839159428447e-10,12.0,2570.4793945312504,52.48873750462243,902.026056024506,625.5691360352753,0.0
2458592.2206372973,2309136.29361036,2479.1819221681662,2102309.543790671,4175.595893031062,2102309.543790671,4175.595893031062,17.486060455567944,0.0573372018245605,1.0704759142766576,2.387409661180154e-10,12.0,3407.2169921875,57.08459686158881,902.026056024506,625.5691360352753,0.0
2458580.231848519,0.0,0.0,0.0,0.0,0.0,0.0,0.0,0.0,0.0,0.0,12.0,0.0,0.0,0.0,0.0,5.0
2458593.1534094466,2293566.551943007,2865.7184052197813,2085232.1891428567,4302.619822101265,2085232.1891428567,4302.619822101265,17.352572349982136,0.0579043948476265,1.012999157353518,4.203659609877745e-10,12.0,7362.7376953125,77.31311342326417,902.026056024506,625.5691360352753,0.0
2458585.178480116,2305027.2476206687,2521.6927457115307,2097802.620225123,4158.91808649365,2097802.620225123,4158.91808649365,17.450831305550732,0.0572619935457208,1.0137826332494777,3.8321953129510125e-10,12.0,1912.22431640625,58.01187813509007,902.026056024506,625.5691360352753,0.0
2458586.175836738,2299855.4871347016,3139.146312187152,2092130.0798670757,4585.650865628967,2092130.0798670757,4585.650865628967,17.406490909636325,0.0592181567832481,0.52568872493091,4.1023897543805377e-10,12.0,1600.1702880859375,41.31297053088005,902.026056024506,625.5691360352753,4.0
2458594.253389277,2283251.228487726,2909.0464987465743,2073918.0362997057,4243.927835261257,2073918.0362997057,4243.927835261257,17.264133311238304,0.0576371393067288,0.9681278362525164,3.129568885241314e-10,12.0,4747.2486328125,82.9673968790897,902.026056024506,625.5691360352753,0.0
2458595.148103528,2286098.3220378854,7778.938493494759,2077040.8129847895,8991.0645615204,2077040.8129847895,8991.0645615204,17.288543037010005,0.0846222967555871,0.6251273013731283,2.604929348015846e-10,12.0,27026.620312500003,150.99913607314153,902.026056024506,625.5691360352753,6.0
2458600.134669745,2271371.857636171,3483.416526191974,2060888.38986374,4651.089713550424,2060888.38986374,4651.089713550424,17.162284819182037,0.0595241215682679,0.9407463793006025,4.2019102378864806e-10,12.0,3780.37568359375,110.015549006595,902.026056024506,625.5691360352753,0.0
2458602.1896979986,2280128.251635487,2593.3883260937205,2070492.6626228623,3962.1850725836443,2070492.6626228623,3962.1850725836443,17.23735828357886,0.0563978237642874,1.012205957741581,4.205497457010492e-10,12.0,2475.71787109375,77.6561262564195,902.026056024506,625.5691360352753,0.0
2458603.199102357,2262798.5054254485,3455.595472996086,2051484.8827695842,4572.97374632975,2051484.8827695842,4572.97374632975,17.088780674438986,0.0591522190398149,0.8219802679316042,2.956926651597222e-10,12.0,2405.80625,102.45182229157663,902.026056024506,625.5691360352753,0.0
2458610.1762066293,2305771.5778576485,2336.0647643143434,2098619.023714886,4035.1038339269576,2098619.023714886,4035.1038339269576,17.457212865077345,0.0567183352117966,1.0649859706981548,2.6505754643444046e-10,12.0,2042.4459960937504,53.99967636730008,902.026056024506,625.5691360352753,0.0
2458611.1635579737,2309873.138549432,2409.532125973743,2103117.7371835895,4135.033821648947,2103117.7371835895,4135.033821648947,17.49237783944809,0.0571575134246713,1.0531516534501046,2.9444914484677453e-10,12.0,1955.7542724609373,53.28804532616926,902.026056024506,625.5691360352753,0.0
2458616.2637964017,2295766.3175976477,2250.6621623882897,2087644.9573845502,3861.5248903508873,2087644.9573845502,3861.5248903508873,17.371432171567122,0.0559726873235055,1.0254380456871397,2.8846216564347205e-10,12.0,2548.369775390625,55.23073651901159,902.026056024506,625.5691360352753,0.0
2458618.0908732787,2297081.5647871736,2455.6165802664173,2089087.5595281813,4022.9885343052642,2089087.5595281813,4022.9885343052642,17.382708521519362,0.0566635717306593,1.0115094803223856,3.6782757594962336e-10,12.0,2833.266845703125,60.705928690976044,902.026056024506,625.5691360352753,0.0
2458619.088185861,2311474.1536722146,2582.2252914303904,2104873.778075752,4277.2661342990195,2104873.778075752,4277.2661342990195,17.506104237760955,0.0577939404973528,1.036914584033102,2.6620928994568106e-10,12.0,3203.3748046875,57.06907293898748,902.026056024506,625.5691360352753,0.0
2458626.1943083266,-1176565338.3168216,-1176565338.3168216,-1176565338.3168216,-1176565338.3168216,-1176565338.3168216,-1176565338.3168216,0.0,0.0,1.0332240670446398,-9999.99,12.0,-9999.99,-9999.99,-9999.99,-9999.99,3.0
2458627.1870316765,2307014.3030495513,2498.4443764232406,2099982.0815796447,4164.736264118857,2099982.0815796447,4164.736264118857,17.467867443372555,0.0572883477605226,1.0452647597737823,2.7634468859401765e-10,12.0,4500.4625,57.77094897912573,902.026056024506,625.5691360352753,0.0
2458628.0601830976,2310104.887582958,2898.7459934602603,2103371.9264000445,4499.507757335708,2103371.9264000445,4499.507757335708,17.49436475356124,0.058815607082931,1.0323667468958364,2.2683175987939928e-10,12.0,4049.3184570312496,67.73937048306519,902.026056024506,625.5691360352753,0.0
2458629.0576769784,2307141.430785852,2661.875250392116,2100121.519052966,4286.2369685287795,2100121.519052966,4286.2369685287795,17.46895738057568,0.0578333511577293,1.0113052106462952,2.896851321860664e-10,12.0,3024.71884765625,60.905292500931,902.026056024506,625.5691360352753,0.0
2458629.251473928,2306838.596373527,2364.189412422064,2099789.3612837936,4067.2833510573964,2099789.3612837936,4067.2833510573964,17.466361011742396,0.0568588832059733,1.0188369481543404,3.2274614288126117e-10,12.0,3075.174609375,51.83900752868344,902.026056024506,625.5691360352753,0.0
2458630.1911054133,0.0,0.0,0.0,0.0,0.0,0.0,0.0,0.0,0.0,0.0,12.0,0.0,0.0,0.0,0.0,5.0
2458631.0955069764,2308031.4546195525,2567.9200936022044,2101097.723602652,4226.894877002481,2101097.723602652,4226.894877002481,17.476588052813224,0.0575661082919447,1.029065244800005,2.7638623513608645e-10,12.0,2103.882763671875,58.4309949867511,902.026056024506,625.5691360352753,0.0
2458639.0345747788,2279590.717768937,2778.5344439511146,2069903.0795282673,4105.862579029145,2069903.0795282673,4105.862579029145,17.23274970502522,0.0570222056929661,0.9627993769273164,3.8357344998819005e-10,12.0,2267.040576171875,80.81963396618008,902.026056024506,625.5691360352753,0.0
2458641.181412755,2304230.989344175,2252.016022060863,2096929.2605208026,3958.948803298835,2096929.2605208026,3958.948803298835,17.444004537890923,0.0563890652250342,1.0342408779287982,2.6727298672525377e-10,12.0,1954.55908203125,50.35219358642102,902.026056024506,625.5691360352753,0.0
2458647.013042252,2310628.3535960056,33453.827011664645,2103946.0794554963,36831.72582351874,2103946.0794554963,36831.72582351874,17.49885272053674,0.2917354921542457,0.0942047539628005,4.136572407387587e-10,12.0,10423.7431640625,80.99204939961768,902.026056024506,625.5691360352753,4.0
2458653.989989757,-1176565338.3168216,-1176565338.3168216,-1176565338.3168216,-1176565338.3168216,-1176565338.3168216,-1176565338.3168216,0.0,0.0,0.9848896858015704,-9999.99,12.0,-9999.99,-9999.99,-9999.99,-9999.99,1.0
2458655.006783694,2344904.4129062938,4480.061813943639,2141541.0783499707,6190.402445812955,2141541.0783499707,6190.402445812955,17.792720552260068,0.0675653512017175,1.019466856042048,3.3610195102256e-10,12.0,6551.062109375,81.90795889943327,902.026056024506,625.5691360352753,0.0
2458656.040377924,2316627.631758141,3011.619954912912,2110526.2657549554,4659.922225997494,2110526.2657549554,4659.922225997494,17.550287888431967,0.059575738070555,1.0225423481478315,3.1576760457764325e-10,12.0,4672.64833984375,65.78422785681323,902.026056024506,625.5691360352753,0.0
2458661.927114698,2274917.34947289,3374.677335800037,2064777.1905124744,4578.037232187109,2064777.1905124744,4578.037232187109,17.192682304173477,0.0591775437426771,0.8309528720862329,2.7534535703720246e-10,12.0,2164.914453125,90.83416605589238,902.026056024506,625.5691360352753,0.0
2458673.9391435347,0.0,0.0,0.0,0.0,0.0,0.0,0.0,0.0,0.0,0.0,12.0,0.0,0.0,0.0,0.0,5.0
2458684.005597111,2316520.92557856,3545.666720576185,2110409.2272509965,5090.829010699418,2110409.2272509965,5090.829010699418,17.549373036659176,0.0616926915513795,1.0897430995382205,4.184327287482722e-10,12.0,5758.00673828125,86.64282335605552,902.026056024506,625.5691360352753,0.0
2458685.0180539647,0.0,0.0,0.0,0.0,0.0,0.0,0.0,0.0,0.0,0.0,12.0,0.0,0.0,0.0,0.0,5.0
2458686.031455878,2306721.7010985585,3632.0124904722074,2099661.1470776782,5067.269574110221,2099661.1470776782,5067.269574110221,17.465358803154682,0.0615714710344337,0.5918455490385749,4.043065751825952e-10,12.0,3574.91044921875,52.40475317828302,902.026056024506,625.5691360352753,4.0
2458687.997552845,2308881.4590115766,2441.7130546474773,2102030.033641249,4145.940512936509,2102030.033641249,4145.940512936509,17.483875615988985,0.0572054931349068,1.0853409211892588,2.6842506742169823e-10,12.0,1922.5200927734372,56.79045864549876,902.026056024506,625.5691360352753,0.0
2458688.897596721,2307983.714512246,2426.098034495574,2101045.3608364095,4124.311646031087,2101045.3608364095,4124.311646031087,17.476178750165765,0.0571096403906358,1.072518710896033,4.21502625235693e-10,12.0,2141.95244140625,56.05115336753545,902.026056024506,625.5691360352753,0.0
2458689.895243366,2303958.5777097386,2440.2330298808665,2096630.4713571242,4087.8325246224326,2096630.4713571242,4087.8325246224326,17.441669000552054,0.0569480979065453,1.0517858573580727,3.8264772578065766e-10,12.0,1989.102880859375,58.12718798708931,902.026056024506,625.5691360352753,0.0
2458691.9640365057,2305318.658342223,2253.3927935005377,2098122.248151295,3972.7542732697175,2098122.248151295,3972.7542732697175,17.453329732692207,0.0564486439320445,1.0558943475392422,3.8933637864518287e-10,12.0,1714.592724609375,50.81249189260822,902.026056024506,625.5691360352753,0.0
2458692.886415625,2301663.8944708826,2460.6708077891876,2094113.594692656,4076.764421809498,2094113.594692656,4076.764421809498,17.421995397417287,0.0568990204810046,1.0411103852109047,3.845923501752824e-10,12.0,1863.2833007812496,59.66692501305349,902.026056024506,625.5691360352753,0.0
2458694.077161752,2280280.248702373,9260.489536660216,2070659.3775158976,10525.521696893951,2070659.3775158976,10525.521696893951,17.238661439465893,0.0948188388200535,0.0727858951463137,2.66821352659436e-10,12.0,1177.017138671875,19.588221311676964,902.026056024506,625.5691360352753,4.0
2458694.9357694057,2304675.2428435953,2295.274938793674,2097416.530940901,3993.9282903336743,2097416.530940901,3993.9282903336743,17.44781337167276,0.0565396951149794,1.0311452110830992,3.4923406049570394e-10,12.0,1855.8187255859373,51.36911608612344,902.026056024506,625.5691360352753,0.0
2458696.875474429,0.0,0.0,0.0,0.0,0.0,0.0,0.0,0.0,0.0,0.0,12.0,0.0,0.0,0.0,0.0,5.0
2458697.872682757,2309790.0969033977,2310.254424803722,2103026.6546422015,4065.291851964668,2103026.6546422015,4065.291851964668,17.49166587696018,0.0568509891602951,1.0440058587790084,2.908022463699098e-10,12.0,2067.675390625,49.34787658195346,902.026056024506,625.5691360352753,0.0
2458697.9545110115,2310549.1505341395,2334.921248225329,2103859.2071871166,4091.412737033554,2103859.2071871166,4091.412737033554,17.498173668378318,0.0569655800432889,1.0575836954644362,3.269390030884953e-10,12.0,1727.1746826171875,50.4897264135251,902.026056024506,625.5691360352753,0.0
2458699.9614029503,2307695.4758428815,1402.463286321814,2100729.2121112016,3502.468864252336,2100729.2121112016,3502.468864252336,17.473707518802254,0.0545135199128006,1.0001958693171222,2.565917624153699e-10,12.0,1711.4256103515625,0.2969197995383518,902.026056024506,625.5691360352753,0.0
2458700.0530265467,2304607.031306568,2285.8629430549377,2097341.714503112,3986.6277546065903,2097341.714503112,3986.6277546065903,17.447228556005857,0.0565081875365642,1.0497386314827295,2.7469438240110517e-10,12.0,1825.21435546875,52.138792857297496,902.026056024506,625.5691360352753,0.0
2458701.874620201,2307830.043141021,2523.35359316595,2100876.8095166967,4192.153915248374,2100876.8095166967,4192.153915248374,17.474861239530984,0.057410622581876,1.070653138113098,1.7999928947445978e-10,12.0,2092.87939453125,59.48807121888648,902.026056024506,625.5691360352753,0.0
2458701.9491573027,2311888.9598697494,2568.6853055809534,2105328.749821384,4272.331725764858,2105328.749821384,4272.331725764858,17.509660603349886,0.0577717530103688,1.0851736948064084,2.527237848563761e-10,12.0,1871.558837890625,59.09163568634621,902.026056024506,625.5691360352753,0.0
2458702.95769909,2277119.298375784,23641.714909814717,2067192.3534056328,26073.27616322476,2067192.3534056328,26073.27616322476,17.211560843967117,0.2091852134353361,0.0919145919205978,3.9793058353457857e-10,12.0,7253.8564453125,72.43324885958674,902.026056024506,625.5691360352753,4.0
2458703.95489544,2296588.180169262,2401.7205697795084,2088546.4006394942,3978.3209387562215,2088546.4006394942,3978.3209387562215,17.37847845917297,0.0564704371311172,1.0177208538899565,3.3582423380873675e-10,12.0,2614.753173828125,59.594454199856045,902.026056024506,625.5691360352753,0.0
2458704.0561986878,2295863.167585486,2630.6324337330907,2087751.1853249546,4141.369058972284,2087751.1853249546,4141.369058972284,17.37226252069422,0.057182010981725,1.0309484740892696,4.22244580157409e-10,12.0,4239.81728515625,68.95419954494254,902.026056024506,625.5691360352753,0.0
2458709.951713852,2308530.6538465424,2604.946981111517,2101645.26012711,4259.7661259325705,2101645.26012711,4259.7661259325705,17.48086796705616,0.0577141002585922,1.0710618397138123,3.8997352177184555e-10,12.0,4268.3603515625,61.82867463276296,902.026056024506,625.5691360352753,0.0
2458710.026896933,2326907.7974858074,4676.398614106434,2121801.856559257,6184.46468124416,2121801.856559257,6184.46468124416,17.638425500308482,0.0675263372424116,1.061059344260475,3.888720652124279e-10,12.0,11273.45859375,106.19365899895038,902.026056024506,625.5691360352753,0.0
2458711.9678325304,2305081.3446627706,2517.8916486805824,2097861.955466073,4156.758858834523,2097861.955466073,4156.758858834523,17.45129510975648,0.0572524272647946,1.039016363618318,2.2030549751119117e-10,12.0,3456.6861328125,59.32670244494746,902.026056024506,625.5691360352753,0.0
2458714.967448322,0.0,0.0,0.0,0.0,0.0,0.0,0.0,0.0,0.0,0.0,12.0,0.0,0.0,0.0,0.0,5.0
2458717.9294874584,2300633.9169384395,2465.103889125413,2092983.8847734677,4068.575183274091,2092983.8847734677,4068.575183274091,17.413164823825298,0.0568629410795057,0.9902397658285887,3.0892952265553387e-10,12.0,1822.027001953125,57.51632693035197,902.026056024506,625.5691360352753,0.0
2458724.907034078,2305768.329773736,2484.0386503860796,2098615.461120076,4140.026490408862,2098615.461120076,4140.026490408862,17.457185017436885,0.0571784810666438,1.0121636683518052,3.543988470628202e-10,12.0,2015.8784912109372,56.15111615637594,902.026056024506,625.5691360352753,0.0
2458727.87302039,2304937.894247773,2338.1969791827587,2097704.614794427,4026.831143614962,2097704.614794427,4026.831143614962,17.450065229097408,0.0566821810456117,1.0182213565056208,3.688874280610353e-10,12.0,2155.7931640625,52.09566408855021,902.026056024506,625.5691360352753,0.0
2458728.9424985447,2305414.302274235,2310.504195302127,2098227.1532538794,4013.1504357770705,2098227.1532538794,4013.1504357770705,17.454149741627983,0.0566229921031225,1.0221179568715846,4.1972285201903766e-10,12.0,2080.78466796875,51.08136130932832,902.026056024506,625.5691360352753,0.0
2458734.891497464,0.0,0.0,0.0,0.0,0.0,0.0,0.0,0.0,0.0,0.0,12.0,0.0,0.0,0.0,0.0,5.0
2458736.8779243086,2307575.060075092,2502.932242000941,2100597.1365241013,4174.448418719495,2100597.1365241013,4174.448418719495,17.472675127060104,0.0573316720004594,0.9965090594676892,2.7507683925837605e-10,12.0,3809.841845703125,54.66693017787075,902.026056024506,625.5691360352753,0.0
2458736.881707732,2304385.3021417945,2548.7305370579434,2097098.5153760142,4171.492179304709,2097098.5153760142,4171.492179304709,17.445327547833017,0.0573176851944252,0.9960229272490122,2.7373283679501637e-10,12.0,4458.49697265625,58.2226894470449,902.026056024506,625.5691360352753,0.0
2458739.9030415327,2307101.9425469143,2687.059498922464,2100078.207180802,4304.659305943687,2100078.207180802,4304.659305943687,17.468618825812136,0.0579168827880807,1.0305946421425698,2.1090571959302598e-10,12.0,3712.6794921875,63.00267432050581,902.026056024506,625.5691360352753,0.0
2458739.906826064,2310098.484900518,2780.1987804716246,2103364.9037479605,4408.517312931844,2103364.9037479605,4408.517312931844,17.494309859782774,0.0583930716004319,1.0306674307643946,1.91643613220074e-10,12.0,3910.5038574218743,63.91966743009812,902.026056024506,625.5691360352753,0.0
2458749.8872559583,2309387.9539519395,2343.2953101961416,2102585.572320611,4083.1303552474137,2102585.572320611,4083.1303552474137,17.48821808046414,0.0569289337616041,0.9798450547374196,3.9446434439576454e-10,12.0,2092.312744140625,47.54824101537485,902.026056024506,625.5691360352753,0.0
2458749.891050808,2308698.4569286923,2331.706473576292,2101829.3115266827,4066.84313200373,2101829.3115266827,4066.84313200373,17.482306636754487,0.0568574648027917,0.9777731448150502,4.1906961617489366e-10,12.0,2080.403857421875,47.46603510824479,902.026056024506,625.5691360352753,0.0
2458751.887972704,2242511.7933456525,13326.395666389642,2029233.8150109395,14809.71826951873,2029233.8150109395,14809.71826951873,16.914851342664946,0.1249885084224268,0.059048572510446,4.213179211112667e-10,12.0,1853.5259033203129,33.15129802744446,902.026056024506,625.5691360352753,4.0
2458751.891760173,2213211.6269735536,37316.18060356178,1997096.5231363063,40992.14447671482,1997096.5231363063,40992.14447671482,16.663644624793573,0.3238697915778793,0.0186162863157082,4.104530557117156e-10,12.0,1618.1103027343752,37.18857827481853,902.026056024506,625.5691360352753,6.0
2458753.888711994,2302485.5325063057,4330.217576898008,2095014.7916696414,5654.070747469101,2095014.7916696414,5654.070747469101,17.42903975994873,0.0646167284105129,0.3935638852690221,2.5809433588163367e-10,12.0,2024.6721923828125,43.7670686482066,902.026056024506,625.5691360352753,4.0
2458753.892497065,2306302.8475282723,2578.8158824041243,2099201.7360535194,4215.197754324742,2099201.7360535194,4215.197754324742,17.461767737174913,0.0575132184556793,0.9538064715190108,2.6410650660166255e-10,12.0,2116.695458984375,55.41438406866598,902.026056024506,625.5691360352753,0.0
2457845.121757678,2280649.8554716934,11476.54957339558,2071064.7731874988,12887.878408899649,2071064.7731874988,12887.878408899649,17.241830285070545,0.1112210882796924,0.0559827899363397,2.8516982878495024e-10,12.0,753.0138427734375,18.39727691605172,902.026056024506,625.5691360352753,4.0
2457845.1353422287,2294628.611795551,2669.699318786106,2086397.087902682,4158.813906326159,2086397.087902682,4158.813906326159,17.361677983252346,0.0572590440773192,0.5188546901811875,4.157144017913152e-10,12.0,1606.3591796874998,34.66835110182184,902.026056024506,625.5691360352753,4.0
2457852.13729299,2315799.7195800724,3393.0107855460537,2109618.187112153,4956.4663960171765,2109618.187112153,4956.4663960171765,17.54318973416565,0.0610203151569236,0.6632422327395893,2.7515269213351016e-10,12.0,3376.01064453125,49.61603952491858,902.026056024506,625.5691360352753,4.0
2457871.278150946,2301799.096096615,2889.461470999961,2094261.8878474762,4403.652687974987,2094261.8878474762,4403.652687974987,17.42315455659132,0.058368499294854,0.5923636117726051,4.0651682833678903e-10,12.0,1955.415185546875,41.23027505384859,902.026056024506,625.5691360352753,4.0
2457889.00495306,2311318.9960685875,4862.863455411415,2104703.59661224,6221.4506067825505,2104703.59661224,6221.4506067825505,17.504773984824336,0.0677294727147462,0.5711568104226712,4.2105280915806007e-10,12.0,9912.1048828125,67.7962691304543,902.026056024506,625.5691360352753,4.0
2457890.1982964505,2294913.7424736675,4838.237018575109,2086709.8276908677,6075.080529800957,2086709.8276908677,6075.080529800957,17.364122568068165,0.0669091699275704,0.4501749622291335,1.666315594512823e-10,12.0,6043.61953125,60.93742512164723,902.026056024506,625.5691360352753,4.0
2457895.1552225137,2311912.734791194,3311.6935698680873,2105354.826860677,4848.86383316829,2105354.826860677,4848.86383316829,17.509864439051977,0.0604886973025421,0.5277959236057684,3.3414371065742876e-10,12.0,1704.3744140625,39.31813085946814,902.026056024506,625.5691360352753,4.0
2457896.0347279334,2304801.1927530523,2996.646580660527,2097554.676538794,4519.785935659548,2097554.676538794,4519.785935659548,17.448893210707443,0.0589091450863964,0.6213724408751828,3.6899232450091774e-10,12.0,2099.88525390625,44.10082908103321,902.026056024506,625.5691360352753,4.0
2457900.11572192,2319989.071878896,3452.382818440317,2114213.193020418,5049.977512749171,2114213.193020418,5049.977512749171,17.579107395097303,0.061488207363672,0.6420872488225174,3.6157993932647537e-10,12.0,1715.74501953125,47.03931503170064,902.026056024506,625.5691360352753,4.0
2457902.156083203,2302010.4066362632,2960.0990538769533,2094493.659517393,4461.892037258289,2094493.659517393,4461.892037258289,17.42496624006242,0.0586381723831567,0.6157981662467595,3.9344908030243477e-10,12.0,1914.29697265625,44.29555460105399,902.026056024506,625.5691360352753,4.0
2457902.1717774514,2304069.735742332,3366.5718448704765,2096752.3927855657,4815.800035297875,2096752.3927855657,4815.800035297875,17.44262202055127,0.0603250745880144,0.618768322476708,3.2838275212916083e-10,12.0,1868.095361328125,51.308177577735606,902.026056024506,625.5691360352753,4.0
2457903.0607678704,2306682.9750058227,3169.828317434791,2099618.6711500804,4678.838414695259,2099618.6711500804,4678.838414695259,17.465026782696885,0.059663536834108,0.6364230671254272,3.4239591576027036e-10,12.0,1932.8626708984373,47.76215691665116,902.026056024506,625.5691360352753,4.0
2457918.0621215305,2376785.8303393293,8452.010373900699,2176509.562979403,10239.85957319315,2176509.562979403,10239.85957319315,18.066057779521227,0.092908792209523,0.6044588246823317,2.1459589391316807e-10,12.0,9800.8994140625,75.04565581843737,902.026056024506,625.5691360352753,4.0
2457920.1542458525,2314642.11538917,4697.784233000394,2108348.4924870147,6094.765151952542,2108348.4924870147,6094.765151952542,17.53326494583177,0.0670228158307559,0.462576845312467,1.8595381487744058e-10,12.0,3169.280517578125,50.97529477193398,902.026056024506,625.5691360352753,4.0
2457927.995136189,2302413.286996397,4177.676486455921,2094935.5506506972,5513.673846681207,2094935.5506506972,5513.673846681207,17.428420358775554,0.0638711140681313,0.3124697634544799,2.8991008550632516e-10,12.0,1565.360791015625,32.73117099471883,902.026056024506,625.5691360352753,4.0
2457931.0506606214,2291210.0424897512,3106.676412796182,2082647.4996519205,4477.866991753022,2082647.4996519205,4477.866991753022,17.33236867612351,0.0587101415434677,0.6213525639888148,3.833730959800092e-10,12.0,1733.4831298828126,52.7955305624868,902.026056024506,625.5691360352753,4.0
2457934.1308209263,2288892.087750609,2878.1239398881485,2080105.098115426,4268.6826551226695,2080105.098115426,4268.6826551226695,17.312495553397884,0.0577497662140709,0.5725082251910548,3.2088695992139403e-10,12.0,1700.1807373046877,45.09859711554965,902.026056024506,625.5691360352753,4.0
2457936.970802996,0.0,0.0,0.0,0.0,0.0,0.0,0.0,0.0,0.0,0.0,12.0,0.0,0.0,0.0,0.0,5.0
2457937.0645583062,2302891.9995750864,2739.717894167667,2095460.6168114156,4298.60576077278,2095460.6168114156,4298.60576077278,17.432524629521648,0.0578883254516987,0.6434030224024753,1.6220374716861174e-10,12.0,2432.892626953125,41.44938383694367,902.026056024506,625.5691360352753,4.0
2457938.9466909305,2359941.170631937,6497.792495538427,2158033.8403957626,8190.242261701172,2158033.8403957626,8190.242261701172,17.921639088343298,0.0795174468235092,0.6661363190859079,2.923225228497951e-10,12.0,7160.85625,71.75988670087253,902.026056024506,625.5691360352753,4.0
2457939.0872892905,2367841.883116425,9847.71053536567,2166699.576279547,11582.380863262544,2166699.576279547,11582.380863262544,17.98937631641459,0.1020860339027355,0.6775758199466283,1.715556462233805e-10,12.0,7600.950781250001,107.48643369138038,902.026056024506,625.5691360352753,4.0
2457939.9321202342,2482585.3254295103,20812.247628621855,2292553.5884884116,23724.627768725055,2292553.5884884116,23724.627768725055,18.9731360389594,0.1913771355385156,0.6516945406468201,2.999411318264122e-10,12.0,9995.3794921875,87.56744564213258,902.026056024506,625.5691360352753,4.0
2457940.098828323,2459416.107258564,15981.114664323813,2267140.902518963,18522.25924313436,2267140.902518963,18522.25924313436,18.77449336988872,0.1522955528336505,0.6732405531963609,2.7247968076621657e-10,12.0,10195.2859375,82.73391209438378,902.026056024506,625.5691360352753,4.0
2457940.9950310653,2355935.0553867375,7353.8785150031445,2153639.814324941,8986.757886444071,2153639.814324941,8986.757886444071,17.887292421181733,0.0846095237796055,0.6827838250053682,3.68233651532729e-10,12.0,16482.19296875,87.26577584869099,902.026056024506,625.5691360352753,4.0
2457941.983123488,2285230.2424149984,9829.802048685367,2076088.677496655,11145.375357788702,2076088.677496655,11145.375357788702,17.281100504768144,0.0990528072757003,0.710716582540485,1.9064514715773784e-10,12.0,52232.53046875,219.89817652363607,902.026056024506,625.5691360352753,2.0
2457942.223666119,2279293.6200083815,10792.503782622283,2069577.213888974,12152.249709533338,2069577.213888974,12152.249709533338,17.230202519716844,0.1060406606544566,0.6586355235223295,3.9901222044125124e-10,12.0,59523.33984375,234.4518224027552,902.026056024506,625.5691360352753,6.0
2457942.8911020337,2306765.1871749363,11257.982699166783,2099708.843896572,12739.18520186304,2099708.843896572,12739.18520186304,17.46573163361513,0.1101723541499908,0.5383982795444865,3.9050355519170667e-10,12.0,50299.2,160.74735828174522,902.026056024506,625.5691360352753,4.0
2457943.187607183,2324110.743586036,8487.93309923742,2118733.9648474995,9914.249899566927,2118733.9648474995,9914.249899566927,17.61444479245352,0.0907108314039188,0.6308368622804074,3.267747678662548e-10,12.0,37888.02734375,122.49361715083998,902.026056024506,625.5691360352753,4.0
2457944.994409845,2363646.296420033,9230.514183515672,2162097.73229904,10924.377670085894,2162097.73229904,10924.377670085894,17.953405204504826,0.0975523113739542,0.6511499222785196,3.2933999354486336e-10,12.0,18727.225390625,99.69117148122108,902.026056024506,625.5691360352753,6.0
2457946.154597552,2320529.1883032448,9567.82273914807,2114805.6087410385,11015.986110962756,2114805.6087410385,11015.986110962756,17.58373811536374,0.0981696056531096,0.555078255567073,3.256129629617313e-10,12.0,9062.959765625,125.53257791926582,902.026056024506,625.5691360352753,6.0
2457947.9977859603,0.0,0.0,0.0,0.0,0.0,0.0,0.0,0.0,0.0,0.0,12.0,0.0,0.0,0.0,0.0,5.0
2457956.018743376,2311952.828991595,2640.646900992838,2105398.8033693577,4325.533565553406,2105398.8033693577,4325.533565553406,17.510208189062155,0.0580131555198172,0.6670278345745927,2.7073394393520426e-10,12.0,1704.6127685546876,36.8859211310921,902.026056024506,625.5691360352753,4.0
2457957.153619914,2308424.4614294823,2746.5604651163876,2101528.7851331267,4364.284091556703,2101528.7851331267,4364.284091556703,17.479957520056868,0.0581892429526132,0.6543797847699565,2.6826557905869173e-10,12.0,1712.354833984375,39.889337492072656,902.026056024506,625.5691360352753,4.0
2457957.879266024,2310820.6512212297,2974.0910878211025,2104156.997196717,4566.073870554664,2104156.997196717,4566.073870554664,17.500501395655977,0.0591284220002026,0.6407149091246976,3.5468469648895016e-10,12.0,1838.32294921875,42.3372319739992,902.026056024506,625.5691360352753,4.0
2457958.931299373,0.0,0.0,0.0,0.0,0.0,0.0,0.0,0.0,0.0,0.0,12.0,0.0,0.0,0.0,0.0,5.0
2457959.0528402813,0.0,0.0,0.0,0.0,0.0,0.0,0.0,0.0,0.0,0.0,12.0,0.0,0.0,0.0,0.0,5.0
2457960.045846961,0.0,0.0,0.0,0.0,0.0,0.0,0.0,0.0,0.0,0.0,12.0,0.0,0.0,0.0,0.0,5.0
2457960.169509377,0.0,0.0,0.0,0.0,0.0,0.0,0.0,0.0,0.0,0.0,12.0,0.0,0.0,0.0,0.0,5.0
2457960.975373177,2313400.617033543,2908.460920223418,2106986.780252689,4543.689788373742,2106986.780252689,4543.689788373742,17.522620885890287,0.0590236884899496,0.6587921757199137,3.344553597319772e-10,12.0,1733.6378173828125,41.11273285427862,902.026056024506,625.5691360352753,4.0
2457961.0740953865,2305017.6901073894,2694.5803271751006,2097792.137260965,4287.264006086626,2097792.137260965,4287.264006086626,17.450749363642554,0.0578374485500595,0.6332039575067498,2.7125967140474136e-10,12.0,1939.396826171875,38.83294451322693,902.026056024506,625.5691360352753,4.0
2457967.89152123,2352078.0059812153,5958.173712564738,2149409.2880901773,7606.723410745852,2149409.2880901773,7606.723410745852,17.85422377885649,0.0758907127556751,0.6616859276111545,3.659765031776001e-10,12.0,8031.765234375001,69.05474820292312,902.026056024506,625.5691360352753,4.0
2457968.128338298,2266443.391710947,5855.0783306117455,2055482.7021989783,6927.313758855245,2055482.7021989783,6927.313758855245,17.12003032364459,0.071786884129569,0.5191000775251238,4.1667149530110327e-10,12.0,9516.724609375,109.43919880224058,902.026056024506,625.5691360352753,6.0
2457971.924043896,2529410.8938381444,55475.568006036745,2343913.2613323494,61300.56146096332,2343913.2613323494,61300.56146096332,19.374597832828112,0.4814981244319812,0.6838781868380784,2.6767052576051816e-10,12.0,27186.5359375,175.67471678850276,902.026056024506,625.5691360352753,6.0
2457973.951682822,2390490.0370877003,9083.674831844639,2191540.743573725,10978.292946164516,2191540.743573725,10978.292946164516,18.183551610599512,0.0979298774919654,0.6736593107437945,1.6975541924058607e-10,12.0,9037.2794921875,80.70543452319306,902.026056024506,625.5691360352753,4.0
2457976.0959006054,2301573.7626553606,3199.227987268817,2094014.7354429902,4651.957602673071,2094014.7354429902,4651.957602673071,17.421222646939842,0.0595337112673913,0.6416866891570417,4.1067860551003084e-10,12.0,3267.439990234375,51.185883012074335,902.026056024506,625.5691360352753,4.0
2457977.923148304,2303403.736272438,2658.567356303771,2096021.9048053762,4242.4270331605585,2096021.9048053762,4242.4270331605585,17.436912034511877,0.0576346730827117,0.6722487181536597,4.2225529103633877e-10,12.0,1776.8679931640625,41.4130931505637,902.026056024506,625.5691360352753,4.0
2457978.1071522324,2304993.6725416365,3861.1397838404137,2097765.794082194,5251.547571997368,2097765.794082194,5251.547571997368,17.450543447615058,0.0625074264841755,0.5164881943273913,3.575232825898138e-10,12.0,2814.8500000000004,49.69941976817291,902.026056024506,625.5691360352753,4.0
2457979.937498038,2309959.7589387074,3341.7590493837747,2103212.744996756,4853.570909783759,2103212.744996756,4853.570909783759,17.493120484503898,0.0605112373702325,0.661290798218931,3.5849173741918363e-10,12.0,1592.38525390625,51.50337395328255,902.026056024506,625.5691360352753,4.0
2457980.9492272763,2300782.345498611,2852.9660261870954,2093146.6856224525,4364.414377345331,2093146.6856224525,4364.414377345331,17.414437384907906,0.0581879022757627,0.6345040048104735,3.9951167025660145e-10,12.0,1656.54697265625,44.10746183655534,902.026056024506,625.5691360352753,4.0
2457984.978362321,2301845.561242662,2576.5483633908943,2094312.8521983786,4163.979704585274,2094312.8521983786,4163.979704585274,17.423552928282643,0.0572836596238406,0.6394642232286326,3.543440932581532e-10,12.0,1636.3655273437498,38.20313593186792,902.026056024506,625.5691360352753,4.0
2457985.925436194,2311131.9625276816,2789.3030174376895,2104498.452674894,4427.062631448522,2104498.452674894,4427.062631448522,17.503170441644873,0.0584790209292067,0.6686796627512122,4.074112374664526e-10,12.0,1890.20263671875,40.40190140607952,902.026056024506,625.5691360352753,4.0
2457987.9669473832,2315130.5769439912,2815.179769772955,2108884.251614027,4492.3443711814025,2108884.251614027,4492.3443711814025,17.537452800004164,0.058783553771955,0.6542801147720858,2.725813736900075e-10,12.0,1603.1626220703126,38.29414176325871,902.026056024506,625.5691360352753,4.0
2457989.0338200866,2309422.2231847863,3026.5219711166055,2102623.1598320375,4592.278566107302,2102623.1598320375,4592.278566107302,17.48851188976877,0.0592519130002171,0.6518837065792892,2.457285300645093e-10,12.0,1761.5015380859377,44.8219684737743,902.026056024506,625.5691360352753,4.0
2457989.078452483,2295448.0783974924,3365.3354618315648,2087295.9031869941,4734.488002020096,2087295.9031869941,4734.488002020096,17.368703728869793,0.0599285493194897,0.5969265705260802,3.909087741456378e-10,12.0,1928.074609375,53.58803017425003,902.026056024506,625.5691360352753,4.0
2457990.97068101,2304481.5451226244,2800.500335873549,2097204.0775331217,4362.4031735578665,2097204.0775331217,4362.4031735578665,17.44615269274944,0.0581795969235438,0.6457124186726936,3.5134685738767367e-10,12.0,1668.2599853515626,42.10657698738366,902.026056024506,625.5691360352753,4.0
2457991.9481014884,2256138.6491986113,43092.2792682712,2044180.1548480107,47330.61001461787,2044180.1548480107,47330.61001461787,17.03168200124399,0.372957706440676,0.015361179362191,2.759333398733346e-10,12.0,1566.4382080078124,24.18812303797945,902.026056024506,625.5691360352753,6.0
2457996.026242438,2294109.0036071227,4414.827777806538,2085827.1662237423,5667.970822916227,2085827.1662237423,5667.970822916227,17.3572230915655,0.064689362673584,0.6138968023271718,3.569498933079665e-10,12.0,7970.043261718751,76.19024269466264,902.026056024506,625.5691360352753,4.0
2457997.008796168,2303777.0894469502,5582.382040903563,2096431.4096453583,6857.107798280947,2096431.4096453583,6857.107798280947,17.44011300014414,0.0713793099022302,0.660959855372991,3.875674388298632e-10,12.0,18486.28359375,97.64812719784172,902.026056024506,625.5691360352753,4.0
2457998.017639742,2316048.934621865,4594.398136808205,2109891.533564726,6011.401644470762,2109891.533564726,6011.401644470762,17.545326394138762,0.0665615713686261,0.6610885387319055,1.8019258034328382e-10,12.0,10127.6048828125,70.88317228617639,902.026056024506,625.5691360352753,4.0
2457998.8872401435,2321762.087229286,4206.043137463921,2116157.8888658285,5713.165969660399,2116157.8888658285,5713.165969660399,17.594308447584545,0.0649384234966911,0.6508370060378743,2.6212370843194065e-10,12.0,6025.199316406251,59.77377490983967,902.026056024506,625.5691360352753,4.0
2458000.033089136,2275504.2186492453,7940.868893465512,2065420.8860387446,9118.996005235698,2065420.8860387446,9118.996005235698,17.197713861938013,0.085453452249064,0.5081923614961099,2.7419360852128723e-10,12.0,14387.180859375,136.12546015703043,902.026056024506,625.5691360352753,6.0
2458000.9499369618,2318886.444189706,4065.0486129529677,2113003.7982536256,5560.9178421598735,2113003.7982536256,5560.9178421598735,17.569653951068425,0.0641250160999511,0.6467570280646094,2.7794229700606747e-10,12.0,5320.63984375,58.62415038527258,902.026056024506,625.5691360352753,4.0
2458002.005881311,2321833.991822073,4415.233773343385,2116236.755956759,5900.666976884619,2116236.755956759,5900.666976884619,17.59492492588452,0.0659549394842046,0.6375875427341594,2.611630802291694e-10,12.0,6912.678515625,61.9301298396608,902.026056024506,625.5691360352753,4.0
2458003.018645769,2317421.1347857155,4223.181605159065,2111396.6034205104,5687.171368218757,2111396.6034205104,5687.171368218757,17.557091033801413,0.0647976463268345,0.6123894564714731,2.8833711224967485e-10,12.0,6432.07587890625,58.71801429740455,902.026056024506,625.5691360352753,4.0
2458003.921357082,2303224.061286925,3601.6632718968704,2095824.831949932,5008.423495658092,2095824.831949932,5008.423495658092,17.43537158034447,0.0612757286805484,0.6410101907389505,2.7310871857150337e-10,12.0,2662.63818359375,58.20880151300635,902.026056024506,625.5691360352753,4.0
2458004.9872109257,2304477.3201136612,3136.9108774804,2097199.4434179286,4629.5915977019695,2097199.4434179286,4629.5915977019695,17.446116469383984,0.0594277925325147,0.6044416423263566,3.9573629659032717e-10,12.0,2757.33701171875,45.61012267984585,902.026056024506,625.5691360352753,4.0
2458013.0176635017,2289477.2650087704,2874.221689518173,2080746.9378956202,4270.904233355055,2080746.9378956202,4270.904233355055,17.31751260540124,0.0577599162225825,0.593881165634461,4.104775252213698e-10,12.0,1914.469140625,46.53348200927464,902.026056024506,625.5691360352753,4.0
2458013.8960405,2293280.4026671564,3364.4638234987938,2084918.3321264512,4714.555173998525,2084918.3321264512,4714.555173998525,17.350119032158116,0.0598320054651213,0.6086711609437111,3.810250490507171e-10,12.0,1899.6324462890625,55.77547038192699,902.026056024506,625.5691360352753,4.0
2458016.9717611084,2300043.6678375863,3436.564727534203,2092336.4820457173,4837.125306029318,2092336.4820457173,4837.125306029318,17.408104288077183,0.060428287721137,0.5948446540828561,2.378318471708648e-10,12.0,1986.6990966796875,52.4618626170418,902.026056024506,625.5691360352753,4.0
2458018.9094225457,2308870.834443646,3014.2463161184214,2102018.380299888,4576.650167973046,2102018.380299888,4576.650167973046,17.48378452562434,0.0591778370009486,0.5993862931448899,2.4522818398005717e-10,12.0,1727.2616455078123,41.04330408884263,902.026056024506,625.5691360352753,4.0
2458020.964319032,0.0,0.0,0.0,0.0,0.0,0.0,0.0,0.0,0.0,0.0,12.0,0.0,0.0,0.0,0.0,5.0
2458022.8951745387,2308449.7077284134,4277.321686508304,2101556.4760229047,5655.469364428484,2101556.4760229047,5655.469364428484,17.480173970701284,0.0646255857978545,0.4766107119591551,3.6873878466874076e-10,12.0,5105.690039062501,49.88305257044875,902.026056024506,625.5691360352753,4.0
2458027.9502519,2410110.6648070486,17024.09951626895,2213061.230241702,19328.57896107055,2213061.230241702,19328.57896107055,18.35177022851996,0.1582858519089339,0.3483462456439651,3.903028236188874e-10,12.0,12536.7947265625,68.55983750667211,902.026056024506,625.5691360352753,4.0
2458033.933005056,2293086.3288467587,3388.7587984220554,2084705.4662016598,4733.751671860841,2084705.4662016598,4733.751671860841,17.348455128723984,0.0599245040000294,0.5677522978213427,3.4235743846282206e-10,12.0,3045.71630859375,52.22845488673392,902.026056024506,625.5691360352753,4.0
2458036.9419499463,2297115.171305269,4530.770725638672,2089124.4201544034,5799.029195328604,2089124.4201544034,5799.029195328604,17.382996648999683,0.065395832100139,0.2546347197464049,2.8597546092879987e-10,12.0,1789.83779296875,30.125836950526125,902.026056024506,625.5691360352753,4.0
2458039.929320537,2287512.781428089,3544.1915631105867,2078592.2340139586,4822.948019975729,2078592.2340139586,4822.948019975729,17.300669988661515,0.0603564447194435,0.5830429694002988,3.789516057373912e-10,12.0,2203.621435546875,59.76741612927834,902.026056024506,625.5691360352753,4.0
2458041.93417196,2263398.769364933,13631.42609960177,2052143.2700695042,15169.748475112336,2052143.2700695042,15169.748475112336,17.093927073001332,0.1275999727661602,0.0502715862346069,2.4651717436660213e-10,12.0,1334.3709228515625,23.55942265253061,902.026056024506,625.5691360352753,4.0
2458044.9038606347,2311648.414824824,3098.063010814454,2105064.9128786293,4673.064567028857,2105064.9128786293,4673.064567028857,17.5075982761102,0.0596371947039521,0.6012719436884205,2.5181363871010217e-10,12.0,1994.3791748046876,41.49561728335264,902.026056024506,625.5691360352753,4.0
2458178.2067662235,2301740.6069489424,3613.5875915409297,2094197.735214813,5005.194147788651,2094197.735214813,5005.194147788651,17.422653096407398,0.0612592581969744,0.4886348941496006,3.208751586645254e-10,12.0,3592.7533203125004,44.61912195606414,902.026056024506,625.5691360352753,4.0
2458187.2872099024,2319427.1087505114,6130.183618458487,2113596.815186574,7504.0974189639865,2113596.815186574,7504.0974189639865,17.574289370815347,0.0752544589138817,0.5289059808541127,3.5372115527058817e-10,12.0,9013.72265625,75.45124480511784,902.026056024506,625.5691360352753,4.0
2458195.280987245,2303832.6591257374,2824.2236583318227,2096492.3601179223,4373.855102312683,2096492.3601179223,4373.855102312683,17.440589430088053,0.0582319447506588,0.5359579815155906,3.505512584949991e-10,12.0,1810.3807373046875,35.200170972427294,902.026056024506,625.5691360352753,4.0
2458202.2985629165,2308856.6295563537,2906.309463846692,2102002.7999580186,4491.719296685515,2102002.7999580186,4491.719296685515,17.483662739178875,0.0587788854580307,0.4948214269908602,2.3670008121411556e-10,12.0,2100.858203125,31.70142881600988,902.026056024506,625.5691360352753,4.0
2458207.2613346498,2305085.195150329,3289.9692456539324,2097866.178795076,4761.676230177149,2097866.178795076,4761.676230177149,17.451328122140403,0.0600622344234591,0.5396509159006302,2.5280594262325906e-10,12.0,2401.307470703125,42.78921680151105,902.026056024506,625.5691360352753,4.0
2458208.2093710857,2306031.580209717,4230.348062247584,2098904.202009457,5592.036486748895,2098904.202009457,5592.036486748895,17.459442010696293,0.0642868522635493,0.5389007876175325,2.447434735041997e-10,12.0,3322.6497070312503,57.175773448156015,902.026056024506,625.5691360352753,4.0
2458210.113092556,2320277.80125395,7873.256924081562,2114529.8799661887,9261.141721550284,2114529.8799661887,9261.141721550284,17.58158283355522,0.0863893213434954,0.1597147708913881,3.374438815787108e-10,12.0,2341.056689453125,27.87496947126873,902.026056024506,625.5691360352753,4.0
2458210.1377274003,2317804.4121264694,10464.28390161961,2111816.9933804967,11944.123786033537,2111816.9933804967,11944.123786033537,17.56037708486279,0.1045907807057878,0.1508374903282759,2.7693460773765596e-10,12.0,2887.92421875,36.86964526105989,902.026056024506,625.5691360352753,4.0
2458210.1793339616,2322974.6879695375,7755.249787263781,2117487.90533816,9156.826272834935,2117487.90533816,9156.826272834935,17.60470475210305,0.0857077821448285,0.169370804436985,2.00969249169271e-10,12.0,1959.785327148437,28.512219447769567,902.026056024506,625.5691360352753,4.0
2458210.224426634,2312971.487973255,11352.012401902964,2106516.0987662016,12863.034579514504,2106516.0987662016,12863.034579514504,17.518941722386266,0.1110490139907212,0.1170920957933928,2.0516794079792807e-10,12.0,2555.8814453125,31.94405650440648,902.026056024506,625.5691360352753,4.0
2458210.2789684776,0.0,0.0,0.0,0.0,0.0,0.0,0.0,0.0,0.0,0.0,12.0,0.0,0.0,0.0,0.0,5.0
2458211.3024124303,2318714.3755256278,4524.226132495607,2112815.068237226,5970.768648462975,2112815.068237226,5970.768648462975,17.568178710149915,0.0663384391249226,0.5226817298389541,4.0460640877366524e-10,12.0,3410.6263671875,53.41546919663104,902.026056024506,625.5691360352753,4.0
2458211.306309173,2303887.14400626,7046.808009906962,2096552.1207515588,8323.4430467001,2096552.1207515588,8323.4430467001,17.441056559449557,0.0803435748311341,0.1686763153182528,3.228602287295617e-10,12.0,1371.1742919921876,30.21112573993841,902.026056024506,625.5691360352753,4.0
2458212.123865528,2276499.192153001,6279.587889223279,2066512.202500627,7402.7506118364045,2066512.202500627,7402.7506118364045,17.20624432640956,0.0746309931274122,0.1485742759247053,3.432303829430444e-10,12.0,2449.93623046875,29.43589362670341,902.026056024506,625.5691360352753,4.0
2458212.1391371954,2278049.4323702636,7641.368173631174,2068212.5519698148,8815.369558355591,2068212.5519698148,8815.369558355591,17.219535403052095,0.0834842701497596,0.1504623728510747,3.5094274330738607e-10,12.0,2581.16689453125,36.63376635141678,902.026056024506,625.5691360352753,4.0
2458212.1901038075,2320951.3742900738,10911.93366283296,2115268.674858541,12430.37326681914,2115268.674858541,12430.37326681914,17.5873577520148,0.1079977404176938,0.1533399024060795,2.788367184342496e-10,12.0,3150.6013671875,38.30355413801746,902.026056024506,625.5691360352753,4.0
2458214.306679128,2312979.89029547,6097.048557950924,2106525.314682521,7426.114112775436,2106525.314682521,7426.114112775436,17.519013760195172,0.0747788108498597,0.5377999143349965,2.6123760552199047e-10,12.0,11721.769921875,80.66540408824112,902.026056024506,625.5691360352753,4.0
2458215.237782547,2275389.0972682284,5848.462798264951,2065294.617492152,6959.709330420933,2065294.617492152,6959.709330420933,17.19672686193552,0.0719789885966456,0.5302707223280605,2.782333477069517e-10,12.0,18666.866015625,103.70003269133412,902.026056024506,625.5691360352753,4.0
2458215.296808092,2296890.2857070602,6740.45437994058,2088877.7589574596,7973.202567101452,2088877.7589574596,7973.202567101452,17.381068578957183,0.0781418659331183,0.5251180707510285,3.6739681337441046e-10,12.0,19170.823828125,100.05587836494048,902.026056024506,625.5691360352753,4.0
2458223.104252772,2295831.65124598,6077.30297060283,2087716.6172686284,7297.630982200794,2087716.6172686284,7297.630982200794,17.37199231348426,0.0739985081250412,0.1323391068874204,3.2059437104214935e-10,12.0,559.9571166992188,20.592305102138628,902.026056024506,625.5691360352753,4.0
2458223.139060292,2286380.376623045,5127.602729178962,2077350.1788229472,6300.256582330529,2077350.1788229472,6300.256582330529,17.290961248760038,0.0681681902396154,0.1377883232017488,3.1621720198847375e-10,12.0,547.8503784179687,19.133778411498398,902.026056024506,625.5691360352753,4.0
2458224.1691528247,2309336.0921389745,3552.7062964671977,2102528.688745301,5024.472749914983,2102528.688745301,5024.472749914983,17.487773440128226,0.0613574628099206,0.501903780500736,2.585927170006927e-10,12.0,1607.0841064453125,41.81760161681332,902.026056024506,625.5691360352753,4.0
2458226.0741122323,2279633.1948130215,4954.503159062392,2069949.6696106037,6091.333162168563,2069949.6696106037,6091.333162168563,17.233113884487345,0.0669969051419496,0.1289489070746019,4.221572144169426e-10,12.0,490.3345520019531,18.0380653812368,902.026056024506,625.5691360352753,4.0
2458227.136232087,2255971.1130241463,16854.04430983597,2043996.3962007056,18653.19852779681,2043996.3962007056,18653.19852779681,17.030245619894565,0.1532336860161443,0.0224520164906909,2.6814243519944907e-10,12.0,350.88694458007814,11.360576778049094,902.026056024506,625.5691360352753,4.0
2458227.1394212698,2277690.3345359503,8510.852887306908,2067818.6828099508,9725.330850476337,2067818.6828099508,9725.330850476337,17.216456656426324,0.0894452969492499,0.0652376134203271,3.5611564028212517e-10,12.0,436.65618286132815,15.55820279302046,902.026056024506,625.5691360352753,4.0
2458228.094244939,2320676.6550230733,9465.802517773258,2114967.3546149945,10910.178524480118,2114967.3546149945,10910.178524480118,17.585002430051006,0.0974449934876935,0.0747488125344987,3.3536853430726487e-10,12.0,423.15137939453126,13.467859648242472,902.026056024506,625.5691360352753,4.0
2458228.1079536704,2301198.790022176,6246.4369564298695,2093603.4543326856,7498.909121311994,2093603.4543326856,7498.909121311994,17.41800779678243,0.0752189702366041,0.1181765867532913,3.3345954592894026e-10,12.0,448.969775390625,17.530478299239935,902.026056024506,625.5691360352753,4.0
2458228.2504742485,2315717.457174818,5363.2146422190035,2109527.959265172,6731.432330061541,2109527.959265172,6731.432330061541,17.542484452544873,0.0706473036749779,0.1538528445180916,2.1244571585829143e-10,12.0,454.5007385253906,17.0364343029609,902.026056024506,625.5691360352753,4.0
2458228.3026922354,2310316.6679873765,5317.27763496144,2103604.2134315823,6646.1818933800205,2103604.2134315823,6646.1818933800205,17.496180465445864,0.0701511241400743,0.1543956907286044,2.54677716991201e-10,12.0,464.31721801757806,18.006688486476587,902.026056024506,625.5691360352753,4.0
2458228.3130697017,2318868.030284777,6129.213944943273,2112983.6013363204,7499.12456219131,2112983.6013363204,7499.12456219131,17.56949607836007,0.0752240310811863,0.1533533620187794,2.1021857330876767e-10,12.0,513.5560668945312,19.713025604394097,902.026056024506,625.5691360352753,4.0
2458229.0909497766,2313923.766095054,5138.697350264279,2107560.58566629,6503.0528499229595,2107560.58566629,6503.0528499229595,17.527106135462972,0.0693275232047158,0.1502477891041112,2.931772325588629e-10,12.0,518.5131225585938,15.8860943759601,902.026056024506,625.5691360352753,4.0
2458229.1010831865,2320067.440632301,6044.123814766867,2114299.15019452,7424.317051127871,2114299.15019452,7424.317051127871,17.57977929426255,0.0747695564117951,0.1486299618402763,3.356980118246922e-10,12.0,514.3898193359374,18.344709960284668,902.026056024506,625.5691360352753,4.0
2458229.139895912,2317096.0286872955,5528.28526695723,2111040.017405177,6900.7310798300205,2111040.017405177,6900.7310798300205,17.55430371734365,0.0716387010771849,0.155009969529256,2.754199507611833e-10,12.0,468.204345703125,17.735444414996177,902.026056024506,625.5691360352753,4.0
2458229.187922344,2315189.369271093,5834.309327398907,2108948.7367828814,7183.540130249719,2108948.7367828814,7183.540130249719,17.537956859514917,0.0733171879040733,0.1535894698591771,2.7164025836023704e-10,12.0,463.7283508300781,19.266585064915283,902.026056024506,625.5691360352753,4.0
2458230.0874679354,2295252.077175145,5648.967233977133,2087080.9232305533,6867.583015384712,2087080.9232305533,6867.583015384712,17.367023300740495,0.0714391902632774,0.1442958291316839,3.8566214566507206e-10,12.0,498.1162658691407,20.91694786942376,902.026056024506,625.5691360352753,4.0
2458230.191630796,2319994.3408710915,5401.073252426446,2114218.9722073996,6801.351868727909,2114218.9722073996,6801.351868727909,17.579152569115063,0.0710563607840388,0.1494650306158849,3.1054009849006247e-10,12.0,439.1390686035156,15.744145540632289,902.026056024506,625.5691360352753,4.0
2458230.247146501,2311116.657095101,5490.30224955716,2104481.665222299,6819.170133445016,2104481.665222299,6819.170133445016,17.503039219608972,0.0711584852611626,0.1466360204726659,3.6042189576248764e-10,12.0,457.2654357910157,17.424353380313725,902.026056024506,625.5691360352753,4.0
2458230.2597290413,2306869.166718005,3065.379863477556,2099822.891744703,4596.289208353648,2099822.891744703,4596.289208353648,17.46662310840775,0.0592702414487638,0.4589012099852397,2.5901675123187423e-10,12.0,1447.363916015625,32.10315504334472,902.026056024506,625.5691360352753,4.0
2458230.2792908624,2301303.847939886,5909.040649162071,2093718.6849741205,7163.0459624483365,2093718.6849741205,7163.0459624483365,17.41890851708412,0.0731916187046956,0.1424479955339795,4.1536100802191037e-10,12.0,477.9369262695312,20.534905313798003,902.026056024506,625.5691360352753,4.0
2458231.066056675,2318317.783630757,6049.337221565403,2112380.074479213,7416.7055130934095,2112380.074479213,7416.7055130934095,17.56477850596746,0.074722965234632,0.1440743074320695,3.9588553454773003e-10,12.0,573.2463867187499,17.9322053578433,902.026056024506,625.5691360352753,4.0
2458231.129090583,2311245.3327103076,5143.791121726619,2104622.8004551316,6486.985148387407,2104622.8004551316,6486.985148387407,17.50414242764387,0.0692348473074633,0.1512350276207863,3.764091182961403e-10,12.0,477.9405456542969,16.49278229426479,902.026056024506,625.5691360352753,4.0
2458231.149282176,2308594.4324020203,3098.1544983728,2101715.214339204,4640.661575061963,2101715.214339204,4640.661575061963,17.481414776292283,0.0594815749350015,0.4687347526359393,2.5313152421897917e-10,12.0,1440.6176025390623,32.76179896999657,902.026056024506,625.5691360352753,4.0
2458232.087496161,2304941.921826967,5131.1966121961805,2097709.032362795,6427.556838469755,2097709.032362795,6427.556838469755,17.45009975978701,0.0688939360363996,0.1593701375909666,1.7778748013191836e-10,12.0,608.6163818359375,18.927281618096945,902.026056024506,625.5691360352753,4.0
2458232.1256465064,2317773.4769837228,5768.836102564702,2111783.0627980186,7138.719622526111,2111783.0627980186,7138.719622526111,17.56011186057778,0.0730498301060824,0.146011949045257,2.7099423340829947e-10,12.0,535.518603515625,17.269238030922914,902.026056024506,625.5691360352753,4.0
2458232.181639678,2307668.7415800686,6999.854418394316,2100699.889178484,8297.27239420631,2100699.889178484,8297.27239420631,17.473478311011046,0.0801787156199515,0.1058260975132435,2.7582657056103886e-10,12.0,496.94191894531247,16.529458460968762,902.026056024506,625.5691360352753,4.0
2458232.22093698,2302720.8166674552,3066.5649529212606,2095272.8583189668,4554.707649910564,2095272.8583189668,4554.707649910564,17.43105698268866,0.0590727456910232,0.4959206584060518,2.6450623821643404e-10,12.0,1593.4868408203124,36.57271648051836,902.026056024506,625.5691360352753,4.0
2458232.299315458,2308963.537280953,5315.098594785163,2102120.0595225347,6634.039541494127,2102120.0595225347,6634.039541494127,17.48457931890987,0.0700805582100903,0.1660188856556879,2.494325624866912e-10,12.0,522.766259765625,20.015600249301336,902.026056024506,625.5691360352753,4.0
2458232.316706568,2308406.4794295244,5742.350343545992,2101509.0619420083,7045.5381475345375,2101509.0619420083,7045.5381475345375,17.47980335031145,0.0724928205198439,0.1636981693514905,2.4172489572402867e-10,12.0,596.0793823242187,21.90991769965539,902.026056024506,625.5691360352753,4.0
2458235.053001624,2290415.362146631,7645.302995883319,2081775.8706717442,8871.007642311219,2081775.8706717442,8871.007642311219,17.32555543696927,0.0838451044928706,0.1389328009432472,2.3806908853556804e-10,12.0,1268.1214111328125,30.11598807453794,902.026056024506,625.5691360352753,6.0
2458235.074016585,2265844.24869164,6771.280799477707,2054825.5443575673,7865.823432230027,2054825.5443575673,7865.823432230027,17.114893535357997,0.0774702304457935,0.1439089050746441,2.5292552514581575e-10,12.0,1200.3465087890625,33.939360968342015,902.026056024506,625.5691360352753,6.0
2458235.1108197374,2297438.063235137,6054.396542510848,2089478.5776039665,7284.162128452846,2089478.5776039665,7284.162128452846,17.385764982151766,0.0739176623930391,0.1663136151984788,2.7823121291782237e-10,12.0,973.5027587890625,26.4403466580212,902.026056024506,625.5691360352753,4.0
2458235.138239889,2289969.386593016,4492.800638834915,2081286.7114515062,5711.8008852705725,2081286.7114515062,5711.8008852705725,17.321731839053434,0.0649237241974497,0.4718094727910763,3.3771535554016707e-10,12.0,2231.677197265625,61.49526925151565,902.026056024506,625.5691360352753,4.0
2458237.0945292534,2300128.9321354213,7359.87540474443,2092430.0024575526,8623.416128735258,2092430.0024575526,8623.416128735258,17.408835306602416,0.0822532276189291,0.1587819929241971,3.673088737910556e-10,12.0,1648.29140625,30.67896630183167,902.026056024506,625.5691360352753,4.0
2458237.1226016586,2295772.9057939965,7979.015976417714,2087652.1835137936,9241.691479298728,2087652.1835137936,9241.691479298728,17.37148865586011,0.0862575530792625,0.1621259213191259,3.1527812936257557e-10,12.0,1463.5979980468749,35.742712221957724,902.026056024506,625.5691360352753,4.0
2458237.178245474,2305994.6710151806,6105.691265199349,2098863.7189097134,7388.270824145194,2098863.7189097134,7388.270824145194,17.459125567523188,0.0745479368831942,0.1634079617739108,3.299494080709358e-10,12.0,1057.902685546875,24.094429278847432,902.026056024506,625.5691360352753,4.0
2458237.2165747806,2296093.604286414,5544.262402054277,2088003.9351360763,6769.432266051298,2088003.9351360763,6769.432266051298,17.374238183445822,0.0708646425428768,0.1581493833715527,4.094971995322337e-10,12.0,914.8488037109375,22.7319027487072,902.026056024506,625.5691360352753,4.0
2458237.2685192404,2252481.273481251,4817.021234990793,2040168.6366391627,5828.294369059251,2040168.6366391627,5828.294369059251,17.000325273151986,0.0655490553115447,0.1698928438772952,2.5146754499624975e-10,12.0,2103.09248046875,31.20080313717048,902.026056024506,625.5691360352753,4.0
2458238.043073653,2326959.7626220975,11930.681757693637,2121858.8534626537,13534.630915923004,2121858.8534626537,13534.630915923004,17.638871026493046,0.1158257931268067,0.1737180918700146,3.6787193230798493e-10,12.0,3069.940966796875,45.60031870901765,902.026056024506,625.5691360352753,4.0
2458238.0741538,2302894.656467194,7176.2480244962,2095463.5309695145,8450.015705139795,2095463.5309695145,8450.015705139795,17.43254740854404,0.0811466642765782,0.1758800362751388,3.0835725642109157e-10,12.0,3696.26064453125,32.548258929944346,902.026056024506,625.5691360352753,4.0
2458238.108862955,2299642.524010634,7047.070988013142,2091896.4955935343,8300.509192579455,2091896.4955935343,8300.509192579455,17.404665057634496,0.0801977275572195,0.1745247482980958,3.225315042620758e-10,12.0,3188.3453613281254,32.64195288429705,902.026056024506,625.5691360352753,4.0
2458238.143581942,2294659.000651183,6761.497094459685,2086430.4193012414,7982.736132950519,2086430.4193012414,7982.736132950519,17.3619385239123,0.0782009495552893,0.1760289091454984,4.0131715847219206e-10,12.0,2050.34921875,32.840879931531866,902.026056024506,625.5691360352753,4.0
2458238.193940623,2300339.869463842,6927.25793805887,2092661.3647783224,8182.07558629097,2092661.3647783224,8182.07558629097,17.410643790324883,0.0794507462989799,0.1720596819731864,3.1786549697568755e-10,12.0,1365.8964111328123,31.280198044335613,902.026056024506,625.5691360352753,4.0
2458239.07829174,2315494.5366554544,12660.466538712953,2109283.4534250083,14265.908089589,2109283.4534250083,14265.908089589,17.54057323022262,0.1210675687279364,0.1704506427012801,3.5816318918836405e-10,12.0,4924.8830078125,52.49289676378727,902.026056024506,625.5691360352753,4.0
2458240.1990045225,0.0,0.0,0.0,0.0,0.0,0.0,0.0,0.0,0.0,0.0,12.0,0.0,0.0,0.0,0.0,5.0
2458240.2759837145,0.0,0.0,0.0,0.0,0.0,0.0,0.0,0.0,0.0,0.0,12.0,0.0,0.0,0.0,0.0,5.0
2458240.307312266,0.0,0.0,0.0,0.0,0.0,0.0,0.0,0.0,0.0,0.0,12.0,0.0,0.0,0.0,0.0,5.0
2458245.0227076467,2329513.962701979,6067.83162372221,2124660.375898771,7519.112919274675,2124660.375898771,7519.112919274675,17.660769612688966,0.0753485446895388,0.2278959256339732,3.135602632726822e-10,12.0,1409.5146728515624,27.96155965160362,902.026056024506,625.5691360352753,4.0
2458245.0260002096,2323734.169590493,7037.8315362140565,2118320.9273154447,8435.929811873604,2118320.9273154447,8435.929811873604,17.611216212920745,0.0810613571368863,0.2260756304321593,2.7457381588453385e-10,12.0,1657.5448730468752,34.77503858474021,902.026056024506,625.5691360352753,4.0
2458245.033039453,2336462.1283834334,6265.827074437517,2132281.330184915,7766.493633950357,2132281.330184915,7766.493633950357,17.720340124129006,0.0768683191239994,0.2259859801235545,3.8989237178938946e-10,12.0,2100.2783203125,26.902886367225,902.026056024506,625.5691360352753,4.0
2458245.040217804,2302204.222113812,5843.735867060036,2094706.2420840831,7104.061558286864,2094706.2420840831,7104.061558286864,17.426627928578768,0.0728396887381367,0.2221321653259917,3.1471430504377113e-10,12.0,2397.4179199218747,33.4524967323189,902.026056024506,625.5691360352753,4.0
2458245.0433572745,2279681.3135080915,5174.451676476565,2070002.4476231388,6307.761290882312,2070002.4476231388,6307.761290882312,17.2335264329795,0.0682096023385009,0.2262387157465154,4.19340710778508e-10,12.0,2487.109716796875,36.18085759875522,902.026056024506,625.5691360352753,4.0
2458245.046643392,2323774.0710202395,7178.0738191727405,2118364.6923875473,8577.170417848132,2118364.6923875473,8577.170417848132,17.61155831020023,0.081961977350964,0.2272217589372733,3.7467857116080725e-10,12.0,2565.80732421875,35.76561470635138,902.026056024506,625.5691360352753,4.0
2458245.0503151338,2322223.5446282458,7520.282633910111,2116664.029033425,8913.243726104201,2116664.029033425,8913.243726104201,17.59826478002165,0.0841240699115531,0.2297230627048138,4.05378709641117e-10,12.0,2636.547119140625,38.62983355442912,902.026056024506,625.5691360352753,4.0
2458245.0537822843,2287161.9116345337,6374.610041370167,2078207.389613341,7550.3867854536375,2078207.389613341,7550.3867854536375,17.297661785632222,0.0755306479377178,0.2133522320295039,2.8820719434718135e-10,12.0,2712.93203125,40.34676506541669,902.026056024506,625.5691360352753,4.0
2458245.0576594896,2325518.878943717,6614.405596973504,2120278.4494901495,8025.7454903750895,2120278.4494901495,8025.7454903750895,17.626517524636313,0.0784757460257461,0.2258100988501485,3.057288462126847e-10,12.0,2763.0767578125,31.803691578503404,902.026056024506,625.5691360352753,4.0
2458245.060724003,2311950.5724994065,8463.792875028332,2105396.3283817684,9823.523525802315,2105396.3283817684,9823.523525802315,17.51018884289225,0.0901033240454648,0.2263465274097121,4.201439690206504e-10,12.0,2807.22685546875,47.31049934732241,902.026056024506,625.5691360352753,4.0
2458245.064196796,2322644.5184630835,6389.338282639329,2117125.7656266536,7782.526558259597,2117125.7656266536,7782.526558259597,17.601874024215554,0.0769636925359066,0.2305050223113447,4.1060240580361167e-10,12.0,2837.569384765625,32.09051771322523,902.026056024506,625.5691360352753,4.0
2458245.071234248,2316784.7105683037,6862.176078510848,2110698.5544548025,8214.035131483644,2110698.5544548025,8214.035131483644,17.55163461294702,0.0796552105785827,0.2302641024135534,3.7985903403296637e-10,12.0,2900.672412109375,36.69831837753806,902.026056024506,625.5691360352753,4.0
2458245.074609208,2327412.0553790843,7957.529349083317,2122354.9415789978,9390.210712039438,2122354.9415789978,9390.210712039438,17.642748785327495,0.0872380300055605,0.2328118106690077,3.0749708249164605e-10,12.0,2909.90966796875,39.90286240274804,902.026056024506,625.5691360352753,4.0
2458245.078081751,2328436.2584702275,8204.797894182157,2123478.317919627,9648.998973197818,2123478.317919627,9648.998973197818,17.651529851403772,0.0889469721995052,0.2323513320877926,4.1284920626275387e-10,12.0,2916.611865234375,40.85618350720526,902.026056024506,625.5691360352753,4.0
2458245.081553698,2325252.9125321223,6511.142229532418,2119986.7296381276,7921.596958934799,2119986.7296381276,7921.596958934799,17.624237245798582,0.077826417473158,0.23513014670409,3.6972486416999855e-10,12.0,2965.115869140625,32.71942508156776,902.026056024506,625.5691360352753,4.0
2458245.0850286493,2319248.0454351767,9058.571060604707,2113400.413229129,10478.61663233793,2113400.413229129,10478.61663233793,17.572754160838542,0.0945065200744096,0.2347316208006705,3.1596426854163065e-10,12.0,2976.078857421875,49.7570707618322,902.026056024506,625.5691360352753,4.0
2458245.088509546,2332848.7165304455,7782.70987517666,2128318.03284701,9247.18923771994,2128318.03284701,9247.18923771994,17.68936032284124,0.0863008100496301,0.2351937229522569,3.347583029051653e-10,12.0,2987.738525390625,37.52450227414702,902.026056024506,625.5691360352753,4.0
2458245.0919855074,2313988.419576265,5948.42441965999,2107631.4995228886,7286.744350031417,2107631.4995228886,7286.744350031417,17.52766044592687,0.0739365691620613,0.2350936698967066,3.4270209609782965e-10,12.0,3005.900927734375,32.61675308454135,902.026056024506,625.5691360352753,4.0
2458245.095458478,2320029.737662658,7950.319161541597,2114257.7964586886,9338.56117538892,2114257.7964586886,9338.56117538892,17.57945604561141,0.0868970026676559,0.2363341399385183,3.10664601859268e-10,12.0,3021.1209472656246,43.23498561715796,902.026056024506,625.5691360352753,4.0
2458245.107645064,2315157.622917345,4956.336631978291,2108913.9164401125,6340.545741738393,2108913.9164401125,6340.545741738393,17.537684680264203,0.0684019009956261,0.5682079685861074,3.9679968231137304e-10,12.0,7846.675683593749,66.56623234547519,902.026056024506,625.5691360352753,4.0
2458245.2102177213,2313626.3584700986,5332.081563889536,2107234.3801585254,6685.445674937499,2107234.3801585254,6685.445674937499,17.524556293513726,0.070379483514598,0.2378677525139803,2.6828018795891467e-10,12.0,1429.75439453125,29.227376412489917,902.026056024506,625.5691360352753,4.0
2458245.25178216,2301602.254699767,4645.106457645813,2094045.9863627153,5940.375864249254,2094045.9863627153,5940.375864249254,17.421466925176013,0.0661673807346468,0.2249397606122687,3.4089088957129745e-10,12.0,1470.122241210937,25.977751150405798,902.026056024506,625.5691360352753,4.0
2458245.2660621256,2307991.66349358,6546.593346353096,2101054.079514999,7841.508692907257,2101054.079514999,7841.508692907257,17.476246901229676,0.0773253797039058,0.2255343728777162,3.8836757706321936e-10,12.0,2750.924853515625,36.71436071618644,902.026056024506,625.5691360352753,4.0
2458245.30385411,2310103.056517667,6908.025540810161,2103369.9180333014,8218.66402404269,2103369.9180333014,8218.66402404269,17.494349054814126,0.0796829770078507,0.2305179976393114,3.673877281455763e-10,12.0,2878.222607421875,39.321469059183215,902.026056024506,625.5691360352753,4.0
2458245.307665494,2322844.4411367932,7285.763845246121,2117345.046747306,8679.726438978823,2117345.046747306,8679.726438978823,17.60358807314118,0.0826187991197654,0.2289053629118377,2.9798036870136354e-10,12.0,2874.831005859375,36.94960696448421,902.026056024506,625.5691360352753,4.0
2458245.320082759,2311282.5210050563,6714.998861542598,2104663.5896802666,8031.214377239295,2104663.5896802666,8031.214377239295,17.504461263699223,0.0785066937725996,0.2299656073880341,3.7685477419283346e-10,12.0,2994.341943359375,37.56021840610191,902.026056024506,625.5691360352753,4.0
2458246.0227988563,2308931.9284840915,4831.547799063792,2102085.390056239,6172.907821717667,2102085.390056239,6172.907821717667,17.484308319011284,0.0674569769211023,0.2214881035969356,3.591361891117712e-10,12.0,678.7241455078125,24.94998037576503,902.026056024506,625.5691360352753,4.0
2458246.0277516297,2315887.3327481938,4263.568821420693,2109714.2838346143,5709.1641347160885,2109714.2838346143,5709.1641347160885,17.54394089086991,0.0649152950117487,0.2230210321700964,3.256999408817407e-10,12.0,674.2370971679687,19.81990665303381,902.026056024506,625.5691360352753,4.0
2458246.040034186,2314068.935315063,4250.24535674204,2107719.8115742714,5680.612203887523,2107719.8115742714,5680.612203887523,17.52835075239896,0.0647615908599542,0.2250292284860119,2.750866489638058e-10,12.0,659.8917358398437,20.36925615913461,902.026056024506,625.5691360352753,4.0
2458246.0434287176,2304960.618742517,4073.9534421674134,2097729.5396945467,5441.2503769265,2097729.5396945467,5441.2503769265,17.450260058903737,0.0634910756723692,0.2254566945720348,3.4805084998672273e-10,12.0,669.5766235351562,21.2468280315398,902.026056024506,625.5691360352753,4.0
2458246.0468929303,2310736.2408240787,4332.286604804224,2104064.4133684887,5725.288158547548,2104064.4133684887,5725.288158547548,17.499777698099,0.065000682095934,0.2273049446313944,3.1871770291188193e-10,12.0,677.6524658203125,21.96453334142224,902.026056024506,625.5691360352753,4.0
2458246.049976968,2312336.0130633474,4000.148172477762,2105819.0910291336,5441.521567459891,2105819.0910291336,5441.521567459891,17.513493440476186,0.0634943137869783,0.2290183027912252,2.2358469540060543e-10,12.0,694.4324462890625,19.4969950009016,902.026056024506,625.5691360352753,4.0
2458246.053846393,2309619.78900123,4545.892524521878,2102839.855881707,5911.8322524017885,2102839.855881707,5911.8322524017885,17.49020573203854,0.0660128160865444,0.2282667334683746,2.7030030789467275e-10,12.0,695.0821411132813,23.761138595376945,902.026056024506,625.5691360352753,4.0
2458246.057720528,2311581.4686424057,4354.422432136499,2104991.48431932,5752.8101210789555,2104991.48431932,5752.8101210789555,17.50702430903625,0.0651491954690994,0.2315005720585529,3.99201762162299e-10,12.0,760.3940185546875,22.41176704510857,902.026056024506,625.5691360352753,4.0
2458246.060784069,2323535.0304635363,5705.930446958614,2118102.5056121177,7122.002551898397,2118102.5056121177,7122.002551898397,17.609508881779764,0.0729515080287056,0.197987716723248,2.7215440451911717e-10,12.0,935.9865356445312,23.36046083831477,902.026056024506,625.5691360352753,4.0
2458246.0678165136,2319924.5364473904,4735.26672621327,2114142.4086442385,6175.087651573025,2114142.4086442385,6175.087651573025,17.57855409673957,0.0674719246407058,0.2292292510871556,2.2899828667597886e-10,12.0,956.7565185546875,22.707474740932813,902.026056024506,625.5691360352753,4.0
2458246.071210062,2324487.5347564444,4829.193814670812,2119147.240583392,6302.247705330175,2119147.240583392,6302.247705330175,17.61767523394792,0.0681877840157859,0.2264443826151716,2.749451459670395e-10,12.0,1104.5827880859376,21.86970386565367,902.026056024506,625.5691360352753,4.0
2458246.074676072,2293840.54740143,4542.971103958353,2085532.7154916786,5786.578131798882,2085532.7154916786,5786.578131798882,17.354921466330083,0.06532777016925,0.2022152204293596,3.7065871666696607e-10,12.0,1233.8562255859374,23.7685120449445,902.026056024506,625.5691360352753,4.0
2458246.0958195943,2328038.9920594757,6208.999491271886,2123042.5843325816,7645.197095583174,2123042.5843325816,7645.197095583174,17.648123864219325,0.0761194228631304,0.2342005511855224,2.1443041739067518e-10,12.0,1257.4742919921875,30.108064193820045,902.026056024506,625.5691360352753,4.0
2458246.102537305,2322417.559070121,5847.129549137059,2116876.8298300905,7249.874783044978,2116876.8298300905,7249.874783044978,17.599928174370476,0.0737168130945651,0.2348644495811988,2.2630104271758963e-10,12.0,1265.9450439453126,29.59103522671902,902.026056024506,625.5691360352753,4.0
2458246.105930137,2310916.662396135,4298.575484753404,2104262.305102207,5696.216985689937,2104262.305102207,5696.216985689937,17.501324553170527,0.0648444826787644,0.2338688214660407,2.5405660699597805e-10,12.0,820.4435424804688,22.45960614584221,902.026056024506,625.5691360352753,4.0
2458246.1263270094,2332145.4945281157,4076.484167952003,2127546.7180887735,5705.14159160859,2127546.7180887735,5705.14159160859,17.683331207207655,0.0648984579583826,0.5935092065507647,2.730771444965718e-10,12.0,3190.363720703125,47.37375809397956,902.026056024506,625.5691360352753,4.0
2458246.2275332334,2318737.1980872215,4217.0206370135975,2112840.1006999756,5694.027476212907,2112840.1006999756,5694.027476212907,17.568374380738213,0.0648347852366284,0.2292370634739061,2.404074338527914e-10,12.0,843.6269165039062,19.588130050327035,902.026056024506,625.5691360352753,4.0
2458246.303410591,2328414.1227655304,6574.283220565228,2123454.0388219035,8006.899421649802,2123454.0388219035,8006.899421649802,17.651340069623902,0.078358759795989,0.2160740158127468,2.385019935407599e-10,12.0,1447.3469970703125,29.35841779964773,902.026056024506,625.5691360352753,4.0
2458247.274617824,2304685.915738091,4460.291350113131,2097428.2372882743,5792.059408775478,2097428.2372882743,5792.059408775478,17.44790487636808,0.065359694659437,0.2344622423366595,4.15655650665181e-10,12.0,827.5470947265625,25.153784582235684,902.026056024506,625.5691360352753,4.0
2458247.321380866,2307219.629942941,5534.458684948188,2100207.2902087965,6834.061529349758,2100207.2902087965,6834.061529349758,17.469627825696822,0.0712448581041013,0.2352135485458683,2.394353258116165e-10,12.0,1032.73818359375,32.062498677478416,902.026056024506,625.5691360352753,4.0
2458248.019523832,2313242.770894692,4996.657218834186,2106813.6499239686,6363.0198037552445,2106813.6499239686,6363.0198037552445,17.521267582637133,0.0685288232061165,0.2359052915783621,2.8181072692687185e-10,12.0,846.7250732421875,26.87845197795801,902.026056024506,625.5691360352753,4.0
2458248.081849347,2314178.8596316525,4104.158124236179,2107840.3798263925,5550.891993212528,2107840.3798263925,5550.891993212528,17.52929319506068,0.0640706404231911,0.2448467912431661,2.7626630363047185e-10,12.0,712.5750976562499,21.54850256964404,902.026056024506,625.5691360352753,4.0
2458248.1002134616,2319204.395129963,3334.1138529928107,2113352.5362791754,4944.865087780989,2113352.5362791754,4944.865087780989,17.572379922352415,0.060963762186671,0.5790951688597911,3.510686351716073e-10,12.0,1742.5396240234377,40.61277552856746,902.026056024506,625.5691360352753,4.0
2458248.137395428,2339460.2965942076,16080.438250109844,2135569.8100404656,18015.176718076484,2135569.8100404656,18015.176718076484,17.746045097482742,0.1485035826471731,0.0503505449702393,2.7458850952948877e-10,12.0,604.295751953125,13.397661826643333,902.026056024506,625.5691360352753,4.0
2458248.191809044,2289977.731562691,14614.406489426685,2081295.8644618578,16287.63623847363,2081295.8644618578,16287.63623847363,17.321803385146918,0.1357602806871764,0.0453371230697427,2.73832305240843e-10,12.0,920.163916015625,17.40478771279714,902.026056024506,625.5691360352753,4.0
2458248.2640900253,2310751.3293839027,3144.0890905798788,2104080.962948613,4700.3585812681995,2104080.962948613,4700.3585812681995,17.499907060763448,0.059767865258199,0.5302137677469423,2.6375422010297543e-10,12.0,2112.87470703125,37.31294445031359,902.026056024506,625.5691360352753,4.0
2458248.2692853766,2314507.632110889,11808.92450181183,2108200.987236994,13354.63866991794,2108200.987236994,13354.63866991794,17.5321119454523,0.1145401262907044,0.0932398988257546,2.6616702768664727e-10,12.0,1047.441796875,25.542676365804244,902.026056024506,625.5691360352753,4.0
2458248.3214342115,2310891.249828716,22780.135924433962,2104234.4318442186,25189.513947088595,2104234.4318442186,25189.513947088595,17.501106677013354,0.2024628173210492,0.0384250678357425,2.753146897855031e-10,12.0,1371.174633789063,20.23317611293069,902.026056024506,625.5691360352753,4.0
2458249.047187132,2296170.1436303095,4064.827922780923,2088087.8857595443,5359.978822192036,2088087.8857595443,5359.978822192036,17.374894398059897,0.0630653400816371,0.2256130552523897,3.4987074550986225e-10,12.0,792.2119873046876,23.29927309488305,902.026056024506,625.5691360352753,4.0
2458249.071497086,2300139.3426628397,3920.433777760881,2092441.4210329296,5262.0255189985355,2092441.4210329296,5262.0255189985355,17.40892456187801,0.062560133983319,0.2247036884151823,2.7812346185821976e-10,12.0,781.0249755859375,21.155384659227597,902.026056024506,625.5691360352753,4.0
2458249.113152588,2292959.309928339,4369.552785004647,2084566.1480830174,5617.135543429137,2084566.1480830174,5617.135543429137,17.347366124477436,0.0644176466340524,0.2071923192783795,2.9573194566333407e-10,12.0,751.6749633789062,23.79045597283992,902.026056024506,625.5691360352753,4.0
2458251.1609783256,2307571.4290044657,3076.690115837832,2100593.153858095,4612.700823870978,2100593.153858095,4612.700823870978,17.472643995860267,0.0593482723369482,0.5566073160739337,3.1641646451664704e-10,12.0,1742.1953613281248,39.537323780523366,902.026056024506,625.5691360352753,4.0
2458252.2546089008,2300252.9252222106,3006.600026676058,2092566.0017542795,4481.479303568899,2092566.0017542795,4481.479303568899,17.409898368701636,0.0587289488924551,0.5543575771895768,4.020092799239281e-10,12.0,2025.5488525390624,41.13707130380053,902.026056024506,625.5691360352753,4.0
2458254.088166139,2300494.2123625586,3177.559943531951,2092830.652649312,4623.543615174726,2092830.652649312,4623.543615174726,17.411967058340526,0.0593980587271413,0.5432047094408807,3.8756831262971884e-10,12.0,1669.8267333984377,43.04394368201649,902.026056024506,625.5691360352753,4.0
2458264.0609874427,2315438.1156386663,3488.5530876977273,2109221.569179666,5031.875699709491,2109221.569179666,5031.875699709491,17.54008950128177,0.0613961569274332,0.5716787152050959,2.52196556336745e-10,12.0,2665.81943359375,44.04792257857909,902.026056024506,625.5691360352753,4.0
2458265.060973905,2303273.735839761,2889.7432467518192,2095879.3164734303,4419.18882185719,2095879.3164734303,4419.18882185719,17.43579746807565,0.0584405602019323,0.6161671825251623,3.4858836878759084e-10,12.0,3487.806591796875,42.41280318541829,902.026056024506,625.5691360352753,4.0
2458291.894737011,0.0,0.0,0.0,0.0,0.0,0.0,0.0,0.0,0.0,0.0,12.0,0.0,0.0,0.0,0.0,5.0
2458291.9358928693,0.0,0.0,0.0,0.0,0.0,0.0,0.0,0.0,0.0,0.0,12.0,0.0,0.0,0.0,0.0,5.0
2458292.147802652,0.0,0.0,0.0,0.0,0.0,0.0,0.0,0.0,0.0,0.0,12.0,0.0,0.0,0.0,0.0,5.0
2458292.1852597087,0.0,0.0,0.0,0.0,0.0,0.0,0.0,0.0,0.0,0.0,12.0,0.0,0.0,0.0,0.0,5.0
2458292.227134347,0.0,0.0,0.0,0.0,0.0,0.0,0.0,0.0,0.0,0.0,12.0,0.0,0.0,0.0,0.0,5.0
2458293.157614268,0.0,0.0,0.0,0.0,0.0,0.0,0.0,0.0,0.0,0.0,12.0,0.0,0.0,0.0,0.0,5.0
2458294.1501387,2371015.616825661,6920.339386951823,2170180.62158321,8694.676318453056,2170180.62158321,8694.676318453056,18.01658651100428,0.0827288468626616,1.0391901912800712,2.386896340259633e-10,12.0,7937.30126953125,109.6765553261303,902.026056024506,625.5691360352753,0.0
2458295.116179733,0.0,0.0,0.0,0.0,0.0,0.0,0.0,0.0,0.0,0.0,12.0,0.0,0.0,0.0,0.0,5.0
2458295.9792675064,0.0,0.0,0.0,0.0,0.0,0.0,0.0,0.0,0.0,0.0,12.0,0.0,0.0,0.0,0.0,5.0
2458296.139843529,0.0,0.0,0.0,0.0,0.0,0.0,0.0,0.0,0.0,0.0,12.0,0.0,0.0,0.0,0.0,5.0
2458300.015262944,2314838.497659697,4235.93473880877,2108563.8903884077,5674.745400964976,2108563.8903884077,5674.745400964976,17.53494864090029,0.0647303579087971,0.8758795088095954,3.6757450750910025e-10,12.0,12394.25234375,86.90885724692903,902.026056024506,625.5691360352753,0.0
2458300.9567418,2303962.9595930907,4253.91171628686,2096635.277536805,5596.147562697136,2096635.277536805,5596.147562697136,17.441706568889426,0.0643082289562713,0.7260337171387745,4.012888158377004e-10,12.0,8456.21171875,79.4791550549155,902.026056024506,625.5691360352753,0.0
2458302.96608126,2300470.7544682636,2632.3988551364805,2092804.9233348065,4191.014579414217,2092804.9233348065,4191.014579414217,17.41176594068956,0.0574036611696672,0.9740131909840948,3.4432196820697176e-10,12.0,2137.030859375,62.027150043707564,902.026056024506,625.5691360352753,0.0
2458304.031938086,2306980.956824693,2325.817015039512,2099945.506450766,4042.269174789422,2099945.506450766,4042.269174789422,17.46758154753177,0.0567498238071033,1.0175993851483762,2.6938490070128544e-10,12.0,2037.1854736328123,50.41137136609368,902.026056024506,625.5691360352753,0.0
2458305.947057778,2290770.7251265896,2440.3955914378967,2082165.6433325338,3945.8450740948124,2082165.6433325338,3945.8450740948124,17.328602162599253,0.056329769733167,0.964026982046322,3.9679189282359806e-10,12.0,2066.359375,61.29142392510574,902.026056024506,625.5691360352753,0.0
2458309.9360522022,2305489.210947393,2302.4035273500826,2098309.3153092987,4008.4284834914606,2098309.3153092987,4008.4284834914606,17.454791975589565,0.0566025718739023,1.0151062094738466,4.1923887595747825e-10,12.0,1960.1106689453125,50.3953171746301,902.026056024506,625.5691360352753,0.0
2458311.064298252,2307118.869825078,2297.4408995607923,2100096.7735217614,4024.34575651806,2100096.7735217614,4024.34575651806,17.468763952837566,0.056671974974626,1.0266862182562349,2.7408559603259603e-10,12.0,1752.144287109375,49.80126867123282,902.026056024506,625.5691360352753,0.0
2458312.0598525265,2307565.838083864,2295.9763983961657,2100587.021570486,4028.6871358195376,2100587.021570486,4028.6871358195376,17.472596061770194,0.0566909395487044,1.0287436383672597,2.7635299639504505e-10,12.0,1740.8752685546876,49.59197395251879,902.026056024506,625.5691360352753,0.0
2458312.928867165,2303630.321374885,2220.72899192548,2096270.430068998,3930.5303720269617,2096270.430068998,3930.5303720269617,17.438854675354985,0.0562673086291885,1.016450815171805,3.041311645907497e-10,12.0,1934.023291015625,48.76437926869959,902.026056024506,625.5691360352753,0.0
2458313.0476606307,2299978.712737718,2803.796325375517,2092265.2373648265,4317.587354203263,2092265.2373648265,4317.587354203263,17.407547391667794,0.0579738670460457,0.473353776993303,3.8780731822347095e-10,12.0,809.3024780273438,31.66258075889836,902.026056024506,625.5691360352753,0.0
2458313.0654949658,2261446.2578759603,3574.6773401960163,2050001.697533267,4674.268771910452,2050001.697533267,4674.268771910452,17.077187099701447,0.0596339106327779,0.4212810208995377,4.2215011545093775e-10,12.0,876.1210449218751,54.328853540179495,902.026056024506,625.5691360352753,0.0
2458313.1054173755,2305777.2864796165,2241.8861132559446,2098625.2851008503,3970.3804762062146,2098625.2851008503,3970.3804762062146,17.457261808287104,0.0564385600083513,1.0248156916436075,4.1655968949841016e-10,12.0,1743.6081787109374,48.628640044453554,902.026056024506,625.5691360352753,0.0
2458313.145348592,2298255.1921879044,2704.1951924634395,2090374.8288853026,4222.489646410725,2090374.8288853026,4222.489646410725,17.392770685795075,0.057543899949319,0.4711232581067353,3.431445003918577e-10,12.0,908.6777465820312,30.468546307180656,902.026056024506,625.5691360352753,0.0
2458313.17821248,2283125.5820974223,2322.6072783634154,2073780.2236106289,3782.9643976603684,2073780.2236106289,3782.9643976603684,17.26305607444314,0.0556413474426988,0.9712456882365827,3.9816345214195365e-10,12.0,2066.10517578125,62.64593752916166,902.026056024506,625.5691360352753,0.0
2458313.183297398,2284498.065545934,2570.108525552067,2075285.6041814336,3983.4985225149007,2075285.6041814336,3983.4985225149007,17.274823142863664,0.0564902436376478,0.9652137714394756,4.145417629346858e-10,12.0,2134.596826171875,70.04718183995192,902.026056024506,625.5691360352753,0.0
2458313.1885268823,2277851.1875668564,2414.3820772368986,2067995.1111870967,3803.193656413996,2067995.1111870967,3803.193656413996,17.217835739447228,0.0557246526688916,0.9585021565398408,3.3241735665258023e-10,12.0,2181.182470703125,68.63873067894214,902.026056024506,625.5691360352753,0.0
2458313.194764151,2289513.9350777688,2375.6004939144077,2080787.158715376,3885.1464021642264,2080787.158715376,3885.1464021642264,17.317826998417303,0.0560711248105421,0.9759573041325956,4.15987262389356e-10,12.0,2280.416064453125,60.72657245786926,902.026056024506,625.5691360352753,0.0
2458313.2053309144,2266724.9052744764,2612.274899514913,2055791.47462856,3869.195425438175,2055791.47462856,3869.195425438175,17.122443896913513,0.0560000779497896,0.9270048688073552,3.615142881224967e-10,12.0,2312.7321289062497,81.29063485609618,902.026056024506,625.5691360352753,0.0
2458313.212175416,2278670.3833257146,2706.2549026737256,2068893.6294026773,4039.544417071932,2068893.6294026773,4039.544417071932,17.22485916297539,0.0567319086550114,0.934879781621128,4.215618408458385e-10,12.0,2301.5147460937496,76.44652273611217,902.026056024506,625.5691360352753,0.0
2458313.9127017315,2301981.8024845202,2620.8142653394466,2094462.2856350169,4198.55982023368,2094462.2856350169,4198.55982023368,17.42472100066735,0.0574377086879117,0.4794416166286943,3.9629994431453877e-10,12.0,830.3357666015625,28.491717306789926,902.026056024506,625.5691360352753,0.0
2458313.925148025,2303613.607512345,2325.44945566683,2096252.09780863,4002.5314998085496,2096252.09780863,4002.5314998085496,17.43871137806111,0.0565765801952487,1.0268743619983012,3.3824477867972075e-10,12.0,1802.985522460937,52.92632634453437,902.026056024506,625.5691360352753,0.0
2458314.9221798987,2294588.024744519,2227.2932677137037,2086352.5708208072,3832.2320001026687,2086352.5708208072,3832.2320001026687,17.361330007758006,0.0558492752200876,1.026085678583167,4.0225127854922736e-10,12.0,1795.9987548828124,55.109547137082046,902.026056024506,625.5691360352753,0.0
2458317.0291253803,2309986.5050960374,2428.9007163646625,2103242.0809757328,4149.994263797551,2103242.0809757328,4149.994263797551,17.493349794273442,0.0572237556010464,1.0291387369223042,2.6503114535906757e-10,12.0,1655.5513427734377,52.59226651647431,902.026056024506,625.5691360352753,0.0
2458317.914648285,2309931.97598006,2598.2933578928596,2103182.271823333,4271.010272083276,2103182.271823333,4271.010272083276,17.492882285656638,0.0577652354255468,1.0020685469491537,2.4166723141749916e-10,12.0,2278.639892578125,56.59187236612908,902.026056024506,625.5691360352753,0.0
2458327.9483610494,-1176565338.3168216,-1176565338.3168216,-1176565338.3168216,-1176565338.3168216,-1176565338.3168216,-1176565338.3168216,0.0,0.0,0.1618958671334651,-9999.99,12.0,-9999.99,-9999.99,-9999.99,-9999.99,7.0
2458328.063096186,2289233.694249497,5368.387625559432,2080479.7822595905,6553.927798088313,2080479.7822595905,6553.927798088313,17.315424337019774,0.0696146347094238,0.7044665609940786,3.882321416595265e-10,12.0,16606.779296875,112.79013935311356,902.026056024506,625.5691360352753,0.0
2458330.0448452565,0.0,0.0,0.0,0.0,0.0,0.0,0.0,0.0,0.0,0.0,12.0,0.0,0.0,0.0,0.0,5.0
2458330.8795832493,2302066.1467251335,3061.9669910130506,2094554.7969007907,4544.399757310446,2094554.7969007907,4544.399757310446,17.425444131027298,0.0590240615450822,0.5386127836140389,2.724687654914282e-10,12.0,1904.6940185546875,40.12838226365512,902.026056024506,625.5691360352753,4.0
2458332.021427281,2303276.2335241544,2142.5995585009387,2095882.0560077848,3873.7821590582635,2095882.0560077848,3873.7821590582635,17.435818882121243,0.0560262399744819,1.0246155559137906,2.71676720607503e-10,12.0,2074.127978515625,46.59382583101675,902.026056024506,625.5691360352753,0.0
2458332.8725310965,2297792.388067833,2140.053149788436,2089867.211594034,3808.0636482510336,2089867.211594034,3808.0636482510336,17.388802807164478,0.055748917063667,1.014110746650762,3.661332581840566e-10,12.0,2090.713720703125,49.25722657374547,902.026056024506,625.5691360352753,0.0
2458335.9191805595,2305763.5817972077,2194.802908500119,2098610.2533985376,3938.440781006187,2098610.2533985376,3938.440781006187,17.45714431037792,0.0563016550454238,1.0131748788751127,3.4873881872059876e-10,12.0,1774.0270263671875,46.44381817659317,902.026056024506,625.5691360352753,0.0
2458337.906148835,2308101.079085941,2341.399901445482,2101174.0897832937,4066.392573430108,2101174.0897832937,4066.392573430108,17.47718498231401,0.0568553319222539,1.0160574222402852,3.4514017934096446e-10,12.0,1819.051953125,50.15920434963014,902.026056024506,625.5691360352753,0.0
2458338.95120977,2308455.485679524,2563.024900840182,2101562.813451127,4228.196083875918,2101562.813451127,4228.196083875918,17.480223508308544,0.0575720612495565,1.0182466515682338,2.388200838091113e-10,12.0,1791.6962646484376,57.41164985931081,902.026056024506,625.5691360352753,0.0
2458339.9476791243,2307086.99157295,2461.1709047092604,2100061.808508929,4138.793726941596,2100061.808508929,4138.793726941596,17.468490642748208,0.0571733775097011,1.0232705617147535,2.76385667143111e-10,12.0,1714.9401367187502,55.23565201237332,902.026056024506,625.5691360352753,0.0
2458339.9793980625,2309516.015565267,2399.926057710197,2102726.0340979663,4124.0396646380605,2102726.0340979663,4124.0396646380605,17.48931602431745,0.0571088608425284,1.024727970617782,3.984726785749217e-10,12.0,1704.7126953124998,51.66331427340317,902.026056024506,625.5691360352753,0.0
2458340.878835191,2306838.0664379713,2298.211689937069,2099788.780034751,4021.52605785867,2099788.780034751,4021.52605785867,17.466356468308412,0.0566596680650792,1.0204334481010005,2.5450807343830977e-10,12.0,2046.1940673828128,49.72198715884655,902.026056024506,625.5691360352753,0.0
2458341.878543622,0.0,0.0,0.0,0.0,0.0,0.0,0.0,0.0,0.0,0.0,12.0,0.0,0.0,0.0,0.0,5.0
2458343.037781656,2309476.599562271,2345.907387435724,2102682.8014563266,4086.0015789368554,2102682.8014563266,4086.0015789368554,17.48897808887305,0.0569415440530374,0.9854795026012964,3.96131091478724e-10,12.0,1684.99453125,47.87747151372636,902.026056024506,625.5691360352753,0.0
2458344.868427966,2300393.0590165653,2384.5978616832954,2092719.704657994,4007.7438255476686,2092719.704657994,4007.7438255476686,17.41109981411652,0.0565983142752951,0.9879901382611386,3.614499768285416e-10,12.0,2206.5956542968747,54.89056636728133,902.026056024506,625.5691360352753,0.0
2458346.0326148355,2308480.141918291,2316.160879765424,2101589.8571454072,4053.5162173688386,2101589.8571454072,4053.5162173688386,17.480434900037068,0.0567992273951535,0.9963304199529142,2.1897803241092816e-10,12.0,1603.941552734375,48.08288197920638,902.026056024506,625.5691360352753,0.0
2458347.9037850844,2309673.2962948256,2591.0285089571353,2102898.5442689974,4262.702788745095,2102898.5442689974,4262.702788745095,17.490664480000436,0.0577276585616343,1.0015896749421087,3.613811217815882e-10,12.0,2014.317041015625,56.57183182813813,902.026056024506,625.5691360352753,0.0
2458347.9780426444,0.0,0.0,0.0,0.0,0.0,0.0,0.0,0.0,0.0,0.0,12.0,0.0,0.0,0.0,0.0,5.0
2458353.016001004,2295014.9932154515,2746.9024774269583,2086820.8825087796,4222.712880092769,2086820.8825087796,4222.712880092769,17.364990647320774,0.0575441695223605,0.9562622971469736,3.3388069855306657e-10,12.0,7161.962207031251,68.06472399326275,902.026056024506,625.5691360352753,0.0
2458353.9811396063,2337720.971204707,3967.149781807133,2133662.0663438085,5672.577289119976,2133662.0663438085,5672.577289119976,17.731132887877592,0.0647256611209237,0.9937487087185888,3.8828741225585135e-10,12.0,8314.136914062501,73.69456074510362,902.026056024506,625.5691360352753,0.0
2458381.884197436,2274046.108827054,3558.6061232877128,2063821.5879205712,4736.733907552648,2063821.5879205712,4736.733907552648,17.185212670713454,0.0599356956934938,0.8384737726463984,3.899900536611749e-10,12.0,4949.9609375,97.96585796575994,902.026056024506,625.5691360352753,0.0
2458390.884389969,2308634.9494909556,2719.879948868877,2101759.6546845715,4346.496939412328,2101759.6546845715,4346.496939412328,17.481762151962414,0.0581078968838944,0.9922098596823004,3.558556636665503e-10,12.0,2077.636181640625,60.55181255772382,902.026056024506,625.5691360352753,0.0
2458398.8853394086,2302363.5975116435,2423.6911440288277,2094881.049749428,4057.889356332078,2094881.049749428,4057.889356332078,17.427994343024686,0.0568166955460924,0.97340154697532,2.7894415548848636e-10,12.0,2263.151318359375,54.07208423238623,902.026056024506,625.5691360352753,0.0
2457867.4532781574,0.0,0.0,0.0,0.0,0.0,0.0,0.0,0.0,0.0,0.0,0.0,0.0,0.0,0.0,0.0,0.0
2458580.539819603,0.0,0.0,0.0,0.0,0.0,0.0,0.0,0.0,0.0,0.0,0.0,0.0,0.0,0.0,0.0,0.0
2457864.5991871944,0.0,0.0,0.0,0.0,0.0,0.0,0.0,0.0,0.0,0.0,0.0,0.0,0.0,0.0,0.0,0.0
2458580.559513909,0.0,0.0,0.0,0.0,0.0,0.0,0.0,0.0,0.0,0.0,0.0,0.0,0.0,0.0,0.0,0.0
2457867.4949110607,0.0,0.0,0.0,0.0,0.0,0.0,0.0,0.0,0.0,0.0,0.0,0.0,0.0,0.0,0.0,0.0
2458581.585659028,0.0,0.0,0.0,0.0,0.0,0.0,0.0,0.0,0.0,0.0,0.0,0.0,0.0,0.0,0.0,0.0
2457876.6368169067,0.0,0.0,0.0,0.0,0.0,0.0,0.0,0.0,0.0,0.0,0.0,0.0,0.0,0.0,0.0,0.0
2458583.5481344103,0.0,0.0,0.0,0.0,0.0,0.0,0.0,0.0,0.0,0.0,0.0,0.0,0.0,0.0,0.0,0.0
2457887.535271145,0.0,0.0,0.0,0.0,0.0,0.0,0.0,0.0,0.0,0.0,0.0,0.0,0.0,0.0,0.0,0.0
2458583.625648816,0.0,0.0,0.0,0.0,0.0,0.0,0.0,0.0,0.0,0.0,0.0,0.0,0.0,0.0,0.0,0.0
2457890.47225462,0.0,0.0,0.0,0.0,0.0,0.0,0.0,0.0,0.0,0.0,0.0,0.0,0.0,0.0,0.0,0.0
2458585.5556206675,0.0,0.0,0.0,0.0,0.0,0.0,0.0,0.0,0.0,0.0,0.0,0.0,0.0,0.0,0.0,0.0
2457920.2768138587,0.0,0.0,0.0,0.0,0.0,0.0,0.0,0.0,0.0,0.0,0.0,0.0,0.0,0.0,0.0,0.0
2458590.555074898,0.0,0.0,0.0,0.0,0.0,0.0,0.0,0.0,0.0,0.0,0.0,0.0,0.0,0.0,0.0,0.0
2457920.5225103274,0.0,0.0,0.0,0.0,0.0,0.0,0.0,0.0,0.0,0.0,0.0,0.0,0.0,0.0,0.0,0.0
2458604.474238575,0.0,0.0,0.0,0.0,0.0,0.0,0.0,0.0,0.0,0.0,0.0,0.0,0.0,0.0,0.0,0.0
2457921.360170644,0.0,0.0,0.0,0.0,0.0,0.0,0.0,0.0,0.0,0.0,0.0,0.0,0.0,0.0,0.0,0.0
2458605.471613688,0.0,0.0,0.0,0.0,0.0,0.0,0.0,0.0,0.0,0.0,0.0,0.0,0.0,0.0,0.0,0.0
2457929.277748105,0.0,0.0,0.0,0.0,0.0,0.0,0.0,0.0,0.0,0.0,0.0,0.0,0.0,0.0,0.0,0.0
2458605.544146025,0.0,0.0,0.0,0.0,0.0,0.0,0.0,0.0,0.0,0.0,0.0,0.0,0.0,0.0,0.0,0.0
2457929.3966621337,0.0,0.0,0.0,0.0,0.0,0.0,0.0,0.0,0.0,0.0,0.0,0.0,0.0,0.0,0.0,0.0
2458606.564329712,0.0,0.0,0.0,0.0,0.0,0.0,0.0,0.0,0.0,0.0,0.0,0.0,0.0,0.0,0.0,0.0
2457930.3267411264,0.0,0.0,0.0,0.0,0.0,0.0,0.0,0.0,0.0,0.0,0.0,0.0,0.0,0.0,0.0,0.0
2458609.512288608,0.0,0.0,0.0,0.0,0.0,0.0,0.0,0.0,0.0,0.0,0.0,0.0,0.0,0.0,0.0,0.0
2457937.503703962,0.0,0.0,0.0,0.0,0.0,0.0,0.0,0.0,0.0,0.0,0.0,0.0,0.0,0.0,0.0,0.0
2458613.466723453,0.0,0.0,0.0,0.0,0.0,0.0,0.0,0.0,0.0,0.0,0.0,0.0,0.0,0.0,0.0,0.0
2457938.3166658054,0.0,0.0,0.0,0.0,0.0,0.0,0.0,0.0,0.0,0.0,0.0,0.0,0.0,0.0,0.0,0.0
2458614.494579392,0.0,0.0,0.0,0.0,0.0,0.0,0.0,0.0,0.0,0.0,0.0,0.0,0.0,0.0,0.0,0.0
2457939.216476385,0.0,0.0,0.0,0.0,0.0,0.0,0.0,0.0,0.0,0.0,0.0,0.0,0.0,0.0,0.0,0.0
2458616.5293883337,0.0,0.0,0.0,0.0,0.0,0.0,0.0,0.0,0.0,0.0,0.0,0.0,0.0,0.0,0.0,0.0
2457939.5061482512,0.0,0.0,0.0,0.0,0.0,0.0,0.0,0.0,0.0,0.0,0.0,0.0,0.0,0.0,0.0,0.0
2458617.440931057,0.0,0.0,0.0,0.0,0.0,0.0,0.0,0.0,0.0,0.0,0.0,0.0,0.0,0.0,0.0,0.0
2457941.5532857035,0.0,0.0,0.0,0.0,0.0,0.0,0.0,0.0,0.0,0.0,0.0,0.0,0.0,0.0,0.0,0.0
2458618.485188828,0.0,0.0,0.0,0.0,0.0,0.0,0.0,0.0,0.0,0.0,0.0,0.0,0.0,0.0,0.0,0.0
2457942.4588423176,0.0,0.0,0.0,0.0,0.0,0.0,0.0,0.0,0.0,0.0,0.0,0.0,0.0,0.0,0.0,0.0
2458630.474117989,0.0,0.0,0.0,0.0,0.0,0.0,0.0,0.0,0.0,0.0,0.0,0.0,0.0,0.0,0.0,0.0
2457943.205474523,0.0,0.0,0.0,0.0,0.0,0.0,0.0,0.0,0.0,0.0,0.0,0.0,0.0,0.0,0.0,0.0
2458637.553656601,0.0,0.0,0.0,0.0,0.0,0.0,0.0,0.0,0.0,0.0,0.0,0.0,0.0,0.0,0.0,0.0
2457945.4643331133,0.0,0.0,0.0,0.0,0.0,0.0,0.0,0.0,0.0,0.0,0.0,0.0,0.0,0.0,0.0,0.0
2458637.568375636,0.0,0.0,0.0,0.0,0.0,0.0,0.0,0.0,0.0,0.0,0.0,0.0,0.0,0.0,0.0,0.0
2457946.218361312,0.0,0.0,0.0,0.0,0.0,0.0,0.0,0.0,0.0,0.0,0.0,0.0,0.0,0.0,0.0,0.0
2458638.383354136,0.0,0.0,0.0,0.0,0.0,0.0,0.0,0.0,0.0,0.0,0.0,0.0,0.0,0.0,0.0,0.0
2457946.281756224,0.0,0.0,0.0,0.0,0.0,0.0,0.0,0.0,0.0,0.0,0.0,0.0,0.0,0.0,0.0,0.0
2458641.375441686,0.0,0.0,0.0,0.0,0.0,0.0,0.0,0.0,0.0,0.0,0.0,0.0,0.0,0.0,0.0,0.0
2457946.549807948,0.0,0.0,0.0,0.0,0.0,0.0,0.0,0.0,0.0,0.0,0.0,0.0,0.0,0.0,0.0,0.0
2458645.4169332343,0.0,0.0,0.0,0.0,0.0,0.0,0.0,0.0,0.0,0.0,0.0,0.0,0.0,0.0,0.0,0.0
2457947.350856945,0.0,0.0,0.0,0.0,0.0,0.0,0.0,0.0,0.0,0.0,0.0,0.0,0.0,0.0,0.0,0.0
2458648.388044897,0.0,0.0,0.0,0.0,0.0,0.0,0.0,0.0,0.0,0.0,0.0,0.0,0.0,0.0,0.0,0.0
2457947.5555169885,0.0,0.0,0.0,0.0,0.0,0.0,0.0,0.0,0.0,0.0,0.0,0.0,0.0,0.0,0.0,0.0
2458661.2729757065,0.0,0.0,0.0,0.0,0.0,0.0,0.0,0.0,0.0,0.0,0.0,0.0,0.0,0.0,0.0,0.0
2457948.3026955123,0.0,0.0,0.0,0.0,0.0,0.0,0.0,0.0,0.0,0.0,0.0,0.0,0.0,0.0,0.0,0.0
2458661.2847877275,0.0,0.0,0.0,0.0,0.0,0.0,0.0,0.0,0.0,0.0,0.0,0.0,0.0,0.0,0.0,0.0
2457949.225592498,0.0,0.0,0.0,0.0,0.0,0.0,0.0,0.0,0.0,0.0,0.0,0.0,0.0,0.0,0.0,0.0
2458661.2966126204,0.0,0.0,0.0,0.0,0.0,0.0,0.0,0.0,0.0,0.0,0.0,0.0,0.0,0.0,0.0,0.0
2457949.520265053,0.0,0.0,0.0,0.0,0.0,0.0,0.0,0.0,0.0,0.0,0.0,0.0,0.0,0.0,0.0,0.0
2458661.3084382755,0.0,0.0,0.0,0.0,0.0,0.0,0.0,0.0,0.0,0.0,0.0,0.0,0.0,0.0,0.0,0.0
2457954.5383254318,0.0,0.0,0.0,0.0,0.0,0.0,0.0,0.0,0.0,0.0,0.0,0.0,0.0,0.0,0.0,0.0
2458661.320265464,0.0,0.0,0.0,0.0,0.0,0.0,0.0,0.0,0.0,0.0,0.0,0.0,0.0,0.0,0.0,0.0
2457956.388940464,0.0,0.0,0.0,0.0,0.0,0.0,0.0,0.0,0.0,0.0,0.0,0.0,0.0,0.0,0.0,0.0
2458668.3290721555,0.0,0.0,0.0,0.0,0.0,0.0,0.0,0.0,0.0,0.0,0.0,0.0,0.0,0.0,0.0,0.0
2457957.4234840414,0.0,0.0,0.0,0.0,0.0,0.0,0.0,0.0,0.0,0.0,0.0,0.0,0.0,0.0,0.0,0.0
2457844.6174118635,0.0,0.0,0.0,0.0,0.0,0.0,0.0,0.0,0.0,0.0,0.0,0.0,0.0,0.0,0.0,0.0
2457958.367533369,0.0,0.0,0.0,0.0,0.0,0.0,0.0,0.0,0.0,0.0,0.0,0.0,0.0,0.0,0.0,0.0
2457844.63106672,0.0,0.0,0.0,0.0,0.0,0.0,0.0,0.0,0.0,0.0,0.0,0.0,0.0,0.0,0.0,0.0
2457958.4652533056,0.0,0.0,0.0,0.0,0.0,0.0,0.0,0.0,0.0,0.0,0.0,0.0,0.0,0.0,0.0,0.0
2457846.561121053,0.0,0.0,0.0,0.0,0.0,0.0,0.0,0.0,0.0,0.0,0.0,0.0,0.0,0.0,0.0,0.0
2457959.277201117,0.0,0.0,0.0,0.0,0.0,0.0,0.0,0.0,0.0,0.0,0.0,0.0,0.0,0.0,0.0,0.0
2457847.4702764065,0.0,0.0,0.0,0.0,0.0,0.0,0.0,0.0,0.0,0.0,0.0,0.0,0.0,0.0,0.0,0.0
2457965.3978970693,0.0,0.0,0.0,0.0,0.0,0.0,0.0,0.0,0.0,0.0,0.0,0.0,0.0,0.0,0.0,0.0
2457848.635839628,0.0,0.0,0.0,0.0,0.0,0.0,0.0,0.0,0.0,0.0,0.0,0.0,0.0,0.0,0.0,0.0
2457892.541712026,0.0,0.0,0.0,0.0,0.0,0.0,0.0,0.0,0.0,0.0,0.0,0.0,0.0,0.0,0.0,0.0
2457967.4612850766,0.0,0.0,0.0,0.0,0.0,0.0,0.0,0.0,0.0,0.0,0.0,0.0,0.0,0.0,0.0,0.0
2457914.367702042,0.0,0.0,0.0,0.0,0.0,0.0,0.0,0.0,0.0,0.0,0.0,0.0,0.0,0.0,0.0,0.0
2457968.3639381514,0.0,0.0,0.0,0.0,0.0,0.0,0.0,0.0,0.0,0.0,0.0,0.0,0.0,0.0,0.0,0.0
2457917.277393777,0.0,0.0,0.0,0.0,0.0,0.0,0.0,0.0,0.0,0.0,0.0,0.0,0.0,0.0,0.0,0.0
2458670.296212926,0.0,0.0,0.0,0.0,0.0,0.0,0.0,0.0,0.0,0.0,0.0,0.0,0.0,0.0,0.0,0.0
2457969.329152828,0.0,0.0,0.0,0.0,0.0,0.0,0.0,0.0,0.0,0.0,0.0,0.0,0.0,0.0,0.0,0.0
2457971.2465710603,0.0,0.0,0.0,0.0,0.0,0.0,0.0,0.0,0.0,0.0,0.0,0.0,0.0,0.0,0.0,0.0
2457972.301558064,0.0,0.0,0.0,0.0,0.0,0.0,0.0,0.0,0.0,0.0,0.0,0.0,0.0,0.0,0.0,0.0
2457972.443513577,0.0,0.0,0.0,0.0,0.0,0.0,0.0,0.0,0.0,0.0,0.0,0.0,0.0,0.0,0.0,0.0
2457973.4851306286,0.0,0.0,0.0,0.0,0.0,0.0,0.0,0.0,0.0,0.0,0.0,0.0,0.0,0.0,0.0,0.0
2457974.4018228506,0.0,0.0,0.0,0.0,0.0,0.0,0.0,0.0,0.0,0.0,0.0,0.0,0.0,0.0,0.0,0.0
2457978.4014685755,0.0,0.0,0.0,0.0,0.0,0.0,0.0,0.0,0.0,0.0,0.0,0.0,0.0,0.0,0.0,0.0
2457979.452478756,0.0,0.0,0.0,0.0,0.0,0.0,0.0,0.0,0.0,0.0,0.0,0.0,0.0,0.0,0.0,0.0
2457980.3382895226,0.0,0.0,0.0,0.0,0.0,0.0,0.0,0.0,0.0,0.0,0.0,0.0,0.0,0.0,0.0,0.0
2457984.414033991,0.0,0.0,0.0,0.0,0.0,0.0,0.0,0.0,0.0,0.0,0.0,0.0,0.0,0.0,0.0,0.0
2457985.4078017417,0.0,0.0,0.0,0.0,0.0,0.0,0.0,0.0,0.0,0.0,0.0,0.0,0.0,0.0,0.0,0.0
2457986.331336334,0.0,0.0,0.0,0.0,0.0,0.0,0.0,0.0,0.0,0.0,0.0,0.0,0.0,0.0,0.0,0.0
2457986.43201779,0.0,0.0,0.0,0.0,0.0,0.0,0.0,0.0,0.0,0.0,0.0,0.0,0.0,0.0,0.0,0.0
2457989.337659108,0.0,0.0,0.0,0.0,0.0,0.0,0.0,0.0,0.0,0.0,0.0,0.0,0.0,0.0,0.0,0.0
2457991.3438159614,0.0,0.0,0.0,0.0,0.0,0.0,0.0,0.0,0.0,0.0,0.0,0.0,0.0,0.0,0.0,0.0
2457992.2197811017,0.0,0.0,0.0,0.0,0.0,0.0,0.0,0.0,0.0,0.0,0.0,0.0,0.0,0.0,0.0,0.0
2457992.4161394243,0.0,0.0,0.0,0.0,0.0,0.0,0.0,0.0,0.0,0.0,0.0,0.0,0.0,0.0,0.0,0.0
2458000.330072832,0.0,0.0,0.0,0.0,0.0,0.0,0.0,0.0,0.0,0.0,0.0,0.0,0.0,0.0,0.0,0.0
2458001.244864189,0.0,0.0,0.0,0.0,0.0,0.0,0.0,0.0,0.0,0.0,0.0,0.0,0.0,0.0,0.0,0.0
2458001.3861358,0.0,0.0,0.0,0.0,0.0,0.0,0.0,0.0,0.0,0.0,0.0,0.0,0.0,0.0,0.0,0.0
2458003.293674702,0.0,0.0,0.0,0.0,0.0,0.0,0.0,0.0,0.0,0.0,0.0,0.0,0.0,0.0,0.0,0.0
2458006.2532190457,0.0,0.0,0.0,0.0,0.0,0.0,0.0,0.0,0.0,0.0,0.0,0.0,0.0,0.0,0.0,0.0
2458007.2947045537,0.0,0.0,0.0,0.0,0.0,0.0,0.0,0.0,0.0,0.0,0.0,0.0,0.0,0.0,0.0,0.0
2458010.256291161,0.0,0.0,0.0,0.0,0.0,0.0,0.0,0.0,0.0,0.0,0.0,0.0,0.0,0.0,0.0,0.0
2458011.321199931,0.0,0.0,0.0,0.0,0.0,0.0,0.0,0.0,0.0,0.0,0.0,0.0,0.0,0.0,0.0,0.0
2458013.272291965,0.0,0.0,0.0,0.0,0.0,0.0,0.0,0.0,0.0,0.0,0.0,0.0,0.0,0.0,0.0,0.0
2458014.3664247696,0.0,0.0,0.0,0.0,0.0,0.0,0.0,0.0,0.0,0.0,0.0,0.0,0.0,0.0,0.0,0.0
2458016.34193349,0.0,0.0,0.0,0.0,0.0,0.0,0.0,0.0,0.0,0.0,0.0,0.0,0.0,0.0,0.0,0.0
2458019.2687283945,0.0,0.0,0.0,0.0,0.0,0.0,0.0,0.0,0.0,0.0,0.0,0.0,0.0,0.0,0.0,0.0
2458020.345561828,0.0,0.0,0.0,0.0,0.0,0.0,0.0,0.0,0.0,0.0,0.0,0.0,0.0,0.0,0.0,0.0
2458021.255930853,0.0,0.0,0.0,0.0,0.0,0.0,0.0,0.0,0.0,0.0,0.0,0.0,0.0,0.0,0.0,0.0
2458024.2304402096,0.0,0.0,0.0,0.0,0.0,0.0,0.0,0.0,0.0,0.0,0.0,0.0,0.0,0.0,0.0,0.0
2458028.2762237126,0.0,0.0,0.0,0.0,0.0,0.0,0.0,0.0,0.0,0.0,0.0,0.0,0.0,0.0,0.0,0.0
2458032.2471268326,0.0,0.0,0.0,0.0,0.0,0.0,0.0,0.0,0.0,0.0,0.0,0.0,0.0,0.0,0.0,0.0
2458036.2511471985,0.0,0.0,0.0,0.0,0.0,0.0,0.0,0.0,0.0,0.0,0.0,0.0,0.0,0.0,0.0,0.0
2458047.25438402,0.0,0.0,0.0,0.0,0.0,0.0,0.0,0.0,0.0,0.0,0.0,0.0,0.0,0.0,0.0,0.0
2458053.2578003597,0.0,0.0,0.0,0.0,0.0,0.0,0.0,0.0,0.0,0.0,0.0,0.0,0.0,0.0,0.0,0.0
2458165.6206522696,0.0,0.0,0.0,0.0,0.0,0.0,0.0,0.0,0.0,0.0,0.0,0.0,0.0,0.0,0.0,0.0
2458249.605311571,0.0,0.0,0.0,0.0,0.0,0.0,0.0,0.0,0.0,0.0,0.0,0.0,0.0,0.0,0.0,0.0
2458249.652410622,0.0,0.0,0.0,0.0,0.0,0.0,0.0,0.0,0.0,0.0,0.0,0.0,0.0,0.0,0.0,0.0
2458251.63813242,0.0,0.0,0.0,0.0,0.0,0.0,0.0,0.0,0.0,0.0,0.0,0.0,0.0,0.0,0.0,0.0
2458252.508768533,0.0,0.0,0.0,0.0,0.0,0.0,0.0,0.0,0.0,0.0,0.0,0.0,0.0,0.0,0.0,0.0
2458252.622858022,0.0,0.0,0.0,0.0,0.0,0.0,0.0,0.0,0.0,0.0,0.0,0.0,0.0,0.0,0.0,0.0
2458255.541785501,0.0,0.0,0.0,0.0,0.0,0.0,0.0,0.0,0.0,0.0,0.0,0.0,0.0,0.0,0.0,0.0
2458256.5625467924,0.0,0.0,0.0,0.0,0.0,0.0,0.0,0.0,0.0,0.0,0.0,0.0,0.0,0.0,0.0,0.0
2458257.579474227,0.0,0.0,0.0,0.0,0.0,0.0,0.0,0.0,0.0,0.0,0.0,0.0,0.0,0.0,0.0,0.0
2458262.4271676824,0.0,0.0,0.0,0.0,0.0,0.0,0.0,0.0,0.0,0.0,0.0,0.0,0.0,0.0,0.0,0.0
2458275.5699907844,0.0,0.0,0.0,0.0,0.0,0.0,0.0,0.0,0.0,0.0,0.0,0.0,0.0,0.0,0.0,0.0
2458276.374391487,0.0,0.0,0.0,0.0,0.0,0.0,0.0,0.0,0.0,0.0,0.0,0.0,0.0,0.0,0.0,0.0
2458276.458121303,0.0,0.0,0.0,0.0,0.0,0.0,0.0,0.0,0.0,0.0,0.0,0.0,0.0,0.0,0.0,0.0
2458277.3717103405,0.0,0.0,0.0,0.0,0.0,0.0,0.0,0.0,0.0,0.0,0.0,0.0,0.0,0.0,0.0,0.0
2458277.5563291484,0.0,0.0,0.0,0.0,0.0,0.0,0.0,0.0,0.0,0.0,0.0,0.0,0.0,0.0,0.0,0.0
2458278.3690041816,0.0,0.0,0.0,0.0,0.0,0.0,0.0,0.0,0.0,0.0,0.0,0.0,0.0,0.0,0.0,0.0
2458278.5034386097,0.0,0.0,0.0,0.0,0.0,0.0,0.0,0.0,0.0,0.0,0.0,0.0,0.0,0.0,0.0,0.0
2458281.510320205,0.0,0.0,0.0,0.0,0.0,0.0,0.0,0.0,0.0,0.0,0.0,0.0,0.0,0.0,0.0,0.0
2458281.525148452,0.0,0.0,0.0,0.0,0.0,0.0,0.0,0.0,0.0,0.0,0.0,0.0,0.0,0.0,0.0,0.0
2458282.3584912163,0.0,0.0,0.0,0.0,0.0,0.0,0.0,0.0,0.0,0.0,0.0,0.0,0.0,0.0,0.0,0.0
2458304.4524611738,0.0,0.0,0.0,0.0,0.0,0.0,0.0,0.0,0.0,0.0,0.0,0.0,0.0,0.0,0.0,0.0
2458305.302435546,0.0,0.0,0.0,0.0,0.0,0.0,0.0,0.0,0.0,0.0,0.0,0.0,0.0,0.0,0.0,0.0
2458306.292851421,0.0,0.0,0.0,0.0,0.0,0.0,0.0,0.0,0.0,0.0,0.0,0.0,0.0,0.0,0.0,0.0
2458310.281989465,0.0,0.0,0.0,0.0,0.0,0.0,0.0,0.0,0.0,0.0,0.0,0.0,0.0,0.0,0.0,0.0
2458320.254078468,0.0,0.0,0.0,0.0,0.0,0.0,0.0,0.0,0.0,0.0,0.0,0.0,0.0,0.0,0.0,0.0
2458673.485269354,0.0,0.0,0.0,0.0,0.0,0.0,0.0,0.0,0.0,0.0,0.0,0.0,0.0,0.0,0.0,0.0
2458674.285277789,0.0,0.0,0.0,0.0,0.0,0.0,0.0,0.0,0.0,0.0,0.0,0.0,0.0,0.0,0.0,0.0
2458700.2745761788,0.0,0.0,0.0,0.0,0.0,0.0,0.0,0.0,0.0,0.0,0.0,0.0,0.0,0.0,0.0,0.0
2458720.3237178423,0.0,0.0,0.0,0.0,0.0,0.0,0.0,0.0,0.0,0.0,0.0,0.0,0.0,0.0,0.0,0.0
2458721.219258449,0.0,0.0,0.0,0.0,0.0,0.0,0.0,0.0,0.0,0.0,0.0,0.0,0.0,0.0,0.0,0.0
2458724.233793505,0.0,0.0,0.0,0.0,0.0,0.0,0.0,0.0,0.0,0.0,0.0,0.0,0.0,0.0,0.0,0.0
2458725.322885458,0.0,0.0,0.0,0.0,0.0,0.0,0.0,0.0,0.0,0.0,0.0,0.0,0.0,0.0,0.0,0.0
2458661.316323797,2376859.219908597,2474.0396392990997,2185740.246763212,3696.293476996301,2185740.246763212,3696.293476996301,18.743080746788436,0.0665620312792737,1.4872705395565156,1.5464069546221714e-08,12.0,1216.6755615234376,49.74645766705488,869.2254371491141,590.8273266633482,0.0
2458580.5437641456,2371955.980465541,2544.4904516228535,2180420.552571424,3718.5407298032883,2180420.552571424,3718.5407298032883,18.697582044832192,0.0666524743351717,1.3416291659029735,1.0262036005171402e-08,12.0,1231.6943359375,47.96110778542553,869.2254371491141,590.8273266633482,0.0
2458661.304501836,2373861.6001695185,2347.249982387686,2182488.025349113,3576.140179323264,2182488.025349113,3576.140179323264,18.71526488980849,0.0660800410310054,1.4739973693687,1.5835037801890658e-08,12.0,1271.3696411132812,47.8351785114039,869.2254371491141,590.8273266633482,0.0
2458580.563461325,2366948.3669596375,10907.241124327635,2174987.6193460654,12082.680053013175,2174987.6193460654,12082.680053013175,18.65111482309784,0.1187877673429369,0.1764179757376719,1.5608542318779408e-08,12.0,1015.4637023925782,27.02295892834871,869.2254371491141,590.8273266633482,4.0
2458668.3330237023,2369201.453462449,2184.2765176225475,2177432.0708809746,3418.181469836248,2177432.0708809746,3418.181469836248,18.67202192185645,0.0654655324870333,1.5379278054343717,1.5895694048222377e-08,12.0,1163.7873291015624,48.27708176492387,869.2254371491141,590.8273266633482,0.0
2458581.5896142027,2368415.5896708593,2151.8340507166217,2176579.4600517023,3388.093889406098,2176579.4600517023,3388.093889406098,18.66472964440457,0.0653509980058449,1.5613243234975307,1.5853704891179973e-08,12.0,1335.9226928710937,48.50874312969529,869.2254371491141,590.8273266633482,0.0
2457844.621532202,2313553.543685314,1868.4579311745254,2117057.727375101,2787.5582710889357,2117057.727375101,2787.5582710889357,18.15564745333584,0.0632406938664888,0.8980676328519801,1.5892377791484575e-08,12.0,1116.3803833007812,36.88566058727538,869.2254371491141,590.8273266633482,0.0
2458583.5520763644,2373804.3004536103,2438.2898533523703,2182425.8589039613,3646.7350447711688,2182425.8589039613,3646.7350447711688,18.714733187711023,0.0663616721191279,1.0710149886616611,1.4041443546794301e-08,12.0,1346.6527099609375,35.505096213553,869.2254371491141,590.8273266633482,0.0
2457844.635186139,2323776.1721610297,2217.8369169387993,2128148.6108529815,3136.401197235494,2128148.6108529815,3136.401197235494,18.25050644026226,0.0644247723633957,0.7870926479456434,1.5780749133541342e-08,12.0,1092.7711547851563,35.288659354901995,869.2254371491141,590.8273266633482,0.0
2458583.629591521,2371483.540094706,3131.9469618076255,2179907.985660124,4210.560463552389,2179907.985660124,4210.560463552389,18.693198121943198,0.0687599857226754,1.4424490481789838,6.970960552640402e-09,12.0,1372.2917724609376,64.4797401841938,869.2254371491141,590.8273266633482,0.0
2457846.565251793,2370635.7501458284,674.4284747923595,2178988.18899931,2583.670747002423,2178988.18899931,2583.670747002423,18.685331212188228,0.0626047313356736,1.0000332915199244,1.0122846295081648e-08,12.0,1143.0794189453125,0.314172109687859,869.2254371491141,590.8273266633482,0.0
2458585.559559274,2364853.8629053235,2057.5719231713842,2172715.219398681,3291.859445663775,2172715.219398681,3291.859445663775,18.631679260788463,0.0649901257463218,1.5484060941647044,1.5870888993809795e-08,12.0,1364.0637451171874,47.252122526449526,869.2254371491141,590.8273266633482,0.0
2457867.4574162783,2302454.439586645,4050.8031714352114,2105015.925155678,4752.402595298232,2105015.925155678,4752.402595298232,18.052655373256663,0.0712960817545972,0.755711090342357,1.5640338789389257e-08,12.0,1109.1340576171874,75.61240929072495,869.2254371491141,590.8273266633482,2.0
2458591.6234329,2373037.208409978,2833.1145222415353,2181593.6141938125,3963.5084012611737,2181593.6141938125,3963.5084012611737,18.707615099216348,0.0676773018954423,1.5986793274033333,6.32235978540177e-09,12.0,2928.4000488281254,63.79054748895527,869.2254371491141,590.8273266633482,0.0
2457867.499043928,2323245.5570940766,2968.5752952472135,2127572.9282002095,3794.6658903602506,2127572.9282002095,3794.6658903602506,18.24558269605901,0.0669649494508373,0.831860464314522,1.5008867638116443e-08,12.0,1102.0483520507812,51.23291609583481,869.2254371491141,590.8273266633482,0.0
2458592.5083428454,2372743.2704432528,2964.764973565029,2181274.7107193857,4073.4392142487454,2181274.7107193857,4073.4392142487454,18.70488755631396,0.0681531089899734,1.6063047833072734,1.4657698432965956e-08,12.0,5932.530712890625,67.30678955938241,869.2254371491141,590.8273266633482,0.0
2457876.640910507,2369343.981685294,2426.963835892313,2177586.704683391,3606.709211585854,2177586.704683391,3606.709211585854,18.6733444860932,0.0662013416364745,0.9268181334608064,1.5850720739204072e-08,12.0,1250.5253540039064,31.44974163477189,869.2254371491141,590.8273266633482,0.0
2458598.524753493,2372225.671807679,2731.966443988676,2180713.1500435686,3873.705277121235,2180713.1500435686,3873.705277121235,18.70008459567407,0.0672958359859799,1.5865360034417804,1.582952945735063e-08,12.0,5173.6828125,61.28435364868239,869.2254371491141,590.8273266633482,0.0
2457887.539416314,2355259.838819438,8767.38076137418,2162306.3305817493,9791.505406089855,2162306.3305817493,9791.505406089855,18.54265329183179,0.1021974195139101,1.0044389793941992,1.5812125560781842e-08,12.0,34410.175,144.38666847525965,869.2254371491141,590.8273266633482,2.0
2458601.663460056,2369457.1562897433,2431.211628407391,2177709.4917291664,3610.859125702665,2177709.4917291664,3610.859125702665,18.67439466886657,0.0662178909838157,1.603051510836261,1.5769912257352565e-08,12.0,1804.92958984375,56.21377315397392,869.2254371491141,590.8273266633482,0.0
2457890.47636911,2371725.6257808986,3264.9526661272193,2180170.6328005935,4329.266570719331,2180170.6328005935,4329.266570719331,18.695444511215403,0.0692971326968873,0.9835745149881993,6.919999051777267e-09,12.0,2616.578759765625,45.20416657951352,869.2254371491141,590.8273266633482,0.0
2458604.4781881585,2372233.5766063826,2027.4489405629765,2180721.726233297,3325.526435959629,2180721.726233297,3325.526435959629,18.700157946789066,0.0651155792923822,1.5872266174401348,1.551687016453472e-08,12.0,1210.7560913085938,44.89506605107202,869.2254371491141,590.8273266633482,0.0
2457892.5458247666,2371901.1464664247,2841.6015037173424,2180361.061267769,3963.3844717848533,2180361.061267769,3963.3844717848533,18.69707322289687,0.0676767401002167,0.9971349986324328,1.033210644010658e-08,12.0,1440.8158081054687,39.49261604115414,869.2254371491141,590.8273266633482,0.0
2458605.475571621,2377317.7878046907,2528.890638798115,2186237.7629464893,3742.9115132238203,2186237.7629464893,3742.9115132238203,18.747335942618328,0.0667523405108347,1.5812732273857906,9.810406879814542e-09,12.0,1225.0310180664064,54.10930233998391,869.2254371491141,590.8273266633482,0.0
2457917.281511636,2362095.0615728605,3175.5973891282047,2169722.100340343,4193.945817380104,2169722.100340343,4193.945817380104,18.606079474965235,0.068685445497459,0.887497895603733,1.5892523046117363e-08,12.0,2842.90595703125,42.62062110215801,869.2254371491141,590.8273266633482,0.0
2458605.5480926703,2373904.4446362914,2519.8781031599965,2182534.508794129,3712.1364720982965,2182534.508794129,3712.1364720982965,18.715662457099835,0.0666264093853706,1.2875748411687205,1.551493410357664e-08,12.0,1322.69599609375,44.77188610707444,869.2254371491141,590.8273266633482,0.0
2457920.268532557,2351054.5921737202,2531.2713849049906,2157743.9129360146,3569.717141390161,2157743.9129360146,3569.717141390161,18.50363148471671,0.066054128229533,0.8690646050716426,1.5475312415972462e-08,12.0,1261.2322387695312,35.86008022354814,869.2254371491141,590.8273266633482,0.0
2458606.5676491084,2381041.943923297,5778.435046512017,2190278.2288269633,6780.8457084188785,2190278.2288269633,6780.8457084188785,18.781893559321905,0.0824292851661182,0.2680460183759893,1.5541545360514817e-08,12.0,787.299981689453,18.17743700061508,869.2254371491141,590.8273266633482,4.0
2457920.5142538897,2362965.1062083277,2656.3552812610487,2170666.0418809587,3750.5762412398194,2170666.0418809587,3750.5762412398194,18.614152892961123,0.0667834278410614,0.9440507345451208,1.5908484322207093e-08,12.0,1656.6346069335937,37.36896018139656,869.2254371491141,590.8273266633482,0.0
2458609.516244652,2368677.100680796,6224.501092149943,2176863.182398286,7186.60209517019,2176863.182398286,7186.60209517019,18.6671562873694,0.0849065257956139,0.3469425325836521,1.5883899942052087e-08,12.0,1166.7660644531252,30.26727366052903,869.2254371491141,590.8273266633482,4.0
2457921.3642894328,2359293.4246956813,2703.3965701608213,2166682.507516839,3766.598935190139,2166682.507516839,3766.598935190139,18.580082204641243,0.0668492834802546,0.8453107877556209,1.5871271107671887e-08,12.0,1168.1084594726562,34.894789709087505,869.2254371491141,590.8273266633482,0.0
2458613.470666297,2375688.071585925,2392.2865249112956,2184469.6274099895,3624.054083032878,2184469.6274099895,3624.054083032878,18.732213292914597,0.0662707736475402,1.5895029990928802,1.0196855528197052e-08,12.0,1289.3537475585938,52.00344682012911,869.2254371491141,590.8273266633482,0.0
2457929.281848458,2345119.7941214372,2131.868216406031,2151305.0451028524,3206.9112419185594,2151305.0451028524,3206.9112419185594,18.448560625769822,0.0646783283275807,0.8912158519885488,1.5739155941657886e-08,12.0,1313.3962158203126,32.19972987953269,869.2254371491141,590.8273266633482,0.0
2458614.498531647,2370490.2645543627,2990.787307625545,2178830.3466453105,4081.8400999501478,2178830.3466453105,4081.8400999501478,18.683981205597306,0.0681898076350702,1.608945467687113,7.80455229914928e-09,12.0,1265.7246459960938,69.33052170080292,869.2254371491141,590.8273266633482,0.0
2457929.400769427,2373496.558358978,2642.834056450404,2182091.978853356,3808.7170569843684,2182091.978853356,3808.7170569843684,18.711877551961305,0.0670239659066956,0.9332484952604206,9.568212480523844e-09,12.0,1173.6928588867188,33.57760125504768,869.2254371491141,590.8273266633482,0.0
2458616.53332617,2372184.684697332,2205.2418120379702,2180668.681708831,3455.785282943907,2180668.681708831,3455.785282943907,18.69970426337756,0.0656098720700179,1.584526026976493,1.5830526317254062e-08,12.0,1331.7537841796875,49.07146654682236,869.2254371491141,590.8273266633482,0.0
2457930.3308662456,2369197.493154591,2421.331814833729,2177427.774205898,3601.234091774704,2177427.774205898,3601.234091774704,18.671985172913438,0.066179530409547,0.9187719980789923,1.57918774941044e-08,12.0,1144.8574829101562,31.04556809031102,869.2254371491141,590.8273266633482,0.0
2458617.4448756645,0.0,0.0,0.0,0.0,0.0,0.0,0.0,0.0,0.0,0.0,12.0,0.0,0.0,0.0,0.0,5.0
2457937.5078282906,2364104.4122175863,3223.341908599704,2171902.1144061796,4248.088132663397,2171902.1144061796,4248.088132663397,18.624724871987308,0.0689284551899399,0.8452215239199259,9.087288160282488e-09,12.0,2061.4939453125003,40.52974007273988,869.2254371491141,590.8273266633482,0.0
2458618.489133425,2374900.4065641277,2762.386770879147,2183615.06236372,3916.480561498192,2183615.06236372,3916.480561498192,18.724904301280738,0.0674767794825942,1.4389402169814702,1.5476998074689082e-08,12.0,2471.4392333984374,54.79439320028403,869.2254371491141,590.8273266633482,0.0
2457938.320787105,2361122.7721482785,3052.2532218589563,2168667.229888931,4078.992021818364,2168667.229888931,4078.992021818364,18.59705729539233,0.0681771217945204,0.8667018362784779,1.5902339688102542e-08,12.0,3315.394873046875,40.19841257542779,869.2254371491141,590.8273266633482,0.0
2458627.4767297106,0.0,0.0,0.0,0.0,0.0,0.0,0.0,0.0,0.0,0.0,12.0,0.0,0.0,0.0,0.0,5.0
2457939.2205914864,2366018.6852677204,4589.958004343186,2173978.9754986367,5541.53775017263,2173978.9754986367,5541.53775017263,18.642488014085973,0.0753486140258774,0.786868835615998,1.5526377397895637e-08,12.0,7219.819726562499,53.47865355771475,869.2254371491141,590.8273266633482,0.0
2458627.4787909323,2374825.9360391432,3787.1101769499587,2183534.266713451,4820.2592157486815,2183534.266713451,4820.2592157486815,18.72421326584179,0.0716290961714702,1.5567209523567993,9.707827543728454e-09,12.0,7028.206982421875,82.41693220059453,869.2254371491141,590.8273266633482,0.0
2457939.51027184,2343972.768983213,5757.17324551528,2150060.597827435,6625.600423434462,2150060.597827435,6625.600423434462,18.437917018516632,0.0814998718665823,0.6978004015318726,1.4329552990579313e-08,12.0,11417.50869140625,71.36359622875926,869.2254371491141,590.8273266633482,4.0
2458629.407768317,2374831.2405706514,2242.814760017657,2183540.0217832965,3503.454062626264,2183540.0217832965,3503.454062626264,18.724262488259114,0.0657946236680605,1.3999343726775777,1.5876941310785912e-08,12.0,1225.605224609375,42.788798188211445,869.2254371491141,590.8273266633482,0.0
2457941.557422048,2373288.0344519545,11027.037588330677,2181865.744048809,12223.02540773013,2181865.744048809,12223.02540773013,18.70994259300067,0.119833595262861,0.856554310959099,1.4827089463473828e-08,12.0,30475.6900390625,134.40142685197563,869.2254371491141,590.8273266633482,0.0
2458630.4780625715,2372305.91651645,10313.039249244688,2180800.210305691,11463.745433553164,2180800.210305691,11463.745433553164,18.700829211581635,0.114212349631969,0.2348471770988836,1.540774969644975e-08,12.0,1858.4662231445316,33.328032179563834,869.2254371491141,590.8273266633482,4.0
2457942.463006235,2318542.894830116,10613.395460691703,2122470.8471327717,11680.664897454539,2122470.8471327717,11680.664897454539,18.201945212873945,0.1158085944239298,0.9075656380731004,1.5511811202023952e-08,12.0,62773.1484375,210.83870943605964,869.2254371491141,590.8273266633482,2.0
2458638.387311093,2369846.603687635,2140.615699797737,2178132.016691414,3390.278724065659,2178132.016691414,3390.278724065659,18.678008473839814,0.0653593236554965,1.5030506224274838,1.5291496672231817e-08,12.0,1203.9273071289062,45.802067865364045,869.2254371491141,590.8273266633482,0.0
2457943.209657143,2381648.4657276436,13174.227359951652,2190936.2653265544,14525.964572414583,2190936.2653265544,14525.964572414583,18.787521666031022,0.13735489334827,0.8242156313305792,1.5798933188361906e-08,12.0,24715.651953125,144.76939573979143,869.2254371491141,590.8273266633482,0.0
2458641.379389222,2369643.512483074,2169.7992164588036,2177911.6760138157,3410.5545716414367,2177911.6760138157,3410.5545716414367,18.676123926635125,0.0654364391784122,1.5466677533366184,1.5896307702123584e-08,12.0,1173.2215576171875,47.9920537932484,869.2254371491141,590.8273266633482,0.0
2457945.46849369,2325727.9926364427,6089.917039219485,2130266.208446785,6912.187948036159,2130266.208446785,6912.187948036159,18.268617996737145,0.0832227478660994,0.9110215482315488,1.0337683289201804e-08,12.0,16221.261621093749,114.44901910838573,869.2254371491141,590.8273266633482,0.0
2458645.420886237,2371493.5290882355,2345.2680900391665,2179918.8230649615,3557.737679325416,2179918.8230649615,3557.737679325416,18.693290812957915,0.0660072694997525,1.5368232155153874,1.5908740414531754e-08,12.0,1474.4028930664062,50.91492916353911,869.2254371491141,590.8273266633482,0.0
2457946.2225232264,2296228.573268846,2307.270449152228,2098261.2672862657,3054.622404615274,2098261.2672862657,3054.622404615274,17.994883600268075,0.0641369251720073,0.8178213749942153,1.5844656132928523e-08,12.0,1247.0637817382812,48.21811637691853,869.2254371491141,590.8273266633482,0.0
2458648.3919947343,2364986.954196931,2497.721232567421,2172859.614747747,3633.581515094983,2172859.614747747,3633.581515094983,18.63291425677022,0.0663086421071568,1.5678936839208517,1.5900552702177853e-08,12.0,4443.699658203125,58.58048823946452,869.2254371491141,590.8273266633482,0.0
2457946.285901074,2325660.1349529326,3505.3369837265923,2130192.5872971304,4310.95739455487,2130192.5872971304,4310.95739455487,18.267988323935462,0.0692129655722526,0.883419296258454,1.551082936251738e-08,12.0,5461.32705078125,63.3464811904389,869.2254371491141,590.8273266633482,0.0
2458654.4029523274,2382254.5798447668,6675.324668157299,2191593.8595121684,7693.615622230896,2191593.8595121684,7693.615622230896,18.793145989682102,0.0880968922701016,1.2937354804268226,8.473651218196524e-09,12.0,16630.4404296875,114.25464530882734,869.2254371491141,590.8273266633482,0.0
2457946.5539573054,0.0,0.0,0.0,0.0,0.0,0.0,0.0,0.0,0.0,0.0,12.0,0.0,0.0,0.0,0.0,5.0
2458654.534325801,2533256.3025124758,30283.9276619445,2355420.855186044,33121.600247314585,2355420.855186044,33121.600247314585,20.194338498089184,0.289280214167368,1.1797978484027325,1.5898765884574043e-08,12.0,21199.9189453125,145.4023407473694,869.2254371491141,590.8273266633482,0.0
2457947.355011532,2364649.1045489646,3609.9526444581065,2172493.0699703908,4602.443550580787,2172493.0699703908,4602.443550580787,18.62977924355756,0.0705730442495856,0.9172890305487084,1.5907443059874758e-08,12.0,3762.144287109375,49.50276069190193,869.2254371491141,590.8273266633482,0.0
2458655.355112031,2353069.74687133,4083.8034698658516,2159930.224019722,4992.396541830084,2159930.224019722,4992.396541830084,18.52233073937214,0.0724860259036789,1.2514868797844374,1.5798752457016632e-08,12.0,10675.78076171875,84.77259206502089,869.2254371491141,590.8273266633482,0.0
2457947.559679398,2352574.160245929,3882.255681481776,2159392.5449356586,4797.015905757602,2159392.5449356586,4797.015905757602,18.517732035102323,0.0715143925399223,0.8609057189178734,1.5896795819319026e-08,12.0,4536.542333984376,55.07313736110991,869.2254371491141,590.8273266633482,0.0
2458655.4558485434,2370848.1109385164,3214.314970545108,2179218.58657392,4279.2589820798985,2179218.58657392,4279.2589820798985,18.687301774818486,0.0690695174464623,1.3451856476277932,1.5338000627570077e-08,12.0,6797.205859375001,61.85801699321928,869.2254371491141,590.8273266633482,0.0
2457948.3068485176,2369692.720925246,2806.6143766172713,2177965.0639560246,3919.7690122227023,2177965.0639560246,3919.7690122227023,18.6765805472571,0.067490604818593,0.935896942094007,1.5891546114208793e-08,12.0,1140.619714355469,37.15728720408394,869.2254371491141,590.8273266633482,0.0
2458661.2690360844,2373378.5670358664,2059.4086456603522,2181963.965982777,3357.244270447037,2181963.965982777,3357.244270447037,18.710782673339523,0.0652345642409119,1.4358014603852622,1.5500580527657407e-08,12.0,1287.7376831054687,40.54657506107117,869.2254371491141,590.8273266633482,0.0
2457949.229750251,2314373.9685933287,2307.4073395991263,2117947.8347558756,3155.648547014617,2117947.8347558756,3155.648547014617,18.163260434264217,0.064493520163684,0.8691359853273343,1.5714926011094578e-08,12.0,1185.1481689453126,44.20010107786029,869.2254371491141,590.8273266633482,0.0
2458661.280856016,2376884.398046002,2124.2885169875576,2185767.563395998,3430.8632216537217,2185767.563395998,3430.8632216537217,18.74331438264956,0.0655142606344993,1.4576461258650977,1.5897765765520468e-08,12.0,1286.0678100585938,41.38012683707777,869.2254371491141,590.8273266633482,0.0
2457949.524419063,2364471.326559408,2619.7805312580895,2172300.1924759415,3730.0073446449296,2172300.1924759415,3730.0073446449296,18.62812958564158,0.0666991386915537,0.8903074622010865,1.5599755672563432e-08,12.0,1954.4198852539064,34.066032550612725,869.2254371491141,590.8273266633482,0.0
2458661.2926716423,2376403.731669335,2353.9423074331994,2185246.0718062343,3599.513728195736,2185246.0718062343,3599.513728195736,18.738854128063515,0.066172885214367,1.4569870115808072,1.5903944832810192e-08,12.0,1278.1129028320313,46.34308871981664,869.2254371491141,590.8273266633482,0.0
2457847.474401702,2368242.9417233625,2452.493736947306,2176392.148317452,3619.4014255517673,2176392.148317452,3619.4014255517673,18.663127589763384,0.0662519662426663,0.9458714027164268,1.5884920103326278e-08,12.0,1107.9061035156249,32.84577524819066,869.2254371491141,590.8273266633482,0.0
2457954.54251522,2316393.739651545,2942.0269994087193,2120139.1542889946,3735.5213350627832,2120139.1542889946,3735.5213350627832,18.18200252558259,0.0667212654535407,0.7958938927057478,1.5012028879121994e-08,12.0,1225.0941040039063,51.17356413722133,869.2254371491141,590.8273266633482,2.0
2457848.6399638266,2367747.3513438036,3055.217975065518,2175854.465160376,4121.034558128705,2175854.465160376,4121.034558128705,18.6585288506576,0.0683619725622966,0.6829692074787485,9.997582255201409e-09,12.0,1110.728466796875,29.380154137394214,869.2254371491141,590.8273266633482,4.0
2457956.393108671,2370115.7186398087,2749.7371261674434,2178423.9888181346,3874.765390659828,2178423.9888181346,3874.765390659828,18.680505676177805,0.0673002442550004,0.9307025087767432,1.5684739113032458e-08,12.0,1090.143115234375,36.001910046388666,869.2254371491141,590.8273266633482,0.0
2457864.6033046963,2368641.952166729,2867.4180946728748,2176825.048558752,3964.6161934212732,2176825.048558752,3964.6161934212732,18.666830133245323,0.0676819329152011,1.0024782045230942,1.5700935315910604e-08,12.0,1312.6656005859377,41.26655945167152,869.2254371491141,590.8273266633482,0.0
2458670.300158869,2369729.55656363,2242.9323225660264,2178005.028215131,3466.4184845787254,2178005.028215131,3466.4184845787254,18.676922356738707,0.0656508256913184,1.514428440333473,1.5684735787410337e-08,12.0,1255.1158447265625,48.58111463815752,869.2254371491141,590.8273266633482,0.0
2457957.427631184,2380281.086680211,2913.2305891305077,2189452.7484677387,4077.544221915616,2189452.7484677387,4077.544221915616,18.774833325503742,0.068171284034064,0.9393215509852,1.5832928240021404e-08,12.0,1079.8353149414063,35.34305728539576,869.2254371491141,590.8273266633482,0.0
2457958.371690423,2362247.837384223,2502.2124147547984,2169887.852106251,3618.860894250106,2169887.852106251,3618.860894250106,18.607497129800997,0.0662496647738079,0.9383239216982028,1.5900683155651297e-08,12.0,1107.4334228515625,35.047800476863564,869.2254371491141,590.8273266633482,0.0
2457958.46966393,2365192.32726927,2237.0768450430232,2173082.431102684,3429.334865035747,2173082.431102684,3429.334865035747,18.63481997814418,0.0655080883160088,0.9241650689446622,1.5741509963384535e-08,12.0,1112.6342407226562,29.720606820450826,869.2254371491141,590.8273266633482,0.0
2457959.281365053,2355342.3872877005,2490.2481856310205,2162395.8902722895,3563.4403308659034,2162395.8902722895,3563.4403308659034,18.54341928504873,0.0660294029540889,0.8978435786750174,1.4433659648009013e-08,12.0,1116.8866455078123,35.295945670964215,869.2254371491141,590.8273266633482,0.0
2457965.402054788,2330628.3209911394,3136.5790288923936,2135582.7442980506,3987.5269783258627,2135582.7442980506,3987.5269783258627,18.31408968578832,0.0677797762308129,0.8179657740149674,1.5533200719621472e-08,12.0,2777.245361328125,50.07076386445476,869.2254371491141,590.8273266633482,0.0
2457967.465456381,2349932.2224761094,3832.709707106214,2156526.215201535,4737.177710988975,2156526.215201535,4737.177710988975,18.493216663056597,0.0712219712142234,0.8037658795639914,9.819700492399605e-09,12.0,6958.235888671876,51.78181799468304,869.2254371491141,590.8273266633482,0.0
2457968.3680965863,2403212.196458513,8242.064236980463,2214331.5032003177,9373.827453587692,2214331.5032003177,9373.827453587692,18.987618310093108,0.0992921882365627,0.911030419244296,1.5805699243624195e-08,12.0,12558.2546875,84.02616405517472,869.2254371491141,590.8273266633482,0.0
2457969.33330532,2329250.8916534027,10774.877097958051,2134088.3235314004,11871.026695612152,2134088.3235314004,11871.026695612152,18.301308085454234,0.117216016333191,0.9402288644056832,1.5728955440793766e-08,12.0,37478.206640624994,203.8791215725232,869.2254371491141,590.8273266633482,2.0
2457971.250735761,2359028.469387138,7370.333668306956,2166395.0483314735,8337.47116475298,2166395.0483314735,8337.47116475298,18.577623600945632,0.0922823433009261,0.8913088453168952,1.5881019356458974e-08,12.0,17739.0857421875,104.31443300949276,869.2254371491141,590.8273266633482,0.0
2457972.3057088405,2320606.4685154627,6022.919344102533,2124709.689652243,6828.185631764402,2124709.689652243,6828.185631764402,18.22109376255516,0.0827139213407758,0.9369515708309388,1.586914751184958e-08,12.0,23606.9205078125,121.25340181377454,869.2254371491141,590.8273266633482,2.0
2457972.447663879,2303103.102228269,5744.009963249701,2105719.6817082907,6490.673415930798,2105719.6817082907,6490.673415930798,18.0586745180576,0.080701747798619,0.8987592051766047,1.0343918577412173e-08,12.0,27022.23125,127.2680176577731,869.2254371491141,590.8273266633482,2.0
2457973.489284946,2298215.888256704,5769.242025778932,2100417.374105229,6504.420638695755,2100417.374105229,6504.420638695755,18.013324521494933,0.0807827286264347,0.8492905224985221,1.5907720214095018e-08,12.0,19785.39765625,125.40359109807817,869.2254371491141,590.8273266633482,0.0
2457974.405988326,2374156.9790766696,4121.262351964422,2182808.492149686,5129.441701349817,2182808.492149686,5129.441701349817,18.7180058036506,0.0731830554540659,0.9260137869182892,8.208264686770586e-09,12.0,5310.562158203124,53.03419691816222,869.2254371491141,590.8273266633482,0.0
2457979.4565962977,2369658.1784659773,2870.078903185895,2177927.5876463144,3973.2763593540276,2177927.5876463144,3973.2763593540276,18.67626001690622,0.0677190979541204,0.8536260627358923,1.5466754178444987e-08,12.0,1591.203466796875,34.440178947803666,869.2254371491141,590.8273266633482,0.0
2457980.342410183,2304771.9608078487,37080.01821348596,2107530.2841469045,40271.00568159422,2107530.2841469045,40271.00568159422,18.074160382046337,0.3493781559813236,0.0207182793708761,9.540851560294632e-09,12.0,553.3874694824219,15.90489939129913,869.2254371491141,590.8273266633482,4.0
2457984.4181637745,2367487.647727556,3452.9791032598496,2175572.7037177663,4474.055285739938,2175572.7037177663,4474.055285739938,18.656118979067628,0.0699665544022775,0.617375957395743,1.565304691947841e-08,12.0,1078.2852172851562,30.16404291724138,869.2254371491141,590.8273266633482,4.0
2457985.411923606,2354239.7676180387,2447.1905803893032,2161199.620026753,3520.880754863269,2161199.620026753,3520.880754863269,18.53318773011373,0.0658621577305062,0.8333616467562563,1.5070860744634484e-08,12.0,1135.620068359375,32.16317013508045,869.2254371491141,590.8273266633482,0.0
2457986.335461361,2344641.656769334,19312.998871338696,2150786.297339382,21070.263688996783,2150786.297339382,21070.263688996783,18.44412383879868,0.1894917638046226,0.0523631725039768,1.5849148381430202e-08,12.0,755.1766235351562,15.08300320547684,869.2254371491141,590.8273266633482,4.0
2457986.436139132,0.0,0.0,0.0,0.0,0.0,0.0,0.0,0.0,0.0,0.0,12.0,0.0,0.0,0.0,0.0,5.0
2457989.341793312,2381201.029557348,2657.0526301484265,2190450.8263379126,3872.3672242256775,2190450.8263379126,3872.3672242256775,18.783369764988237,0.0672904694139161,0.8694255548281057,1.5667511693549662e-08,12.0,1155.6132446289062,28.912360347375557,869.2254371491141,590.8273266633482,0.0
2457991.347971377,2352928.52835361,2668.1468893272704,2159777.0111617288,3696.814415330761,2159777.0111617288,3696.814415330761,18.521020328301432,0.0665635904458965,0.8753883358759562,1.4588987358373893e-08,12.0,1138.2041625976562,37.66227197434287,869.2254371491141,590.8273266633482,0.0
2457992.223905595,-1176565338.3168216,-1176565338.3168216,-1176565338.3168216,-1176565338.3168216,-1176565338.3168216,-1176565338.3168216,0.0,0.0,-9999.99,-9999.99,12.0,-9999.99,-9999.99,-9999.99,-9999.99,5.0
2457992.420261081,2362793.9859966487,2416.871575421183,2170480.387640179,3553.650028472156,2170480.387640179,3553.650028472156,18.61256501466142,0.0659909443021074,0.8733366803241789,1.5874244016389878e-08,12.0,1095.7207763671877,31.02854766449521,869.2254371491141,590.8273266633482,0.0
2458000.3341853563,0.0,0.0,0.0,0.0,0.0,0.0,0.0,0.0,0.0,0.0,12.0,0.0,0.0,0.0,0.0,5.0
2458001.2489980594,2373142.5232368847,5687.790009896715,2181707.873894876,6659.325931524871,2181707.873894876,6659.325931524871,18.708592348640263,0.0817011650185337,0.8134030808593148,1.5851163920265215e-08,12.0,6095.6345703125,65.25545401934663,869.2254371491141,590.8273266633482,0.0
2458001.3902694248,0.0,0.0,0.0,0.0,0.0,0.0,0.0,0.0,0.0,0.0,12.0,0.0,0.0,0.0,0.0,5.0
2458003.297798593,2371912.697611439,3658.7730979513885,2180373.593504823,4686.317784815808,2180373.593504823,4686.317784815808,18.697180409606855,0.0709758451413137,0.8711930417375302,1.5433526211181112e-08,12.0,3822.878686523437,44.73012948537332,869.2254371491141,590.8273266633482,0.0
2458006.2573504504,2367779.4689247427,2441.6375049031235,2175889.310635651,3607.5611117115486,2175889.310635651,3607.5611117115486,18.65882687979929,0.0662046971576727,0.8630826782087364,1.5129827737648752e-08,12.0,1138.902392578125,29.581407335318225,869.2254371491141,590.8273266633482,0.0
2458007.2988764485,-1176565338.3168216,-1176565338.3168216,-1176565338.3168216,-1176565338.3168216,-1176565338.3168216,-1176565338.3168216,0.0,0.0,-9999.99,-9999.99,12.0,-9999.99,-9999.99,-9999.99,-9999.99,5.0
2458010.2604249176,0.0,0.0,0.0,0.0,0.0,0.0,0.0,0.0,0.0,0.0,12.0,0.0,0.0,0.0,0.0,5.0
2458011.32532236,0.0,0.0,0.0,0.0,0.0,0.0,0.0,0.0,0.0,0.0,12.0,0.0,0.0,0.0,0.0,5.0
2458013.2764047696,2365813.471421789,2538.996702599233,2173756.3318939433,3672.6241583207034,2173756.3318939433,3672.6241583207034,18.640583770223977,0.0664658213550958,0.8294822890763,1.5895392147239704e-08,12.0,1163.981604003906,30.17038111424078,869.2254371491141,590.8273266633482,0.0
2458014.3705527075,2337628.968391931,3539.7243372170137,2143177.988982563,4399.891697639802,2143177.988982563,4399.891697639802,18.37905089628772,0.0696211996913765,0.6275450013909087,1.5873952955308532e-08,12.0,1200.7007446289062,40.68080731720838,869.2254371491141,590.8273266633482,4.0
2458016.3460558387,2345713.3196260715,3022.27518811741,2151948.9814670384,3963.899653796784,2151948.9814670384,3963.899653796784,18.45406813572369,0.0676784376379945,0.5496347497573841,1.5675353344266734e-08,12.0,1052.3639770507814,27.571243366346017,869.2254371491141,590.8273266633482,4.0
2458019.2728536697,2358882.2179560866,2210.9201341055227,2166236.3750916026,3364.366671875642,2166236.3750916026,3364.366671875642,18.57626648788817,0.0652610461196686,0.8905832588843267,1.580627080970981e-08,12.0,1251.4801391601563,29.680466387418264,869.2254371491141,590.8273266633482,0.0
2458020.349691239,-1176565338.3168216,-1176565338.3168216,-1176565338.3168216,-1176565338.3168216,-1176565338.3168216,-1176565338.3168216,0.0,0.0,-9999.99,-9999.99,12.0,-9999.99,-9999.99,-9999.99,-9999.99,5.0
2458021.2600582764,0.0,0.0,0.0,0.0,0.0,0.0,0.0,0.0,0.0,0.0,12.0,0.0,0.0,0.0,0.0,5.0
2458024.234558592,0.0,0.0,0.0,0.0,0.0,0.0,0.0,0.0,0.0,0.0,12.0,0.0,0.0,0.0,0.0,5.0
2458028.2803547904,0.0,0.0,0.0,0.0,0.0,0.0,0.0,0.0,0.0,0.0,12.0,0.0,0.0,0.0,0.0,5.0
2458032.2512581176,2344825.42345956,3698.536279129571,2150985.67218248,4585.098921621145,2150985.67218248,4585.098921621145,18.445829067752943,0.0704900806046071,0.8247908708631971,1.5876557304934887e-08,12.0,4205.3947265625,53.40633269157514,869.2254371491141,590.8273266633482,0.0
2458036.25526954,2198703.9033032334,21766.75741535554,1992453.377135824,23637.92693675871,1992453.377135824,23637.92693675871,17.089921494362834,0.2104880345518377,0.0143123673488229,1.5792548311059892e-08,12.0,667.8502075195312,14.402275958922402,869.2254371491141,590.8273266633482,6.0
2458047.2585074967,2335107.15529415,2634.8336465225466,2140441.9866631073,3560.380403797276,2140441.9866631073,3560.380403797276,18.355650198879857,0.0660170824202276,0.7988754726111825,1.548478206063071e-08,12.0,1492.4933471679688,39.04394162657912,869.2254371491141,590.8273266633482,0.0
2458053.261919596,2336638.7079128805,3735.7137327658315,2142103.6211121064,4582.100431559383,2142103.6211121064,4582.100431559383,18.36986195764447,0.0704757435720548,0.7752257300140665,1.5303921354233394e-08,12.0,3919.6948974609377,54.10332432725002,869.2254371491141,590.8273266633482,0.0
2458165.624770011,2365120.120061046,2754.004965223064,2173004.0910031116,3846.25922146365,2173004.0910031116,3846.25922146365,18.634149944733764,0.0671803980846262,0.8200872586008251,1.5894131712915506e-08,12.0,1737.4806640625,32.75367614777262,869.2254371491141,590.8273266633482,0.0
2458245.6588727683,0.0,0.0,0.0,0.0,0.0,0.0,0.0,0.0,0.0,0.0,12.0,0.0,0.0,0.0,0.0,5.0
2458249.6094268835,2348151.5861512995,46583.14609672165,2154594.3412180603,50589.79725868048,2154594.3412180603,50589.79725868048,18.47669357819077,0.4366351479968576,0.0347615232180006,1.5665090361174763e-08,12.0,1245.4609252929688,26.27348260700352,869.2254371491141,590.8273266633482,4.0
2458249.6565267816,2334826.675887314,18532.765634723968,2140137.6848461563,20218.255669768914,2140137.6848461563,20218.255669768914,18.353047542190385,0.1825753927629531,0.0662134398917229,1.5024031749616372e-08,12.0,1519.903894042969,21.445936361319,869.2254371491141,590.8273266633482,4.0
2458251.64226252,2368539.438360254,4313.229887177874,2176713.82778171,5285.205024951067,2176713.82778171,5285.205024951067,18.665878875371547,0.073989240054222,0.5774209794268648,1.537760152042808e-08,12.0,1368.054833984375,35.40470882891748,869.2254371491141,590.8273266633482,4.0
2458252.5128877084,2374233.0184724233,2676.434109418743,2182890.9899221566,3841.1375496076403,2182890.9899221566,3841.1375496076403,18.718711397135184,0.067159193767142,0.8772907835593446,1.561192287776935e-08,12.0,1170.0331665039064,31.51902147395941,869.2254371491141,590.8273266633482,0.0
2458252.6269856244,2374332.3712062077,3059.89838813582,2182998.78114202,4165.168591180447,2182998.78114202,4165.168591180447,18.7196333224206,0.0685575280181074,0.8522132974909357,1.589735677550265e-08,12.0,1308.2988037109376,35.33346313733139,869.2254371491141,590.8273266633482,0.0
2458255.545914813,2366406.381923619,2889.3378755941735,2174399.6010202984,3969.3697898630744,2174399.6010202984,3969.3697898630744,18.64608557337328,0.0677022568356163,0.8964562559769814,1.5800008693974e-08,12.0,1276.5789306640625,37.5681172602975,869.2254371491141,590.8273266633482,0.0
2458256.5666726194,2367495.047973456,2735.5759594065466,2175580.732500694,3845.9920275054087,2175580.732500694,3845.9920275054087,18.65618764827837,0.0671793357629764,0.8732940311124102,1.4633836196503992e-08,12.0,1230.1259887695314,34.065003723899345,869.2254371491141,590.8273266633482,0.0
2458257.584414819,2385088.581890379,7476.347773462162,2194668.5664271894,8525.635387887873,2194668.5664271894,8525.635387887873,18.819443586590065,0.0935320204195236,0.2747538645585267,1.5368442684441487e-08,12.0,1118.5335205078125,24.65386303252098,869.2254371491141,590.8273266633482,4.0
2458275.574120163,2366961.465027091,3041.008544324766,2175001.829892819,4103.905221764977,2175001.829892819,4103.905221764977,18.65123636418801,0.0682865325220945,0.8814869460448164,1.5305945835196112e-08,12.0,1694.0564453125,38.8546266002491,869.2254371491141,590.8273266633482,0.0
2458276.3785189395,2365064.4775700537,2560.7819877594516,2172943.7225386323,3685.4025533821887,2172943.7225386323,3685.4025533821887,18.63363362054784,0.0665175244479311,0.8449812922589445,1.5724521520899057e-08,12.0,1090.4754638671875,31.238176656783203,869.2254371491141,590.8273266633482,0.0
2458276.462250938,2363804.873865599,2497.5744228816325,2171577.134879929,3625.5136297551635,2171577.134879929,3625.5136297551635,18.621945361347468,0.0662763021569792,0.846994002868817,1.4538210046262872e-08,12.0,1247.5393310546874,30.71303527299758,869.2254371491141,590.8273266633482,0.0
2458277.3758365232,2450980.855881706,113544.3714925937,2266157.3752659764,123232.70764142032,2266157.3752659764,123232.70764142032,19.43087873479516,1.0556210981297622,0.022395430840852,1.5541743682943652e-08,12.0,523.8077453613281,17.010048441968816,869.2254371491141,590.8273266633482,4.0
2458277.5604625684,2357707.7539113634,3393.024483722255,2164962.158396754,4365.877802654545,2164962.158396754,4365.877802654545,18.56536826638588,0.0694646418433792,0.7210155819425353,1.553324811954802e-08,12.0,1363.020458984375,37.98700302981324,869.2254371491141,590.8273266633482,0.0
2458278.3731292933,2372923.8420510744,7060.788835379141,2181470.61910699,8058.467539355471,2181470.61910699,8058.467539355471,18.706563137093035,0.0904513157709776,0.2984387441883548,1.553235972893263e-08,12.0,968.6893981933594,28.385179143818107,869.2254371491141,590.8273266633482,4.0
2458278.507567356,2376954.2743122354,3301.1595577096728,2185843.3745759213,4392.05903916296,2185843.3745759213,4392.05903916296,18.74396278651564,0.0695857236064148,0.6984772037916457,1.4820347797703822e-08,12.0,1139.286083984375,30.0713554776492,869.2254371491141,590.8273266633482,4.0
2458281.52926847,2367803.102571389,2652.5066985062967,2175914.95159695,3778.900719260192,2175914.95159695,3778.900719260192,18.659046183844584,0.0669002419480183,0.8719823866277795,1.5236660066496818e-08,12.0,1089.1794311523438,32.794076748413296,869.2254371491141,590.8273266633482,0.0
2458282.36260925,2364589.8190334383,3066.469275478597,2172428.749062495,4111.9964486130275,2172428.749062495,4111.9964486130275,18.629229114600445,0.0683220747773446,0.8109886473550557,1.5881682158441103e-08,12.0,1092.1270141601562,36.47897275188836,869.2254371491141,590.8273266633482,0.0
2458292.3310748525,2377316.3106723013,4556.015408758336,2186236.160354432,5560.08669974308,2186236.160354432,5560.08669974308,18.74732223584201,0.0754487783877151,0.8507046554773091,1.563323647474645e-08,12.0,2640.382202148437,52.527997124084514,869.2254371491141,590.8273266633482,0.0
2458292.4348528185,2372883.904220254,3003.9416350969145,2181427.2891719323,4107.955702462848,2181427.2891719323,4107.955702462848,18.706192541391488,0.0683044971267213,0.868465528234974,1.5820346069974503e-08,12.0,1736.5371459960938,35.803085050324135,869.2254371491141,590.8273266633482,0.0
2458300.37233397,2370404.284994051,8683.01157260574,2178737.0644442453,9740.335166816682,2178737.0644442453,9740.335166816682,18.68318337419739,0.1018393130010389,0.8376139603816174,1.5707500348365563e-08,12.0,13369.1984375,105.63766084132288,869.2254371491141,590.8273266633482,0.0
2458303.386133644,2366989.627076448,3680.3583311209813,2175032.383874964,4679.9268027498765,2175032.383874964,4679.9268027498765,18.65149768870725,0.0709448715118039,0.8636554353371481,1.584176726987624e-08,12.0,1656.1772705078124,46.45194160144858,869.2254371491141,590.8273266633482,0.0
2458304.456580722,2370313.8124513477,3367.7904299633324,2178638.907651063,4412.964662199279,2178638.907651063,4412.964662199279,18.68234385099983,0.0696822307628521,0.8691705389089511,1.587728927109118e-08,12.0,1342.9367065429688,41.38082040149019,869.2254371491141,590.8273266633482,0.0
2458305.306583637,2366819.4203668633,2720.725011819261,2174847.720724227,3829.2092071277148,2174847.720724227,3829.2092071277148,18.64991828708099,0.0671091510542354,0.8484535454075401,1.5898117823412016e-08,12.0,1081.0800903320312,32.97176632863455,869.2254371491141,590.8273266633482,0.0
2458306.2970073363,2371047.208157289,2947.8649910742247,2179434.5940380907,4048.3853142249104,2179434.5940380907,4048.3853142249104,18.68914926057204,0.0680437722122856,0.8357219635476544,1.5589282474802253e-08,12.0,1020.6016174316404,34.21111783915253,869.2254371491141,590.8273266633482,0.0
2458308.295095597,2376610.21198234,2984.484344763177,2185470.089444896,4114.53093515641,2185470.089444896,4114.53093515641,18.74077012387209,0.0683335467729613,0.8385449629315884,1.5652070356111232e-08,12.0,1032.52734375,33.13202193055021,869.2254371491141,590.8273266633482,0.0
2458310.286114429,2365615.59680324,2733.7005189878582,2173541.6508710766,3832.3434598375284,2173541.6508710766,3832.3434598375284,18.6387476293627,0.0671222087908098,0.8099748183057454,1.4787378243451316e-08,12.0,1079.1908813476564,31.83626338577163,869.2254371491141,590.8273266633482,0.0
2458320.2581903823,2374431.135854803,3260.4513988263334,2183105.934327903,4341.165556354167,2183105.934327903,4341.165556354167,18.72054979067845,0.0693516380139481,0.8178692514419902,1.4825745624590081e-08,12.0,2708.328564453125,36.19063332586127,869.2254371491141,590.8273266633482,0.0
2458674.2892283723,2356437.1970856143,2331.867325840703,2163583.687317631,3442.4300221020003,2163583.687317631,3442.4300221020003,18.553578369725805,0.0655581263001426,1.4774743320197503,1.5220234008515694e-08,12.0,2002.3949584960935,55.025340381464005,869.2254371491141,590.8273266633482,0.0
2458700.2785239825,2372460.6269399575,2266.2074081110945,2180968.0609992794,3503.9019076707586,2180968.0609992794,3503.9019076707586,18.702264818292356,0.0657963003223961,1.4682965716082064,1.4837650886935906e-08,12.0,1227.5819213867187,46.27682660382143,869.2254371491141,590.8273266633482,0.0
2458702.314620388,2374811.2731526108,2596.695037767263,2183518.358440314,3780.0854811315444,2183518.358440314,3780.0854811315444,18.724077204302912,0.0669053259912404,1.4834118676778492,1.5899874482542732e-08,12.0,1419.3302490234375,53.18557082459038,869.2254371491141,590.8273266633482,0.0
2458705.331297047,2384289.368636285,3685.140425513367,2193801.4723039703,4778.56122936581,2193801.4723039703,4778.56122936581,18.81202743527422,0.0714247034362743,1.498882219669906,1.584269140179286e-08,12.0,6745.24990234375,71.49709862328855,869.2254371491141,590.8273266633482,0.0
2458710.2488079933,2322820.4968212354,3608.6282718126076,2127111.7655972317,4397.524802943786,2127111.7655972317,4397.524802943786,18.24163842801092,0.0696102117808518,1.4827744312238065,1.5882450330895258e-08,12.0,15064.6947265625,113.0247099928179,869.2254371491141,590.8273266633482,0.0
2458710.311108535,2371146.1025223075,3810.0996826712794,2179541.887957813,4822.159013768676,2179541.887957813,4822.159013768676,18.690066932509406,0.0716383541021096,1.4752975483199766,9.766459711419791e-09,12.0,5798.10244140625,80.77708872091326,869.2254371491141,590.8273266633482,0.0
2458711.290968925,2372503.6432719226,2823.7606158095286,2181014.73090679,3952.2132492825717,2181014.73090679,3952.2132492825717,18.702663980374915,0.0676289492180921,1.452347398280982,1.5852616432345462e-08,12.0,5596.161328125,57.73790888514348,869.2254371491141,590.8273266633482,0.0
2458712.3256003177,2376795.5827751826,3078.5802959461826,2185671.2046344453,4196.486897429451,2185671.2046344453,4196.486897429451,18.742490237799373,0.0686971669662042,1.369109778478793,1.562154410177522e-08,12.0,4667.827441406251,57.44453415505605,869.2254371491141,590.8273266633482,0.0
2458713.2737512034,2377515.2657520617,2753.9912133561916,2186452.013607065,3926.755787758895,2186452.013607065,3926.755787758895,18.74916840264291,0.0675205265747458,1.3194323895627595,1.5904795123771035e-08,12.0,2489.664526367188,48.92812263125949,869.2254371491141,590.8273266633482,0.0
2458715.2174431877,2377580.4627529993,2421.3613303803954,2186522.748090103,3660.120126257463,2186522.748090103,3660.120126257463,18.74977338613364,0.0664156667935085,1.4437045047664718,1.527364024163264e-08,12.0,2146.61669921875,46.759050719628696,869.2254371491141,590.8273266633482,0.0
2458720.3276619185,2371195.2779474645,2344.244300120335,2179595.2400787193,3554.825802339258,2179595.2400787193,3554.825802339258,18.690523246756108,0.0659957840792777,1.397550446656382,1.5682699118909045e-08,12.0,1178.7816040039063,46.19291104466547,869.2254371491141,590.8273266633482,0.0
2458721.2232029005,2367455.2150046937,2125.9407199269567,2175537.516334112,3361.710623897599,2175537.516334112,3361.710623897599,18.655818025624853,0.0652512278838289,1.3963018292850655,1.5422946622238934e-08,12.0,1506.17587890625,42.9313722684669,869.2254371491141,590.8273266633482,0.0
2458724.237747651,2371249.4958882667,2371.379282115057,2179654.062999387,3576.330542387274,2179654.062999387,3576.330542387274,18.691026352092468,0.0660807218354367,1.41225386762625,1.5758005456790723e-08,12.0,1233.6055419921877,47.17895841681496,869.2254371491141,590.8273266633482,0.0
2458725.326824634,2367382.3480535266,2196.9813900295485,2175458.460456584,3414.524014109497,2175458.460456584,3414.524014109497,18.65514187025204,0.065451522122191,1.4148806777968088,1.5361236590820787e-08,12.0,1164.1792358398436,45.14270585234105,869.2254371491141,590.8273266633482,0.0
2458730.2594076246,2376702.0119367,2662.713499959314,2185569.686392928,3846.4575800581997,2185569.686392928,3846.4575800581997,18.741621964540176,0.0671815356514893,1.4458774206533476,1.570700334967645e-08,12.0,1830.653967285156,52.33316048530988,869.2254371491141,590.8273266633482,0.0
2457844.6256494867,2266277.284279345,1999.0820029822557,1992993.624651064,3456.943968059314,1992993.624651064,3456.943968059314,17.087225006915432,0.0496669582405249,0.9035602018856016,1.4031135436303217e-08,12.0,1881.2347412109373,57.60783088068944,873.2799212420778,591.243199619918,0.0
2458580.5477209063,2304966.8357771086,2358.705192744028,2034741.0119647759,4098.515515829904,2034741.0119647759,4098.515515829904,17.45588454333063,0.0533386237166476,1.2525878462646152,9.05235447136856e-09,12.0,1985.6239013671875,69.92183327886382,873.2799212420778,591.243199619918,0.0
2458668.3369767014,2309325.5888543576,1957.1168723538422,2039444.2598928695,3893.9646402421263,2039444.2598928695,3893.9646402421263,17.4974176143175,0.0521301632070221,1.544380350862007,9.098954666390894e-09,12.0,1960.404052734375,68.99205991183862,873.2799212420778,591.243199619918,0.0
2458580.5674088714,2306169.8367625275,2911.633452598964,2036039.0923542557,4505.070749492037,2036039.0923542557,4505.070749492037,17.467347529289956,0.0558371282494524,0.7051672201048919,9.31961018712609e-09,12.0,1934.62060546875,47.59529022651325,873.2799212420778,591.243199619918,0.0
2457844.6393091064,2280971.427719397,1915.9433634344452,2008849.122419512,3555.2076606190417,2008849.122419512,3555.2076606190417,17.227240486519555,0.0502054758355953,0.8556710630919001,1.4222927210357371e-08,12.0,1871.86962890625,46.17016168740941,873.2799212420778,591.243199619918,0.0
2458581.5935702887,2304737.476838609,1777.5988682577483,2034493.525600402,3738.8927580724376,2034493.525600402,3738.8927580724376,17.453699060256607,0.0512368516338655,1.517908919592778,1.20655129020219e-08,12.0,2373.121826171875,63.55737953518456,873.2799212420778,591.243199619918,0.0
2457846.5693664835,2304063.2002569255,412.9405853558285,2033765.9574451162,3231.154280227257,2033765.9574451162,3231.154280227257,17.44727410875431,0.0484689162906732,1.0000038152260522,9.340400769181108e-09,12.0,1924.5848388671875,0.2406795429564035,873.2799212420778,591.243199619918,0.0
2458583.55602196,2302106.604053641,1819.4526335281282,2031654.7213011717,3731.9989478231964,2031654.7213011717,3731.9989478231964,17.428630371069822,0.051197450746999,1.0960021770369577,1.4063945558606944e-08,12.0,2323.93212890625,47.62774418152448,873.2799212420778,591.243199619918,0.0
2457847.4785421803,2310084.708397053,1922.1502057973626,2040263.3765881902,3882.348510966174,2040263.3765881902,3882.348510966174,17.504651005449222,0.0520626173224432,0.949405958592928,1.4249590437633138e-08,12.0,1832.241455078125,40.59142397424248,873.2799212420778,591.243199619918,0.0
2458583.633548034,2309411.5533367186,2922.7461437841166,2039537.0185938983,4545.000080741432,2039537.0185938983,4545.000080741432,17.498236740541213,0.0560891327860841,1.4425241944246712,9.065548743702595e-09,12.0,2454.00146484375,96.87410689005188,873.2799212420778,591.243199619918,0.0
2457848.644086064,2303604.59212772,2297.8229198156864,2033271.103138101,4043.486274608896,2033271.103138101,4043.486274608896,17.44290418835554,0.0530099884769419,0.6215106259564898,9.030988063798768e-09,12.0,1878.4000244140625,32.99704631867316,873.2799212420778,591.243199619918,4.0
2458585.5635011964,2300494.94762259,1887.1546198312099,2029915.6873077797,3752.6811456190308,2029915.6873077797,3752.6811456190308,17.41327344679103,0.0513150940327378,1.5098311388501695,1.2924959432480513e-08,12.0,2355.308837890625,69.65007791955045,873.2799212420778,591.243199619918,0.0
2457876.64502801,2301524.6492789946,1986.2920698152582,2031026.7716239153,3823.264931466757,2031026.7716239153,3823.264931466757,17.423085122569116,0.051719880850319,0.930145940054404,8.187162934147147e-09,12.0,2061.195556640625,44.249188160772334,873.2799212420778,591.243199619918,0.0
2458591.627385281,2307216.81846763,2324.656441467338,2037168.8224509151,4099.859381823834,2037168.8224509151,4099.859381823834,17.47732386075662,0.0533468427081145,1.607819888457086,9.227906753900717e-09,12.0,3792.735107421875,87.231269172983,873.2799212420778,591.243199619918,0.0
2457887.543517807,2265371.4313915246,4658.70722091012,1992016.1775137095,5701.284803321971,1992016.1775137095,5701.284803321971,17.078593443799402,0.0637938374733469,1.0237863521681567,1.436209260290446e-08,12.0,34350.859375,155.5328874717515,873.2799212420778,591.243199619918,2.0
2458592.5122987675,2309446.3592224033,2036.4142629266537,2039574.575369158,3942.3863611256684,2039574.575369158,3942.3863611256684,17.498568393951096,0.0524132141731931,1.6003578570864443,1.2879502597123041e-08,12.0,4901.93603515625,74.4200349559768,873.2799212420778,591.243199619918,0.0
2457890.480495799,2310854.0428867475,2358.9340669355356,2041093.5155707255,4161.5592906199645,2041093.5155707255,4161.5592906199645,17.51198173132582,0.0537183874714793,0.9927308094853944,9.32336700927188e-09,12.0,3096.610107421875,52.426449880897465,873.2799212420778,591.243199619918,0.0
2458598.5287038027,2307764.572786094,2486.0352639649514,2037759.8686326507,4214.378582329676,2037759.8686326507,4214.378582329676,17.482543224778627,0.0540383147594897,1.5821195220234212,9.395447091256566e-09,12.0,5788.64306640625,91.42149667805516,873.2799212420778,591.243199619918,0.0
2457892.5499388035,2307359.8800125844,2099.3002874277054,2037323.190891377,3957.353424056,2037323.190891377,3957.353424056,17.478687045409828,0.0525009351854725,1.0075730102707492,8.729456137271875e-09,12.0,2088.60595703125,48.55537834451897,873.2799212420778,591.243199619918,0.0
2458601.667416367,2308723.9708942096,1831.5726259703029,2038795.0929466302,3815.201729399809,2038795.0929466302,3815.201729399809,17.491685002030696,0.0516739661762168,1.593506198972184,1.4404480675437848e-08,12.0,2976.546875,66.74236857055566,873.2799212420778,591.243199619918,0.0
2457917.285651154,2311258.4900085917,2206.9723580122254,2041529.9282452052,4067.798976630091,2041529.9282452052,4067.798976630091,17.515835569963688,0.0531554227781582,0.9234622394340994,1.4295774079653849e-08,12.0,4465.7001953125,45.15338377899144,873.2799212420778,591.243199619918,0.0
2458604.482127509,2308631.1113750245,1837.4877708776007,2038694.8942582728,3817.4346303496127,2038694.8942582728,3817.4346303496127,17.49080017535348,0.0516868170116413,1.5857305447682537,1.39138150852285e-08,12.0,2003.6990966796875,66.73338805513612,873.2799212420778,591.243199619918,0.0
2457920.272670621,2296924.666616002,2049.1332126580874,2026063.228485416,3811.1468298934988,2026063.228485416,3811.1468298934988,17.379253457160566,0.0516497800679204,0.9199528588607024,1.402611204676094e-08,12.0,2422.3017578125,46.78170864350704,873.2799212420778,591.243199619918,0.0
2458605.479514167,2309353.9736461197,2044.1507393704314,2039474.888081867,3946.0045849717426,2039474.888081867,3946.0045849717426,17.497688083314102,0.0524344352634658,1.4643838201384236,1.3792067409514614e-08,12.0,2121.551513671875,68.26456062527528,873.2799212420778,591.243199619918,0.0
2457920.518385048,2306620.5402746643,2170.090506914973,2036525.4173013396,3993.4456365361884,2036525.4173013396,3993.4456365361884,17.471642129289517,0.0527135661399906,0.9730977032565,1.4383253025838666e-08,12.0,2250.237060546875,48.74556344650478,873.2799212420778,591.243199619918,0.0
2458605.552046745,2307049.848262276,2088.9880574066956,2036988.6557246833,3947.543608085231,2036988.6557246833,3947.543608085231,17.475732858635435,0.0524432891820531,1.5016955487854844,8.288350495278063e-09,12.0,2187.02685546875,73.06903550261555,873.2799212420778,591.243199619918,0.0
2457921.356053173,2304476.6858221353,1891.5985931591301,2034212.1229179932,3800.489032998041,2034212.1229179932,3800.489032998041,17.451214071635324,0.0515890247175426,0.9233477104980968,1.4237744795902421e-08,12.0,2091.671142578125,40.52502532607159,873.2799212420778,591.243199619918,0.0
2458609.520190235,2306330.0218067765,7549.797155669784,2036211.9376529283,8763.815490390964,2036211.9376529283,8763.815490390964,17.468873877925887,0.0867435000172308,0.1386143390620036,1.4183187415453172e-08,12.0,1626.5477294921875,22.65710765988909,873.2799212420778,591.243199619918,4.0
2457929.285980765,2299867.0400747205,1918.8355608830375,2029238.1529714172,3764.2796778220672,2029238.1529714172,3764.2796778220672,17.407290329992076,0.0513812546557343,0.9197928061614488,1.2139946359414852e-08,12.0,2434.228271484375,42.6498296436334,873.2799212420778,591.243199619918,0.0
2458613.474623938,2313730.5071436944,1979.6673689680003,2044197.321709077,3957.5556438894814,2044197.321709077,3957.5556438894814,17.539390577860065,0.0525026374083585,1.5790682873567112,9.395221408191672e-09,12.0,2224.3974609375,68.86845113199392,873.2799212420778,591.243199619918,0.0
2457929.4048855733,2301478.1645485186,2070.028798595696,2030976.6129642185,3874.1274525756007,2030976.6129642185,3874.1274525756007,17.422642185431716,0.0520141926237374,0.9604422298819004,7.780404998464868e-09,12.0,2049.1787109375,47.800177727422735,873.2799212420778,591.243199619918,0.0
2458614.502471317,2305202.354375669,2882.199516452359,2034995.1448190736,4473.556842418443,2034995.1448190736,4473.556842418443,17.458128719703858,0.0556391257071602,1.6072193560618042,9.183312818879614e-09,12.0,2169.19873046875,110.2732540382114,873.2799212420778,591.243199619918,0.0
2457930.3349543903,2303312.8818113497,2404.7996180574983,2032956.3374432414,4112.221297863142,2032956.3374432414,4112.221297863142,17.440124580274347,0.05342070619349,0.9574776518339512,8.489253843768165e-09,12.0,1946.6881103515625,54.84659877197373,873.2799212420778,591.243199619918,0.0
2458616.53728144,2309765.3435463007,1949.1617449280295,2039918.770677741,3894.3433195693697,2039918.770677741,3894.3433195693697,17.501607886744857,0.0521324041994797,1.5766049944465017,1.3932082211491473e-08,12.0,2479.823974609375,69.85907216976312,873.2799212420778,591.243199619918,0.0
2457937.51194528,2297627.744790852,2389.5287876695556,2026821.8745730803,4042.604969324497,2026821.8745730803,4042.604969324497,17.385952849217837,0.0530043454299217,0.8863919651479503,9.247069612254564e-09,12.0,3223.783447265625,52.748141037349015,873.2799212420778,591.243199619918,0.0
2458617.4488295107,2304546.003490284,2335.6681849288743,2034286.9191207886,4078.6496620535668,2034286.9191207886,4078.6496620535668,17.45187457604584,0.0532197117193493,0.8489932340257147,1.2555192977334752e-08,12.0,4115.673828125,46.41821641195787,873.2799212420778,591.243199619918,0.0
2457938.324913888,2304634.420444157,2135.693811052707,2034382.324124867,3949.9327488953945,2034382.324124867,3949.9327488953945,17.452717071033874,0.0524571353665524,0.901013436648236,1.4247564601926404e-08,12.0,3654.234375,44.970189819977584,873.2799212420778,591.243199619918,0.0
2458618.493078466,2310277.01142759,5455.929330290812,2040470.8783241033,6741.398524906181,2040470.8783241033,6741.398524906181,17.50648339541872,0.071267932770018,0.4060031782897692,1.18920378668582e-08,12.0,6955.1875,49.7877625482832,873.2799212420778,591.243199619918,4.0
2457939.2247257736,2302314.9705707603,3509.5795558573677,2031879.556104281,4942.9105132189725,2031879.556104281,4942.9105132189725,17.430615824522544,0.0586544315969665,0.7579872718374027,1.3077116691841269e-08,12.0,8962.623046875,64.12922696168633,873.2799212420778,591.243199619918,0.0
2458627.48273309,2311894.1119423807,3031.871088231948,2042215.7866753936,4651.424160805702,2042215.7866753936,4651.424160805702,17.521892194514095,0.0567656069414693,1.563027197402875,9.355378182583495e-09,12.0,7695.20556640625,106.9479400092658,873.2799212420778,591.243199619918,0.0
2457939.514383561,2281142.4614255135,4552.3445298487995,2009033.6738060382,5701.544366906509,2009033.6738060382,5701.544366906509,17.228870208353165,0.0637960659469062,0.6718258697210413,1.4400670107836989e-08,12.0,13271.3212890625,87.92109904628077,873.2799212420778,591.243199619918,4.0
2458629.411726972,2310636.8803630187,1820.697586020564,2040859.189567007,3831.429409015343,2040859.189567007,3831.429409015343,17.509912463727073,0.0517676661757902,1.4460842509663314,1.156571741690665e-08,12.0,2273.29345703125,59.1427486583505,873.2799212420778,591.243199619918,0.0
2457941.5615749788,2325669.313050619,7804.047241441624,2057079.7133358796,9117.407279489622,2057079.7133358796,9117.407279489622,17.65315138615613,0.0895414078058282,0.8839119990742663,1.4042287991988964e-08,12.0,27706.18359375,140.0996487561399,873.2799212420778,591.243199619918,0.0
2458630.4820207856,2284863.4782515685,10341.737761988225,2013048.7818810742,11540.80878761253,2013048.7818810742,11540.80878761253,17.264326508180424,0.1091849536150461,0.0999158863423025,1.4385058098674502e-08,12.0,2772.294677734375,27.18518754731796,873.2799212420778,591.243199619918,4.0
2457942.467166608,2299359.7234399086,7560.740226320557,2028690.7404731014,8740.591984642975,2028690.7404731014,8740.591984642975,17.402456282861408,0.0865602823962388,0.9312557962758607,1.0997856279659221e-08,12.0,57357.765625,175.99113205898178,873.2799212420778,591.243199619918,2.0
2458638.391270046,2311058.796462997,1790.0843723967887,2041314.4518835184,3819.5474656055685,2041314.4518835184,3819.5474656055685,17.513932758297635,0.0516991843118454,1.3353017470952573,1.3289304082019564e-08,12.0,2171.279052734375,53.30955480275082,873.2799212420778,591.243199619918,0.0
2457943.2138223667,2298651.4224421456,5853.849898672215,2027926.4587757546,7048.30988152934,2027926.4587757546,7048.30988152934,17.395707124306465,0.0735463441690985,0.8769264004128148,1.436415906588898e-08,12.0,32314.1328125,128.78895838627494,873.2799212420778,591.243199619918,0.0
2458641.383334027,2305516.642897983,1861.203439198248,2035334.2731925342,3794.904208867104,2035334.2731925342,3794.904208867104,17.461123467806434,0.0515570324164726,1.5519635154278415,1.3023665384822302e-08,12.0,2037.96923828125,67.92512060533466,873.2799212420778,591.243199619918,0.0
2457945.4726590468,2281278.45969179,5225.261691586269,2009180.420720293,6338.659671907951,2009180.420720293,6338.659671907951,17.23016608943366,0.0683237560069709,0.9398342289763773,7.695200771899002e-09,12.0,16848.05859375,141.21755685048538,873.2799212420778,591.243199619918,0.0
2458645.4248342896,2309266.6462179995,1864.605244567946,2039380.6587144097,3840.0616978783696,2039380.6587144097,3840.0616978783696,17.49685597004524,0.0518174093735549,1.5342904940969433,1.3499638440736477e-08,12.0,2090.03955078125,65.22825018342739,873.2799212420778,591.243199619918,0.0
2457946.2266863934,2253036.437195388,2604.339975543274,1978706.284783414,3783.6600086079916,1978706.284783414,3783.6600086079916,16.961057492463947,0.0514904003224812,0.8129235109731638,1.3050886481772305e-08,12.0,2299.7236328125,75.3807351263733,873.2799212420778,591.243199619918,0.0
2458648.395952338,2304329.6637835037,1792.4144950941936,2034053.480965508,3742.3978152346626,2034053.480965508,3742.3978152346626,17.44981314878907,0.0512567723189509,1.5671679430349184,1.4240236462094964e-08,12.0,4646.2509765625,66.64397436516612,873.2799212420778,591.243199619918,0.0
2457946.29006351,2273729.9342028117,2878.7501730688714,2001035.29613145,4180.4108320140085,2001035.29613145,4180.4108320140085,17.158238765397716,0.0538303480687646,0.8965409605870226,1.3631785002223458e-08,12.0,7561.748046875,78.27090462535557,873.2799212420778,591.243199619918,0.0
2458654.406901687,2308112.8254506295,2661.364880414727,2038135.6455105531,4340.795732155086,2038135.6455105531,4340.795732155086,17.485861605604782,0.05481314663787,1.3418566202230988,9.393370773395062e-09,12.0,15937.966796875,82.69747354316738,873.2799212420778,591.243199619918,0.0
2457946.5581340897,2271262.911872714,2947.9760002409944,1998373.2922379153,4215.142437147938,1998373.2922379153,4215.142437147938,17.13473135129414,0.0540410677376507,0.8465561099615586,1.384765428688596e-08,12.0,8311.5283203125,77.05895883202888,873.2799212420778,591.243199619918,0.0
2458654.5382666388,2442119.5683659213,14369.932905557054,2182733.6359901484,16338.075525294438,2182733.6359901484,16338.075525294438,18.762766139442974,0.1495101072453676,1.440343446487976,7.631913346976473e-09,12.0,17375.0,168.9552879538394,873.2799212420778,591.243199619918,0.0
2457947.359176254,2304534.6254407037,2594.259812171843,2034274.6418049706,4256.608044670992,2034274.6418049706,4256.608044670992,17.45176615849328,0.0542955803846558,0.939814861107088,1.4274078054991302e-08,12.0,4574.77294921875,57.58757347632952,873.2799212420778,591.243199619918,0.0
2458655.359063696,2295912.868872057,2840.214594298462,2024971.463120755,4352.500838760286,2024971.463120755,4352.500838760286,17.36961238165599,0.0548846702387748,1.175449390010651,1.4305839829997708e-08,12.0,12300.576171875,84.94458956967765,873.2799212420778,591.243199619918,0.0
2457947.563845476,2298451.8752895575,2248.8287356313463,2027711.1403772733,3956.23964920222,2027711.1403772733,3956.23964920222,17.393805707569435,0.0524937588537167,0.9089850777431564,1.2692218754892212e-08,12.0,4924.509765625,50.412925423202175,873.2799212420778,591.243199619918,0.0
2458655.4597943854,2314199.3555372194,2549.922549070513,2044703.2256215832,4325.778823298704,2044703.2256215832,4325.778823298704,17.543858074243833,0.0547209661693648,1.1702649428841556,1.3935998666726094e-08,12.0,7721.24560546875,65.50493068629004,873.2799212420778,591.243199619918,0.0
2457948.3109961264,2307369.201625721,1915.844475969675,2037333.2492399223,3847.574378321447,2037333.2492399223,3847.574378321447,17.478775867881133,0.0518607003196248,0.9641438559225404,9.3789883425727e-09,12.0,2001.3975830078125,42.08290869262999,873.2799212420778,591.243199619918,0.0
2458661.265094811,2308810.1561833364,2109.1147585170816,2038888.0899059277,3979.5507376290398,2038888.0899059277,3979.5507376290398,17.49250623224674,0.0526317264699906,1.4370935664868807,1.4394854860959342e-08,12.0,2664.901123046875,69.33215223220357,873.2799212420778,591.243199619918,0.0
2457949.2338970103,2282289.417421628,1827.0480437150677,2010271.2796801815,3514.6374636252613,2010271.2796801815,3514.6374636252613,17.239799160730424,0.0499822838033924,0.9164632772127996,1.4129792113611966e-08,12.0,2145.3408203125,46.64777703244325,873.2799212420778,591.243199619918,0.0
2458661.2769119875,2306761.765530529,2007.4160222253558,2036677.8043212665,3894.7082681626307,2036677.8043212665,3894.7082681626307,17.47298781657048,0.0521342952947431,1.4581079076173669,1.0043495070357594e-08,12.0,2605.42431640625,67.96108921909791,873.2799212420778,591.243199619918,0.0
2457949.5286355787,2295912.6135870274,2200.813390616765,2024971.1876592245,3897.6108404160354,2024971.1876592245,3897.6108404160354,17.369609949132034,0.0521504579714511,0.90425262381513,1.1830226181703231e-08,12.0,2532.575927734375,50.00228596613616,873.2799212420778,591.243199619918,0.0
2458661.288732786,2301743.474471476,1803.6780854387762,2031262.8917057177,3718.8997291419855,2031262.8917057177,3718.8997291419855,17.42517023317116,0.051123040138627,1.4574437335199648,1.2871818317507345e-08,12.0,2547.9443359375,63.41033381722639,873.2799212420778,591.243199619918,0.0
2457954.5466874936,2278622.53207097,2482.5327079288795,2006314.5813716517,3919.671769333167,2006314.5813716517,3919.671769333167,17.204858661264048,0.0522783615369197,0.8384597395145389,1.4351348866736152e-08,12.0,2195.43017578125,60.2499083088914,873.2799212420778,591.243199619918,0.0
2458661.300560111,2303560.3229012704,1921.807124987206,2033223.3350851985,3807.70288538697,2033223.3350851985,3807.70288538697,17.442482362000142,0.0516304222440995,1.4678575947588508,1.0050080941790217e-08,12.0,2503.113037109375,67.25496797299066,873.2799212420778,591.243199619918,0.0
2457956.3972719093,2303568.44211253,2036.8298583486117,2033232.095999812,3876.7839635929613,2033232.095999812,3876.7839635929613,17.442559727194173,0.0520297733928833,0.9452408881967496,1.3322670616899648e-08,12.0,1824.841796875,45.40868251558732,873.2799212420778,591.243199619918,0.0
2458661.312378998,2309120.488890823,2014.9580244527046,2039222.9498160074,3925.842772594498,2039222.9498160074,3925.842772594498,17.49546328673943,0.0523162646385867,1.5096884458597768,7.072532594615595e-09,12.0,2377.375732421875,69.48797245647455,873.2799212420778,591.243199619918,0.0
2457864.607423779,2310677.4955925713,1903.1818282177144,2040903.0148286948,3878.2881562400275,2040903.0148286948,3878.2881562400275,17.510299472392678,0.052039060834667,1.0031187281596086,6.894712307067048e-09,12.0,2186.123779296875,42.33744898657713,873.2799212420778,591.243199619918,0.0
2457957.431793813,2307777.585077389,2576.4898578382913,2037773.9093527785,4277.301521382833,2037773.9093527785,4277.301521382833,17.482667214462932,0.054422484597074,0.9550407292546784,1.4083076127764756e-08,12.0,1648.3143310546875,56.56708721188085,873.2799212420778,591.243199619918,0.0
2457867.461633925,0.0,0.0,0.0,0.0,0.0,0.0,0.0,0.0,0.0,0.0,12.0,0.0,0.0,0.0,0.0,5.0
2457958.375841024,2305075.2783558005,2011.956878305932,2034858.0253226114,3878.493395520886,2034858.0253226114,3878.493395520886,17.456917855665374,0.0520398175520677,0.9464591705474076,1.4347469834581909e-08,12.0,1818.9620361328125,44.23172478896976,873.2799212420778,591.243199619918,0.0
2457867.503143137,2273863.7476612832,2469.8452448807266,2001179.685561214,3865.1173320427665,2001179.685561214,3865.1173320427665,17.159513828190033,0.0519604715868082,0.8395182263322234,1.3272401468415952e-08,12.0,1791.041015625,62.34727261721991,873.2799212420778,591.243199619918,0.0
2458670.304111639,2307707.1012918563,1724.1114674019202,2037697.8548682958,3744.4641080895435,2037697.8548682958,3744.4641080895435,17.481995598517706,0.0512687975119046,1.5288818813960243,1.1175362808771632e-08,12.0,2298.535888671875,60.66510491013959,873.2799212420778,591.243199619918,0.0
2457958.4738268424,2310140.0436993963,2286.6392832613346,2040323.0853263296,4106.543256384668,2040323.0853263296,4106.543256384668,17.505178276666374,0.0533871423293184,0.953501245725964,8.889932360734471e-09,12.0,1789.1402587890625,48.96739515949057,873.2799212420778,591.243199619918,0.0
2457959.285541668,2300290.2948579853,1928.8630744389584,2029694.8597742957,3774.992474997341,2029694.8597742957,3774.992474997341,17.411323380418963,0.0514425371574695,0.9074650339736008,1.3676071390340745e-08,12.0,1786.0838623046875,42.244700945333285,873.2799212420778,591.243199619918,0.0
2457965.4062059973,2293218.2925195396,2403.596849993281,2022063.9204308006,4007.1259186403227,2022063.9204308006,4007.1259186403227,17.34393668290792,0.0527935703571249,0.831176920969209,1.2050223496747728e-08,12.0,3589.4541015625,51.33981453065159,873.2799212420778,591.243199619918,0.0
2457968.372264526,2312739.691302874,3640.2106199901896,2043128.196556108,5141.778602047367,2043128.196556108,5141.778602047367,17.529949431751895,0.0599734963430882,0.9283937692291118,1.4343483017710982e-08,12.0,11841.802734375,75.3676736790096,873.2799212420778,591.243199619918,0.0
2457969.337479158,2253795.3800877966,4871.319984237844,1979525.2108668596,5839.19214294461,1979525.2108668596,5839.19214294461,16.96828920035533,0.0647591306076148,0.9582934038272504,1.4184879770505993e-08,12.0,36393.109375,166.71581402176753,873.2799212420778,591.243199619918,2.0
2457971.25488241,2314780.693026291,5108.822240390108,2045330.5092259862,6448.537170300652,2045330.5092259862,6448.537170300652,17.549397440840888,0.0691225604646089,0.9119981885472974,7.151275063051611e-09,12.0,16663.36328125,102.73160337532389,873.2799212420778,591.243199619918,0.0
2457972.309856973,2253637.475841312,3104.527661831373,1979354.8266292247,4204.634183488338,1979354.8266292247,4204.634183488338,16.966784584663174,0.0539768792653858,0.9471633010485292,1.3493263037917405e-08,12.0,19654.583984375,104.86774666586962,873.2799212420778,591.243199619918,0.0
2457972.451811716,2252736.3390579275,4316.463093249255,1978382.468334485,5300.320463575669,1978382.468334485,5300.320463575669,16.958197959697298,0.0610380096529677,0.9392242802366088,7.564449316884973e-09,12.0,26598.138671875,145.90364496908282,873.2799212420778,591.243199619918,2.0
2457973.4934385763,2290321.817437156,5444.855182820944,2018938.5219077447,6604.086924342588,2018938.5219077447,6604.086924342588,17.316337160045222,0.0702572171676876,0.8816005204516125,1.2696036757323605e-08,12.0,18462.1796875,128.6230995712678,873.2799212420778,591.243199619918,0.0
2457974.410120264,2301104.2089256877,2424.5154463102067,2030573.101689984,4102.687359295449,2030573.101689984,4102.687359295449,17.419078889885103,0.0533633591777047,0.9550704312529236,9.21790923209964e-09,12.0,5039.6064453125,56.1947380889934,873.2799212420778,591.243199619918,0.0
2457979.4607127523,2310849.3732175096,2779.541524109124,2041088.4768333195,4453.602325706237,2041088.4768333195,4453.602325706237,17.51193723564081,0.0555145633976339,0.7448675639808349,1.434249850253094e-08,12.0,2228.822509765625,46.195319643799806,873.2799212420778,591.243199619918,0.0
2457980.3465413232,2303597.6769825467,4789.15663747016,2033263.641453156,6075.063827050585,2033263.641453156,6075.063827050585,17.442838296296436,0.0664311495408099,0.2173549831095648,9.2089186806888e-09,12.0,1145.1326904296875,23.1011054364599,873.2799212420778,591.243199619918,4.0
2457984.422287377,2314154.3947543977,2593.0410047241917,2044654.7113550254,4355.050200419581,2044654.7113550254,4355.050200419581,17.543429658283696,0.0549017199679396,0.589150952022222,6.993699422448575e-09,12.0,1650.8072509765625,32.35646459946655,873.2799212420778,591.243199619918,4.0
2457985.416067456,2296330.400456048,1852.4736348676508,2025421.9943902509,3685.387025678185,2025421.9943902509,3685.387025678185,17.373590897669583,0.0509330708196631,0.8427752595648995,1.4223352582483489e-08,12.0,1854.04443359375,38.49686397445165,873.2799212420778,591.243199619918,0.0
2457986.3395736446,0.0,0.0,0.0,0.0,0.0,0.0,0.0,0.0,0.0,0.0,12.0,0.0,0.0,0.0,0.0,5.0
2457986.4402559525,0.0,0.0,0.0,0.0,0.0,0.0,0.0,0.0,0.0,0.0,12.0,0.0,0.0,0.0,0.0,5.0
2457989.3459140854,2306940.7694318364,2165.8005895446117,2036870.9558288243,3994.251369975105,2036870.9558288243,3994.251369975105,17.474693483674848,0.0527183505829368,0.8800726885709256,9.282265250529698e-09,12.0,1863.3868408203125,43.42916836315637,873.2799212420778,591.243199619918,0.0
2457991.35228685,2290144.752635093,2058.382883006718,2018747.4627564955,3743.6666452283857,2018747.4627564955,3743.6666452283857,17.31464996995599,0.0512630765794867,0.8817728192265519,1.4407462819487262e-08,12.0,1986.1021728515625,47.5466119097756,873.2799212420778,591.243199619918,0.0
2457992.228028134,2225808.541013008,2513.6023742336424,1949326.4268202377,3495.559784843575,1949326.4268202377,3495.559784843575,16.701612159148635,0.0498774038520258,0.8408918373678401,1.4409446750715296e-08,12.0,2196.783203125,93.49115818309264,873.2799212420778,591.243199619918,2.0
2457992.424424709,2304578.285122518,2089.702803424784,2034321.7521377623,3920.565964778277,2034321.7521377623,3920.565964778277,17.4521821767058,0.0522850516785721,0.9051596125581892,1.24749268687221e-08,12.0,1900.1492919921875,44.07740598585072,873.2799212420778,591.243199619918,0.0
2458000.338311576,2278335.2722748797,3738.675984419744,2006004.6179447637,4943.797825787971,2006004.6179447637,4943.797825787971,17.202121460672217,0.0586590948149634,0.905635276848759,1.223268234139496e-08,12.0,11713.060546875,99.38894870517228,873.2799212420778,591.243199619918,0.0
2458001.2531239213,2302511.767196022,2882.41135007406,2032091.9065870023,4447.658138300489,2032091.9065870023,4447.658138300489,17.43249103242309,0.0554767923337595,0.8481586428330528,1.3393358199396585e-08,12.0,5216.15283203125,58.72538632823443,873.2799212420778,591.243199619918,0.0
2458001.39438287,0.0,0.0,0.0,0.0,0.0,0.0,0.0,0.0,0.0,0.0,12.0,0.0,0.0,0.0,0.0,5.0
2458003.301929356,2307839.1467975755,2630.944035988148,2037840.336614836,4316.352510499378,2037840.336614836,4316.352510499378,17.483253815091423,0.0546623932791351,0.8723954660856816,1.4174229114732934e-08,12.0,3971.73486328125,52.58594616859401,873.2799212420778,591.243199619918,0.0
2458006.261478247,2309434.5787186106,2104.213670463987,2039561.8637910804,3983.4939044121024,2039561.8637910804,3983.4939044121024,17.498456141549624,0.0526550319455286,0.8941284224751738,1.0004670956160584e-08,12.0,1820.1533203125,42.18532905056591,873.2799212420778,591.243199619918,0.0
2458007.30300085,2311368.7778914655,2154.803757412706,2041648.9327511783,4036.3291438307974,2041648.9327511783,4036.3291438307974,17.516886465572405,0.0529680264480613,0.936981976784135,1.4303108070567894e-08,12.0,1908.691162109375,44.701986156873225,873.2799212420778,591.243199619918,0.0
2458011.3294492178,0.0,0.0,0.0,0.0,0.0,0.0,0.0,0.0,0.0,0.0,12.0,0.0,0.0,0.0,0.0,5.0
2458013.2805298613,2306823.6331294016,2284.1187572834397,2036744.5616371909,4069.0026682060593,2036744.5616371909,4069.0026682060593,17.47357733181263,0.0531622620434646,0.8466195743075119,1.3752646315938729e-08,12.0,1851.8941650390625,44.3688143572251,873.2799212420778,591.243199619918,0.0
2458014.3746758066,2260331.155741115,3102.4972481432837,1986577.5427505823,4254.438944726005,1986577.5427505823,4254.438944726005,17.030566376729567,0.0542804313525775,0.7201101379655309,1.3907785014263933e-08,12.0,2092.40478515625,75.09582872373967,873.2799212420778,591.243199619918,2.0
2458016.350169125,2291787.347724531,2527.311340538155,2020519.8806508281,4080.5707164117825,2020519.8806508281,4080.5707164117825,17.330301698155132,0.0532303813848825,0.7019075643706588,1.23644638199656e-08,12.0,1812.521728515625,45.84782883526025,873.2799212420778,591.243199619918,0.0
2458019.2769672326,2292766.1043215916,1964.7128918932867,2021575.9934554894,3713.2211712723583,2021575.9934554894,3713.2211712723583,17.33962793584379,0.0510902569151032,0.8980787240443147,1.3711527881058102e-08,12.0,2031.481201171875,45.20760473849145,873.2799212420778,591.243199619918,0.0
2458020.353819292,2281303.990074696,2781.994958087446,2009207.9689017073,4171.572015189606,2009207.9689017073,4171.572015189606,17.23040935974211,0.0537771302063498,0.820130684654906,1.3168730307678538e-08,12.0,2310.040283203125,64.7804577063804,873.2799212420778,591.243199619918,0.0
2458021.264199345,2303778.5622102367,2089.2039632329725,2033458.8229780742,3911.418768783271,2033458.8229780742,3911.418768783271,17.444561889918056,0.052231541170472,0.7865355160899534,9.395385871002833e-09,12.0,2585.298583984375,38.34576407689623,873.2799212420778,591.243199619918,0.0
2458024.2386872573,2273512.439752803,4300.72855634794,2000800.6119675979,5417.251371558915,2000800.6119675979,5417.251371558915,17.156166334986693,0.0618337148462122,0.6292574637278733,1.4313909711333929e-08,12.0,13904.4033203125,82.23745473255195,873.2799212420778,591.243199619918,4.0
2458028.2844797974,0.0,0.0,0.0,0.0,0.0,0.0,0.0,0.0,0.0,0.0,12.0,0.0,0.0,0.0,0.0,5.0
2458032.255386229,2276052.41600888,2490.1438002414347,2003541.3357140631,3900.866504615298,2003541.3357140631,3900.866504615298,17.180368902161057,0.052168461623749,0.8290571620020071,1.2038571113836426e-08,12.0,3735.251220703125,61.05222365586571,873.2799212420778,591.243199619918,0.0
2458036.259397605,2301828.5762818535,2414.0494520747175,2031354.7195533237,4103.0333250425365,2031354.7195533237,4103.0333250425365,17.42598113928785,0.0533654824949172,0.6833441816569505,1.3864684844650075e-08,12.0,1896.4727783203125,39.04874628251466,873.2799212420778,591.243199619918,4.0
2458047.2626314773,2310928.6490298277,2491.8883118856666,2041174.018224041,4251.608104685281,2041174.018224041,4251.608104685281,17.51269262780968,0.0542654986471966,0.8630259154457515,1.3820233066692005e-08,12.0,2349.45849609375,47.717139195793685,873.2799212420778,591.243199619918,0.0
2458053.2660810044,2282636.3215276753,3457.4071407674005,2010645.601416032,4733.975457401196,2010645.601416032,4733.975457401196,17.243104691602852,0.057293609428192,0.7898571241980732,1.381383007700922e-08,12.0,4639.4658203125,77.1152653451574,873.2799212420778,591.243199619918,0.0
2458165.628898226,2296508.8247771724,2449.3848456377136,2025614.5205104016,4072.671916150158,2025614.5205104016,4072.671916150158,17.37529104215213,0.0531834641375313,0.8251434714248314,1.3879090945634476e-08,12.0,3965.31201171875,50.55770426185838,873.2799212420778,591.243199619918,0.0
2458244.5503346254,2311416.3226489704,3983.865360121351,2041700.2352173345,5419.333772666293,2041700.2352173345,5419.333772666293,17.517339503345713,0.0618497831932858,0.3503394414258198,1.3565913668372568e-08,12.0,2521.836669921875,30.054516013021978,873.2799212420778,591.243199619918,0.0
2458244.569635066,2304007.8911113823,3468.312946234023,2033706.2769310845,4923.700895237541,2033706.2769310845,4923.700895237541,17.446747086776366,0.0585284103454736,0.3468657535660501,1.1943190605390084e-08,12.0,1963.962646484375,27.182953848413643,873.2799212420778,591.243199619918,0.0
2458244.6371524567,0.0,0.0,0.0,0.0,0.0,0.0,0.0,0.0,0.0,0.0,12.0,0.0,0.0,0.0,0.0,5.0
2458244.680648196,0.0,0.0,0.0,0.0,0.0,0.0,0.0,0.0,0.0,0.0,12.0,0.0,0.0,0.0,0.0,5.0
2458245.376903666,2313605.2540040915,3592.9506460976086,2044062.169164557,5110.608814883141,2044062.169164557,5110.608814883141,17.538197083425704,0.059765439167329,0.2888001986245067,1.2565833138528969e-08,12.0,751.4679565429688,20.79504681416908,873.2799212420778,591.243199619918,0.0
2458245.38150642,2308361.835830096,3931.725482986662,2038404.3364711432,5349.4273301992025,2038404.3364711432,5349.4273301992025,17.48823434055525,0.0613731624716818,0.2970892414018815,1.2755789604124954e-08,12.0,814.8098754882812,25.17859695882182,873.2799212420778,591.243199619918,0.0
2458245.387137588,2303918.8196411366,3308.8731036174668,2033610.1656808131,4793.435472746483,2033610.1656808131,4793.435472746483,17.445898355125138,0.0576789775585587,0.3267903845822053,1.4357959731920407e-08,12.0,799.8358154296875,23.995066545477663,873.2799212420778,591.243199619918,0.0
2458245.394157284,0.0,0.0,0.0,0.0,0.0,0.0,0.0,0.0,0.0,0.0,12.0,0.0,0.0,0.0,0.0,5.0
2458245.3975464413,0.0,0.0,0.0,0.0,0.0,0.0,0.0,0.0,0.0,0.0,12.0,0.0,0.0,0.0,0.0,5.0
2458245.4010269926,0.0,0.0,0.0,0.0,0.0,0.0,0.0,0.0,0.0,0.0,12.0,0.0,0.0,0.0,0.0,5.0
2458245.404493001,0.0,0.0,0.0,0.0,0.0,0.0,0.0,0.0,0.0,0.0,12.0,0.0,0.0,0.0,0.0,5.0
2458245.407971752,0.0,0.0,0.0,0.0,0.0,0.0,0.0,0.0,0.0,0.0,12.0,0.0,0.0,0.0,0.0,5.0
2458245.411440575,0.0,0.0,0.0,0.0,0.0,0.0,0.0,0.0,0.0,0.0,12.0,0.0,0.0,0.0,0.0,5.0
2458245.414915477,0.0,0.0,0.0,0.0,0.0,0.0,0.0,0.0,0.0,0.0,12.0,0.0,0.0,0.0,0.0,5.0
2458245.41839352,0.0,0.0,0.0,0.0,0.0,0.0,0.0,0.0,0.0,0.0,12.0,0.0,0.0,0.0,0.0,5.0
2458245.421856613,0.0,0.0,0.0,0.0,0.0,0.0,0.0,0.0,0.0,0.0,12.0,0.0,0.0,0.0,0.0,5.0
2458245.425334478,0.0,0.0,0.0,0.0,0.0,0.0,0.0,0.0,0.0,0.0,12.0,0.0,0.0,0.0,0.0,5.0
2458245.428797099,0.0,0.0,0.0,0.0,0.0,0.0,0.0,0.0,0.0,0.0,12.0,0.0,0.0,0.0,0.0,5.0
2458245.432624212,0.0,0.0,0.0,0.0,0.0,0.0,0.0,0.0,0.0,0.0,12.0,0.0,0.0,0.0,0.0,5.0
2458245.435748233,0.0,0.0,0.0,0.0,0.0,0.0,0.0,0.0,0.0,0.0,12.0,0.0,0.0,0.0,0.0,5.0
2458245.43921886,2298342.649529348,4686.938037653326,2027593.281939024,5944.026257383445,2027593.281939024,5944.026257383445,17.392764932565214,0.0654999437257421,0.3413977932379421,1.4153211808832888e-08,12.0,2048.68994140625,38.99289083277284,873.2799212420778,591.243199619918,0.0
2458245.4426962445,2306497.5257855193,3633.520365687622,2036392.6803394293,5081.887337472457,2036392.6803394293,5081.887337472457,17.470469966191605,0.059573646943004,0.3423610072200541,1.3189547335511796e-08,12.0,2064.248046875,27.551926832269427,873.2799212420778,591.243199619918,0.0
2458245.4457722,2307858.4947276087,4240.058348102454,2037861.2137120795,5612.981334546095,2037861.2137120795,5612.981334546095,17.48343817491574,0.0631819949344378,0.3447298523914793,1.4411276989868908e-08,12.0,2105.986328125,32.60099817323977,873.2799212420778,591.243199619918,0.0
2458245.4496421674,2298069.8299628724,3558.846513298903,2027298.900027951,4947.534749233158,2027298.900027951,4947.534749233158,17.390165327994776,0.0586845715456564,0.3452387029673781,1.4329528991947127e-08,12.0,2134.046630859375,29.33201959730807,873.2799212420778,591.243199619918,0.0
2458245.452861729,2311013.400447715,4715.462853492549,2041265.467985822,6061.6175140283885,2041265.467985822,6061.6175140283885,17.51350019515587,0.0663357447330414,0.3381501583994307,1.4199757867950532e-08,12.0,2145.107421875,34.8348582478657,873.2799212420778,591.243199619918,0.0
2458245.522762181,2297907.273919266,5214.177209048516,2027123.4963375502,6432.184372643034,2027123.4963375502,6432.184372643034,17.388616386914876,0.0690026771160959,0.3072318116913486,1.3983529154465352e-08,12.0,2556.3916015625,39.22334154799015,873.2799212420778,591.243199619918,0.0
2458245.6629959457,2295896.5317941695,2924.3066291683267,2024953.8348389089,4416.7084988498245,2024953.8348389089,4416.7084988498245,17.36945671121454,0.0552832209070343,0.8891305644933685,1.2288568864056848e-08,12.0,6613.03564453125,66.0311949786874,873.2799212420778,591.243199619918,0.0
2458248.3703063037,2310683.222860562,2962.6840539195055,2040909.194752363,4587.389902620229,2040909.194752363,4587.389902620229,17.51035404557537,0.0563576949136327,0.3590445726004219,1.1638385534418314e-08,12.0,853.4833984375,22.082985329939444,873.2799212420778,591.243199619918,0.0
2458248.5540916105,2308747.0374036045,3366.939819544237,2038819.9825218348,4883.743431941809,2038819.9825218348,4883.743431941809,17.491904794929045,0.0582670812478091,0.3803965132215546,1.1340829823905343e-08,12.0,775.0407104492188,27.95536514736834,873.2799212420778,591.243199619918,0.0
2458248.561047844,2321577.974394929,3307.7209088445543,2052665.0149773182,4956.325566259771,2052665.0149773182,4956.325566259771,17.614166415957865,0.0587440630149069,0.37827009977665,1.4044109510032897e-08,12.0,778.7460327148438,24.15094747747199,873.2799212420778,591.243199619918,0.0
2458248.6088403044,2298826.827036228,3552.300391109233,2028115.7265041787,4948.479379744811,2028115.7265041787,4948.479379744811,17.397378494840268,0.0586908261851738,0.296234798976475,1.2661346056183736e-08,12.0,841.7529296875,24.41117610622833,873.2799212420778,591.243199619918,0.0
2458248.647842827,2303528.992297578,3778.9038242389097,2033189.5282614848,5179.02075312705,2033189.5282614848,5179.02075312705,17.442183823366694,0.0602222469069948,0.287630362690105,1.4361707439669728e-08,12.0,970.887451171875,24.307739062282984,873.2799212420778,591.243199619918,0.0
2458249.3877370623,0.0,0.0,0.0,0.0,0.0,0.0,0.0,0.0,0.0,0.0,12.0,0.0,0.0,0.0,0.0,5.0
2458249.6135519724,2279005.8698290293,16222.899759906348,2006728.2162999017,17738.22864813045,2006728.2162999017,17738.22864813045,17.208511355976352,0.1614665450617054,0.0560837692413563,8.79852917001323e-09,12.0,1770.2740478515625,24.73938422614125,873.2799212420778,591.243199619918,4.0
2458249.660658689,2254954.7714085057,10504.18825935961,1980776.2348937627,11619.368066134119,1980776.2348937627,11619.368066134119,16.97933664469806,0.1098323706631897,0.0773135570285921,1.435364180453082e-08,12.0,2111.54296875,27.02288544802722,873.2799212420778,591.243199619918,4.0
2458251.6463890783,2302977.615141978,2599.7141917285735,2032594.5729110164,4244.672065326719,2032594.5729110164,4244.672065326719,17.43692993856565,0.0542225545730314,0.7983540232126639,1.1001512502011002e-08,12.0,2422.62353515625,49.4441530244801,873.2799212420778,591.243199619918,0.0
2458252.5170176453,2311361.888727949,2219.4472063823846,2041641.4991013561,4076.8326277464084,2041641.4991013561,4076.8326277464084,17.516820821083652,0.0532093733744715,0.8922661456155493,1.0335949368627456e-08,12.0,1906.598876953125,43.81015941335465,873.2799212420778,591.243199619918,0.0
2458252.6311107883,2308128.8965984965,2316.1841920252728,2038152.9868445466,4104.077444951034,2038152.9868445466,4104.077444951034,17.486014742089765,0.0533721980447397,0.8686127279307629,1.3433315555866965e-08,12.0,2252.766357421875,45.80068355369816,873.2799212420778,591.243199619918,0.0
2458255.550055437,2312657.996879698,2236.6233354535907,2043040.0453991764,4102.006679962877,2043040.0453991764,4102.006679962877,17.529170993465335,0.0533601408964309,0.911378242324136,1.1654929494474652e-08,12.0,2243.04052734375,44.6730639135158,873.2799212420778,591.243199619918,0.0
2458256.570790551,2306939.2122076754,2155.1430079134925,2036869.2755291674,3987.5167141569787,2036869.2755291674,3987.5167141569787,17.47467864541711,0.0526785783308373,0.8960525956130324,1.2278068142469512e-08,12.0,2108.30859375,44.22389871761455,873.2799212420778,591.243199619918,0.0
2458275.5782391657,2306963.8903823444,2189.145400077453,2036895.9041479079,4009.294811892731,2036895.9041479079,4009.294811892731,17.47491379532401,0.0528073264839702,0.9066491133544162,9.16675275549766e-09,12.0,2716.6416015625,45.57207298468996,873.2799212420778,591.243199619918,0.0
2458276.3826346206,2308980.307694569,1950.1590606429093,2039071.6893731356,3885.954837907306,2039071.6893731356,3885.954837907306,17.49412754794628,0.0520835058809795,0.8583698775623616,1.3524597608297437e-08,12.0,1853.8516845703125,37.26935474505258,873.2799212420778,591.243199619918,0.0
2458276.466373237,2293075.520567968,2280.17110554693,2021909.8644717871,3920.75599242681,2021909.8644717871,3920.75599242681,17.342576257691245,0.0522854070435296,0.8370144335113596,1.3656181780841445e-08,12.0,2125.272216796875,48.890506528999374,873.2799212420778,591.243199619918,0.0
2458277.3799642385,2160874.6468279986,16693.40419908904,1879260.4703698026,18082.265248378342,1879260.4703698026,18082.265248378342,16.08287923511195,0.1644168855098545,0.0162976091606617,9.317784576137247e-09,12.0,869.8474731445312,17.555155224639424,873.2799212420778,591.243199619918,6.0
2458277.5645917086,2296530.5462771854,2249.2847749170387,2025637.9587731601,3936.2120627497775,2025637.9587731601,3936.2120627497775,17.375498018914975,0.0523760972329742,0.7333121243992997,1.39315711160445e-08,12.0,2103.813720703125,40.72408938118583,873.2799212420778,591.243199619918,0.0
2458278.3772553224,2309850.769117997,4275.441228808305,2040010.9478752022,5659.772437676606,2040010.9478752022,5659.772437676606,17.502421877872713,0.0635067983864242,0.3717806052671012,1.1148057509362904e-08,12.0,1684.0240478515625,35.12213331564638,873.2799212420778,591.243199619918,4.0
2458278.511707504,2303609.190273794,2417.4658769126627,2033276.0646994968,4123.957890907861,2033276.0646994968,4123.957890907861,17.442948002520737,0.0534912342641112,0.8106372659564196,1.439020680373625e-08,12.0,2070.544189453125,46.05736860813373,873.2799212420778,591.243199619918,0.0
2458281.533399981,2308566.5032277885,1832.39707743494,2038625.1797942417,3813.8345352189494,2038625.1797942417,3813.8345352189494,17.49018454636099,0.0516660827865995,0.900275775715877,1.4164572624915308e-08,12.0,1760.1846923828125,36.84047144719473,873.2799212420778,591.243199619918,0.0
2458282.366727623,2306733.1697212365,2393.6775789572116,2036646.9484369282,4140.718769824367,2036646.9484369282,4140.718769824367,17.472715336859835,0.0535923368871124,0.847620541409508,1.2572607143418474e-08,12.0,1806.3385009765625,46.54466719838573,873.2799212420778,591.243199619918,0.0
2458292.2573339967,2309228.9573960225,2718.0542826475626,2039339.991149457,4392.772026196991,2039339.991149457,4392.772026196991,17.49649684611901,0.0551351890672851,0.8433381170859605,1.4350585678522724e-08,12.0,3799.68359375,51.92457040744913,873.2799212420778,591.243199619918,0.0
2458292.3205451025,2302983.0578566,3074.475464646133,2032600.4457915884,4599.374471376787,2032600.4457915884,4599.374471376787,17.43698180033637,0.0564332722348691,0.8780444850983712,1.311992472254934e-08,12.0,3309.958984375,64.7834897990525,873.2799212420778,591.243199619918,0.0
2458292.335195611,2312622.5706531275,2785.2220539051677,2043001.8192542754,4475.59205097217,2043001.8192542754,4475.59205097217,17.52883342903879,0.0556524373388779,0.8829642502726236,1.3525699503943969e-08,12.0,3126.964599609375,54.37738882670729,873.2799212420778,591.243199619918,0.0
2458292.4291676264,2307887.8718054113,2226.936522406184,2037892.9126126266,4043.5238954490565,2037892.9126126266,4043.5238954490565,17.483718099067463,0.0530105278697854,0.8937916419194583,6.1920245015257906e-09,12.0,2126.188232421875,45.44142131971942,873.2799212420778,591.243199619918,0.0
2458292.438991618,2313288.175971068,2298.0080594492824,2043720.0308108935,4148.205580521387,2043720.0308108935,4148.205580521387,17.535175755027286,0.0536379803579174,0.8971961321954699,1.3710681561900032e-08,12.0,2116.673828125,44.97100801710928,873.2799212420778,591.243199619918,0.0
2458292.4539471027,2305331.3286131476,2362.7536443580893,2035134.3125591255,4105.093318443195,2035134.3125591255,4105.093318443195,17.459357671210345,0.053378081841151,0.8962587207636564,1.2668710989680622e-08,12.0,3110.03955078125,49.44343409828186,873.2799212420778,591.243199619918,0.0
2458292.5442784973,2303821.565631008,2026.8013984787378,2033505.2251821116,3873.481281483295,2033505.2251821116,3873.481281483295,17.44497165484299,0.0520106061926678,0.8671112237576883,1.3865075745032351e-08,12.0,2877.73876953125,40.95702840615623,873.2799212420778,591.243199619918,0.0
2458292.5602166457,2299990.772116119,2401.783293680015,2029371.6641974584,4075.509017766102,2029371.6641974584,4075.509017766102,17.408469330400617,0.0532006318366575,0.8520764761955295,1.4159762279215902e-08,12.0,1823.449462890625,49.711428550416834,873.2799212420778,591.243199619918,0.0
2458300.3764654133,2308369.627863429,5514.247933885785,2038412.7443492636,6783.937852961703,2038412.7443492636,6783.937852961703,17.488308588182445,0.0715819099156008,0.8690239217712106,7.964679633048029e-09,12.0,14691.0810546875,111.21159455348187,873.2799212420778,591.243199619918,0.0
2458303.3902546847,2310410.2854685504,2162.245964616204,2040614.6857033947,4030.3209817932743,2040614.6857033947,4030.3209817932743,17.507753318285612,0.052932260765262,0.8958088014141161,1.3022003260187485e-08,12.0,2392.038330078125,43.06543619232352,873.2799212420778,591.243199619918,0.0
2458304.460700609,2310442.777679457,2472.7547876671733,2040649.745942163,4233.448523925213,2040649.745942163,4233.448523925213,17.508062925477883,0.0541546342929744,0.8983880603798002,1.1455227993510368e-08,12.0,1964.2266845703125,49.81133091973375,873.2799212420778,591.243199619918,0.0
2458305.310702689,2305666.1712212083,1982.4395093540588,2035495.6195142756,3867.4142459956174,2035495.6195142756,3867.4142459956174,17.462548272183493,0.0519755227331404,0.8824415671309352,1.2095615091546273e-08,12.0,1783.54541015625,40.21925013286287,873.2799212420778,591.243199619918,0.0
2458306.3011274,2311200.616098473,2429.3517972641393,2041467.4802599598,4212.1529251363445,2041467.4802599598,4212.1529251363445,17.515284109219145,0.0540250454763269,0.8784699720934448,8.112267435506032e-09,12.0,1671.3399658203125,47.47982643187697,873.2799212420778,591.243199619918,0.0
2458308.299214352,2313173.280769569,2462.047295052174,2043596.0548460213,4255.153835946686,2043596.0548460213,4255.153835946686,17.53408095785128,0.0542873460338914,0.8657383542593359,1.1880115482791692e-08,12.0,1652.633056640625,46.61982768637142,873.2799212420778,591.243199619918,0.0
2458310.2902359487,2307214.565008863,2319.621581255711,2037166.390889621,4096.513548622732,2037166.390889621,4096.513548622732,17.477302388316843,0.0533267949921339,0.8515756916312841,1.1824869663617696e-08,12.0,1755.9735107421875,45.22823892035254,873.2799212420778,591.243199619918,0.0
2458320.262301332,2310901.9103695257,2754.6142792912874,2041145.1662688055,4436.063714073014,2041145.1662688055,4436.063714073014,17.512437844238157,0.0554049536796014,0.8539510541538549,8.685227764925101e-09,12.0,3119.555908203125,52.6481796342153,873.2799212420778,591.243199619918,0.0
2458673.493156136,2306967.0349312997,1834.0560940956325,2036899.2972268672,3796.232699986766,2036899.2972268672,3796.232699986766,17.47494375865818,0.0515647694258013,1.4776461766524138,1.4327233871589976e-08,12.0,2202.9228515625,62.86729897029112,873.2799212420778,591.243199619918,0.0
2458674.293169077,2300269.578730469,1894.211890944862,2029672.5063438334,3754.2735795752983,2029672.5063438334,3754.2735795752983,17.411125983507645,0.0513241609532692,1.4641580909214198,1.4408800405821164e-08,12.0,2694.05517578125,67.75826047511515,873.2799212420778,591.243199619918,0.0
2458700.2824814324,2306067.5898986473,1800.2864968545819,2035928.7643906916,3766.9200951537036,2035928.7643906916,3766.9200951537036,17.46637325380786,0.0513967910564487,1.4746027215328523,1.1557944291275048e-08,12.0,1970.343505859375,61.82682217671905,873.2799212420778,591.243199619918,0.0
2458702.3185701845,2310827.9083529054,2157.661127853324,2041065.3154891965,4032.0951306470206,2041065.3154891965,4032.0951306470206,17.51173270426922,0.0529428296615758,1.5071119861671711,1.41991604583073e-08,12.0,2141.5126953125,73.53562706250786,873.2799212420778,591.243199619918,0.0
2458705.3352435925,2311669.3919165777,2837.555594870171,2041973.3058610335,4504.175311006359,2041973.3058610335,4504.175311006359,17.519750914056488,0.0558319006693187,1.510556100201541,1.1589954440494541e-08,12.0,6997.146484375,96.74701036459054,873.2799212420778,591.243199619918,0.0
2458710.252768423,2270765.2337062643,2682.8765795121435,1997836.279986076,3999.2280520828817,1997836.279986076,3999.2280520828817,17.129989145840074,0.05274587354854,1.5042828727041315,1.2559721330096414e-08,12.0,15699.203125,125.8656437875096,873.2799212420778,591.243199619918,0.0
2458710.315049884,2309472.9079941395,2561.5093483278893,2039603.2224279484,4284.371219199038,2039603.2224279484,4284.371219199038,17.498821368139254,0.0544659604183273,1.498954452525874,9.361589625842793e-09,12.0,4859.7607421875,87.98661640776147,873.2799212420778,591.243199619918,0.0
2458711.294911447,2309649.284447381,1964.126964274515,2039793.5388266013,3901.7637450912,2039793.5388266013,3901.7637450912,17.50050199918743,0.0521756444115111,1.4626232656541494,1.4238431827266373e-08,12.0,4650.73779296875,65.23964802277509,873.2799212420778,591.243199619918,0.0
2458712.329617274,2308014.241944282,2490.4951657657593,2038029.2704386553,4220.054166385444,2038029.2704386553,4220.054166385444,17.48492223700676,0.054072862806386,1.4012110381768312,1.2502709117589514e-08,12.0,4501.7197265625,81.0638541747996,873.2799212420778,591.243199619918,0.0
2458713.2776971417,2316227.090788774,2131.420799033503,2046891.2233015574,4076.3878293753164,2046891.2233015574,4076.3878293753164,17.563179671648616,0.0532071230577187,1.3416058102989783,1.4389688346991957e-08,12.0,3267.30029296875,61.59649270843736,873.2799212420778,591.243199619918,0.0
2458715.2213979037,2314151.0964258364,2036.6081766023233,2044651.1523424587,3995.845101754348,2044651.1523424587,3995.845101754348,17.543398229636146,0.0527283467054397,1.4588890014895,1.3860946318508846e-08,12.0,3117.37646484375,65.08097985023937,873.2799212420778,591.243199619918,0.0
2458720.331608325,2305244.037492416,1572.0987446854526,2035040.1223686163,3636.1894928072093,2035040.1223686163,3636.1894928072093,17.45852590390222,0.050657201541187,1.4154518060319063,1.2980919700721751e-08,12.0,2007.4486083984373,51.84116131789718,873.2799212420778,591.243199619918,0.0
2458721.2271488667,2307487.1300903824,1889.014935784659,2037460.4982024708,3833.4517480903946,2037460.4982024708,3833.4517480903946,17.479899567986962,0.0517790887054985,1.399877706969637,1.4282446345736381e-08,12.0,2284.68017578125,60.88364383362797,873.2799212420778,591.243199619918,0.0
2458724.241694077,2308501.860230725,1791.8885631183853,2038555.4277260187,3790.6032401664843,2038555.4277260187,3790.6032401664843,17.489568585296364,0.0515325845658667,1.424627771564707,1.3963659236496652e-08,12.0,2107.22509765625,58.07258169016176,873.2799212420778,591.243199619918,0.0
2458725.330755036,2312145.721359416,2458.7128412393267,2042487.2820889628,4241.974012719857,2042487.2820889628,4241.974012719857,17.524289694806832,0.0542067683257897,1.4334021955938578,1.4411914000221924e-08,12.0,1958.4232177734373,79.0496429308078,873.2799212420778,591.243199619918,0.0
2458730.263355776,2312976.397473316,2175.5864002042517,2043383.6108422517,4067.149357815616,2043383.6108422517,4067.149357815616,17.532204924092426,0.0531516864902523,1.4625598562317597,8.664179318155451e-09,12.0,2734.20166015625,70.63185857582658,873.2799212420778,591.243199619918,0.0
2458686.28140584,0.0,0.0,0.0,0.0,0.0,0.0,0.0,0.0,0.0,0.0,0.0,0.0,0.0,0.0,0.0,0.0
2458687.359370948,0.0,0.0,0.0,0.0,0.0,0.0,0.0,0.0,0.0,0.0,0.0,0.0,0.0,0.0,0.0,0.0
2458690.319398819,0.0,0.0,0.0,0.0,0.0,0.0,0.0,0.0,0.0,0.0,0.0,0.0,0.0,0.0,0.0,0.0
2458691.239322507,0.0,0.0,0.0,0.0,0.0,0.0,0.0,0.0,0.0,0.0,0.0,0.0,0.0,0.0,0.0,0.0
2458692.2359629823,0.0,0.0,0.0,0.0,0.0,0.0,0.0,0.0,0.0,0.0,0.0,0.0,0.0,0.0,0.0,0.0
2458692.4018155043,0.0,0.0,0.0,0.0,0.0,0.0,0.0,0.0,0.0,0.0,0.0,0.0,0.0,0.0,0.0,0.0
2458693.2325073606,0.0,0.0,0.0,0.0,0.0,0.0,0.0,0.0,0.0,0.0,0.0,0.0,0.0,0.0,0.0,0.0
2458697.22176838,0.0,0.0,0.0,0.0,0.0,0.0,0.0,0.0,0.0,0.0,0.0,0.0,0.0,0.0,0.0,0.0
2458686.2853442347,2294336.7719069826,2228.746273115657,2162604.150373919,4118.81275570705,2162604.150373919,4118.81275570705,18.601289457744844,0.0613040540753959,1.0000699268786484,1.4918192242698822e-08,12.0,1096.634521484375,45.05945302427633,906.1043342781352,596.6095042315828,0.0
2458687.363336373,2282639.084694126,1767.2072641561724,2149528.3254805612,3686.792452928361,2149528.3254805612,3686.792452928361,18.48699453436713,0.0591641976007205,0.9397248666881266,9.354456625911355e-09,12.0,1000.8301391601562,36.412462818861805,906.1043342781352,596.6095042315828,0.0
2458690.3233370697,2291936.72596352,2440.621044939971,2159921.3482163916,4239.835509540192,2159921.3482163916,4239.835509540192,18.577839260947865,0.0619309717439091,0.9757174924618416,1.5137751254186792e-08,12.0,1113.1607666015625,49.12929320917045,906.1043342781352,596.6095042315828,0.0
2458691.243268137,2300321.8904611226,453.5322422442455,2169294.392706088,3404.0225344953205,2169294.392706088,3404.0225344953205,18.65976842492053,0.0578569598641617,0.9971540022031004,1.0841077382415506e-08,12.0,1017.676025390625,2.252577400351905,906.1043342781352,596.6095042315828,0.0
2458692.2399123167,2295924.0198305645,2315.369175587718,2164378.3964734636,4196.014431786994,2164378.3964734636,4196.014431786994,18.61679802593496,0.0617029452332574,0.7486116550745634,1.3712171684170785e-08,12.0,949.9556884765624,34.04451502689363,906.1043342781352,596.6095042315828,0.0
2458692.405769706,2288078.040138887,2259.3102259327366,2155608.059679669,4068.9479904769664,2155608.059679669,4068.9479904769664,18.54013709019907,0.0610484653383036,0.7607079441985987,1.499630229845727e-08,12.0,915.4628295898438,36.18749267766215,906.1043342781352,596.6095042315828,0.0
2458693.2364349067,2312934.8723839596,2512.635664888423,2183393.345773051,4525.826134135967,2183393.345773051,4525.826134135967,18.783006444214685,0.0634610382028836,0.7733818131825585,1.5043076359597017e-08,12.0,968.9801025390624,33.23091659715216,906.1043342781352,596.6095042315828,0.0
2458697.2257099785,2309514.888225673,2237.2538523610665,2179570.4435892194,4300.9493981569685,2179570.4435892194,4300.9493981569685,18.749590708248117,0.0622542074701606,0.9951711280412582,1.5446957079672646e-08,12.0,1124.2481689453125,39.71830744316489,906.1043342781352,596.6095042315828,0.0
2458686.289289057,2212193.0889212308,1506.6709151818084,2038558.7096023827,3540.386151170463,2038558.7096023827,3540.386151170463,17.34496632029658,0.0652110602164873,0.991338013052398,6.7536805972891236e-09,12.0,2025.7799072265625,69.82500201350592,905.1749412814804,596.1462413733275,0.0
2458687.366476315,2207787.09225624,2857.0949939550123,2032924.2202365075,4668.144606976223,2032924.2202365075,4668.144606976223,17.297458936459023,0.0700740230624133,0.1817849443301076,7.369501845622736e-09,12.0,355.5924987792969,23.834509224699342,905.1749412814804,596.1462413733275,0.0
2458690.3272815244,2205223.65669199,1618.2915890440072,2029646.0401730428,3536.6978740880504,2029646.0401730428,3536.6978740880504,17.26981885260211,0.0651942751251019,0.9444128294707193,5.896280792692493e-09,12.0,2113.7470703125,75.39874264488506,905.1749412814804,596.1462413733275,0.0
2458691.2472144035,2224582.00777961,204.04543080548785,2054401.9425573477,3164.062449901427,2054401.9425573477,3164.062449901427,17.478549064063525,0.0638268074944232,1.0002246226349596,4.498207541974647e-09,12.0,1854.8714599609373,0.9898228682884064,905.1749412814804,596.1462413733275,0.0
2458692.243852184,2214701.1190535603,1711.6523695990168,2041766.0359315646,3719.39510508254,2041766.0359315646,3719.39510508254,17.372008998544505,0.0659166476276013,0.7848495826620054,7.1410252717347495e-09,12.0,1838.3062744140625,61.347967131281976,905.1749412814804,596.1462413733275,0.0
2458692.4097199533,2207426.128742238,1607.1099568208951,2032462.6118341973,3554.58928562539,2032462.6118341973,3554.58928562539,17.29356686991542,0.0652641684762021,0.7709107567831133,7.541534413387502e-09,12.0,1712.3580322265625,59.85443845666144,905.1749412814804,596.1462413733275,0.0
2458693.240378745,2217277.118439652,1618.2541279856769,2045060.2828979264,3681.751430248774,2045060.2828979264,3681.751430248774,17.399784551025707,0.0657673550056579,0.8062069088594619,6.121908132848811e-09,12.0,1872.5391845703125,58.400225320940486,905.1749412814804,596.1462413733275,0.0
2458697.229659527,2217620.007839103,1289.0040180973706,2045498.7777089234,3467.094790313926,2045498.7777089234,3467.094790313926,17.403481734558067,0.064932834899479,0.9883959027875746,7.444632645567723e-09,12.0,2105.215087890625,56.90443268973922,905.1749412814804,596.1462413733275,0.0
2458205.652798068,2446622.121749706,3899.381715236883,2202124.7146853427,3966.7574389882184,2202124.7146853427,3966.7574389882184,18.625342769097283,0.0581944734573248,0.8431972581371747,8.416470636577743e-09,12.0,1264.647814941406,30.628652767788655,897.6833732290136,626.989784341818,0.0
2458223.52255063,2443183.7103432575,3293.3606497080473,2198626.8924609795,3350.265198570557,2198626.8924609795,3350.265198570557,18.59665917216921,0.0555267607044857,0.8840392143850541,8.844662429153153e-09,12.0,1050.7621459960938,27.583780822353702,897.6833732290136,626.989784341818,0.0
2458224.5194690176,2515964.3825310054,79843.40568627062,2272665.110285924,81222.98522932056,2272665.110285924,81222.98522932056,19.20380334964364,0.6678086948283154,0.0455600612636345,8.85450131549686e-09,12.0,633.7807739257812,18.738007861787864,897.6833732290136,626.989784341818,4.0
2458229.6193792643,2448566.8738162075,3501.9735729798726,2204103.069278491,3562.4826539748406,2204103.069278491,3562.4826539748406,18.64156609952711,0.0564085517491099,1.0118309124233078,8.860481882800559e-09,12.0,1041.9315307617187,32.69258167811805,897.6833732290136,626.989784341818,0.0
2458230.665573424,2445162.0038691578,2717.7540578103535,2200639.368061845,2764.712950269532,2200639.368061845,2764.712950269532,18.613162309052704,0.0533146617075554,1.0181928354397516,8.858052368913155e-09,12.0,1153.9435424804688,25.781930157924798,897.6833732290136,626.989784341818,0.0
2458231.498728465,2443500.459000327,807.5958339943676,2198949.1140805795,821.5499317943576,2198949.1140805795,821.5499317943576,18.599301523456745,0.0487218124890166,0.9997261402104516,5.365721206223067e-09,12.0,1018.3967956542969,0.0873902400128702,897.6833732290136,626.989784341818,0.0
2458333.3159887022,2440624.1967188288,2945.6157537669437,2196023.154111838,2996.5117695450076,2196023.154111838,2996.5117695450076,18.575307434853155,0.0541499386152155,0.9344003033813012,7.878200713072507e-09,12.0,965.0130310058594,26.51639296640471,897.6833732290136,626.989784341818,0.0
2458334.3507070728,2430398.3823278877,3593.3585039233835,2185620.652313547,3655.446585465595,2185620.652313547,3655.446585465595,18.49000259387315,0.0568057269646072,0.6326790254724366,7.53114893838131e-09,12.0,881.3001892089844,23.41704566659448,897.6833732290136,626.989784341818,4.0
2458353.249066632,2452437.3412933685,11574.751880587779,2208040.4128828393,11774.746993184575,2208040.4128828393,11774.746993184575,18.673853954560947,0.1079441043222866,0.949652496516213,5.579324050441419e-09,12.0,11607.22802734375,101.57638893408476,897.6833732290136,626.989784341818,0.0
2458354.3507838915,2434678.955439135,7983.424544529832,2189975.1875891862,8121.366671252144,2189975.1875891862,8121.366671252144,18.525711594114917,0.0822418556044412,0.945085163432456,8.835461461503483e-09,12.0,17368.628125,79.92048727208129,897.6833732290136,626.989784341818,0.0
2458359.3440173524,2442949.887720019,4871.343762964479,2198389.02971815,4955.513596963748,2198389.02971815,4955.513596963748,18.594708598754693,0.0630857350797011,0.9010830883404292,8.750546219502233e-09,12.0,1910.7761596679688,42.91659792255496,897.6833732290136,626.989784341818,0.0
2458366.2266469877,2448066.8094943883,4681.836253966288,2203594.3645623582,4762.731669991754,2203594.3645623582,4762.731669991754,18.637394509292665,0.0620795628250811,0.7529535017285146,8.493129908933217e-09,12.0,1123.9332885742188,32.61757278412933,897.6833732290136,626.989784341818,0.0
2458392.2378212907,2440140.7652224563,2902.41520774578,2195531.3696125224,2952.564780044543,2195531.3696125224,2952.564780044543,18.57127459743345,0.0539873163049602,0.8742939144398854,8.621721770579459e-09,12.0,1172.746411132813,24.43577548028491,897.6833732290136,626.989784341818,0.0
2457959.26848149,2389194.0244465373,4354.981303387537,2062280.555760144,5274.2446192473035,2062280.555760144,5274.2446192473035,17.38553863900902,0.0722715145012695,0.2768350619584946,6.5257281641060245e-09,12.0,403.0347290039063,18.503635934973385,900.2362110052164,623.9247719810983,0.0
2457917.584255421,2417293.611545128,5019.932457884269,2092526.0823360556,6043.36891027187,2092526.0823360556,6043.36891027187,17.61854654115124,0.0757620108876179,0.7836899887435747,4.9937421636864754e-09,12.0,9831.4169921875,52.48835806130755,900.2362110052164,623.9247719810983,0.0
2457959.2140675774,2398030.025301941,3927.101217513588,2071791.3538284295,4914.973799857865,2071791.3538284295,4914.973799857865,17.45880868441648,0.0707526322147548,0.2777875411789654,6.906965819989751e-09,12.0,584.2210083007812,14.986055292761488,900.2362110052164,623.9247719810983,0.0
2457917.6440747976,2417070.661767297,7267.257438647522,2092286.1060898982,8276.577631242859,2092286.1060898982,8276.577631242859,17.616697792988752,0.087394811106146,0.7665600642628231,4.262539534021046e-09,12.0,9688.8203125,75.06348301164725,900.2362110052164,623.9247719810983,0.0
2457959.426954712,2403300.154115023,3756.457633954667,2077463.9575046075,4786.704451532196,2077463.9575046075,4786.704451532196,17.502509741462163,0.0702288749950195,0.2829420080358973,7.587756937454407e-09,12.0,381.9117126464844,13.669519997692088,900.2362110052164,623.9247719810983,0.0
2457918.431209703,2410425.6484948765,5733.3689328424625,2085133.619299857,6710.456909394091,2085133.619299857,6710.456909394091,17.561595894271115,0.0790240425625178,0.6557746293552957,5.336835119558671e-09,12.0,3687.8232421875,53.07829439292175,900.2362110052164,623.9247719810983,0.0
2457961.216593971,2407270.0241351104,3549.549628963447,2081737.0028263824,4623.049736540056,2081737.0028263824,4623.049736540056,17.535428769130164,0.0695752293187263,0.3125529229036702,6.8463934071949404e-09,12.0,585.4190063476562,13.822353154897169,900.2362110052164,623.9247719810983,0.0
2457918.4950431297,2408536.8650097162,2898.2922746348127,2083100.5911668784,4071.3397957754864,2083100.5911668784,4071.3397957754864,17.545933689843206,0.0674983640266812,0.6532625170152241,8.164044028396649e-09,12.0,1734.038330078125,25.851995125027404,900.2362110052164,623.9247719810983,0.0
2457961.241870827,2396979.618338284,3010.178992394063,2070660.7282564833,4090.653942112395,2070660.7282564833,4090.653942112395,17.45009848087725,0.0675673577941958,0.3163520625889413,8.26371544758044e-09,12.0,490.7559814453125,12.618161813924736,900.2362110052164,623.9247719810983,0.0
2457918.644912304,2415338.0037788874,4822.058420203529,2090421.126613455,5844.357501369246,2090421.126613455,5844.357501369246,17.602330215216423,0.0748295749184265,0.6546189150209407,8.076323272994111e-09,12.0,4242.8173828125,42.4382513497965,900.2362110052164,623.9247719810983,0.0
2457961.2695889114,2402802.5056938357,4332.556977437938,2076928.3041337726,5318.396168584436,2076928.3041337726,5318.396168584436,17.498383132262596,0.0724635603716188,0.3217805153762739,4.578172655931162e-09,12.0,468.71630859375,19.41976932139311,900.2362110052164,623.9247719810983,0.0
2457919.271156578,2401875.2512653503,3158.23581733089,2075930.236142204,4247.959060092464,2075930.236142204,4247.959060092464,17.49069413639318,0.0681411200449806,0.6457798919048748,6.034189946657574e-09,12.0,1534.2459716796875,29.758484188428984,900.2362110052164,623.9247719810983,0.0
2457961.4813785376,2407284.813889037,3452.3255423031455,2081752.9220601388,4537.034934745628,2081752.9220601388,4537.034934745628,17.535551408994007,0.0692383617406539,0.3150231253354694,5.3616262986184465e-09,12.0,507.3126220703125,13.538805406756955,900.2362110052164,623.9247719810983,0.0
2457919.358336585,2411072.203957847,3074.758876067037,2085829.5516055338,4234.957312264608,2085829.5516055338,4234.957312264608,17.566957273124007,0.0680933031319739,0.7306034091373494,6.430355398788249e-09,12.0,2210.1640625,30.568352131103783,900.2362110052164,623.9247719810983,0.0
2457961.5290685077,2412160.4801024534,3614.261843453729,2087000.9383927542,4709.089099391053,2087000.9383927542,4709.089099391053,17.575981496167447,0.0699169789226072,0.3079700589281084,3.604056719730667e-09,12.0,526.9205932617188,13.166701279663016,900.2362110052164,623.9247719810983,0.0
2457919.39672299,2416653.265909247,3215.588703629914,2091836.8340962206,4389.7978209896555,2091836.8340962206,4389.7978209896555,17.613236655538383,0.0686729831578061,0.7256624806130183,5.6999509274265974e-09,12.0,2455.56005859375,30.23983603956806,900.2362110052164,623.9247719810983,0.0
2457966.397733604,2400752.1543640816,9761.537197050711,2074721.3693693387,10808.688380753829,2074721.3693693387,10808.688380753829,17.481381172044298,0.1024984490135766,0.2226688779159363,7.343883894558388e-09,12.0,2390.638427734375,32.4347138850121,900.2362110052164,623.9247719810983,4.0
2457919.428972504,2411596.628337515,2816.380499995235,2086394.0257900346,4024.9311709833346,2086394.0257900346,4024.9311709833346,17.571305914408654,0.0673330553337593,0.7371567570318898,5.415379909647959e-09,12.0,2435.881103515625,27.892615357479297,900.2362110052164,623.9247719810983,0.0
2457966.435136967,2375211.354559396,14051.580132758829,2047230.0423063375,15294.96464023397,2047230.0423063375,15294.96464023397,17.269591291977946,0.132121966095366,0.0868302310179354,6.895150092760495e-09,12.0,1866.2684326171875,21.48642238080799,900.2362110052164,623.9247719810983,4.0
2457919.4377928763,2411824.915116058,3193.288371455689,2086639.7466187144,4340.145287209491,2086639.7466187144,4340.145287209491,17.573198918144584,0.0684852835583728,0.7317043948740237,5.553307758427685e-09,12.0,2444.318603515625,31.748976781935944,900.2362110052164,623.9247719810983,0.0
2458205.6569166663,2401461.1311979378,2796.3149336674514,2075484.4901082616,3940.3889779583305,2075484.4901082616,3940.3889779583305,17.487260162512904,0.067035356996883,0.9432661055043348,6.262206997713713e-09,12.0,2562.617919921875,39.39119590456037,900.2362110052164,623.9247719810983,0.0
2457919.462436926,2408354.790988364,2821.99400106948,2082904.612320915,4007.5319448808605,2082904.612320915,4007.5319448808605,17.544423892364645,0.0672713458273402,0.7348408825269579,3.625018879192886e-09,12.0,1228.414306640625,28.77376954203974,900.2362110052164,623.9247719810983,0.0
2458212.4631295414,0.0,0.0,0.0,0.0,0.0,0.0,0.0,0.0,0.0,0.0,12.0,0.0,0.0,0.0,0.0,5.0
2457919.519795672,2402180.271529907,2604.3693953313577,2076258.5505222473,3789.8983486905013,2076258.5505222473,3789.8983486905013,17.493223430923567,0.0665184009698239,0.6853714574246663,7.0649856145429075e-09,12.0,1382.4505615234375,25.71909786831756,900.2362110052164,623.9247719810983,0.0
2458222.4477322963,2393273.1526414286,3492.767299012133,2066671.203202479,4492.3576445636445,2066671.203202479,4492.3576445636445,17.419363659281597,0.0690649342775372,0.292708042406672,8.351271300227078e-09,12.0,456.5201416015625,14.469317091342411,900.2362110052164,623.9247719810983,0.0
2457920.299691576,2397703.793321011,2060.9313448200246,2071440.207812849,3345.673859416435,2071440.207812849,3345.673859416435,17.45610349770959,0.0650888412156108,0.7477593322118551,7.479272093264471e-09,12.0,1241.673828125,22.565978474169675,900.2362110052164,623.9247719810983,0.0
2458222.496318109,2401187.1847864357,3752.909975208572,2075189.622662687,4771.869385459462,2075189.622662687,4771.869385459462,17.484988539146347,0.0701688834100852,0.2939619510612732,5.5041693522567425e-09,12.0,448.95159912109375,14.803161604837484,900.2362110052164,623.9247719810983,0.0
2457920.352419193,2404378.752039612,1999.5525788303062,2078624.9269550988,3354.5861241653674,2078624.9269550988,3354.5861241653674,17.511453710595298,0.0651162209296882,0.7800986574857068,5.328881632654497e-09,12.0,1074.0216064453125,21.606305145104507,900.2362110052164,623.9247719810983,0.0
2458222.5241020336,2383013.4682157296,5492.656878023898,2055627.9961664055,6363.793785143992,2055627.9961664055,6363.793785143992,17.33428811933556,0.0773028147741295,0.255540215687478,5.346029608559641e-09,12.0,475.9520568847656,23.429234722293103,900.2362110052164,623.9247719810983,0.0
2457920.3999710027,2406461.7184965904,2127.6771664385947,2080866.9676338513,3460.766389103875,2080866.9676338513,3460.766389103875,17.528726122558854,0.0654452294841679,0.7833265725465955,5.015354891719482e-09,12.0,1504.0850830078125,22.849857324367143,900.2362110052164,623.9247719810983,0.0
2458223.4651654824,2410600.563575626,5354.366385885555,2085321.8924835436,6338.070486555563,2085321.8924835436,6338.070486555563,17.56304632825348,0.0771778065923076,0.2742603645162786,8.328528059714747e-09,12.0,469.2413024902344,19.05414391760335,900.2362110052164,623.9247719810983,0.0
2457920.4251067364,2404024.9725321177,2540.241834609813,2078244.1296338283,3752.1126626619985,2078244.1296338283,3752.1126626619985,17.508520093792566,0.0663911903721293,0.796628346723412,5.1960669686218974e-09,12.0,1627.87744140625,29.120643870252504,900.2362110052164,623.9247719810983,0.0
2458223.482546678,2395560.218035734,4805.258296903454,2069132.9296656353,5737.1594037409095,2069132.9296656353,5737.1594037409095,17.43832850412859,0.0743351520812121,0.2688768900704891,7.17504275354252e-09,12.0,468.283935546875,18.879797963524027,900.2362110052164,623.9247719810983,0.0
2457920.462059586,2406726.015013946,2221.455932504487,2081151.448231792,3530.3818533417093,2081151.448231792,3530.3818533417093,17.530917726899403,0.0656655467322354,0.783043504848095,4.6634052605797015e-09,12.0,1202.413818359375,23.944986220821573,900.2362110052164,623.9247719810983,0.0
2458223.514034936,2422618.04326727,4357.609285099241,2098257.1359842326,5443.292205310043,2098257.1359842326,5443.292205310043,17.662697889757286,0.0730124218814322,0.2834550505521678,5.017504734024814e-09,12.0,475.8626708984375,13.678791002994862,900.2362110052164,623.9247719810983,0.0
2457920.5041213203,2405782.55172612,2429.228124958766,2080135.933525286,3678.67214990737,2080135.933525286,3678.67214990737,17.523094323634673,0.0661468642165907,0.7775610590798977,4.60347925646375e-09,12.0,1168.1064453125,26.503039553394725,900.2362110052164,623.9247719810983,0.0
2458223.5266707456,2402811.540890004,3223.9750179693942,2076938.0293395142,4310.50214219481,2076938.0293395142,4310.50214219481,17.498458054078956,0.0683738513077438,0.9623733702233216,7.792751548896713e-09,12.0,1620.5308837890625,46.22713006981135,900.2362110052164,623.9247719810983,0.0
2457920.549252917,2403711.0196610787,2617.4437315000505,2077906.200472404,3810.9136123152493,2077906.200472404,3810.9136123152493,17.505916728141827,0.0665896594512005,0.7611305854596241,7.3799233601738965e-09,12.0,1261.0234375,28.51927310566045,900.2362110052164,623.9247719810983,0.0
2458224.523586805,2412073.9414582253,24840.195726625694,2086907.790872304,26868.482309526047,2086907.790872304,26868.482309526047,17.575263898863426,0.2154478526024696,0.0574943500534253,7.819776478109553e-09,12.0,964.7725219726562,18.321169643794757,900.2362110052164,623.9247719810983,4.0
2457920.590933508,2400619.744800098,2470.3782650299822,2074578.8478094223,3673.408460626739,2074578.8478094223,3673.408460626739,17.48028320307348,0.0661293737373868,0.7533511027605873,8.412243689462711e-09,12.0,1486.9873046875,27.16775467980127,900.2362110052164,623.9247719810983,0.0
2458228.420792835,2408099.871272518,5116.897990717734,2082630.224622146,6095.452202183422,2082630.224622146,6095.452202183422,17.54231004250644,0.0760090150662294,0.2950023080732162,8.47269538836598e-09,12.0,468.8644409179688,20.11567626946781,900.2362110052164,623.9247719810983,0.0
2457921.5887723626,2408134.0144758215,3767.650269321137,2082666.9753103086,4823.698565610849,2082666.9753103086,4823.698565610849,17.542593165391718,0.070379057865505,0.4966610686987105,6.0938064109752145e-09,12.0,1743.2222900390625,25.73866714076034,900.2362110052164,623.9247719810983,4.0
2458228.431468679,2384878.386097251,3827.425362398982,2057635.33610167,4754.596871643533,2057635.33610167,4754.596871643533,17.34975242497521,0.0700989466015946,0.295330367160219,8.260721951463827e-09,12.0,464.7515563964844,17.766305957040604,900.2362110052164,623.9247719810983,0.0
2457922.295056842,2408181.4329235447,2301.282520399782,2082718.0150610255,3600.0244916626525,2082718.0150610255,3600.0244916626525,17.542986369497818,0.0658896123823463,0.6700250536929385,7.552933097734736e-09,12.0,1169.1519775390625,20.503845290810457,900.2362110052164,623.9247719810983,0.0
2458228.5109975105,2423678.070633449,11033.868105753721,2099398.1166599444,12195.997977872603,2099398.1166599444,12195.997977872603,17.671487867771567,0.1113559296477785,0.3220096249285047,6.8037439782843594e-09,12.0,470.6365661621094,44.8791229965418,900.2362110052164,623.9247719810983,0.0
2457922.338122814,2408152.77159781,2992.0542377426377,2082687.164896353,4146.676659645287,2082687.164896353,4146.676659645287,17.54274870353642,0.0677699962524532,0.6576740227559092,4.980816503596627e-09,12.0,1061.122802734375,27.248182425311256,900.2362110052164,623.9247719810983,0.0
2458228.514517209,2438254.220400309,8686.58721258241,2115087.433502972,9797.04079495755,2115087.433502972,9797.04079495755,17.792356479348328,0.0962751133356481,0.3221569252896478,7.774234097197412e-09,12.0,471.9757080078125,30.771618559709097,900.2362110052164,623.9247719810983,0.0
2457922.5799944964,2408906.357020669,2953.5403564406074,2083498.300940963,4119.51090224865,2083498.300940963,4119.51090224865,17.548997598150056,0.0676716162072563,0.6836340132539039,4.126108948071555e-09,12.0,1293.464599609375,27.646678434206567,900.2362110052164,623.9247719810983,0.0
2458228.594109955,2403919.483986664,10753.772727313875,2078130.585025727,11856.559036150466,2078130.585025727,11856.559036150466,17.50764535977638,0.1091582054172314,0.3144475823978899,3.067586191715496e-09,12.0,499.0376892089844,50.03532852301966,900.2362110052164,623.9247719810983,0.0
2457922.5840071426,2402126.338805944,2550.5838513986014,2076200.499006038,3746.9015971722615,2076200.499006038,3746.9015971722615,17.492776209018732,0.0663736750097282,0.6875430342055804,4.024987409371408e-09,12.0,1325.560302734375,25.15385572829321,900.2362110052164,623.9247719810983,0.0
2458228.5978614404,2407067.2951539233,13200.637488996885,2081518.7916204073,14444.837181677412,2081518.7916204073,14444.837181677412,17.533747696221717,0.1263161873240688,0.3082291597032375,5.565859207308521e-09,12.0,499.8584289550781,59.02211917311572,900.2362110052164,623.9247719810983,0.0
2457922.6291374764,2408511.650198459,3041.1767899886745,2083073.4507238073,4190.187916806523,2083073.4507238073,4190.187916806523,17.545724603131248,0.0679286584210561,0.7001828884831325,5.356583091938833e-09,12.0,1479.9947509765625,29.53140010400444,900.2362110052164,623.9247719810983,0.0
2458228.6658681585,2413296.5256579746,6107.325103281522,2088223.7426966175,7093.507608946307,2088223.7426966175,7093.507608946307,17.58540183358027,0.0809853621317157,0.2770054331840476,3.5394764042662233e-09,12.0,541.2901611328125,21.83955630454304,900.2362110052164,623.9247719810983,0.0
2457923.542367532,2395414.460890223,2428.6059036953243,2068976.041181732,3604.0264610385834,2068976.041181732,3604.0264610385834,17.43711985410186,0.0659022877599183,0.7092748139207934,7.3978411136642306e-09,12.0,1109.218994140625,26.14518192288496,900.2362110052164,623.9247719810983,0.0
2458229.431540894,2398456.787303819,4437.125120390385,2072250.7072496773,5396.42098296372,2072250.7072496773,5396.42098296372,17.46234748797336,0.0728050254699091,0.3166436650713129,5.0353356683896e-09,12.0,498.69915771484375,20.38256476779632,900.2362110052164,623.9247719810983,0.0
2457923.5875254883,2398354.7858807207,2504.727700010162,2072140.9160722375,3684.366057263279,2072140.9160722375,3684.366057263279,17.461501669935963,0.0661654905792,0.7136127885979909,7.124278917690265e-09,12.0,1376.79345703125,26.53431358645629,900.2362110052164,623.9247719810983,0.0
2458229.4762179004,2414046.3434390477,4418.078465346377,2089030.8233681247,5455.269064586921,2089030.8233681247,5455.269064586921,17.59161948608684,0.0730652163120036,0.3276058877024915,5.684828453099893e-09,12.0,479.2204284667969,18.20508179208076,900.2362110052164,623.9247719810983,0.0
2457923.6298041493,2390222.620544442,3245.771713348629,2063387.7047906935,4254.497831304156,2063387.7047906935,4254.497831304156,17.39406798209451,0.0681650820652381,0.6850733190045781,8.453852050043641e-09,12.0,1667.4132080078125,36.12736044064237,900.2362110052164,623.9247719810983,0.0
2458229.56988865,2404839.5314814327,3778.027064041856,2079120.8956967134,4814.804635371133,2079120.8956967134,4814.804635371133,17.51527459418023,0.0703428232057357,0.3304609757424411,4.725111808285575e-09,12.0,474.8957214355469,16.620085164734846,900.2362110052164,623.9247719810983,0.0
2457925.2546801404,0.0,0.0,0.0,0.0,0.0,0.0,0.0,0.0,0.0,0.0,12.0,0.0,0.0,0.0,0.0,5.0
2458229.6235028137,2403798.092273308,2440.2493502953917,2077999.9227394974,3672.7866848994213,2077999.9227394974,3672.7866848994213,17.506638753224916,0.0661274008928345,1.0489887488490626,7.747230082978526e-09,12.0,1581.962158203125,37.48967461898907,900.2362110052164,623.9247719810983,0.0
2457925.6093956367,2414314.553168103,2614.2957558108133,2089319.516026119,3883.106565774047,2089319.516026119,3883.106565774047,17.5938435396319,0.0668370153795678,0.6669206196350207,8.472484188945972e-09,12.0,1184.279052734375,22.376984096328904,900.2362110052164,623.9247719810983,0.0
2458229.6707326304,2398229.532450007,5003.856461795289,2072006.0971528671,5942.102235493989,2072006.0971528671,5942.102235493989,17.460463041182297,0.0752846669437493,0.3255403172150895,6.699967890932543e-09,12.0,596.2879638671875,24.175271238036363,900.2362110052164,623.9247719810983,0.0
2457925.6307538515,2403688.682446842,3021.347412295506,2077882.1573857777,4142.5304812761,2077882.1573857777,4142.5304812761,17.5057315030917,0.0677548334245654,0.6352360831460997,8.180954942978868e-09,12.0,1329.6689453125,27.436996482105474,900.2362110052164,623.9247719810983,0.0
2458230.5014395816,2389975.9841953074,43462.27290691912,2063122.2330516896,46844.2814394185,2063122.2330516896,46844.2814394185,17.392022819718914,0.3657984914857321,0.0220468304869912,5.348525132966764e-09,12.0,258.1329345703125,13.817445882693994,900.2362110052164,623.9247719810983,4.0
2457958.2119472134,2369030.338291167,4926.385915199038,2040576.9875425461,5746.231439332763,2040576.9875425461,5746.231439332763,17.2183369575739,0.0743763493340601,0.2273772056075236,8.370914744801417e-09,12.0,668.8353271484375,20.46934820967179,900.2362110052164,623.9247719810983,0.0
2458230.669704239,2411504.726654758,2484.071723119049,2086295.1056607682,3762.2257918520027,2086295.1056607682,3762.2257918520027,17.570543845619998,0.0664253454944857,1.0916915084339232,7.642848755615615e-09,12.0,1988.5623779296875,37.26198175922767,900.2362110052164,623.9247719810983,0.0
2457958.4085291508,2402803.079947372,3931.349567237838,2076928.922242517,4944.095564373169,2076928.922242517,4944.095564373169,17.498387894098098,0.0708730547811717,0.2634007444149865,8.255222296187582e-09,12.0,333.9482116699219,13.193079878308746,900.2362110052164,623.9247719810983,0.0
2458230.6736022187,2396247.8272039085,4582.027452001183,2069873.0509100088,5524.689700611429,2069873.0509100088,5524.689700611429,17.444030309255034,0.0733737322342176,0.3474759070209245,8.46858915770094e-09,12.0,833.6362915039062,23.983549803379315,900.2362110052164,623.9247719810983,0.0
2457958.4397347565,2403851.8139168597,3810.351565601592,2078057.7470552793,4838.817687103384,2078057.7470552793,4838.817687103384,17.507084224804967,0.0704405248816237,0.258300485212179,8.301547901225406e-09,12.0,320.2711181640625,12.115007722981892,900.2362110052164,623.9247719810983,0.0
2457961.370226658,2411784.177688553,3839.828050618161,2086595.898111546,4909.466764616854,2086595.898111546,4909.466764616854,17.57286111451463,0.0707302618283866,0.3242597460508655,5.371115440370082e-09,12.0,498.9945373535156,15.439529273264991,900.2362110052164,623.9247719810983,0.0
2458231.413109076,2403131.3898532647,3446.6640098004746,2077282.3048722674,4507.5836299259845,2077282.3048722674,4507.5836299259845,17.50111031141178,0.0691240004237729,0.3371933198668818,5.367977845238216e-09,12.0,535.843994140625,15.512925722979071,900.2362110052164,623.9247719810983,0.0
2457961.4084371226,2406583.2579266983,3417.6938568602736,2080997.7889178263,4502.375808244729,2080997.7889178263,4502.375808244729,17.529733954009817,0.0691039372688384,0.3212487653896039,4.903445776318277e-09,12.0,535.837158203125,13.82127968034965,900.2362110052164,623.9247719810983,0.0
2458231.431592024,2407567.176798571,3691.2463898982296,2082056.8487639145,4751.553654124852,2082056.8487639145,4751.553654124852,17.53789282379708,0.0700871646108121,0.3434493940035654,5.016143191097281e-09,12.0,505.68603515625,16.51524411434795,900.2362110052164,623.9247719810983,0.0
2457961.46051857,2409145.590548375,4144.5585557372115,2083755.8045119124,5174.73156845451,2083755.8045119124,5174.73156845451,17.550981374716503,0.0718437187731415,0.3175572204452372,4.954228721659469e-09,12.0,518.04833984375,17.006117577766144,900.2362110052164,623.9247719810983,0.0
2458231.476347072,2403337.546642084,4421.547560807105,2077504.2056643758,5405.1922419519415,2077504.2056643758,5405.1922419519415,17.502819808448393,0.0728437370241638,0.348623361031712,5.368320625069881e-09,12.0,492.7276916503906,21.72947576656135,900.2362110052164,623.9247719810983,0.0
2458231.5028491886,2402766.671924434,532.5175540442555,2076889.733772543,2620.002014133657,2076889.733772543,2620.002014133657,17.49808599083469,0.0630843917266195,1.0000024406092338,4.8604417999457506e-09,12.0,1530.4954833984375,0.0380758784015769,900.2362110052164,623.9247719810983,0.0
2458231.6430103765,2406907.7287266287,4322.132136251393,2081347.0392526418,5329.071655624158,2081347.0392526418,5329.071655624158,17.5324245366199,0.0725101882879279,0.3023959015846262,5.035030318369723e-09,12.0,549.891357421875,17.212114949482032,900.2362110052164,623.9247719810983,0.0
2458235.5618341174,2410218.2980421414,5029.874990752073,2084910.4336848268,6020.496429715689,2084910.4336848268,6020.496429715689,17.559876499113084,0.0756536769972136,0.3585321584192769,4.712722529302387e-09,12.0,688.2970581054688,24.38203682367637,900.2362110052164,623.9247719810983,0.0
2458238.397251213,2375457.4649418197,6637.997346231503,2047494.9479110392,7499.412097023022,2047494.9479110392,7499.412097023022,17.27163209292292,0.0831268435366539,0.3520169204210627,7.92117078015484e-09,12.0,2892.63916015625,43.25204847621087,900.2362110052164,623.9247719810983,0.0
2458238.442685879,2384367.3388789403,6566.76101761109,2057085.260679966,7454.512840582304,2057085.260679966,7454.512840582304,17.34551471002885,0.08288691871974,0.3865197883545839,6.958381219838445e-09,12.0,4783.5673828125,43.76219236485746,900.2362110052164,623.9247719810983,0.0
2458238.4738128376,2363602.171555016,5651.4949537133225,2034734.276733285,6455.150391278487,2034734.276733285,6455.150391278487,17.173325415616688,0.0777508682739052,0.3597132620110667,7.134123996670624e-09,12.0,4270.326171875,41.05586160783715,900.2362110052164,623.9247719810983,0.0
2458239.6433763485,2403020.7422198164,14607.95604898023,2077163.2071813925,15930.453270070142,2077163.2071813925,15930.453270070142,17.500192797113208,0.13650635253785,0.3901610431792305,5.354253932595209e-09,12.0,6667.0380859375,85.96180025175393,900.2362110052164,623.9247719810983,0.0
2458240.45630565,-1176565338.3168216,-1176565338.3168216,-1176565338.3168216,-1176565338.3168216,-1176565338.3168216,-1176565338.3168216,0.0,0.0,0.0904104619942679,-9999.99,12.0,-9999.99,-9999.99,-9999.99,-9999.99,7.0
2458240.487733107,2583807.945871246,40504.157550447235,2271756.9623650117,43827.710686302504,2271756.9623650117,43827.710686302504,18.999319702757003,0.3428947120278493,0.3752632420207014,8.300005196828005e-09,12.0,5980.80712890625,55.04518721942165,900.2362110052164,623.9247719810983,0.0
2458240.532678747,2532030.307391631,24346.582822418535,2216025.1135240165,26498.360033131397,2216025.1135240165,26498.360033131397,18.56996823657058,0.2127118251488264,0.3863505666841104,8.470477428545878e-09,12.0,5445.55419921875,50.95592233512429,900.2362110052164,623.9247719810983,0.0
2458240.588373357,-1176565338.3168216,-1176565338.3168216,-1176565338.3168216,-1176565338.3168216,-1176565338.3168216,-1176565338.3168216,0.0,0.0,0.0630604161712085,-9999.99,12.0,-9999.99,-9999.99,-9999.99,-9999.99,7.0
2458240.5992099824,2449879.642464302,62723.60459073039,2127600.6782975984,67582.52196225415,2127600.6782975984,67582.52196225415,17.888757013532135,0.5240671747295842,0.1278103774468268,5.381310666653004e-09,12.0,15470.3544921875,83.80031355596053,900.2362110052164,623.9247719810983,6.0
2458240.6437897063,2594070.9913135143,132968.47429098797,2282803.7870953847,143197.01324506738,2282803.7870953847,143197.01324506738,19.08442311298517,1.1047911969574096,0.0936058379158975,6.9935250391537965e-09,12.0,5061.42822265625,41.32368954539077,900.2362110052164,623.9247719810983,4.0
2458333.3201195425,2396615.929848264,1911.9814316200284,2070269.2652128579,3232.984559277864,2070269.2652128579,3232.984559277864,17.447082696631192,0.0647499455586526,1.002550758557168,8.148904933294294e-09,12.0,1407.79150390625,29.09378750417346,900.2362110052164,623.9247719810983,0.0
2458334.354839549,2396742.592785249,2893.6358944632098,2070405.6012811891,3990.509844964229,2070405.6012811891,3990.509844964229,17.448133013318127,0.0672109851239509,0.6224016913907109,6.125524663348742e-09,12.0,1138.931640625,27.20971830817593,900.2362110052164,623.9247719810983,4.0
2458353.2531780265,2407281.375549038,4615.195086427425,2081749.2211372938,5608.350842088558,2081749.2211372938,5608.350842088558,17.535522897529145,0.0737496993950529,1.0235781218324536,3.019398456138684e-09,12.0,10768.634765625,68.51661300440514,900.2362110052164,623.9247719810983,0.0
2458354.3549021315,2402290.7460748814,5815.672540162601,2076377.461906045,6759.886834509313,2076377.461906045,6759.886834509313,17.49413950993479,0.0792735062324451,1.0028428645751404,7.732392007732863e-09,12.0,17428.79296875,88.45375515069676,900.2362110052164,623.9247719810983,0.0
2458359.3481482724,2399525.8422636795,2015.0157831894558,2073401.4049480485,3327.2705312451726,2073401.4049480485,3327.2705312451726,17.471212324762526,0.0650328710439046,0.9730488437927434,7.61811707981409e-09,12.0,1946.4766845703125,29.17064575289725,900.2362110052164,623.9247719810983,0.0
2458366.230769004,2400601.4368277993,3158.8872756763867,2074559.141674212,4240.679553660333,2074559.141674212,4240.679553660333,17.480131389375902,0.0681141749283664,0.831318960992494,6.620707270111221e-09,12.0,1655.822509765625,39.542619977486986,900.2362110052164,623.9247719810983,0.0
2458392.241941164,2407642.6219098135,2647.778663948214,2082138.0555485256,3862.367274242924,2082138.0555485256,3862.367274242924,17.538518431107118,0.0667654734013206,0.962246335904974,5.593733260492799e-09,12.0,1614.112548828125,36.034780764685685,900.2362110052164,623.9247719810983,0.0
2458205.6486717854,0.0,0.0,0.0,0.0,0.0,0.0,0.0,0.0,0.0,0.0,0.0,0.0,0.0,0.0,0.0,0.0
2458223.518424098,0.0,0.0,0.0,0.0,0.0,0.0,0.0,0.0,0.0,0.0,0.0,0.0,0.0,0.0,0.0,0.0
2458224.515344911,0.0,0.0,0.0,0.0,0.0,0.0,0.0,0.0,0.0,0.0,0.0,0.0,0.0,0.0,0.0,0.0
2458229.6152542923,0.0,0.0,0.0,0.0,0.0,0.0,0.0,0.0,0.0,0.0,0.0,0.0,0.0,0.0,0.0,0.0
2458230.66145374,0.0,0.0,0.0,0.0,0.0,0.0,0.0,0.0,0.0,0.0,0.0,0.0,0.0,0.0,0.0,0.0
2458231.494605545,0.0,0.0,0.0,0.0,0.0,0.0,0.0,0.0,0.0,0.0,0.0,0.0,0.0,0.0,0.0,0.0
2458333.3118772204,0.0,0.0,0.0,0.0,0.0,0.0,0.0,0.0,0.0,0.0,0.0,0.0,0.0,0.0,0.0,0.0
2458334.346566356,0.0,0.0,0.0,0.0,0.0,0.0,0.0,0.0,0.0,0.0,0.0,0.0,0.0,0.0,0.0,0.0
2458366.222491097,0.0,0.0,0.0,0.0,0.0,0.0,0.0,0.0,0.0,0.0,0.0,0.0,0.0,0.0,0.0,0.0
2458392.2336996747,0.0,0.0,0.0,0.0,0.0,0.0,0.0,0.0,0.0,0.0,0.0,0.0,0.0,0.0,0.0,0.0
