2458645.7875540005,17.91973405300186,0.002891109314860568,15.072813555127132,0.01741993471311693,15.072813555127132.1,0.01741993471311693.1,15.072813555127132.2,0.01741993471311693.2,1.2435324698725057,8.99824257314717e-09,12.0,2323.709619140625,54.892374334223085,861.9218674781857,687.3489488047708,0.0
2458552.875748662,1011484.6387053332,134.77510529841746,850696.5762675122,983.2458690667673,850696.5762675122,983.2458690667673,15.064467679456872,0.0174117023962936,2.0758976613971143,6.174706116692667e-09,12.0,2183.508935546875,76.95993263199286,861.9218674781857,687.3489488047708,0.0
2458645.69297738,1012119.1971004863,117.01782008044314,851361.1880398592,974.70976627775,851361.1880398592,974.70976627775,15.076236884650845,0.0172605417496411,2.186095644864416,9.726098026394113e-09,12.0,2302.436865234375,69.29360533235929,861.9218674781857,687.3489488047708,0.0
2458555.8661880703,1012251.9462911487,151.4110462488437,851500.2243768732,978.645513255876,851500.2243768732,978.645513255876,15.078698994483728,0.017330237496398,2.1515310363579667,1.0373966085446045e-08,12.0,2185.1926757812503,88.51765388635856,861.9218674781857,687.3489488047708,0.0
2458647.624302169,1011762.2704997926,144.0696856273256,850987.3570063454,982.0483200449236,850987.3570063454,982.0483200449236,15.069616938504309,0.0173904957298541,2.1146164000676584,8.312857936936295e-09,12.0,4464.60380859375,83.47852838294553,861.9218674781857,687.3489488047708,0.0
2458559.8573736465,1012265.7896464975,141.4566989709435,851514.7233686192,976.8803809049444,851514.7233686192,976.8803809049444,15.078955748300116,0.0172989798423855,2.17807878516749,1.0215732607873167e-08,12.0,2181.250634765625,83.80866044208354,861.9218674781857,687.3489488047708,0.0
2458653.789671092,1012213.3462564193,197.1470065727668,851459.7962024293,987.898111700698,851459.7962024293,987.898111700698,15.077983076559237,0.0174940861283445,2.1667649154229114,6.603412138476325e-09,12.0,12908.15078125,116.49245880980476,861.9218674781857,687.3489488047708,0.0
2458562.845562868,1011376.8596378568,551.3830905668061,850583.6926659326,1132.4220889588137,850583.6926659326,1132.4220889588137,15.062468692491397,0.0200533732408705,1.645593000035824,1.0300341565561213e-08,12.0,4367.56630859375,252.1913191080072,861.9218674781857,687.3489488047708,2.0
2458654.6107783155,1011923.3603082736,192.18856195517947,851156.0762037265,989.5324448602241,851156.0762037265,989.5324448602241,15.072604684037506,0.0175230275391201,1.7816012227066058,9.973444080863036e-09,12.0,16786.986328125,93.80044777966124,861.9218674781857,687.3489488047708,0.0
2458573.816595727,1009840.4423999686,478.05922919507776,848974.509033131,1108.7303024201337,848974.509033131,1108.7303024201337,15.033972639371006,0.0196338298190003,1.591559660224947,7.916103690207385e-09,12.0,2664.694189453125,217.77927456054135,861.9218674781857,687.3489488047708,2.0
2458655.764973865,1011477.1688352065,200.37760374898747,850688.7526161944,995.5057607010998,850688.7526161944,995.5057607010998,15.064329135179518,0.0176288053521905,1.384326019312102,8.628704170860147e-09,12.0,9224.1150390625,76.31710170427829,861.9218674781857,687.3489488047708,0.0
2458575.883880605,1011403.9463045491,127.62202579244999,850612.0621866815,982.9713315884775,850612.0621866815,982.9713315884775,15.062971071060112,0.0174068407792566,2.114130650129655,7.317106857727622e-09,12.0,2121.945703125,74.35035664571699,861.9218674781857,687.3489488047708,0.0
2458661.6532382253,1012299.5031858718,524.1231775051538,851550.0336179624,1110.4365917574771,851550.0336179624,1110.4365917574771,15.079581036005305,0.0196640454579147,0.2286797808522429,9.139842558264063e-09,12.0,1769.938134765625,31.34119018748115,861.9218674781857,687.3489488047708,4.0
2458582.797436348,1012374.2185393692,150.63078777152347,851628.2875720331,977.3694770229868,851628.2875720331,977.3694770229868,15.080966787629054,0.017307640947729,2.112160467711204,1.0283077520141856e-08,12.0,2168.9587890625,86.42891396938754,861.9218674781857,687.3489488047708,0.0
2458661.66505442,1012521.4775227589,318.3382541737399,851782.5209013721,1019.2371603747209,851782.5209013721,1019.2371603747209,15.083698011745549,0.0180490502589469,0.4378799249904521,8.745049045458153e-09,12.0,1843.1086669921876,36.69916385841573,861.9218674781857,687.3489488047708,4.0
2458583.794176527,1011759.1100040583,137.22108200144453,850984.0468260882,981.0018086946382,850984.0468260882,981.0018086946382,15.069558320537704,0.0173719636975733,2.186685696855847,8.135664794613166e-09,12.0,2248.598974609375,82.15982021747874,861.9218674781857,687.3489488047708,0.0
2458661.676869136,1012110.8366987429,306.12552871624433,851352.4316803771,1018.818882469278,851352.4316803771,1018.818882469278,15.076081823612538,0.0180416432302091,0.4191946637937396,9.494141045298994e-09,12.0,1803.63828125,33.818232637202534,861.9218674781857,687.3489488047708,4.0
2458585.7888663937,1011946.8108475929,117.11832246251215,851180.6373861466,976.3548079869718,851180.6373861466,976.3548079869718,15.07303962306166,0.0172896727916028,2.1891836938806537,1.031443157265315e-08,12.0,2301.518701171875,69.68026502542948,861.9218674781857,687.3489488047708,0.0
2457821.901764388,1012539.3815193012,159.9422803973038,851801.2728507039,977.4536081649044,851801.2728507039,977.4536081649044,15.084030078598191,0.0173091307748937,1.2835220731074377,9.156696431449456e-09,12.0,2273.4529296875,54.95180646026514,861.9218674781857,687.3489488047708,0.0
2458587.783633289,1012062.8078908628,139.7740702106251,851302.1281758096,978.5238027355024,851302.1281758096,978.5238027355024,15.07519102947999,0.0173280821989023,2.207625236133581,9.48504442353135e-09,12.0,2258.49951171875,84.213040330766,861.9218674781857,687.3489488047708,0.0
2457844.73369158,1012185.3139871745,141.2367151589001,851430.4362943614,977.6011144841248,851430.4362943614,977.6011144841248,15.077463159824529,0.0173117428744841,1.1824918157578832,8.471617015103395e-09,12.0,1727.2864501953125,44.697628583143526,861.9218674781857,687.3489488047708,0.0
2458589.820394095,1011922.7642387017,163.27068302683628,851155.4519036505,983.8239996745752,851155.4519036505,983.8239996745752,15.072593628687589,0.0174219401592032,2.1815024245892447,1.0159698109985376e-08,12.0,2778.725244140625,97.82035193998676,861.9218674781857,687.3489488047708,0.0
2457844.746693229,1011993.4587412307,172.69372793162444,851229.4945748684,984.9231361192512,851229.4945748684,984.9231361192512,15.073904805267556,0.0174414040972371,1.1660811189481604,6.71062517852069e-09,12.0,1690.380859375,54.50217277923095,861.9218674781857,687.3489488047708,0.0
2458590.7758862977,1012691.2017347589,143.14946777491087,851960.283437033,973.1813897319705,851960.283437033,973.1813897319705,15.086845900249854,0.0172334766600213,2.2159958636567683,8.318094083163783e-09,12.0,3605.717724609375,85.56601712632357,861.9218674781857,687.3489488047708,0.0
2457844.7760724565,1011679.1211673686,147.92585062503974,850900.2696309148,983.4660690855841,850900.2696309148,983.4660690855841,15.06807476120036,0.0174156017843469,1.1673876402401957,6.946957020602835e-09,12.0,1699.2417236328124,46.69371438997327,861.9218674781857,687.3489488047708,0.0
2458601.7428098093,1013202.3495474095,1007.8654784495316,852495.6397671867,1424.6880644856742,852495.6397671867,1424.6880644856742,15.096326199521751,0.0252289334405448,1.329551319493528,1.0163471621347071e-08,12.0,3049.16259765625,361.79876401268535,861.9218674781857,687.3489488047708,2.0
2457845.731198966,1011682.3676908247,125.06982190274381,850903.6699132601,979.949097645528,850903.6699132601,979.949097645528,15.068134974729974,0.017353321878601,1.1785139599870524,7.320223215739556e-09,12.0,1797.339990234375,39.45995881058207,861.9218674781857,687.3489488047708,0.0
2458601.917299757,1012709.9577119449,1191.7758604569215,851979.9277177412,1575.5369851875018,851979.9277177412,1575.5369851875018,15.0871937688555,0.0279002251252536,1.3639420681341738,9.54487955208747e-09,12.0,3301.123046875,443.1713844803066,861.9218674781857,687.3489488047708,2.0
2457846.8609853685,1011765.4242373463,124.93622070751267,850990.6601083463,979.1394409652324,850990.6601083463,979.1394409652324,15.06967543112638,0.0173389841614501,1.2332818457578076,8.03841460383227e-09,12.0,1626.190234375,41.34816925659928,861.9218674781857,687.3489488047708,0.0
2458604.738709719,1012072.6463724058,129.88939496999112,851312.4326185616,976.9356861118825,851312.4326185616,976.9356861118825,15.075373504582304,0.0172999592086198,2.141673770001816,5.5497842084655996e-09,12.0,2165.562255859375,75.57040116953655,861.9218674781857,687.3489488047708,0.0
2457847.7405485627,0.0,0.0,0.0,0.0,0.0,0.0,0.0,0.0,0.0,0.0,12.0,0.0,0.0,0.0,0.0,5.0
2458605.7360795,1012082.078799347,122.00839259130463,851322.311775523,975.7313564823527,851322.311775523,975.7313564823527,15.075548448557509,0.0172786324685275,2.0360859935652,9.70875586054128e-09,12.0,2256.75771484375,67.37218929668818,861.9218674781857,687.3489488047708,0.0
2457848.91727625,1011834.4119496389,128.04206411792816,851062.9151538817,978.9239268845246,851062.9151538817,978.9239268845246,15.070954951731627,0.0173351677538215,1.2502693756890648,1.0362351839980327e-08,12.0,1805.3050537109373,42.944339878824245,861.9218674781857,687.3489488047708,0.0
2458606.733463814,1011760.7866187523,124.32560579110881,850985.8028470816,979.0983071270648,850985.8028470816,979.0983071270648,15.069589416844233,0.0173382557473564,2.162442457325762,9.642654608533304e-09,12.0,2184.23271484375,73.43934105387015,861.9218674781857,687.3489488047708,0.0
2457849.789904132,1012526.1923837904,126.20768899813426,851787.4590633606,972.1450342076041,851787.4590633606,972.1450342076041,15.083785458649354,0.0172151244710778,1.2610113776115044,7.131647512849676e-09,12.0,1692.719897460937,42.09928676387301,861.9218674781857,687.3489488047708,0.0
2458608.8262262885,1012382.3483181341,136.0820426937067,851636.802385981,974.949674586498,851636.802385981,974.949674586498,15.081117571284585,0.0172647901398004,2.2097508725905177,8.19382874350012e-09,12.0,2478.9275390625003,81.60200879630581,861.9218674781857,687.3489488047708,0.0
2457851.834647825,1011916.5448907522,125.80881418504389,851148.9380006033,977.8268840287587,851148.9380006033,977.8268840287587,15.072478277944851,0.0173157408898788,1.2574459564018254,7.523901410151435e-09,12.0,2107.0984375,42.32704347887443,861.9218674781857,687.3489488047708,0.0
2458611.7201801976,1011901.0702717822,129.56361260509863,851132.7304868137,978.5112311791337,851132.7304868137,978.5112311791337,15.07219126895192,0.0173278595768654,1.9420810776920183,6.460715669449928e-09,12.0,2125.17470703125,68.44926397172925,861.9218674781857,687.3489488047708,0.0
2457864.884784566,1012035.2641174633,169.1013100395894,851273.2798992819,983.8465752281003,851273.2798992819,983.8465752281003,15.074680172916697,0.0174223399359343,1.211261554503697,7.735151951261686e-09,12.0,1806.8321533203125,55.391289708768745,861.9218674781857,687.3489488047708,0.0
2458613.7682784777,1012100.5570248778,112.85806679695376,851341.6651499545,974.3477667060494,851341.6651499545,974.3477667060494,15.07589116568103,0.0172541313196476,2.1757842692616367,7.593573183452991e-09,12.0,2312.16005859375,66.51750168761431,861.9218674781857,687.3489488047708,0.0
2457867.794765722,1012564.9440680072,162.82446621812394,851828.0460695769,977.7381983871838,851828.0460695769,977.7381983871838,15.084504189228989,0.0173141704098529,1.2170909349636538,9.835757050200786e-09,12.0,1615.2249755859375,52.9535285916679,861.9218674781857,687.3489488047708,0.0
2458617.8568117856,1011768.3652137403,149.1717226919301,850993.7403725877,982.8257988417114,850993.7403725877,982.8257988417114,15.06972997765026,0.0174042636284591,2.1725777882452486,9.329784429409478e-09,12.0,2686.144384765625,89.03188995596521,861.9218674781857,687.3489488047708,0.0
2457914.6605600743,1009727.1525816943,536.4155231786298,848855.85368559,1138.6269817964742,848855.85368559,1138.6269817964742,15.03187144407072,0.0201632519099696,1.285980227146258,8.879705774976787e-09,12.0,57246.416406250006,196.95314235884183,861.9218674781857,687.3489488047708,2.0
2458618.70156257,1011695.0944298751,143.37286868875998,850916.9994045417,982.5743052651175,850916.9994045417,982.5743052651175,15.068371018574757,0.0173998100818458,2.133379160655141,5.380956624175064e-09,12.0,3844.600830078125,83.89843309838348,861.9218674781857,687.3489488047708,0.0
2457914.676125683,1008640.7573971576,641.091176389157,847718.0056410613,1205.663149713931,847718.0056410613,1205.663149713931,15.01172198588653,0.0213503545892563,1.2837867668443366,5.858074986711e-09,12.0,57740.3640625,239.31265733006265,861.9218674781857,687.3489488047708,2.0
2458618.8897766625,1011454.6848457258,146.05571371498237,850665.2037604672,985.2974287611465,850665.2037604672,985.2974287611465,15.06391212283235,0.0174480322177254,2.0876206416119154,5.5137657859959195e-09,12.0,3543.365673828125,84.0325086895228,861.9218674781857,687.3489488047708,0.0
2457915.53601796,1012158.3120226576,364.45820417013726,851402.1554873756,1039.2439360860337,851402.1554873756,1039.2439360860337,15.076962352233815,0.0184033380678806,1.1642021262021718,9.3042171211588e-09,12.0,20876.31015625,116.13008400361132,861.9218674781857,687.3489488047708,0.0
2458625.7003256227,1011823.0110047363,152.97643675733295,851050.9742478031,982.9498912422895,851050.9742478031,982.9498912422895,15.070743497496704,0.017406461105221,2.2039996947967344,7.384312469531621e-09,12.0,10142.262890625,92.37920583763712,861.9218674781857,687.3489488047708,0.0
2457915.84461488,1012061.1109234557,255.15279492902255,851300.3508381766,1003.755266852894,851300.3508381766,1003.755266852894,15.075159555690073,0.0177748908335033,1.198417527837546,8.939470110625027e-09,12.0,17150.310546875,83.48039514133076,861.9218674781857,687.3489488047708,0.0
2458626.6764046648,1011976.6181131534,162.7097302585048,851211.8563562911,983.2149965230428,851211.8563562911,983.2149965230428,15.073592460794696,0.0174111556932151,2.1713045468002137,6.534875468220846e-09,12.0,7292.56572265625,96.83396457909107,861.9218674781857,687.3489488047708,0.0
2457917.65710363,1010359.1803591207,230.6821172919652,849517.8149873969,1013.2948079179621,849517.8149873969,1013.2948079179621,15.043593713695772,0.0179438207575922,1.2028473423899708,8.735027895641857e-09,12.0,11291.4583984375,77.87835293435737,861.9218674781857,687.3489488047708,0.0
2458627.8000402674,1011919.3950370733,153.77879753417898,851151.9231329593,982.1766196520337,851151.9231329593,982.1766196520337,15.0725311398361,0.0173927677094747,2.0464779950380376,8.203447147064111e-09,12.0,3579.4677734375,86.14239136786242,861.9218674781857,687.3489488047708,0.0
2457917.783162222,1010668.6594429151,219.10469911865832,849841.9513378983,1007.4982933038631,849841.9513378983,1007.4982933038631,15.049333646959978,0.0178411738097924,1.193283768006349,7.404834648183405e-09,12.0,9735.3146484375,72.95044216167723,861.9218674781857,687.3489488047708,0.0
2458629.672143226,1014025.2013722282,2846.5731157468476,853357.4627512465,3128.8536956901926,853357.4627512465,3128.8536956901926,15.11158769798192,0.0554069649360527,0.0283415903929855,1.0008785522181387e-08,12.0,1476.3460693359375,19.235797336912206,861.9218674781857,687.3489488047708,6.0
2457918.644939944,1010408.2736290672,265.6509715142239,849569.2333681135,1022.1788703305218,849569.2333681135,1022.1788703305218,15.044504250491206,0.0181011432093452,0.7679984175595053,9.217018460678515e-09,12.0,6833.6134765625,56.817812977439374,861.9218674781857,687.3489488047708,0.0
2458631.7562794965,1012107.4036689033,187.58522983964303,851348.8360585029,986.8412663787341,851348.8360585029,986.8412663787341,15.07601815093414,0.0174753710980516,1.446934774763773,6.963601469064037e-09,12.0,2338.04599609375,73.9296837279884,861.9218674781857,687.3489488047708,0.0
2457919.715205584,1012388.1580604975,527.4785621493722,851642.8872840747,1111.44927182524,851642.8872840747,1111.44927182524,15.081225325039826,0.0196819783926132,0.2805583484480222,6.144684227637658e-09,12.0,5634.9498046875,39.256979721629456,861.9218674781857,687.3489488047708,4.0
2458635.818633756,1011269.764689326,120.78457316345464,850471.525583918,983.3129655249619,850471.525583918,983.3129655249619,15.060482393934604,0.0174128905666167,2.1568686850967342,1.0020008124483169e-08,12.0,2561.82373046875,71.78071957998903,861.9218674781857,687.3489488047708,0.0
2457919.8456720416,1013486.4398693534,1319.45984382727,852793.184916405,1679.3494003988174,852793.184916405,1679.3494003988174,15.10159524539384,0.0297385759747878,0.2090203010579044,9.833245151018243e-09,12.0,8341.5484375,73.46490906977432,861.9218674781857,687.3489488047708,4.0
2458637.7195931133,1012108.3824281477,119.65793380027792,851349.8611728516,975.1634589830452,851349.8611728516,975.1634589830452,15.076036304059953,0.0172685759175054,2.197203350444791,9.418672202554557e-09,12.0,2479.044970703125,71.27175522561178,861.9218674781857,687.3489488047708,0.0
2457920.808129834,0.0,0.0,0.0,0.0,0.0,0.0,0.0,0.0,0.0,0.0,12.0,0.0,0.0,0.0,0.0,5.0
2458638.6479320894,1012120.631740877,151.44477859228738,851362.6906263827,979.8832816833229,851362.6906263827,979.8832816833229,15.076263493040676,0.0173521563838017,1.8120700318603304,8.758131753943974e-09,12.0,1976.5860351562496,74.59465277102056,861.9218674781857,687.3489488047708,0.0
2457922.617183335,1012066.9793098059,335.36755064563636,851306.4971577008,1029.2608526344547,851306.4971577008,1029.2608526344547,15.075268397120023,0.0182265537217422,0.2662678729900557,9.668630001905017e-09,12.0,1578.659423828125,22.577095943712227,861.9218674781857,687.3489488047708,4.0
2458639.807409977,1011127.7438148082,406.54070520616216,850322.778445996,1065.315487160615,850322.778445996,1065.315487160615,15.057848321441377,0.018865023290877,0.7060200457116551,7.27853338126783e-09,12.0,2234.712060546875,79.80775760058697,861.9218674781857,687.3489488047708,0.0
2457922.6727261646,1013032.1953704398,433.9720209332383,852317.4269029459,1060.693399599525,852317.4269029459,1060.693399599525,15.093170336422824,0.0187831735566496,0.2897009789731629,5.678907598738258e-09,12.0,1480.518505859375,32.561866234493856,861.9218674781857,687.3489488047708,4.0
2458641.7617953583,1011696.7586329165,151.87227295628182,850918.742426053,983.9582928027518,850918.742426053,983.9582928027518,15.06840188468137,0.0174243182744389,2.1041404159715857,9.489380605715933e-09,12.0,2353.175830078125,88.01991981971852,861.9218674781857,687.3489488047708,0.0
2457923.8141420176,1012045.5036747286,150.7906846976986,851284.0044131398,980.4792848866501,851284.0044131398,980.4792848866501,15.074870086802436,0.0173627106416227,1.1463499891236182,7.900478512091875e-09,12.0,1926.15654296875,46.49344140452094,861.9218674781857,687.3489488047708,0.0
2458642.6375928437,1012324.2962155712,129.32137013473974,851576.0008725707,974.4841899222766,851576.0008725707,974.4841899222766,15.080040874305672,0.0172565471553156,2.151020705716625,7.315105701165559e-09,12.0,2297.538427734375,75.19920438261532,861.9218674781857,687.3489488047708,0.0
2457928.51993801,1012051.8031918068,7537.547044097166,851290.6022822115,7953.61174020587,851290.6022822115,7953.61174020587,15.074986924448394,0.1408456673482628,0.0095572509026773,4.383667080200308e-09,12.0,1042.5328369140625,17.381853526420798,861.9218674781857,687.3489488047708,6.0
2458644.7067222367,1012107.7897502694,105.05263017060973,851349.2404251033,973.3213693771227,851349.2404251033,973.3213693771227,15.076025311616048,0.0172359554743236,2.2104676602168936,7.881831939972401e-09,12.0,2151.8708984375,62.710058702187645,861.9218674781857,687.3489488047708,0.0
2458656.664031166,1012003.3812264332,214.76960422207307,851239.8869997839,993.8680944661528,851239.8869997839,993.8680944661528,15.074088838392436,0.0175998049180118,1.1457078612804694,8.53872588393823e-09,12.0,7134.414746093749,66.86355318741093,861.9218674781857,687.3489488047708,0.0
2457928.6362991566,1012976.1829780637,221.2714168560602,852258.7617026186,986.5024797447123,852258.7617026186,986.5024797447123,15.09213147011152,0.0174693717318371,0.6435401884571368,8.008800772260412e-09,12.0,1755.2037353515625,37.23409249281941,861.9218674781857,687.3489488047708,4.0
2458661.629563602,1011994.6906835068,261.7796560907202,851230.7848632737,1006.2352370382667,851230.7848632737,1006.2352370382667,15.073927654199275,0.0178188071154607,0.3812742393919492,8.579910596293115e-09,12.0,1744.8311279296877,25.69356153219565,861.9218674781857,687.3489488047708,4.0
2457928.66047753,1012785.2234395825,196.71190537871385,852058.7581122709,982.5246865909842,852058.7581122709,982.5246865909842,15.088589728312355,0.0173989314149584,0.6966436500870657,9.287657177398038e-09,12.0,1730.5367919921875,35.80933295545016,861.9218674781857,687.3489488047708,4.0
2458661.641392995,1012004.9147301306,419.1525049811852,851241.4931318884,1062.9540786534212,851241.4931318884,1062.9540786534212,15.074117280407902,0.0188232065454862,0.3222567208983751,8.876716667160157e-09,12.0,1764.66767578125,35.862807528192,861.9218674781857,687.3489488047708,4.0
2458668.699737273,1012013.351698555,120.24575847414452,851250.3296843317,976.1413646874089,851250.3296843317,976.1413646874089,15.074273761534547,0.0172858930541766,2.174238470809737,7.296290489852169e-09,12.0,1898.6035400390624,70.98043328215087,861.9218674781857,687.3489488047708,0.0
2457929.5496925926,0.0,0.0,0.0,0.0,0.0,0.0,0.0,0.0,0.0,0.0,12.0,0.0,0.0,0.0,0.0,5.0
2457932.761245984,1010930.3001584691,210.26490071665685,850115.9836429002,1002.9262272823822,850115.9836429002,1002.9262272823822,15.05418631819082,0.0177602098765518,0.9794558577556566,7.039514498072766e-09,12.0,1675.1504638671872,56.896507467474656,861.9218674781857,687.3489488047708,0.0
2457932.820281127,1010844.4242957239,226.40570086504275,850026.0406056999,1007.5904140715281,850026.0406056999,1007.5904140715281,15.052593571711418,0.0178428051203746,0.9568172542477498,6.518016146383189e-09,12.0,1847.981591796875,59.9005433740188,861.9218674781857,687.3489488047708,0.0
2457933.67219274,1012188.7178223353,123.79156974225926,851434.0013388653,974.9716001008384,851434.0013388653,974.9716001008384,15.077526291026889,0.0172651784053834,1.132698859939772,1.0382843651729372e-08,12.0,1483.0667724609375,37.05823432087855,861.9218674781857,687.3489488047708,0.0
2457936.722972521,1011610.1933847012,161.14806950384963,850828.077353336,986.3963133161845,850828.077353336,986.3963133161845,15.066796352114638,0.0174674916951991,1.161831495967696,7.85630498931304e-09,12.0,2139.624560546875,50.87003967705047,861.9218674781857,687.3489488047708,0.0
2457936.787188911,1011825.4855600804,144.09961885382396,851053.5660007857,981.4538586625138,851053.5660007857,981.4538586625138,15.070789393272152,0.0173799687752009,1.1300472604914067,1.0368496449203772e-08,12.0,1596.512109375,43.79188955657125,861.9218674781857,687.3489488047708,0.0
2457937.768111161,1011630.3914463685,162.65961455943767,850849.2320172173,986.4768112687196,850849.2320172173,986.4768112687196,15.06717096717623,0.0174689171844253,1.1265035203057958,9.628861216670341e-09,12.0,2255.2719238281247,49.79026138527972,861.9218674781857,687.3489488047708,0.0
2457938.5007220856,1011464.4923890361,190.0492534401611,850675.4757997174,993.4015766560012,850675.4757997174,993.4015766560012,15.064094024120791,0.0175915436381748,1.120982727104226,8.556957166452194e-09,12.0,5819.24970703125,58.18947246970315,861.9218674781857,687.3489488047708,0.0
2457939.47026248,0.0,0.0,0.0,0.0,0.0,0.0,0.0,0.0,0.0,0.0,12.0,0.0,0.0,0.0,0.0,5.0
2457941.580708092,1012772.1551015421,2182.761408362107,852045.0708434974,2479.833806153695,852045.0708434974,2479.833806153695,15.08834734880383,0.0439138669008577,0.3319684105431264,3.283013714453585e-09,12.0,66566.15625,196.9487734398826,861.9218674781857,687.3489488047708,6.0
2457941.788830149,1008935.9368399936,640.2184022431287,848027.165104024,1202.6485653266946,848027.165104024,1202.6485653266946,15.017196702568748,0.021296971149925,0.8769794411521271,5.547251772425965e-09,12.0,43563.42578125,162.41019345810088,861.9218674781857,687.3489488047708,0.0
2457942.48499078,1011184.2688195395,458.00927074913284,850381.9805365569,1087.4901621258489,850381.9805365569,1087.4901621258489,15.058896695214928,0.0192577011076632,1.12596179409202,7.010900370769243e-09,12.0,32215.015625,143.5565728443264,861.9218674781857,687.3489488047708,0.0
2457942.7506021904,1013254.9832382649,539.9271447781857,852550.7662470059,1110.9912477038963,852550.7662470059,1110.9912477038963,15.097302400786324,0.0196738675223395,1.113792891200271,9.26179884843301e-09,12.0,26571.876171875003,162.0603342548516,861.9218674781857,687.3489488047708,0.0
2457944.685506,1010961.81157418,243.59901523253438,850148.9874736035,1010.8681364871693,850148.9874736035,1010.8681364871693,15.0547707629327,0.017900848310826,1.1454642966927338,8.933487118860078e-09,12.0,7851.8037109375,77.5669854344016,861.9218674781857,687.3489488047708,0.0
2457945.632456465,1008505.5760115691,232.92665921622105,847576.4219177184,1032.0220892185325,847576.4219177184,1032.0220892185325,15.009214765940262,0.018275450779091,1.1665067512454137,9.148845748948583e-09,12.0,10072.121484375,78.90837430549118,861.9218674781857,687.3489488047708,0.0
2457945.7313681445,1007926.034162882,224.21832098501872,846969.43233544,1035.736308497216,846969.43233544,1035.736308497216,14.998465957024026,0.0183412236267068,1.16158538315315,9.24863106625342e-09,12.0,8490.033203125,76.1076370979837,861.9218674781857,687.3489488047708,0.0
2457946.529982985,1012031.7499492726,120.39758690368448,851269.5992962559,975.9877726923419,851269.5992962559,975.9877726923419,15.074614995358829,0.0172831731870582,1.1605337421301187,9.556658334617316e-09,12.0,2059.36630859375,37.03195420356421,861.9218674781857,687.3489488047708,0.0
2457946.687990557,1012025.7532326815,147.59927764202055,851263.318568631,980.1325122538549,851263.318568631,980.1325122538549,15.07450377377767,0.0173565698562186,1.1665579057402995,6.543682248633881e-09,12.0,2554.00556640625,46.20581442542916,861.9218674781857,687.3489488047708,0.0
2457947.677525408,1011556.8289711087,569.8361094338089,850772.1855429545,1140.916368425036,850772.1855429545,1140.916368425036,15.065806598077154,0.0202037932637659,0.3065449401147896,8.621512412389914e-09,12.0,7220.829785156249,47.44820093796452,861.9218674781857,687.3489488047708,4.0
2457948.575485768,1011562.0616524701,177.53034529132086,850777.6660498084,989.9323232619752,850777.6660498084,989.9323232619752,15.065903649035944,0.0175301087422505,0.9999459775452362,9.40169277840666e-09,12.0,1565.034130859375,48.207348524161496,861.9218674781857,687.3489488047708,0.0
2457948.5941631044,1011811.8005725982,175.3224661487234,851039.2328773814,987.1405833276172,851039.2328773814,987.1405833276172,15.070535576717232,0.0174806715196451,0.8655595258562725,8.364020203814758e-09,12.0,1580.0937255859376,40.732440420468194,861.9218674781857,687.3489488047708,0.0
2457954.574370821,1012192.9997978152,163.85668871973965,851438.4861133705,981.3934491161807,851438.4861133705,981.3934491161807,15.077605709167818,0.0173788990193283,1.102105396918743,8.565869497294999e-09,12.0,1701.459130859375,48.47537541870714,861.9218674781857,687.3489488047708,0.0
2457954.772326633,1011783.1976354436,268.85741638799084,851009.2752739491,1010.2246184879308,851009.2752739491,1010.2246184879308,15.07000507575926,0.017889452642416,0.411831631792437,9.390497469424948e-09,12.0,1730.1008544921874,28.9755855124738,861.9218674781857,687.3489488047708,4.0
2457955.622977011,1011693.1475440055,144.91033120562514,850914.9603120361,982.8401827181667,850914.9603120361,982.8401827181667,15.068334909527172,0.0174045183437689,1.1228593896090189,7.178586434347512e-09,12.0,1622.8270751953123,43.9097575078695,861.9218674781857,687.3489488047708,0.0
2457956.567324613,1011963.7072280357,117.5613136362767,851198.3339975817,976.2529891035178,851198.3339975817,976.2529891035178,15.073353001578091,0.0172878697429933,1.1806579716484398,9.36412047791082e-09,12.0,1795.6720947265626,36.891356686533975,861.9218674781857,687.3489488047708,0.0
2457958.574212403,0.0,0.0,0.0,0.0,0.0,0.0,0.0,0.0,0.0,0.0,12.0,0.0,0.0,0.0,0.0,5.0
2457960.656543944,1011691.4217199066,148.03203759348577,850913.1527510268,983.3667722130205,850913.1527510268,983.3667722130205,15.068302900529885,0.0174138433964926,1.1785574567567103,7.380274076897123e-09,12.0,1441.869140625,47.1707704634556,861.9218674781857,687.3489488047708,0.0
2457965.5901423763,1001757.636442653,3456.4713880779773,840508.8925763017,3776.7873977993386,840508.8925763017,3776.7873977993386,14.884060192256046,0.0668808283394769,0.0563624803599724,7.042317492698187e-09,12.0,6664.15048828125,62.72138276222704,861.9218674781857,687.3489488047708,4.0
2457968.5422746576,0.0,0.0,0.0,0.0,0.0,0.0,0.0,0.0,0.0,0.0,12.0,0.0,0.0,0.0,0.0,5.0
2457968.704035311,1012071.526314022,234.28196598058486,851311.2595129926,998.0616645015062,851311.2595129926,998.0616645015062,15.07535273077008,0.0176740662963005,1.158841631995221,8.492525495932672e-09,12.0,9705.15078125,73.93893290884,861.9218674781857,687.3489488047708,0.0
2457969.754045121,1012513.9907652498,526.5127524693447,851774.6795628674,1109.9147686949675,851774.6795628674,1109.9147686949675,15.083559154256568,0.0196548048110391,1.0934238074905327,8.992878103823271e-09,12.0,24190.147656250003,156.93906982299148,861.9218674781857,687.3489488047708,0.0
2457970.558578161,1011809.8915780194,288.61560125937984,851037.2334707399,1015.9427318120141,851037.2334707399,1015.9427318120141,15.070500170442449,0.0179907112295095,1.1508254840878784,7.106253748493978e-09,12.0,12655.3556640625,91.26382468660452,861.9218674781857,687.3489488047708,0.0
2457971.504186619,1011823.2245136979,296.46433372956966,851051.1978687827,1018.2971332170545,851051.1978687827,1018.2971332170545,15.070747457464464,0.0180324038903949,1.173297282348814,8.243061979894616e-09,12.0,12087.1873046875,95.58378777070338,861.9218674781857,687.3489488047708,0.0
2457972.4779339395,1009775.9707216702,454.59174361469536,848906.9839058815,1098.4313675446328,848906.9839058815,1098.4313675446328,15.032776878008638,0.0194514522523178,1.1641433604849307,9.018771313905576e-09,12.0,23629.308203125,150.84389604590046,861.9218674781857,687.3489488047708,2.0
2457973.5586458915,1002296.7016891119,528.9139562691562,841073.488540355,1205.0352360018624,841073.488540355,1205.0352360018624,14.894058278400632,0.0213392352476663,0.9808155525277844,5.495666281461394e-09,12.0,14397.6345703125,166.8319854499965,861.9218674781857,687.3489488047708,0.0
2457973.6908085914,974607.1969104081,2771.4291634649353,812072.5786367959,3237.097662064122,812072.5786367959,3237.097662064122,14.380498823590242,0.0573237914267514,0.0986249591792635,7.920032538916043e-09,12.0,49400.240625,138.19187936315913,861.9218674781857,687.3489488047708,6.0
2457974.488831212,1012011.4278138151,159.87744381314675,851248.3146823139,982.3776050280864,851248.3146823139,982.3776050280864,15.074238079090742,0.0173963268371191,1.1553554649200906,7.474065339584598e-09,12.0,4606.8091796875,49.85619150887391,861.9218674781857,687.3489488047708,0.0
2457979.571866205,1011915.2959197126,129.6693979624745,851147.6298769335,978.3917938898544,851147.6298769335,978.3917938898544,15.072455113179304,0.017325744534635,1.1522084562555437,7.723490610885824e-09,12.0,1779.3978759765623,39.97230845026502,861.9218674781857,687.3489488047708,0.0
2457980.5027886257,1011906.3030206151,155.8793018978917,851138.211064334,982.6633043629723,851138.211064334,982.6633043629723,15.072288321162096,0.0174013861126781,1.1209570071010126,9.993082616138129e-09,12.0,2112.265283203125,47.1535101871594,861.9218674781857,687.3489488047708,0.0
2457980.6178851826,1010037.8332550249,177.1643443332143,849181.248534217,1004.5475708496866,849181.248534217,1004.5475708496866,15.037633663311937,0.0177889212625481,1.0977268611157565,5.61987145016616e-09,12.0,2203.170068359375,54.29581674301763,861.9218674781857,687.3489488047708,0.0
2457981.624695877,1012143.5961469931,161.49053021168936,851386.7426518014,981.4260032912756,851386.7426518014,981.4260032912756,15.076689415713515,0.0173794755013928,1.1304118778131789,8.883883657821212e-09,12.0,1893.065625,49.07775072081601,861.9218674781857,687.3489488047708,0.0
2457983.67671308,1007484.4884111629,352.82547874585504,846506.9744956834,1078.644101972044,846506.9744956834,1078.644101972044,14.990276572730634,0.0191010516147709,0.9175613485710616,9.402161146507804e-09,12.0,1861.39345703125,95.28305863999594,861.9218674781857,687.3489488047708,2.0
2457986.609924924,1008197.8343389634,232.7751412134257,847254.1052640933,1035.067098448122,847254.1052640933,1035.067098448122,15.003507056580029,0.0183293729934298,1.0170064128264875,7.298279553283419e-09,12.0,1710.02080078125,68.27087981361001,861.9218674781857,687.3489488047708,0.0
2457989.697470366,1008983.72107602,5888.021529903947,848077.2124535481,6247.098080477835,848077.2124535481,6247.098080477835,15.01808296060761,0.110626056045348,0.0129521753830822,1.026403347315904e-08,12.0,958.7501220703124,19.866550264651504,861.9218674781857,687.3489488047708,6.0
2457990.65519863,1011868.2150112896,123.82118543843167,851098.319165375,978.0070835209984,851098.319165375,978.0070835209984,15.071581899813635,0.0173189319329633,1.1617190698726412,8.409478954338183e-09,12.0,1804.2738525390623,38.35055484189514,861.9218674781857,687.3489488047708,0.0
2457993.591957973,1011769.9364845571,173.2798368966653,850995.3860605035,987.1396847794427,850995.3860605035,987.1396847794427,15.069759120135496,0.0174806556078026,1.1474007714956251,7.788251257630481e-09,12.0,2760.8343750000004,54.057640537975566,861.9218674781857,687.3489488047708,0.0
2457995.497142797,1012079.8540525902,141.7874602525995,851319.9816623353,978.6808821392488,851319.9816623353,978.6808821392488,15.07550718600187,0.0173308638224175,1.166126585849628,5.585517879933452e-09,12.0,3508.01416015625,44.29358810684725,861.9218674781857,687.3489488047708,0.0
2457996.6720416825,1010330.9598795892,478.63412127608945,849488.2579551971,1104.6478076888195,849488.2579551971,1104.6478076888195,15.043070306209849,0.019561535405637,0.6449733161273401,7.039150703075618e-09,12.0,22356.2046875,86.88798094943814,861.9218674781857,687.3489488047708,4.0
2457998.6187601136,1012143.1685685801,203.58930486281483,851386.2948228081,989.9821114173393,851386.2948228081,989.9821114173393,15.076681485382563,0.0175309904103778,1.1496875142852172,7.265194416845382e-09,12.0,7487.153027343749,63.50438175847671,861.9218674781857,687.3489488047708,0.0
2457999.4855234814,1012259.0241924137,346.58435123479563,851507.6374952563,1031.6187578021877,851507.6374952563,1031.6187578021877,15.07883026888332,0.0182683084286277,0.9095430128542096,8.911491474689043e-09,12.0,14869.308984375,85.80205254419668,861.9218674781857,687.3489488047708,0.0
2458000.6659434848,1006290.541661593,585.8112727857778,845256.4811267817,1195.4704113687635,845256.4811267817,1195.4704113687635,14.968132347086934,0.0211698575922663,1.0154373146611808,8.031456039887972e-09,12.0,10703.4615234375,179.7800914138678,861.9218674781857,687.3489488047708,0.0
2458003.570667568,1012138.345081285,170.49610118040363,851381.2428898977,983.1445801927059,851381.2428898977,983.1445801927059,15.076592023778778,0.0174099087332977,1.1416112299272068,7.491798389967342e-09,12.0,3162.9576171875,52.4959673257176,861.9218674781857,687.3489488047708,0.0
2458004.556674968,1011866.8007446411,152.64768808996797,851096.8379175164,982.4797836981102,851096.8379175164,982.4797836981102,15.071555669297236,0.0173981362569699,1.1384414528513622,7.936871703740768e-09,12.0,2344.2406738281247,46.80733863720893,861.9218674781857,687.3489488047708,0.0
2458005.652066875,1012000.1720316954,144.3914784401123,851236.5258140856,979.8494973278364,851236.5258140856,979.8494973278364,15.07402931720154,0.0173515581172217,1.0163574499520758,7.382181048436188e-09,12.0,3020.6111328125,39.02685297900318,861.9218674781857,687.3489488047708,0.0
2458008.5424054526,1012186.0816158033,139.61774560247392,851431.2402787188,977.3387583748419,851431.2402787188,977.3387583748419,15.077477397093965,0.0173070969698936,1.0786397814222444,9.476431157099593e-09,12.0,1804.3025390625,39.91744495567668,861.9218674781857,687.3489488047708,0.0
2458019.509596778,1012567.5153625429,131.39783240956288,851830.7391434242,972.513409182162,851830.7391434242,972.513409182162,15.084551879233937,0.0172216477991985,1.1098720460540878,6.262357859474078e-09,12.0,1909.5755126953125,38.30350180614304,861.9218674781857,687.3489488047708,0.0
2458032.5344161717,1011188.8000970775,203.72591775430357,850386.7264203377,998.9816918212528,850386.7264203377,998.9816918212528,15.05898073718103,0.0176903584999007,1.062989001287116,4.552997175060841e-09,12.0,3462.004931640625,59.56406055655589,861.9218674781857,687.3489488047708,0.0
2458036.5230566296,0.0,0.0,0.0,0.0,0.0,0.0,0.0,0.0,0.0,0.0,12.0,0.0,0.0,0.0,0.0,5.0
2458042.4989677826,1011614.5275376554,201.6538298473245,850832.6167764978,994.493368037222,850832.6167764978,994.493368037222,15.066876737995353,0.0176108775069524,1.037385681159568,8.112191158331607e-09,12.0,2238.7931640625,57.09543482625191,861.9218674781857,687.3489488047708,0.0
2458045.524245484,1011832.8539023951,231.21599932314675,851061.2833158234,999.4904738924711,851061.2833158234,999.4904738924711,15.07092605450508,0.0176993682118022,1.0298097672790698,8.136527980513048e-09,12.0,2250.9048828125,65.05896479321198,861.9218674781857,687.3489488047708,0.0
2458166.847815993,1011761.0924791921,442.34235764350007,850986.1231934053,1075.319394264395,850986.1231934053,1075.319394264395,15.06959508966222,0.0190421763903927,0.2535853354003892,5.3976647192076165e-09,12.0,1582.0325439453125,29.4557193929502,861.9218674781857,687.3489488047708,4.0
2458173.8907121285,1012276.959891193,150.10555082076965,851526.4226482776,978.1905686361042,851526.4226482776,978.1905686361042,15.079162923719885,0.0173221811591425,1.0212528548169364,7.682146216609974e-09,12.0,2216.363525390625,40.745480379080135,861.9218674781857,687.3489488047708,0.0
2458174.865789967,1012623.2774501813,152.6535605323947,851889.1421843072,975.3946313582614,851889.1421843072,975.3946313582614,15.085586103123292,0.0172726696083371,1.0237954668257414,1.0350938031578485e-08,12.0,2170.6791015625,41.29803899445342,861.9218674781857,687.3489488047708,0.0
2458175.8410926685,1012818.0421154841,171.5501119406778,852093.1311164318,977.0359938266905,852093.1311164318,977.0359938266905,15.089198418913297,0.0173017354968639,1.0338703123327262,9.148993543651986e-09,12.0,1835.8314453125,47.0133769798519,861.9218674781857,687.3489488047708,0.0
2458178.8686078237,1012906.3477549484,148.45286323326144,852185.6190072247,972.0622558573186,852185.6190072247,972.0622558573186,15.090836230655418,0.0172136585996764,1.0080346037389656,1.0200633516503205e-08,12.0,3019.8210937500003,39.170836430732734,861.9218674781857,687.3489488047708,0.0
2458180.8976174225,1012575.8771201617,202.10953231180625,851839.4969229982,985.6471108105508,851839.4969229982,985.6471108105508,15.084706965419786,0.0174542245242167,1.0328062512969676,6.713234524786074e-09,12.0,3707.156982421875,56.0146928496262,861.9218674781857,687.3489488047708,0.0
2458186.8845094293,1008389.4801461026,516.4075547100482,847454.8276255316,1140.3885524227223,847454.8276255316,1140.3885524227223,15.007061526658765,0.0201944464915684,0.8161588363837265,9.910911180152815e-09,12.0,4964.68466796875,122.6811993475229,861.9218674781857,687.3489488047708,2.0
2458195.8548368453,1012282.4501958482,127.94164663234635,851532.1729797453,974.6774036562683,851532.1729797453,974.6774036562683,15.079264752838473,0.0172599686596829,1.063388373020005,7.375863674621715e-09,12.0,1657.5131347656252,35.889364810664866,861.9218674781857,687.3489488047708,0.0
2458203.833274608,1006246.2607009062,308.4026587234755,845210.1029715353,1076.1069909340706,845210.1029715353,1076.1069909340706,14.967311064575364,0.0190561234602479,0.871157514818647,1.0340939706788005e-08,12.0,1690.65478515625,80.3722577314255,861.9218674781857,687.3489488047708,2.0
2458208.8205833314,1012513.5424238528,202.348355785693,851774.2099875341,986.2748409420692,851774.2099875341,986.2748409420692,15.083550838832917,0.0174653406148905,1.0108044680858288,3.84484681480338e-09,12.0,4640.45166015625,54.89264133924801,861.9218674781857,687.3489488047708,0.0
2458208.8346759444,1011910.8476425476,192.99828956979007,851142.9709245143,989.8224961564932,851142.9709245143,989.8224961564932,15.072372610627754,0.0175281638809133,1.0145991940464516,5.787674110235601e-09,12.0,4063.61083984375,53.10828251465808,861.9218674781857,687.3489488047708,0.0
2458209.724878933,1012298.8700828009,319.62634607048403,851549.3705304397,1021.6683061956683,851549.3705304397,1021.6683061956683,15.079569293792115,0.0180921019399639,0.318866323503539,9.443765476229137e-09,12.0,2067.7796875,26.19162022574686,861.9218674781857,687.3489488047708,0.0
2458209.7627819357,1012396.6459894484,489.9328728211067,851651.7772105921,1092.3649322578497,851651.7772105921,1092.3649322578497,15.081382751335438,0.0193440254436803,0.3259512593895848,7.461290888306095e-09,12.0,2155.527978515625,42.53857589184359,861.9218674781857,687.3489488047708,0.0
2458209.8042549645,1010991.5247346828,284.15675507122893,850180.1078817714,1022.1382688869087,850180.1078817714,1022.1382688869087,15.05532185529171,0.0181004242231025,0.3308764732345542,9.279531019472768e-09,12.0,1561.242626953125,24.509987337512307,861.9218674781857,687.3489488047708,0.0
2458209.8172699315,1011878.773565178,213.8085658248814,851109.3777838834,994.8016305267427,851109.3777838834,994.8016305267427,15.071777730155196,0.0176163363396781,1.016067382499508,9.625898306729172e-09,12.0,3823.638623046875,59.11911328228959,861.9218674781857,687.3489488047708,0.0
2458209.862792787,1012325.6458075874,314.32389734235886,851577.4143827347,1019.6218501040114,851577.4143827347,1019.6218501040114,15.080065905296488,0.0180558624951251,0.3409071564952842,5.8485402089262365e-09,12.0,1079.103271484375,27.635869828346657,861.9218674781857,687.3489488047708,0.0
2458209.901470352,1011729.1126942877,252.16656077522507,850952.628811034,1005.9931314583563,850952.628811034,1005.9931314583563,15.069001958039552,0.0178145198151643,0.3420473050897283,5.3793129363159315e-09,12.0,875.1171752929688,21.8287139489802,861.9218674781857,687.3489488047708,0.0
2458210.835086509,1012565.9044147602,321.6552211912192,851829.0518993997,1019.9834979070475,851829.0518993997,1019.9834979070475,15.084522000856866,0.0180622666958615,0.3284830677814249,8.464593543323758e-09,12.0,1384.44794921875,27.117896105274365,861.9218674781857,687.3489488047708,0.0
2458210.880709605,1011929.3359030554,309.6857820167417,851162.3348091893,1021.641071468268,851162.3348091893,1021.641071468268,15.072715513870778,0.0180916196567596,0.3290425224829204,7.846640997182316e-09,12.0,1073.3785888671875,26.37973701333325,861.9218674781857,687.3489488047708,0.0
2458210.8876891914,1012072.4146255464,289.8517175584916,851312.1898959184,1013.9333743251434,851312.1898959184,1013.9333743251434,15.075369206354807,0.0179551287412735,0.3299602726155076,9.244524171090464e-09,12.0,1012.456591796875,24.411832208022208,861.9218674781857,687.3489488047708,0.0
2458211.755784115,1012116.3730955712,380.5210142219609,851358.230286993,1045.9094863459475,851358.230286993,1045.9094863459475,15.076184507606326,0.0185213742387758,0.3120762118400514,7.331980915624443e-09,12.0,2750.346044921875,31.143057339363946,861.9218674781857,687.3489488047708,0.0
2458211.7627013214,1011937.9208555261,434.6337857800628,851171.3263543663,1070.3319766038635,851171.3263543663,1070.3319766038635,15.07287473966935,0.018953857247884,0.3100866008979563,8.979682530478394e-09,12.0,2819.53310546875,35.8347195463564,861.9218674781857,687.3489488047708,0.0
2458211.8877716493,1011840.1577173471,241.84270342263363,851068.9330474122,1002.1776027272103,851068.9330474122,1002.1776027272103,15.071061518943855,0.0177469529401422,0.3182191677012544,1.0317817284360144e-08,12.0,938.0613403320312,18.912173879980404,861.9218674781857,687.3489488047708,0.0
2458213.8070815075,1010982.3285777548,213.07200989762674,850170.4761848282,1003.0800924857601,850170.4761848282,1003.0800924857601,15.055151293435287,0.0177629345817498,1.035790790463012,4.6039054572571854e-09,12.0,7461.63056640625,61.05101682511224,861.9218674781857,687.3489488047708,0.0
2458221.90365426,1012362.0146738868,143.8180396058836,851615.5057181811,976.3572517396966,851615.5057181811,976.3572517396966,15.080740441562073,0.0172897160665318,1.0310679184243905,8.428006042973733e-09,12.0,1684.855615234375,39.24679365110444,861.9218674781857,687.3489488047708,0.0
2458222.725520714,1008336.0450543035,408.7687249681189,847398.8617895466,1091.9482061011936,847398.8617895466,1091.9482061011936,15.006070461746942,0.0193366458939169,0.260257081055391,5.758607316942981e-09,12.0,494.2912780761719,29.434625402999917,861.9218674781857,687.3489488047708,0.0
2458222.923436963,1007803.8086247643,375.1677124099873,846841.4180626242,1083.7742215331102,846841.4180626242,1083.7742215331102,14.9961990302147,0.0191918977783449,0.267428388560386,7.337231249724152e-09,12.0,698.2894653320312,27.84789592981199,861.9218674781857,687.3489488047708,0.0
2458223.711719676,1012323.4270800786,444.7762864786095,851575.0905738738,1071.5866074335981,851575.0905738738,1071.5866074335981,15.080024754380334,0.0189760747413023,0.2722995676990331,8.70895833871127e-09,12.0,544.1445556640625,31.654783879603297,861.9218674781857,687.3489488047708,0.0
2458223.760321508,1011801.4475056957,294.2324285411949,851028.3894779469,1017.7858073364599,851028.3894779469,1017.7858073364599,15.070343557559204,0.0180233491317221,0.2922471931684577,5.848488232500144e-09,12.0,505.3245971679688,21.60594495762183,861.9218674781857,687.3489488047708,0.0
2458223.763771026,1011719.6510108742,275.3837143747902,850942.7190119816,1012.7361785279977,850942.7190119816,1012.7361785279977,15.068826471442216,0.0179339283298751,0.2800473676841289,5.8190148319210574e-09,12.0,503.6950744628906,19.00170566890102,861.9218674781857,687.3489488047708,0.0
2458223.780509642,1011685.6487352425,168.97214362512184,850907.1063515174,987.1169145680757,850907.1063515174,987.1169145680757,15.068195828522624,0.0174802523839943,1.0266712526898638,5.296681244899379e-09,12.0,1699.923095703125,46.82373068280258,861.9218674781857,687.3489488047708,0.0
2458223.8861196563,1012457.8022848088,328.68993666646026,851715.829934754,1023.4012029544243,851715.829934754,1023.4012029544243,15.082517022025884,0.0181227887535028,0.2917375491007149,5.232062450107455e-09,12.0,512.3994140625,24.238656448633808,861.9218674781857,687.3489488047708,0.0
2458223.923526829,1012014.5333361875,301.1400755610822,851251.5672856102,1018.0607703378853,851251.5672856102,1018.0607703378853,15.074295677462011,0.0180282182840892,0.2903518458491297,6.425028235997224e-09,12.0,837.0922973632813,21.954605832357405,861.9218674781857,687.3489488047708,0.0
2458224.855267088,1012472.5559965025,186.65678473968325,851731.2823983129,983.2535749332595,851731.2823983129,983.2535749332595,15.082790660294032,0.0174118388547912,1.0411872595748888,2.8389877932953637e-09,12.0,1779.5463134765623,51.93948076577163,861.9218674781857,687.3489488047708,0.0
2458225.718879109,1013345.1312875949,350.14875467716604,852645.1838062031,1023.4303752848858,852645.1838062031,1023.4303752848858,15.09897438385123,0.0181233053485399,0.2763186050975049,5.867257635030962e-09,12.0,504.6983520507813,24.13920203278532,861.9218674781857,687.3489488047708,0.0
2458225.7258222518,1013168.3967725473,301.3641997609727,852460.0789519016,1007.8078964695278,852460.0789519016,1007.8078964695278,15.095696474696878,0.0178466563837356,0.2836945735084635,7.556029729133944e-09,12.0,497.2626098632813,20.87427216909913,861.9218674781857,687.3489488047708,0.0
2458225.764138365,1012916.4809947808,273.95154993902304,852196.2321683402,1001.4363335127947,852196.2321683402,1001.4363335127947,15.091024172663245,0.0177338262549834,0.2866401243694659,8.153397408004865e-09,12.0,506.8821105957031,18.920304791583884,861.9218674781857,687.3489488047708,0.0
2458225.921803025,1012419.740893956,164.32246904368355,851675.9659149469,979.3624412382861,851675.9659149469,979.3624412382861,15.081811094372354,0.0173429331375006,0.9539308573632403,6.593922773999387e-09,12.0,2185.7094238281247,41.582106371966944,861.9218674781857,687.3489488047708,0.0
2458226.709119308,1011910.9363384374,240.1576601635863,851143.063821138,1001.0769378435515,851143.063821138,1001.0769378435515,15.07237425567749,0.017727461935913,0.2884795217453512,7.884875383785022e-09,12.0,555.1911865234375,16.5266049978376,861.9218674781857,687.3489488047708,0.0
2458226.7293657023,1012360.7777284577,255.67805625367322,851614.210189668,1001.1577645164467,851614.210189668,1001.1577645164467,15.080717499836476,0.0177288932462479,0.2923098848450238,1.0341740217566615e-08,12.0,530.1109619140625,18.03652205104648,861.9218674781857,687.3489488047708,0.0
2458226.854500475,1012036.8694218284,270.6414817091193,851274.9612326128,1008.4173970767772,851274.9612326128,1008.4173970767772,15.074709946624871,0.0178574496588641,0.3081035973408135,8.428429333658989e-09,12.0,479.4989990234375,20.8176882656698,861.9218674781857,687.3489488047708,0.0
2458226.867243804,1012035.6789072267,142.27030625195715,851273.7143339405,979.1741023689514,851273.7143339405,979.1741023689514,15.074687866055536,0.0173395979591432,1.0172791237436218,8.29147356141544e-09,12.0,1593.007080078125,38.54311357129061,861.9218674781857,687.3489488047708,0.0
2458227.8238032395,1008409.7872314135,268.03262523262146,847476.0964765346,1042.2757134483797,847476.0964765346,1042.2757134483797,15.007438163790573,0.0184570259671393,0.2885691946467735,6.717046101496136e-09,12.0,468.3702453613281,20.281444273407487,861.9218674781857,687.3489488047708,0.0
2458228.674746119,1010863.1423218633,316.55737113255344,850045.6451379581,1033.7188781851678,850045.6451379581,1033.7188781851678,15.052940736435962,0.0183054981817253,0.2870511431096888,1.0379807541084474e-08,12.0,713.970703125,23.630211063424067,861.9218674781857,687.3489488047708,0.0
2458228.7749153557,1012077.8557010869,248.70025428732995,851317.8886667265,1001.8230240003422,851317.8886667265,1001.8230240003422,15.075470122417071,0.0177406739213713,0.3194439514468901,8.717668101380519e-09,12.0,491.9837463378906,19.64483135233468,861.9218674781857,687.3489488047708,0.0
2458228.8649770203,1012197.1821899548,275.3905670915061,851442.8665881597,1008.3638429349538,851442.8665881597,1008.3638429349538,15.077683280328596,0.0178565013011757,0.3201338564156429,5.4439001427616066e-09,12.0,495.3849182128906,22.122912575377068,861.9218674781857,687.3489488047708,0.0
2458228.8929005964,1011938.0773726207,211.3732352333752,851171.4902842818,993.6773440758419,851171.4902842818,993.6773440758419,15.072877642604412,0.0175964270354978,0.3229104226653037,4.332922050331298e-09,12.0,517.8146728515625,16.165933811159768,861.9218674781857,687.3489488047708,0.0
2458229.6742760087,1010591.0590545696,337.83709050742584,849760.6757105836,1043.595317387018,849760.6757105836,1043.595317387018,15.047894386364652,0.018480394029781,0.291261990697208,5.7069366805347436e-09,12.0,565.1033447265625,26.05659748885204,861.9218674781857,687.3489488047708,0.0
2458229.6844948474,1011921.4011372705,311.1410488833342,851154.0242442492,1022.1979344276506,851154.0242442492,1022.1979344276506,15.072568347136563,0.0181014808038331,0.2952916341184865,7.305036185939561e-09,12.0,560.074609375,23.39110132892985,861.9218674781857,687.3489488047708,0.0
2458229.8531858018,1010400.5323147713,160.847376833922,849561.1254167366,997.9817163203433,849561.1254167366,997.9817163203433,15.044360671717206,0.0176726505426408,1.002213999397353,5.971520347162099e-09,12.0,1552.203955078125,44.21103154250052,861.9218674781857,687.3489488047708,0.0
2458230.6776513997,1012243.6219403028,264.45968109947637,851491.5057756987,1004.7248384136444,851491.5057756987,1004.7248384136444,15.07854460208429,0.0177920603858999,0.303140169566947,9.664407696166932e-09,12.0,633.8502563476562,19.69488097362464,861.9218674781857,687.3489488047708,0.0
2458230.7158265742,1012707.39056144,274.9948018353027,851977.2389841892,1003.626265881605,851977.2389841892,1003.626265881605,15.087146155710206,0.0177726064338515,0.3156019350030851,7.095788704610386e-09,12.0,542.4926025390624,21.462630575892085,861.9218674781857,687.3489488047708,0.0
2458230.7332284944,1012314.8193588849,214.2741919308456,851566.0751816212,990.8645642208314,851566.0751816212,990.8645642208314,15.079865106288423,0.0175466172297488,0.3151754572359167,1.025887222971348e-08,12.0,530.6178466796875,15.74202811869523,861.9218674781857,687.3489488047708,0.0
2458230.803915779,1011962.9454542553,151.22171017274943,851197.5361453656,981.3300266013463,851197.5361453656,981.3300266013463,15.073338872899006,0.0173777759086311,0.9794224539901067,5.865219440823671e-09,12.0,1629.906567382813,39.54277872521492,861.9218674781857,687.3489488047708,0.0
2458230.8541013976,1012394.4373882944,268.3043465302534,851649.4640076795,1004.4698761427038,851649.4640076795,1004.4698761427038,15.081341788233573,0.0177875454142905,0.3294849837714845,1.031399285817584e-08,12.0,531.0539672851562,22.09840691400018,861.9218674781857,687.3489488047708,0.0
2458231.8294943827,1011043.3058341705,377.76740505810056,850234.3413905666,1054.3954608976667,850234.3413905666,1054.3954608976667,15.056282243476144,0.0186716471949971,0.3290762170081612,6.089380276574502e-09,12.0,1516.27080078125,33.29353444038201,861.9218674781857,687.3489488047708,4.0
2458237.6575159207,0.0,0.0,0.0,0.0,0.0,0.0,0.0,0.0,0.0,0.0,12.0,0.0,0.0,0.0,0.0,5.0
2458237.713015585,1002376.9926677273,3430.3029352185945,841157.5821872249,3748.498957755937,841157.5821872249,3748.498957755937,14.895547441588386,0.0663798855795967,0.0522208415423847,5.666399140049841e-09,12.0,10588.7177734375,56.94317271017415,861.9218674781857,687.3489488047708,6.0
2458237.723913186,974916.1454821024,6278.847637710636,812396.1593495654,6729.575621527212,812396.1593495654,6729.575621527212,14.38622891740419,0.1191699570389222,0.0222204905048458,1.7868551003560312e-09,12.0,11230.65859375,69.84042392948562,861.9218674781857,687.3489488047708,6.0
2458237.739524192,1012636.3574292667,2036.9929784460678,851902.8416454586,2340.3583889728297,851902.8416454586,2340.3583889728297,15.085828698539208,0.0414439816646684,0.1937534995934728,8.484057342798267e-09,12.0,27390.204296875,107.15770220472872,861.9218674781857,687.3489488047708,4.0
2458237.84494124,997057.2126708642,9214.129361163525,835585.851611732,9716.67995194312,835585.851611732,9716.67995194312,14.79688105745713,0.1720667687766076,0.0213706378624535,4.076828328167236e-09,12.0,9494.3140625,68.55209958877596,861.9218674781857,687.3489488047708,6.0
2458237.9254233874,1011653.3304998925,208.73129113375495,850873.2574893185,995.7294451495609,850873.2574893185,995.7294451495609,15.067596419632528,0.0176327664438867,1.019625144173624,8.210657338407926e-09,12.0,6036.00791015625,57.92491408194423,861.9218674781857,687.3489488047708,0.0
2458238.6957163136,1012525.3580012197,542.4471700007334,851786.5851635227,1118.207986881726,851786.5851635227,1118.207986881726,15.08376998328924,0.0198016643621628,0.3723724857816841,8.283270004463356e-09,12.0,5656.53369140625,54.20941464419792,861.9218674781857,687.3489488047708,0.0
2458238.7237720448,1002456.6105262599,491.9613201489809,841240.9708343124,1186.101502546141,841240.9708343124,1186.101502546141,14.89702412036427,0.0210039492906608,0.3787706275808106,9.910825005105168e-09,12.0,5947.03330078125,59.16013199756668,861.9218674781857,687.3489488047708,0.0
2458238.736771237,1001989.8449698206,423.82344190426056,840752.0987523973,1161.8038704551134,840752.0987523973,1161.8038704551134,14.888366982340136,0.0205736773188038,1.052849229803014,5.8075658066203975e-09,12.0,15871.8052734375,143.98263264400637,861.9218674781857,687.3489488047708,0.0
2458238.8554717936,1001416.230247735,696.921230760351,840151.317011896,1303.7378896423302,840151.317011896,1303.7378896423302,14.877728104313965,0.0230871004408793,0.2827321231764081,4.001294927032625e-09,12.0,8017.50107421875,63.60779185821059,861.9218674781857,687.3489488047708,0.0
2458239.646098967,0.0,0.0,0.0,0.0,0.0,0.0,0.0,0.0,0.0,0.0,12.0,0.0,0.0,0.0,0.0,5.0
2458239.6958102537,0.0,0.0,0.0,0.0,0.0,0.0,0.0,0.0,0.0,0.0,12.0,0.0,0.0,0.0,0.0,5.0
2458239.751379933,0.0,0.0,0.0,0.0,0.0,0.0,0.0,0.0,0.0,0.0,12.0,0.0,0.0,0.0,0.0,5.0
2458239.8268959406,0.0,0.0,0.0,0.0,0.0,0.0,0.0,0.0,0.0,0.0,12.0,0.0,0.0,0.0,0.0,5.0
2458239.917798906,1006091.4821915055,798.6651934429973,845047.993983238,1325.442668692147,845047.993983238,1325.442668692147,14.964440375209865,0.0234714571570193,0.4278515486188829,4.911360297970601e-09,12.0,25049.411328125,103.11418775401324,861.9218674781857,687.3489488047708,4.0
2458239.921764513,0.0,0.0,0.0,0.0,0.0,0.0,0.0,0.0,0.0,0.0,12.0,0.0,0.0,0.0,0.0,5.0
2458240.7167375484,1008459.9301246532,448.37520141163776,847528.6141918488,1107.713695191099,847528.6141918488,1107.713695191099,15.008368168032996,0.0196158273405941,0.3770326320778609,5.904199535733331e-09,12.0,4435.821484375,48.45010608570844,861.9218674781857,687.3489488047708,0.0
2458240.727268688,1008935.3898153657,389.3054255338874,848026.5921717128,1078.4274037970513,848026.5921717128,1078.4274037970513,15.01718655685931,0.0190972142387376,0.386973547701994,6.821251528155875e-09,12.0,4418.3654296875,42.58555314615722,861.9218674781857,687.3489488047708,0.0
2458240.7792239366,1008769.5780343156,451.2359876191128,847852.9273639951,1106.115305521883,847852.9273639951,1106.115305521883,15.014111232524046,0.0195875224312024,0.379176397578242,6.613314530562826e-09,12.0,4473.808203125,48.77835827757309,861.9218674781857,687.3489488047708,0.0
2458240.8833884373,1009292.26131635,495.99025163967707,848400.3654959344,1122.224433969303,848400.3654959344,1122.224433969303,15.023805481067152,0.0198727891780196,0.3822728379600662,1.0137768172534796e-08,12.0,4468.73251953125,53.76997460357848,861.9218674781857,687.3489488047708,0.0
2458240.9253083747,1009394.9790183636,389.95728679208474,848507.9480202681,1074.3715816068811,848507.9480202681,1074.3715816068811,15.025710594483495,0.0190253921531645,0.3847101813086431,6.5965259813858725e-09,12.0,4429.6953125,42.01592040083477,861.9218674781857,687.3489488047708,0.0
2458244.6442426685,1010753.1304262578,566.7039015582209,849930.4229590753,1145.8870177727365,849930.4229590753,1145.8870177727365,15.050900337028994,0.0202918154664329,0.2963712201730621,6.287834333761098e-09,12.0,1658.41806640625,46.0616863614265,861.9218674781857,687.3489488047708,6.0
2458244.647554901,1010330.0922888777,484.12392753063125,849487.3492744442,1107.2766368356135,849487.3492744442,1107.2766368356135,15.043054214935689,0.0196080877403019,0.3315786942623726,6.0686133833890325e-09,12.0,1687.992919921875,44.37289221628948,861.9218674781857,687.3489488047708,0.0
2458244.671933571,1012443.365532567,298.3663861786237,851700.7094421906,1013.2890324641768,851700.7094421906,1013.2890324641768,15.082249262429956,0.0179437184835978,0.3693403239406364,7.883720261707291e-09,12.0,1742.443530273437,28.487244164242707,861.9218674781857,687.3489488047708,0.0
2458244.6857687496,1012456.437987709,295.2672420821117,851714.4010230558,1012.1750797676737,851714.4010230558,1012.1750797676737,15.082491718298687,0.0179239921735819,0.3862932560163673,5.727413022553107e-09,12.0,1742.140478515625,29.542938074659094,861.9218674781857,687.3489488047708,0.0
2458244.713664635,1011748.5050829573,249.2267931861811,850972.9396443665,1005.0092816497145,850972.9396443665,1005.0092816497145,15.069361630219754,0.0177970974179698,0.3947909505210625,9.363179548016002e-09,12.0,1800.3680175781249,25.39406965031565,861.9218674781857,687.3489488047708,0.0
2458244.733248596,1012102.2811128942,294.41347880104644,851343.4708926581,1015.1029467434932,851343.4708926581,1015.1029467434932,15.075923142479054,0.0179758399870767,0.4057661008340418,7.967353442772106e-09,12.0,1834.662255859375,31.33196316989188,861.9218674781857,687.3489488047708,0.0
2458244.739272706,1011436.4894061246,318.19932719656316,850646.146565015,1028.9904882329217,850646.146565015,1028.9904882329217,15.06357465056204,0.0182217660031805,0.4068696006910497,8.919477958854561e-09,12.0,1844.286303710937,34.657381619599086,861.9218674781857,687.3489488047708,0.0
2458244.74473338,1012041.1848105389,338.05997865936155,851279.4810028349,1030.4576335493866,851279.4810028349,1030.4576335493866,15.074789984483656,0.0182477467862441,0.4040171661828539,7.043756763227079e-09,12.0,1840.312841796875,36.27777222790881,861.9218674781857,687.3489488047708,0.0
2458244.8351802425,1012291.8598178646,249.44499888646837,851542.028251716,1000.0618337903761,851542.028251716,1000.0618337903761,15.079439273848909,0.0177094860763328,0.4069817205572374,5.247070561410215e-09,12.0,1020.3082519531248,26.020556405896517,861.9218674781857,687.3489488047708,0.0
2458244.83881924,1011151.3258940858,246.89490764235413,850347.4773982497,1009.9580495701218,850347.4773982497,1009.9580495701218,15.058285700147623,0.0178847321357645,0.408502828231623,1.0206786337593368e-08,12.0,1059.09912109375,26.439795291085105,861.9218674781857,687.3489488047708,0.0
2458245.6333709145,1011730.0378967675,699.789490490816,850953.5978321105,1216.3226777452899,850953.5978321105,1216.3226777452899,15.069019117843764,0.0215391176805705,0.2368067996789379,1.0241196377956036e-08,12.0,823.529248046875,44.732377574924,861.9218674781857,687.3489488047708,6.0
2458245.63715097,1007624.1670981838,931.3256765687489,846653.2685175557,1405.499501999932,846653.2685175557,1405.499501999932,14.992867204485457,0.0248891348714122,0.1636263167900812,4.754127516467795e-09,12.0,771.0929077148437,44.06505825875263,861.9218674781857,687.3489488047708,6.0
2458245.6409275425,1004411.0362352714,1067.6514708114798,843287.9602750153,1531.4853558651025,843287.9602750153,1531.4853558651025,14.933273009956546,0.0271201416446472,0.1398812910157302,3.132635234261638e-09,12.0,766.0219482421875,45.606315636898,861.9218674781857,687.3489488047708,6.0
2458245.644099067,0.0,0.0,0.0,0.0,0.0,0.0,0.0,0.0,0.0,0.0,12.0,0.0,0.0,0.0,0.0,5.0
2458245.651125137,0.0,0.0,0.0,0.0,0.0,0.0,0.0,0.0,0.0,0.0,12.0,0.0,0.0,0.0,0.0,5.0
2458245.6545129404,0.0,0.0,0.0,0.0,0.0,0.0,0.0,0.0,0.0,0.0,12.0,0.0,0.0,0.0,0.0,5.0
2458245.6577812955,0.0,0.0,0.0,0.0,0.0,0.0,0.0,0.0,0.0,0.0,12.0,0.0,0.0,0.0,0.0,5.0
2458245.661466347,0.0,0.0,0.0,0.0,0.0,0.0,0.0,0.0,0.0,0.0,12.0,0.0,0.0,0.0,0.0,5.0
2458245.6649325406,0.0,0.0,0.0,0.0,0.0,0.0,0.0,0.0,0.0,0.0,12.0,0.0,0.0,0.0,0.0,5.0
2458245.668403596,1011092.3957539529,519.7232131794177,850285.7562624527,1118.2898309819252,850285.7562624527,1118.2898309819252,15.057192718135832,0.0198031136894983,0.3109107206547526,7.857200481217115e-09,12.0,1277.6816162109374,44.076331053088005,861.9218674781857,687.3489488047708,0.0
2458245.67188288,0.0,0.0,0.0,0.0,0.0,0.0,0.0,0.0,0.0,0.0,12.0,0.0,0.0,0.0,0.0,5.0
2458245.6753526623,0.0,0.0,0.0,0.0,0.0,0.0,0.0,0.0,0.0,0.0,12.0,0.0,0.0,0.0,0.0,5.0
2458245.678823022,0.0,0.0,0.0,0.0,0.0,0.0,0.0,0.0,0.0,0.0,12.0,0.0,0.0,0.0,0.0,5.0
2458245.6858452293,1011430.5768731043,280.2865316740473,850639.954007987,1016.8787219566398,850639.954007987,1016.8787219566398,15.063464990340275,0.0180072861090557,0.3516749159421746,6.663888341719558e-09,12.0,871.9347900390625,25.62624616818837,861.9218674781857,687.3489488047708,0.0
2458245.692717155,1012112.557614317,422.73212294464224,851354.2341003884,1063.5745679306144,851354.2341003884,1063.5745679306144,15.076113741571024,0.0188341944122797,0.3625191626541691,9.639819274353248e-09,12.0,1936.38271484375,40.9809672541621,861.9218674781857,687.3489488047708,0.0
2458245.6961812177,1011300.8177842505,316.52578829988033,850504.0493872621,1029.6682117143398,850504.0493872621,1029.6682117143398,15.061058338164264,0.0182337673956467,0.3617721428062991,6.189293744703721e-09,12.0,1968.7992675781247,30.373476461959548,861.9218674781857,687.3489488047708,0.0
2458245.699951178,1012675.7136092588,361.3224389173122,851944.0617770292,1033.4874373726911,851944.0617770292,1033.4874373726911,15.086558640750228,0.0183013997373016,0.3752105788207411,9.2366726594458e-09,12.0,2003.9775634765624,35.52838714600823,861.9218674781857,687.3489488047708,0.0
2458245.703130546,1012616.7513440142,309.00010236848067,851882.30699464,1015.2288396118846,851882.30699464,1015.2288396118846,15.085465062911426,0.0179780693472268,0.3741859965068521,1.0383301540813437e-08,12.0,1990.6220458984371,29.921140567061915,861.9218674781857,687.3489488047708,0.0
2458245.7066028523,1012869.293269327,331.6313500024521,852146.8095807781,1020.802857513178,852146.8095807781,1020.802857513178,15.09014897815356,0.0180767762362179,0.3753220143382658,7.033587062968685e-09,12.0,1997.7422119140624,32.25523981936314,861.9218674781857,687.3489488047708,0.0
2458245.709683403,1011982.0266142201,286.0651641690754,851217.5210098628,1013.5770165202488,851217.5210098628,1013.5770165202488,15.073692772695592,0.0179488182178931,0.3745940479878344,8.882071915786545e-09,12.0,2009.4499267578128,27.88493208047786,861.9218674781857,687.3489488047708,0.0
2458245.7940357,1012258.5951075273,177.38067387656466,851507.1880884421,983.3573553636544,851507.1880884421,983.3573553636544,15.07882231061169,0.0174136766392411,0.977153479540255,7.102198110054571e-09,12.0,4770.02880859375,46.4105742945018,861.9218674781857,687.3489488047708,0.0
2458246.630472034,1009886.1254093625,396.42442716783296,849022.3556396405,1072.412460466786,849022.3556396405,1072.412460466786,15.034819925791856,0.0189906992698046,0.2617519951711441,6.122595068225208e-09,12.0,875.9081787109375,28.01443951852793,861.9218674781857,687.3489488047708,4.0
2458246.641090222,1012695.7740341299,529.7200407944968,851965.0722854858,1110.104833064096,851965.0722854858,1110.104833064096,15.086930703051175,0.0196581705452217,0.1653513462241919,6.361390515843541e-09,12.0,780.5169677734375,21.796065978958065,861.9218674781857,687.3489488047708,4.0
2458246.706775465,1012127.144656348,222.27378792738887,851369.5120006283,994.5290929481843,851369.5120006283,994.5290929481843,15.07638428860365,0.0176115101376477,0.3932240327713964,9.279342607994568e-09,12.0,791.3204345703125,21.993215941302623,861.9218674781857,687.3489488047708,0.0
2458246.71643684,1011889.0367281893,149.57277100221657,851120.1270214809,981.7506535169471,851120.1270214809,981.7506535169471,15.071968081858596,0.0173852245345595,0.9864603583893112,9.775462700420253e-09,12.0,2004.9867675781247,39.45950630418696,861.9218674781857,687.3489488047708,0.0
2458246.7310629617,1012320.0264484562,298.8714460412957,851571.5288846302,1014.5626436823458,851571.5288846302,1014.5626436823458,15.079961682594243,0.0179662720891577,0.3879272060618364,7.273222281386052e-09,12.0,1046.87763671875,30.23997823415825,861.9218674781857,687.3489488047708,0.0
2458246.809780952,1012425.642136888,240.20950639400024,851682.1466471762,996.3526698071969,851682.1466471762,996.3526698071969,15.08192054519594,0.0176438027498669,0.4140749764249963,6.916690002259891e-09,12.0,1129.4896728515623,25.33057662748322,861.9218674781857,687.3489488047708,0.0
2458246.8855144745,1011498.644737952,289.72938849310435,850711.245641101,1019.1497463138824,850711.245641101,1019.1497463138824,15.06472745046157,0.01804750229657,0.8840708594177493,7.286820493093572e-09,12.0,2484.449951171875,70.40291947133281,861.9218674781857,687.3489488047708,0.0
2458247.7081406056,1012721.193312295,505.7913962441006,851991.6954483691,1097.5849296133733,851991.6954483691,1097.5849296133733,15.087402156431816,0.0194364631983897,0.1486468971787406,8.755404751051276e-09,12.0,680.0828491210938,18.066510147789337,861.9218674781857,687.3489488047708,4.0
2458247.768186687,1013585.4923644627,480.08166192947385,852896.9286456391,1077.7355685668915,852896.9286456391,1077.7355685668915,15.103432379925216,0.0190849629499056,0.1523310398640788,7.82498695973699e-09,12.0,894.8557617187499,17.101188449810163,861.9218674781857,687.3489488047708,4.0
2458247.851539182,1013416.6964712646,312.8669792299682,852720.1383949699,1009.4708357813719,852720.1383949699,1009.4708357813719,15.100301709023812,0.0178761043634443,0.2630015654273885,8.036233099323581e-09,12.0,976.459033203125,19.829416932382745,861.9218674781857,687.3489488047708,4.0
2458247.8615426486,1012257.750514401,793.6434302975209,851506.3034944651,1274.1419664020377,851506.3034944651,1274.1419664020377,15.07880664587558,0.0225630042571927,0.1798911540711032,5.179593705677556e-09,12.0,3063.870849609375,37.86954572128029,861.9218674781857,687.3489488047708,4.0
2458247.9267858947,1012783.206213111,291.7511720517493,852056.6453477553,1008.1248446957268,852056.6453477553,1008.1248446957268,15.088552314652004,0.0178522690268834,0.3436708458724713,7.744820864451743e-09,12.0,1035.334033203125,25.38514538142102,861.9218674781857,687.3489488047708,0.0
2458247.9327548165,1012880.748919688,337.037493321994,852158.807783226,1022.6427535823028,852158.807783226,1022.6427535823028,15.090361447014994,0.0181093578353922,0.2663482532679214,7.2709372859673095e-09,12.0,1134.690869140625,22.334902096366516,861.9218674781857,687.3489488047708,4.0
2458248.859667728,1012187.0323146075,246.761560491405,851432.2360036541,1000.2929142036792,851432.2360036541,1000.2929142036792,15.077495029780549,0.017713578138667,0.3523621889002898,8.619627492629812e-09,12.0,866.3690063476563,21.749790113322344,861.9218674781857,687.3489488047708,0.0
2458248.918025021,1012689.3577988471,333.96433447668375,851958.352170307,1023.2221162142613,851958.352170307,1023.2221162142613,15.08681170062336,0.0181196174154673,0.365875354020918,9.020880037144962e-09,12.0,991.1511840820312,31.784246974555984,861.9218674781857,687.3489488047708,0.0
2458248.93290214,1011968.3013807766,250.65058775174,851203.1457344041,1003.3651904515982,851203.1457344041,1003.3651904515982,15.073438209695611,0.0177679832080305,0.3631781412243638,1.0249634536260589e-08,12.0,1109.69208984375,23.1087088142634,861.9218674781857,687.3489488047708,0.0
2458249.7263869136,1012154.8360663078,157.0641122714452,851398.5149059447,980.5322141047051,851398.5149059447,980.5322141047051,15.07689788339401,0.0173636479329166,1.0172726928617948,5.388080436776846e-09,12.0,1775.7532958984375,42.599231439880256,861.9218674781857,687.3489488047708,0.0
2458250.7093557343,1006180.9003069837,352.85428145363574,845141.647038121,1091.6448783453327,845141.647038121,1091.6448783453327,14.966098820133384,0.0193312744473848,0.8311427508423577,9.216134473270318e-09,12.0,1650.8017333984376,88.1203734791744,861.9218674781857,687.3489488047708,2.0
2458254.699165025,1012112.1642577965,145.87418078257443,851353.8221140737,979.0354226017814,851353.8221140737,979.0354226017814,15.07610644595624,0.0173371421635886,1.0236160504392469,5.4618906809537746e-09,12.0,1628.4126220703126,39.78400769386561,861.9218674781857,687.3489488047708,0.0
2458256.752802418,1012295.1939540295,163.19521536072256,851545.520296203,980.3170336284704,851545.520296203,980.3170336284704,15.079501112338432,0.0173598374328865,1.016271850557925,8.644819342272821e-09,12.0,1719.8054687499998,44.21964309254996,861.9218674781857,687.3489488047708,0.0
2458257.827818281,1008322.87233157,273.54061231168834,847385.0651923073,1044.705539603517,847385.0651923073,1044.705539603517,15.00582614620719,0.018500054278998,0.7631866822475274,4.8581615571039964e-09,12.0,1665.3906005859376,60.04616113362969,861.9218674781857,687.3489488047708,0.0
2458258.796093624,1006904.1644075788,191.02598290679202,845899.1657147991,1038.9269268738246,845899.1657147991,1038.9269268738246,14.979513257125094,0.0183977243447687,0.9316496771513731,5.873189439933691e-09,12.0,1620.6520751953124,52.04939250896389,861.9218674781857,687.3489488047708,0.0
2458259.8764804224,1011760.0708293661,187.57727564413716,850985.0531571304,990.0950351101739,850985.0531571304,990.0950351101739,15.069576141041372,0.0175329901072949,0.9872681488558784,7.043637483649906e-09,12.0,1939.7149658203125,50.17221795847384,861.9218674781857,687.3489488047708,0.0
2458264.67189735,1012854.5744514657,177.1494689182757,852131.3936636624,977.7956157013424,852131.3936636624,977.7956157013424,15.089875987064106,0.0173151871781079,1.0257098841299717,5.71770638880328e-09,12.0,3253.6029296875004,48.23571462518011,861.9218674781857,687.3489488047708,0.0
2458271.687160633,1012040.7834343723,255.36536577191123,851279.0606170548,1004.0014356992418,851279.0606170548,1004.0014356992418,15.07478254012786,0.0177792500877109,1.058668217350128,7.45068411968283e-09,12.0,7867.4625,73.73634731927477,861.9218674781857,687.3489488047708,0.0
2458272.676048415,1011235.5687545855,202.15602464047015,850435.7100924379,998.1875405255544,850435.7100924379,998.1875405255544,15.059848159204067,0.0176762953581644,1.0653753512953597,8.487768907770069e-09,12.0,8757.154296875,59.23782414796309,861.9218674781857,687.3489488047708,0.0
2458273.844029633,1010007.9583215812,243.48811860139625,849149.9586913653,1019.9551795324485,849149.9586913653,1019.9551795324485,15.037079570537276,0.0180617652230088,1.0118130781397223,9.87425936505766e-09,12.0,3739.41513671875,69.40531039043472,861.9218674781857,687.3489488047708,0.0
2458274.81104517,1012720.2851941191,150.7286280864213,851990.7443207265,974.166355715645,851990.7443207265,974.166355715645,15.087385313491536,0.0172509188228798,1.0308520540403394,6.701201025769627e-09,12.0,2166.4708984375,40.96860446084746,861.9218674781857,687.3489488047708,0.0
2458277.8096865984,1012349.9973391257,164.89502442788495,851602.9192293478,980.1177172462887,851602.9192293478,980.1177172462887,15.08051755509524,0.0173563078604383,1.0285947520454477,7.445918305513368e-09,12.0,1771.131103515625,45.25372159955915,861.9218674781857,687.3489488047708,0.0
2458278.757603425,1012351.9383235619,718.3318769274314,851604.9521409222,1223.4390867392235,851604.9521409222,1223.4390867392235,15.080553554688477,0.0216651378342583,0.1453976411910072,5.0377878274319995e-09,12.0,1407.300830078125,26.8664654265566,861.9218674781857,687.3489488047708,4.0
2458282.788952726,1012635.7854457761,131.17130280480757,851902.2425722064,971.8435036447181,851902.2425722064,971.8435036447181,15.085818089915753,0.0172097848499418,1.009748748312322,8.679131232011954e-09,12.0,1584.92587890625,34.49273040534123,861.9218674781857,687.3489488047708,0.0
2458285.616676871,1011864.7647917784,141.50472128212505,851094.7055397072,980.6675161795996,851094.7055397072,980.6675161795996,15.071517908317022,0.0173660439149754,0.957364762482971,9.17387885741953e-09,12.0,1602.8931396484377,36.03982145423095,861.9218674781857,687.3489488047708,0.0
2458286.762093474,1012289.1816401775,171.9109596824932,851539.2232326141,982.005848451701,851539.2232326141,982.005848451701,15.079389601473617,0.0173897436262707,1.0141393808949408,1.0027965489105874e-08,12.0,1422.5925781249998,46.632969329098486,861.9218674781857,687.3489488047708,0.0
2458287.727167656,1010725.4318116216,175.46838896396932,849901.4125078621,997.5324518855878,849901.4125078621,997.5324518855878,15.050386608612929,0.0176646947923231,0.9834996628634616,7.094812145480698e-09,12.0,1476.544970703125,47.35308763993543,861.9218674781857,687.3489488047708,0.0
2458288.643400925,1012128.3761749846,152.12666871510132,851370.8018453304,979.926384996211,851370.8018453304,979.926384996211,15.076407129678094,0.017352919674124,1.0151587325996023,3.43775507960288e-09,12.0,1469.4037109375,41.11298060022647,861.9218674781857,687.3489488047708,0.0
2458288.689717317,1011982.8782108915,132.42516451612164,851218.4129390803,978.1570424273834,851218.4129390803,978.1570424273834,15.073708567327015,0.0173215874639264,1.0167996974191928,7.297983398941062e-09,12.0,1439.1576171875,35.64805999527595,861.9218674781857,687.3489488047708,0.0
2458289.783443054,1012527.1516673984,139.81040915608824,851788.4637796871,974.1755404503956,851788.4637796871,974.1755404503956,15.083803250558995,0.0172510814697549,1.0040512696180055,7.946759964967187e-09,12.0,1643.2974853515625,36.84332140164253,861.9218674781857,687.3489488047708,0.0
2458291.6246157265,1012560.970528371,162.74740301868138,851823.8843387727,977.7609982605901,851823.8843387727,977.7609982605901,15.08443049167227,0.0173145741589282,0.9055467954151026,9.047559502856626e-09,12.0,2563.857470703125,38.9013338531962,861.9218674781857,687.3489488047708,0.0
2458291.6930721286,1013213.7312674233,207.0891076399478,852507.5605378645,980.963254849381,852507.5605378645,980.963254849381,15.096537297191125,0.0173712809710031,0.8717845646426979,7.996371563671687e-09,12.0,2213.34287109375,47.54212147118641,861.9218674781857,687.3489488047708,0.0
2458291.727790572,1012521.4779760673,176.00276225989387,851782.5213761502,980.6423474688463,851782.5213761502,980.6423474688463,15.0836980201531,0.0173655982176019,0.918614162391864,8.217644844949672e-09,12.0,2797.747265625,42.83638219328833,861.9218674781857,687.3489488047708,0.0
2458291.8007031186,1012423.130821145,151.3822410844311,851679.5163927812,977.0402043685899,851679.5163927812,977.0402043685899,15.081873967622434,0.0173018100587866,0.9409074097525232,7.283661480481521e-09,12.0,1902.5605957031248,37.55002222148937,861.9218674781857,687.3489488047708,0.0
2458291.827266837,1012285.2387738534,212.15889858562514,851535.0936278441,990.6384853771729,851535.0936278441,990.6384853771729,15.079316472817265,0.017542613737166,0.9647163726768612,1.0003289280441266e-08,12.0,2051.34423828125,55.20518450833486,861.9218674781857,687.3489488047708,0.0
2458291.8693284253,1011222.227438735,203.68368686448397,850421.7369173273,998.6547868165792,850421.7369173273,998.6547868165792,15.059600716754304,0.0176845695382256,0.9018251887629888,8.764525536867865e-09,12.0,2111.365478515625,50.28940698215605,861.9218674781857,687.3489488047708,0.0
2458292.5113136503,1013260.8642108863,304.77327898063044,852556.9257488992,1008.1180942106128,852556.9257488992,1008.1180942106128,15.097411475654829,0.0178521494866529,0.6676708688370429,7.274911065201212e-09,12.0,5609.363671875,53.89883917122691,861.9218674781857,687.3489488047708,4.0
2458292.5247495724,1013411.3757817525,375.32356407189775,852714.5657118025,1032.6059106308217,852714.5657118025,1032.6059106308217,15.100203025770812,0.018285789316992,0.6761822070667597,9.463239685632321e-09,12.0,5867.6509765625,67.44007554274988,861.9218674781857,687.3489488047708,4.0
2458292.5809831144,1009464.5930161466,285.67611577677764,848580.8590128563,1037.1069993245337,848580.8590128563,1037.1069993245337,15.027001730855703,0.0183654963559533,0.6745833358528861,9.773654888738946e-09,12.0,5027.6685546875,54.54294644749964,861.9218674781857,687.3489488047708,4.0
2458292.7932012114,1012046.4796262318,227.09750679391232,851285.0265867697,996.4703179356578,851285.0265867697,996.4703179356578,15.074888187852851,0.0176458861089378,0.9766577158910196,9.14754856650183e-09,12.0,3531.7638671875,60.20757717833786,861.9218674781857,687.3489488047708,0.0
2458293.5891672666,981918.147905343,3061.201461676845,819729.7842389885,3470.9997867478614,819729.7842389885,3470.9997867478614,14.516095615122326,0.0614658217296293,0.0963466124015059,4.178153826034258e-09,12.0,24268.846875,132.55748448223045,861.9218674781857,687.3489488047708,6.0
2458299.757583652,1011595.8451912602,514.2688995603206,850813.0496138155,1111.250111482682,850813.0496138155,1111.250111482682,15.066530235025873,0.0196784515833757,0.6642790941725046,4.823574069207892e-09,12.0,28224.70625,94.07468529546648,861.9218674781857,687.3489488047708,4.0
2458301.670438624,1012719.4550566574,173.94398202141375,851989.8748670497,978.4085692499616,851989.8748670497,978.4085692499616,15.08736991686578,0.0173260415992726,0.9424681176197216,7.556467440220483e-09,12.0,2448.947705078125,43.320856734434514,861.9218674781857,687.3489488047708,0.0
2458302.6460130983,0.0,0.0,0.0,0.0,0.0,0.0,0.0,0.0,0.0,0.0,12.0,0.0,0.0,0.0,0.0,5.0
2458303.5741486195,1011649.9455995476,205.7604720491114,850869.712276403,995.0827332261503,850869.712276403,995.0827332261503,15.067533639615702,0.0176213142162183,0.90684968170365,6.905509768661284e-09,12.0,1760.235595703125,50.65634466934913,861.9218674781857,687.3489488047708,0.0
2458303.7592633176,1012552.4578374723,216.82621370825365,851814.9684775557,989.2867966659995,851814.9684775557,989.2867966659995,15.084272606114842,0.0175186775048239,0.7116199902191378,9.962160160419456e-09,12.0,2654.552978515625,40.77225535018752,861.9218674781857,687.3489488047708,0.0
2458308.552217598,1012744.5824309487,141.83212676032235,852016.1923011738,972.4744336835163,852016.1923011738,972.4744336835163,15.08783595628198,0.0172209576058252,0.9666967116767184,9.489396987560466e-09,12.0,1502.5779541015625,35.762499007264815,861.9218674781857,687.3489488047708,0.0
2458310.5466268845,1012431.1633259886,34.60964568444184,851687.9293258108,964.6949844853033,851687.9293258108,964.6949844853033,15.08202294713079,0.0170831960768854,0.999999299677784,5.833907650301521e-09,12.0,1470.868701171875,0.2180089042093433,861.9218674781857,687.3489488047708,0.0
2458310.5817642547,1012454.1564559609,142.8556486192746,851712.0114354782,975.3410073840973,851712.0114354782,975.3410073840973,15.082449402547285,0.0172717200140303,0.9993945806624924,5.029645785931762e-09,12.0,1505.3409423828125,37.68319134844292,861.9218674781857,687.3489488047708,0.0
2458311.710388005,1012396.0111217243,175.36047623815068,851651.1122748398,981.6805160626451,851651.1122748398,981.6805160626451,15.081370976393089,0.017383982513088,0.9669148841081344,6.559378544305239e-09,12.0,1549.8459716796874,45.17833553491207,861.9218674781857,687.3489488047708,0.0
2458312.720034822,1012277.0995786294,158.7592746998171,851526.5689514639,979.6868030406577,851526.5689514639,979.6868030406577,15.079165514513925,0.0173486770631547,0.9779272236265176,7.088028521016252e-09,12.0,1525.876782226563,41.24794185570209,861.9218674781857,687.3489488047708,0.0
2458313.485904608,1010234.7046131409,180.1510072685797,849387.4439344221,1003.2067088527872,849387.4439344221,1003.2067088527872,15.041285052101657,0.0177651767538967,0.4427217787158697,8.382522912353231e-09,12.0,962.8739990234376,20.56084825673657,861.9218674781857,687.3489488047708,0.0
2458313.6383932265,1011888.5583707589,176.01838826670888,851119.6260085212,986.5538995948716,851119.6260085212,986.5538995948716,15.071959209725156,0.017470282294654,0.4625226366832691,3.363975801514463e-09,12.0,711.293115234375,20.21702047623144,861.9218674781857,687.3489488047708,0.0
2458313.652322225,1012547.1972278494,272.1806965452622,851809.4587197275,1004.2297158968726,851809.4587197275,1004.2297158968726,15.084175037168352,0.0177832925627308,0.4699109701272097,5.212234313436573e-09,12.0,718.6011596679688,33.36464401103967,861.9218674781857,687.3489488047708,0.0
2458313.7599146133,1012688.621394815,207.948732344251,851957.5808893773,985.9440126295866,851957.5808893773,985.9440126295866,15.086798042478998,0.0174594821777463,0.4622513113832166,3.5977053814573757e-09,12.0,950.0806884765624,24.16544714925224,861.9218674781857,687.3489488047708,0.0
2458313.8050429,1012544.3771642656,201.79197324116927,851806.5050948585,985.8657156218277,851806.5050948585,985.8657156218277,15.084122733224012,0.017458095663711,0.4444715702125483,7.0520487435878645e-09,12.0,1065.6678466796875,22.30249554827993,861.9218674781857,687.3489488047708,0.0
2458313.8224270856,1012356.1814933377,234.49684007031678,851609.3962718429,995.4956582681806,851609.3962718429,995.4956582681806,15.080632253096915,0.0176286264543573,0.4384589780499039,7.003725573401386e-09,12.0,1161.2404296875,26.28399656549716,861.9218674781857,687.3489488047708,0.0
2458328.490073482,1008790.4010774402,479.46911312315297,847874.7366091373,1118.8788997440474,847874.7366091373,1118.8788997440474,15.014497439166606,0.0198135451495224,1.1490746870659476,8.368911083612009e-09,12.0,8042.802050781251,159.9591926990204,861.9218674781857,687.3489488047708,0.0
2458329.504418951,1011917.4591768377,200.47924531977145,851149.8955882743,991.3904393424017,851149.8955882743,991.3904393424017,15.072495235281844,0.017555929632071,1.129976074479434,6.6536525955964085e-09,12.0,2610.60048828125,61.60706098483429,861.9218674781857,687.3489488047708,0.0
2458330.490099085,1009541.2839447611,229.98336192878446,848661.1821074348,1021.0550888585285,848661.1821074348,1021.0550888585285,15.028424123628817,0.0180812428475289,0.5635818766801575,6.060993899967513e-09,12.0,1932.178173828125,36.01733899246408,861.9218674781857,687.3489488047708,4.0
2458330.525338869,1011634.3427972861,124.11944520087735,850853.3705084213,980.2746235628371,850853.3705084213,980.2746235628371,15.067244253197025,0.0173590864188577,1.1313392582385082,9.425350820636644e-09,12.0,1907.298876953125,37.60318663458765,861.9218674781857,687.3489488047708,0.0
2458331.657604732,1012259.6099382684,159.17191619036754,851508.2509826729,979.923801897773,851508.2509826729,979.923801897773,15.078841132758432,0.0173528739316066,1.2711180940541869,2.528231007977888e-09,12.0,2151.8228515625,54.399679855831046,861.9218674781857,687.3489488047708,0.0
2458333.5869941013,1014930.7091288937,1332.823062980022,854305.8563421726,1683.546459595769,854305.8563421726,1683.546459595769,15.128382222606197,0.0298128991405147,0.0673826275098849,9.421510586883233e-09,12.0,1125.8739501953123,21.4830671821367,861.9218674781857,687.3489488047708,4.0
2458335.523395727,1008582.48443593,226.44870568094726,847656.9728088786,1029.6707460629634,847656.9728088786,1029.6707460629634,15.010641192624332,0.0182338122748833,0.973445544670692,1.026406625075159e-08,12.0,2398.9804199218747,63.07798659170203,861.9218674781857,687.3489488047708,0.0
2458339.510085107,1011737.7777897649,146.32066484955283,850961.7042948769,982.6456681258267,850961.7042948769,982.6456681258267,15.069162670256857,0.0174010738032932,1.233478176821872,5.7392870046686204e-09,12.0,1917.5589355468749,48.902217829741545,861.9218674781857,687.3489488047708,0.0
2458340.59740113,1011405.3536478109,162.00100839422808,850613.5361832537,988.4981196861643,850613.5361832537,988.4981196861643,15.0629971731679,0.0175047113044139,1.2224343995205935,6.5147071095614825e-09,12.0,1733.78447265625,54.05896681282434,861.9218674781857,687.3489488047708,0.0
2458347.5466683856,1010977.0499186275,170.64984139794916,850164.9475226521,994.1900199635861,850164.9475226521,994.1900199635861,15.055053389723216,0.0176055057006252,1.2404650385604132,4.6489208177427995e-09,12.0,2343.8419921875,58.32894260384155,861.9218674781857,687.3489488047708,0.0
2458348.5877401214,0.0,0.0,0.0,0.0,0.0,0.0,0.0,0.0,0.0,0.0,12.0,0.0,0.0,0.0,0.0,5.0
2458349.5870693284,1010617.954540523,233.28896134843012,849788.8449960657,1011.4697980611254,849788.8449960657,1011.4697980611254,15.048393219088956,0.0179115027692871,1.1028158367607772,1.0044820116593938e-08,12.0,5203.4228515625,71.89872846765581,861.9218674781857,687.3489488047708,0.0
2458354.5574350148,1009969.3565355538,377.14948643964533,849109.5286826796,1063.9870669395928,849109.5286826796,1063.9870669395928,15.036363620131324,0.0188414991060588,1.055612090064805,7.923626463123839e-09,12.0,5321.1490234375,113.2055052127836,861.9218674781857,687.3489488047708,0.0
2458355.614116354,1008308.133897633,284.0461517895641,847369.6287300761,1047.9221783482508,847369.6287300761,1047.9221783482508,15.005552791296802,0.0185570157759152,1.1913591615769008,5.277451092526542e-09,12.0,7883.343359375001,98.65723681653392,861.9218674781857,687.3489488047708,0.0
2458357.5979488795,1006727.8614051208,255.0865924660591,845714.5128099944,1055.714568928271,845714.5128099944,1055.714568928271,14.976243351269169,0.0186950064759054,1.0776019100852563,6.25854406708628e-09,12.0,3540.658642578125,81.73869125121708,861.9218674781857,687.3489488047708,0.0
2458366.570864212,1011954.3564574278,145.14933431949044,851188.5403642869,980.4047404646192,851188.5403642869,980.4047404646192,15.07317957208942,0.0173613905798431,1.2635836969463177,8.334686433778403e-09,12.0,1688.194140625,49.479163725695145,861.9218674781857,687.3489488047708,0.0
2458670.560830028,1012402.0304345463,119.19979394384123,851657.4166688778,972.3374058428631,851657.4166688778,972.3374058428631,15.081482617068348,0.0172185310632314,2.188915206549026,7.036364568433905e-09,12.0,2227.1875,70.32771933034664,861.9218674781857,687.3489488047708,0.0
2458671.63542872,1012162.4045686845,162.33919181804046,851406.4418608422,981.4033174601942,851406.4418608422,981.4033174601942,15.077038257011568,0.0173790737718236,1.9005360953892367,9.604890256127136e-09,12.0,2175.03759765625,83.95721072358718,861.9218674781857,687.3489488047708,0.0
2458672.7449510684,1012553.6661898881,350.0901009954129,851816.2340588582,1030.3113977779801,851816.2340588582,1030.3113977779801,15.084295017523514,0.0182451571860113,0.2946966005294496,7.299016602606136e-09,12.0,1878.801928710937,26.38703186769387,861.9218674781857,687.3489488047708,4.0
2458683.625741721,1012099.3730151523,160.97756167032304,851340.4250642371,981.7483977892936,851340.4250642371,981.7483977892936,15.075869205758153,0.017385184589252,2.1374218104283798,7.872642074235905e-09,12.0,3554.132421875,94.21448764877088,861.9218674781857,687.3489488047708,0.0
2458684.5981238056,1010601.5062467481,423.13146667252283,849771.6176931711,1077.0743338301625,849771.6176931711,1077.0743338301625,15.048088151271712,0.0190732535465791,1.772944946789215,7.46099758201358e-09,12.0,5457.637304687501,211.0888337493712,861.9218674781857,687.3489488047708,2.0
2458685.6287009246,1013345.3007636212,302.9802807452066,852645.361308799,1006.7832040729539,852645.361308799,1006.7832040729539,15.09897752713662,0.0178285107300205,0.7053899308916862,9.145554411707974e-09,12.0,5483.46787109375,56.56886537811175,861.9218674781857,687.3489488047708,0.0
2458690.62935655,1012305.1277535186,136.38074746333882,851555.9245712633,975.7190906282221,851555.9245712633,975.7190906282221,15.079685355310298,0.0172784152599854,2.1396911669664003,8.869316012299097e-09,12.0,2133.969482421875,79.29406176435181,861.9218674781857,687.3489488047708,0.0
2458691.572931574,1011913.3289336408,134.20213690513108,851145.5697322582,979.0806959433692,851145.5697322582,979.0806959433692,15.072418631331669,0.0173379438816278,2.175539364046549,8.73090388094244e-09,12.0,2025.5470214843751,79.72186298661336,861.9218674781857,687.3489488047708,0.0
2458692.4976308043,1011876.7805209041,222.25222723239654,851107.2903468604,996.8481589689368,851107.2903468604,996.8481589689368,15.071740765003996,0.0176525770657285,1.0027691520491175,9.524637591570635e-09,12.0,2704.190087890625,60.63749362895728,861.9218674781857,687.3489488047708,0.0
2458692.5868348223,1011562.8535052773,150.071925233964,850778.4954056273,984.9281536265675,850778.4954056273,984.9281536265675,15.06591833559314,0.017441492949219,1.9564230225280244,7.446188415867312e-09,12.0,2263.785205078125,80.75234243683632,861.9218674781857,687.3489488047708,0.0
2458696.51110067,1012039.0002763876,221.870844296951,851277.1930067647,995.2472254316559,851277.1930067647,995.2472254316559,15.074749467754414,0.0176242271085262,0.731657863286859,1.0272457729198631e-08,12.0,2814.8236328125004,43.49991725194479,861.9218674781857,687.3489488047708,0.0
2458698.608023172,1012045.2820494077,116.26500973190952,851283.7722914022,975.3098968440197,851283.7722914022,975.3098968440197,15.074865976299916,0.0172711690964193,2.210155122529773,6.6665449945698595e-09,12.0,1854.4604980468748,69.77529612536104,861.9218674781857,687.3489488047708,0.0
2458699.654892126,1011979.7602421482,135.43774805258633,851215.1472999398,978.6388961904275,851215.1472999398,978.6388961904275,15.073650738111915,0.0173301203188151,2.138326568024824,9.968404183374373e-09,12.0,2215.86708984375,78.91525781968049,861.9218674781857,687.3489488047708,0.0
2458704.521993249,1010743.8736786138,188.55296055896233,849920.7278017744,999.9703821902896,849920.7278017744,999.9703821902896,15.050728651391733,0.0177078666156318,2.122040955013728,7.938594242606287e-09,12.0,5462.420703125001,112.03573245516444,861.9218674781857,687.3489488047708,0.0
2458711.630342005,1012004.8310861983,164.78967127937884,851241.4055264887,983.3296369580556,851241.4055264887,983.3296369580556,15.074115729057215,0.0174131857908741,2.009500320202856,5.8861207755454e-09,12.0,7924.527246093749,90.586663370131,861.9218674781857,687.3489488047708,0.0
2458715.59106472,1011613.2132875007,128.67193757702995,850831.2402820234,981.1198947290251,850831.2402820234,981.1198947290251,15.06685236249286,0.0173740548112536,2.130746650096274,7.727002875099838e-09,12.0,2179.356982421875,75.14463422084006,861.9218674781857,687.3489488047708,0.0
2458718.5274638413,1009721.8656922893,188.81224899449728,848850.3164033405,1009.9706878457873,848850.3164033405,1009.9706878457873,15.031773387711022,0.0178849559392928,2.013148895005749,1.0338465247023071e-08,12.0,2231.47744140625,107.99277759496836,861.9218674781857,687.3489488047708,0.0
2458724.5766230286,1011996.1189315257,129.9523061405682,851232.2807546742,977.6679261505521,851232.2807546742,977.6679261505521,15.07395414402924,0.0173129260016032,2.2013710597796075,1.009556170100892e-08,12.0,2043.6354736328128,78.15182852773427,861.9218674781857,687.3489488047708,0.0
2458730.579806504,1011879.0218485763,130.5326314433483,851109.6378262534,978.8614964915773,851109.6378262534,978.8614964915773,15.07178233508719,0.0173340622120067,2.1788697505721264,8.999326082157325e-09,12.0,2945.8462890625,77.74129612875575,861.9218674781857,687.3489488047708,0.0
2458740.499304581,1011346.4107834155,189.69416419270723,850551.801720559,994.4468862847085,850551.801720559,994.4468862847085,15.061903955158192,0.0176100543898999,2.0409649988277008,7.725593949034197e-09,12.0,3622.496435546874,107.43877893461344,861.9218674781857,687.3489488047708,0.0
2458740.5030944142,1011518.2508902759,213.7397552984896,850731.7803621674,998.1631540260089,850731.7803621674,998.1631540260089,15.065091087333329,0.0176758635124929,2.008657879814071,7.66634600872921e-09,12.0,3646.4073730468754,118.98333669089776,861.9218674781857,687.3489488047708,0.0
2458644.7027638205,1075812.2098458067,313.344733191817,970613.5037908818,843.8781042800916,970613.5037908818,843.8781042800916,17.188003531477868,0.0149437235108034,2.1195242321536285,1.2471692520293434e-08,12.0,1267.5181884765625,54.155678831632,862.758278685447,693.9984165982005,0.0
2458552.871814847,1074405.433358387,314.54362711377416,969064.763963111,833.2971219435394,969064.763963111,833.2971219435394,17.160577840896494,0.014756351337372,2.0102551153883548,1.2774151840112469e-08,12.0,1337.5653076171875,52.68264219915228,862.758278685447,693.9984165982005,0.0
2458642.6336463047,1075985.3344978832,347.49739123638335,970804.099131533,861.3036383477479,970804.099131533,861.3036383477479,17.19137866831184,0.0152523016831892,2.087119854371579,1.31726123015959e-08,12.0,1306.5697021484375,59.133031566643055,862.758278685447,693.9984165982005,0.0
2458559.853414912,1075933.3066015195,427.61601051727314,970746.820895811,903.5489247805893,970746.820895811,903.5489247805893,17.19036436291219,0.0160003977374477,2.0865555035982,8.353265301013194e-09,12.0,1322.771728515625,73.64228447340274,862.758278685447,693.9984165982005,0.0
2458645.6890265997,1075982.8328939523,376.94324879507866,970801.3450809247,876.1644404200026,970801.3450809247,876.1644404200026,17.19132989850656,0.0155154625783353,2.102198912660789,9.84220935584494e-09,12.0,1635.7427978515625,64.9474682181958,862.758278685447,693.9984165982005,0.0
2458562.841609053,1074844.8257948726,625.3866434704502,969548.4972160428,1026.7562186663963,969548.4972160428,1026.7562186663963,17.169143978527195,0.018182200683875,1.8137812482582607,1.1185322837038709e-08,12.0,4558.0751953125,94.9384694026516,862.758278685447,693.9984165982005,2.0
2458645.7835784284,1075299.5287262711,409.4355301731104,970049.0860060581,888.4830404641265,970049.0860060581,888.4830404641265,17.178008600600762,0.0157336051657136,1.328616501780286,8.011277662828871e-09,12.0,1350.3636474609375,44.669058920163536,862.758278685447,693.9984165982005,0.0
2458573.8126538964,1071872.9276198023,907.9530767295491,966276.6931242261,1241.9077325141684,966276.6931242261,1241.9077325141684,17.11120559206872,0.0219921878367171,1.6454411261745667,1.282154902580312e-08,12.0,1677.98291015625,132.40100866979267,862.758278685447,693.9984165982005,2.0
2458647.62034974,1075485.7903105984,501.42617350392385,970254.1439783876,945.226038505017,970254.1439783876,945.226038505017,17.18163984737283,0.0167384323671736,2.0403578153311,1.2406441316171678e-08,12.0,3891.182861328125,85.22430957989928,862.758278685447,693.9984165982005,0.0
2458575.8799212724,1074286.4950795956,374.76643575020955,968933.8231554852,862.0682171891746,968933.8231554852,862.0682171891746,17.158259089864202,0.0152658411443395,2.0657253324579257,1.2126870457326717e-08,12.0,1269.662841796875,65.40390292998914,862.758278685447,693.9984165982005,0.0
2458653.785724488,1075500.8239767433,531.3722113848793,970270.6947508265,964.9557913514824,970270.6947508265,964.9557913514824,17.18193293492417,0.0170878145468731,2.104583109223656,1.152450358988192e-08,12.0,13559.18359375,93.155223565301,862.758278685447,693.9984165982005,0.0
2458580.8757536914,1073256.5776566272,839.8073976660397,967799.9727204449,1189.4166989126948,967799.9727204449,1189.4166989126948,17.138180422912292,0.021062656084491,1.55479257966846,5.548383709731787e-09,12.0,1541.428955078125,112.45675843683205,862.758278685447,693.9984165982005,2.0
2458656.660082475,1074114.1337819397,741.42431176004,968744.0682023471,1112.1940553363997,968744.0682023471,1112.1940553363997,17.154898834940987,0.0196951673103132,1.0228286978128298,9.41091030008716e-09,12.0,6767.8017578125,64.30521703166826,862.758278685447,693.9984165982005,0.0
2458582.7934868326,1075393.7005858356,427.72769342626276,970152.7611178245,899.5674669434773,970152.7611178245,899.5674669434773,17.17984452002719,0.0159298925249224,2.033921874494532,7.0829710419025755e-09,12.0,1307.4051513671875,72.52390013338331,862.758278685447,693.9984165982005,0.0
2458661.633507722,1076844.299898212,820.3547900737968,971749.7461039288,1192.920554046464,971749.7461039288,1192.920554046464,17.208124554740976,0.0211247037215554,0.4753431340881697,1.3126187179826678e-08,12.0,1273.245849609375,30.44087686174355,862.758278685447,693.9984165982005,4.0
2458583.7902215766,1074954.888619832,351.2210826081067,969669.66691293,855.0782386217788,969669.66691293,855.0782386217788,17.171289698909078,0.0151420598700917,2.1143110397218785,1.313825723338073e-08,12.0,1325.0625,61.73149747642616,862.758278685447,693.9984165982005,0.0
2458661.645333824,1075737.4325908653,780.8324183869851,970531.1804694618,1153.7230079593712,970531.1804694618,1153.7230079593712,17.186545717905567,0.0204305782453088,0.412979052983436,1.2959790070775338e-08,12.0,1354.5267333984375,25.08218930713929,862.758278685447,693.9984165982005,4.0
2458585.7849066663,1074787.230420954,317.635691138613,969485.0896667399,837.6914971538649,969485.0896667399,837.6914971538649,17.16802113284549,0.0148341686522339,2.1068252340523417,1.2731534757473414e-08,12.0,1386.3519287109375,55.58361800531202,862.758278685447,693.9984165982005,0.0
2458661.657180235,1073742.1032309292,914.7305599676691,968334.4945873135,1257.0272445133996,968334.4945873135,1257.0272445133996,17.147645945181978,0.0222599300684314,0.311682512265176,1.25643197941393e-08,12.0,1313.2320556640625,22.60418869543051,862.758278685447,693.9984165982005,4.0
2458587.77968206,1075072.8334126126,314.7770468984796,969799.5139779701,838.6301007173963,969799.5139779701,838.6301007173963,17.173589081519914,0.0148507898112242,2.1205073412275564,1.1457229112884972e-08,12.0,1402.7381591796875,55.135903946694334,862.758278685447,693.9984165982005,0.0
2458661.6689993683,1074801.1199298115,1007.7847371965815,969500.3808204861,1345.5786022076195,969500.3808204861,1345.5786022076195,17.168291914576386,0.0238280321428626,0.3295937884860063,1.2678169404081869e-08,12.0,1248.7574462890625,26.451059466943416,862.758278685447,693.9984165982005,4.0
2458589.8164426475,1075385.2148097532,395.1650367023508,970143.4190087501,881.2669508740104,970143.4190087501,881.2669508740104,17.179679086306002,0.0156058198290436,2.1166514592868686,1.215738172443442e-08,12.0,2001.169921875,69.24965063524049,862.758278685447,693.9984165982005,0.0
2458661.6808166304,1073898.9171362354,1810.1568820493005,968507.133199679,2130.5714457860236,968507.133199679,2130.5714457860236,17.150703097248595,0.037728992427171,0.2189540920316047,1.3072054456632162e-08,12.0,1238.144287109375,32.65553757262934,862.758278685447,693.9984165982005,4.0
2458590.771941144,1075792.2298963142,445.44445483141993,970591.507586216,912.8777919439764,970591.507586216,912.8777919439764,17.187614014082953,0.0161655969656912,2.1234541633105595,1.3178196578420913e-08,12.0,3477.655029296875,78.16902576491313,862.758278685447,693.9984165982005,0.0
2457821.8976806644,1076121.8891080378,370.67372741432365,970954.434003705,874.0068409732905,970954.434003705,874.0068409732905,17.19404085702415,0.0154772549634971,1.3253474200000588,8.279535638221822e-09,12.0,1404.8203125,39.37777327313912,862.758278685447,693.9984165982005,0.0
2458601.7388531603,1071454.0075410975,779.2215458950463,965815.4981751025,1128.8061674227338,965815.4981751025,1128.8061674227338,17.103038571536587,0.0199893410881249,1.657752679829111,1.3093131420720951e-08,12.0,1695.2860107421875,114.58400818379074,862.758278685447,693.9984165982005,2.0
2457844.729581457,1075308.4858357846,403.08178046200464,970058.9470126708,885.0224131637494,970058.9470126708,885.0224131637494,17.1781832231625,0.0156723230240293,1.2150855825721607,9.64983032694635e-09,12.0,1203.5872802734375,39.83684699748721,862.758278685447,693.9984165982005,0.0
2458601.913359296,1070719.2941224023,766.8696020120962,965006.6419397978,1114.7526715313718,965006.6419397978,1114.7526715313718,17.088715028978626,0.019740476286567,1.614959460802696,1.2575742430062472e-08,12.0,1967.15625,110.96346752264694,862.758278685447,693.9984165982005,2.0
2457844.742610609,1075290.4537504395,346.66547255731655,970039.0952387742,855.4287205308335,970039.0952387742,855.4287205308335,17.177831680186316,0.0151482663408105,1.2099921490665986,9.201872962592358e-09,12.0,1207.9718017578125,33.570950034390606,862.758278685447,693.9984165982005,0.0
2458604.734761808,1074892.7642317684,320.8466991646137,969601.2733088798,839.9991308704311,969601.2733088798,839.9991308704311,17.170078558219856,0.014875033132601,2.075647530464126,1.2515157213557596e-08,12.0,1306.9976806640625,55.24476066681032,862.758278685447,693.9984165982005,0.0
2457844.7719857614,1075926.7023597802,392.3437732053963,970739.5501941014,883.8874332576413,970739.5501941014,883.8874332576413,17.190235610482745,0.015652224355962,1.2178629601573494,8.613961101158289e-09,12.0,1225.3238525390625,38.138116416878354,862.758278685447,693.9984165982005,0.0
2458605.732127586,1074590.1937066375,315.76804627004327,969268.1692037348,835.2951741558387,969268.1692037348,835.2951741558387,17.164179820449135,0.0147917336273844,1.996479576540586,1.2897565975147046e-08,12.0,1356.2344970703125,52.40695375006054,862.758278685447,693.9984165982005,0.0
2457845.7271169964,1075307.6735427203,432.3772908938572,970058.0527479239,901.6196796609768,970058.0527479239,901.6196796609768,17.178167387172607,0.015966233910343,1.2089378539473183,1.0418531165631848e-08,12.0,1237.9451904296875,42.69866340125322,862.758278685447,693.9984165982005,0.0
2458606.7295040386,1074390.142861286,379.43486295863295,969047.930441895,865.3132139011503,969047.930441895,865.3132139011503,17.160279746319233,0.0153233048152314,2.089592264602306,1.3075453510065273e-08,12.0,1292.008056640625,66.9750539950395,862.758278685447,693.9984165982005,0.0
2457846.8568904856,1074472.2833152798,340.4127767078493,969138.360011702,846.0410335181418,969138.360011702,846.0410335181418,17.161881108508325,0.0149820255076711,1.2933899547176837,1.3047793016063865e-08,12.0,1186.156982421875,36.10610086983555,862.758278685447,693.9984165982005,0.0
2458608.82228736,1075303.4300003406,382.5554374388921,970053.3809730154,873.8718124630844,970053.3809730154,873.8718124630844,17.17808465755541,0.0154748638258288,2.126637140999493,1.3180854346049617e-08,12.0,1385.96044921875,67.69862092256416,862.758278685447,693.9984165982005,0.0
2457847.7364619663,0.0,0.0,0.0,0.0,0.0,0.0,0.0,0.0,0.0,0.0,12.0,0.0,0.0,0.0,0.0,5.0
2458611.716154701,1075061.9541488814,351.2039990674169,969787.5368450086,855.8968069688374,969787.5368450086,855.8968069688374,17.17337698576518,0.015156555398523,2.064827163446544,1.0816865483069397e-08,12.0,1274.5694580078125,60.10886166354631,862.758278685447,693.9984165982005,0.0
2457848.9131829925,1075706.9858074063,354.2895268344189,970497.6611815068,862.4585914701472,970497.6611815068,862.4585914701472,17.185952145245082,0.0152727540447821,1.2860934050764037,1.2118795400994776e-08,12.0,1238.057373046875,36.54527134646342,862.758278685447,693.9984165982005,0.0
2458613.7643298614,1074725.3612271904,328.77718347458807,969416.9770096466,842.4045403272204,969416.9770096466,842.4045403272204,17.166814967274867,0.014917629064016,2.090762677969669,1.259020414442816e-08,12.0,1337.105224609375,57.39013846047441,862.758278685447,693.9984165982005,0.0
2457849.7858323567,1075629.67567273,474.77990048167476,970412.549377511,929.4424451911091,970412.549377511,929.4424451911091,17.18444495213275,0.0164589303238172,1.2891161268702136,8.088866022183762e-09,12.0,1178.32275390625,50.12229201261768,862.758278685447,693.9984165982005,0.0
2458617.8528534826,1074626.8153243382,324.6182671698461,969308.486452707,839.681167015465,969308.486452707,839.681167015465,17.164893774061987,0.0148694025043018,2.094787894825189,1.1106622510780508e-08,12.0,1488.5283203125,56.66603419381161,862.758278685447,693.9984165982005,0.0
2457851.8305679527,1075330.1991721902,365.39873451161344,970082.8515271312,865.1338090252889,970082.8515271312,865.1338090252889,17.1786065336536,0.0153201278435245,1.306382996502693,1.2545513175424506e-08,12.0,1902.6243896484373,38.76655134924337,862.758278685447,693.9984165982005,0.0
2458618.697622888,1074917.9016202057,345.8702998107206,969628.9474099088,852.1445749883337,969628.9474099088,852.1445749883337,17.1705686220242,0.0150901094071166,2.069991816327573,1.0197440050750654e-08,12.0,3423.487548828125,59.43529761469447,862.758278685447,693.9984165982005,0.0
2457864.880693162,1076130.2814797433,451.9641139701308,970963.6732826008,919.2679132110799,970963.6732826008,919.2679132110799,17.194204469788303,0.0162787557322616,1.2664625889397314,6.954261555903491e-09,12.0,1410.451171875,46.32682839820973,862.758278685447,693.9984165982005,0.0
2458618.885815346,1074411.523971168,371.23593048044194,969071.4692035472,861.1527188893514,969071.4692035472,861.1527188893514,17.160696579916575,0.0152496291423954,2.0529521658815004,8.981303504198622e-09,12.0,1977.8587646484373,63.966721204122415,862.758278685447,693.9984165982005,0.0
2457867.790685161,1075911.7821436273,496.8926264327575,970723.1243203382,945.3743173906345,970723.1243203382,945.3743173906345,17.189944734685994,0.0167410581476719,1.2529056815428452,9.270723599334188e-09,12.0,1156.1790771484375,50.79156366305641,862.758278685447,693.9984165982005,0.0
2458625.694211842,1076913.072579832,2238.0233654709796,971825.4589069505,2584.381267654476,971825.4589069505,2584.381267654476,17.209465306668115,0.0457652342375619,0.101479938697979,1.2746675641723982e-08,12.0,509.7560424804688,15.917179220806943,862.758278685447,693.9984165982005,0.0
2457954.5702548465,1075782.1020253378,486.6864480590187,970580.3576720032,937.9774250364042,970580.3576720032,937.9774250364042,17.187416567041346,0.0166100710849431,0.901302519698832,8.103099253694613e-09,12.0,1161.234619140625,35.18407973574855,862.758278685447,693.9984165982005,0.0
2458625.696380625,1075388.2840722979,477.0584259580006,970146.798002632,929.1101735261968,970146.798002632,929.1101735261968,17.179738922851193,0.0164530463272237,2.117192804336076,1.0687259659227174e-08,12.0,10591.4296875,84.24080823653343,862.758278685447,693.9984165982005,0.0
2457954.7682001246,1076276.6926168054,1097.8974429429725,971124.8593425228,1435.4172433264125,971124.8593425228,1435.4172433264125,17.197058815577172,0.0254189299356319,0.3546908449087114,7.166972438060296e-09,12.0,1161.449462890625,30.724322065661983,862.758278685447,693.9984165982005,4.0
2458626.672460061,1074714.2863543932,523.4996760543823,969404.78452794,954.2760960603262,969404.78452794,954.2760960603262,17.166599058040333,0.016898694325835,2.0811046970426617,9.624055962667223e-09,12.0,6683.5166015625,91.8118357130566,862.758278685447,693.9984165982005,0.0
2457955.6188473417,1075605.3097668556,428.95298436560967,970385.7246123793,901.8528538294444,970385.7246123793,901.8528538294444,17.183969928700648,0.0159703630497125,0.8667224431701591,8.680419306137872e-09,12.0,1081.691162109375,29.407961633580737,862.758278685447,693.9984165982005,0.0
2458627.7939480217,-564703475.5373487,-564703475.5373487,-564703475.5373487,-564703475.5373487,-564703475.5373487,-564703475.5373487,-9999.99,-9999.99,-9999.99,-9999.99,12.0,-9999.99,-9999.99,-9999.99,-9999.99,5.0
2457956.5631980146,1075661.9788672756,433.50437391277666,970448.1124142865,904.9096597768278,970448.1124142865,904.9096597768278,17.185074716296654,0.0160244941649437,1.204582065811697,7.2434686787809954e-09,12.0,1139.913818359375,42.46187608674204,862.758278685447,693.9984165982005,0.0
2458627.796092052,1085944.9556123014,9192.320920304077,981768.7847282457,10157.160977853875,981768.7847282457,10157.160977853875,17.38554560914028,0.1798669790552956,0.1558729760444265,1.2008744452961411e-08,12.0,14963.037109375,100.9039156447527,862.758278685447,693.9984165982005,4.0
2457958.5700916494,0.0,0.0,0.0,0.0,0.0,0.0,0.0,0.0,0.0,0.0,12.0,0.0,0.0,0.0,0.0,5.0
2458629.66819276,0.0,0.0,0.0,0.0,0.0,0.0,0.0,0.0,0.0,0.0,12.0,0.0,0.0,0.0,0.0,5.0
2457960.652415336,1075498.820581196,502.40042648812016,970268.4891847669,945.9454075551806,970268.4891847669,945.9454075551806,17.181893877897792,0.0167511712356587,1.2002083837564157,6.952644874016397e-09,12.0,1033.2991943359375,49.53933225150523,862.758278685447,693.9984165982005,0.0
2458631.752334596,1074954.6934375677,380.40500502816275,969669.4520340569,870.077437746173,969669.4520340569,870.077437746173,17.171285893749953,0.0154076715543641,1.8636458565515224,1.2987603829134874e-08,12.0,1345.6845703125,58.65549010479308,862.758278685447,693.9984165982005,0.0
2457965.5860123383,1051241.5392348543,11871.736623938166,943563.3103091773,13084.988736530977,943563.3103091773,13084.988736530977,16.708988125989684,0.2317140980775992,0.0376514925551573,8.057220724650697e-09,12.0,6741.4208984375,54.82643779740346,862.758278685447,693.9984165982005,6.0
2458635.814679356,1074371.7649637747,296.0204320397334,969027.6979585679,824.7674488122796,969027.6979585679,824.7674488122796,17.15992146159156,0.0146053045496137,2.062723162536532,1.2839555363598135e-08,12.0,1432.6453857421875,50.86468388183565,862.758278685447,693.9984165982005,0.0
2457968.538156412,0.0,0.0,0.0,0.0,0.0,0.0,0.0,0.0,0.0,0.0,12.0,0.0,0.0,0.0,0.0,5.0
2458637.715650966,1075834.5637188354,313.3744644401638,970638.1134810307,844.0714906966764,970638.1134810307,844.0714906966764,17.188439329495864,0.0149471480731016,2.11039318158236,1.3159871463793044e-08,12.0,1331.00439453125,53.84685106881752,862.758278685447,693.9984165982005,0.0
2457968.69991766,1075750.4370566127,802.1880456324404,970545.4972669221,1171.4208483172004,970545.4972669221,1171.4208483172004,17.18679924535428,0.0207439785239798,1.1805184633260903,6.693980521941009e-09,12.0,10753.005859375,78.39587767680388,862.758278685447,693.9984165982005,0.0
2458638.643989451,1074765.0180744398,357.2390835468183,969460.6357851019,856.638587501263,969460.6357851019,856.638587501263,17.167588093945547,0.0151696911383011,1.764840318991856,9.09383935491657e-09,12.0,1265.68994140625,52.13454570435861,862.758278685447,693.9984165982005,0.0
2457969.749929613,1078391.123848509,1273.5041825637315,973452.666134081,1611.0110808355287,973452.666134081,1611.0110808355287,17.2382805286459,0.028528414284886,1.1142266825058509,1.3058883491014725e-08,12.0,25250.208984375,113.13728364578516,862.758278685447,693.9984165982005,2.0
2458639.803465252,1073694.6529717227,540.4282642726499,968282.255936093,958.8394559337927,968282.255936093,958.8394559337927,17.146720882715663,0.0169795040872016,0.7134518306643542,1.2351633922739636e-08,12.0,1457.762451171875,31.57893284747593,862.758278685447,693.9984165982005,0.0
2457970.554457886,1075194.5577657046,813.7233215267215,969933.5220135953,1177.8594013305978,969933.5220135953,1177.8594013305978,17.175962148225224,0.0208579949388552,1.1712571323993557,7.537950427194972e-09,12.0,14689.2275390625,79.64134334130927,862.758278685447,693.9984165982005,0.0
2458641.757848639,1074059.6141994467,392.609649441525,968684.0468346642,869.9687385739791,968684.0468346642,869.9687385739791,17.15383595308773,0.0154057466669107,2.026237160020101,7.98694593729293e-09,12.0,1357.688232421875,67.1423700843399,862.758278685447,693.9984165982005,0.0
2458654.606840713,1074926.2867289085,583.5542113428456,969638.1786928618,996.9982046336215,969638.1786928618,996.9982046336215,17.170732093193088,0.0176552341330415,2.014537938928376,1.1844664277438516e-08,12.0,12378.55859375,99.00838939489384,862.758278685447,693.9984165982005,0.0
2457971.500056308,1074765.8356768466,729.1953852885229,969461.5358949773,1106.1743407243214,969461.5358949773,1106.1743407243214,17.16760403344326,0.0195885678496558,1.2173162275737004,1.266054732200658e-08,12.0,12786.705078125,74.53411793520834,862.758278685447,693.9984165982005,0.0
2458655.6573912688,1068313.3588107023,1142.7347098370585,962357.9142466693,1444.6055165528555,962357.9142466693,1444.6055165528555,17.041810323072923,0.0255816394714538,1.0712007370523522,6.459665753716376e-09,12.0,13063.6005859375,115.04619352894912,862.758278685447,693.9984165982005,0.0
2457972.473804821,1068475.6803473874,1143.7713015726808,962536.6162871264,1446.170379992271,962536.6162871264,1446.170379992271,17.044974848695603,0.0256093506852561,1.2131689713096636,8.942550638842057e-09,12.0,22159.0859375,130.12856838014835,862.758278685447,693.9984165982005,2.0
2458655.7610167903,1074864.8741123518,1093.736627679594,969570.5686879768,1424.9016032955622,969570.5686879768,1424.9016032955622,17.169534828784336,0.0252327148693052,1.0653189660827216,1.317989837796186e-08,12.0,11022.0556640625,98.22586483708994,862.758278685447,693.9984165982005,0.0
2458668.695788637,1075472.4132427915,299.91685244453663,970239.4169781321,835.2001324849523,970239.4169781321,835.2001324849523,17.181379055892563,0.0147900505923056,2.101263113506177,9.794441438770142e-09,12.0,1215.849853515625,51.43201073209996,862.758278685447,693.9984165982005,0.0
2457973.554517448,1048778.7097659952,1098.8590562146815,940851.9470460435,1362.9359329898934,940851.9470460435,1362.9359329898934,16.660974244913604,0.0241354025447966,1.1757013214170924,1.080628609614712e-08,12.0,13255.703125,165.66350845815663,862.758278685447,693.9984165982005,0.0
2457973.6866679583,1039484.7539972361,1591.8102227873562,930620.1016993697,1863.9980185241307,930620.1016993697,1863.9980185241307,16.479784725846223,0.0330084059205127,0.6784748178922395,1.0251763585829308e-08,12.0,26095.64453125,161.07233952710803,862.758278685447,693.9984165982005,6.0
2457974.484702161,1076172.233711732,413.9904133502884,971009.8590790831,897.6496453770637,971009.8590790831,897.6496453770637,17.195022345935648,0.0158959309905655,1.1866818358305045,6.569557656541706e-09,12.0,1940.25146484375,39.381445200018256,862.758278685447,693.9984165982005,0.0
2457979.567752234,1074997.667241395,452.81229975666537,969716.7624932068,911.4406045165714,969716.7624932068,911.4406045165714,17.17212368586366,0.0161401466886436,1.1744009942036258,8.426002283281874e-09,12.0,1180.9283447265625,43.79816235335505,862.758278685447,693.9984165982005,0.0
2457980.498664601,1075459.5231250569,428.2129847339069,970225.2260679912,900.3375658968025,970225.2260679912,900.3375658968025,17.181127757705745,0.0159435297383731,1.155849924788022,1.2133020146021528e-08,12.0,1335.886474609375,40.26680121249486,862.758278685447,693.9984165982005,0.0
2457980.6137618544,1074632.0794012083,422.86373623970786,969314.2817482476,891.1449189993546,969314.2817482476,891.1449189993546,17.16499639942196,0.0157807427518745,1.14308152745462,7.563256781881799e-09,12.0,1335.34912109375,39.7539988051759,862.758278685447,693.9984165982005,0.0
2457981.620559268,1074693.868232294,393.8120348712513,969382.3059329492,875.3228763312345,969382.3059329492,875.3228763312345,17.166200998288872,0.0155005598323162,1.152599475227952,8.451604234475022e-09,12.0,1216.4554443359375,37.19937089199256,862.758278685447,693.9984165982005,0.0
2457983.6725961776,1071483.8832763173,568.6722258568021,965848.3887880985,964.6672791900486,965848.3887880985,964.6672791900486,17.10362101137502,0.0170827054606815,0.9997203084034642,5.770807968986257e-09,12.0,1217.298583984375,49.46019747155952,862.758278685447,693.9984165982005,0.0
2457986.6058055074,1073544.9464396383,385.9040615156468,968117.4419298955,862.555452867756,968117.4419298955,862.555452867756,17.143802291835257,0.0152744693042934,1.1154531644666008,4.1015422442353235e-09,12.0,1152.5406494140625,35.43273317610524,862.758278685447,693.9984165982005,0.0
2457989.6933442326,-564703475.5373487,-564703475.5373487,-564703475.5373487,-564703475.5373487,-564703475.5373487,-564703475.5373487,-9999.99,-9999.99,-9999.99,-9999.99,12.0,-9999.99,-9999.99,-9999.99,-9999.99,5.0
2457990.6510736723,1075114.6014744143,396.42285584712715,969845.4970189285,879.9041950324015,969845.4970189285,879.9041950324015,17.174403367193143,0.0155816876156274,1.1618518310440586,8.441118921335621e-09,12.0,1138.631103515625,37.505856529767534,862.758278685447,693.9984165982005,0.0
2457993.58783492,1073574.9827430819,497.6062342094653,968150.5093146854,929.5118619873439,968150.5093146854,929.5118619873439,17.14438786201775,0.0164601595835938,1.1708726817827309,7.838825191667908e-09,12.0,2175.909423828125,49.42190829474115,862.758278685447,693.9984165982005,0.0
2457995.4930316824,1075236.9630572186,767.2789793800968,969980.2065896196,1139.7021420669043,969980.2065896196,1139.7021420669043,17.176788856955774,0.0201822912685329,0.8199605684671467,5.075589392834415e-09,12.0,7098.6513671875,52.021826064589725,862.758278685447,693.9984165982005,0.0
2457996.667900017,1068350.3481963843,854.7676758826608,962398.6363765341,1179.0221672031853,962398.6363765341,1179.0221672031853,17.042531446474968,0.020878585651684,1.0469925017175896,7.813012786140135e-09,12.0,16131.2412109375,83.79427045319302,862.758278685447,693.9984165982005,0.0
2457998.6146285394,1076100.801229344,810.2524551866052,970931.2180643511,1180.1550061828543,970931.2180643511,1180.1550061828543,17.19362974009033,0.0208986464073886,1.1707458357006226,8.452116724940231e-09,12.0,7965.275390625,78.0826589596792,862.758278685447,693.9984165982005,0.0
2457999.4813984707,1073325.3919252984,1025.188042804741,967875.731307231,1354.474372180067,967875.731307231,1354.474372180067,17.139521985596232,0.0239855619166649,0.939091566820295,1.2674471951226513e-08,12.0,12895.740234375,83.01388640041822,862.758278685447,693.9984165982005,0.0
2458000.661817428,1060082.7169469579,1082.1396808128588,953296.6859872486,1362.232795169377,953296.6859872486,1362.232795169377,16.881350549214247,0.0241229511052741,1.07580874688609,1.0726603480162176e-08,12.0,10999.931640625,124.32029369906984,862.758278685447,693.9984165982005,0.0
2458003.566541668,1076003.079473568,468.8067605018802,970823.634822406,928.496850266741,970823.634822406,928.496850266741,17.191724613966215,0.0164421853590749,1.1494240687913404,8.397463200848735e-09,12.0,3064.72265625,43.598482825914566,862.758278685447,693.9984165982005,0.0
2458004.552554255,1075426.7060237133,425.33186288029805,970189.0972640645,898.4357952338562,970189.0972640645,898.4357952338562,17.180487974715852,0.0159098524396923,1.156792411797897,6.1411551184565195e-09,12.0,2301.119140625,39.98210248595971,862.758278685447,693.9984165982005,0.0
2458005.647937656,1074794.6769149906,595.3629155829784,969493.2876157345,1004.5635305665243,969493.2876157345,1004.5635305665243,17.168166305332505,0.0177892038834557,0.972137244884296,1.3181192015393432e-08,12.0,3425.388916015625,47.91240783712544,862.758278685447,693.9984165982005,0.0
2458008.538278402,1075304.4503604923,414.6414732043427,970054.5043017181,891.4412354003566,970054.5043017181,891.4412354003566,17.178104549899395,0.0157859900385926,1.112188964736914,1.3110142805014844e-08,12.0,1231.33984375,37.35632188191467,862.758278685447,693.9984165982005,0.0
2458019.505473424,1075700.6671735318,408.61530154771054,970490.7049094732,891.0564403208119,970490.7049094732,891.0564403208119,17.18582896085931,0.0157791759368309,1.1268505366936743,1.2791633615523565e-08,12.0,1349.629638671875,37.031854090979294,862.758278685447,693.9984165982005,0.0
2458032.53029078,0.0,0.0,0.0,0.0,0.0,0.0,0.0,0.0,0.0,0.0,12.0,0.0,0.0,0.0,0.0,5.0
2458036.518928627,1073809.8240978885,475.4435696518233,968409.0494329267,916.960415499687,968409.0494329267,916.960415499687,17.148966191546442,0.0162378936603273,1.0801473284955077,7.295508003386968e-09,12.0,1494.7803955078125,42.98327074275143,862.758278685447,693.9984165982005,0.0
2458042.494842958,1074289.9996696871,414.8112186990761,968937.6814075273,884.0411260619637,968937.6814075273,884.0411260619637,17.15832741330032,0.0156549460082501,1.0808875952372454,1.2696418772829116e-08,12.0,1920.5355224609373,36.86052677473225,862.758278685447,693.9984165982005,0.0
2458045.520124967,1074438.098776828,509.8771061682671,969100.725777217,943.3905157540416,969100.725777217,943.3905157540416,17.16121466676534,0.0167059282124275,1.058527975940016,1.2449873382650848e-08,12.0,1549.5609130859375,44.77642988783942,862.758278685447,693.9984165982005,0.0
2458166.8436979405,1076557.428521952,738.929245913362,971433.9254104256,1124.7935554801304,971433.9254104256,1124.7935554801304,17.20253187838314,0.0199182841865152,0.4023484116518714,1.1858272832804392e-08,12.0,1137.511474609375,22.37148792934721,862.758278685447,693.9984165982005,4.0
2458173.886592628,1075641.6159543253,433.8617535613215,970425.694599816,904.9652029864436,970425.694599816,904.9652029864436,17.184677732870426,0.0160254777458225,1.042445254927357,1.0395666680189457e-08,12.0,1374.1883544921875,36.403351837499,862.758278685447,693.9984165982005,0.0
2458174.861666435,1076018.4953300396,421.1016449477507,970840.6063534988,900.4796081352862,970840.6063534988,900.4796081352862,17.19202515247636,0.0159460450778848,1.0408207028226233,7.937881610766308e-09,12.0,1351.630615234375,34.98536663271023,862.758278685447,693.9984165982005,0.0
2458175.836981044,1075346.254642849,454.40556595769135,970100.5272183905,914.9368437407179,970100.5272183905,914.9368437407179,17.178919541707366,0.0162020594602018,1.034215295886772,7.729023012990865e-09,12.0,1254.1700439453125,38.201728198740966,862.758278685447,693.9984165982005,0.0
2458178.864484112,1075527.329950118,590.5113412473597,970299.875546075,1005.9372604659355,970299.875546075,1005.9372604659355,17.182449679859026,0.0178135304297794,1.0317860199500848,8.163460477151666e-09,12.0,3800.84765625,50.0687211255776,862.758278685447,693.9984165982005,0.0
2458180.8934964603,1075808.2043101685,661.2690225712373,970609.0940409104,1059.7447736401023,970609.0940409104,1059.7447736401023,17.18792544190073,0.0187663749171531,1.0511776174211391,1.2788178926396716e-08,12.0,3977.8125,57.12770133017386,862.758278685447,693.9984165982005,0.0
2458186.880387079,1073080.479991913,676.8909837156025,967606.1043487755,1055.0126782310733,967606.1043487755,1055.0126782310733,17.134747325964952,0.0186825771209304,0.959300787111786,7.634252629958123e-09,12.0,5054.69580078125,55.4680676195153,862.758278685447,693.9984165982005,0.0
2458195.850074288,1074615.7099466093,456.61428922201094,969296.2603876957,910.9894553552698,969296.2603876957,910.9894553552698,17.16467727012116,0.0161321575628511,1.0879359794433008,1.0345380846177042e-08,12.0,1184.284423828125,41.06227415507682,862.758278685447,693.9984165982005,0.0
2458203.829149154,1071980.0744922184,456.0388273981727,966394.6526083485,892.4718997148987,966394.6526083485,892.4718997148987,17.113294464747447,0.0158042414453667,0.9847054091978223,7.044254054483131e-09,12.0,1272.7926025390625,38.20194498968621,862.758278685447,693.9984165982005,0.0
2458208.816456907,1075742.7908384716,645.212537672973,970537.0794388782,1047.2565726400846,970537.0794388782,1047.2565726400846,17.186650179163074,0.018545228969717,1.0319971261156846,6.683328796348993e-09,12.0,5825.46337890625,54.7068550718482,862.758278685447,693.9984165982005,0.0
2458208.8305545254,1074967.5736465934,656.1284148435232,969683.6320355621,1050.5205274998682,969683.6320355621,1050.5205274998682,17.1715369987624,0.0186030283589048,1.0352096363060472,8.418644600536796e-09,12.0,5236.826171875,56.52809200085523,862.758278685447,693.9984165982005,0.0
2458209.813150804,1075083.2262997539,601.8710180508855,969810.95565217,1011.1360402815263,969810.95565217,1011.1360402815263,17.173791695161476,0.0179055924559935,1.0358270995885797,7.534277630738176e-09,12.0,5001.9130859375,51.74875667611188,862.758278685447,693.9984165982005,0.0
2458213.802947455,1071309.4578579022,692.3643887678121,965656.3614156698,1057.1743777299355,965656.3614156698,1057.1743777299355,17.100220515562242,0.0187208573410956,1.0551522794016357,8.232532408795727e-09,12.0,8349.94921875,64.87444946703681,862.758278685447,693.9984165982005,0.0
2458221.8995318064,1075042.0432562507,406.0906051992352,969765.6166660034,884.6883284041741,969765.6166660034,884.6883284041741,17.172988814662396,0.0156664069204464,1.055188456542354,8.264976386127002e-09,12.0,1155.1204833984375,34.78313132432576,862.758278685447,693.9984165982005,0.0
2458223.776382317,1075407.0609276271,392.06086264345004,970167.4697041782,879.7512749317433,970167.4697041782,879.7512749317433,17.18010498542686,0.015578979646678,1.0408813498233571,3.2393661752930893e-09,12.0,1160.4039306640625,32.677347442157995,862.758278685447,693.9984165982005,0.0
2458224.8511393066,1076243.5379320355,563.4200026093491,971088.3588882983,991.8547661047402,971088.3588882983,991.8547661047402,17.196412451258468,0.0175641521119764,1.063840775429039,5.567113316112285e-09,12.0,1204.8751220703125,48.59820026932214,862.758278685447,693.9984165982005,0.0
2458225.9176829457,1075565.198627652,433.6593967551789,970341.5657005853,904.2777769123536,970341.5657005853,904.2777769123536,17.18318794542008,0.0160133045360506,1.0290109275043129,4.316655135126644e-09,12.0,1273.0396728515625,35.97216279677753,862.758278685447,693.9984165982005,0.0
2458226.863118391,1075568.6510809185,451.5878294270741,970345.3665544708,914.8774600023478,970345.3665544708,914.8774600023478,17.183255252427195,0.0162010078697378,1.0413077956673642,8.448672332101175e-09,12.0,1119.59619140625,38.07815042159032,862.758278685447,693.9984165982005,0.0
2458229.8490675758,1075045.3830131881,371.64138272755474,969769.2934509313,866.166903782346,969769.2934509313,866.166903782346,17.17305392460787,0.0153384222895252,1.0517417961555766,4.157035896995316e-09,12.0,1116.8363037109375,31.46054644533901,862.758278685447,693.9984165982005,0.0
2458230.7997896965,1076055.0317772434,375.1807041694254,970880.8298370835,875.8112123937012,970880.8298370835,875.8112123937012,17.192737445655062,0.0155092074782983,1.0265412904734663,9.738018623858491e-09,12.0,1124.2440185546875,30.27406798454168,862.758278685447,693.9984165982005,0.0
2458231.8253758973,1075490.4415815277,1028.7988870307086,970259.2646273338,1368.066791765655,970259.2646273338,1368.066791765655,17.181730525827042,0.0242262617986735,0.2466744697545043,3.5865351150900206e-09,12.0,1116.05224609375,18.93390557741965,862.758278685447,693.9984165982005,4.0
2458237.735405837,1057704.9835945044,3979.4878887752884,950679.0062238357,4429.041264163725,950679.0062238357,4429.041264163725,16.83499565219079,0.0784311949011465,0.2097090840342829,5.439629539345956e-09,12.0,28715.837890625,93.1080458307728,862.758278685447,693.9984165982005,4.0
2458237.921299932,1075260.3548440486,632.9754699173449,970005.9589335294,1035.037661500221,970005.9589335294,1035.037661500221,17.177244889533448,0.0183288517124436,1.037032366674021,5.815965168266571e-09,12.0,5684.2314453125,54.2926923515489,862.758278685447,693.9984165982005,0.0
2458238.7326415847,1046701.6344626023,1125.4210608664152,938565.2659162331,1388.4642049776965,938565.2659162331,1388.4642049776965,16.620480801147323,0.0245874671692482,1.0652665087034985,7.808402233622968e-09,12.0,18183.771484375,159.14434303307456,862.758278685447,693.9984165982005,2.0
2458239.9136560564,1048544.6663413965,1756.778662233907,940594.2853802815,2033.3331676283797,940594.2853802815,2033.3331676283797,16.65641147136496,0.0360070589677242,0.572719262821405,5.109149912328171e-09,12.0,27329.7578125,130.09496915245725,862.758278685447,693.9984165982005,6.0
2458245.7899165363,1075553.6827081915,760.8804467007557,970328.8876644647,1136.359316095896,970328.8876644647,1136.359316095896,17.18296343779808,0.0201230951988611,1.0010355257044392,1.253737062869474e-08,12.0,4385.47412109375,63.04401341476863,862.758278685447,693.9984165982005,0.0
2458246.7123092194,1075951.3479666086,398.8703433825868,970766.6828859078,887.6102882998074,970766.6828859078,887.6102882998074,17.190716086800848,0.015718150129055,1.016916098535639,1.1562107187480304e-08,12.0,1423.9010009765625,32.162914179326215,862.758278685447,693.9984165982005,0.0
2458246.881393527,1074499.6484769715,617.8245478853794,969168.4866993341,1018.9823727841045,969168.4866993341,1018.9823727841045,17.162414603675444,0.018044538380645,0.9578153454214328,1.125337430158998e-08,12.0,1926.2330322265625,49.2193633984004,862.758278685447,693.9984165982005,0.0
2458247.857419525,1077677.3175912234,1288.5571758533922,972666.826883954,1622.2425377385473,972666.826883954,1622.2425377385473,17.224364579863398,0.0287273053163406,0.2758333288893817,1.0441305409004875e-08,12.0,2579.7578125,26.989486254105863,862.758278685447,693.9984165982005,4.0
2458249.722265457,1075540.9288603156,514.143919536936,970314.8467757086,953.8594808484759,970314.8467757086,953.8594808484759,17.18271479624861,0.0168913167407256,1.03049022344788,3.884989662675746e-09,12.0,1210.7855224609375,43.26416560901321,862.758278685447,693.9984165982005,0.0
2458250.7052307166,1071470.2002968406,464.16678857019315,965833.3250054235,894.2053041855262,965833.3250054235,894.2053041855262,17.10335425601997,0.015834937249666,0.93353710505391,5.6076432289337075e-09,12.0,1180.39794921875,37.02747432927356,862.758278685447,693.9984165982005,0.0
2458254.6950384555,1074466.302054834,524.9108514312048,969131.775158773,953.523020883217,969131.775158773,953.523020883217,17.161764501357325,0.0168853585760715,1.039965088668403,6.277996304613577e-09,12.0,1099.88330078125,45.49309007067723,862.758278685447,693.9984165982005,0.0
2458256.748684103,1075059.7962572142,386.90617484785173,969785.161192018,874.3396743272258,969785.161192018,874.3396743272258,17.1733349167729,0.0154831489066995,1.0366691375958772,1.1632363261618313e-08,12.0,1147.8199462890625,32.24135921235145,862.758278685447,693.9984165982005,0.0
2458257.823661177,1071934.8324889308,514.4898430018983,966344.8450568253,929.9070646615581,966344.8450568253,929.9070646615581,17.112412453145367,0.0164671579871123,0.8582155412734623,9.477517483203064e-09,12.0,1154.390869140625,37.71201322205883,862.758278685447,693.9984165982005,0.0
2458258.791970033,1072300.8051951034,493.5551330990446,966747.7495061067,918.4224573683962,966747.7495061067,918.4224573683962,17.119547242708933,0.0162637840695421,0.994308056405371,3.758501191972581e-09,12.0,1106.2396240234375,42.16422440853027,862.758278685447,693.9984165982005,0.0
2458259.872361714,1074563.0961903986,387.05965678481846,969238.3371707093,870.6859206562249,969238.3371707093,870.6859206562249,17.16365154314103,0.0154184468077126,1.011145586570885,1.0229873167848652e-08,12.0,1274.1512451171875,31.673482988431232,862.758278685447,693.9984165982005,0.0
2458264.667775121,1075412.8898448485,531.3743453843026,970173.8868403281,964.3453918992942,970173.8868403281,964.3453918992942,17.180218622583546,0.0170770053546469,1.0329866662620617,8.248027687342756e-09,12.0,3268.604736328125,44.97645416632443,862.758278685447,693.9984165982005,0.0
2458271.6830260884,1075391.87276289,602.2613508285559,970150.7488420855,1013.4484335756929,970150.7488420855,1013.4484335756929,17.179808885861426,0.0179465412208222,1.075437986740286,1.2799791827785096e-08,12.0,8147.48388671875,53.40315923879592,862.758278685447,693.9984165982005,0.0
2458272.67193315,1072499.9099633724,672.951543168957,966966.9467185095,1048.5830370562792,966966.9467185095,1048.5830370562792,17.12342887267407,0.0185687185203784,1.076217897503959,8.294955656350117e-09,12.0,8054.87939453125,63.09334852902782,862.758278685447,693.9984165982005,0.0
2458273.839860876,1074263.3384970957,547.8094680191612,968908.3297512991,967.6545588906657,968908.3297512991,967.6545588906657,17.157807642692426,0.0171356053779433,1.034287255446095,1.1971247710802896e-08,12.0,3196.585205078125,47.42688611561388,862.758278685447,693.9984165982005,0.0
2458274.806927489,1076089.4230720394,500.75562210689066,970918.691692507,949.1220417319774,970918.691692507,949.1220417319774,17.193407918198652,0.0168074243160411,1.0629091174745795,7.82793017328669e-09,12.0,1757.133544921875,42.98575603426119,862.758278685447,693.9984165982005,0.0
2458277.8055521585,1075093.186326394,478.51432371475875,969821.9207842153,927.9008463368095,969821.9207842153,927.9008463368095,17.173985870008195,0.0164316310883869,1.0499469511125996,8.22887685416499e-09,12.0,1237.3514404296875,41.18373113434623,862.758278685447,693.9984165982005,0.0
2458278.7534798253,1075465.229570746,719.7325754171128,970231.5083735266,1102.8519010555851,970231.5083735266,1102.8519010555851,17.181239007229166,0.0195297327885977,0.3923724383326506,4.880736006291315e-09,12.0,1101.0721435546875,21.618716744415423,862.758278685447,693.9984165982005,4.0
2458282.784826769,1075625.9199503695,467.27290421777457,970408.4146504567,924.7925273583,970408.4146504567,924.7925273583,17.184371732768987,0.0163765877602538,1.0280499524481783,6.776661600876023e-09,12.0,1108.226806640625,38.9211850893621,862.758278685447,693.9984165982005,0.0
2458285.612549944,1075397.8760832567,478.0628082074422,970157.3579810886,929.8047553411151,970157.3579810886,929.8047553411151,17.179925923079708,0.0164653462536528,0.9746278667581368,1.1045569660418553e-08,12.0,1118.2982177734375,37.81236672370705,862.758278685447,693.9984165982005,0.0
2458286.7579702637,1075741.4595810468,479.16908867113585,970535.6138390391,932.9792832635669,970535.6138390391,932.9792832635669,17.186624225747927,0.0165215620356595,1.026734799666234,8.446648079080883e-09,12.0,1039.875244140625,39.81207273538496,862.758278685447,693.9984165982005,0.0
2458287.723050886,1075612.30381975,393.0509651921223,970393.4244626203,881.8529044306978,970393.4244626203,881.8529044306978,17.184106280660117,0.0156161961237915,1.0210836893137532,4.678513108475751e-09,12.0,1058.9967041015625,31.967551566243536,862.758278685447,693.9984165982005,0.0
2458288.6392648863,1073843.9821672929,477.2664893010348,968446.6545272677,918.3431843257172,968446.6545272677,918.3431843257172,17.149632117264368,0.0162623802714987,1.0319855162877851,5.487690450975854e-09,12.0,1077.633544921875,41.27920010663875,862.758278685447,693.9984165982005,0.0
2458288.6855662926,1075944.557994978,443.53462985861586,970759.2077115731,912.886509680485,970759.2077115731,912.886509680485,17.190583713490184,0.0161657513427788,1.030414396948422,6.7512649832805e-09,12.0,1022.3815307617188,36.6536332555732,862.758278685447,693.9984165982005,0.0
2458289.7793129086,1076113.8669579139,537.6582818100424,970945.6023069067,973.4539528294995,970945.6023069067,973.4539528294995,17.193884461883165,0.0172383033139516,1.0100604999472351,4.9551736128438305e-09,12.0,1094.9990234375,43.94841487884696,862.758278685447,693.9984165982005,0.0
2458291.620494654,1076185.9716086176,596.3375131969702,971024.9833210974,1014.5211613405639,971024.9833210974,1014.5211613405639,17.19529017192832,0.0179655375036257,0.923274035465986,8.35253725838074e-09,12.0,2194.953857421875,44.50790027221038,862.758278685447,693.9984165982005,0.0
2458292.789082392,1073224.47307766,598.0070489956246,967764.6283423261,996.4642965644392,967764.6283423261,996.4642965644392,17.137554530841392,0.0176457794801413,1.01360325412631,9.531943499072271e-09,12.0,2885.456298828125,51.84644318715687,862.758278685447,693.9984165982005,0.0
2458293.584997672,1049220.5779827524,3501.7581508132675,941338.4059199576,3905.983773191471,941338.4059199576,3905.983773191471,16.669588648906632,0.0691686882835443,0.3034424418452087,6.441054725522947e-09,12.0,20130.470703125,136.68700640543165,862.758278685447,693.9984165982005,6.0
2458299.753437452,1075678.3703095794,2075.0563111626197,970466.1579814082,2410.407593172988,970466.1579814082,2410.407593172988,17.185394274256858,0.0426844403688458,0.7637947204100018,4.1085245028337185e-09,12.0,26479.564453125,132.18745113948702,862.758278685447,693.9984165982005,2.0
2458301.6663164035,1069509.4507193647,738.6712118310417,963674.7084873925,1085.336472511606,963674.7084873925,1085.336472511606,17.065128630485077,0.0192195627296675,0.9642699690598676,1.3181474235874317e-08,12.0,4078.836181640625,65.1286602619967,862.758278685447,693.9984165982005,0.0
2458302.6419010097,-564703475.5373487,-564703475.5373487,-564703475.5373487,-564703475.5373487,-564703475.5373487,-564703475.5373487,-9999.99,-9999.99,-9999.99,-9999.99,12.0,-9999.99,-9999.99,-9999.99,-9999.99,5.0
2458303.569971492,1075350.174402338,389.1003321590904,970104.8425362041,877.7230616875181,970104.8425362041,877.7230616875181,17.178995959042936,0.0155430632533163,0.9859591636670312,1.1513749364632416e-08,12.0,1128.0391845703125,30.519528263364123,862.758278685447,693.9984165982005,0.0
2458303.755144374,0.0,0.0,0.0,0.0,0.0,0.0,0.0,0.0,0.0,0.0,12.0,0.0,0.0,0.0,0.0,5.0
2458308.548092579,1075325.4774476415,396.4170714606842,970077.6533148147,881.495065797457,970077.6533148147,881.495065797457,17.17851448167687,0.0156098593773236,0.9785217006197564,9.81142795409265e-09,12.0,1038.8134765625,30.94572362029981,862.758278685447,693.9984165982005,0.0
2458310.5425069937,1074284.7980722804,109.46279391687983,968931.9548964974,766.4432954627366,968931.9548964974,766.4432954627366,17.158226006003368,0.0135724776315592,0.9999958937805294,6.764811352441898e-09,12.0,1015.8404541015624,0.0978825748539317,862.758278685447,693.9984165982005,0.0
2458310.577595463,1076028.4497079877,472.99090906877365,970851.5652668208,931.2516145306771,970851.5652668208,931.2516145306771,17.1922192171995,0.0164909678020473,1.00615569141768,7.781355897225654e-09,12.0,1005.0249633789062,38.21855803744451,862.758278685447,693.9984165982005,0.0
2458311.706271672,1074917.4247981226,379.84144807833655,969628.4224698374,869.4964808018036,969628.4224698374,869.4964808018036,17.170559326180104,0.0153973837415813,0.989121561474546,1.272328332394802e-08,12.0,1067.9873046875,30.11237492900678,862.758278685447,693.9984165982005,0.0
2458312.7159165405,1075875.1578697858,421.86093607748904,970682.8041471834,899.8237759756272,970682.8041471834,899.8237759756272,17.189230729290585,0.015934431345506,0.9968995916180567,4.028752669150024e-09,12.0,1054.2791748046875,33.50724676190295,862.758278685447,693.9984165982005,0.0
2458328.4859486413,1069438.8995262366,705.5901773960903,963597.0376962827,1057.9676369634008,963597.0376962827,1057.9676369634008,17.063753205739104,0.018734904685845,1.2243834624111722,1.260085349406916e-08,12.0,6124.38623046875,79.67093996036209,862.758278685447,693.9984165982005,0.0
2458329.500305217,1075829.337987961,390.60273885994616,970632.3604011294,882.2012192998908,970632.3604011294,882.2012192998908,17.18833745170695,0.0156223642197209,1.2651139707433685,1.1946204196730792e-08,12.0,1458.1053466796875,39.88330082488947,862.758278685447,693.9984165982005,0.0
2458330.485980996,1074867.403044912,573.5084447705378,969573.3528250536,989.5161753320453,969573.3528250536,989.5161753320453,17.16958413137258,0.0175227394319521,0.5967782621144323,1.2412621730596809e-08,12.0,1281.1197509765625,27.32839560654592,862.758278685447,693.9984165982005,4.0
2458330.5212276992,1075385.7257740432,412.15112072624413,970143.9815364529,890.6507531212303,970143.9815364529,890.6507531212303,17.179689047766573,0.0157719918692367,1.052377007299119,1.2184373806108975e-08,12.0,1206.3436279296875,34.97550222634142,862.758278685447,693.9984165982005,0.0
2458331.653452961,1075869.4170643885,498.4824786250651,970676.4840145677,946.0832164843094,970676.4840145677,946.0832164843094,17.189118809910426,0.0167536116100727,1.273991793993881,6.692513084413125e-09,12.0,1758.6444091796875,52.003431679752325,862.758278685447,693.9984165982005,0.0
2458335.5192754515,1073065.074617956,409.85143943033563,967589.1443580289,872.4289424858971,967589.1443580289,872.4289424858971,17.13444699181578,0.0154493129199672,1.1743300927330826,5.5754232938766834e-09,12.0,1323.3013916015625,40.49225683258156,862.758278685447,693.9984165982005,0.0
2458339.5059471554,1075860.9263365734,441.787859492867,970667.136454061,911.234133625378,970667.136454061,911.234133625378,17.188953279653155,0.0161364904213517,1.245835077086157,4.559449221385477e-09,12.0,1142.4674072265625,44.753689050609744,862.758278685447,693.9984165982005,0.0
2458340.593281378,1076383.9419579243,433.031185518406,971242.9316358665,910.0791715908142,971242.9316358665,910.0791715908142,17.199149685925697,0.0161160379019387,1.2475402523226162,3.411401292441338e-09,12.0,1035.2398681640625,43.40918971808239,862.758278685447,693.9984165982005,0.0
2458347.542550837,1075496.3794204462,444.5441573514444,970265.8016768981,910.1526319096038,970265.8016768981,910.1526319096038,17.181846286457365,0.0161173387659941,1.2681327158300804,2.754076712262e-09,12.0,1442.6942138671875,46.14713661321596,862.758278685447,693.9984165982005,0.0
2458348.583620548,1040985.7635790941,10808.253882358787,932272.5840532316,11915.720953523578,932272.5840532316,11915.720953523578,16.509047529653245,0.2110082468761879,0.0264824631499727,1.3085252409852231e-08,12.0,6299.51806640625,41.000167667926206,862.758278685447,693.9984165982005,6.0
2458349.5829426656,-564703475.5373487,-564703475.5373487,-564703475.5373487,-564703475.5373487,-564703475.5373487,-564703475.5373487,-9999.99,-9999.99,-9999.99,-9999.99,12.0,-9999.99,-9999.99,-9999.99,-9999.99,5.0
2458352.598042359,1078959.2658162378,1672.976865980381,974078.1415391068,2007.5880305291325,974078.1415391068,2007.5880305291325,17.24935669174115,0.0355511540110633,0.9662039671545694,9.520697618202646e-09,12.0,21181.650390625,127.7288780633085,862.758278685447,693.9984165982005,0.0
2458354.553317053,1073716.3016900779,721.7970994174129,968306.0893116412,1094.1252326012993,968306.0893116412,1094.1252326012993,17.147142933451086,0.0193751975306145,1.1616299542219577,1.2001832732999441e-08,12.0,5227.56787109375,71.53168676378422,862.758278685447,693.9984165982005,0.0
2458355.6099793776,1072883.3826313624,668.8408980490904,967389.1171194861,1047.6166349571808,967389.1171194861,1047.6166349571808,17.130904831245132,0.0185516050940483,1.2300736040155036,7.749747266438366e-09,12.0,7475.814453125,71.25503916533617,862.758278685447,693.9984165982005,0.0
2458357.593825523,1071947.6284865958,539.016079942953,966358.9323488688,946.6756580537455,966358.9323488688,946.6756580537455,17.11266191642241,0.0167641027970878,1.172283536217486,4.413390165309288e-09,12.0,4175.13623046875,55.16318070744761,862.758278685447,693.9984165982005,0.0
2458366.5667426363,1075813.4488825707,455.60654252854,970614.8678637116,919.0929954154532,970614.8678637116,919.0929954154532,17.188027687013026,0.0162756582195264,1.2664577016945506,8.324261416470023e-09,12.0,1143.3956298828125,47.061664619645775,862.758278685447,693.9984165982005,0.0
2458670.556887105,1076241.090873144,327.6962773598898,971085.6648870844,853.9030079653123,971085.6648870844,853.9030079653123,17.19636474483135,0.015121248425995,2.089214472281507,1.3179555603480217e-08,12.0,1298.8079833984375,55.48802585833615,862.758278685447,693.9984165982005,0.0
2458671.6314803325,1075582.6591868252,299.1398539724806,970360.7882733599,835.7503201532118,970360.7882733599,835.7503201532118,17.1835283462567,0.0147997935307132,1.975834103146168,1.259440452324992e-08,12.0,1257.59228515625,47.910897609761896,862.758278685447,693.9984165982005,0.0
2458672.741011175,1076194.5568805262,1172.9915917646872,971034.4349665126,1505.315762264215,971034.4349665126,1505.315762264215,17.195457545361876,0.0266567202462506,0.2466853939039869,1.3173992789691376e-08,12.0,1356.4241943359375,21.9086784944482,862.758278685447,693.9984165982005,4.0
2458682.5481151324,-564703475.5373487,-564703475.5373487,-564703475.5373487,-564703475.5373487,-564703475.5373487,-564703475.5373487,-9999.99,-9999.99,-9999.99,-9999.99,12.0,-9999.99,-9999.99,-9999.99,-9999.99,5.0
2458684.5941680865,0.0,0.0,0.0,0.0,0.0,0.0,0.0,0.0,0.0,0.0,12.0,0.0,0.0,0.0,0.0,5.0
2458685.6247581327,1069488.3784929153,1849.376833990171,963651.5097798136,2159.103826128845,963651.5097798136,2159.103826128845,17.064717818698263,0.0382342549772782,0.2510553403255111,6.826594169460308e-09,12.0,5418.60400390625,41.86172575049255,862.758278685447,693.9984165982005,4.0
2458690.625397963,1075522.3324762299,304.54918589006513,970294.3737574694,837.6300065924358,970294.3737574694,837.6300065924358,17.182352252034647,0.0148330797533232,2.082153735976948,8.086795238584497e-09,12.0,1278.0826416015625,51.77394319662312,862.758278685447,693.9984165982005,0.0
2458691.5689825835,1075149.7332731385,359.66250364194934,969884.1741054405,860.8200340689216,969884.1741054405,860.8200340689216,17.175088276167678,0.0152437378294824,2.099595489273446,1.2368499716217029e-08,12.0,1221.4322509765625,62.61623707821333,862.758278685447,693.9984165982005,0.0
2458692.493694766,1074026.5917715856,424.69555829739994,968647.6919839156,887.8105607445823,968647.6919839156,887.8105607445823,17.153192167172307,0.0157216966318335,0.9971220956065624,1.2354723605560242e-08,12.0,1589.7186279296875,34.6654496914831,862.758278685447,693.9984165982005,0.0
2458692.5828966536,1074674.886609828,314.63878046166104,969361.4088004124,835.4399636977689,969361.4088004124,835.4399636977689,17.165830943693045,0.01479429761722,1.9663843772697611,8.583442234622111e-09,12.0,1302.083251953125,51.307318753516505,862.758278685447,693.9984165982005,0.0
2458696.5071584624,1074610.5528171437,460.45387532698714,969290.5828320411,913.2919869170048,969290.5828320411,913.2919869170048,17.164576729745143,0.016172931692265,0.901987525291118,1.050173617134294e-08,12.0,1658.7257080078125,33.75865324525209,862.758278685447,693.9984165982005,0.0
2458698.604078526,1075838.0292719004,344.1874064281407,970641.9287566654,858.522495719511,970641.9287566654,858.522495719511,17.188506891888956,0.0152030521218252,2.128619141362625,1.2653242308963472e-08,12.0,1181.7420654296875,60.10343211674624,862.758278685447,693.9984165982005,0.0
2458699.6509509347,1075678.128685006,348.623924235171,970465.8919735505,859.4286323958155,970465.8919735505,859.4286323958155,17.18538956368569,0.0152190983444787,2.079133815619304,1.2537331448185173e-08,12.0,1297.2664794921875,59.39775576830525,862.758278685447,693.9984165982005,0.0
2458704.5180535223,0.0,0.0,0.0,0.0,0.0,0.0,0.0,0.0,0.0,0.0,12.0,0.0,0.0,0.0,0.0,5.0
2458711.626398,-564703475.5373487,-564703475.5373487,-564703475.5373487,-564703475.5373487,-564703475.5373487,-564703475.5373487,-9999.99,-9999.99,-9999.99,-9999.99,12.0,-9999.99,-9999.99,-9999.99,-9999.99,5.0
2458715.5871163933,1074773.109999728,336.35385807649607,969469.5442983505,846.3915872160899,969469.5442983505,846.3915872160899,17.16774584938227,0.0149882332496557,2.075157674394431,8.063516250811655e-09,12.0,1327.7772216796875,58.07686892587191,862.758278685447,693.9984165982005,0.0
2458718.523516809,1074405.4087359782,323.2736484987564,969064.7368559581,837.3365194394852,969064.7368559581,837.3365194394852,17.160577360872438,0.0148278825680361,2.047537846393705,1.3169634132313166e-08,12.0,1318.5643310546875,55.063041789566064,862.758278685447,693.9984165982005,0.0
2458724.5726842773,1075597.368083944,316.95160829458104,970376.9815030546,843.7873901417947,970376.9815030546,843.7873901417947,17.183815102301303,0.0149421171093642,2.108885318190423,1.2730004185330784e-08,12.0,1246.777587890625,54.78501116378515,862.758278685447,693.9984165982005,0.0
2458730.5758726816,1074617.8421213992,323.48037890179234,969298.6077286178,839.07904487938,969298.6077286178,839.07904487938,17.164718837752247,0.0148587398900264,2.084389475197608,1.3098678741674005e-08,12.0,2092.073974609375,56.20210438238293,862.758278685447,693.9984165982005,0.0
2458740.4915788104,0.0,0.0,0.0,0.0,0.0,0.0,0.0,0.0,0.0,0.0,12.0,0.0,0.0,0.0,0.0,5.0
2458740.49536059,1074063.546923318,410.3942724520002,968688.3764251469,879.8890578500115,968688.3764251469,879.8890578500115,17.153912623169305,0.0155814195604815,1.9854605526906592,1.2987995944024732e-08,12.0,3919.060791015625,68.90833332332083,862.758278685447,693.9984165982005,0.0
2458647.616406504,0.0,0.0,0.0,0.0,0.0,0.0,0.0,0.0,0.0,0.0,12.0,0.0,0.0,0.0,0.0,5.0
2458552.867885764,1170091.9675444923,1709.9332201966338,1092265.2194791879,1778.6154755894377,1092265.2194791879,1778.6154755894377,19.34225969079816,0.0314964184571647,2.120531948700392,1.5748292419709395e-08,12.0,668.7433227539062,43.16607759149348,857.7423716776499,693.8674754552621,0.0
2458647.614069744,0.0,0.0,0.0,0.0,0.0,0.0,0.0,0.0,0.0,0.0,12.0,0.0,0.0,0.0,0.0,5.0
2458555.8599296613,1175186.5820617345,2277.2423149897504,1097564.4674939665,2368.7114650255894,1097564.4674939665,2368.7114650255894,19.43610084717652,0.0419460690242814,2.3163180126385803,1.3783358083056826e-08,12.0,651.5930908203125,66.90644458108557,857.7423716776499,693.8674754552621,0.0
2458657.588504917,1173044.8129346734,1733.0104195221115,1095336.6707183162,1802.619608247226,1095336.6707183162,1802.619608247226,19.39665015058334,0.0319214930262705,2.2492462865183898,1.6426092403965005e-08,12.0,606.4709838867187,42.81053272545832,857.7423716776499,693.8674754552621,0.0
2458559.849460519,1175606.307810741,2160.7595433833667,1098001.0522119366,2247.5499730026213,1098001.0522119366,2247.5499730026213,19.443832060110346,0.0398004939373531,2.3412233728161995,1.470128809447587e-08,12.0,640.786328125,61.76198282355563,857.7423716776499,693.8674754552621,0.0
2458661.63745112,0.0,0.0,0.0,0.0,0.0,0.0,0.0,0.0,0.0,0.0,12.0,0.0,0.0,0.0,0.0,5.0
2458575.8759615063,1172999.5433522582,1872.2648600561572,1095289.5828093237,1947.4674304036516,1095289.5828093237,1947.4674304036516,19.39581629947484,0.0344865149109113,2.3268952813100463,1.211198349135674e-08,12.0,622.5053588867188,51.79378970571466,857.7423716776499,693.8674754552621,0.0
2458661.6492815814,1171244.760318359,2355.244737680347,1093464.3160541481,2449.8469821863155,1093464.3160541481,2449.8469821863155,19.36349376191348,0.0433828484942148,1.1063796433527509,9.400968946543184e-09,12.0,778.2282348632812,35.56282093280384,857.7423716776499,693.8674754552621,0.0
2458580.8718094463,0.0,0.0,0.0,0.0,0.0,0.0,0.0,0.0,0.0,0.0,12.0,0.0,0.0,0.0,0.0,5.0
2458661.6611185623,0.0,0.0,0.0,0.0,0.0,0.0,0.0,0.0,0.0,0.0,12.0,0.0,0.0,0.0,0.0,5.0
2458582.7888955697,1177246.2753794168,5597.103067462584,1099706.8917515508,5821.919836795323,1099706.8917515508,5821.919836795323,19.47403973383064,0.1030968334192664,0.183150435162105,1.2088970919651362e-08,12.0,49.73350067138672,11.250796032037975,857.7423716776499,693.8674754552621,4.0
2457844.7254559137,1171659.8045700986,2077.203733112275,1093896.031234881,2160.6380073958617,1093896.031234881,2160.6380073958617,19.371138743177447,0.0382614228591719,1.1208898594603829,1.5049437882863984e-08,12.0,587.1953491210937,29.318466837086724,857.7423716776499,693.8674754552621,0.0
2458582.789531801,1173936.0236679604,2023.9984997829313,1096263.6783835946,2105.295699132482,1096263.6783835946,2105.295699132482,19.413065964872228,0.037281399620101,2.262549158762309,1.646034815131399e-08,12.0,636.2793579101562,56.10024741667938,857.7423716776499,693.8674754552621,0.0
2457844.738526806,1176115.9840233335,2013.3791778056805,1098531.2004005017,2094.24983477596,1098531.2004005017,2094.24983477596,19.453220131574103,0.0370857951340449,1.199583406790396,1.6289542116324618e-08,12.0,587.2206298828125,26.297518414800813,857.7423716776499,693.8674754552621,0.0
2458583.7862710366,1173246.4001674044,1905.7352850727093,1095546.3550308861,1982.282249605858,1095546.3550308861,1982.282249605858,19.400363322397737,0.0351030293453985,2.357160997358996,1.5999070212129316e-08,12.0,619.4,53.89690878059554,857.7423716776499,693.8674754552621,0.0
2457844.76789507,1174813.760490524,1900.3073351099529,1097176.6709365586,1976.6362771839842,1097176.6709365586,1976.6362771839842,19.42923359407094,0.0350030482576156,1.230179860525537,1.4086759152307254e-08,12.0,599.4847412109375,25.17689987614028,857.7423716776499,693.8674754552621,0.0
2458585.780962623,1171297.1442329972,1711.832782046782,1093518.804054116,1780.5913364380492,1093518.804054116,1780.5913364380492,19.36445865672714,0.0315314077738299,2.339926737729628,1.3856301059539033e-08,12.0,614.8681640625,46.14534815874149,857.7423716776499,693.8674754552621,0.0
2457845.7229971485,1173756.30241755,1849.0060695043371,1096076.738336172,1923.2744126118785,1096076.738336172,1923.2744126118785,19.409755557400327,0.0340580954899801,1.1645046281881155,1.6464449617872394e-08,12.0,573.3870483398437,23.1809182864134,857.7423716776499,693.8674754552621,0.0
2458587.775719412,1171382.788828368,1795.600641823136,1093607.8887042804,1867.7238688641291,1093607.8887042804,1867.7238688641291,19.36603620255321,0.0330743847355112,2.333302077030852,1.2748550157347038e-08,12.0,635.7352172851563,50.50115747981344,857.7423716776499,693.8674754552621,0.0
2457846.852803362,1171440.3253925215,1903.2939797046067,1093667.736318334,1979.7428852277253,1093667.736318334,1979.7428852277253,19.367096007509225,0.0350580612878467,1.321811161714409,1.3515707695905965e-08,12.0,615.0408081054687,30.48991012291448,857.7423716776499,693.8674754552621,0.0
2458589.812496925,1173818.9808111035,1973.4458843799957,1096141.9343095825,2052.7125555189336,1096141.9343095825,2052.7125555189336,19.4109100731956,0.0363502367477569,2.379539635571224,1.627882137861733e-08,12.0,1579.4693115234377,56.80209192289487,857.7423716776499,693.8674754552621,0.0
2457847.7323333286,1167104.5909778676,4751.219655293871,1089157.8500626213,4942.0601383828425,1089157.8500626213,4942.0601383828425,19.28723317787931,0.0875159337671872,0.9102251359819948,1.2038425441214385e-08,12.0,608.4299682617187,73.40104171199656,857.7423716776499,693.8674754552621,2.0
2458590.767999832,1171705.741487817,2335.1778452877866,1093943.8132837873,2428.974070346938,1093943.8132837873,2428.974070346938,19.371984886387008,0.04301322280798,2.3533063593923287,1.4776349705078406e-08,12.0,4784.43388671875,76.31597697736927,857.7423716776499,693.8674754552621,0.0
2457848.9091042355,1172520.9049208604,1971.1127606292448,1094791.7190850324,2050.285718049177,1094791.7190850324,2050.285718049177,19.386999933930905,0.0363072613607078,1.3488905291522664,1.1646904000329492e-08,12.0,670.7427001953124,32.1549212753029,857.7423716776499,693.8674754552621,0.0
2458604.730806024,1172616.059027359,1735.1029219715608,1094890.6952113428,1804.7961594688416,1094890.6952113428,1804.7961594688416,19.3887526418851,0.0319600362465507,2.285892523639937,1.088429543249716e-08,12.0,583.1958618164062,44.285764970163214,857.7423716776499,693.8674754552621,0.0
2457849.781741467,1172859.6911595517,1972.770288925613,1095144.113225304,2052.00982367174,1095144.113225304,2052.00982367174,19.393240267187963,0.0363377924973688,1.316424425699982,1.6449576122139417e-08,12.0,595.3454711914062,31.0433227181653,857.7423716776499,693.8674754552621,0.0
2458605.7281495314,1172158.0278822612,1707.3130914356373,1094414.2664986006,1775.8901050853162,1094414.2664986006,1775.8901050853162,19.3803158559089,0.031448156530387,2.217936152714348,1.506172922908171e-08,12.0,597.6113891601562,42.09337963728744,857.7423716776499,693.8674754552621,0.0
2457851.8264822424,1174953.9479277073,2158.4571515556245,1097322.489230695,2245.155101853663,1097322.489230695,2245.155101853663,19.431815801452966,0.0397580846224147,1.3485456424345068,1.555620573991612e-08,12.0,1900.1431884765625,35.06585458960358,857.7423716776499,693.8674754552621,0.0
2458606.725546228,1172836.656395339,1868.7069350572926,1095120.1532322352,1943.76659554693,1095120.1532322352,1943.76659554693,19.39281597425995,0.0344209790798742,2.3300215294729134,1.0115005252880694e-08,12.0,565.9578125,52.002578968272736,857.7423716776499,693.8674754552621,0.0
2457864.876610231,1172565.7900375545,2644.809318538814,1094838.4070856129,2751.042396495083,1094838.4070856129,2751.042396495083,19.38782670330482,0.0487165346881371,1.312085324733257,1.5959081532959708e-08,12.0,807.959326171875,48.3785582105686,857.7423716776499,693.8674754552621,0.0
2458608.8183278125,1172899.5789403636,1869.0026540912872,1095185.6031638589,1944.0741926180203,1095185.6031638589,1944.0741926180203,19.393974987246587,0.0344264261291101,2.0645654634543096,1.4504000267736082e-08,12.0,640.6701538085938,45.62657210426951,857.7423716776499,693.8674754552621,0.0
2457867.7865980207,1172327.1048000297,2384.4207115611875,1094590.134666407,2480.1948566219576,1094590.134666407,2480.1948566219576,19.383430198206348,0.0439202605237563,1.2915555093532227,1.572909365942457e-08,12.0,573.4984375,41.54112582865773,857.7423716776499,693.8674754552621,0.0
2458611.7122057187,1173198.6971343334,1884.1784770489846,1095496.735927724,1959.859577245065,1095496.735927724,1959.859577245065,19.399484647912946,0.0347059598937401,2.253304227313837,9.208155843677478e-09,12.0,567.7692260742188,50.48398329644908,857.7423716776499,693.8674754552621,0.0
2457954.5661281967,1174884.6882259662,2178.3012135760655,1097250.4476001249,2265.79623297576,1097250.4476001249,2265.79623297576,19.430540060083374,0.0401236058450586,0.8427335935222495,1.5393400396766385e-08,12.0,567.1457275390625,20.98287128020744,857.7423716776499,693.8674754552621,0.0
2458613.7603766457,1172569.17298383,1851.6298833290787,1094841.9259134396,1926.0036161963405,1094841.9259134396,1926.0036161963405,19.387889016084195,0.0341064252944436,2.3630078951390145,1.629425215986441e-08,12.0,593.8975463867187,52.29250592049618,857.7423716776499,693.8674754552621,0.0
2457954.7640607674,1172494.9613109163,5449.753757165063,1094764.7334077014,5668.652001234771,1094764.7334077014,5668.652001234771,19.386522061002637,0.1003827066442033,0.2347547149432937,1.4595960878435886e-08,12.0,513.7794799804688,17.46947501104725,857.7423716776499,693.8674754552621,4.0
2458617.848902221,1173048.418851391,1808.1850477295707,1095340.4214725574,1880.813747949413,1095340.4214725574,1880.813747949413,19.39671657040636,0.0333061854337971,2.340885344448161,1.317704687216553e-08,12.0,607.5811767578125,48.772046790228586,857.7423716776499,693.8674754552621,0.0
2457955.614728736,1168542.9248982768,1834.5009510530328,1090653.9570097756,1908.1866724311308,1090653.9570097756,1908.1866724311308,19.31372682482603,0.0337909158860534,0.9621256233119388,1.5789165888438022e-08,12.0,545.5427368164062,21.621109572755422,857.7423716776499,693.8674754552621,0.0
2458618.693635182,0.0,0.0,0.0,0.0,0.0,0.0,0.0,0.0,0.0,0.0,12.0,0.0,0.0,0.0,0.0,5.0
2457956.559080869,1173909.7926249877,1889.4127371201369,1096236.393728018,1965.3040799050796,1096236.393728018,1965.3040799050796,19.412582797520265,0.0348023732761853,1.2326428093545911,1.2552583597594729e-08,12.0,538.5498779296875,25.760879242766094,857.7423716776499,693.8674754552621,0.0
2458618.881865384,1172608.7038836689,1759.6386944228186,1094883.0446363147,1830.317451219834,1094883.0446363147,1830.317451219834,19.388617162510386,0.0324119772622389,2.2749127760872314,1.3054501750617642e-08,12.0,674.6173461914063,45.31946346627483,857.7423716776499,693.8674754552621,0.0
2457958.5659726616,0.0,0.0,0.0,0.0,0.0,0.0,0.0,0.0,0.0,0.0,12.0,0.0,0.0,0.0,0.0,5.0
2458629.6642391016,0.0,0.0,0.0,0.0,0.0,0.0,0.0,0.0,0.0,0.0,12.0,0.0,0.0,0.0,0.0,5.0
2457960.648296416,1172532.5997484587,2126.038247161589,1094803.8836544466,2211.4340393140064,1094803.8836544466,2211.4340393140064,19.38721534888365,0.0391609388586755,1.2391264087702345,1.3941003395945448e-08,12.0,525.4794311523438,33.23990681917292,857.7423716776499,693.8674754552621,0.0
2458631.748380803,0.0,0.0,0.0,0.0,0.0,0.0,0.0,0.0,0.0,0.0,12.0,0.0,0.0,0.0,0.0,5.0
2457965.581897168,0.0,0.0,0.0,0.0,0.0,0.0,0.0,0.0,0.0,0.0,12.0,0.0,0.0,0.0,0.0,5.0
2458635.808488004,1172283.7367708986,4008.930334930262,1094545.0246896856,4169.955557356189,1094545.0246896856,4169.955557356189,19.38263137309608,0.0738432038767368,0.1894194724171688,1.5452442511823345e-08,12.0,49.24879379272461,6.806569217006183,857.7423716776499,693.8674754552621,0.0
2457968.53403497,0.0,0.0,0.0,0.0,0.0,0.0,0.0,0.0,0.0,0.0,12.0,0.0,0.0,0.0,0.0,5.0
2458635.810710518,1170240.6038900332,1642.6473918625093,1092419.8260458612,1708.6270022681417,1092419.8260458612,1708.6270022681417,19.344997524347345,0.030257035199142,2.3222312028800456,1.1564459299377012e-08,12.0,601.0782836914062,43.598575177464014,857.7423716776499,693.8674754552621,0.0
2457968.6957984925,1181944.1230272998,4595.66174693781,1104593.4361088348,4780.253993040752,1104593.4361088348,4780.253993040752,19.560572572433937,0.0846506072631848,1.1879498567066584,1.591279503705086e-08,12.0,9253.4166015625,70.79684893517694,857.7423716776499,693.8674754552621,0.0
2458637.7116864463,1172933.0610299131,1755.7984461323256,1095220.4301161193,1826.3229530962217,1095220.4301161193,1826.3229530962217,19.39459171653801,0.0323412411272202,2.36820099329563,1.5347919285665627e-08,12.0,584.7283325195312,46.78701732372001,857.7423716776499,693.8674754552621,0.0
2457969.745802142,0.0,0.0,0.0,0.0,0.0,0.0,0.0,0.0,0.0,0.0,12.0,0.0,0.0,0.0,0.0,5.0
2458638.6400454603,1170819.1169765312,1827.0424333244366,1093021.5760535933,1900.4285711787838,1093021.5760535933,1900.4285711787838,19.35565354882832,0.0336535323948882,1.8996675937857277,1.5592429670549063e-08,12.0,615.3416870117187,42.612359274895056,857.7423716776499,693.8674754552621,0.0
2457970.5503331604,0.0,0.0,0.0,0.0,0.0,0.0,0.0,0.0,0.0,0.0,12.0,0.0,0.0,0.0,0.0,5.0
2458639.799520174,1175294.2880740443,3030.167786360202,1097676.499693847,3151.8794154037682,1097676.499693847,3151.8794154037682,19.438084757187728,0.0558147133860856,0.7530525622782588,1.4850449854745553e-08,12.0,734.9407592773437,30.209779113692846,857.7423716776499,693.8674754552621,0.0
2457971.4959249976,0.0,0.0,0.0,0.0,0.0,0.0,0.0,0.0,0.0,0.0,12.0,0.0,0.0,0.0,0.0,5.0
2458641.751783125,1189411.9569107837,19538.443088029933,1112361.22771462,20323.236507035832,1112361.22771462,20323.236507035832,19.698127664167743,0.3598918204719844,0.0438686107948421,9.498015235951389e-09,12.0,11.205461692810058,4.490571739675773,857.7423716776499,693.8674754552621,0.0
2457972.469630553,1155897.258329918,4158.641406735985,1077500.3566282112,4325.680018426152,1077500.3566282112,4325.680018426152,19.080797724904205,0.0766008335371054,1.2197563717844924,1.4720278473673465e-08,12.0,17556.2734375,103.7314106553262,857.7423716776499,693.8674754552621,0.0
2458641.753898972,1172516.584466857,1764.992803171833,1094787.2250929507,1835.886616475243,1094787.2250929507,1835.886616475243,19.38692035256152,0.0325105982186788,2.3008352959831657,1.0102117130326322e-08,12.0,596.198291015625,46.29538766269642,857.7423716776499,693.8674754552621,0.0
2457973.5503942897,0.0,0.0,0.0,0.0,0.0,0.0,0.0,0.0,0.0,0.0,12.0,0.0,0.0,0.0,0.0,5.0
2458642.6276331954,0.0,0.0,0.0,0.0,0.0,0.0,0.0,0.0,0.0,0.0,12.0,0.0,0.0,0.0,0.0,5.0
2457973.6825493667,1093822.9683557397,3166.7126506069844,1012932.751601153,3293.9088267240863,1012932.751601153,3293.9088267240863,17.93740932273415,0.0583298257493619,0.5602724380772425,1.4331025188930676e-08,12.0,23614.4328125,101.14139081199612,857.7423716776499,693.8674754552621,4.0
2458642.6296929945,1173730.6918010432,1790.8403771016553,1096050.0990275026,1862.7724003497372,1096050.0990275026,1862.7724003497372,19.40928381810378,0.032986702194542,2.2818277163319767,1.4511435563637653e-08,12.0,589.2734008789063,45.420335630918856,857.7423716776499,693.8674754552621,0.0
2457974.480565328,1175515.3791234968,2285.125241135966,1097906.4712257325,2376.9110217515345,1097906.4712257325,2376.9110217515345,19.44215718301609,0.0420912699816261,1.2168842560843225,1.6077363175909426e-08,12.0,1430.5642333984374,33.87582198608087,857.7423716776499,693.8674754552621,0.0
2458644.698821045,1172683.3731944857,1783.4906873342902,1094960.71316173,1855.1274983110945,1094960.71316173,1855.1274983110945,19.389992547134543,0.0328513232793252,2.364885248070374,1.5709168823980882e-08,12.0,593.6970092773438,48.53870359396424,857.7423716776499,693.8674754552621,0.0
2457979.563621352,1172598.2727144717,2285.677469058362,1094872.194482202,2377.4854308087015,1094872.194482202,2377.4854308087015,19.38842502373786,0.0421014418418614,1.1900687326180053,7.99541080749727e-09,12.0,559.0973388671875,35.535811296821166,857.7423716776499,693.8674754552621,0.0
2458645.685081077,1176215.8283759677,1886.8504295833861,1098635.0551643304,1962.638853108934,1098635.0551643304,1962.638853108934,19.45505923234951,0.0347551763977106,2.3533657423928056,1.2696283325193524e-08,12.0,1420.05341796875,48.11665577363434,857.7423716776499,693.8674754552621,0.0
2457980.494535679,1171934.6728259504,1917.4225652274108,1094181.9400223312,1994.4389684210596,1094181.9400223312,1994.4389684210596,19.37620172780436,0.0353183052766634,1.1601354916984277,1.4074441540450324e-08,12.0,588.3212158203125,26.27244856607762,857.7423716776499,693.8674754552621,0.0
2458645.779636251,1176666.803756001,1852.711332394629,1099104.1447057019,1927.1285034266311,1099104.1447057019,1927.1285034266311,19.463366053408738,0.0341263452374603,2.160032397300632,8.295662277303051e-09,12.0,585.0109985351562,41.64985477076656,857.7423716776499,693.8674754552621,0.0
2458661.672934435,0.0,0.0,0.0,0.0,0.0,0.0,0.0,0.0,0.0,0.0,12.0,0.0,0.0,0.0,0.0,5.0
2457980.609630231,1170853.8987250547,1882.431396612046,1093057.75486775,1958.042322474211,1093057.75486775,1958.042322474211,19.35629421741892,0.0346737792355306,1.1409496419931555,1.3118557130269281e-08,12.0,566.2513427734375,25.74968774919494,857.7423716776499,693.8674754552621,0.0
2458661.684762808,0.0,0.0,0.0,0.0,0.0,0.0,0.0,0.0,0.0,0.0,12.0,0.0,0.0,0.0,0.0,5.0
2457981.616437163,1171067.73635631,1866.1067709185147,1093280.1816360713,1941.0619915766204,1093280.1816360713,1941.0619915766204,19.36023303762333,0.034373084894999,1.161558846736945,1.4110681825649356e-08,12.0,560.2450805664063,25.71214423474761,857.7423716776499,693.8674754552621,0.0
2457821.893601164,1174590.1309952487,1967.7306156725863,1096944.058998036,2046.7677237266241,1096944.058998036,2046.7677237266241,19.4251144108892,0.0362449633413586,1.3638796060257956,1.4559359686618814e-08,12.0,742.7392333984375,30.592416339832784,857.7423716776499,693.8674754552621,0.0
2458668.6918426817,1174730.4182634978,1819.5096505761564,1097089.9811331155,1892.5932219311671,1097089.9811331155,1892.5932219311671,19.42769845712725,0.0335147809660111,2.3785639996457744,1.1423508675951142e-08,12.0,572.0256713867187,47.510944590104046,857.7423716776499,693.8674754552621,0.0
2457983.6684725047,0.0,0.0,0.0,0.0,0.0,0.0,0.0,0.0,0.0,0.0,12.0,0.0,0.0,0.0,0.0,5.0
2457986.6016851203,0.0,0.0,0.0,0.0,0.0,0.0,0.0,0.0,0.0,0.0,12.0,0.0,0.0,0.0,0.0,5.0
2457989.689173711,0.0,0.0,0.0,0.0,0.0,0.0,0.0,0.0,0.0,0.0,12.0,0.0,0.0,0.0,0.0,5.0
2457990.646939025,1171630.2266739798,1903.084266781889,1093865.2652943453,1979.5247488435898,1093865.2652943453,1979.5247488435898,19.3705939278699,0.0350541984434434,1.1506845880099452,1.118363292671198e-08,12.0,540.6596069335938,25.94461494854133,857.7423716776499,693.8674754552621,0.0
2457993.583691772,1160133.097021793,1909.798123774847,1081906.334686584,1986.5082788478762,1081906.334686584,1986.5082788478762,19.158820507537207,0.0351778655240136,1.1890838828478765,1.0881885063392493e-08,12.0,1427.9346191406248,36.79609371489257,857.7423716776499,693.8674754552621,0.0
2457995.4889002047,1169036.0460423483,2754.585106978687,1091166.8851685047,2865.2275084386533,1091166.8851685047,2865.2275084386533,19.322809957266696,0.0507385693081615,1.045953644043889,1.6464537153668916e-08,12.0,4179.8306640625,43.366927148856384,857.7423716776499,693.8674754552621,0.0
2457996.6637773025,0.0,0.0,0.0,0.0,0.0,0.0,0.0,0.0,0.0,0.0,12.0,0.0,0.0,0.0,0.0,5.0
2457997.5436212784,0.0,0.0,0.0,0.0,0.0,0.0,0.0,0.0,0.0,0.0,12.0,0.0,0.0,0.0,0.0,5.0
2457998.610497511,0.0,0.0,0.0,0.0,0.0,0.0,0.0,0.0,0.0,0.0,12.0,0.0,0.0,0.0,0.0,5.0
2457999.4772749497,0.0,0.0,0.0,0.0,0.0,0.0,0.0,0.0,0.0,0.0,12.0,0.0,0.0,0.0,0.0,5.0
2458000.6576469336,0.0,0.0,0.0,0.0,0.0,0.0,0.0,0.0,0.0,0.0,12.0,0.0,0.0,0.0,0.0,5.0
2458003.5624131686,1176987.786002401,2699.5787443002955,1099438.019727307,2808.0117255296454,1099438.019727307,2808.0117255296454,19.469278442869644,0.049725369847351,1.164084885376448,1.1379122886024851e-08,12.0,4145.16875,39.80579404474895,857.7423716776499,693.8674754552621,0.0
2458004.548419162,1166996.0348321528,2041.9352527139051,1089044.9335823408,2123.9529109861605,1089044.9335823408,2123.9529109861605,19.285233608684937,0.0376117888244301,1.1724634773940423,1.4213129417129112e-08,12.0,2645.35126953125,33.89528789550139,857.7423716776499,693.8674754552621,0.0
2458005.4817873947,1168647.3529405796,2186.5217943667626,1090762.5795746406,2274.347006795452,1090762.5795746406,2274.347006795452,19.315650355686877,0.0402750262920601,1.1088835732001263,1.5689377801886713e-08,12.0,1135.623706054687,33.93007680867144,857.7423716776499,693.8674754552621,0.0
2458005.643804492,1167001.679266121,2804.3419259271386,1089050.804734201,2916.982891135786,1089050.804734201,2916.982891135786,19.28533757733829,0.0516550738664609,0.9604781711223,1.4889824523695977e-08,12.0,4483.22314453125,42.26387378513885,857.7423716776499,693.8674754552621,0.0
2458008.534154151,1170479.4085227605,1875.366681829113,1092668.222655971,1950.6938419048329,1092668.222655971,1950.6938419048329,19.34939622866692,0.0345436494676218,1.114746715529701,9.393501291432848e-09,12.0,589.8436157226563,25.16862825474562,857.7423716776499,693.8674754552621,0.0
2458019.501346168,1171653.185425273,1909.9518009291821,1093889.1462213132,1986.6681286956396,1093889.1462213132,1986.6681286956396,19.37101682066446,0.035180696207635,1.128924639128114,1.3742741881207288e-08,12.0,670.2690307617188,25.55269308945822,857.7423716776499,693.8674754552621,0.0
2458032.526174611,0.0,0.0,0.0,0.0,0.0,0.0,0.0,0.0,0.0,0.0,12.0,0.0,0.0,0.0,0.0,5.0
2458036.5148026748,1167783.967797409,2165.8926856055327,1089864.5151596675,2252.8892962504024,1089864.5151596675,2252.8892962504024,19.29974707979409,0.0398950447616309,1.005949082319424,9.104237461310625e-09,12.0,689.0191040039062,30.76007677707127,857.7423716776499,693.8674754552621,0.0
2458042.49071956,0.0,0.0,0.0,0.0,0.0,0.0,0.0,0.0,0.0,0.0,12.0,0.0,0.0,0.0,0.0,5.0
2458045.515996936,1168330.1693703607,2137.588370978669,1090432.655809237,2223.4480926836854,1090432.655809237,2223.4480926836854,19.309807936616128,0.0393736884144347,1.035883437017511,1.0835290056556513e-08,12.0,767.079443359375,30.651911878556504,857.7423716776499,693.8674754552621,0.0
2458047.508935201,1164470.445008399,3002.2240105144238,1086417.8993259957,3122.8132322460547,1086417.8993259957,3122.8132322460547,19.238713058642084,0.0552999980469623,0.9293082066931698,1.0561112553442246e-08,12.0,838.4667236328125,46.766669226558776,857.7423716776499,693.8674754552621,0.0
2458166.839588701,0.0,0.0,0.0,0.0,0.0,0.0,0.0,0.0,0.0,0.0,12.0,0.0,0.0,0.0,0.0,5.0
2458173.882463368,1169417.3224389267,2356.140821448845,1091563.4761531227,2450.7790586202086,1091563.4761531227,2450.7790586202086,19.32983294552881,0.0433993540682407,1.022409823232152,1.2574813976755434e-08,12.0,718.5498168945312,34.09003770102189,857.7423716776499,693.8674754552621,0.0
2458174.8575385977,1172060.7704325656,2137.4563579377445,1094313.1025448856,2223.3107771237596,1094313.1025448856,2223.3107771237596,19.37852440505134,0.0393712567767955,1.011188135433016,1.6452103049842652e-08,12.0,638.3030517578125,27.13873473411165,857.7423716776499,693.8674754552621,0.0
2458175.832851104,1175516.1173857374,2302.681899625444,1097907.2391414803,2395.1728720508363,1097907.2391414803,2395.1728720508363,19.442170781568468,0.0424146579689246,0.9910727470095696,1.3366545552106533e-08,12.0,608.1721313476562,27.32166998686503,857.7423716776499,693.8674754552621,0.0
2458178.860311557,0.0,0.0,0.0,0.0,0.0,0.0,0.0,0.0,0.0,0.0,12.0,0.0,0.0,0.0,0.0,5.0
2458180.889368589,0.0,0.0,0.0,0.0,0.0,0.0,0.0,0.0,0.0,0.0,12.0,0.0,0.0,0.0,0.0,5.0
2458186.8762674425,0.0,0.0,0.0,0.0,0.0,0.0,0.0,0.0,0.0,0.0,12.0,0.0,0.0,0.0,0.0,5.0
2458195.845944459,1172344.4404888486,1952.0983183215803,1094608.1666714298,2030.507529668095,1094608.1666714298,2030.507529668095,19.38374951600358,0.0359570214656182,1.0866140590736877,1.008139702430152e-08,12.0,601.9107666015625,24.91720193665204,857.7423716776499,693.8674754552621,0.0
2458203.8249883573,0.0,0.0,0.0,0.0,0.0,0.0,0.0,0.0,0.0,0.0,12.0,0.0,0.0,0.0,0.0,5.0
2458208.8123318357,0.0,0.0,0.0,0.0,0.0,0.0,0.0,0.0,0.0,0.0,12.0,0.0,0.0,0.0,0.0,5.0
2458208.826434181,0.0,0.0,0.0,0.0,0.0,0.0,0.0,0.0,0.0,0.0,12.0,0.0,0.0,0.0,0.0,5.0
2458209.8090363373,0.0,0.0,0.0,0.0,0.0,0.0,0.0,0.0,0.0,0.0,12.0,0.0,0.0,0.0,0.0,5.0
2458213.798826636,0.0,0.0,0.0,0.0,0.0,0.0,0.0,0.0,0.0,0.0,12.0,0.0,0.0,0.0,0.0,5.0
2458221.8954156586,1172773.6278396756,2043.7877227737074,1095054.5930318802,2125.879788525887,1095054.5930318802,2125.879788525887,19.391655008591528,0.0376459107255042,1.066485292791254,1.531687640890623e-08,12.0,581.53203125,26.15796124658737,857.7423716776499,693.8674754552621,0.0
2458223.772262026,1173122.0429194833,1922.3028848778838,1095417.0027713692,1999.5153140663906,1095417.0027713692,1999.5153140663906,19.39807270199663,0.0354081991907066,0.9925961928323318,1.6201218349345306e-08,12.0,546.8106689453125,21.156932487442788,857.7423716776499,693.8674754552621,0.0
2458224.8470144807,1172960.9178854742,2128.49716547798,1095249.4058876974,2213.991724093204,1095249.4058876974,2213.991724093204,19.395104830833525,0.0392062313410545,1.0745290354574788,1.2622391739171581e-08,12.0,560.5136108398438,28.186889760081066,857.7423716776499,693.8674754552621,0.0
2458225.913556989,1171685.2263983414,1882.1792713193827,1093922.4741722983,1957.780070158146,1093922.4741722983,1957.780070158146,19.371607005055058,0.034669135168951,1.0283347011031867,1.6280189608583503e-08,12.0,595.81240234375,22.162585306070035,857.7423716776499,693.8674754552621,0.0
2458226.858986996,1172069.2368112926,2234.6804472422905,1094321.9089895156,2324.4400304739424,1094321.9089895156,2324.4400304739424,19.378680353017057,0.0411620931467098,1.040854146353132,1.408961806733912e-08,12.0,542.3841430664063,30.13989043318926,857.7423716776499,693.8674754552621,0.0
2458229.844929598,1171609.4021667214,1993.3402326888022,1093843.6043368038,2073.4059927601484,1093843.6043368038,2073.4059927601484,19.37021034716217,0.036716684227615,1.04596143423353,1.545130481059951e-08,12.0,544.7234619140625,25.3086380313977,857.7423716776499,693.8674754552621,0.0
2458230.7956569446,1172710.046783923,2042.924018183253,1094988.4581393723,2124.9813918325167,1094988.4581393723,2124.9813918325167,19.390483866049674,0.0376300015654956,1.0010191427381536,1.6294464224553506e-08,12.0,549.0033447265625,24.344579859486547,857.7423716776499,693.8674754552621,0.0
2458231.821257727,0.0,0.0,0.0,0.0,0.0,0.0,0.0,0.0,0.0,0.0,12.0,0.0,0.0,0.0,0.0,5.0
2458249.7181413434,1172570.5215149252,2034.5516994205395,1094843.3286104845,2116.272785237798,1094843.3286104845,2116.272785237798,19.387913855592064,0.0374757861539856,1.0232740973665229,1.6395310802445452e-08,12.0,540.8982543945312,24.905923221096774,857.7423716776499,693.8674754552621,0.0
2458250.7011056184,0.0,0.0,0.0,0.0,0.0,0.0,0.0,0.0,0.0,0.0,12.0,0.0,0.0,0.0,0.0,5.0
2458251.6981181465,1171914.8299309693,1954.8785614541819,1094161.3001051222,2033.3994457985889,1094161.3001051222,2033.3994457985889,19.375836228078185,0.0360082326474836,1.0022509111015727,1.0129905733709051e-08,12.0,539.6776977539063,23.042058343737903,857.7423716776499,693.8674754552621,0.0
2458254.690923407,1171410.0815497017,2451.4578924359075,1093636.2776822608,2549.924695153287,1093636.2776822608,2549.924695153287,19.3665389256782,0.0451550637757664,1.0210782150582138,1.6388564551815388e-08,12.0,518.9845458984375,34.34256801035019,857.7423716776499,693.8674754552621,0.0
2458256.744556564,1172154.2283910855,1955.7943656732077,1094410.3143946677,2034.3520347870524,1094410.3143946677,2034.3520347870524,19.380245870506787,0.0360251014658483,1.017950236961759,1.2917872888541356e-08,12.0,552.68818359375,23.35288204692316,857.7423716776499,693.8674754552621,0.0
2458257.8195387283,0.0,0.0,0.0,0.0,0.0,0.0,0.0,0.0,0.0,0.0,12.0,0.0,0.0,0.0,0.0,5.0
2458258.7878457583,0.0,0.0,0.0,0.0,0.0,0.0,0.0,0.0,0.0,0.0,12.0,0.0,0.0,0.0,0.0,5.0
2458259.86824281,1171900.76069894,1944.7816332533826,1094146.665759454,2022.8969580161709,1094146.665759454,2022.8969580161709,19.375577077361594,0.035822250486316,0.9909905213854446,1.4409485096535544e-08,12.0,558.2939086914063,22.56365004703858,857.7423716776499,693.8674754552621,0.0
2458264.663624965,1173528.0346266718,2962.3478463673428,1095839.301797343,3081.3353769582336,1095839.301797343,3081.3353769582336,19.40555093830945,0.0545654919635617,1.0222382992485333,1.15232048909866e-08,12.0,3454.696875,42.26142515602656,857.7423716776499,693.8674754552621,0.0
2458274.802803138,1170385.3128471612,2611.35830660516,1092570.3474741632,2716.247770133889,1092570.3474741632,2716.247770133889,19.34766301666855,0.048100377836376,1.072908281372381,1.4089549793215398e-08,12.0,1387.0612548828126,40.396430725040446,857.7423716776499,693.8674754552621,0.0
2458277.80143037,1170794.5816486345,2346.455892866461,1092996.0552242538,2440.7051190925426,1092996.0552242538,2440.7051190925426,19.3552016160012,0.0432209608071732,1.0403700439720454,1.2925572800902608e-08,12.0,720.1248168945312,33.41423002943143,857.7423716776499,693.8674754552621,0.0
2458278.7493462823,1172199.2722280114,2929.497962518497,1094457.1674907359,3047.1660239713638,1094457.1674907359,3047.1660239713638,19.381075563456168,0.0539604076972571,0.5766089558051901,1.586854517364462e-08,12.0,544.5848754882812,22.802721149492143,857.7423716776499,693.8674754552621,4.0
2458282.7807068955,1171100.6137173413,1900.0630124376787,1093314.3795699065,1976.3821408932715,1093314.3795699065,1976.3821408932715,19.36083862801047,0.0349985479127871,1.0346783631566685,1.4429593042280252e-08,12.0,551.82646484375,23.229578738200736,857.7423716776499,693.8674754552621,0.0
2458285.60837576,1173973.9317899363,2102.2732552481793,1096303.1091470886,2186.714487757722,1096303.1091470886,2186.714487757722,19.41376422025353,0.0387231953719153,0.9930285694968924,1.2140747635049181e-08,12.0,548.753857421875,24.510131096226047,857.7423716776499,693.8674754552621,0.0
2458286.728118793,1169199.4051669915,2273.068881813003,1091336.8058787032,2364.370399101596,1091336.8058787032,2364.370399101596,19.325818979658788,0.0418691957311111,1.042936846411466,1.3738221316907351e-08,12.0,533.2988525390625,33.18954418966356,857.7423716776499,693.8674754552621,0.0
2458286.753856549,1172780.5768137868,2273.223132437341,1095061.8211228664,2364.5308454537285,1095061.8211228664,2364.5308454537285,19.391783006453608,0.0418720369778651,1.0374612556784295,8.798351394443528e-09,12.0,533.3097290039062,30.227498710998823,857.7423716776499,693.8674754552621,0.0
2458287.718929631,1174110.8782795137,2167.6164496783713,1096445.5563156754,2254.682298117378,1096445.5563156754,2254.682298117378,19.41628673042586,0.0399267959399332,1.0173718563589191,1.578646257224282e-08,12.0,543.8826538085938,26.439500163302466,857.7423716776499,693.8674754552621,0.0
2458288.635127142,1171998.2091922597,2207.1215217752892,1094248.0284303718,2295.774155837867,1094248.0284303718,2295.774155837867,19.377372047181083,0.0406544666274481,1.033844436364984,1.495685183532829e-08,12.0,617.661767578125,29.397800633951253,857.7423716776499,693.8674754552621,0.0
2458288.681447073,1172371.759454548,2048.9686432132758,1094636.5829479222,2131.2688090810616,1094636.5829479222,2131.2688090810616,19.3842527225413,0.0377413416091379,1.0420947438132808,8.866480328951579e-09,12.0,532.0876342773438,25.875879620440983,857.7423716776499,693.8674754552621,0.0
2458289.7751929364,1170405.5970707545,1940.2554970648457,1092591.4464466646,2018.1890221889305,1092591.4464466646,2018.1890221889305,19.348036645525404,0.0357388805174164,1.0315143627013688,8.730298280195693e-09,12.0,536.0805541992187,24.60349331530163,857.7423716776499,693.8674754552621,0.0
2458303.565839518,1171075.2195685531,2248.33478912548,1093287.9654237335,2338.642821258745,1093287.9654237335,2338.642821258745,19.360370875979488,0.0414136017206299,0.9272915736158934,1.6232143019160003e-08,12.0,538.6213256835938,27.323049938040377,857.7423716776499,693.8674754552621,0.0
2458303.75102337,0.0,0.0,0.0,0.0,0.0,0.0,0.0,0.0,0.0,0.0,12.0,0.0,0.0,0.0,0.0,5.0
2458308.543967887,1173267.4367044813,2144.799463254544,1095568.2365347708,2230.9488302366435,1095568.2365347708,2230.9488302366435,19.40075080862636,0.0395065144085564,0.978781706127498,1.5272896923670778e-08,12.0,514.56357421875,25.42859398307752,857.7423716776499,693.8674754552621,0.0
2458310.5383696994,1173522.2203101977,1363.3262646511052,1095833.2539393674,1418.0864866214804,1095833.2539393674,1418.0864866214804,19.40544384047511,0.0251120301178526,0.999991469613788,1.6046803729495676e-08,12.0,506.8136047363281,0.0504936469062342,857.7423716776499,693.8674754552621,0.0
2458310.573454238,1173518.2747684293,2157.8845451987017,1095829.1499184822,2244.559495828925,1095829.1499184822,2244.559495828925,19.405371164868196,0.0397475373979875,1.0121571320131433,1.5579698214970448e-08,12.0,514.5424682617188,26.55764102679908,857.7423716776499,693.8674754552621,0.0
2458311.702150837,1172811.6015317529,1946.5862315883162,1095094.091999207,2024.7740409851617,1095094.091999207,2024.7740409851617,19.39235447175296,0.0358554906056569,0.9934118790612976,7.990869459146906e-09,12.0,534.7792602539063,21.98315000561337,857.7423716776499,693.8674754552621,0.0
2458312.711798861,1172996.3006219543,2148.408373886313,1095286.209829471,2234.7026986473247,1095286.209829471,2234.7026986473247,19.395756569428443,0.0395729893785084,1.0062874111894446,1.1543167144134172e-08,12.0,520.7984130859375,26.54890151576784,857.7423716776499,693.8674754552621,0.0
2458329.4961920567,1174781.1704185146,2107.7075352516877,1097142.7718311783,2192.3670444767604,1097142.7718311783,2192.3670444767604,19.428633295454944,0.0388232930570075,1.1763804608380568,1.5942683128083102e-08,12.0,679.6138549804687,29.23545659526314,857.7423716776499,693.8674754552621,0.0
2458330.4818714405,1173688.6125707254,1948.0293379332097,1096006.3296162984,2026.2751120490066,1096006.3296162984,2026.2751120490066,19.408508732252013,0.0358820721591234,0.9155040989321256,1.3368541609822196e-08,12.0,560.7360961914062,19.42202971798729,857.7423716776499,693.8674754552621,0.0
2458330.5171005665,1172888.880815359,1984.0945543505504,1095174.4753312229,2063.7889466787533,1095174.4753312229,2063.7889466787533,19.39377793123417,0.0365463818143848,0.9405602868980222,1.4461459601815662e-08,12.0,545.5274658203125,21.34618484085214,857.7423716776499,693.8674754552621,0.0
2458331.5922895693,1173141.9478733393,2037.9525101126694,1095437.7072401477,2119.8101950355153,1095437.7072401477,2119.8101950355153,19.39843934482726,0.0375384279901624,1.276147808655308,7.906355609674467e-09,12.0,1024.598388671875,31.495676920669048,857.7423716776499,693.8674754552621,0.0
2458331.64932692,1172926.4123821543,2114.426750065267,1095213.5144145843,2199.356147507265,1095213.5144145843,2199.356147507265,19.3944692505905,0.0389470588269056,1.265597237634631,1.430098558907281e-08,12.0,1697.3322998046874,33.39615756684539,857.7423716776499,693.8674754552621,0.0
2458333.5787552414,1180292.6086522685,4432.2622455086375,1102875.5859665642,4610.291284256072,1102875.5859665642,4610.291284256072,19.53015221026447,0.081640841143714,0.313788006940528,1.3390138137915462e-08,12.0,459.2121948242187,16.012840455682714,857.7423716776499,693.8674754552621,4.0
2458335.5151353283,0.0,0.0,0.0,0.0,0.0,0.0,0.0,0.0,0.0,0.0,12.0,0.0,0.0,0.0,0.0,5.0
2458339.501819744,1171485.9581563652,1820.0966139574507,1093715.2019965288,1893.20376165357,1093715.2019965288,1893.20376165357,19.367936548302502,0.0335255926421971,1.2477072644149558,1.4305912028592442e-08,12.0,519.2769897460937,26.21957331520716,857.7423716776499,693.8674754552621,0.0
2458340.589167612,1177493.8751971822,2077.254480539953,1099964.436819643,2160.6907931767073,1099964.436819643,2160.6907931767073,19.478600442622135,0.0382623576104236,1.2522444657870468,1.637627192671974e-08,12.0,497.0857116699219,28.097212056959727,857.7423716776499,693.8674754552621,0.0
2458366.5626248294,1171848.991595812,2243.530706304261,1094092.817265903,2333.6457746191923,1094092.817265903,2333.6457746191923,19.37462350717768,0.0413251120643948,1.291642867306651,1.2811170297355017e-08,12.0,526.9901977539063,38.48424283034092,857.7423716776499,693.8674754552621,0.0
2458670.552940308,1174925.1563708344,1793.5561759267591,1097292.541214005,1865.5972836620551,1097292.541214005,1865.5972836620551,19.431285470260757,0.0330367263330467,2.3388483507430755,1.6359465663271052e-08,12.0,576.9392456054687,45.01643552909476,857.7423716776499,693.8674754552621,0.0
2458671.548511097,0.0,0.0,0.0,0.0,0.0,0.0,0.0,0.0,0.0,0.0,12.0,0.0,0.0,0.0,0.0,5.0
2458671.6275488595,1172192.2807005858,1721.64985944287,1094449.8951372134,1790.8027327519483,1094449.8951372134,1790.8027327519483,19.380946781775783,0.0317122351734273,2.264231365407303,9.258743289694228e-09,12.0,563.8167358398438,43.92850256831536,857.7423716776499,693.8674754552621,0.0
2458672.7370745023,0.0,0.0,0.0,0.0,0.0,0.0,0.0,0.0,0.0,0.0,12.0,0.0,0.0,0.0,0.0,5.0
2458685.62081297,0.0,0.0,0.0,0.0,0.0,0.0,0.0,0.0,0.0,0.0,12.0,0.0,0.0,0.0,0.0,5.0
2458690.6214458174,1172753.7921079327,1715.8403318584335,1095033.960565637,1784.7598560211536,1095033.960565637,1784.7598560211536,19.391289640809937,0.031605225548913,2.3530496766397224,1.4721526013526974e-08,12.0,565.4313842773438,44.43559182374646,857.7423716776499,693.8674754552621,0.0
2458691.565042328,1171537.144386246,1814.0636578712001,1093768.4442047777,1886.9284820509329,1093768.4442047777,1886.9284820509329,19.36887938214917,0.0334144675367356,2.3635984209997964,1.6479428868502472e-08,12.0,564.3170654296875,51.81119471467645,857.7423716776499,693.8674754552621,0.0
2458692.489750894,1171799.5413365446,2329.299542623934,1094041.3807563547,2422.8596560735405,1094041.3807563547,2422.8596560735405,19.37371264934981,0.042904946368683,1.0614556335687555,1.3944036503599156e-08,12.0,703.7467163085937,32.974411386681574,857.7423716776499,693.8674754552621,0.0
2458692.578948617,1174163.8421198553,1909.7121607612207,1096500.6475350095,1986.4188629896685,1096500.6475350095,1986.4188629896685,19.417262307283966,0.035176282113026,2.03021926440902,9.974361005065675e-09,12.0,601.2379516601563,44.8305589073411,857.7423716776499,693.8674754552621,0.0
2458696.503214508,0.0,0.0,0.0,0.0,0.0,0.0,0.0,0.0,0.0,0.0,12.0,0.0,0.0,0.0,0.0,5.0
2458698.6001349757,1174604.550326021,1873.490763937043,1096959.0575047354,1948.742574712435,1096959.0575047354,1948.742574712435,19.42538001031173,0.0345090956650394,2.4021573653408828,1.4607892337480384e-08,12.0,557.314794921875,51.12800356962278,857.7423716776499,693.8674754552621,0.0
2458699.647006623,1170046.4889663188,1726.1720206114458,1092217.9141797815,1795.5065338960717,1092217.9141797815,1795.5065338960717,19.34142199005519,0.0317955319237412,2.2986313822154534,1.3773856117802146e-08,12.0,595.013232421875,47.90993699593604,857.7423716776499,693.8674754552621,0.0
2458715.583164916,1174492.208851085,1825.2163120423056,1096842.2036513162,1898.529100758342,1096842.2036513162,1898.529100758342,19.423310716573905,0.0336198958298013,2.3365170663859205,1.3798658037253862e-08,12.0,596.5795654296875,47.3777243967568,857.7423716776499,693.8674754552621,0.0
2458718.517323599,1174721.4454902853,4654.3596793091565,1097080.64795384,4841.309623557573,1097080.64795384,4841.309623557573,19.427533181538426,0.0857318042471965,0.1826164405587603,9.19488280087724e-09,12.0,49.21742172241211,8.355595237663572,857.7423716776499,693.8674754552621,0.0
2458718.519570709,1173713.9858460624,1796.5316678631232,1096032.7220506049,1868.6922910828084,1096032.7220506049,1868.6922910828084,19.40897609980076,0.0330915339349089,2.301510658037949,1.3268092209211758e-08,12.0,595.6950561523438,46.10616604415908,857.7423716776499,693.8674754552621,0.0
2458724.5687172613,1174518.554541044,1820.711218791539,1096869.6075588611,1893.8430530927726,1096869.6075588611,1893.8430530927726,19.423795995686373,0.033536913465029,2.398072187603977,1.0863181988673897e-08,12.0,576.4073974609375,48.35581728327637,857.7423716776499,693.8674754552621,0.0
2457925.545794676,1029394.2635702362,226.91177831734203,853862.3714197541,834.589817784637,853862.3714197541,834.589817784637,15.052087718556583,0.0238218734590312,1.5177888561129016,4.1094053551288796e-09,12.0,1698.8660888671875,37.81139823607924,850.4768933265673,594.6723271980836,0.0
2457872.8842171347,1028619.638605213,214.06399755429217,852992.8487925578,835.3372206004497,852992.8487925578,835.3372206004497,15.036497767345336,0.0238307260022995,1.9630412346287072,4.094521511885591e-09,12.0,1899.7064208984373,43.34166753398267,850.4768933265673,594.6723271980836,0.0
2457925.508507837,1024488.1756489538,1485.019737165799,848355.2490687005,1862.3260416851954,848355.2490687005,1862.3260416851954,14.953348748365327,0.0381917991712918,0.0888326769996092,3.823942493808185e-09,12.0,1124.386474609375,23.89102175699008,850.4768933265673,594.6723271980836,4.0
2457873.724371676,1029363.4999017267,221.94448891492223,853827.838959438,833.1017413340372,853827.838959438,833.1017413340372,15.051468574954455,0.0238051405669322,1.9414117309593453,5.093698659353832e-09,12.0,1915.0836181640625,46.43202548464309,850.4768933265673,594.6723271980836,0.0
2457925.643029889,1029260.659578932,431.8686250219921,853712.3998867306,931.7171995894682,853712.3998867306,931.7171995894682,15.049398830642929,0.0249526339777613,0.3985491742787649,4.633023012752004e-09,12.0,1223.465576171875,26.8148371295935,850.4768933265673,594.6723271980836,4.0
2457874.91860366,1030018.9750731847,226.55432613248942,854563.6150044688,830.528617138273,854563.6150044688,830.528617138273,15.064660540621222,0.0237758556575786,1.94412019639332,5.105106334099135e-09,12.0,2328.964111328125,47.88836561270176,850.4768933265673,594.6723271980836,0.0
2457925.670795958,1008169.3418404433,3823.3552574855853,830037.2295280981,4402.571740218972,830037.2295280981,4402.571740218972,14.624919076735376,0.0810861068507131,0.0266996165432607,2.7643818500006333e-09,12.0,790.1036987304688,24.26461393192576,850.4768933265673,594.6723271980836,4.0
2457889.8991530123,1029542.4044905284,328.0738495062454,854028.6607701147,875.0488809671855,854028.6607701147,875.0488809671855,15.055069173872402,0.0242840128854756,1.7298736740655347,5.106663459663277e-09,12.0,9929.919921875,89.19852269080249,850.4768933265673,594.6723271980836,0.0
2457925.715946326,1027391.5849187216,571.330195644606,851614.3488525486,1032.094460801214,851614.3488525486,1032.094460801214,15.011782197977388,0.0261925766152458,0.1994031576654336,3.825898273085547e-09,12.0,1021.599609375,17.241531837247248,850.4768933265673,594.6723271980836,4.0
2457890.7727167187,1028833.575305736,245.36522209475345,853232.9944246924,844.7270533850176,853232.9944246924,844.7270533850176,15.040803415722356,0.0239367707726892,1.8902044749186384,5.056346846733925e-09,12.0,7159.919921875,59.70426511900878,850.4768933265673,594.6723271980836,0.0
2457925.7680382943,1029588.8271391094,381.41295378461535,854080.7705589522,901.6117259120616,854080.7705589522,901.6117259120616,15.056003467058336,0.02459436509628,0.6352289677588162,4.891979998178479e-09,12.0,1482.596435546875,38.313624146822725,850.4768933265673,594.6723271980836,4.0
2457893.683691638,1029709.1649787033,241.56403572888286,854215.8507321444,837.7711602004833,854215.8507321444,837.7711602004833,15.058425362985837,0.0238575691290193,1.8451813728222248,4.941574973991772e-09,12.0,1986.5640869140625,54.484149292100255,850.4768933265673,594.6723271980836,0.0
2457957.6724166176,1029367.2663597362,305.220698832622,853832.0668382328,865.6406990175541,853832.0668382328,865.6406990175541,15.05154437795495,0.0241754720887035,0.5848717216175584,4.097851390814802e-09,12.0,544.61474609375,24.223239328977694,850.4768933265673,594.6723271980836,0.0
2457894.846685908,1028855.412609774,247.48541420168593,853257.5069705503,845.3652115181399,853257.5069705503,845.3652115181399,15.041242909051272,0.0239439997174543,1.912834734941868,2.4451592840072342e-09,12.0,1850.0087890625,61.09751795900678,850.4768933265673,594.6723271980836,0.0
2457957.7820219686,1030142.3444350694,326.1009193077641,854702.0980853208,870.5311737360327,854702.0980853208,870.5311737360327,15.067143448376047,0.0242314343833856,0.5261008660336027,4.547079240028412e-09,12.0,546.2763061523438,23.502939297541307,850.4768933265673,594.6723271980836,0.0
2457895.723393817,1029995.913555829,267.23324208084614,854537.7282695158,845.7697053323609,854537.7282695158,845.7697053323609,15.06419640901346,0.023947960055302,1.3579228632463338,2.4761668364350035e-09,12.0,1735.6016845703125,48.41158105214424,850.4768933265673,594.6723271980836,0.0
2457958.790465685,1029401.2203460104,303.1835433944444,853870.1804553791,864.5290829014812,853870.1804553791,864.5290829014812,15.052227729271188,0.0241626631429757,0.5994803419663552,4.612479773124341e-09,12.0,660.0516357421875,24.64926312256522,850.4768933265673,594.6723271980836,0.0
2457917.5718970187,1029262.5998823496,316.44943528200264,853714.5778926061,871.3481303176784,853714.5778926061,871.3481303176784,15.0494378808117,0.0242413511677001,1.680158242765677,3.974991130939162e-09,12.0,11143.005859375,82.44047176243375,850.4768933265673,594.6723271980836,0.0
2457959.4884785367,1029269.659391368,272.74749043693004,853722.5022471058,852.4831788894137,853722.5022471058,852.4831788894137,15.049579959115556,0.0240247585333404,0.6267458911106233,4.41836858041591e-09,12.0,652.7443237304688,21.02595063390085,850.4768933265673,594.6723271980836,0.0
2457917.616974608,1028246.4631244242,384.56979463068325,852573.9563747931,911.3400513731668,852573.9563747931,911.3400513731668,15.028987310283636,0.0247100824572257,1.7045338501646328,4.844718485429797e-09,12.0,11439.2275390625,112.26856402560394,850.4768933265673,594.6723271980836,0.0
2457959.654937097,1029975.3459765181,266.32676967122933,854514.6409996683,845.5354463041512,854514.6409996683,845.5354463041512,15.06378246991716,0.023945312038703,0.6412898796662403,3.2168739154250435e-09,12.0,567.7725830078125,19.80720304668886,850.4768933265673,594.6723271980836,0.0
2457917.6290966566,1028780.7653833281,295.9655271870711,853173.7148706542,865.2482167344775,853173.7148706542,865.2482167344775,15.03974057350712,0.0241712779113489,1.7081788227327983,3.442495524933347e-09,12.0,11432.138671875,76.50426593817369,850.4768933265673,594.6723271980836,0.0
2457959.727932119,1029831.177328266,294.66460159626484,854352.8105559724,858.1732178161445,854352.8105559724,858.1732178161445,15.060880959774922,0.0240894824088911,0.6172276515220869,4.027937717581639e-09,12.0,587.0850830078125,23.846396473835068,850.4768933265673,594.6723271980836,0.0
2457917.684207624,1028611.4440323069,341.0802840614117,852983.6503198991,886.9756318395781,852983.6503198991,886.9756318395781,15.036332844966669,0.0244232189102351,1.7109352225808985,5.0326457098211624e-09,12.0,11249.8408203125,95.18534415411024,850.4768933265673,594.6723271980836,0.0
2457960.4675069824,1029107.2272925187,350.88864755600866,853540.1709362024,888.7493445827404,853540.1709362024,888.7493445827404,15.046310882322883,0.0244436674237457,0.6073559644446255,3.1777881997997142e-09,12.0,1638.890625,32.67258137362073,850.4768933265673,594.6723271980836,0.0
2457917.709011806,1028467.3243206119,318.9444772198169,852821.8748078743,877.4443984821987,852821.8748078743,877.4443984821987,15.033432319712068,0.0243123722798783,1.72113507826224,5.1098770220708385e-09,12.0,11190.390625,87.19017097905284,850.4768933265673,594.6723271980836,0.0
2457960.4746388923,1029049.9773260254,340.08672659691064,853475.9073976909,883.7922087421254,853475.9073976909,883.7922087421254,15.045158680644947,0.0243858527294509,0.4910673704746162,4.944435031049633e-09,12.0,874.6326904296875,24.03477355527591,850.4768933265673,594.6723271980836,0.0
2457917.7645391044,1029619.594462173,254.5696387145512,854115.3071215342,843.1683833854567,854115.3071215342,843.1683833854567,15.056622684211312,0.0239186620274393,1.7033051786269795,3.3700879906314104e-09,12.0,5652.2109375,56.49994149777409,850.4768933265673,594.6723271980836,0.0
2457960.595935764,1029674.1825716735,270.1435708345902,854176.5827045972,848.9140440472212,854176.5827045972,848.9140440472212,15.057721313873737,0.0239838744188252,0.6698479626649668,2.8910849410192234e-09,12.0,566.1697387695312,22.0076971610004,850.4768933265673,594.6723271980836,0.0
2457917.806207211,1028113.9741443624,328.8877523461368,852425.2364506756,884.2906658787773,852425.2364506756,884.2906658787773,15.026320862869143,0.0243921743261043,1.70720595328821,5.105089250974496e-09,12.0,11331.0517578125,91.191729875552,850.4768933265673,594.6723271980836,0.0
2457960.602890779,1028838.8936116113,258.4015618287597,853238.9642649456,849.5767829365832,853238.9642649456,849.5767829365832,15.04091045091082,0.0239918792006104,0.6849843945077757,4.865806597618043e-09,12.0,582.4730224609375,21.09542591971425,850.4768933265673,594.6723271980836,0.0
2457917.8513232307,1028476.588219702,324.38561684119804,852832.2736076018,879.8958406904808,852832.2736076018,879.8958406904808,15.033618763141291,0.0243408310392277,1.6859810333076473,4.9873450325354225e-09,12.0,11633.087890625,87.64814160676843,850.4768933265673,594.6723271980836,0.0
2457960.7587699327,1028902.7355493971,272.71513060223435,853310.6273431773,854.7890554795177,853310.6273431773,854.7890554795177,15.04219532131942,0.024051284752406,0.6768030077624637,3.7933374010062524e-09,12.0,588.8181762695312,23.45842627493683,850.4768933265673,594.6723271980836,0.0
2457918.52859258,1029083.7185657141,244.42310822503677,853513.7822051179,842.7742248012681,853513.7822051179,842.7742248012681,15.045837750264818,0.0239144932689349,1.3945950156862277,4.902125543443873e-09,12.0,2006.56298828125,42.47475858093033,850.4768933265673,594.6723271980836,0.0
2457960.786915736,1029655.3642608606,291.93360273920507,854155.4590024225,858.0707116550531,854155.4590024225,858.0707116550531,15.057342580214597,0.0240884049371444,0.6461739676891061,5.068386421062105e-09,12.0,665.0150146484375,24.91357102006476,850.4768933265673,594.6723271980836,0.0
2457918.69531597,1028190.6950455694,343.26175745592735,852511.3562668329,890.6638991480485,852511.3562668329,890.6638991480485,15.027864932787766,0.0244665594560371,1.3275936990433774,4.3191636974139056e-09,12.0,6427.0283203125,74.84495142207554,850.4768933265673,594.6723271980836,0.0
2457961.470934918,1030027.052561023,434.650155807146,854572.6820482168,929.0133431174845,854572.6820482168,929.0133431174845,15.064823106568602,0.0249197986489028,0.5925772461554085,5.0624097332620235e-09,12.0,1003.7421264648438,41.96031583252932,850.4768933265673,594.6723271980836,0.0
2457918.8202344025,1027367.7424675559,821.378159103077,851587.5855132397,1226.495415248508,851587.5855132397,1226.495415248508,15.011302349447826,0.0287610164827668,0.5555656399220357,4.926362157518502e-09,12.0,10683.1318359375,86.61657611574965,850.4768933265673,594.6723271980836,4.0
2457961.56121768,1029351.6922068145,285.01611604714645,853814.5847288558,857.0142689435614,853814.5847288558,857.0142689435614,15.051230935585844,0.0240764790382636,0.6858027347770966,4.416901797403897e-09,12.0,670.0009155273438,25.972731602284668,850.4768933265673,594.6723271980836,0.0
2457918.8374368995,1026502.3912913386,833.1244101912671,850616.2219990671,1240.5607829193614,850616.2219990671,1240.5607829193614,14.993886460176288,0.0289546949133993,0.5885284073923169,4.6547467682358655e-09,12.0,10872.1201171875,94.69958148818688,850.4768933265673,594.6723271980836,4.0
2457961.599624541,1030440.906103387,306.99359224720683,855037.2359106392,859.9594369910633,855037.2359106392,859.9594369910633,15.07315224237674,0.024109618080272,0.5436705679143515,4.6451429951491396e-09,12.0,634.75048828125,21.5816593956489,850.4768933265673,594.6723271980836,0.0
2457918.8791044634,-564703475.5373487,-564703475.5373487,-564703475.5373487,-564703475.5373487,-564703475.5373487,-564703475.5373487,0.0,0.0,-9999.99,-9999.99,12.0,-9999.99,-9999.99,-9999.99,-9999.99,5.0
2457961.644529401,1029199.5747078144,372.26013546167405,853643.8316375595,899.0858078495361,853643.8316375595,899.0858078495361,15.048169448421254,0.024564832159074,0.4312422231777321,2.6221466769723736e-09,12.0,613.7062377929688,23.691641273330752,850.4768933265673,594.6723271980836,0.0
2457919.657867042,1034451.0654782479,907.9266859672324,859538.6714085185,1273.7837253220277,859538.6714085185,1273.7837253220277,15.153859929097733,0.0294112067652141,0.2187754467917732,4.551305470678139e-09,12.0,3936.74755859375,31.416966949032776,850.4768933265673,594.6723271980836,4.0
2457919.6739402525,1030188.2536140003,1055.6582582091376,854753.63150043,1423.9199506467285,854753.63150043,1423.9199506467285,15.068067407571784,0.0315488077518627,0.1961861114542629,4.273361052339755e-09,12.0,4802.50634765625,36.08138296343618,850.4768933265673,594.6723271980836,4.0
2457919.722388083,1037009.7786187252,2457.690905687609,862410.8470710729,2859.2114624452506,862410.8470710729,2859.2114624452506,15.205356091530868,0.0545100690912216,0.1271585561787446,4.844861151139059e-09,12.0,6960.09033203125,50.65759477342386,850.4768933265673,594.6723271980836,4.0
2457919.754151633,1041718.5791635351,2202.0974595275634,867696.5127874339,2578.0507847389354,867696.5127874339,2578.0507847389354,15.300124494398991,0.0497976502419774,0.1331977131828755,4.599191980716821e-09,12.0,7815.8798828125,43.474940577813385,850.4768933265673,594.6723271980836,4.0
2457920.8393583377,0.0,0.0,0.0,0.0,0.0,0.0,0.0,0.0,0.0,0.0,12.0,0.0,0.0,0.0,0.0,5.0
2457920.878733733,1041078.7390806832,5771.087915892291,866978.2872525661,6519.5908981720095,866978.2872525661,6519.5908981720095,15.287247197481063,0.1183511121263091,0.0480036916595873,5.1114629345982524e-09,12.0,7323.77294921875,41.61754821604282,850.4768933265673,594.6723271980836,6.0
2457923.5475267908,1029538.7592735232,243.75917309495574,854024.568985303,839.6418325917232,854024.568985303,839.6418325917232,15.054995810944757,0.0238787943365598,1.662184086902731,3.437366832483168e-09,12.0,2121.656005859375,50.15505826396705,850.4768933265673,594.6723271980836,0.0
2457923.7423015493,1030010.5879868456,231.86936121919155,854554.200433963,832.427000325092,854554.200433963,832.427000325092,15.064491743754676,0.0237971922850489,1.653830638188594,5.057540882704163e-09,12.0,1807.8851318359373,42.97097598442341,850.4768933265673,594.6723271980836,0.0
2457923.8251690078,1030074.8152889255,231.09435356600778,854626.2960866526,831.7562848782377,854626.2960866526,831.7562848782377,15.065784369930029,0.023789616604462,1.6668761138294264,3.7304196250581875e-09,12.0,1809.306884765625,42.780544980611786,850.4768933265673,594.6723271980836,0.0
2457923.834044492,1029797.6545445682,226.06802179222692,854315.180967116,831.7468567160873,854315.180967116,831.7468567160873,15.060206286757772,0.0237896641304431,1.6582454829841309,4.900486094789436e-09,12.0,1837.482421875,40.49825390548512,850.4768933265673,594.6723271980836,0.0
2457923.876467616,1029845.9065830095,248.26377189755095,854369.3442604874,839.383479027816,854369.3442604874,839.383479027816,15.061177397887818,0.0238757043724468,1.5887950584218364,4.481693815418481e-09,12.0,2057.81298828125,49.19322079957208,850.4768933265673,594.6723271980836,0.0
2457924.6777271274,1029608.7774090747,190.686031246632,854103.1648941945,821.7092853640336,854103.1648941945,821.7092853640336,15.056404982306946,0.0236773716813487,0.9999928028127868,2.7438658808593888e-09,12.0,1436.125,0.0417241331403386,850.4768933265673,594.6723271980836,0.0
2457924.785151554,1029770.0919468711,251.29748238150654,854284.2417340116,840.9913783157346,854284.2417340116,840.9913783157346,15.059651567283508,0.0238939282192039,1.2364494612682726,2.804302256024766e-09,12.0,1671.23291015625,38.64734438823385,850.4768933265673,594.6723271980836,0.0
2457924.879134137,1029713.988340022,288.0407521753402,854221.2649932333,856.0516863666613,854221.2649932333,856.0516863666613,15.058522437016547,0.0240652690465878,1.401796662849121,2.2285361405838998e-09,12.0,2248.580078125,57.9294508531209,850.4768933265673,594.6723271980836,0.0
2457925.827111456,1029325.1827919855,468.9222604049668,853784.8277018182,953.6579963004688,853784.8277018182,953.6579963004688,15.050697412264892,0.025217651996237,0.2896706617852271,4.442423591076452e-09,12.0,1370.8792724609375,20.301338455542307,850.4768933265673,594.6723271980836,4.0
2457957.623866266,1031579.4902633667,430.13622572237097,856315.3056021301,917.9600812073645,856315.3056021301,917.9600812073645,15.096067165475612,0.0247869567213782,0.5092180218490311,4.974953666263314e-09,12.0,593.8106689453125,33.714084515211205,850.4768933265673,594.6723271980836,0.0
2457957.661142568,1029950.9964515708,275.10584679375,854487.3084660441,849.2185323003175,854487.3084660441,849.2185323003175,15.06329241611942,0.0239871870546869,0.5776929569877509,5.044096181020093e-09,12.0,552.6755981445312,18.63148055070761,850.4768933265673,594.6723271980836,0.0
2458667.064288003,1152675.2090445226,1558.784722470297,1130090.8886686563,2875.440023290825,1130090.8886686563,2875.440023290825,19.806004400286948,0.0462431656198812,0.9973151281118016,2.274281093372881e-08,12.0,534.8974609375,25.815939990330712,849.893554313582,601.7593982497738,0.0
2458667.076156004,1154973.8806582612,1586.0745541344425,1132632.1217839757,2926.342469190555,1132632.1217839757,2926.342469190555,19.84682633411822,0.0470620701350475,1.0011364786110502,3.4663647374417304e-08,12.0,523.3265991210938,25.50418616658671,849.893554313582,601.7593982497738,0.0
2458667.088008404,1151307.1534458005,481.0402643100082,1128578.4724669275,2338.771361427472,1128578.4724669275,2338.771361427472,19.78170920527312,0.0376327249336597,0.999993686409675,2.440615009728682e-08,12.0,518.91259765625,0.1470711110346998,849.893554313582,601.7593982497738,0.0
2458667.0998631534,1151278.8235207545,1381.6193647189118,1128547.1530982745,2741.8481753733813,1128547.1530982745,2741.8481753733813,19.781206096295406,0.0440983907946421,0.9965493487891371,3.474782119844025e-08,12.0,524.5584716796875,23.30796796597789,849.893554313582,601.7593982497738,0.0
2458667.1117123645,1152198.0977115633,1592.8869464986005,1129563.4313703773,2891.450407528811,1129563.4313703773,2891.450407528811,19.797531416521977,0.046499625947623,0.9921560066511124,3.290114672989797e-08,12.0,534.1363525390625,26.718624526253105,849.893554313582,601.7593982497738,0.0
2458667.060334397,0.0,0.0,0.0,0.0,0.0,0.0,0.0,0.0,0.0,0.0,0.0,0.0,0.0,0.0,0.0,0.0
2458667.072207451,0.0,0.0,0.0,0.0,0.0,0.0,0.0,0.0,0.0,0.0,0.0,0.0,0.0,0.0,0.0,0.0
2458667.0840552254,0.0,0.0,0.0,0.0,0.0,0.0,0.0,0.0,0.0,0.0,0.0,0.0,0.0,0.0,0.0,0.0
2458667.095901708,0.0,0.0,0.0,0.0,0.0,0.0,0.0,0.0,0.0,0.0,0.0,0.0,0.0,0.0,0.0,0.0
2458667.1077680383,0.0,0.0,0.0,0.0,0.0,0.0,0.0,0.0,0.0,0.0,0.0,0.0,0.0,0.0,0.0,0.0
2457961.102907989,1085921.5776904589,2274.395752687884,983655.7470361122,2693.083963554001,983655.7470361122,2693.083963554001,14.99583673036548,0.0861704224953524,0.1628053396775018,5.1425592760906185e-09,12.0,645.9915771484375,19.921816780378663,841.3650610807916,601.4327635151085,4.0
2458667.056375964,1089461.5091684675,1044.9287160255765,987428.7403176858,1644.926323227842,987428.7403176858,1644.926323227842,15.063214437068066,0.0773017375837808,0.981093534858236,3.935075577779963e-09,12.0,2302.160888671875,56.399359102920926,841.3650610807916,601.4327635151085,0.0
2457961.092487512,1084844.1238208679,2195.1571979673627,982507.3558210776,2612.257825542426,982507.3558210776,2612.257825542426,14.97532888402386,0.0853728386600665,0.1645093335011056,5.232787736302661e-09,12.0,620.2557373046875,19.763982136596816,841.3650610807916,601.4327635151085,4.0
2458667.068244759,1090360.097902558,1160.5955734822262,988386.4902847924,1737.451057245862,988386.4902847924,1737.451057245862,15.080317832585166,0.0779450325784417,0.9758134809862394,5.236538579448683e-09,12.0,2346.12646484375,61.45574071620451,841.3650610807916,601.4327635151085,0.0
2457961.154997666,1074873.9401105999,2040.7863730626918,971880.7557333087,2418.7708592834583,971880.7557333087,2418.7708592834583,14.78556020686873,0.0835317056585841,0.1528293788313585,5.3825466131533335e-09,12.0,628.0337524414062,20.19746544140756,841.3650610807916,601.4327635151085,4.0
2458667.080103366,-564703475.5373487,-564703475.5373487,-564703475.5373487,-564703475.5373487,-564703475.5373487,-564703475.5373487,0.0,0.0,-9999.99,-9999.99,12.0,-9999.99,-9999.99,-9999.99,-9999.99,5.0
2457961.859800487,1194529.2964803383,112169.94114096307,1099413.9745235527,119578.42490220649,1099413.9745235527,119578.42490220649,17.063034659964732,2.136619825234777,0.0158012203038937,5.3782300918103e-09,12.0,704.2391357421875,15.506321526026689,841.3650610807916,601.4327635151085,4.0
2458667.0919504,-564703475.5373487,-564703475.5373487,-564703475.5373487,-564703475.5373487,-564703475.5373487,-564703475.5373487,0.0,0.0,-9999.99,-9999.99,12.0,-9999.99,-9999.99,-9999.99,-9999.99,5.0
2457961.932771697,-564703475.5373487,-564703475.5373487,-564703475.5373487,-564703475.5373487,-564703475.5373487,-564703475.5373487,0.0,0.0,-9999.99,-9999.99,12.0,-9999.99,-9999.99,-9999.99,-9999.99,5.0
2458667.10381651,1091088.7635099743,1119.0017686558979,989163.1297362549,1711.7099561930563,989163.1297362549,1711.7099561930563,15.094186976065991,0.0777635508624427,0.9923574747784668,5.164048979666938e-09,12.0,2404.887451171875,59.66981442794787,841.3650610807916,601.4327635151085,0.0
2457918.0544062774,1088575.845299535,3955.2745135621512,986484.7661622615,4383.464543835837,986484.7661622615,4383.464543835837,15.046357048508796,0.1060201794106134,0.3775177187433697,5.237519194338407e-09,12.0,7911.2451171875,84.33819473342894,841.3650610807916,601.4327635151085,4.0
2457918.1950666616,1102267.0149886948,4861.982120651614,1001077.3342882261,5354.371731177792,1001077.3342882261,5354.371731177792,15.30694955473738,0.119400788549935,0.4291520764008933,5.260673756347253e-09,12.0,7619.43115234375,94.45778684072566,841.3650610807916,601.4327635151085,4.0
2457918.2437122758,1110359.2463141063,4529.126963251042,1009702.3414708208,5036.023831698474,1009702.3414708208,5036.023831698474,15.460974001877194,0.1149024138955505,0.4409652952714776,4.798842298399344e-09,12.0,7579.79052734375,79.12501219988661,841.3650610807916,601.4327635151085,4.0
2457918.281545358,1103345.5092020626,4087.4306965967307,1002226.8343411307,4563.567880267571,1002226.8343411307,4563.567880267571,15.327477202585955,0.1084225281779542,0.3941064896719186,5.351040424397267e-09,12.0,7247.826171875,71.2833542777678,841.3650610807916,601.4327635151085,4.0
2457919.188215997,1092955.374794344,2758.076564050833,991152.6348662234,3193.464807066496,991152.6348662234,3193.464807066496,15.129715343896637,0.0914614619132177,0.3853103859368479,5.373605424674234e-09,12.0,2558.092529296875,55.43908097284679,841.3650610807916,601.4327635151085,4.0
2457919.2159212544,1090764.8991222791,2213.6149900735113,988817.9427837657,2658.120334180774,988817.9427837657,2658.120334180774,15.088022664733668,0.0858255347661969,0.3808005587815775,5.106469741406565e-09,12.0,3689.3974609375,45.15234306706344,841.3650610807916,601.4327635151085,4.0
2457919.257568409,1092764.698053923,2398.1863165135255,990949.4043616141,2843.426761726221,990949.4043616141,2843.426761726221,15.12608607548541,0.087700020555005,0.4202104475329641,4.5231344636593576e-09,12.0,4141.1650390625,52.760296614695946,841.3650610807916,601.4327635151085,4.0
2457920.058972657,1093933.804042015,3694.186533843371,992195.481882018,4133.505316046877,992195.481882018,4133.505316046877,15.148338393322426,0.1027705215765458,0.190783678895287,5.326569757358961e-09,12.0,3047.8466796875,35.46136576980609,841.3650610807916,601.4327635151085,4.0
2457920.129116964,-564703475.5373487,-564703475.5373487,-564703475.5373487,-564703475.5373487,-564703475.5373487,-564703475.5373487,0.0,0.0,-9999.99,-9999.99,12.0,-9999.99,-9999.99,-9999.99,-9999.99,5.0
2457920.1917839805,1070631.328651854,11101.615928365065,967358.8194671356,11875.924182086139,967358.8194671356,11875.924182086139,14.704807957200533,0.223806015132242,0.0502977415739137,3.405488610409274e-09,12.0,5332.6376953125,41.5136242575852,841.3650610807916,601.4327635151085,4.0
2457920.209164163,1135756.569498027,94501.6257654077,1036771.7721471449,100737.97958974769,1036771.7721471449,100737.97958974769,15.944376972569708,1.8003899607908456,0.0210385553139012,3.335594550138529e-09,12.0,7110.609375,51.47836543681312,841.3650610807916,601.4327635151085,6.0
2457921.077040384,1085563.031980834,1721.168390279323,983273.595414829,2175.4896345461034,983273.595414829,2175.4896345461034,14.989012307968409,0.0813738057745564,0.3590599421476938,5.2239562843080615e-09,12.0,1611.1114501953125,35.6166017334582,841.3650610807916,601.4327635151085,4.0
2457921.090470438,1092012.1095144928,8046.689227098967,990147.2669415252,8665.301164485036,990147.2669415252,8665.301164485036,15.111761592033549,0.1704657663242281,0.0679593801008913,5.072888092142035e-09,12.0,2221.460693359375,27.8333969208998,841.3650610807916,601.4327635151085,4.0
2457925.043812232,0.0,0.0,0.0,0.0,0.0,0.0,0.0,0.0,0.0,0.0,12.0,0.0,0.0,0.0,0.0,5.0
2457927.931231646,1103479.4232807548,5228.396480448613,1002369.5650471782,5736.268565500218,1002369.5650471782,5736.268565500218,15.330026072125824,0.1249295159151862,0.1075417515144497,5.381403103089974e-09,12.0,1009.25830078125,23.19457147260619,841.3650610807916,601.4327635151085,4.0
2457927.966925558,0.0,0.0,0.0,0.0,0.0,0.0,0.0,0.0,0.0,0.0,12.0,0.0,0.0,0.0,0.0,5.0
2457928.028538984,0.0,0.0,0.0,0.0,0.0,0.0,0.0,0.0,0.0,0.0,12.0,0.0,0.0,0.0,0.0,5.0
2457957.8564394726,1087564.3621276545,3310.5879750583294,985406.6890199104,3723.96103558575,985406.6890199104,3723.96103558575,15.027104863286286,0.0976476568422917,0.1312384089270403,5.2363158896839265e-09,12.0,736.7362670898438,23.22780939327625,841.3650610807916,601.4327635151085,4.0
2457958.09252814,1085883.552922988,2675.010489940554,983615.2187962033,3082.8961997398574,983615.2187962033,3082.8961997398574,14.995112981432474,0.0902406086743239,0.1452395828400571,5.3420208238404834e-09,12.0,439.57330322265625,21.179467480607247,841.3650610807916,601.4327635151085,4.0
2457958.8951746845,1072491.1245104407,2495.4508646015324,969341.0604577144,2853.4509729194288,969341.0604577144,2853.4509729194288,14.740206602814167,0.0877968611460604,0.1438650412664722,4.776696750017731e-09,12.0,572.961181640625,24.79128484733064,841.3650610807916,601.4327635151085,4.0
2457958.9154650806,1081128.5629614072,2894.6116952525203,978547.1700810109,3283.1658436738794,978547.1700810109,3283.1658436738794,14.904608314606165,0.0924643391603386,0.1452007116211086,5.248830661028307e-09,12.0,554.0399169921875,25.2388852370286,841.3650610807916,601.4327635151085,4.0
2457959.0302013746,1085792.206158925,2576.8055095647737,983517.8579491806,2985.982351154741,983517.8579491806,2985.982351154741,14.99337432193708,0.0891952640917261,0.1485575481953593,5.389805373274762e-09,12.0,497.1363220214844,20.664832017148733,841.3650610807916,601.4327635151085,4.0
2457959.075158868,1075112.560527071,2279.8924000463876,972135.0864269361,2651.2789165042036,972135.0864269361,2651.2789165042036,14.790102016938832,0.0857524903642256,0.147308465220235,5.387377575488165e-09,12.0,498.2604064941406,21.841205426282823,841.3650610807916,601.4327635151085,4.0
2457960.0429078573,1081675.2048024621,1783.181849459047,979129.8016959268,2210.4023533039253,979129.8016959268,2210.4023533039253,14.91501288708638,0.0816718242917895,0.162800014519052,5.282142151008262e-09,12.0,538.4373168945312,16.10352586409229,841.3650610807916,601.4327635151085,4.0
2457960.0578549034,1087106.5069433078,1996.6397547905765,984918.6895924617,2436.0865907933726,984918.6895924617,2436.0865907933726,15.018390222193704,0.083696163733028,0.1620689156390934,5.304944347283749e-09,12.0,533.3461303710938,16.481510047663445,841.3650610807916,601.4327635151085,4.0
2457960.0994971413,1088101.8633975522,2494.4226411566847,985979.5782672757,2915.3379061749956,985979.5782672757,2915.3379061749956,15.03733545761854,0.0884477486346562,0.1590855516269957,5.3777641811517885e-09,12.0,558.8052368164062,20.75541006756284,841.3650610807916,601.4327635151085,4.0
2457960.15809082,0.0,0.0,0.0,0.0,0.0,0.0,0.0,0.0,0.0,0.0,12.0,0.0,0.0,0.0,0.0,5.0
2457960.8534526937,1099555.5755104742,4757.065342948138,998187.3792147243,5238.813075463553,998187.3792147243,5238.813075463553,15.255341049024672,0.117753569302865,0.1630803165070622,5.293150612606461e-09,12.0,1417.423828125,35.6351362260704,841.3650610807916,601.4327635151085,4.0
2457960.9082133346,1085169.345083108,2082.7629591240493,982853.988981939,2507.1183290811255,982853.988981939,2507.1183290811255,14.98151902158916,0.0843616788598283,0.1639910867719984,5.136761137718151e-09,12.0,612.7752685546875,18.37672889074036,841.3650610807916,601.4327635151085,4.0
2457961.016264793,1100294.821373523,2862.3954104501863,998975.295504076,3326.6030221451697,998975.295504076,3326.6030221451697,15.26941157305911,0.0929660138246728,0.1717815964079914,4.018153176243036e-09,12.0,631.698974609375,21.070113405189417,841.3650610807916,601.4327635151085,4.0
2457936.9625569247,1145147.006252974,2454.960652528678,1126107.6889063641,3304.481179165353,1126107.6889063641,3304.481179165353,19.331313428172503,0.0622823943076864,0.4304282537564655,6.308133758354139e-09,12.0,1597.42568359375,23.76900782003465,831.5838562520881,569.8068520492061,4.0
2458580.2239173013,0.0,0.0,0.0,0.0,0.0,0.0,0.0,0.0,0.0,0.0,12.0,0.0,0.0,0.0,0.0,5.0
2457934.122537027,1142938.1237759977,2095.8760396794887,1123586.6092388115,2945.589423333115,1123586.6092388115,2945.589423333115,19.292913803381623,0.0579536918977623,0.4079030459262468,1.2889966573164133e-08,12.0,493.5815734863281,18.760615428536507,831.5838562520881,569.8068520492061,4.0
2458585.170564867,1147274.9853066027,1694.8973607403982,1128536.4304899448,2631.2523566505397,1128536.4304899448,2631.2523566505397,19.36830661276872,0.054333155010347,0.925133212401539,9.310233022761671e-09,12.0,605.0444702148437,32.02694296856375,831.5838562520881,569.8068520492061,0.0
2457937.0563059305,1151676.2711488062,3364.851135114195,1133559.7816023347,4262.737934978729,1133559.7816023347,4262.737934978729,19.444819386399505,0.074576305915892,0.4478463342023264,1.1251141413675314e-08,12.0,1234.284130859375,32.32612598326527,831.5838562520881,569.8068520492061,4.0
2458586.1679184963,1151689.783695903,2029.0457637972422,1133575.2039745508,2964.091158611376,1133575.2039745508,2964.091158611376,19.445054291037444,0.0581749005210162,0.6548098772863927,1.3018773026848105e-08,12.0,582.3724609374999,25.527357843507577,831.5838562520881,569.8068520492061,4.0
2457938.938438536,0.0,0.0,0.0,0.0,0.0,0.0,0.0,0.0,0.0,0.0,12.0,0.0,0.0,0.0,0.0,5.0
2458587.165161679,1149333.6741571543,1522.6447256582119,1130886.0885894739,2512.528165906036,1130886.0885894739,2512.528165906036,19.40409524355657,0.0530140649442095,0.8608136754009245,1.2571383277617284e-08,12.0,585.6156616210938,23.34805661977328,831.5838562520881,569.8068520492061,0.0
2457939.078512546,0.0,0.0,0.0,0.0,0.0,0.0,0.0,0.0,0.0,0.0,12.0,0.0,0.0,0.0,0.0,5.0
2458591.154711792,1149099.6538471724,2191.1390323926844,1130618.9925119618,3087.7259518833894,1130618.9925119618,3087.7259518833894,19.40002699085849,0.0596473023257942,0.974582896777314,1.4055464822396445e-08,12.0,5384.203417968751,46.34976039871421,831.5838562520881,569.8068520492061,0.0
2457939.923857785,1084508.068822122,2329.169454087847,1056898.215875437,2817.2719132683023,1056898.215875437,2817.2719132683023,18.27715483470663,0.0564482614099413,0.4591849090281936,9.792158289459244e-09,12.0,8367.41640625,73.5091163279409,831.5838562520881,569.8068520492061,4.0
2458603.191183506,1129347.1971096797,3231.14051699861,1108074.7795064654,3988.4342630005663,1108074.7795064654,3988.4342630005663,19.056646600401685,0.0709636148220482,0.7754361086847886,1.2992976710916326e-08,12.0,752.7485473632812,82.51213969138345,831.5838562520881,569.8068520492061,2.0
2457941.974876046,0.0,0.0,0.0,0.0,0.0,0.0,0.0,0.0,0.0,0.0,12.0,0.0,0.0,0.0,0.0,5.0
2458610.1682757377,1152644.4231161214,1649.1035198944755,1134664.7694255156,2649.3326239635207,1134664.7694255156,2649.3326239635207,19.46164992069589,0.0545385178353019,0.993037952088604,1.0710044078440224e-08,12.0,565.5408813476563,28.810287657142297,831.5838562520881,569.8068520492061,0.0
2457942.215405522,0.0,0.0,0.0,0.0,0.0,0.0,0.0,0.0,0.0,0.0,12.0,0.0,0.0,0.0,0.0,5.0
2458611.155641441,1148796.7935137085,1420.237425088658,1130273.3267571004,2427.1336560736995,1130273.3267571004,2427.1336560736995,19.394762010358047,0.0520827223867713,0.9892476897059076,1.2856197374080818e-08,12.0,572.23564453125,24.46541031634201,831.5838562520881,569.8068520492061,0.0
2457942.8828340285,0.0,0.0,0.0,0.0,0.0,0.0,0.0,0.0,0.0,0.0,12.0,0.0,0.0,0.0,0.0,5.0
2458616.2558833933,1147241.6496390158,1551.4446620820122,1128498.3832535548,2512.9794677875434,1128498.3832535548,2512.9794677875434,19.36772709930848,0.0530182861114788,0.9520711155692512,1.017422954353174e-08,12.0,583.9696899414063,28.72437431312688,831.5838562520881,569.8068520492061,0.0
2457943.1793097504,0.0,0.0,0.0,0.0,0.0,0.0,0.0,0.0,0.0,0.0,12.0,0.0,0.0,0.0,0.0,5.0
2458618.082963518,1149550.5207791277,2332.8390806376187,1131133.5836985775,3223.9305214197607,1131133.5836985775,3223.9305214197607,19.40786494566057,0.0612964894084606,0.9434287578217552,1.3855194086576926e-08,12.0,2662.3666015625,48.00393520797218,831.5838562520881,569.8068520492061,0.0
2457944.9861494647,0.0,0.0,0.0,0.0,0.0,0.0,0.0,0.0,0.0,0.0,12.0,0.0,0.0,0.0,0.0,5.0
2458619.0802510246,1154030.065040455,2418.3870132744296,1136246.2540533098,3342.69807549296,1136246.2540533098,3342.69807549296,19.485738178239465,0.0627564668720459,0.9507124756248742,7.247692298228291e-09,12.0,3976.489013671875,46.191068869894266,831.5838562520881,569.8068520492061,0.0
2457946.1463383017,0.0,0.0,0.0,0.0,0.0,0.0,0.0,0.0,0.0,0.0,12.0,0.0,0.0,0.0,0.0,5.0
2458630.1831860854,1151707.6276242547,1624.2952865311436,1133595.5699131764,2619.2775322807593,1133595.5699131764,2619.2775322807593,19.445364493214623,0.0542003295303643,0.99186742907691,1.4164916195489888e-08,12.0,1075.0643798828123,28.82048988391677,831.5838562520881,569.8068520492061,0.0
2457947.989530697,1131665.6257947797,2638.40178612287,1110720.8883328035,3388.0574087504046,1110720.8883328035,3388.0574087504046,19.096950596897717,0.0633123601226969,0.3435288703943853,8.53175996717965e-09,12.0,1484.7953125,26.586539894611946,831.5838562520881,569.8068520492061,4.0
2458631.087592088,1151324.4948787664,1512.9980100827804,1133158.286271022,2526.7374497216597,1133158.286271022,2526.7374497216597,19.43870404213803,0.0531712410998039,0.9675678295592142,1.3084040176133609e-08,12.0,553.5442260742187,24.87702806482691,831.5838562520881,569.8068520492061,0.0
2457948.1289136466,0.0,0.0,0.0,0.0,0.0,0.0,0.0,0.0,0.0,0.0,12.0,0.0,0.0,0.0,0.0,5.0
2458639.0266503035,1145910.1374975124,1849.4020725993598,1126978.6789587238,2750.3278544186774,1126978.6789587238,2750.3278544186774,19.344579844001267,0.0556840074319241,0.8936180114058964,1.3040403344172733e-08,12.0,572.9298828125,36.06989258621301,831.5838562520881,569.8068520492061,0.0
2457948.172270147,0.0,0.0,0.0,0.0,0.0,0.0,0.0,0.0,0.0,0.0,12.0,0.0,0.0,0.0,0.0,5.0
2458641.173491283,1147506.7064576892,1530.1403061428607,1128800.9024519594,2498.747916499227,1128800.9024519594,2498.747916499227,19.372334896459936,0.052862097854439,0.9613192683993912,8.865648853464414e-09,12.0,567.706396484375,28.188304404319656,831.5838562520881,569.8068520492061,0.0
2457956.0104826195,1150882.1951718344,2167.9258554445505,1132653.4731767392,3082.2374789097576,1132653.4731767392,3082.2374789097576,19.431015021572964,0.0595819913344208,0.478614944904388,7.779044778381751e-09,12.0,478.5422729492188,19.79554650589666,831.5838562520881,569.8068520492061,4.0
2458642.0284965187,0.0,0.0,0.0,0.0,0.0,0.0,0.0,0.0,0.0,0.0,12.0,0.0,0.0,0.0,0.0,5.0
2457957.1453660387,1148227.7875317202,2418.4665249665613,1129623.8990818593,3294.2059950936455,1129623.8990818593,3294.2059950936455,19.38487030428502,0.0621568876191138,0.4431563101589242,1.4221657357199925e-08,12.0,476.5154724121094,22.49626508934004,831.5838562520881,569.8068520492061,4.0
2458647.005110478,0.0,0.0,0.0,0.0,0.0,0.0,0.0,0.0,0.0,0.0,12.0,0.0,0.0,0.0,0.0,5.0
2457957.8710208223,0.0,0.0,0.0,0.0,0.0,0.0,0.0,0.0,0.0,0.0,12.0,0.0,0.0,0.0,0.0,5.0
2458667.9473700933,1151442.2727862026,3030.119116668994,1133292.7105741792,3920.3859855347164,1133292.7105741792,3920.3859855347164,19.44075151523873,0.0700833560799613,0.2080139280562881,1.3949798318243258e-08,12.0,135.53460388183595,10.057297173368609,831.5838562520881,569.8068520492061,0.0
2457958.9230573303,0.0,0.0,0.0,0.0,0.0,0.0,0.0,0.0,0.0,0.0,12.0,0.0,0.0,0.0,0.0,5.0
2457845.1135790427,1150600.7336705432,2778.592847866014,1132332.2307043571,3663.2628075593675,1132332.2307043571,3663.2628075593675,19.426122042360483,0.0667777411385277,0.3006273024509705,5.645072636879054e-09,12.0,476.1008911132813,15.892174345121989,831.5838562520881,569.8068520492061,4.0
2457959.044572547,0.0,0.0,0.0,0.0,0.0,0.0,0.0,0.0,0.0,0.0,12.0,0.0,0.0,0.0,0.0,5.0
2457845.1271590097,1159876.8772142518,26670.18811891025,1142919.4380931975,30503.635856125056,1142919.4380931975,30503.635856125056,19.58738025111413,0.4660603929925337,0.0271379306496238,1.4244180820378484e-08,12.0,274.240771484375,11.12355359602372,831.5838562520881,569.8068520492061,4.0
2457960.037595801,0.0,0.0,0.0,0.0,0.0,0.0,0.0,0.0,0.0,0.0,12.0,0.0,0.0,0.0,0.0,5.0
2457852.129122042,0.0,0.0,0.0,0.0,0.0,0.0,0.0,0.0,0.0,0.0,12.0,0.0,0.0,0.0,0.0,5.0
2457960.1612487924,0.0,0.0,0.0,0.0,0.0,0.0,0.0,0.0,0.0,0.0,12.0,0.0,0.0,0.0,0.0,5.0
2457871.26996304,1142181.3098667196,2526.880968161045,1122722.8293959799,3351.617789130754,1122722.8293959799,3351.617789130754,19.27975720928681,0.0628632122061239,0.414184511180418,7.592265946448979e-09,12.0,548.8388671875,25.194960310790663,831.5838562520881,569.8068520492061,4.0
2457960.967109791,0.0,0.0,0.0,0.0,0.0,0.0,0.0,0.0,0.0,0.0,12.0,0.0,0.0,0.0,0.0,5.0
2457888.996774582,0.0,0.0,0.0,0.0,0.0,0.0,0.0,0.0,0.0,0.0,12.0,0.0,0.0,0.0,0.0,5.0
2457961.065827573,1144731.1352718396,1994.4839242046378,1125633.0398990982,2868.6068061419664,1125633.0398990982,2868.6068061419664,19.324083849503904,0.0570513110044779,0.444816853028484,8.224914381788651e-09,12.0,480.2364990234376,18.523796337685635,831.5838562520881,569.8068520492061,4.0
2457890.190124734,0.0,0.0,0.0,0.0,0.0,0.0,0.0,0.0,0.0,0.0,12.0,0.0,0.0,0.0,0.0,5.0
2457967.0059994785,0.0,0.0,0.0,0.0,0.0,0.0,0.0,0.0,0.0,0.0,12.0,0.0,0.0,0.0,0.0,5.0
2457895.1470477087,1147919.9953796691,1973.9972265183258,1129272.6044591463,2879.5849387670733,1129272.6044591463,2879.5849387670733,19.379519588130808,0.0571804786386679,0.4271310831072591,1.0735075746070522e-08,12.0,493.1066223144531,15.871677262218858,831.5838562520881,569.8068520492061,4.0
2457967.88324862,0.0,0.0,0.0,0.0,0.0,0.0,0.0,0.0,0.0,0.0,12.0,0.0,0.0,0.0,0.0,5.0
2457896.0265440303,1150264.2354790028,2561.9258562318355,1131948.1728118705,3448.7113403505036,1131948.1728118705,3448.7113403505036,19.420272295064,0.0640722573513077,0.415295602402175,8.644255703379268e-09,12.0,498.88764648437495,21.53725106748537,831.5838562520881,569.8068520492061,4.0
2457968.120086344,0.0,0.0,0.0,0.0,0.0,0.0,0.0,0.0,0.0,0.0,12.0,0.0,0.0,0.0,0.0,5.0
2457900.107550699,1144508.6261323814,2169.746551590109,1125379.0819483334,3027.8758650836053,1125379.0819483334,3027.8758650836053,19.320215709140268,0.0589297740764489,0.4504175772407716,7.296219351495685e-09,12.0,492.76906127929686,21.243790056013392,831.5838562520881,569.8068520492061,4.0
2457971.915781674,0.0,0.0,0.0,0.0,0.0,0.0,0.0,0.0,0.0,0.0,12.0,0.0,0.0,0.0,0.0,5.0
2457900.981291658,1148025.380241921,1992.4593035956243,1129392.884119227,2897.081112141459,1129392.884119227,2897.081112141459,19.38135161822353,0.0573851794484859,0.4158735214781777,1.0486616346642412e-08,12.0,463.7436950683594,15.46929612458529,831.5838562520881,569.8068520492061,4.0
2457973.943420429,1087939.9134454674,2126.7804422960785,1060815.1076939434,2614.287269888672,1060815.1076939434,2614.287269888672,18.336814661451857,0.0541349518675392,0.4727298743808066,7.23949049597186e-09,12.0,8575.18515625,64.86657945132089,831.5838562520881,569.8068520492061,4.0
2457902.1478920267,1142009.0938993376,2424.0916916260226,1122526.2729117307,3249.872871019529,1122526.2729117307,3249.872871019529,19.276763374802904,0.0616113086203506,0.4272611726609786,1.1065444757173885e-08,12.0,501.5720947265625,24.845176060271672,831.5838562520881,569.8068520492061,4.0
2457976.0876485566,1139548.3410666862,3454.7963557346184,1119717.724246091,4281.563370475688,1119717.724246091,4281.563370475688,19.23398518879175,0.0748231978914573,0.436140188030237,7.235053416580285e-09,12.0,3399.088427734375,40.65466384536953,831.5838562520881,569.8068520492061,4.0
2457902.1636012094,1149627.745872494,2671.9827422711646,1131221.7235678285,3550.9172765863896,1131221.7235678285,3550.9172765863896,19.409207441081055,0.0653544210434022,0.435925051494581,1.2393036963599842e-08,12.0,496.9152709960938,24.517239917830107,831.5838562520881,569.8068520492061,4.0
2457977.914858011,1145719.9534288133,2328.9864411217263,1126761.614812629,3188.2037553877026,1126761.614812629,3188.2037553877026,19.3412736486942,0.0608602562957115,0.4565888486976575,8.385919570078507e-09,12.0,507.3659301757813,23.470369560058973,831.5838562520881,569.8068520492061,4.0
2457903.0525816567,1144816.0183398912,2366.886939710812,1125729.920099478,3216.9990280006823,1125729.920099478,3216.9990280006823,19.325559472584025,0.0612105233864824,0.4403312935717469,6.6245241287267695e-09,12.0,495.1512145996094,23.381644752215024,831.5838562520881,569.8068520492061,4.0
2457978.0988751333,1141300.016291996,2810.910421821199,1121716.9762844916,3628.183563006235,1121716.9762844916,3628.183563006235,19.264436637480596,0.0663294363105447,0.4442678131120928,9.798863705168425e-09,12.0,1935.529760742188,31.598850046734725,831.5838562520881,569.8068520492061,4.0
2457918.053941553,1102573.2080665105,2413.284447818774,1077516.6307142538,2984.5032559011734,1077516.6307142538,2984.5032559011734,18.591202583289707,0.0584074396351322,0.4212851212169377,8.829517717307264e-09,12.0,6171.456835937501,51.07041989826926,831.5838562520881,569.8068520492061,4.0
2457979.9292340865,1149070.4312722401,1821.5200374972321,1130585.6397010887,2756.887233605791,1130585.6397010887,2756.887233605791,19.39951898016778,0.0557602556701555,0.4915843962537401,1.1754250403345316e-08,12.0,492.618408203125,16.103474601505663,831.5838562520881,569.8068520492061,4.0
2457920.158336769,1143365.9883110244,6259.797383560681,1124074.9469348942,7349.880779102381,1124074.9469348942,7349.880779102381,19.30035188022709,0.1178063555525189,0.1969662281064058,1.1805421417376281e-08,12.0,2963.555126953125,31.227162925596243,831.5838562520881,569.8068520492061,4.0
2457980.940957155,1146639.2396195827,2054.6243564855295,1127810.8303088648,2940.5103578073613,1127810.8303088648,2940.5103578073613,19.357254691220863,0.0578949386949357,0.4799975371364685,1.4146836243408096e-08,12.0,483.3288024902344,20.39233525448165,831.5838562520881,569.8068520492061,4.0
2457927.986949532,1148727.136726237,25872.94043456853,1130193.8248766556,29584.889737797428,1130193.8248766556,29584.889737797428,19.393551083778235,0.4521108453554521,0.0272212675275713,1.4013336258353757e-08,12.0,298.6546203613281,14.185230206610823,831.5838562520881,569.8068520492061,4.0
2457984.970118601,1156113.3415039591,2441.1137594829156,1138623.97490934,3381.951488571512,1138623.97490934,3381.951488571512,19.521954244674863,0.0632431976849593,0.459042451465658,1.0382583976187228e-08,12.0,521.75283203125,19.75277818823811,831.5838562520881,569.8068520492061,4.0
2457931.042491137,1135731.9284359424,2596.071101065069,1115361.91066767,3373.2058234801298,1115361.91066767,3373.2058234801298,19.16763996010932,0.0631289700546265,0.4318813936868389,7.517214446433014e-09,12.0,500.0609130859375,31.105611331361136,831.5838562520881,569.8068520492061,6.0
2457940.090572787,0.0,0.0,0.0,0.0,0.0,0.0,0.0,0.0,0.0,0.0,12.0,0.0,0.0,0.0,0.0,5.0
2457985.9171786644,1143552.7414016086,1775.9263566295529,1124288.0951781492,2663.5250854829733,1124288.0951781492,2663.5250854829733,19.30359843077096,0.054695546201516,0.4875159680585079,7.0387285813984035e-09,12.0,498.1213928222657,17.84397734605332,831.5838562520881,569.8068520492061,4.0
2457940.916385328,0.0,0.0,0.0,0.0,0.0,0.0,0.0,0.0,0.0,0.0,12.0,0.0,0.0,0.0,0.0,5.0
2457987.958689592,1143726.247213615,2086.297329229443,1124486.123810009,2943.60834009753,1124486.123810009,2943.60834009753,19.3066146881543,0.0579305650166529,0.4671768399673629,1.035965440034235e-08,12.0,499.8369689941407,21.608147507690077,831.5838562520881,569.8068520492061,4.0
2457940.986776967,0.0,0.0,0.0,0.0,0.0,0.0,0.0,0.0,0.0,0.0,12.0,0.0,0.0,0.0,0.0,5.0
2458673.93125104,0.0,0.0,0.0,0.0,0.0,0.0,0.0,0.0,0.0,0.0,12.0,0.0,0.0,0.0,0.0,5.0
2457989.025557646,1146504.2643353823,1867.3422831418316,1127656.7780004393,2771.7529890153996,1127656.7780004393,2771.7529890153996,19.354908255716325,0.0559301157159086,0.4523908139695308,8.516026681428141e-09,12.0,488.3657653808594,16.21720680360852,831.5838562520881,569.8068520492061,4.0
2457989.0701884767,1149046.7769081793,2550.103222763467,1130558.642096234,3427.56471764026,1130558.642096234,3427.56471764026,19.399107768292957,0.0638080919592148,0.417573951291883,1.2373520844229442e-08,12.0,489.05451660156245,22.116261367557783,831.5838562520881,569.8068520492061,4.0
2457990.962404484,1141075.5891681833,1975.6411471842289,1121460.829266899,2818.5740807968173,1121460.829266899,2818.5740807968173,19.26053515451937,0.0564687191858314,0.4518793973067026,8.335875796951807e-09,12.0,511.7742980957031,20.457269922352708,831.5838562520881,569.8068520492061,4.0
2457991.9398426902,0.0,0.0,0.0,0.0,0.0,0.0,0.0,0.0,0.0,0.0,12.0,0.0,0.0,0.0,0.0,5.0
2457991.983090832,0.0,0.0,0.0,0.0,0.0,0.0,0.0,0.0,0.0,0.0,12.0,0.0,0.0,0.0,0.0,5.0
2457996.0179780326,0.0,0.0,0.0,0.0,0.0,0.0,0.0,0.0,0.0,0.0,12.0,0.0,0.0,0.0,0.0,5.0
2457997.000529866,1138371.6915534227,7162.357013932244,1118374.7704245816,8339.737732357236,1118374.7704245816,8339.737732357236,19.213530094285545,0.1322164485062178,0.4603694380749072,1.3032811006429744e-08,12.0,14501.445703125002,95.106927370894,831.5838562520881,569.8068520492061,6.0
2457998.0093841194,1142399.284762207,5003.120184275782,1122971.6122455783,5961.019913533732,1122971.6122455783,5961.019913533732,19.28354652550792,0.0979254528642994,0.4560517014513102,1.1598927237051294e-08,12.0,9697.465234375,60.52566615263225,831.5838562520881,569.8068520492061,4.0
2457998.878956649,1118252.4037406305,2966.0523349653577,1095411.8794789962,3648.6194292713603,1095411.8794789962,3648.6194292713603,18.86377264402592,0.0665849111138107,0.4797411768762037,1.2542913789006211e-08,12.0,8197.4634765625,55.60995577382329,831.5838562520881,569.8068520492061,4.0
2458000.024830103,0.0,0.0,0.0,0.0,0.0,0.0,0.0,0.0,0.0,0.0,12.0,0.0,0.0,0.0,0.0,5.0
2458000.941678299,1142773.0068262673,3824.2068921068417,1123398.1551272564,4690.052315826635,1123398.1551272564,4690.052315826635,19.290043379544095,0.0803046427291621,0.4715537637584871,7.967234043145777e-09,12.0,5384.49267578125,46.69294684743272,831.5838562520881,569.8068520492061,4.0
2458001.9976222483,1133417.186922255,3837.0920222797777,1112720.0101471054,4655.131725050087,1112720.0101471054,4655.131725050087,19.127400062088533,0.0798301119002172,0.446985034883667,1.4125304787426691e-08,12.0,7485.93466796875,52.16358704348778,831.5838562520881,569.8068520492061,4.0
2458003.010373791,1147682.1094430536,4838.458301175251,1129001.096398283,5805.097327991171,1129001.096398283,5805.097327991171,19.375384134658628,0.0957285685769072,0.4241460326832303,1.0470926395748132e-08,12.0,8593.8271484375,49.41139680773541,831.5838562520881,569.8068520492061,4.0
2458003.913090908,1147475.123185719,2985.875022666539,1128764.8552898169,3847.834316510887,1128764.8552898169,3847.834316510887,19.371785846971797,0.0691431256478756,0.4549543584740213,7.517263116052426e-09,12.0,2849.1941894531246,30.912810721716525,831.5838562520881,569.8068520492061,4.0
2458004.97894146,1136984.8734585799,2965.3606275326765,1116791.9433896707,3756.812717849595,1116791.9433896707,3756.812717849595,19.189421389974573,0.0679694122210213,0.4159023932594943,1.075858779130314e-08,12.0,2965.888525390625,34.11492580196577,831.5838562520881,569.8068520492061,4.0
2458007.023153397,1143916.9040549605,2753.973680413894,1124703.7275490952,3589.4988295450544,1124703.7275490952,3589.4988295450544,19.309929102229184,0.0658399923340745,0.4208259319240718,6.923866265475417e-09,12.0,1759.43720703125,27.606764637093068,831.5838562520881,569.8068520492061,4.0
2458007.9369797097,1143659.2311669127,4111.755628138671,1124409.63590515,5001.471139057627,1124409.63590515,5001.471139057627,19.30544966870435,0.0845521051648755,0.1939808102184219,9.07279976118065e-09,12.0,536.9340942382812,18.30778188944604,831.5838562520881,569.8068520492061,4.0
2458011.9616815336,1144189.4534035872,2661.7960483416964,1125014.7982504065,3499.7597126649744,1125014.7982504065,3499.7597126649744,19.31466715091821,0.0647095182310729,0.4208977500328322,7.826346604168767e-09,12.0,521.9466064453125,26.262697671961,831.5838562520881,569.8068520492061,4.0
2458013.009408121,1125835.3944835323,1997.3424019361726,1104066.628647599,2711.677180656747,1104066.628647599,2711.677180656747,18.995596768828857,0.0552373618821125,0.39568195618509,1.4183905478209212e-08,12.0,522.6188720703126,24.628780371529714,831.5838562520881,569.8068520492061,4.0
2458013.8877972914,1145671.2403241403,2223.340049529665,1126706.0167357665,3087.974257242037,1126706.0167357665,3087.974257242037,19.34042681100077,0.0596492244107902,0.4415118544458635,7.775719527026207e-09,12.0,542.2881103515625,21.155666577138277,831.5838562520881,569.8068520492061,4.0
2458016.9634929723,1142532.280396329,2432.3806472965957,1123123.405105793,3262.010652196344,1123123.405105793,3262.010652196344,19.28585854640643,0.061760080638514,0.3769218629774871,9.113972791538876e-09,12.0,488.723974609375,21.205918368389725,831.5838562520881,569.8068520492061,4.0
2458018.9011812177,1138712.640651208,3543.3290947224787,1118763.9083017912,4370.098720312236,1118763.9083017912,4370.098720312236,19.219457216966003,0.0760012452563391,0.1768669934817682,1.1139706836723211e-08,12.0,434.4541381835937,14.662994465904776,831.5838562520881,569.8068520492061,4.0
2458020.9560668287,0.0,0.0,0.0,0.0,0.0,0.0,0.0,0.0,0.0,0.0,12.0,0.0,0.0,0.0,0.0,5.0
2458022.8869151277,1132417.6162069766,3977.0477301270753,1111579.1629391464,4800.939471238318,1111579.1629391464,4800.939471238318,19.11002333842004,0.0818088615422879,0.3445391845969339,1.0566600395586356e-08,12.0,3277.006396484375,42.05211853428934,831.5838562520881,569.8068520492061,4.0
2458027.941998476,1089991.9813518317,1961.8586483755746,1063157.209063794,2449.9607721130624,1063157.209063794,2449.9607721130624,18.3724881925116,0.0523212496635039,0.4372910838843964,1.2477846074604657e-08,12.0,5787.79912109375,52.98987140621544,831.5838562520881,569.8068520492061,4.0
2458033.9240542785,0.0,0.0,0.0,0.0,0.0,0.0,0.0,0.0,0.0,0.0,12.0,0.0,0.0,0.0,0.0,5.0
2458036.933688563,0.0,0.0,0.0,0.0,0.0,0.0,0.0,0.0,0.0,0.0,12.0,0.0,0.0,0.0,0.0,5.0
2458039.921029467,1136769.4854548222,2851.6986755938988,1116546.113055749,3638.9591329100454,1116546.113055749,3638.9591329100454,19.18567704476156,0.0664651989422066,0.3798310379725851,8.314505148229971e-09,12.0,617.4184692382812,29.548692031372404,831.5838562520881,569.8068520492061,4.0
2458041.9259146564,1146434.2931120466,19187.47140023286,1127576.9172426562,21970.871472883333,1127576.9172426562,21970.871472883333,19.353691862924837,0.3366524080927602,0.034031119963714,1.0920933779334023e-08,12.0,404.8892639160157,13.361154580479162,831.5838562520881,569.8068520492061,4.0
2458044.895612405,1143442.0521587564,2215.3132472204707,1124161.7614313436,3061.555451798282,1124161.7614313436,3061.555451798282,19.301674188336985,0.0593317930530783,0.4265120238266886,8.735329030346966e-09,12.0,706.7374389648437,21.17869507233629,831.5838562520881,569.8068520492061,4.0
2458178.1985063865,0.0,0.0,0.0,0.0,0.0,0.0,0.0,0.0,0.0,0.0,12.0,0.0,0.0,0.0,0.0,5.0
2458187.2788760136,1132403.226851837,5875.649305401059,1111562.7398333228,6885.941855023606,1111562.7398333228,6885.941855023606,19.109773191187625,0.1111115696886897,0.3700577695580271,1.2903704548054142e-08,12.0,6277.8505859375,68.5091521026704,831.5838562520881,569.8068520492061,4.0
2458195.272720963,1143703.562635538,2585.1707558515136,1124460.2330579408,3420.4457167691257,1124460.2330579408,3420.4457167691257,19.306220335219823,0.0637178903361514,0.4024721617745685,1.1652570190829876e-08,12.0,536.0736206054687,24.25187218340942,831.5838562520881,569.8068520492061,4.0
2458202.290294262,0.0,0.0,0.0,0.0,0.0,0.0,0.0,0.0,0.0,0.0,12.0,0.0,0.0,0.0,0.0,5.0
2458207.253066556,0.0,0.0,0.0,0.0,0.0,0.0,0.0,0.0,0.0,0.0,12.0,0.0,0.0,0.0,0.0,5.0
2458208.20112667,1137653.4327203275,3546.161581164508,1117554.994923156,4367.192119625744,1117554.994923156,4367.192119625744,19.20104374882306,0.0759622659376188,0.3894978312573023,9.000343291805763e-09,12.0,4946.811816406251,38.41259573835968,831.5838562520881,569.8068520492061,4.0
2458210.270712837,0.0,0.0,0.0,0.0,0.0,0.0,0.0,0.0,0.0,0.0,12.0,0.0,0.0,0.0,0.0,5.0
2458211.294159046,1145670.5669152546,3797.1999150779407,1126705.2481491768,4677.477598149835,1126705.2481491768,4677.477598149835,19.34041510433516,0.0801349351134487,0.3904874774230769,7.694011248583234e-09,12.0,3915.4688476562505,35.96096386773613,831.5838562520881,569.8068520492061,4.0
2458214.298403596,1105147.1277341521,3207.8827036538223,1080454.3408946898,3847.591278983898,1080454.3408946898,3847.591278983898,18.635948082658476,0.069133572637877,0.3892586454935947,1.0978100088706652e-08,12.0,10033.3240234375,61.05211855470853,831.5838562520881,569.8068520492061,4.0
2458215.229510459,0.0,0.0,0.0,0.0,0.0,0.0,0.0,0.0,0.0,0.0,12.0,0.0,0.0,0.0,0.0,5.0
2458215.2885603686,0.0,0.0,0.0,0.0,0.0,0.0,0.0,0.0,0.0,0.0,12.0,0.0,0.0,0.0,0.0,5.0
2458224.160903838,1146316.9244954113,2454.9099027969173,1127442.9600783016,3313.7453781270337,1127442.9600783016,3313.7453781270337,19.351651505011723,0.0623968157252963,0.3633437290275976,9.136064140797541e-09,12.0,505.2662658691406,18.86721840918174,831.5838562520881,569.8068520492061,4.0
2458230.251486007,1145246.70064413,2712.4062652249636,1126221.4738202882,3557.7741174668345,1126221.4738202882,3557.7741174668345,19.333046534054787,0.0654396424919933,0.3146411969319782,8.261421916543477e-09,12.0,474.2243835449219,18.53790078773323,831.5838562520881,569.8068520492061,4.0
2458231.141027427,1148205.8539534174,2632.233595198356,1129598.8654737454,3501.00638085866,1129598.8654737454,3501.00638085866,19.38448900687063,0.0647262780334121,0.3200529073360754,1.0065300760317867e-08,12.0,465.1996276855468,16.91113053379707,831.5838562520881,569.8068520492061,4.0
2458232.2126906663,1146864.6280895951,2435.9619902876184,1128068.0745466056,3299.8932165704045,1128068.0745466056,3299.8932165704045,19.361172886403665,0.0622264298863012,0.3462878456472451,8.579237476898692e-09,12.0,459.9479248046875,17.299729821030738,831.5838562520881,569.8068520492061,4.0
2458235.1299714018,1145969.5054518364,4416.981602538998,1127046.4378114957,5341.00675504135,1127046.4378114957,5341.00675504135,19.345611907587443,0.0892402721009832,0.3434518271911924,8.258773888768625e-09,12.0,2335.537451171875,36.88565778979905,831.5838562520881,569.8068520492061,6.0
2458251.1527270377,1144643.3349729737,2205.2061288178807,1125532.8301547673,3062.21030775232,1125532.8301547673,3062.21030775232,19.322557512739447,0.0593399805285114,0.3945769808109818,1.0149839068683183e-08,12.0,482.8277587890625,18.597174094337497,831.5838562520881,569.8068520492061,4.0
2458252.2463375097,1147464.5382460463,2384.673367911794,1128752.7743047643,3255.65448883061,1128752.7743047643,3255.65448883061,19.371601836407137,0.0616836250961554,0.3925650397670465,1.3918717552107877e-08,12.0,486.2847778320313,19.35035125533745,831.5838562520881,569.8068520492061,4.0
2458254.0798993423,1141264.0932543662,7386.606043866609,1121675.975986509,8599.100812215775,1121675.975986509,8599.100812215775,19.263812144697177,0.1360165811738087,0.1216230306934626,1.0510378778472333e-08,12.0,463.4237426757812,22.697477830232916,831.5838562520881,569.8068520492061,6.0
2458255.1770653846,1142640.804201872,2075.719787538213,1123247.267358516,2924.3402797960125,1123247.267358516,2924.3402797960125,19.287745144474524,0.0577034085719201,0.4122061156241441,1.022336385717076e-08,12.0,484.3453857421876,18.855833014052468,831.5838562520881,569.8068520492061,4.0
2458264.0527368784,1145655.0566153717,3633.5316898967003,1126687.5456674562,4504.856217088581,1126687.5456674562,4504.856217088581,19.340145470390365,0.0778066691312551,0.3956661139192036,1.0775575735509512e-08,12.0,2577.8790039062496,34.55207711961048,831.5838562520881,569.8068520492061,4.0
2458265.052733758,1151139.6037460342,3520.165668227414,1132947.2631494652,4419.730949903551,1132947.2631494652,4419.730949903551,19.435489860216588,0.0766670394489037,0.439374684941898,7.946783157496165e-09,12.0,3950.4122070312505,33.76522782522562,831.5838562520881,569.8068520492061,4.0
2458304.02368238,1152761.7508497706,1766.5615952497953,1134798.6799285975,2747.398695368537,1134798.6799285975,2747.398695368537,19.46368956789154,0.0556528122315882,0.9702144947192094,9.135425041155344e-09,12.0,549.8119140625,31.309066395433284,831.5838562520881,569.8068520492061,0.0
2458305.9387936587,1149189.3927693316,1744.4678597537702,1130721.4148791104,2692.3937341773567,1130721.4148791104,2692.3937341773567,19.401587029011708,0.0550243326157283,0.8917004376470195,8.75017321508356e-09,12.0,524.6388671875,30.53406537693652,831.5838562520881,569.8068520492061,0.0
2458309.927752703,1153752.1384402944,1635.243752981921,1135929.0460949684,2649.985378474445,1135929.0460949684,2649.985378474445,19.48090665040726,0.0545462937647988,0.9296713775910668,7.097258343788998e-09,12.0,519.6295654296875,25.4786061695788,831.5838562520881,569.8068520492061,0.0
2458311.0560593377,1152296.6748468326,1665.3340630766963,1134267.8714011665,2658.848037257867,1134267.8714011665,2658.848037257867,19.45560459995042,0.0546457114748821,0.9606120488198072,1.0594062015553552e-08,12.0,509.3072937011719,28.511354646995088,831.5838562520881,569.8068520492061,0.0
2458312.0516006025,1150692.729465582,1415.485600227025,1132437.2289244027,2444.86322102328,1132437.2289244027,2444.86322102328,19.42772131441259,0.0522754506383891,0.9647380678659592,5.8590866558944006e-09,12.0,508.1884399414063,22.091612980996207,831.5838562520881,569.8068520492061,0.0
2458312.920613721,1149987.9551482236,1490.8259559724765,1131632.843801961,2494.7405497896207,1131632.843801961,2494.7405497896207,19.41546938628565,0.0528190595401892,0.9236185012270473,9.55331272625072e-09,12.0,508.8979187011719,23.88125405634893,831.5838562520881,569.8068520492061,0.0
2458313.097183276,1149093.2433519724,1736.1583594050642,1130611.675975533,2684.412140174348,1130611.675975533,2684.412140174348,19.39991554961479,0.0549337535417378,0.9260065858438824,1.299115684523237e-08,12.0,510.88080444335935,31.836266903730337,831.5838562520881,569.8068520492061,0.0
2458313.916857118,1147700.5635102016,1536.1399322352693,1129022.1587109936,2505.6160183826555,1129022.1587109936,2505.6160183826555,19.3757049436024,0.0529375329252599,0.9361526305760516,1.2788440137789931e-08,12.0,517.5297607421876,27.382486488837685,831.5838562520881,569.8068520492061,0.0
2458314.9139549443,1147740.1414318278,1586.5851443349345,1129067.330463921,2546.6528309611367,1129067.330463921,2546.6528309611367,19.376392973570614,0.0533899185150717,0.9384839710562976,9.132761022911076e-09,12.0,512.7548950195312,28.92287457425965,831.5838562520881,569.8068520492061,0.0
2458317.0208146214,1150460.7315582512,1500.557953143464,1132172.4410902013,2507.526776053004,1132172.4410902013,2507.526776053004,19.42368821953923,0.0529595129063202,0.9616077226686915,1.0362595430405078e-08,12.0,511.1740051269532,24.94429484351724,831.5838562520881,569.8068520492061,0.0
2458317.906420188,1150875.9494195508,1659.8919418372682,1132646.3446675246,2639.4370080141007,1132646.3446675246,2639.4370080141007,19.430906444250844,0.0544264382674634,0.9164025661614312,7.68543504758425e-09,12.0,973.2370483398436,27.972101374720303,831.5838562520881,569.8068520492061,0.0
2458330.0366029595,0.0,0.0,0.0,0.0,0.0,0.0,0.0,0.0,0.0,0.0,12.0,0.0,0.0,0.0,0.0,5.0
2458330.871330614,1156107.75591107,1705.9696676503095,1138617.5998645786,2732.3753515738745,1138617.5998645786,2732.3753515738745,19.521857143686734,0.0554822294094784,0.9012514663660652,1.4246142841732352e-08,12.0,547.9081787109375,24.773941070634677,831.5838562520881,569.8068520492061,0.0
2458332.0131753925,1150823.717782296,1997.069458584054,1132586.7307586547,2927.4495278443183,1132586.7307586547,2927.4495278443183,19.42999843973104,0.0577425514199401,0.9604411276499624,1.029180772527462e-08,12.0,1481.3444335937502,38.91420163486268,831.5838562520881,569.8068520492061,0.0
2458332.8642773377,1149536.039486475,1664.1031987724484,1131117.0556610539,2628.893834682316,1131117.0556610539,2628.893834682316,19.4076132001693,0.0543074460148159,0.9323586501594184,1.2478469300230515e-08,12.0,776.0001586914062,29.597045863666157,831.5838562520881,569.8068520492061,0.0
2458335.9109124457,1151168.7233749756,1473.1693315142234,1132980.498464253,2494.1547335633754,1132980.498464253,2494.1547335633754,19.435996081275007,0.0528130800752498,0.9497637760166656,9.497093809293641e-09,12.0,505.0947448730469,23.21469739027244,831.5838562520881,569.8068520492061,0.0
2458337.897892475,1147546.4566631417,1385.9364497290485,1128846.2708388215,2387.0685722762023,1128846.2708388215,2387.0685722762023,19.373025921442327,0.0516508989135457,0.9479341328664348,8.248340904486863e-09,12.0,509.49269409179686,23.03987520653316,831.5838562520881,569.8068520492061,0.0
2458338.9429549626,1149565.831157795,1506.6457056371232,1131151.058002785,2502.469564418669,1131151.058002785,2502.469564418669,19.40813110413771,0.0529036598357191,0.9589492190412794,8.915403977464909e-09,12.0,500.2244812011719,25.8496863094696,831.5838562520881,569.8068520492061,0.0
2458339.939406267,1150336.9454702584,1377.2186251089265,1132031.1594272705,2412.155688426112,1132031.1594272705,2412.155688426112,19.421536299107608,0.0519216102053924,0.9501883230483144,1.0052385310489628e-08,12.0,498.6502075195313,20.70645877066752,831.5838562520881,569.8068520492061,0.0
2458339.9711400988,1151721.768581723,1482.3389222993908,1133611.7095135052,2507.3746092017263,1133611.7095135052,2507.3746092017263,19.445610322255604,0.0529583139521308,0.9499586320635068,1.3484613473351303e-08,12.0,500.2064147949218,23.062155389771856,831.5838562520881,569.8068520492061,0.0
2458340.870585536,1152523.0098231279,1637.464825364033,1134526.195921707,2638.61636854857,1134526.195921707,2638.61636854857,19.459539249374902,0.054417813648578,0.9408128746582528,8.404057802983517e-09,12.0,580.0867553710937,26.86274645251513,831.5838562520881,569.8068520492061,0.0
2458341.8703006567,0.0,0.0,0.0,0.0,0.0,0.0,0.0,0.0,0.0,0.0,12.0,0.0,0.0,0.0,0.0,5.0
2458343.0294540795,1150402.505299566,1425.6167349402165,1132105.9852970927,2449.248408320424,1132105.9852970927,2449.248408320424,19.422676003402877,0.0523229428541724,0.8931093680412342,1.4234884904156931e-08,12.0,497.02015380859376,20.67462649562783,831.5838562520881,569.8068520492061,0.0
2458344.860176432,1151253.0284962943,1892.428976652921,1133076.719032547,2839.650056512713,1133076.719032547,2839.650056512713,19.43746165722137,0.0567163856242622,0.8781861397207894,1.4206619067562078e-08,12.0,2437.61962890625,32.366263180257576,831.5838562520881,569.8068520492061,0.0
2458390.876143351,0.0,0.0,0.0,0.0,0.0,0.0,0.0,0.0,0.0,0.0,12.0,0.0,0.0,0.0,0.0,5.0
2458398.877090202,1149732.6497234188,2525.499761949396,1131341.4542318038,3409.251680159469,1131341.4542318038,3409.251680159469,19.41103110918317,0.0635802827087934,0.8845008836414642,9.213173264303744e-09,12.0,2895.7546875,49.24866426487861,831.5838562520881,569.8068520492061,0.0
2458686.023548548,1152167.0029964924,1921.5172056373974,1134119.872098917,2873.8800831431504,1134119.872098917,2873.8800831431504,19.45335036032885,0.0571153007939439,0.9885687223420124,1.3457453596125352e-08,12.0,1835.061328125,36.84975327805976,831.5838562520881,569.8068520492061,0.0
2458687.9896472422,1151014.8508779444,1422.7199391728725,1132804.8780644776,2453.966348020636,1132804.8780644776,2453.966348020636,19.43332113309952,0.0523744332451769,1.0242772882012592,9.076259857936329e-09,12.0,567.2566772460937,23.738817054597277,831.5838562520881,569.8068520492061,0.0
2458688.8896788494,1151604.2376005247,1449.127044927975,1133477.567036442,2480.6328607905166,1133477.567036442,2480.6328607905166,19.44356714176668,0.0526652901482443,0.9912787754402622,1.2514874815531373e-08,12.0,579.1983154296875,23.30001655162373,831.5838562520881,569.8068520492061,0.0
2458689.887335599,1151833.8148000424,1600.4100660502515,1133739.592026847,2601.4100447449764,1133739.592026847,2601.4100447449764,19.447558154604117,0.0540003709113658,0.9749939010188148,1.3402357209812089e-08,12.0,549.3499389648437,27.35718416521067,831.5838562520881,569.8068520492061,0.0
2458691.9561366807,1150643.491070618,1562.814733690834,1132381.0313142084,2558.5588538425977,1132381.0313142084,2558.5588538425977,19.426865344974814,0.0535228532857112,1.0004063249016033,1.4248283396222662e-08,12.0,536.5814086914063,27.971616958944832,831.5838562520881,569.8068520492061,0.0
2458692.878520262,1150606.1136484249,1591.4690494793633,1132338.371073069,2581.0648054812286,1132338.371073069,2581.0648054812286,19.426215568898986,0.0537729471316973,0.966983682999029,9.665065987851951e-09,12.0,533.238720703125,27.8500681430416,831.5838562520881,569.8068520492061,0.0
2458694.069251671,1150322.7133749407,2149.556581502751,1132014.9158079252,3060.3841588044197,1132014.9158079252,3060.3841588044197,19.42128888570924,0.0593198895719695,0.5160467119746337,1.4143277426405822e-08,12.0,580.3773559570313,21.76100173972293,831.5838562520881,569.8068520492061,4.0
2458694.927836291,1149771.9024853664,1579.9109579726075,1131386.2548679062,2562.8538716967128,1131386.2548679062,2562.8538716967128,19.41171348651494,0.0535701869812236,0.9629314638250558,1.181132194930019e-08,12.0,552.017236328125,27.964381813677047,831.5838562520881,569.8068520492061,0.0
2458696.867566004,0.0,0.0,0.0,0.0,0.0,0.0,0.0,0.0,0.0,0.0,12.0,0.0,0.0,0.0,0.0,5.0
2458697.864766312,1151863.9038179005,1722.5769983129378,1133773.933741233,2701.4514941609063,1133773.933741233,2701.4514941609063,19.44808122770017,0.0551281835489921,0.9431730782950524,1.0222719873969002e-08,12.0,764.27255859375,29.86577829561028,831.5838562520881,569.8068520492061,0.0
2458697.9466047864,1153566.9891967124,1588.6183194046114,1135717.7283819064,2610.762560862919,1135717.7283819064,2610.762560862919,19.477687981438685,0.0541056378844911,0.9464937600226848,6.971453579241215e-09,12.0,522.2716064453125,24.82854487739686,831.5838562520881,569.8068520492061,0.0
2458699.953493158,1151278.7351019587,1031.345380098769,1133106.058937018,2187.5719477823013,1133106.058937018,2187.5719477823013,19.437908545646827,0.0495603990772354,1.0000222653246569,8.304580285675683e-09,12.0,567.5475830078125,0.0580575280310787,831.5838562520881,569.8068520492061,0.0
2458700.0451025297,1152634.4449281753,1648.6055217879332,1134653.3809487575,2648.822707081796,1134653.3809487575,2648.822707081796,19.46147645801636,0.054532767715953,0.9696561339004324,9.137234379805434e-09,12.0,556.3962890625,27.98866813204545,831.5838562520881,569.8068520492061,0.0
2458717.9215847813,1151526.810999423,1467.2518700982507,1133389.1971789217,2493.6071668838963,1133389.1971789217,2493.6071668838963,19.442221143298145,0.0528072163199163,0.9625005440433664,7.339855079033595e-09,12.0,556.3741821289063,23.12004013425701,831.5838562520881,569.8068520492061,0.0
2458724.899117632,1148627.0456958408,1447.13971763278,1130079.5872636242,2445.864044506369,1130079.5872636242,2445.864044506369,19.39181108264544,0.0522855482803644,0.9567269395617836,7.869313655936822e-09,12.0,570.0375,24.530966066212503,831.5838562520881,569.8068520492061,0.0
2458727.8651252324,1150863.5660232648,2369.662499413823,1132632.2110370952,3269.801061313225,1132632.2110370952,3269.801061313225,19.43069116898112,0.0618580291673615,0.9465550653385888,9.505850746544444e-09,12.0,2127.575390625,47.79008101698695,831.5838562520881,569.8068520492061,0.0
2458749.871774115,1148605.4152431581,2060.2334755605407,1130054.8996240483,2963.4829027857595,1130054.8996240483,2963.4829027857595,19.39143505482336,0.058166677617298,0.899668659872496,6.588081604606681e-09,12.0,2412.274951171875,39.70308872101317,831.5838562520881,569.8068520492061,0.0
2458749.8755697296,1149543.0682203542,1695.2878992011813,1131125.0778162635,2654.794735671995,1131125.0778162635,2654.794735671995,19.407735388989448,0.0545989759247421,0.90298197306079,1.3905056926422385e-08,12.0,1249.38291015625,29.4375588561727,831.5838562520881,569.8068520492061,0.0
2458751.872498225,1135225.0236594505,17102.070512395097,1114783.3614063503,19585.084602763196,1114783.3614063503,19585.084602763196,19.158827832970434,0.3005553817612868,0.0552289626471808,5.5432969193848775e-09,12.0,2448.894287109375,27.060503209361496,831.5838562520881,569.8068520492061,4.0
2458751.8762789294,1150250.7001255627,2132.336227555594,1131932.7244099262,3043.999173969026,1131932.7244099262,3043.999173969026,19.420036993956344,0.0591239560112181,0.5424887287239053,1.3405351936719718e-08,12.0,1249.2796630859375,22.8099497810605,831.5838562520881,569.8068520492061,4.0
2458753.873222834,1141533.6703546806,5635.54369743125,1121983.6543503522,6652.39075298149,1121983.6543503522,6652.39075298149,19.2684985232674,0.1077613049734016,0.2602513690905452,1.4240581618311852e-08,12.0,2681.716015625,38.85953360117,831.5838562520881,569.8068520492061,4.0
2458753.877006993,1148095.9278838015,5322.54006573222,1129473.402764918,6334.733538940972,1129473.402764918,6334.733538940972,19.382578031582465,0.1032261530507127,0.2449034658522517,7.309521398300987e-09,12.0,1386.2177490234376,30.26729707150665,831.5838562520881,569.8068520492061,4.0
2457889.0008545164,1038815.9260210503,821.6748959614176,969706.5903491962,1114.1740914047134,969706.5903491962,1114.1740914047134,17.146386073827376,0.0291438335996116,0.4974250730998985,3.222853298581066e-09,12.0,10484.4609375,67.4188929952665,830.2839799765494,569.3029516483944,4.0
2458565.2761287848,1040252.7688837692,480.2980392873209,971219.623755364,875.1943112667791,971219.623755364,875.1943112667791,17.171794248840108,0.0267438641213246,0.8727989943006553,3.211319272598433e-09,12.0,5323.04736328125,67.54096997486135,830.2839799765494,569.3029516483944,0.0
2457871.274066617,1038957.8944735363,447.5750689680537,969856.0868716126,846.4953159159982,969856.0868716126,846.4953159159982,17.148896549663426,0.0264831036980312,0.5219503208953671,3.016312921315978e-09,12.0,1248.5625,37.47785355641994,830.2839799765494,569.3029516483944,4.0
2458573.202060757,1039961.9425143066,263.5494772339792,970913.3759228365,763.9342468699631,970913.3759228365,763.9342468699631,17.166651468453097,0.0257646669328011,0.8215049832115413,2.885649976837818e-09,12.0,1755.0885009765625,33.84555848111548,830.2839799765494,569.3029516483944,0.0
2457890.194210506,1037635.1270191228,863.4586662496515,968463.1778771438,1142.6751422666403,968463.1778771438,1142.6751422666403,17.12550560841653,0.0294542501779119,0.3489261321933484,1.674187589789982e-09,12.0,6926.4462890625,50.28911354237229,830.2839799765494,569.3029516483944,4.0
2458580.227870861,1038873.6796610663,322.91793701804954,969767.4064543808,780.4154726206444,969767.4064543808,780.4154726206444,17.14740735084467,0.0259044708679898,1.0106934384843531,2.2126904642679328e-09,12.0,1280.311767578125,53.23504157799086,830.2839799765494,569.3029516483944,0.0
2457895.151137891,1040981.805656754,387.7059059672127,971987.3186929743,828.2397510886127,971987.3186929743,828.2397510886127,17.184686050998387,0.0263182196219345,0.4715711918559855,3.228990203779858e-09,12.0,1110.9278564453125,27.6197127992212,830.2839799765494,569.3029516483944,4.0
2458585.1745243184,1040865.4102540661,236.17070692722294,971864.7512660411,761.3659353094977,971864.7512660411,761.3659353094977,17.182627791992548,0.0257424931741102,0.993454698031514,3.2290808411680954e-09,12.0,1245.4805908203125,36.2521316411178,830.2839799765494,569.3029516483944,0.0
2457896.030634552,1039951.5916587542,425.0349463765859,970902.4761991155,840.6961795880717,970902.4761991155,840.6961795880717,17.16646843079724,0.0264301679238669,0.5410066106584246,3.1622666369498195e-09,12.0,1292.7210693359375,36.19582703950729,830.2839799765494,569.3029516483944,4.0
2458586.171876702,1042081.4181969472,351.9512915497958,973145.2396809411,819.0279852790284,973145.2396809411,819.0279852790284,17.204130868933834,0.026235948003324,0.6008165254293649,3.2081670662765814e-09,12.0,1143.572509765625,31.787475869138863,830.2839799765494,569.3029516483944,4.0
2457900.1116444576,1040779.4645804613,304.98498433521945,971774.2482064143,787.329555595716,971774.2482064143,787.329555595716,17.181107985774904,0.0259618692077178,0.5790635418435143,2.911646929484998e-09,12.0,1069.7879638671875,26.65885903383775,830.2839799765494,569.3029516483944,4.0
2458587.1691205557,1041152.0342619402,247.4408713795304,972166.5739010519,767.694630986987,972166.5739010519,767.694630986987,17.187696260607915,0.025795215271107,0.947116254653221,2.3076318883577278e-09,12.0,1185.98583984375,36.21084334421302,830.2839799765494,569.3029516483944,0.0
2457918.058025528,1033387.3584324041,896.4838612349286,963990.1655943588,1151.058938697046,963990.1655943588,1151.058938697046,17.050390889566422,0.0295494046306501,0.5483420048030129,1.3032767669496296e-09,12.0,9007.66796875,89.09233315286285,830.2839799765494,569.3029516483944,4.0
2458591.158676648,1040803.1383931137,279.64718121291537,971799.177355121,777.0199989307013,971799.177355121,777.0199989307013,17.181526617756653,0.0258741114996148,1.0468139865313977,2.562183061131236e-09,12.0,3881.6767578125,46.10619709537828,830.2839799765494,569.3029516483944,0.0
2457920.150145301,1037627.7790861448,567.1100608911462,968455.4403100433,914.069291489529,968455.4403100433,914.069291489529,17.125375672449323,0.0271101658680888,0.4167751542119052,1.2728922875220076e-09,12.0,2550.45703125,38.9812498825476,830.2839799765494,569.3029516483944,4.0
2458592.216668576,1041343.4969053194,398.7825359192508,972368.1891110255,836.8072945317672,972368.1891110255,836.8072945317672,17.19108195884786,0.0263942562328842,1.0542592647351992,2.7383056445471262e-09,12.0,4108.83837890625,66.44592568326843,830.2839799765494,569.3029516483944,0.0
2457927.9910324514,1039178.0564525869,1241.4051684282922,970087.9232384927,1485.231349900154,970087.9232384927,1485.231349900154,17.15278974789687,0.0334864918215207,0.1146107092271217,2.5028989382464726e-09,12.0,777.4801635742188,21.41659708910837,830.2839799765494,569.3029516483944,4.0
2458593.149448904,1040032.4227282209,419.5486014900228,970987.5934457772,838.2280135094487,970987.5934457772,838.2280135094487,17.1678977937518,0.0264079880748668,1.0193223518748504,2.879045646047746e-09,12.0,9666.986328125,69.14242280059166,830.2839799765494,569.3029516483944,0.0
2457931.0465760604,1038079.7689392718,513.6571037776662,968931.3975387522,881.2865948250474,968931.3975387522,881.2865948250474,17.133368360856796,0.0268019387424397,0.5439345446190217,2.787811603636538e-09,12.0,1106.1617431640625,45.86891345173672,830.2839799765494,569.3029516483944,4.0
2458594.249424912,1040794.9671472114,462.0209141224854,971790.5728178128,868.1261492198657,971790.5728178128,868.1261492198657,17.181382122870456,0.0266784003757006,0.9822234974026538,2.103175471483986e-09,12.0,5719.818359375,72.35280048000081,830.2839799765494,569.3029516483944,0.0
2457934.126702268,1038329.2263685493,419.94961073037905,969194.0827868801,826.1717406085827,969194.0827868801,826.1717406085827,17.13777960037768,0.0263019989773742,0.5132595685946758,2.7216964990844797e-09,12.0,1054.763916015625,34.76359593199432,830.2839799765494,569.3029516483944,4.0
2458595.144156329,1043009.5481167062,1486.4918879021347,974122.5849497209,1730.882804734611,974122.5849497209,1730.882804734611,17.220543302086867,0.0366603482171812,0.5307681464324029,2.03583109110499e-09,12.0,36197.734375,122.3231431087854,830.2839799765494,569.3029516483944,6.0
2457936.9666828127,1038963.6852956192,481.9284645738557,969862.1847598966,867.1973043970994,969862.1847598966,867.1973043970994,17.14899895071559,0.0266713146325456,0.5619203896708965,2.88406209879997e-09,12.0,1832.8509521484373,43.925307650121766,830.2839799765494,569.3029516483944,4.0
2458600.130712778,1039466.0043421276,653.3293082802619,970391.1399557933,986.8298556005235,970391.1399557933,986.8298556005235,17.157881627156474,0.0278188076988458,0.9091177630414086,2.308191220268717e-09,12.0,2976.440185546875,97.14916495190474,830.2839799765494,569.3029516483944,2.0
2457937.060429991,1039513.0822297259,354.83032566676616,970440.7142122936,800.4422399540596,970440.7142122936,800.4422399540596,17.158714121257496,0.0260757080216044,0.5741278693703254,3.2305647167639193e-09,12.0,1579.8089599609375,32.086197010288785,830.2839799765494,569.3029516483944,4.0
2458602.185730501,1037969.7564897768,447.1371507296392,968815.5515297693,839.3587187783977,968815.5515297693,839.3587187783977,17.13142297375646,0.0264197711389341,0.9561984071479936,2.632790414647156e-09,12.0,1718.3837890625,71.3170833705072,830.2839799765494,569.3029516483944,0.0
2457938.942556409,1027739.0942943395,554.0665294968196,958042.3945823091,851.0958017544611,958042.3945823091,851.0958017544611,16.950510737420558,0.0265345314541874,0.6021248349159893,3.029365050182869e-09,12.0,6762.921875,66.02170054510096,830.2839799765494,569.3029516483944,4.0
2458603.195146498,1037395.6035632145,623.5665101164714,968210.9533648102,952.585373740305,968210.9533648102,952.585373740305,17.121270034683825,0.0274817390930341,0.7827715632275539,3.231997024236206e-09,12.0,1587.1763916015625,82.41969031227248,830.2839799765494,569.3029516483944,2.0
2457939.0826386744,1028927.5405287885,629.3333483916447,959293.8597917707,912.4869637627567,959293.8597917707,912.4869637627567,16.971526431412975,0.0271026393381352,0.6179746829729885,1.7638835257732871e-09,12.0,7207.90087890625,75.67022353832472,830.2839799765494,569.3029516483944,4.0
2458610.172238317,1042083.9846889238,249.5860299165534,973147.9422646392,776.2476201597486,973147.9422646392,776.2476201597486,17.20417625307361,0.0258665676844056,1.0460206588049252,3.2320013277362767e-09,12.0,1283.9287109375,39.85438542314212,830.2839799765494,569.3029516483944,0.0
2457939.9279895755,1025367.1837560363,554.0307007919789,955544.7102676155,840.78376047263,955544.7102676155,840.78376047263,16.908567446587977,0.0264439861726418,0.5910945751059633,2.3489846223808163e-09,12.0,10008.201171875,67.39930083598186,830.2839799765494,569.3029516483944,4.0
2458611.1596000157,1041863.9273454739,241.83489632972928,972916.216081804,771.6662150040141,972916.216081804,771.6662150040141,17.200284905146646,0.0258280531441646,1.044695796228495,2.901937096401497e-09,12.0,1206.724365234375,38.647543740972615,830.2839799765494,569.3029516483944,0.0
2457940.094700545,1025780.4672748643,595.7811180335477,955979.9087061025,873.5166219869255,955979.9087061025,873.5166219869255,16.915875677883633,0.0267411074222028,0.6151080031817352,1.9023410058006994e-09,12.0,10646.140625,75.06783962576674,830.2839799765494,569.3029516483944,4.0
2458616.2598420302,1040945.9305935969,255.60237817515232,971949.5413058893,768.9551167969298,971949.5413058893,768.9551167969298,17.18405166020526,0.0258059639282339,1.0138258275861358,2.797457810073995e-09,12.0,1509.260498046875,40.26503820084289,830.2839799765494,569.3029516483944,0.0
2457940.990907581,1031957.1069960628,724.8319874786191,962484.0731339012,1001.3048876937853,962484.0731339012,1001.3048876937853,17.025099272960553,0.0279703236159309,0.618715953293487,3.042282373969551e-09,12.0,19615.587890625,83.13224340630732,830.2839799765494,569.3029516483944,4.0
2458618.086926837,1040208.4319309777,259.9025021762268,971172.9357754589,764.538487188767,971172.9357754589,764.538487188767,17.171010223610008,0.0257695216663114,1.00887025291457,3.200349997812461e-09,12.0,2394.991943359375,41.402866026551344,830.2839799765494,569.3029516483944,0.0
2457941.9789959714,1031225.7747349215,1297.1442855193036,961713.9609867585,1509.6572213145437,961713.9609867585,1509.6572213145437,17.012166878914087,0.0337984420692311,0.6476424440757005,3.232300369860082e-09,12.0,60016.5078125,158.29667873134198,830.2839799765494,569.3029516483944,6.0
2458619.0842119227,1040795.9813784033,274.25016274039643,971791.640829989,774.8258363814542,971791.640829989,774.8258363814542,17.181400057861307,0.0258555550630744,1.022071489169235,2.0371676386670404e-09,12.0,3297.19970703125,44.07413519924852,830.2839799765494,569.3029516483944,0.0
2457942.219538256,1035530.2731759318,1864.7835160332343,966246.7113013755,2076.469407973029,966246.7113013755,2076.469407973029,17.088284770834612,0.0414167224808213,0.5872956808433039,3.2162335462798438e-09,12.0,68681.4921875,192.534079735282,830.2839799765494,569.3029516483944,6.0
2458626.190344814,985239.7765478106,1039.3316376603934,913289.4928153484,1258.916685875198,913289.4928153484,1258.916685875198,16.198981025130383,0.030815494146621,1.0366577973111502,2.04582265987062e-09,12.0,23301.31640625,428.5676054480176,830.2839799765494,569.3029516483944,2.0
2457942.886956347,1046880.5621248685,5087.803162632047,978198.8647309417,5413.337210271366,978198.8647309417,5413.337210271366,17.288995743163134,0.0936097137628359,0.2843754267969285,3.195150886465689e-09,12.0,77424.625,211.38685017728983,830.2839799765494,569.3029516483944,4.0
2458627.183064791,1040788.9677143239,318.321422670673,971784.2552568509,793.2371311510813,971784.2552568509,793.2371311510813,17.181276032883336,0.0260125237237163,1.0397323188119112,1.686201632020911e-09,12.0,4259.48486328125,52.47726346843163,830.2839799765494,569.3029516483944,0.0
2457943.1834906638,1043897.4405511678,1569.918789769024,975057.5590859199,1814.0445814179452,975057.5590859199,1814.0445814179452,17.236244202270612,0.0377767240565102,0.556711578206936,2.9471019429546733e-09,12.0,45954.3125,133.72647473805378,830.2839799765494,569.3029516483944,4.0
2458628.056220164,1041051.1445532241,359.5767185858324,972060.3343785638,814.5866338505348,972060.3343785638,814.5866338505348,17.18591219399733,0.0261977224015098,1.0255679534835256,1.7823368981020255e-09,12.0,3466.468017578125,58.41704625142474,830.2839799765494,569.3029516483944,0.0
2457944.9902814496,1024743.2487093424,824.9103144476168,954887.6902180186,1056.8233274788531,954887.6902180186,1056.8233274788531,16.897534193561977,0.0285469071152858,0.5712209453448286,3.195406041296836e-09,12.0,18221.650390625,98.49085323517818,830.2839799765494,569.3029516483944,6.0
2458629.0537230712,1040938.4014340546,261.7432085131466,971941.6129024411,771.1805911986993,971941.6129024411,771.1805911986993,17.183918519547834,0.0258246906813468,1.0056487358094794,2.791520261318248e-09,12.0,1936.7222900390625,41.03109031949584,830.2839799765494,569.3029516483944,0.0
2457946.1504629627,-564703475.5373487,-564703475.5373487,-564703475.5373487,-564703475.5373487,-564703475.5373487,-564703475.5373487,0.0,0.0,-9999.99,-9999.99,12.0,-9999.99,-9999.99,-9999.99,-9999.99,5.0
2458629.2475106274,1041135.8816833933,258.94718943715014,972149.5648100991,771.758038269893,972149.5648100991,771.758038269893,17.18741062913542,0.0258293984240109,1.0160322900013237,1.7671615724582072e-09,12.0,2390.40283203125,40.96253656551106,830.2839799765494,569.3029516483944,0.0
2457947.99365303,1038232.3218248102,444.4283819249141,969092.0397481517,839.5781020367357,969092.0397481517,839.5781020367357,17.13606600477808,0.0264215225132699,0.4265770740195163,2.2986464635333728e-09,12.0,2415.58203125,30.398655483568668,830.2839799765494,569.3029516483944,4.0
2458630.187146616,1041374.6077109687,269.5402939999111,972400.9496093801,777.7313546159753,972400.9496093801,777.7313546159753,17.191632101675044,0.0258796865864526,1.0438943627145,1.8139270704746143e-09,12.0,1548.2314453125,43.73049715964473,830.2839799765494,569.3029516483944,0.0
2457948.176398199,0.0,0.0,0.0,0.0,0.0,0.0,0.0,0.0,0.0,0.0,12.0,0.0,0.0,0.0,0.0,5.0
2458631.0915452675,1041713.5768438426,253.66781701672045,972757.8930407083,774.6103181366809,972757.8930407083,774.6103181366809,17.197626206719825,0.0258530109026795,1.0221398727880775,3.1574068261246244e-09,12.0,1226.9073486328125,39.88562130652142,830.2839799765494,569.3029516483944,0.0
2457956.014613976,1040411.1983226389,329.7447686880123,971386.454130313,795.4260509336324,971386.454130313,795.4260509336324,17.174595809828023,0.0260316655970631,0.6001525843706584,3.162383082612883e-09,12.0,1068.2802734375,30.521047816278408,830.2839799765494,569.3029516483944,4.0
2458639.0306101707,1039045.8610392226,489.3829226131327,969948.7179838672,872.3765484106594,969948.7179838672,872.3765484106594,17.150452091994612,0.0267188373606423,0.914891884794835,2.993296252896341e-09,12.0,1361.69140625,73.35129126354079,830.2839799765494,569.3029516483944,0.0
2457957.1494937656,1040109.001479752,348.94852399532635,971068.2328895713,802.1270937036885,971068.2328895713,802.1270937036885,17.169251961539825,0.026089826485781,0.5721416440035324,3.226238619870968e-09,12.0,1074.57177734375,30.98184553990588,830.2839799765494,569.3029516483944,4.0
2458641.1774530974,1041167.1720024935,280.5384638398754,972182.514340849,780.3364723738267,972182.514340849,780.3364723738267,17.18796394635926,0.0259019546169693,1.0247026491018878,3.146192238431076e-09,12.0,1220.2591552734375,44.86083151877045,830.2839799765494,569.3029516483944,0.0
2457957.8751489324,1040143.1999216768,383.0315536420175,971104.2447503061,819.4475483134567,971104.2447503061,819.4475483134567,17.16985670407648,0.0262411509985739,0.5751780593443364,2.993912509605245e-09,12.0,1128.4263916015625,34.422189363322666,830.2839799765494,569.3029516483944,4.0
2458647.009073411,-564703475.5373487,-564703475.5373487,-564703475.5373487,-564703475.5373487,-564703475.5373487,-564703475.5373487,0.0,0.0,-9999.99,-9999.99,12.0,-9999.99,-9999.99,-9999.99,-9999.99,5.0
2457958.927188262,1039581.8903850595,276.6127606683493,970513.1710134778,766.0131196568516,970513.1710134778,766.0131196568516,17.159930878982646,0.0257823756580906,0.5972680685185481,2.78073785270279e-09,12.0,1064.1727294921875,25.318738502430712,830.2839799765494,569.3029516483944,4.0
2458653.986029724,1032352.0348547434,915.5003526962286,962899.9425784406,1163.2428730746506,962899.9425784406,1163.2428730746506,17.032082914951687,0.029684469356144,0.917142305176297,3.0368804534235323e-09,12.0,12088.65625,155.53310180817346,830.2839799765494,569.3029516483944,2.0
2457959.0487226937,1038731.1299137413,286.6298688969739,969617.2978131784,763.4331659054645,969617.2978131784,763.4331659054645,17.144886595776708,0.0257614860307966,0.5978989587772261,2.924238736820204e-09,12.0,1026.04345703125,26.887992684598142,830.2839799765494,569.3029516483944,4.0
2458655.0028235484,1036353.6534205984,494.9248126205641,967113.7524013334,858.0521966171392,967113.7524013334,858.0521966171392,17.102844880294953,0.0265899074924035,0.9673908431576094,3.141433919206956e-09,12.0,6325.97265625,82.57984819184546,830.2839799765494,569.3029516483944,0.0
2457960.0417241952,1040203.0170422841,374.34642568265707,971167.2337549414,815.43855298542,971167.2337549414,815.43855298542,17.17091447031424,0.0262058622731998,0.6026993820633033,2.0487914078154207e-09,12.0,1031.6595458984375,35.398409800355026,830.2839799765494,569.3029516483944,4.0
2458656.036420499,1039257.9383598631,379.32190294910595,970172.0409923499,810.903536215191,970172.0409923499,810.903536215191,17.154202326497547,0.0261669050882836,0.9914466571734192,2.921047139043941e-09,12.0,4165.33984375,61.46572573805354,830.2839799765494,569.3029516483944,0.0
2457960.165368032,1038441.165451424,534.133071925851,969311.9575915923,897.0342386649004,969311.9575915923,897.0342386649004,17.13975905678327,0.0269485736501946,0.343589044836244,3.2060652736708113e-09,12.0,1040.618896484375,29.06962166398973,830.2839799765494,569.3029516483944,4.0
2457845.1176809967,1047576.2025899349,7086.692805160573,978931.392476066,7503.291207141683,978931.392476066,7503.291207141683,17.30129698718983,0.1279664106992692,0.0181023454609325,2.839243139766238e-09,12.0,457.0220336914063,15.766533319456352,830.2839799765494,569.3029516483944,4.0
2457960.971258143,1039680.7294489319,341.96438316898883,970617.2511528966,795.490140753347,970617.2511528966,795.490140753347,17.1616786833516,0.0260328023283632,0.5954152374656911,3.2260139698209053e-09,12.0,1090.76171875,31.9718207378584,830.2839799765494,569.3029516483944,4.0
2457845.131237089,0.0,0.0,0.0,0.0,0.0,0.0,0.0,0.0,0.0,0.0,12.0,0.0,0.0,0.0,0.0,5.0
2457961.0699617467,1039861.2974034266,364.7318916560582,970807.3939683165,807.992697541723,970807.3939683165,807.992697541723,17.1648717271482,0.0261410153000312,0.562050081607482,2.8949995627079157e-09,12.0,1159.9327392578125,31.974330161263435,830.2839799765494,569.3029516483944,4.0
2457852.1332072737,1039931.0688545745,563.5992889953951,970880.8651453824,926.509985918104,970880.8651453824,926.509985918104,17.166105519156805,0.0272271960724991,0.5417429902236329,1.0328828606783536e-09,12.0,3981.330078125,48.94069979356412,830.2839799765494,569.3029516483944,4.0
2457902.151984747,1039384.6762817687,346.73503116907244,970305.4993646237,795.5227398132648,970305.4993646237,795.5227398132648,17.15644347574503,0.0260333223246459,0.5493720566298578,2.4579770335941887e-09,12.0,1180.753662109375,29.7649278513007,830.2839799765494,569.3029516483944,4.0
2457967.010659812,1029752.0871033294,600.8237437977921,960162.1290678282,894.7857163929035,960162.1290678282,894.7857163929035,16.986107165476295,0.0269349318754823,0.557099663269243,3.1957591123643867e-09,12.0,5797.74951171875,64.08426571320197,830.2839799765494,569.3029516483944,4.0
2457902.1676869127,1039601.8711009796,395.9570406912609,970534.2112339856,822.2071169927582,970534.2112339856,822.2071169927582,17.160284204694282,0.0262659125669772,0.5544322781203593,3.215206532366582e-09,12.0,1133.8731689453125,34.70635107031181,830.2839799765494,569.3029516483944,4.0
2457967.887399615,1032252.2276731932,645.1286239463022,962794.8429855915,940.3746313908858,962794.8429855915,940.3746313908858,17.030317991032632,0.027367175426002,0.5860100814162276,3.188778671079562e-09,12.0,8616.2138671875,69.53391777268757,830.2839799765494,569.3029516483944,4.0
2457903.05667311,1040166.6398396072,294.21422047318976,971128.9276017074,777.8717921718006,971128.9276017074,777.8717921718006,17.1702712000193,0.0258818361878266,0.5692359649589981,2.5052219792189714e-09,12.0,1135.2862548828125,25.44783173649628,830.2839799765494,569.3029516483944,4.0
2458673.935192556,1037163.2765159096,328.8217955447794,967966.3068604143,770.4044386220266,967966.3068604143,770.4044386220266,17.117161717461876,0.0258212575686756,0.9646542838091304,3.0118991215919787e-09,12.0,1713.1351318359375,52.99258646999855,830.2839799765494,569.3029516483944,0.0
2457968.1242179917,-564703475.5373487,-564703475.5373487,-564703475.5373487,-564703475.5373487,-564703475.5373487,-564703475.5373487,0.0,0.0,-9999.99,-9999.99,12.0,-9999.99,-9999.99,-9999.99,-9999.99,5.0
2457971.9199035265,1025614.6453460095,1052.8083897235963,955805.29384435,1263.859731825568,955805.29384435,1263.859731825568,16.912943393011968,0.030828094766784,0.6206753978889835,2.050115471400544e-09,12.0,26477.998046875,134.92607880788375,830.2839799765494,569.3029516483944,6.0
2457973.947545953,1025611.3074301162,611.3779798462516,955801.7789309354,884.7153802383248,955801.7789309354,884.7153802383248,16.91288436752395,0.0268448934602417,0.6101216290841903,1.0902947756207823e-09,12.0,10208.359375,76.63012075903124,830.2839799765494,569.3029516483944,4.0
2457976.09177685,1038848.921392678,548.5108267092919,969741.3353451996,909.254483529893,969741.3353451996,909.254483529893,17.14696954206784,0.0270634972317924,0.5606392522045569,2.3173099255581154e-09,12.0,3150.025146484375,50.211989826704325,830.2839799765494,569.3029516483944,4.0
2457977.918987385,1039741.8821685464,335.865481558293,970681.646578488,793.07399570178,970681.646578488,793.07399570178,17.162760067435254,0.026011956083127,0.5767869446156619,2.6812136313744987e-09,12.0,1093.3800048828125,30.151693729800503,830.2839799765494,569.3029516483944,4.0
2457978.10301369,1039030.4227037702,352.65982383607064,969932.4610097174,795.7364377929549,969932.4610097174,795.7364377929549,17.150179090722673,0.0260354517461662,0.5633997183577935,3.2084093340483483e-09,12.0,1970.5682373046875,31.472875773094195,830.2839799765494,569.3029516483944,4.0
2457979.9333540234,1039797.9163300891,286.74826076502876,970740.6520275187,771.8424458469738,970740.6520275187,771.8424458469738,17.163750938337092,0.025831180312873,0.6134100235943672,2.731697193777719e-09,12.0,1027.5374755859375,27.119924438571104,830.2839799765494,569.3029516483944,4.0
2457980.945103949,1039817.3246948249,333.67934778425206,970761.0895471437,792.6319181869927,970761.0895471437,792.6319181869927,17.164094142970455,0.0260080952300824,0.5932873738012927,3.225359454884308e-09,12.0,1059.300048828125,30.87027734561238,830.2839799765494,569.3029516483944,4.0
2457984.974239867,1039161.8344830093,347.59148769867335,970070.8410769547,794.2505497729019,970070.8410769547,794.2505497729019,17.152502889359457,0.0260225467722035,0.5718678163185965,3.0744683775727992e-09,12.0,1087.49755859375,31.35702830800407,830.2839799765494,569.3029516483944,4.0
2457985.921308683,1040750.9396378874,328.38227233621035,971744.2106900346,797.4717313160385,971744.2106900346,797.4717313160385,17.18060356963314,0.0260490405552443,0.6099210776051239,3.0359882124369114e-09,12.0,1135.8795166015625,30.756185969529074,830.2839799765494,569.3029516483944,4.0
2457987.9628133527,1040478.1086525886,339.12607415630094,971456.9124713468,800.3091945784032,971456.9124713468,800.3091945784032,17.175779007669384,0.0260737847709702,0.5909635967065983,1.4441148327877824e-09,12.0,1041.73046875,30.926262767965284,830.2839799765494,569.3029516483944,4.0
2457989.0296905986,1039291.9554952475,309.6187206486066,970207.8619325195,777.6405249580248,970207.8619325195,777.6405249580248,17.154803862929754,0.0258805843324523,0.5817157054330802,2.871546017897288e-09,12.0,1068.356201171875,28.160672556931925,830.2839799765494,569.3029516483944,4.0
2457989.074309016,1039335.5806260507,332.5777739314377,970253.8003451086,788.4160143090469,970253.8003451086,788.4160143090469,17.15557530077251,0.0259723231510578,0.5455044497820362,3.0420102982003747e-09,12.0,1097.69677734375,28.20983226730168,830.2839799765494,569.3029516483944,4.0
2457990.9665426854,1039531.1668543092,290.2044075354265,970459.7577986484,771.1698942466418,970459.7577986484,771.1698942466418,17.15903391774909,0.0258257317056049,0.5822429564726904,2.98477790760762e-09,12.0,1068.315673828125,25.99706080420028,830.2839799765494,569.3029516483944,4.0
2457991.9439655044,0.0,0.0,0.0,0.0,0.0,0.0,0.0,0.0,0.0,0.0,12.0,0.0,0.0,0.0,0.0,5.0
2457996.0221062684,1035104.4125491763,765.0193690839716,965798.2688367396,1048.9067474468795,965798.2688367396,1048.9067474468795,17.080754134314514,0.0284554722087806,0.5342574922776425,3.219976058762803e-09,12.0,8393.2412109375,71.76015845311572,830.2839799765494,569.3029516483944,4.0
2457997.0046556992,1044492.6735350711,1370.1666078413334,975684.3551068805,1627.2000512704979,975684.3551068805,1627.2000512704979,17.24676990707855,0.0352950123475495,0.5964544899270148,3.226112464678845e-09,12.0,19761.26171875,123.84107439806654,830.2839799765494,569.3029516483944,4.0
2457997.865732924,1037350.9630463661,898.5505453369736,968163.9457239513,1170.9128756099615,968163.9457239513,1170.9128756099615,17.12048064142853,0.0297655584565741,0.6023922410073119,3.1290576507950653e-09,12.0,11764.4072265625,91.92792594759084,830.2839799765494,569.3029516483944,4.0
2457998.013515408,1038436.63979896,701.9435111652302,969307.1919602628,1017.1653250070536,969307.1919602628,1017.1653250070536,17.139679028150475,0.0281260237114169,0.5885209090918928,2.019802529563723e-09,12.0,11328.9794921875,68.60189893471028,830.2839799765494,569.3029516483944,4.0
2457998.883092405,1034457.7467260009,667.9801963918162,965117.3126803781,969.1750012839688,965117.3126803781,969.1750012839688,17.069318925332148,0.02764720726293,0.5994712441026635,1.5731817965369475e-09,12.0,8581.9365234375,71.03766747452734,830.2839799765494,569.3029516483944,4.0
2458000.0289634718,-564703475.5373487,-564703475.5373487,-564703475.5373487,-564703475.5373487,-564703475.5373487,-564703475.5373487,0.0,0.0,-9999.99,-9999.99,12.0,-9999.99,-9999.99,-9999.99,-9999.99,5.0
2458000.9458059305,1041657.1019013262,472.2521046273213,972698.4234376953,880.47708158404,972698.4234376953,880.47708158404,17.196627541339982,0.0267916448362069,0.5914589523667257,1.7377987857232423e-09,12.0,5299.24609375,43.23124509682542,830.2839799765494,569.3029516483944,4.0
2458002.001748652,1038849.0521429144,548.5059414367336,969741.4730286445,909.252069697554,969741.4730286445,909.252069697554,17.146971854168186,0.0270634742593951,0.5682110535113364,3.2219185053810302e-09,12.0,7110.12890625,50.970034725475394,830.2839799765494,569.3029516483944,4.0
2458003.014511082,1039126.8520249984,563.9966595564871,970034.0036266154,921.5003747381048,970034.0036266154,921.5003747381048,17.151884282802964,0.0271798328691686,0.550909394853874,3.2316417261916876e-09,12.0,7247.25830078125,50.58503072906858,830.2839799765494,569.3029516483944,4.0
2458003.9172199904,1040613.6194757592,399.66448686198413,971599.6089398843,831.7352715719685,971599.6089398843,831.7352715719685,17.178175291076965,0.0263495752156535,0.5785136545371536,1.8825526285879723e-09,12.0,2536.718994140625,36.05578270308253,830.2839799765494,569.3029516483944,4.0
2458004.9830842526,1038542.2624108498,512.1014179033155,969418.4153545406,883.3449541984951,969418.4153545406,883.3449541984951,17.141546788277783,0.0268206700432203,0.5287878237616127,1.6107549293457379e-09,12.0,2610.0498046875,44.17449115515104,830.2839799765494,569.3029516483944,4.0
2458013.013538368,1037221.3973198431,590.5569424149909,968027.5095988822,927.9051748903731,968027.5095988822,927.9051748903731,17.11818948716207,0.0272427184607116,0.4896728548385828,2.334081871723144e-09,12.0,1157.1837158203125,48.32474432126631,830.2839799765494,569.3029516483944,4.0
2458013.891921784,1040150.8247493897,342.4998491128673,971112.27389486,799.3623106952715,971112.27389486,799.3623106952715,17.169991536466295,0.0260658526195911,0.5681795619155734,2.978983163582161e-09,12.0,1135.498779296875,30.061952727348675,830.2839799765494,569.3029516483944,4.0
2458016.967626299,1040089.6584955142,355.8319093313833,971047.864217334,805.3251442640386,971047.864217334,805.3251442640386,17.16890991305175,0.026117609671766,0.5129867818092911,1.3860293380679164e-09,12.0,1134.2933349609375,28.124161080395165,830.2839799765494,569.3029516483944,4.0
2458018.90529948,1039749.8728910391,411.5599348750316,970690.0610198901,831.7445507749792,970690.0610198901,831.7445507749792,17.16290137006538,0.0263503389048936,0.5169858246697355,1.6502500594806772e-09,12.0,1068.2333984375,33.551059093507305,830.2839799765494,569.3029516483944,4.0
2458020.960186848,-564703475.5373487,-564703475.5373487,-564703475.5373487,-564703475.5373487,-564703475.5373487,-564703475.5373487,0.0,0.0,-9999.99,-9999.99,12.0,-9999.99,-9999.99,-9999.99,-9999.99,5.0
2458022.8910403405,1037503.8915385038,704.4306047383396,968324.983456999,1013.7687872278833,968324.983456999,1013.7687872278833,17.12318492732747,0.0280921386085909,0.43812457314138,2.11034813926626e-09,12.0,4214.1015625,51.66054051471086,830.2839799765494,569.3029516483944,4.0
2458027.9461280163,1028316.1977457529,541.9595660256949,958650.099727708,845.1026106088085,958650.099727708,845.1026106088085,16.960715851615305,0.0264799046947035,0.5566238565567919,3.231976827862827e-09,12.0,7464.6396484375,59.01201249035509,830.2839799765494,569.3029516483944,4.0
2458033.9288587384,1037868.7083055151,592.7207348274487,968709.1451283564,933.3939722188815,968709.1451283564,933.3939722188815,17.129636104769578,0.0272950273517124,0.5018588707324335,2.1953256710290628e-09,12.0,2860.241455078125,49.08252189215863,830.2839799765494,569.3029516483944,4.0
2458036.937830227,0.0,0.0,0.0,0.0,0.0,0.0,0.0,0.0,0.0,0.0,12.0,0.0,0.0,0.0,0.0,5.0
2458039.925183801,1039072.7333686736,514.4431710565667,969977.0152550694,888.4012985539113,969977.0152550694,888.4012985539113,17.15092728442339,0.0268673047428563,0.5288749843357166,2.361396884655781e-09,12.0,1305.358642578125,43.993501002844816,830.2839799765494,569.3029516483944,4.0
2458041.9300438664,1040667.4296214145,1976.016427212066,971656.2724415654,2201.148623462933,971656.2724415654,2201.148623462933,17.179126833958755,0.0431916968856735,0.0596302189214196,2.3908566864318382e-09,12.0,868.9822998046875,16.329093832584412,830.2839799765494,569.3029516483944,4.0
2458044.8997350736,1040481.7508351575,364.9324804926703,971460.7477855904,812.8268377281945,971460.7477855904,812.8268377281945,17.17584341360725,0.026182750862565,0.5665381966159407,2.022294129951727e-09,12.0,1331.35693359375,32.043337585234866,830.2839799765494,569.3029516483944,4.0
2458178.202639773,1041092.8946108229,1054.036465037155,972104.2982896465,1323.8772774144911,972104.2982896465,1323.8772774144911,17.186650474290733,0.0315189724477077,0.3354262930642219,2.525523487208295e-09,12.0,5461.25146484375,55.8269238191992,830.2839799765494,569.3029516483944,4.0
2458187.2830096544,1038585.7929442857,851.7533819663806,969464.2541536087,1137.7507245179154,969464.2541536087,1137.7507245179154,17.142316553323518,0.0293997458637474,0.4796013582426018,3.133300343712215e-09,12.0,8926.201171875,67.692202748328,830.2839799765494,569.3029516483944,4.0
2458195.276851372,1040307.7974731378,347.14221806238345,971277.5703103903,802.7918796112124,971277.5703103903,802.7918796112124,17.172767337871388,0.0260954337597092,0.5029781168101256,2.509285444786911e-09,12.0,1127.9205322265625,26.630710657747205,830.2839799765494,569.3029516483944,4.0
2458202.29443824,0.0,0.0,0.0,0.0,0.0,0.0,0.0,0.0,0.0,0.0,12.0,0.0,0.0,0.0,0.0,5.0
2458207.25718994,1040840.6721590455,430.57449105295586,971838.7013999472,850.349632982377,971838.7013999472,850.349632982377,17.182190339948157,0.0265164189292673,0.5006828750903576,1.9830298902534213e-09,12.0,1998.0560302734373,33.29185951413125,830.2839799765494,569.3029516483944,4.0
2458208.2052563047,1039691.4929880989,514.626921908156,970628.5854433393,892.7139341614578,970628.5854433393,892.7139341614578,17.161869018630423,0.0269071014351029,0.4919512249217175,1.3518392246630663e-09,12.0,3897.31640625,40.389151911016896,830.2839799765494,569.3029516483944,4.0
2458210.2748407377,1043624.9344756556,3041.3324418008383,974770.6030058004,3287.968443287077,974770.6030058004,3287.968443287077,17.231425385795767,0.0595628188450347,0.1585038987958371,2.9340687668186382e-09,12.0,16544.98828125,73.53684643776415,830.2839799765494,569.3029516483944,4.0
2458211.298277393,1039862.3736975305,647.4884618557744,970808.527334376,985.0054142356885,970808.527334376,985.0054142356885,17.164890759618388,0.0278002686841075,0.4849215093932579,2.0252114203829515e-09,12.0,3394.552001953125,50.48098464077162,830.2839799765494,569.3029516483944,4.0
2458214.302530721,1039934.1301616448,1027.1680301543834,970884.088782416,1294.6691861840336,970884.088782416,1294.6691861840336,17.166159653278097,0.0311757167139242,0.4866714125420984,2.7127557415282427e-09,12.0,12766.470703125,81.23658187087685,830.2839799765494,569.3029516483944,4.0
2458215.233639596,1046210.0651987449,1381.287563746711,977492.8137950458,1645.0635092501666,977492.8137950458,1645.0635092501666,17.277139120781886,0.0355268531040375,0.4867230130005562,2.995937113800259e-09,12.0,19805.3203125,98.66760575937036,830.2839799765494,569.3029516483944,6.0
2458215.2926964154,1045335.5410284378,1319.4904832803606,976571.916793357,1583.8371408859255,976571.916793357,1583.8371408859255,17.261674616103903,0.0347338474743045,0.4709781372617148,2.3511673809578435e-09,12.0,20149.533203125,92.54546630513444,830.2839799765494,569.3029516483944,6.0
2458224.165028906,1040315.0338433881,416.26775248413514,971285.1903989981,838.4990700916112,971285.1903989981,838.4990700916112,17.172895301037403,0.0264101922411685,0.4619301562622335,1.998649415353457e-09,12.0,1051.715087890625,29.70716694348985,830.2839799765494,569.3029516483944,4.0
2458230.255612092,1039859.1821141683,359.4611665356369,970805.1665129726,805.3531662895695,970805.1665129726,805.3531662895695,17.164834321777665,0.0261180373812657,0.4103922027663303,3.0321707932673517e-09,12.0,984.9202880859376,22.0722734769212,830.2839799765494,569.3029516483944,4.0
2458231.1451516147,1039883.0727550142,402.9829487173993,970830.323987484,828.0591104811543,970830.323987484,828.0591104811543,17.165256788005202,0.0263174801404058,0.4168142976761206,1.6753176020497567e-09,12.0,945.4917602539062,25.693229524051784,830.2839799765494,569.3029516483944,4.0
2458232.2168134046,1040212.4123211725,372.33149779187715,971177.1272312481,814.4863774032365,971177.1272312481,814.4863774032365,17.171080610186934,0.0261975031169232,0.4447431790266748,1.641613948663213e-09,12.0,1037.344482421875,25.16696848466104,830.2839799765494,569.3029516483944,4.0
2458235.1341198534,1039643.0897345396,694.6940783016478,970577.6155415496,1018.7314723506905,970577.6155415496,1018.7314723506905,17.161013087637894,0.0281410944198694,0.4113434033547991,3.0848443588875916e-09,12.0,2148.587890625,45.79078382577248,830.2839799765494,569.3029516483944,6.0
2458245.1035190504,1037182.7522892051,725.1871393270736,967986.8153630298,1028.102867742907,967986.8153630298,1028.102867742907,17.11750611410347,0.0282389089262757,0.5050106603428446,2.8401189501680244e-09,12.0,6611.9365234375,61.89594406472876,830.2839799765494,569.3029516483944,4.0
2458246.122200826,1036687.1012127068,487.3531664415719,967464.8817153055,855.3832120641479,967464.8817153055,855.3832120641479,17.108741349616214,0.0265653679442098,0.5413202566744646,1.5110402456636939e-09,12.0,2706.19091796875,44.5384042438586,830.2839799765494,569.3029516483944,4.0
2458248.0960896336,1040484.6257929656,353.51874556044015,971463.7751919383,807.2362906573021,971463.7751919383,807.2362906573021,17.17589425245193,0.026133928792862,0.5071569188602204,3.1867275927613452e-09,12.0,1185.01708984375,27.305373395880583,830.2839799765494,569.3029516483944,4.0
2458248.2599620274,1038698.9205334934,418.35623890525767,969583.3804868162,827.9034925396131,969583.3804868162,827.9034925396131,17.14431702648586,0.0263170495410973,0.4718648691901432,2.045123243927103e-09,12.0,1550.5430908203125,31.488684045886703,830.2839799765494,569.3029516483944,4.0
2458251.1568436925,1040479.4630291221,404.2601306274025,971458.3386655339,833.1882513521415,971458.3386655339,833.1882513521415,17.175802957564596,0.0263626220143138,0.4920380502868446,3.2226004403202044e-09,12.0,1103.73046875,30.61324894067562,830.2839799765494,569.3029516483944,4.0
2458252.2504740097,1040650.3732031207,350.6339193212251,971638.3115835355,807.1257148494543,971638.3115835355,807.1257148494543,17.17882521958438,0.0261328348075692,0.4957645852152709,1.7058893626653335e-09,12.0,1219.84228515625,26.273734802695497,830.2839799765494,569.3029516483944,4.0
2458254.0840251334,1040673.8725187822,692.4378818706248,971663.0569823127,1023.2721525396192,971663.0569823127,1023.2721525396192,17.179240765877225,0.0281867535407666,0.2531536692484749,3.186422386029688e-09,12.0,983.7113037109376,26.43693825664075,830.2839799765494,569.3029516483944,4.0
2458255.181194779,1038998.2760671974,380.08333624215464,969898.6097540989,809.3791609253815,969898.6097540989,809.3791609253815,17.149610630949315,0.0261538028011969,0.5208927872040477,2.856084341057187e-09,12.0,1073.669189453125,31.411836201096254,830.2839799765494,569.3029516483944,4.0
2458264.056864737,1040083.569040198,476.82343603796477,971041.4518603828,871.8859938608961,971041.4518603828,871.8859938608961,17.168802231167803,0.0267135053359953,0.5093375893091563,2.80203105468257e-09,12.0,2530.13037109375,38.31783790648535,830.2839799765494,569.3029516483944,4.0
2458265.0568644474,1041508.2193255584,540.0583197748957,972541.6461612245,921.6477680840529,972541.6461612245,921.6477680840529,17.1939948007393,0.0271794262443452,0.5543566412122644,2.856219061215296e-09,12.0,3690.481689453125,46.61939776254954,830.2839799765494,569.3029516483944,4.0
2458293.1534498623,0.0,0.0,0.0,0.0,0.0,0.0,0.0,0.0,0.0,0.0,12.0,0.0,0.0,0.0,0.0,5.0
2458294.1460067546,1026454.5499952033,434.094997372745,956689.7355778196,763.6911345954578,956689.7355778196,763.6911345954578,16.927795709068548,0.025774908955318,1.02112378750552,1.6455368048138515e-09,12.0,7380.76708984375,90.02461717830471,830.2839799765494,569.3029516483944,0.0
2458295.112056775,1026620.9878792857,798.0931179090627,956864.9990566605,1040.0893188095329,956864.9990566605,1040.0893188095329,16.930738886083397,0.0283713224797895,0.8676041965767984,3.209373123799507e-09,12.0,9050.1396484375,140.65243576798966,830.2839799765494,569.3029516483944,2.0
2458295.975132976,-564703475.5373487,-564703475.5373487,-564703475.5373487,-564703475.5373487,-564703475.5373487,-564703475.5373487,0.0,0.0,-9999.99,-9999.99,12.0,-9999.99,-9999.99,-9999.99,-9999.99,5.0
2458296.1356969327,-564703475.5373487,-564703475.5373487,-564703475.5373487,-564703475.5373487,-564703475.5373487,-564703475.5373487,0.0,0.0,-9999.99,-9999.99,12.0,-9999.99,-9999.99,-9999.99,-9999.99,5.0
2458300.011133071,1033826.2044288117,559.1333480672932,964452.2819955022,885.8827631147974,964452.2819955022,885.8827631147974,17.05815115074019,0.02684817983652,0.8714630922518031,1.5980446526239203e-09,12.0,11791.3017578125,87.64465323452445,830.2839799765494,569.3029516483944,0.0
2458300.9526173025,1037040.4052839692,499.6679173529414,967836.9202145926,865.5034308814504,967836.9202145926,865.5034308814504,17.114988944191992,0.0266573527457447,0.7629163094971824,2.957449162194824e-09,12.0,5394.11962890625,64.6814602678594,830.2839799765494,569.3029516483944,0.0
2458302.961952505,1040854.9681730133,276.17063655369896,971853.7554794638,776.0611719420436,971853.7554794638,776.0611719420436,17.18244314116553,0.0258659540768306,0.9591965442137452,2.591116629084254e-09,12.0,1261.1644287109375,41.30185313292219,830.2839799765494,569.3029516483944,0.0
2458304.0278223148,1041401.1234994846,242.96728932266973,972428.8714335802,768.1825352265537,972428.8714335802,768.1825352265537,17.1921009892707,0.0257991144506599,1.016776995483703,2.051512262846047e-09,12.0,1200.628173828125,38.12658147064257,830.2839799765494,569.3029516483944,0.0
2458305.9429226187,1040304.2221629795,310.4627550518684,971273.805414559,785.9287087548548,971273.805414559,785.9287087548548,17.17270411446083,0.0259502750076342,0.9312122223964135,2.5726134386338954e-09,12.0,1251.1197509765625,45.56330955092911,830.2839799765494,569.3029516483944,0.0
2458309.9318791083,1042933.3823954498,216.85112186678288,974042.3804376927,772.5715604535201,974042.3804376927,772.5715604535201,17.219196438051927,0.025834858969563,0.9917255348585642,2.3720973837482275e-09,12.0,1127.3292236328125,31.634939403307477,830.2839799765494,569.3029516483944,0.0
2458311.0601815665,1041664.534348598,235.5633581417779,972706.2500005731,767.8317886204771,972706.2500005731,767.8317886204771,17.19675897180182,0.0257959628881926,1.0110507354990732,1.4740219259059311e-09,12.0,1073.9368896484375,36.44306895533983,830.2839799765494,569.3029516483944,0.0
2458312.0557241347,1041629.4949543227,214.05596089161062,972669.3525948473,760.5197973677898,972669.3525948473,760.5197973677898,17.196139358422247,0.0257348339800778,1.0128511792916588,2.5594751157044822e-09,12.0,1072.2523193359375,32.935337518318484,830.2839799765494,569.3029516483944,0.0
2458312.924730061,1041454.5709454363,247.14179476489747,972485.1530029129,770.1031569964657,972485.1530029129,770.1031569964657,17.193046118411775,0.0258152144379035,0.9841643824867377,1.7461823040407671e-09,12.0,1143.4674072265625,37.26539561796961,830.2839799765494,569.3029516483944,0.0
2458313.1013006475,1041564.0181883371,217.81347133623206,972600.4038344536,761.1475400292777,972600.4038344536,761.1475400292777,17.19498151077404,0.0257401185321697,0.9940201523131768,2.879097569875973e-09,12.0,1073.55615234375,32.82862752249845,830.2839799765494,569.3029516483944,0.0
2458313.9209882887,1041059.191325941,267.0638049989419,972068.8078423289,774.1899323172967,972068.8078423289,774.1899323172967,17.186054487782403,0.0258499740945285,0.9910587223861176,1.668984943811304e-09,12.0,1104.2403564453125,41.11005836069818,830.2839799765494,569.3029516483944,0.0
2458314.918063685,1041344.1614219106,288.19975953731887,972368.8888645105,784.8670464252017,972368.8888645105,784.8670464252017,17.191093709717965,0.025940389046984,0.9813074968870992,3.126858659646752e-09,12.0,1121.5576171875,43.744887732400464,830.2839799765494,569.3029516483944,0.0
2458317.0249600224,1040702.4199443462,224.48033374807312,971693.1181738728,756.0781242022518,971693.1181738728,756.0781242022518,17.17974557959327,0.0256986360236347,0.9949966812262332,3.170259253614789e-09,12.0,1077.7342529296875,34.48762275255902,830.2839799765494,569.3029516483944,0.0
2458317.9105333406,1042403.4888916888,269.54735328972475,973484.3886115135,786.2867300855752,973484.3886115135,786.2867300855752,17.209826153220508,0.0259516884512361,0.9771246920963156,3.0742845854936758e-09,12.0,1471.5499267578125,39.98649237252161,830.2839799765494,569.3029516483944,0.0
2458327.944227847,1029578.7907472398,779.9637531239605,959979.643437191,1036.0758616701635,959979.643437191,1036.0758616701635,16.983042707797008,0.0283272339114656,0.7480452010000321,2.911499169911249e-09,12.0,20829.7578125,112.79099426704474,830.2839799765494,569.3029516483944,0.0
2458328.0589822344,1037522.880977612,619.8903560828314,968344.9798368969,950.6821898752521,968344.9798368969,950.6821898752521,17.123520723958254,0.0274630470037653,0.8710375359720003,3.2046338561789274e-09,12.0,12180.0283203125,91.40088782391696,830.2839799765494,569.3029516483944,0.0
2458330.0407216707,1041719.3886505365,599.8125642411629,972764.0130263419,963.1644108271275,972764.0130263419,963.1644108271275,17.197728978849927,0.0275822317479147,0.6456342041497761,1.965799433441052e-09,12.0,6204.580078125,60.601494163942974,830.2839799765494,569.3029516483944,4.0
2458330.87544986,1041975.6449213396,292.16280043057196,973033.8576337973,791.6584990159483,973033.8576337973,791.6584990159483,17.202260444569397,0.025998030689121,0.8227865191169428,1.895998289444665e-09,12.0,1185.4705810546875,36.59284909709648,830.2839799765494,569.3029516483944,0.0
2458332.017301899,1042110.1951513508,287.1902983447875,973175.5425724189,790.7500651403458,973175.5425724189,790.7500651403458,17.204639741485444,0.0259901292488756,1.0090979841122822,1.5811733848664963e-09,12.0,1654.6513671875,44.52695720483708,830.2839799765494,569.3029516483944,0.0
2458332.868409696,1041163.6145225478,239.82556425106142,972178.7682207003,765.1064169998238,972178.7682207003,765.1064169998238,17.187901038246345,0.0257735116140875,0.9839103091211772,2.8797138157547034e-09,12.0,1243.8548583984375,36.21734315028738,830.2839799765494,569.3029516483944,0.0
2458335.9150463515,1042040.2864298114,227.2283575808185,973101.926846013,768.2242154563364,973101.926846013,768.2242154563364,17.203403522078393,0.0257989641043722,0.9951081797885796,2.5126380414753363e-09,12.0,1096.1209716796875,34.10307487608065,830.2839799765494,569.3029516483944,0.0
2458337.9020184106,1041692.1870104446,212.27465828070393,972735.3689823558,760.4985489918653,972735.3689823558,760.4985489918653,17.197247963110474,0.0257346076507866,0.9980734671089044,3.158058452961133e-09,12.0,1111.3067626953125,31.989383218743328,830.2839799765494,569.3029516483944,0.0
2458338.9470829046,1041401.7553915539,274.12896583361044,972429.5368325847,779.7309104991978,972429.5368325847,779.7309104991978,17.192112163230423,0.0258966269955621,1.0095422925967272,1.7345427779232399e-09,12.0,1067.5836181640625,43.02015268912028,830.2839799765494,569.3029516483944,0.0
2458339.943551521,1041919.7655639524,233.21346478508931,972975.0151976227,769.190027773148,972975.0151976227,769.190027773148,17.20127231112144,0.0258071719222323,1.0044368400935462,1.4520289102756436e-09,12.0,1057.888671875,35.61989108667704,830.2839799765494,569.3029516483944,0.0
2458339.9752682745,1040690.3583488743,251.6761500099525,971680.4169959252,765.4161160629017,971680.4169959252,765.4161160629017,17.179532290348735,0.0257764809281513,1.0003737390392204,3.190263488201192e-09,12.0,1065.941162109375,39.40362012140521,830.2839799765494,569.3029516483944,0.0
2458340.874712359,1042160.2873550832,249.3098883944551,973228.2909832599,776.7922425135002,973228.2909832599,776.7922425135002,17.205525538751267,0.0258711187770788,1.0011480089917415,2.498814005805681e-09,12.0,1183.81787109375,37.93727463844722,830.2839799765494,569.3029516483944,0.0
2458341.8744127885,1177063.806653688,674835.1174616952,1115285.2525372114,710623.1499966187,1115285.2525372114,710623.1499966187,19.59106978795731,11.933423959720727,0.0012038594482168,3.229239817019656e-09,12.0,466.0481262207031,10.365599433794063,830.2839799765494,569.3029516483944,6.0
2458343.033569966,1042343.9301658047,231.9683156253127,973421.6717033326,772.3753270702101,973421.6717033326,772.3753270702101,17.208772956263445,0.0258336571688019,0.9565454399203868,3.219693144906126e-09,12.0,1060.20458984375,33.31092269381339,830.2839799765494,569.3029516483944,0.0
2458344.864310277,1040985.5759430022,307.88183367013556,971991.2889037695,790.2275197036453,971991.2889037695,790.2275197036453,17.184752722236652,0.0259865238124973,0.9523762324935882,1.896280287631298e-09,12.0,1477.388427734375,46.05512158146679,830.2839799765494,569.3029516483944,0.0
2458346.0284890654,1041039.7141354142,229.12204199296448,972048.2978473325,760.4256701437158,972048.2978473325,760.4256701437158,17.185710066079437,0.0257345157746918,0.9742182219387916,3.2240021810514022e-09,12.0,1042.1329345703125,34.345772377215,830.2839799765494,569.3029516483944,0.0
2458347.899656635,1041849.5683660985,234.6164132502413,972901.0956980537,769.0699371145854,972901.0956980537,769.0699371145854,17.20003099049082,0.0258062173727459,0.9874422797524082,3.0478551549271153e-09,12.0,1535.4580078125,35.26200502618739,830.2839799765494,569.3029516483944,0.0
2458347.973900866,1038959.4887378667,230.45374717816983,969857.7656739723,743.8631413178642,969857.7656739723,743.8631413178642,17.148924741575133,0.0255993367044776,0.9894838764928428,1.9074349152067252e-09,12.0,2274.943603515625,36.62181758666208,830.2839799765494,569.3029516483944,0.0
2458353.0118637346,1039270.0574581134,480.99427174909,970184.8027222368,868.7365309774877,970184.8027222368,868.7365309774877,17.154416632583004,0.0266851934592784,0.9222469514126836,2.9318419435048383e-09,12.0,7892.7548828125,72.70573429553946,830.2839799765494,569.3029516483944,0.0
2458353.977022094,1036427.5746696637,460.63248238832045,967191.5934249857,837.0955267553417,967191.5934249857,837.0955267553417,17.104152054574165,0.0264007940478857,0.9629070217118042,1.9506204941999123e-09,12.0,8501.0400390625,76.32941634712805,830.2839799765494,569.3029516483944,0.0
2458381.880057115,1039795.9633024604,469.635316388813,970738.5954379492,865.510931703906,970738.5954379492,865.510931703906,17.163716402293467,0.0266552045589307,0.856934176100514,1.947320811214757e-09,12.0,4832.5927734375,64.99389710210025,830.2839799765494,569.3029516483944,0.0
2458390.8802764467,1040691.1057939612,298.716570360015,971681.2040753034,783.9518488564878,971681.2040753034,783.9518488564878,17.179545507671303,0.0259330988957405,0.9325267871215964,3.226668796577411e-09,12.0,1446.383544921875,43.68846769252272,830.2839799765494,569.3029516483944,0.0
2458398.88121171,1041146.9391651468,244.42817081982585,972161.2086298352,766.5813857905291,972161.2086298352,766.5813857905291,17.187606162299762,0.0257858813079196,0.9438353708680286,3.0467653406134406e-09,12.0,1631.3359375,35.54124242685155,830.2839799765494,569.3029516483944,0.0
2458683.95987839,1039837.4783054849,433.60148663405346,970782.3118303686,844.7051757030682,970782.3118303686,844.7051757030682,17.164450526037857,0.0264662795890171,1.0153642520713078,1.8605413502233215e-09,12.0,5361.23193359375,71.32988878278626,830.2839799765494,569.3029516483944,0.0
2458684.001649403,1039456.8115673735,338.3711824462029,970381.4597216778,792.0698025489759,970381.4597216778,792.0698025489759,17.15771906823241,0.0260035563996936,1.0708518468313155,3.229393696021097e-09,12.0,5595.7236328125,58.92575671250962,830.2839799765494,569.3029516483944,0.0
2458685.014103376,1038925.1479124633,265.2096265009906,969821.6038796816,756.3239575968147,969821.6038796816,756.3239575968147,17.148317481223586,0.0257021223142513,1.0234038632006828,3.230249102278757e-09,12.0,2170.946533203125,43.823664614411584,830.2839799765494,569.3029516483944,0.0
2458686.027501211,1042634.4762090615,330.6624402821842,973727.6243449771,813.6208388562118,973727.6243449771,813.6208388562118,17.213910779548,0.0261880393206977,0.7183277289882753,2.986742128888724e-09,12.0,2492.401123046875,35.620101959077246,830.2839799765494,569.3029516483944,0.0
2458687.9936070875,1041337.0289789145,255.07081793148765,972361.3782140425,771.9894271348953,972361.3782140425,771.9894271348953,17.19096758433251,0.025831189616498,1.0768825714080212,1.88247065044025e-09,12.0,1182.0675048828125,42.7318667833717,830.2839799765494,569.3029516483944,0.0
2458688.893640899,1041949.6791268891,228.60961703890908,973006.5149678442,767.9095548860774,973006.5149678442,767.9095548860774,17.201801282703567,0.0257963928053651,1.0521117533591895,2.531500169318815e-09,12.0,1312.5809326171875,36.45474597638754,830.2839799765494,569.3029516483944,0.0
2458689.89128779,1042180.809704034,251.51708259672478,973249.9015576248,777.7537512272412,973249.9015576248,777.7537512272412,17.20588844234173,0.0258792479356543,1.033368925459605,2.887860723386881e-09,12.0,1204.46533203125,39.47747144107845,830.2839799765494,569.3029516483944,0.0
2458691.960091004,1041128.6325837504,210.5653531510558,972141.9313171062,755.2015743258703,972141.9313171062,755.2015743258703,17.187282440871286,0.0256910266280275,1.0537772659049718,3.209148133426782e-09,12.0,1123.4959716796875,33.98231365290331,830.2839799765494,569.3029516483944,0.0
2458692.882470164,1040532.910195913,297.94188184385314,971514.6199409025,782.3591634287992,971514.6199409025,782.3591634287992,17.176748081769187,0.0259196576123227,1.0169424123110085,2.420549406576598e-09,12.0,1190.4971923828125,47.87093661054706,830.2839799765494,569.3029516483944,0.0
2458694.0731958835,1044442.4535122339,1438.2481269601171,975631.4720991541,1690.8859888976417,975631.4720991541,1690.8859888976417,17.24588184954456,0.0361293631181506,0.0969191228074073,1.932825765856054e-09,12.0,858.6243286132812,18.74479804855696,830.2839799765494,569.3029516483944,4.0
2458694.931796272,1041747.897824298,228.763290219512,972794.0339377461,766.252342483071,972794.0339377461,766.252342483071,17.198233116146486,0.0257826500794899,1.0299965092493542,2.426325653706469e-09,12.0,1175.433837890625,35.74543979136539,830.2839799765494,569.3029516483944,0.0
2458696.8715228806,0.0,0.0,0.0,0.0,0.0,0.0,0.0,0.0,0.0,0.0,12.0,0.0,0.0,0.0,0.0,5.0
2458697.8687286936,1041821.3368749174,220.09812026068434,972871.3671937255,764.0560977103522,972871.3671937255,764.0560977103522,17.1995317635486,0.025764205748782,1.0206989657224084,2.9340552215981877e-09,12.0,1284.4512939453125,33.9809816366636,830.2839799765494,569.3029516483944,0.0
2458697.950557228,1041965.9751216521,265.29755517117644,973023.675079853,781.0188677108434,973023.675079853,781.0188677108434,17.202089450253187,0.0259071294485601,1.0306512880398917,2.817519879592355e-09,12.0,1123.0062255859375,41.98888021936981,830.2839799765494,569.3029516483944,0.0
2458699.9574479107,1041877.6115615243,60.82597743936343,972930.625921987,731.3673350876568,972930.625921987,731.3673350876568,17.200526887735926,0.0254952318320871,0.999790098013801,1.953265537796858e-09,12.0,1127.966064453125,0.1749789534481212,830.2839799765494,569.3029516483944,0.0
2458700.049072216,1041518.4796929447,273.600775977739,972552.4505985207,780.486092356914,972552.4505985207,780.486092356914,17.194176238262507,0.0259029499975105,0.9732361100385498,2.051413950444325e-09,12.0,1160.0091552734375,41.2030858225112,830.2839799765494,569.3029516483944,0.0
2458701.87067415,1041599.6055388782,211.69268480329097,972637.8782525706,759.5321596604374,972637.8782525706,759.5321596604374,17.19561081384834,0.0257266308202178,1.0503241156164729,2.9111575166043833e-09,12.0,1538.6578369140625,33.76797328523145,830.2839799765494,569.3029516483944,0.0
2458701.94519847,1040410.8939971126,237.34539223093287,971386.1336675127,758.0208886368418,971386.1336675127,758.0208886368418,17.174590428337517,0.0257150041889862,1.0679802826876574,2.9745228789865203e-09,12.0,1355.2723388671875,39.823124458324365,830.2839799765494,569.3029516483944,0.0
2458702.953737819,1042935.3204865201,469.99458152271393,974044.4212986736,888.6459281269185,974044.4212986736,888.6459281269185,17.219230709967377,0.0268666437603296,0.6779957796969612,3.100755935548394e-09,12.0,3699.88525390625,48.46703589387946,830.2839799765494,569.3029516483944,4.0
2458703.9509309726,1041394.6945700999,310.406734660268,972422.1016014862,794.6093181136015,972422.1016014862,794.6093181136015,17.191987304352736,0.0260238556981312,1.0071722114510602,2.750137330865953e-09,12.0,2396.91162109375,48.64867716999219,830.2839799765494,569.3029516483944,0.0
2458704.03026897,1040425.8158417625,294.9280777428393,971401.8467632325,780.2358402849992,971401.8467632325,780.2358402849992,17.174854296329073,0.0259016877655864,1.0100568807457564,2.5998727742809907e-09,12.0,3676.94775390625,47.07681401758165,830.2839799765494,569.3029516483944,0.0
2458704.052236747,1040848.6547956058,342.3323719123042,971847.1073266477,804.715715549316,971847.1073266477,804.715715549316,17.182331499592006,0.0261117111505238,1.0153196256517332,3.121629489015611e-09,12.0,3651.509765625,55.00024966495548,830.2839799765494,569.3029516483944,0.0
2458709.945232063,1040701.6474846014,702.333913044249,971692.3047534004,1030.8928212394512,971692.3047534004,1030.8928212394512,17.17973191992811,0.0282649323186816,0.2564536419603425,2.3360705628641503e-09,12.0,1345.3065185546875,27.33194767882332,830.2839799765494,569.3029516483944,0.0
2458709.947752894,1040330.1908181487,346.1665244947,971301.1510929217,802.4978846024239,971301.1510929217,802.4978846024239,17.17316332691369,0.0260928657972959,1.0436864098696592,1.5182012352317806e-09,12.0,5457.41650390625,57.82411228253627,830.2839799765494,569.3029516483944,0.0
2458710.0229370915,1039587.3625282119,595.7625053886693,970518.9333244503,946.3460285399892,970518.9333244503,946.3460285399892,17.16002764472824,0.0274191708980099,1.0317749422545377,1.932179788071335e-09,12.0,12484.126953125,100.67448516554664,830.2839799765494,569.3029516483944,0.0
2458711.9638633817,1041020.5669076474,369.19508176487193,972028.135311818,819.1069315879314,972028.135311818,819.1069315879314,17.18537147921881,0.0262374621888595,0.9687280075165904,1.9681932730460606e-09,12.0,4492.27490234375,56.61411670697436,830.2839799765494,569.3029516483944,0.0
2458714.9634998217,0.0,0.0,0.0,0.0,0.0,0.0,0.0,0.0,0.0,0.0,12.0,0.0,0.0,0.0,0.0,5.0
2458717.925540876,1040630.0040424853,314.76588915520466,971616.8623205043,790.399702785021,971616.8623205043,790.399702785021,17.17846502487436,0.0259882815101395,0.9802551115364272,1.236324369553355e-09,12.0,1154.9066162109375,48.887563556871214,830.2839799765494,569.3029516483944,0.0
2458724.903081949,1041484.5500026502,251.10837851083255,972516.7217403363,771.7742498134876,972516.7217403363,771.7742498134876,17.193576248151217,0.0258292603098743,0.9974212571160852,2.5572071731752073e-09,12.0,1268.300048828125,38.51408759732935,830.2839799765494,569.3029516483944,0.0
2458727.8690695893,1042108.1775046663,264.5741847142104,973173.4179372807,781.9347841758666,973173.4179372807,781.9347841758666,17.204604062761355,0.0259148092847696,0.9990024151354536,3.067987754817602e-09,12.0,1500.0504150390625,40.32149464579216,830.2839799765494,569.3029516483944,0.0
2458728.93854045,1041981.1794114353,233.95068946144897,973039.6855977434,769.9578140137661,973039.6855977434,769.9578140137661,17.202358312816916,0.0258135798189867,1.0060391870044054,1.8153605803447994e-09,12.0,1256.947021484375,35.73808094960044,830.2839799765494,569.3029516483944,0.0
2458734.884355881,0.0,0.0,0.0,0.0,0.0,0.0,0.0,0.0,0.0,0.0,12.0,0.0,0.0,0.0,0.0,5.0
2458734.8881464624,0.0,0.0,0.0,0.0,0.0,0.0,0.0,0.0,0.0,0.0,12.0,0.0,0.0,0.0,0.0,5.0
2458736.8701765398,1042279.0327970074,355.1881984727672,973353.3330634508,822.1529179465315,973353.3330634508,822.1529179465315,17.20762535429036,0.0262633454979063,0.983707382816989,1.7005659084950324e-09,12.0,4978.0673828125,54.04587669374016,830.2839799765494,569.3029516483944,0.0
2458736.873974359,-564703475.5373487,-564703475.5373487,-564703475.5373487,-564703475.5373487,-564703475.5373487,-564703475.5373487,0.0,0.0,-9999.99,-9999.99,12.0,-9999.99,-9999.99,-9999.99,-9999.99,5.0
2458739.8952823174,1041212.2880931558,347.8175114226376,972230.0227734682,810.1712003474319,972230.0227734682,810.1712003474319,17.188761749346067,0.0261589564752737,1.0162752690225472,1.4115432602169363e-09,12.0,3938.18017578125,55.777465411187016,830.2839799765494,569.3029516483944,0.0
2458739.899066556,1041166.6094807984,346.00041184233675,972181.9219906771,808.9482805759033,972181.9219906771,808.9482805759033,17.18795399909916,0.0261483171771062,1.0161208219951647,2.0412782039109704e-09,12.0,3978.403564453125,55.53961561771149,830.2839799765494,569.3029516483944,0.0
2458749.879510217,1040155.7204672564,273.0995972144177,971117.4292148127,769.1988469299257,971117.4292148127,769.1988469299257,17.170078109089925,0.0258086441250478,0.9447441812682528,2.831219865859062e-09,12.0,1436.61083984375,40.73506674601142,830.2839799765494,569.3029516483944,0.0
2458749.883298716,1040726.8232276607,238.5188335971343,971718.815474414,761.0310283430707,971718.815474414,761.0310283430707,17.18017711104978,0.0257398109602566,0.9574919758938324,2.1818633324997103e-09,12.0,1362.858154296875,35.4012741083838,830.2839799765494,569.3029516483944,0.0
2458751.880238783,1040350.4603940459,914.6169820512615,971322.4954905981,1199.5708297856,971322.4954905981,1199.5708297856,17.173521760633328,0.0300835171525442,0.1509378567989326,3.114809609877289e-09,12.0,1398.8939208984375,20.169627882493977,830.2839799765494,569.3029516483944,4.0
2458751.884020771,1034108.2855815557,1387.8118846546777,964749.3208843227,1605.198785326523,964749.3208843227,1605.198785326523,17.06313928652224,0.0350160157449337,0.0857511900667431,1.835448333540289e-09,12.0,1259.0181884765625,19.10040632750816,830.2839799765494,569.3029516483944,4.0
2458753.8809705013,1039216.8765396319,1029.1487971954957,970128.8018133558,1293.0478012879723,970128.8018133558,1293.0478012879723,17.153476216536713,0.0311572184603118,0.194149317288124,1.9880733134463428e-09,12.0,1368.8502197265625,31.595989070063567,830.2839799765494,569.3029516483944,4.0
2458753.8847568664,1036310.4751611429,1475.572830207651,967068.2845560517,1696.6176233916415,967068.2845560517,1696.6176233916415,17.102081344628353,0.0362097074383082,0.1089331013936202,1.9876084178517118e-09,12.0,1180.431396484375,26.14587909638616,830.2839799765494,569.3029516483944,4.0
2458591.162630231,0.0,0.0,0.0,0.0,0.0,0.0,0.0,0.0,0.0,0.0,0.0,0.0,0.0,0.0,0.0,0.0
2458565.280096771,0.0,0.0,0.0,0.0,0.0,0.0,0.0,0.0,0.0,0.0,0.0,0.0,0.0,0.0,0.0,0.0
2458587.1731587616,0.0,0.0,0.0,0.0,0.0,0.0,0.0,0.0,0.0,0.0,0.0,0.0,0.0,0.0,0.0,0.0
2458573.2060149047,0.0,0.0,0.0,0.0,0.0,0.0,0.0,0.0,0.0,0.0,0.0,0.0,0.0,0.0,0.0,0.0
2458592.2206372973,0.0,0.0,0.0,0.0,0.0,0.0,0.0,0.0,0.0,0.0,0.0,0.0,0.0,0.0,0.0,0.0
2458580.231848519,0.0,0.0,0.0,0.0,0.0,0.0,0.0,0.0,0.0,0.0,0.0,0.0,0.0,0.0,0.0,0.0
2458593.1534094466,0.0,0.0,0.0,0.0,0.0,0.0,0.0,0.0,0.0,0.0,0.0,0.0,0.0,0.0,0.0,0.0
2458585.178480116,0.0,0.0,0.0,0.0,0.0,0.0,0.0,0.0,0.0,0.0,0.0,0.0,0.0,0.0,0.0,0.0
2458586.175836738,0.0,0.0,0.0,0.0,0.0,0.0,0.0,0.0,0.0,0.0,0.0,0.0,0.0,0.0,0.0,0.0
2458594.253389277,0.0,0.0,0.0,0.0,0.0,0.0,0.0,0.0,0.0,0.0,0.0,0.0,0.0,0.0,0.0,0.0
2458595.148103528,0.0,0.0,0.0,0.0,0.0,0.0,0.0,0.0,0.0,0.0,0.0,0.0,0.0,0.0,0.0,0.0
2458600.134669745,0.0,0.0,0.0,0.0,0.0,0.0,0.0,0.0,0.0,0.0,0.0,0.0,0.0,0.0,0.0,0.0
2458602.1896979986,0.0,0.0,0.0,0.0,0.0,0.0,0.0,0.0,0.0,0.0,0.0,0.0,0.0,0.0,0.0,0.0
2458603.199102357,0.0,0.0,0.0,0.0,0.0,0.0,0.0,0.0,0.0,0.0,0.0,0.0,0.0,0.0,0.0,0.0
2458610.1762066293,0.0,0.0,0.0,0.0,0.0,0.0,0.0,0.0,0.0,0.0,0.0,0.0,0.0,0.0,0.0,0.0
2458611.1635579737,0.0,0.0,0.0,0.0,0.0,0.0,0.0,0.0,0.0,0.0,0.0,0.0,0.0,0.0,0.0,0.0
2458616.2637964017,0.0,0.0,0.0,0.0,0.0,0.0,0.0,0.0,0.0,0.0,0.0,0.0,0.0,0.0,0.0,0.0
2458618.0908732787,0.0,0.0,0.0,0.0,0.0,0.0,0.0,0.0,0.0,0.0,0.0,0.0,0.0,0.0,0.0,0.0
2458619.088185861,0.0,0.0,0.0,0.0,0.0,0.0,0.0,0.0,0.0,0.0,0.0,0.0,0.0,0.0,0.0,0.0
2458626.1943083266,0.0,0.0,0.0,0.0,0.0,0.0,0.0,0.0,0.0,0.0,0.0,0.0,0.0,0.0,0.0,0.0
2458627.1870316765,0.0,0.0,0.0,0.0,0.0,0.0,0.0,0.0,0.0,0.0,0.0,0.0,0.0,0.0,0.0,0.0
2458628.0601830976,0.0,0.0,0.0,0.0,0.0,0.0,0.0,0.0,0.0,0.0,0.0,0.0,0.0,0.0,0.0,0.0
2458629.0576769784,0.0,0.0,0.0,0.0,0.0,0.0,0.0,0.0,0.0,0.0,0.0,0.0,0.0,0.0,0.0,0.0
2458629.251473928,0.0,0.0,0.0,0.0,0.0,0.0,0.0,0.0,0.0,0.0,0.0,0.0,0.0,0.0,0.0,0.0
2458630.1911054133,0.0,0.0,0.0,0.0,0.0,0.0,0.0,0.0,0.0,0.0,0.0,0.0,0.0,0.0,0.0,0.0
2458631.0955069764,0.0,0.0,0.0,0.0,0.0,0.0,0.0,0.0,0.0,0.0,0.0,0.0,0.0,0.0,0.0,0.0
2458639.0345747788,0.0,0.0,0.0,0.0,0.0,0.0,0.0,0.0,0.0,0.0,0.0,0.0,0.0,0.0,0.0,0.0
2458641.181412755,0.0,0.0,0.0,0.0,0.0,0.0,0.0,0.0,0.0,0.0,0.0,0.0,0.0,0.0,0.0,0.0
2458647.013042252,0.0,0.0,0.0,0.0,0.0,0.0,0.0,0.0,0.0,0.0,0.0,0.0,0.0,0.0,0.0,0.0
2458653.989989757,0.0,0.0,0.0,0.0,0.0,0.0,0.0,0.0,0.0,0.0,0.0,0.0,0.0,0.0,0.0,0.0
2458655.006783694,0.0,0.0,0.0,0.0,0.0,0.0,0.0,0.0,0.0,0.0,0.0,0.0,0.0,0.0,0.0,0.0
2458656.040377924,0.0,0.0,0.0,0.0,0.0,0.0,0.0,0.0,0.0,0.0,0.0,0.0,0.0,0.0,0.0,0.0
2458661.927114698,0.0,0.0,0.0,0.0,0.0,0.0,0.0,0.0,0.0,0.0,0.0,0.0,0.0,0.0,0.0,0.0
2458673.9391435347,0.0,0.0,0.0,0.0,0.0,0.0,0.0,0.0,0.0,0.0,0.0,0.0,0.0,0.0,0.0,0.0
2458684.005597111,0.0,0.0,0.0,0.0,0.0,0.0,0.0,0.0,0.0,0.0,0.0,0.0,0.0,0.0,0.0,0.0
2458685.0180539647,0.0,0.0,0.0,0.0,0.0,0.0,0.0,0.0,0.0,0.0,0.0,0.0,0.0,0.0,0.0,0.0
2458686.031455878,0.0,0.0,0.0,0.0,0.0,0.0,0.0,0.0,0.0,0.0,0.0,0.0,0.0,0.0,0.0,0.0
2458687.997552845,0.0,0.0,0.0,0.0,0.0,0.0,0.0,0.0,0.0,0.0,0.0,0.0,0.0,0.0,0.0,0.0
2458688.897596721,0.0,0.0,0.0,0.0,0.0,0.0,0.0,0.0,0.0,0.0,0.0,0.0,0.0,0.0,0.0,0.0
2458689.895243366,0.0,0.0,0.0,0.0,0.0,0.0,0.0,0.0,0.0,0.0,0.0,0.0,0.0,0.0,0.0,0.0
2458691.9640365057,0.0,0.0,0.0,0.0,0.0,0.0,0.0,0.0,0.0,0.0,0.0,0.0,0.0,0.0,0.0,0.0
2458692.886415625,0.0,0.0,0.0,0.0,0.0,0.0,0.0,0.0,0.0,0.0,0.0,0.0,0.0,0.0,0.0,0.0
2458694.077161752,0.0,0.0,0.0,0.0,0.0,0.0,0.0,0.0,0.0,0.0,0.0,0.0,0.0,0.0,0.0,0.0
2458694.9357694057,0.0,0.0,0.0,0.0,0.0,0.0,0.0,0.0,0.0,0.0,0.0,0.0,0.0,0.0,0.0,0.0
2458696.875474429,0.0,0.0,0.0,0.0,0.0,0.0,0.0,0.0,0.0,0.0,0.0,0.0,0.0,0.0,0.0,0.0
2458697.872682757,0.0,0.0,0.0,0.0,0.0,0.0,0.0,0.0,0.0,0.0,0.0,0.0,0.0,0.0,0.0,0.0
2458697.9545110115,0.0,0.0,0.0,0.0,0.0,0.0,0.0,0.0,0.0,0.0,0.0,0.0,0.0,0.0,0.0,0.0
2458699.9614029503,0.0,0.0,0.0,0.0,0.0,0.0,0.0,0.0,0.0,0.0,0.0,0.0,0.0,0.0,0.0,0.0
2458700.0530265467,0.0,0.0,0.0,0.0,0.0,0.0,0.0,0.0,0.0,0.0,0.0,0.0,0.0,0.0,0.0,0.0
2458701.874620201,0.0,0.0,0.0,0.0,0.0,0.0,0.0,0.0,0.0,0.0,0.0,0.0,0.0,0.0,0.0,0.0
2458701.9491573027,0.0,0.0,0.0,0.0,0.0,0.0,0.0,0.0,0.0,0.0,0.0,0.0,0.0,0.0,0.0,0.0
2458702.95769909,0.0,0.0,0.0,0.0,0.0,0.0,0.0,0.0,0.0,0.0,0.0,0.0,0.0,0.0,0.0,0.0
2458703.95489544,0.0,0.0,0.0,0.0,0.0,0.0,0.0,0.0,0.0,0.0,0.0,0.0,0.0,0.0,0.0,0.0
2458704.0561986878,0.0,0.0,0.0,0.0,0.0,0.0,0.0,0.0,0.0,0.0,0.0,0.0,0.0,0.0,0.0,0.0
2458709.951713852,0.0,0.0,0.0,0.0,0.0,0.0,0.0,0.0,0.0,0.0,0.0,0.0,0.0,0.0,0.0,0.0
2458710.026896933,0.0,0.0,0.0,0.0,0.0,0.0,0.0,0.0,0.0,0.0,0.0,0.0,0.0,0.0,0.0,0.0
2458711.9678325304,0.0,0.0,0.0,0.0,0.0,0.0,0.0,0.0,0.0,0.0,0.0,0.0,0.0,0.0,0.0,0.0
2458714.967448322,0.0,0.0,0.0,0.0,0.0,0.0,0.0,0.0,0.0,0.0,0.0,0.0,0.0,0.0,0.0,0.0
2458717.9294874584,0.0,0.0,0.0,0.0,0.0,0.0,0.0,0.0,0.0,0.0,0.0,0.0,0.0,0.0,0.0,0.0
2458724.907034078,0.0,0.0,0.0,0.0,0.0,0.0,0.0,0.0,0.0,0.0,0.0,0.0,0.0,0.0,0.0,0.0
2458727.87302039,0.0,0.0,0.0,0.0,0.0,0.0,0.0,0.0,0.0,0.0,0.0,0.0,0.0,0.0,0.0,0.0
2458728.9424985447,0.0,0.0,0.0,0.0,0.0,0.0,0.0,0.0,0.0,0.0,0.0,0.0,0.0,0.0,0.0,0.0
2458734.891497464,0.0,0.0,0.0,0.0,0.0,0.0,0.0,0.0,0.0,0.0,0.0,0.0,0.0,0.0,0.0,0.0
2458736.8779243086,0.0,0.0,0.0,0.0,0.0,0.0,0.0,0.0,0.0,0.0,0.0,0.0,0.0,0.0,0.0,0.0
2458736.881707732,0.0,0.0,0.0,0.0,0.0,0.0,0.0,0.0,0.0,0.0,0.0,0.0,0.0,0.0,0.0,0.0
2458739.9030415327,0.0,0.0,0.0,0.0,0.0,0.0,0.0,0.0,0.0,0.0,0.0,0.0,0.0,0.0,0.0,0.0
2458739.906826064,0.0,0.0,0.0,0.0,0.0,0.0,0.0,0.0,0.0,0.0,0.0,0.0,0.0,0.0,0.0,0.0
2458749.8872559583,0.0,0.0,0.0,0.0,0.0,0.0,0.0,0.0,0.0,0.0,0.0,0.0,0.0,0.0,0.0,0.0
2458749.891050808,0.0,0.0,0.0,0.0,0.0,0.0,0.0,0.0,0.0,0.0,0.0,0.0,0.0,0.0,0.0,0.0
2458751.887972704,0.0,0.0,0.0,0.0,0.0,0.0,0.0,0.0,0.0,0.0,0.0,0.0,0.0,0.0,0.0,0.0
2458751.891760173,0.0,0.0,0.0,0.0,0.0,0.0,0.0,0.0,0.0,0.0,0.0,0.0,0.0,0.0,0.0,0.0
2458753.888711994,0.0,0.0,0.0,0.0,0.0,0.0,0.0,0.0,0.0,0.0,0.0,0.0,0.0,0.0,0.0,0.0
2458753.892497065,0.0,0.0,0.0,0.0,0.0,0.0,0.0,0.0,0.0,0.0,0.0,0.0,0.0,0.0,0.0,0.0
2457845.121757678,0.0,0.0,0.0,0.0,0.0,0.0,0.0,0.0,0.0,0.0,0.0,0.0,0.0,0.0,0.0,0.0
2457845.1353422287,0.0,0.0,0.0,0.0,0.0,0.0,0.0,0.0,0.0,0.0,0.0,0.0,0.0,0.0,0.0,0.0
2457852.13729299,0.0,0.0,0.0,0.0,0.0,0.0,0.0,0.0,0.0,0.0,0.0,0.0,0.0,0.0,0.0,0.0
2457871.278150946,0.0,0.0,0.0,0.0,0.0,0.0,0.0,0.0,0.0,0.0,0.0,0.0,0.0,0.0,0.0,0.0
2457889.00495306,0.0,0.0,0.0,0.0,0.0,0.0,0.0,0.0,0.0,0.0,0.0,0.0,0.0,0.0,0.0,0.0
2457890.1982964505,0.0,0.0,0.0,0.0,0.0,0.0,0.0,0.0,0.0,0.0,0.0,0.0,0.0,0.0,0.0,0.0
2457895.1552225137,0.0,0.0,0.0,0.0,0.0,0.0,0.0,0.0,0.0,0.0,0.0,0.0,0.0,0.0,0.0,0.0
2457896.0347279334,0.0,0.0,0.0,0.0,0.0,0.0,0.0,0.0,0.0,0.0,0.0,0.0,0.0,0.0,0.0,0.0
2457900.11572192,0.0,0.0,0.0,0.0,0.0,0.0,0.0,0.0,0.0,0.0,0.0,0.0,0.0,0.0,0.0,0.0
2457902.156083203,0.0,0.0,0.0,0.0,0.0,0.0,0.0,0.0,0.0,0.0,0.0,0.0,0.0,0.0,0.0,0.0
2457902.1717774514,0.0,0.0,0.0,0.0,0.0,0.0,0.0,0.0,0.0,0.0,0.0,0.0,0.0,0.0,0.0,0.0
2457903.0607678704,0.0,0.0,0.0,0.0,0.0,0.0,0.0,0.0,0.0,0.0,0.0,0.0,0.0,0.0,0.0,0.0
2457918.0621215305,0.0,0.0,0.0,0.0,0.0,0.0,0.0,0.0,0.0,0.0,0.0,0.0,0.0,0.0,0.0,0.0
2457920.1542458525,0.0,0.0,0.0,0.0,0.0,0.0,0.0,0.0,0.0,0.0,0.0,0.0,0.0,0.0,0.0,0.0
2457927.995136189,0.0,0.0,0.0,0.0,0.0,0.0,0.0,0.0,0.0,0.0,0.0,0.0,0.0,0.0,0.0,0.0
2457931.0506606214,0.0,0.0,0.0,0.0,0.0,0.0,0.0,0.0,0.0,0.0,0.0,0.0,0.0,0.0,0.0,0.0
2457934.1308209263,0.0,0.0,0.0,0.0,0.0,0.0,0.0,0.0,0.0,0.0,0.0,0.0,0.0,0.0,0.0,0.0
2457936.970802996,0.0,0.0,0.0,0.0,0.0,0.0,0.0,0.0,0.0,0.0,0.0,0.0,0.0,0.0,0.0,0.0
2457937.0645583062,0.0,0.0,0.0,0.0,0.0,0.0,0.0,0.0,0.0,0.0,0.0,0.0,0.0,0.0,0.0,0.0
2457938.9466909305,0.0,0.0,0.0,0.0,0.0,0.0,0.0,0.0,0.0,0.0,0.0,0.0,0.0,0.0,0.0,0.0
2457939.0872892905,0.0,0.0,0.0,0.0,0.0,0.0,0.0,0.0,0.0,0.0,0.0,0.0,0.0,0.0,0.0,0.0
2457939.9321202342,0.0,0.0,0.0,0.0,0.0,0.0,0.0,0.0,0.0,0.0,0.0,0.0,0.0,0.0,0.0,0.0
2457940.098828323,0.0,0.0,0.0,0.0,0.0,0.0,0.0,0.0,0.0,0.0,0.0,0.0,0.0,0.0,0.0,0.0
2457940.9950310653,0.0,0.0,0.0,0.0,0.0,0.0,0.0,0.0,0.0,0.0,0.0,0.0,0.0,0.0,0.0,0.0
2457941.983123488,0.0,0.0,0.0,0.0,0.0,0.0,0.0,0.0,0.0,0.0,0.0,0.0,0.0,0.0,0.0,0.0
2457942.223666119,0.0,0.0,0.0,0.0,0.0,0.0,0.0,0.0,0.0,0.0,0.0,0.0,0.0,0.0,0.0,0.0
2457942.8911020337,0.0,0.0,0.0,0.0,0.0,0.0,0.0,0.0,0.0,0.0,0.0,0.0,0.0,0.0,0.0,0.0
2457943.187607183,0.0,0.0,0.0,0.0,0.0,0.0,0.0,0.0,0.0,0.0,0.0,0.0,0.0,0.0,0.0,0.0
2457944.994409845,0.0,0.0,0.0,0.0,0.0,0.0,0.0,0.0,0.0,0.0,0.0,0.0,0.0,0.0,0.0,0.0
2457946.154597552,0.0,0.0,0.0,0.0,0.0,0.0,0.0,0.0,0.0,0.0,0.0,0.0,0.0,0.0,0.0,0.0
2457947.9977859603,0.0,0.0,0.0,0.0,0.0,0.0,0.0,0.0,0.0,0.0,0.0,0.0,0.0,0.0,0.0,0.0
2457956.018743376,0.0,0.0,0.0,0.0,0.0,0.0,0.0,0.0,0.0,0.0,0.0,0.0,0.0,0.0,0.0,0.0
2457957.153619914,0.0,0.0,0.0,0.0,0.0,0.0,0.0,0.0,0.0,0.0,0.0,0.0,0.0,0.0,0.0,0.0
2457957.879266024,0.0,0.0,0.0,0.0,0.0,0.0,0.0,0.0,0.0,0.0,0.0,0.0,0.0,0.0,0.0,0.0
2457958.931299373,0.0,0.0,0.0,0.0,0.0,0.0,0.0,0.0,0.0,0.0,0.0,0.0,0.0,0.0,0.0,0.0
2457959.0528402813,0.0,0.0,0.0,0.0,0.0,0.0,0.0,0.0,0.0,0.0,0.0,0.0,0.0,0.0,0.0,0.0
2457960.045846961,0.0,0.0,0.0,0.0,0.0,0.0,0.0,0.0,0.0,0.0,0.0,0.0,0.0,0.0,0.0,0.0
2457960.169509377,0.0,0.0,0.0,0.0,0.0,0.0,0.0,0.0,0.0,0.0,0.0,0.0,0.0,0.0,0.0,0.0
2457960.975373177,0.0,0.0,0.0,0.0,0.0,0.0,0.0,0.0,0.0,0.0,0.0,0.0,0.0,0.0,0.0,0.0
2457961.0740953865,0.0,0.0,0.0,0.0,0.0,0.0,0.0,0.0,0.0,0.0,0.0,0.0,0.0,0.0,0.0,0.0
2457967.89152123,0.0,0.0,0.0,0.0,0.0,0.0,0.0,0.0,0.0,0.0,0.0,0.0,0.0,0.0,0.0,0.0
2457968.128338298,0.0,0.0,0.0,0.0,0.0,0.0,0.0,0.0,0.0,0.0,0.0,0.0,0.0,0.0,0.0,0.0
2457971.924043896,0.0,0.0,0.0,0.0,0.0,0.0,0.0,0.0,0.0,0.0,0.0,0.0,0.0,0.0,0.0,0.0
2457973.951682822,0.0,0.0,0.0,0.0,0.0,0.0,0.0,0.0,0.0,0.0,0.0,0.0,0.0,0.0,0.0,0.0
2457976.0959006054,0.0,0.0,0.0,0.0,0.0,0.0,0.0,0.0,0.0,0.0,0.0,0.0,0.0,0.0,0.0,0.0
2457977.923148304,0.0,0.0,0.0,0.0,0.0,0.0,0.0,0.0,0.0,0.0,0.0,0.0,0.0,0.0,0.0,0.0
2457978.1071522324,0.0,0.0,0.0,0.0,0.0,0.0,0.0,0.0,0.0,0.0,0.0,0.0,0.0,0.0,0.0,0.0
2457979.937498038,0.0,0.0,0.0,0.0,0.0,0.0,0.0,0.0,0.0,0.0,0.0,0.0,0.0,0.0,0.0,0.0
2457980.9492272763,0.0,0.0,0.0,0.0,0.0,0.0,0.0,0.0,0.0,0.0,0.0,0.0,0.0,0.0,0.0,0.0
2457984.978362321,0.0,0.0,0.0,0.0,0.0,0.0,0.0,0.0,0.0,0.0,0.0,0.0,0.0,0.0,0.0,0.0
2457985.925436194,0.0,0.0,0.0,0.0,0.0,0.0,0.0,0.0,0.0,0.0,0.0,0.0,0.0,0.0,0.0,0.0
2457987.9669473832,0.0,0.0,0.0,0.0,0.0,0.0,0.0,0.0,0.0,0.0,0.0,0.0,0.0,0.0,0.0,0.0
2457989.0338200866,0.0,0.0,0.0,0.0,0.0,0.0,0.0,0.0,0.0,0.0,0.0,0.0,0.0,0.0,0.0,0.0
2457989.078452483,0.0,0.0,0.0,0.0,0.0,0.0,0.0,0.0,0.0,0.0,0.0,0.0,0.0,0.0,0.0,0.0
2457990.97068101,0.0,0.0,0.0,0.0,0.0,0.0,0.0,0.0,0.0,0.0,0.0,0.0,0.0,0.0,0.0,0.0
2457991.9481014884,0.0,0.0,0.0,0.0,0.0,0.0,0.0,0.0,0.0,0.0,0.0,0.0,0.0,0.0,0.0,0.0
2457996.026242438,0.0,0.0,0.0,0.0,0.0,0.0,0.0,0.0,0.0,0.0,0.0,0.0,0.0,0.0,0.0,0.0
2457997.008796168,0.0,0.0,0.0,0.0,0.0,0.0,0.0,0.0,0.0,0.0,0.0,0.0,0.0,0.0,0.0,0.0
2457998.017639742,0.0,0.0,0.0,0.0,0.0,0.0,0.0,0.0,0.0,0.0,0.0,0.0,0.0,0.0,0.0,0.0
2457998.8872401435,0.0,0.0,0.0,0.0,0.0,0.0,0.0,0.0,0.0,0.0,0.0,0.0,0.0,0.0,0.0,0.0
2458000.033089136,0.0,0.0,0.0,0.0,0.0,0.0,0.0,0.0,0.0,0.0,0.0,0.0,0.0,0.0,0.0,0.0
2458000.9499369618,0.0,0.0,0.0,0.0,0.0,0.0,0.0,0.0,0.0,0.0,0.0,0.0,0.0,0.0,0.0,0.0
2458002.005881311,0.0,0.0,0.0,0.0,0.0,0.0,0.0,0.0,0.0,0.0,0.0,0.0,0.0,0.0,0.0,0.0
2458003.018645769,0.0,0.0,0.0,0.0,0.0,0.0,0.0,0.0,0.0,0.0,0.0,0.0,0.0,0.0,0.0,0.0
2458003.921357082,0.0,0.0,0.0,0.0,0.0,0.0,0.0,0.0,0.0,0.0,0.0,0.0,0.0,0.0,0.0,0.0
2458004.9872109257,0.0,0.0,0.0,0.0,0.0,0.0,0.0,0.0,0.0,0.0,0.0,0.0,0.0,0.0,0.0,0.0
2458013.0176635017,0.0,0.0,0.0,0.0,0.0,0.0,0.0,0.0,0.0,0.0,0.0,0.0,0.0,0.0,0.0,0.0
2458013.8960405,0.0,0.0,0.0,0.0,0.0,0.0,0.0,0.0,0.0,0.0,0.0,0.0,0.0,0.0,0.0,0.0
2458016.9717611084,0.0,0.0,0.0,0.0,0.0,0.0,0.0,0.0,0.0,0.0,0.0,0.0,0.0,0.0,0.0,0.0
2458018.9094225457,0.0,0.0,0.0,0.0,0.0,0.0,0.0,0.0,0.0,0.0,0.0,0.0,0.0,0.0,0.0,0.0
2458020.964319032,0.0,0.0,0.0,0.0,0.0,0.0,0.0,0.0,0.0,0.0,0.0,0.0,0.0,0.0,0.0,0.0
2458022.8951745387,0.0,0.0,0.0,0.0,0.0,0.0,0.0,0.0,0.0,0.0,0.0,0.0,0.0,0.0,0.0,0.0
2458027.9502519,0.0,0.0,0.0,0.0,0.0,0.0,0.0,0.0,0.0,0.0,0.0,0.0,0.0,0.0,0.0,0.0
2458033.933005056,0.0,0.0,0.0,0.0,0.0,0.0,0.0,0.0,0.0,0.0,0.0,0.0,0.0,0.0,0.0,0.0
2458036.9419499463,0.0,0.0,0.0,0.0,0.0,0.0,0.0,0.0,0.0,0.0,0.0,0.0,0.0,0.0,0.0,0.0
2458039.929320537,0.0,0.0,0.0,0.0,0.0,0.0,0.0,0.0,0.0,0.0,0.0,0.0,0.0,0.0,0.0,0.0
2458041.93417196,0.0,0.0,0.0,0.0,0.0,0.0,0.0,0.0,0.0,0.0,0.0,0.0,0.0,0.0,0.0,0.0
2458044.9038606347,0.0,0.0,0.0,0.0,0.0,0.0,0.0,0.0,0.0,0.0,0.0,0.0,0.0,0.0,0.0,0.0
2458178.2067662235,0.0,0.0,0.0,0.0,0.0,0.0,0.0,0.0,0.0,0.0,0.0,0.0,0.0,0.0,0.0,0.0
2458187.2872099024,0.0,0.0,0.0,0.0,0.0,0.0,0.0,0.0,0.0,0.0,0.0,0.0,0.0,0.0,0.0,0.0
2458195.280987245,0.0,0.0,0.0,0.0,0.0,0.0,0.0,0.0,0.0,0.0,0.0,0.0,0.0,0.0,0.0,0.0
2458202.2985629165,0.0,0.0,0.0,0.0,0.0,0.0,0.0,0.0,0.0,0.0,0.0,0.0,0.0,0.0,0.0,0.0
2458207.2613346498,0.0,0.0,0.0,0.0,0.0,0.0,0.0,0.0,0.0,0.0,0.0,0.0,0.0,0.0,0.0,0.0
2458208.2093710857,0.0,0.0,0.0,0.0,0.0,0.0,0.0,0.0,0.0,0.0,0.0,0.0,0.0,0.0,0.0,0.0
2458210.113092556,0.0,0.0,0.0,0.0,0.0,0.0,0.0,0.0,0.0,0.0,0.0,0.0,0.0,0.0,0.0,0.0
2458210.1377274003,0.0,0.0,0.0,0.0,0.0,0.0,0.0,0.0,0.0,0.0,0.0,0.0,0.0,0.0,0.0,0.0
2458210.1793339616,0.0,0.0,0.0,0.0,0.0,0.0,0.0,0.0,0.0,0.0,0.0,0.0,0.0,0.0,0.0,0.0
2458210.224426634,0.0,0.0,0.0,0.0,0.0,0.0,0.0,0.0,0.0,0.0,0.0,0.0,0.0,0.0,0.0,0.0
2458210.2789684776,0.0,0.0,0.0,0.0,0.0,0.0,0.0,0.0,0.0,0.0,0.0,0.0,0.0,0.0,0.0,0.0
2458211.3024124303,0.0,0.0,0.0,0.0,0.0,0.0,0.0,0.0,0.0,0.0,0.0,0.0,0.0,0.0,0.0,0.0
2458211.306309173,0.0,0.0,0.0,0.0,0.0,0.0,0.0,0.0,0.0,0.0,0.0,0.0,0.0,0.0,0.0,0.0
2458212.123865528,0.0,0.0,0.0,0.0,0.0,0.0,0.0,0.0,0.0,0.0,0.0,0.0,0.0,0.0,0.0,0.0
2458212.1391371954,0.0,0.0,0.0,0.0,0.0,0.0,0.0,0.0,0.0,0.0,0.0,0.0,0.0,0.0,0.0,0.0
2458212.1901038075,0.0,0.0,0.0,0.0,0.0,0.0,0.0,0.0,0.0,0.0,0.0,0.0,0.0,0.0,0.0,0.0
2458214.306679128,0.0,0.0,0.0,0.0,0.0,0.0,0.0,0.0,0.0,0.0,0.0,0.0,0.0,0.0,0.0,0.0
2458215.237782547,0.0,0.0,0.0,0.0,0.0,0.0,0.0,0.0,0.0,0.0,0.0,0.0,0.0,0.0,0.0,0.0
2458215.296808092,0.0,0.0,0.0,0.0,0.0,0.0,0.0,0.0,0.0,0.0,0.0,0.0,0.0,0.0,0.0,0.0
2458223.104252772,0.0,0.0,0.0,0.0,0.0,0.0,0.0,0.0,0.0,0.0,0.0,0.0,0.0,0.0,0.0,0.0
2458223.139060292,0.0,0.0,0.0,0.0,0.0,0.0,0.0,0.0,0.0,0.0,0.0,0.0,0.0,0.0,0.0,0.0
2458224.1691528247,0.0,0.0,0.0,0.0,0.0,0.0,0.0,0.0,0.0,0.0,0.0,0.0,0.0,0.0,0.0,0.0
2458226.0741122323,0.0,0.0,0.0,0.0,0.0,0.0,0.0,0.0,0.0,0.0,0.0,0.0,0.0,0.0,0.0,0.0
2458227.136232087,0.0,0.0,0.0,0.0,0.0,0.0,0.0,0.0,0.0,0.0,0.0,0.0,0.0,0.0,0.0,0.0
2458227.1394212698,0.0,0.0,0.0,0.0,0.0,0.0,0.0,0.0,0.0,0.0,0.0,0.0,0.0,0.0,0.0,0.0
2458228.094244939,0.0,0.0,0.0,0.0,0.0,0.0,0.0,0.0,0.0,0.0,0.0,0.0,0.0,0.0,0.0,0.0
2458228.1079536704,0.0,0.0,0.0,0.0,0.0,0.0,0.0,0.0,0.0,0.0,0.0,0.0,0.0,0.0,0.0,0.0
2458228.2504742485,0.0,0.0,0.0,0.0,0.0,0.0,0.0,0.0,0.0,0.0,0.0,0.0,0.0,0.0,0.0,0.0
2458228.3026922354,0.0,0.0,0.0,0.0,0.0,0.0,0.0,0.0,0.0,0.0,0.0,0.0,0.0,0.0,0.0,0.0
2458228.3130697017,0.0,0.0,0.0,0.0,0.0,0.0,0.0,0.0,0.0,0.0,0.0,0.0,0.0,0.0,0.0,0.0
2458229.0909497766,0.0,0.0,0.0,0.0,0.0,0.0,0.0,0.0,0.0,0.0,0.0,0.0,0.0,0.0,0.0,0.0
2458229.1010831865,0.0,0.0,0.0,0.0,0.0,0.0,0.0,0.0,0.0,0.0,0.0,0.0,0.0,0.0,0.0,0.0
2458229.139895912,0.0,0.0,0.0,0.0,0.0,0.0,0.0,0.0,0.0,0.0,0.0,0.0,0.0,0.0,0.0,0.0
2458229.187922344,0.0,0.0,0.0,0.0,0.0,0.0,0.0,0.0,0.0,0.0,0.0,0.0,0.0,0.0,0.0,0.0
2458230.0874679354,0.0,0.0,0.0,0.0,0.0,0.0,0.0,0.0,0.0,0.0,0.0,0.0,0.0,0.0,0.0,0.0
2458230.191630796,0.0,0.0,0.0,0.0,0.0,0.0,0.0,0.0,0.0,0.0,0.0,0.0,0.0,0.0,0.0,0.0
2458230.247146501,0.0,0.0,0.0,0.0,0.0,0.0,0.0,0.0,0.0,0.0,0.0,0.0,0.0,0.0,0.0,0.0
2458230.2597290413,0.0,0.0,0.0,0.0,0.0,0.0,0.0,0.0,0.0,0.0,0.0,0.0,0.0,0.0,0.0,0.0
2458230.2792908624,0.0,0.0,0.0,0.0,0.0,0.0,0.0,0.0,0.0,0.0,0.0,0.0,0.0,0.0,0.0,0.0
2458231.066056675,0.0,0.0,0.0,0.0,0.0,0.0,0.0,0.0,0.0,0.0,0.0,0.0,0.0,0.0,0.0,0.0
2458231.129090583,0.0,0.0,0.0,0.0,0.0,0.0,0.0,0.0,0.0,0.0,0.0,0.0,0.0,0.0,0.0,0.0
2458231.149282176,0.0,0.0,0.0,0.0,0.0,0.0,0.0,0.0,0.0,0.0,0.0,0.0,0.0,0.0,0.0,0.0
2458232.087496161,0.0,0.0,0.0,0.0,0.0,0.0,0.0,0.0,0.0,0.0,0.0,0.0,0.0,0.0,0.0,0.0
2458232.1256465064,0.0,0.0,0.0,0.0,0.0,0.0,0.0,0.0,0.0,0.0,0.0,0.0,0.0,0.0,0.0,0.0
2458232.181639678,0.0,0.0,0.0,0.0,0.0,0.0,0.0,0.0,0.0,0.0,0.0,0.0,0.0,0.0,0.0,0.0
2458232.22093698,0.0,0.0,0.0,0.0,0.0,0.0,0.0,0.0,0.0,0.0,0.0,0.0,0.0,0.0,0.0,0.0
2458232.299315458,0.0,0.0,0.0,0.0,0.0,0.0,0.0,0.0,0.0,0.0,0.0,0.0,0.0,0.0,0.0,0.0
2458232.316706568,0.0,0.0,0.0,0.0,0.0,0.0,0.0,0.0,0.0,0.0,0.0,0.0,0.0,0.0,0.0,0.0
2458235.053001624,0.0,0.0,0.0,0.0,0.0,0.0,0.0,0.0,0.0,0.0,0.0,0.0,0.0,0.0,0.0,0.0
2458235.074016585,0.0,0.0,0.0,0.0,0.0,0.0,0.0,0.0,0.0,0.0,0.0,0.0,0.0,0.0,0.0,0.0
2458235.1108197374,0.0,0.0,0.0,0.0,0.0,0.0,0.0,0.0,0.0,0.0,0.0,0.0,0.0,0.0,0.0,0.0
2458235.138239889,0.0,0.0,0.0,0.0,0.0,0.0,0.0,0.0,0.0,0.0,0.0,0.0,0.0,0.0,0.0,0.0
2458237.0945292534,0.0,0.0,0.0,0.0,0.0,0.0,0.0,0.0,0.0,0.0,0.0,0.0,0.0,0.0,0.0,0.0
2458237.1226016586,0.0,0.0,0.0,0.0,0.0,0.0,0.0,0.0,0.0,0.0,0.0,0.0,0.0,0.0,0.0,0.0
2458237.178245474,0.0,0.0,0.0,0.0,0.0,0.0,0.0,0.0,0.0,0.0,0.0,0.0,0.0,0.0,0.0,0.0
2458237.2165747806,0.0,0.0,0.0,0.0,0.0,0.0,0.0,0.0,0.0,0.0,0.0,0.0,0.0,0.0,0.0,0.0
2458237.2685192404,0.0,0.0,0.0,0.0,0.0,0.0,0.0,0.0,0.0,0.0,0.0,0.0,0.0,0.0,0.0,0.0
2458238.043073653,0.0,0.0,0.0,0.0,0.0,0.0,0.0,0.0,0.0,0.0,0.0,0.0,0.0,0.0,0.0,0.0
2458238.0741538,0.0,0.0,0.0,0.0,0.0,0.0,0.0,0.0,0.0,0.0,0.0,0.0,0.0,0.0,0.0,0.0
2458238.108862955,0.0,0.0,0.0,0.0,0.0,0.0,0.0,0.0,0.0,0.0,0.0,0.0,0.0,0.0,0.0,0.0
2458238.143581942,0.0,0.0,0.0,0.0,0.0,0.0,0.0,0.0,0.0,0.0,0.0,0.0,0.0,0.0,0.0,0.0
2458238.193940623,0.0,0.0,0.0,0.0,0.0,0.0,0.0,0.0,0.0,0.0,0.0,0.0,0.0,0.0,0.0,0.0
2458239.07829174,0.0,0.0,0.0,0.0,0.0,0.0,0.0,0.0,0.0,0.0,0.0,0.0,0.0,0.0,0.0,0.0
2458240.1990045225,0.0,0.0,0.0,0.0,0.0,0.0,0.0,0.0,0.0,0.0,0.0,0.0,0.0,0.0,0.0,0.0
2458240.2759837145,0.0,0.0,0.0,0.0,0.0,0.0,0.0,0.0,0.0,0.0,0.0,0.0,0.0,0.0,0.0,0.0
2458240.307312266,0.0,0.0,0.0,0.0,0.0,0.0,0.0,0.0,0.0,0.0,0.0,0.0,0.0,0.0,0.0,0.0
2458245.0227076467,0.0,0.0,0.0,0.0,0.0,0.0,0.0,0.0,0.0,0.0,0.0,0.0,0.0,0.0,0.0,0.0
2458245.0260002096,0.0,0.0,0.0,0.0,0.0,0.0,0.0,0.0,0.0,0.0,0.0,0.0,0.0,0.0,0.0,0.0
2458245.033039453,0.0,0.0,0.0,0.0,0.0,0.0,0.0,0.0,0.0,0.0,0.0,0.0,0.0,0.0,0.0,0.0
2458245.040217804,0.0,0.0,0.0,0.0,0.0,0.0,0.0,0.0,0.0,0.0,0.0,0.0,0.0,0.0,0.0,0.0
2458245.0433572745,0.0,0.0,0.0,0.0,0.0,0.0,0.0,0.0,0.0,0.0,0.0,0.0,0.0,0.0,0.0,0.0
2458245.046643392,0.0,0.0,0.0,0.0,0.0,0.0,0.0,0.0,0.0,0.0,0.0,0.0,0.0,0.0,0.0,0.0
2458245.0503151338,0.0,0.0,0.0,0.0,0.0,0.0,0.0,0.0,0.0,0.0,0.0,0.0,0.0,0.0,0.0,0.0
2458245.0537822843,0.0,0.0,0.0,0.0,0.0,0.0,0.0,0.0,0.0,0.0,0.0,0.0,0.0,0.0,0.0,0.0
2458245.0576594896,0.0,0.0,0.0,0.0,0.0,0.0,0.0,0.0,0.0,0.0,0.0,0.0,0.0,0.0,0.0,0.0
2458245.060724003,0.0,0.0,0.0,0.0,0.0,0.0,0.0,0.0,0.0,0.0,0.0,0.0,0.0,0.0,0.0,0.0
2458245.064196796,0.0,0.0,0.0,0.0,0.0,0.0,0.0,0.0,0.0,0.0,0.0,0.0,0.0,0.0,0.0,0.0
2458245.071234248,0.0,0.0,0.0,0.0,0.0,0.0,0.0,0.0,0.0,0.0,0.0,0.0,0.0,0.0,0.0,0.0
2458245.074609208,0.0,0.0,0.0,0.0,0.0,0.0,0.0,0.0,0.0,0.0,0.0,0.0,0.0,0.0,0.0,0.0
2458245.078081751,0.0,0.0,0.0,0.0,0.0,0.0,0.0,0.0,0.0,0.0,0.0,0.0,0.0,0.0,0.0,0.0
2458245.081553698,0.0,0.0,0.0,0.0,0.0,0.0,0.0,0.0,0.0,0.0,0.0,0.0,0.0,0.0,0.0,0.0
2458245.0850286493,0.0,0.0,0.0,0.0,0.0,0.0,0.0,0.0,0.0,0.0,0.0,0.0,0.0,0.0,0.0,0.0
2458245.088509546,0.0,0.0,0.0,0.0,0.0,0.0,0.0,0.0,0.0,0.0,0.0,0.0,0.0,0.0,0.0,0.0
2458245.0919855074,0.0,0.0,0.0,0.0,0.0,0.0,0.0,0.0,0.0,0.0,0.0,0.0,0.0,0.0,0.0,0.0
2458245.095458478,0.0,0.0,0.0,0.0,0.0,0.0,0.0,0.0,0.0,0.0,0.0,0.0,0.0,0.0,0.0,0.0
2458245.107645064,0.0,0.0,0.0,0.0,0.0,0.0,0.0,0.0,0.0,0.0,0.0,0.0,0.0,0.0,0.0,0.0
2458245.2102177213,0.0,0.0,0.0,0.0,0.0,0.0,0.0,0.0,0.0,0.0,0.0,0.0,0.0,0.0,0.0,0.0
2458245.25178216,0.0,0.0,0.0,0.0,0.0,0.0,0.0,0.0,0.0,0.0,0.0,0.0,0.0,0.0,0.0,0.0
2458245.2660621256,0.0,0.0,0.0,0.0,0.0,0.0,0.0,0.0,0.0,0.0,0.0,0.0,0.0,0.0,0.0,0.0
2458245.30385411,0.0,0.0,0.0,0.0,0.0,0.0,0.0,0.0,0.0,0.0,0.0,0.0,0.0,0.0,0.0,0.0
2458245.307665494,0.0,0.0,0.0,0.0,0.0,0.0,0.0,0.0,0.0,0.0,0.0,0.0,0.0,0.0,0.0,0.0
2458245.320082759,0.0,0.0,0.0,0.0,0.0,0.0,0.0,0.0,0.0,0.0,0.0,0.0,0.0,0.0,0.0,0.0
2458246.0227988563,0.0,0.0,0.0,0.0,0.0,0.0,0.0,0.0,0.0,0.0,0.0,0.0,0.0,0.0,0.0,0.0
2458246.0277516297,0.0,0.0,0.0,0.0,0.0,0.0,0.0,0.0,0.0,0.0,0.0,0.0,0.0,0.0,0.0,0.0
2458246.040034186,0.0,0.0,0.0,0.0,0.0,0.0,0.0,0.0,0.0,0.0,0.0,0.0,0.0,0.0,0.0,0.0
2458246.0434287176,0.0,0.0,0.0,0.0,0.0,0.0,0.0,0.0,0.0,0.0,0.0,0.0,0.0,0.0,0.0,0.0
2458246.0468929303,0.0,0.0,0.0,0.0,0.0,0.0,0.0,0.0,0.0,0.0,0.0,0.0,0.0,0.0,0.0,0.0
2458246.049976968,0.0,0.0,0.0,0.0,0.0,0.0,0.0,0.0,0.0,0.0,0.0,0.0,0.0,0.0,0.0,0.0
2458246.053846393,0.0,0.0,0.0,0.0,0.0,0.0,0.0,0.0,0.0,0.0,0.0,0.0,0.0,0.0,0.0,0.0
2458246.057720528,0.0,0.0,0.0,0.0,0.0,0.0,0.0,0.0,0.0,0.0,0.0,0.0,0.0,0.0,0.0,0.0
2458246.060784069,0.0,0.0,0.0,0.0,0.0,0.0,0.0,0.0,0.0,0.0,0.0,0.0,0.0,0.0,0.0,0.0
2458246.0678165136,0.0,0.0,0.0,0.0,0.0,0.0,0.0,0.0,0.0,0.0,0.0,0.0,0.0,0.0,0.0,0.0
2458246.071210062,0.0,0.0,0.0,0.0,0.0,0.0,0.0,0.0,0.0,0.0,0.0,0.0,0.0,0.0,0.0,0.0
2458246.074676072,0.0,0.0,0.0,0.0,0.0,0.0,0.0,0.0,0.0,0.0,0.0,0.0,0.0,0.0,0.0,0.0
2458246.0958195943,0.0,0.0,0.0,0.0,0.0,0.0,0.0,0.0,0.0,0.0,0.0,0.0,0.0,0.0,0.0,0.0
2458246.102537305,0.0,0.0,0.0,0.0,0.0,0.0,0.0,0.0,0.0,0.0,0.0,0.0,0.0,0.0,0.0,0.0
2458246.105930137,0.0,0.0,0.0,0.0,0.0,0.0,0.0,0.0,0.0,0.0,0.0,0.0,0.0,0.0,0.0,0.0
2458246.1263270094,0.0,0.0,0.0,0.0,0.0,0.0,0.0,0.0,0.0,0.0,0.0,0.0,0.0,0.0,0.0,0.0
2458246.2275332334,0.0,0.0,0.0,0.0,0.0,0.0,0.0,0.0,0.0,0.0,0.0,0.0,0.0,0.0,0.0,0.0
2458246.303410591,0.0,0.0,0.0,0.0,0.0,0.0,0.0,0.0,0.0,0.0,0.0,0.0,0.0,0.0,0.0,0.0
2458247.274617824,0.0,0.0,0.0,0.0,0.0,0.0,0.0,0.0,0.0,0.0,0.0,0.0,0.0,0.0,0.0,0.0
2458247.321380866,0.0,0.0,0.0,0.0,0.0,0.0,0.0,0.0,0.0,0.0,0.0,0.0,0.0,0.0,0.0,0.0
2458248.019523832,0.0,0.0,0.0,0.0,0.0,0.0,0.0,0.0,0.0,0.0,0.0,0.0,0.0,0.0,0.0,0.0
2458248.081849347,0.0,0.0,0.0,0.0,0.0,0.0,0.0,0.0,0.0,0.0,0.0,0.0,0.0,0.0,0.0,0.0
2458248.1002134616,0.0,0.0,0.0,0.0,0.0,0.0,0.0,0.0,0.0,0.0,0.0,0.0,0.0,0.0,0.0,0.0
2458248.137395428,0.0,0.0,0.0,0.0,0.0,0.0,0.0,0.0,0.0,0.0,0.0,0.0,0.0,0.0,0.0,0.0
2458248.191809044,0.0,0.0,0.0,0.0,0.0,0.0,0.0,0.0,0.0,0.0,0.0,0.0,0.0,0.0,0.0,0.0
2458248.2640900253,0.0,0.0,0.0,0.0,0.0,0.0,0.0,0.0,0.0,0.0,0.0,0.0,0.0,0.0,0.0,0.0
2458248.2692853766,0.0,0.0,0.0,0.0,0.0,0.0,0.0,0.0,0.0,0.0,0.0,0.0,0.0,0.0,0.0,0.0
2458248.3214342115,0.0,0.0,0.0,0.0,0.0,0.0,0.0,0.0,0.0,0.0,0.0,0.0,0.0,0.0,0.0,0.0
2458249.047187132,0.0,0.0,0.0,0.0,0.0,0.0,0.0,0.0,0.0,0.0,0.0,0.0,0.0,0.0,0.0,0.0
2458249.071497086,0.0,0.0,0.0,0.0,0.0,0.0,0.0,0.0,0.0,0.0,0.0,0.0,0.0,0.0,0.0,0.0
2458249.113152588,0.0,0.0,0.0,0.0,0.0,0.0,0.0,0.0,0.0,0.0,0.0,0.0,0.0,0.0,0.0,0.0
2458251.1609783256,0.0,0.0,0.0,0.0,0.0,0.0,0.0,0.0,0.0,0.0,0.0,0.0,0.0,0.0,0.0,0.0
2458252.2546089008,0.0,0.0,0.0,0.0,0.0,0.0,0.0,0.0,0.0,0.0,0.0,0.0,0.0,0.0,0.0,0.0
2458254.088166139,0.0,0.0,0.0,0.0,0.0,0.0,0.0,0.0,0.0,0.0,0.0,0.0,0.0,0.0,0.0,0.0
2458264.0609874427,0.0,0.0,0.0,0.0,0.0,0.0,0.0,0.0,0.0,0.0,0.0,0.0,0.0,0.0,0.0,0.0
2458265.060973905,0.0,0.0,0.0,0.0,0.0,0.0,0.0,0.0,0.0,0.0,0.0,0.0,0.0,0.0,0.0,0.0
2458291.894737011,0.0,0.0,0.0,0.0,0.0,0.0,0.0,0.0,0.0,0.0,0.0,0.0,0.0,0.0,0.0,0.0
2458291.9358928693,0.0,0.0,0.0,0.0,0.0,0.0,0.0,0.0,0.0,0.0,0.0,0.0,0.0,0.0,0.0,0.0
2458292.147802652,0.0,0.0,0.0,0.0,0.0,0.0,0.0,0.0,0.0,0.0,0.0,0.0,0.0,0.0,0.0,0.0
2458292.1852597087,0.0,0.0,0.0,0.0,0.0,0.0,0.0,0.0,0.0,0.0,0.0,0.0,0.0,0.0,0.0,0.0
2458292.227134347,0.0,0.0,0.0,0.0,0.0,0.0,0.0,0.0,0.0,0.0,0.0,0.0,0.0,0.0,0.0,0.0
2458293.157614268,0.0,0.0,0.0,0.0,0.0,0.0,0.0,0.0,0.0,0.0,0.0,0.0,0.0,0.0,0.0,0.0
2458294.1501387,0.0,0.0,0.0,0.0,0.0,0.0,0.0,0.0,0.0,0.0,0.0,0.0,0.0,0.0,0.0,0.0
2458295.116179733,0.0,0.0,0.0,0.0,0.0,0.0,0.0,0.0,0.0,0.0,0.0,0.0,0.0,0.0,0.0,0.0
2458295.9792675064,0.0,0.0,0.0,0.0,0.0,0.0,0.0,0.0,0.0,0.0,0.0,0.0,0.0,0.0,0.0,0.0
2458296.139843529,0.0,0.0,0.0,0.0,0.0,0.0,0.0,0.0,0.0,0.0,0.0,0.0,0.0,0.0,0.0,0.0
2458300.015262944,0.0,0.0,0.0,0.0,0.0,0.0,0.0,0.0,0.0,0.0,0.0,0.0,0.0,0.0,0.0,0.0
2458300.9567418,0.0,0.0,0.0,0.0,0.0,0.0,0.0,0.0,0.0,0.0,0.0,0.0,0.0,0.0,0.0,0.0
2458302.96608126,0.0,0.0,0.0,0.0,0.0,0.0,0.0,0.0,0.0,0.0,0.0,0.0,0.0,0.0,0.0,0.0
2458304.031938086,0.0,0.0,0.0,0.0,0.0,0.0,0.0,0.0,0.0,0.0,0.0,0.0,0.0,0.0,0.0,0.0
2458305.947057778,0.0,0.0,0.0,0.0,0.0,0.0,0.0,0.0,0.0,0.0,0.0,0.0,0.0,0.0,0.0,0.0
2458309.9360522022,0.0,0.0,0.0,0.0,0.0,0.0,0.0,0.0,0.0,0.0,0.0,0.0,0.0,0.0,0.0,0.0
2458311.064298252,0.0,0.0,0.0,0.0,0.0,0.0,0.0,0.0,0.0,0.0,0.0,0.0,0.0,0.0,0.0,0.0
2458312.0598525265,0.0,0.0,0.0,0.0,0.0,0.0,0.0,0.0,0.0,0.0,0.0,0.0,0.0,0.0,0.0,0.0
2458312.928867165,0.0,0.0,0.0,0.0,0.0,0.0,0.0,0.0,0.0,0.0,0.0,0.0,0.0,0.0,0.0,0.0
2458313.0476606307,0.0,0.0,0.0,0.0,0.0,0.0,0.0,0.0,0.0,0.0,0.0,0.0,0.0,0.0,0.0,0.0
2458313.0654949658,0.0,0.0,0.0,0.0,0.0,0.0,0.0,0.0,0.0,0.0,0.0,0.0,0.0,0.0,0.0,0.0
2458313.1054173755,0.0,0.0,0.0,0.0,0.0,0.0,0.0,0.0,0.0,0.0,0.0,0.0,0.0,0.0,0.0,0.0
2458313.145348592,0.0,0.0,0.0,0.0,0.0,0.0,0.0,0.0,0.0,0.0,0.0,0.0,0.0,0.0,0.0,0.0
2458313.17821248,0.0,0.0,0.0,0.0,0.0,0.0,0.0,0.0,0.0,0.0,0.0,0.0,0.0,0.0,0.0,0.0
2458313.183297398,0.0,0.0,0.0,0.0,0.0,0.0,0.0,0.0,0.0,0.0,0.0,0.0,0.0,0.0,0.0,0.0
2458313.1885268823,0.0,0.0,0.0,0.0,0.0,0.0,0.0,0.0,0.0,0.0,0.0,0.0,0.0,0.0,0.0,0.0
2458313.194764151,0.0,0.0,0.0,0.0,0.0,0.0,0.0,0.0,0.0,0.0,0.0,0.0,0.0,0.0,0.0,0.0
2458313.2053309144,0.0,0.0,0.0,0.0,0.0,0.0,0.0,0.0,0.0,0.0,0.0,0.0,0.0,0.0,0.0,0.0
2458313.212175416,0.0,0.0,0.0,0.0,0.0,0.0,0.0,0.0,0.0,0.0,0.0,0.0,0.0,0.0,0.0,0.0
2458313.9127017315,0.0,0.0,0.0,0.0,0.0,0.0,0.0,0.0,0.0,0.0,0.0,0.0,0.0,0.0,0.0,0.0
2458313.925148025,0.0,0.0,0.0,0.0,0.0,0.0,0.0,0.0,0.0,0.0,0.0,0.0,0.0,0.0,0.0,0.0
2458314.9221798987,0.0,0.0,0.0,0.0,0.0,0.0,0.0,0.0,0.0,0.0,0.0,0.0,0.0,0.0,0.0,0.0
2458317.0291253803,0.0,0.0,0.0,0.0,0.0,0.0,0.0,0.0,0.0,0.0,0.0,0.0,0.0,0.0,0.0,0.0
2458317.914648285,0.0,0.0,0.0,0.0,0.0,0.0,0.0,0.0,0.0,0.0,0.0,0.0,0.0,0.0,0.0,0.0
2458327.9483610494,0.0,0.0,0.0,0.0,0.0,0.0,0.0,0.0,0.0,0.0,0.0,0.0,0.0,0.0,0.0,0.0
2458328.063096186,0.0,0.0,0.0,0.0,0.0,0.0,0.0,0.0,0.0,0.0,0.0,0.0,0.0,0.0,0.0,0.0
2458330.0448452565,0.0,0.0,0.0,0.0,0.0,0.0,0.0,0.0,0.0,0.0,0.0,0.0,0.0,0.0,0.0,0.0
2458330.8795832493,0.0,0.0,0.0,0.0,0.0,0.0,0.0,0.0,0.0,0.0,0.0,0.0,0.0,0.0,0.0,0.0
2458332.021427281,0.0,0.0,0.0,0.0,0.0,0.0,0.0,0.0,0.0,0.0,0.0,0.0,0.0,0.0,0.0,0.0
2458332.8725310965,0.0,0.0,0.0,0.0,0.0,0.0,0.0,0.0,0.0,0.0,0.0,0.0,0.0,0.0,0.0,0.0
2458335.9191805595,0.0,0.0,0.0,0.0,0.0,0.0,0.0,0.0,0.0,0.0,0.0,0.0,0.0,0.0,0.0,0.0
2458337.906148835,0.0,0.0,0.0,0.0,0.0,0.0,0.0,0.0,0.0,0.0,0.0,0.0,0.0,0.0,0.0,0.0
2458338.95120977,0.0,0.0,0.0,0.0,0.0,0.0,0.0,0.0,0.0,0.0,0.0,0.0,0.0,0.0,0.0,0.0
2458339.9476791243,0.0,0.0,0.0,0.0,0.0,0.0,0.0,0.0,0.0,0.0,0.0,0.0,0.0,0.0,0.0,0.0
2458339.9793980625,0.0,0.0,0.0,0.0,0.0,0.0,0.0,0.0,0.0,0.0,0.0,0.0,0.0,0.0,0.0,0.0
2458340.878835191,0.0,0.0,0.0,0.0,0.0,0.0,0.0,0.0,0.0,0.0,0.0,0.0,0.0,0.0,0.0,0.0
2458341.878543622,0.0,0.0,0.0,0.0,0.0,0.0,0.0,0.0,0.0,0.0,0.0,0.0,0.0,0.0,0.0,0.0
2458343.037781656,0.0,0.0,0.0,0.0,0.0,0.0,0.0,0.0,0.0,0.0,0.0,0.0,0.0,0.0,0.0,0.0
2458344.868427966,0.0,0.0,0.0,0.0,0.0,0.0,0.0,0.0,0.0,0.0,0.0,0.0,0.0,0.0,0.0,0.0
2458346.0326148355,0.0,0.0,0.0,0.0,0.0,0.0,0.0,0.0,0.0,0.0,0.0,0.0,0.0,0.0,0.0,0.0
2458347.9037850844,0.0,0.0,0.0,0.0,0.0,0.0,0.0,0.0,0.0,0.0,0.0,0.0,0.0,0.0,0.0,0.0
2458347.9780426444,0.0,0.0,0.0,0.0,0.0,0.0,0.0,0.0,0.0,0.0,0.0,0.0,0.0,0.0,0.0,0.0
2458353.016001004,0.0,0.0,0.0,0.0,0.0,0.0,0.0,0.0,0.0,0.0,0.0,0.0,0.0,0.0,0.0,0.0
2458353.9811396063,0.0,0.0,0.0,0.0,0.0,0.0,0.0,0.0,0.0,0.0,0.0,0.0,0.0,0.0,0.0,0.0
2458381.884197436,0.0,0.0,0.0,0.0,0.0,0.0,0.0,0.0,0.0,0.0,0.0,0.0,0.0,0.0,0.0,0.0
2458390.884389969,0.0,0.0,0.0,0.0,0.0,0.0,0.0,0.0,0.0,0.0,0.0,0.0,0.0,0.0,0.0,0.0
2458398.8853394086,0.0,0.0,0.0,0.0,0.0,0.0,0.0,0.0,0.0,0.0,0.0,0.0,0.0,0.0,0.0,0.0
2457867.4532781574,0.0,0.0,0.0,0.0,0.0,0.0,0.0,0.0,0.0,0.0,0.0,0.0,0.0,0.0,0.0,0.0
2458580.539819603,0.0,0.0,0.0,0.0,0.0,0.0,0.0,0.0,0.0,0.0,0.0,0.0,0.0,0.0,0.0,0.0
2457864.5991871944,0.0,0.0,0.0,0.0,0.0,0.0,0.0,0.0,0.0,0.0,0.0,0.0,0.0,0.0,0.0,0.0
2458580.559513909,0.0,0.0,0.0,0.0,0.0,0.0,0.0,0.0,0.0,0.0,0.0,0.0,0.0,0.0,0.0,0.0
2457867.4949110607,0.0,0.0,0.0,0.0,0.0,0.0,0.0,0.0,0.0,0.0,0.0,0.0,0.0,0.0,0.0,0.0
2458581.585659028,0.0,0.0,0.0,0.0,0.0,0.0,0.0,0.0,0.0,0.0,0.0,0.0,0.0,0.0,0.0,0.0
2457876.6368169067,0.0,0.0,0.0,0.0,0.0,0.0,0.0,0.0,0.0,0.0,0.0,0.0,0.0,0.0,0.0,0.0
2458583.5481344103,0.0,0.0,0.0,0.0,0.0,0.0,0.0,0.0,0.0,0.0,0.0,0.0,0.0,0.0,0.0,0.0
2457887.535271145,0.0,0.0,0.0,0.0,0.0,0.0,0.0,0.0,0.0,0.0,0.0,0.0,0.0,0.0,0.0,0.0
2458583.625648816,0.0,0.0,0.0,0.0,0.0,0.0,0.0,0.0,0.0,0.0,0.0,0.0,0.0,0.0,0.0,0.0
2457890.47225462,0.0,0.0,0.0,0.0,0.0,0.0,0.0,0.0,0.0,0.0,0.0,0.0,0.0,0.0,0.0,0.0
2458585.5556206675,0.0,0.0,0.0,0.0,0.0,0.0,0.0,0.0,0.0,0.0,0.0,0.0,0.0,0.0,0.0,0.0
2457920.2768138587,0.0,0.0,0.0,0.0,0.0,0.0,0.0,0.0,0.0,0.0,0.0,0.0,0.0,0.0,0.0,0.0
2458590.555074898,0.0,0.0,0.0,0.0,0.0,0.0,0.0,0.0,0.0,0.0,0.0,0.0,0.0,0.0,0.0,0.0
2457920.5225103274,0.0,0.0,0.0,0.0,0.0,0.0,0.0,0.0,0.0,0.0,0.0,0.0,0.0,0.0,0.0,0.0
2458604.474238575,0.0,0.0,0.0,0.0,0.0,0.0,0.0,0.0,0.0,0.0,0.0,0.0,0.0,0.0,0.0,0.0
2457921.360170644,0.0,0.0,0.0,0.0,0.0,0.0,0.0,0.0,0.0,0.0,0.0,0.0,0.0,0.0,0.0,0.0
2458605.471613688,0.0,0.0,0.0,0.0,0.0,0.0,0.0,0.0,0.0,0.0,0.0,0.0,0.0,0.0,0.0,0.0
2457929.277748105,0.0,0.0,0.0,0.0,0.0,0.0,0.0,0.0,0.0,0.0,0.0,0.0,0.0,0.0,0.0,0.0
2458605.544146025,0.0,0.0,0.0,0.0,0.0,0.0,0.0,0.0,0.0,0.0,0.0,0.0,0.0,0.0,0.0,0.0
2457929.3966621337,0.0,0.0,0.0,0.0,0.0,0.0,0.0,0.0,0.0,0.0,0.0,0.0,0.0,0.0,0.0,0.0
2458606.564329712,0.0,0.0,0.0,0.0,0.0,0.0,0.0,0.0,0.0,0.0,0.0,0.0,0.0,0.0,0.0,0.0
2457930.3267411264,0.0,0.0,0.0,0.0,0.0,0.0,0.0,0.0,0.0,0.0,0.0,0.0,0.0,0.0,0.0,0.0
2458609.512288608,0.0,0.0,0.0,0.0,0.0,0.0,0.0,0.0,0.0,0.0,0.0,0.0,0.0,0.0,0.0,0.0
2457937.503703962,0.0,0.0,0.0,0.0,0.0,0.0,0.0,0.0,0.0,0.0,0.0,0.0,0.0,0.0,0.0,0.0
2458613.466723453,0.0,0.0,0.0,0.0,0.0,0.0,0.0,0.0,0.0,0.0,0.0,0.0,0.0,0.0,0.0,0.0
2457938.3166658054,0.0,0.0,0.0,0.0,0.0,0.0,0.0,0.0,0.0,0.0,0.0,0.0,0.0,0.0,0.0,0.0
2458614.494579392,0.0,0.0,0.0,0.0,0.0,0.0,0.0,0.0,0.0,0.0,0.0,0.0,0.0,0.0,0.0,0.0
2457939.216476385,0.0,0.0,0.0,0.0,0.0,0.0,0.0,0.0,0.0,0.0,0.0,0.0,0.0,0.0,0.0,0.0
2458616.5293883337,0.0,0.0,0.0,0.0,0.0,0.0,0.0,0.0,0.0,0.0,0.0,0.0,0.0,0.0,0.0,0.0
2457939.5061482512,0.0,0.0,0.0,0.0,0.0,0.0,0.0,0.0,0.0,0.0,0.0,0.0,0.0,0.0,0.0,0.0
2458617.440931057,0.0,0.0,0.0,0.0,0.0,0.0,0.0,0.0,0.0,0.0,0.0,0.0,0.0,0.0,0.0,0.0
2457941.5532857035,0.0,0.0,0.0,0.0,0.0,0.0,0.0,0.0,0.0,0.0,0.0,0.0,0.0,0.0,0.0,0.0
2458618.485188828,0.0,0.0,0.0,0.0,0.0,0.0,0.0,0.0,0.0,0.0,0.0,0.0,0.0,0.0,0.0,0.0
2457942.4588423176,0.0,0.0,0.0,0.0,0.0,0.0,0.0,0.0,0.0,0.0,0.0,0.0,0.0,0.0,0.0,0.0
2458630.474117989,0.0,0.0,0.0,0.0,0.0,0.0,0.0,0.0,0.0,0.0,0.0,0.0,0.0,0.0,0.0,0.0
2457943.205474523,0.0,0.0,0.0,0.0,0.0,0.0,0.0,0.0,0.0,0.0,0.0,0.0,0.0,0.0,0.0,0.0
2458637.553656601,0.0,0.0,0.0,0.0,0.0,0.0,0.0,0.0,0.0,0.0,0.0,0.0,0.0,0.0,0.0,0.0
2457945.4643331133,0.0,0.0,0.0,0.0,0.0,0.0,0.0,0.0,0.0,0.0,0.0,0.0,0.0,0.0,0.0,0.0
2458637.568375636,0.0,0.0,0.0,0.0,0.0,0.0,0.0,0.0,0.0,0.0,0.0,0.0,0.0,0.0,0.0,0.0
2457946.218361312,0.0,0.0,0.0,0.0,0.0,0.0,0.0,0.0,0.0,0.0,0.0,0.0,0.0,0.0,0.0,0.0
2458638.383354136,0.0,0.0,0.0,0.0,0.0,0.0,0.0,0.0,0.0,0.0,0.0,0.0,0.0,0.0,0.0,0.0
2457946.281756224,0.0,0.0,0.0,0.0,0.0,0.0,0.0,0.0,0.0,0.0,0.0,0.0,0.0,0.0,0.0,0.0
2458641.375441686,0.0,0.0,0.0,0.0,0.0,0.0,0.0,0.0,0.0,0.0,0.0,0.0,0.0,0.0,0.0,0.0
2457946.549807948,0.0,0.0,0.0,0.0,0.0,0.0,0.0,0.0,0.0,0.0,0.0,0.0,0.0,0.0,0.0,0.0
2458645.4169332343,0.0,0.0,0.0,0.0,0.0,0.0,0.0,0.0,0.0,0.0,0.0,0.0,0.0,0.0,0.0,0.0
2457947.350856945,0.0,0.0,0.0,0.0,0.0,0.0,0.0,0.0,0.0,0.0,0.0,0.0,0.0,0.0,0.0,0.0
2458648.388044897,0.0,0.0,0.0,0.0,0.0,0.0,0.0,0.0,0.0,0.0,0.0,0.0,0.0,0.0,0.0,0.0
2457947.5555169885,0.0,0.0,0.0,0.0,0.0,0.0,0.0,0.0,0.0,0.0,0.0,0.0,0.0,0.0,0.0,0.0
2458661.2729757065,0.0,0.0,0.0,0.0,0.0,0.0,0.0,0.0,0.0,0.0,0.0,0.0,0.0,0.0,0.0,0.0
2457948.3026955123,0.0,0.0,0.0,0.0,0.0,0.0,0.0,0.0,0.0,0.0,0.0,0.0,0.0,0.0,0.0,0.0
2458661.2847877275,0.0,0.0,0.0,0.0,0.0,0.0,0.0,0.0,0.0,0.0,0.0,0.0,0.0,0.0,0.0,0.0
2457949.225592498,0.0,0.0,0.0,0.0,0.0,0.0,0.0,0.0,0.0,0.0,0.0,0.0,0.0,0.0,0.0,0.0
2458661.2966126204,0.0,0.0,0.0,0.0,0.0,0.0,0.0,0.0,0.0,0.0,0.0,0.0,0.0,0.0,0.0,0.0
2457949.520265053,0.0,0.0,0.0,0.0,0.0,0.0,0.0,0.0,0.0,0.0,0.0,0.0,0.0,0.0,0.0,0.0
2458661.3084382755,0.0,0.0,0.0,0.0,0.0,0.0,0.0,0.0,0.0,0.0,0.0,0.0,0.0,0.0,0.0,0.0
2457954.5383254318,0.0,0.0,0.0,0.0,0.0,0.0,0.0,0.0,0.0,0.0,0.0,0.0,0.0,0.0,0.0,0.0
2458661.320265464,0.0,0.0,0.0,0.0,0.0,0.0,0.0,0.0,0.0,0.0,0.0,0.0,0.0,0.0,0.0,0.0
2457956.388940464,0.0,0.0,0.0,0.0,0.0,0.0,0.0,0.0,0.0,0.0,0.0,0.0,0.0,0.0,0.0,0.0
2458668.3290721555,0.0,0.0,0.0,0.0,0.0,0.0,0.0,0.0,0.0,0.0,0.0,0.0,0.0,0.0,0.0,0.0
2457957.4234840414,0.0,0.0,0.0,0.0,0.0,0.0,0.0,0.0,0.0,0.0,0.0,0.0,0.0,0.0,0.0,0.0
2457844.6174118635,0.0,0.0,0.0,0.0,0.0,0.0,0.0,0.0,0.0,0.0,0.0,0.0,0.0,0.0,0.0,0.0
2457958.367533369,0.0,0.0,0.0,0.0,0.0,0.0,0.0,0.0,0.0,0.0,0.0,0.0,0.0,0.0,0.0,0.0
2457844.63106672,0.0,0.0,0.0,0.0,0.0,0.0,0.0,0.0,0.0,0.0,0.0,0.0,0.0,0.0,0.0,0.0
2457958.4652533056,0.0,0.0,0.0,0.0,0.0,0.0,0.0,0.0,0.0,0.0,0.0,0.0,0.0,0.0,0.0,0.0
2457846.561121053,0.0,0.0,0.0,0.0,0.0,0.0,0.0,0.0,0.0,0.0,0.0,0.0,0.0,0.0,0.0,0.0
2457959.277201117,0.0,0.0,0.0,0.0,0.0,0.0,0.0,0.0,0.0,0.0,0.0,0.0,0.0,0.0,0.0,0.0
2457847.4702764065,0.0,0.0,0.0,0.0,0.0,0.0,0.0,0.0,0.0,0.0,0.0,0.0,0.0,0.0,0.0,0.0
2457965.3978970693,0.0,0.0,0.0,0.0,0.0,0.0,0.0,0.0,0.0,0.0,0.0,0.0,0.0,0.0,0.0,0.0
2457848.635839628,0.0,0.0,0.0,0.0,0.0,0.0,0.0,0.0,0.0,0.0,0.0,0.0,0.0,0.0,0.0,0.0
2457892.541712026,0.0,0.0,0.0,0.0,0.0,0.0,0.0,0.0,0.0,0.0,0.0,0.0,0.0,0.0,0.0,0.0
2457967.4612850766,0.0,0.0,0.0,0.0,0.0,0.0,0.0,0.0,0.0,0.0,0.0,0.0,0.0,0.0,0.0,0.0
2457914.367702042,0.0,0.0,0.0,0.0,0.0,0.0,0.0,0.0,0.0,0.0,0.0,0.0,0.0,0.0,0.0,0.0
2457968.3639381514,0.0,0.0,0.0,0.0,0.0,0.0,0.0,0.0,0.0,0.0,0.0,0.0,0.0,0.0,0.0,0.0
2457917.277393777,0.0,0.0,0.0,0.0,0.0,0.0,0.0,0.0,0.0,0.0,0.0,0.0,0.0,0.0,0.0,0.0
2458670.296212926,0.0,0.0,0.0,0.0,0.0,0.0,0.0,0.0,0.0,0.0,0.0,0.0,0.0,0.0,0.0,0.0
2457969.329152828,0.0,0.0,0.0,0.0,0.0,0.0,0.0,0.0,0.0,0.0,0.0,0.0,0.0,0.0,0.0,0.0
2457971.2465710603,0.0,0.0,0.0,0.0,0.0,0.0,0.0,0.0,0.0,0.0,0.0,0.0,0.0,0.0,0.0,0.0
2457972.301558064,0.0,0.0,0.0,0.0,0.0,0.0,0.0,0.0,0.0,0.0,0.0,0.0,0.0,0.0,0.0,0.0
2457972.443513577,0.0,0.0,0.0,0.0,0.0,0.0,0.0,0.0,0.0,0.0,0.0,0.0,0.0,0.0,0.0,0.0
2457973.4851306286,0.0,0.0,0.0,0.0,0.0,0.0,0.0,0.0,0.0,0.0,0.0,0.0,0.0,0.0,0.0,0.0
2457974.4018228506,0.0,0.0,0.0,0.0,0.0,0.0,0.0,0.0,0.0,0.0,0.0,0.0,0.0,0.0,0.0,0.0
2457978.4014685755,0.0,0.0,0.0,0.0,0.0,0.0,0.0,0.0,0.0,0.0,0.0,0.0,0.0,0.0,0.0,0.0
2457979.452478756,0.0,0.0,0.0,0.0,0.0,0.0,0.0,0.0,0.0,0.0,0.0,0.0,0.0,0.0,0.0,0.0
2457980.3382895226,0.0,0.0,0.0,0.0,0.0,0.0,0.0,0.0,0.0,0.0,0.0,0.0,0.0,0.0,0.0,0.0
2457984.414033991,0.0,0.0,0.0,0.0,0.0,0.0,0.0,0.0,0.0,0.0,0.0,0.0,0.0,0.0,0.0,0.0
2457985.4078017417,0.0,0.0,0.0,0.0,0.0,0.0,0.0,0.0,0.0,0.0,0.0,0.0,0.0,0.0,0.0,0.0
2457986.331336334,0.0,0.0,0.0,0.0,0.0,0.0,0.0,0.0,0.0,0.0,0.0,0.0,0.0,0.0,0.0,0.0
2457986.43201779,0.0,0.0,0.0,0.0,0.0,0.0,0.0,0.0,0.0,0.0,0.0,0.0,0.0,0.0,0.0,0.0
2457989.337659108,0.0,0.0,0.0,0.0,0.0,0.0,0.0,0.0,0.0,0.0,0.0,0.0,0.0,0.0,0.0,0.0
2457991.3438159614,0.0,0.0,0.0,0.0,0.0,0.0,0.0,0.0,0.0,0.0,0.0,0.0,0.0,0.0,0.0,0.0
2457992.2197811017,0.0,0.0,0.0,0.0,0.0,0.0,0.0,0.0,0.0,0.0,0.0,0.0,0.0,0.0,0.0,0.0
2457992.4161394243,0.0,0.0,0.0,0.0,0.0,0.0,0.0,0.0,0.0,0.0,0.0,0.0,0.0,0.0,0.0,0.0
2458000.330072832,0.0,0.0,0.0,0.0,0.0,0.0,0.0,0.0,0.0,0.0,0.0,0.0,0.0,0.0,0.0,0.0
2458001.244864189,0.0,0.0,0.0,0.0,0.0,0.0,0.0,0.0,0.0,0.0,0.0,0.0,0.0,0.0,0.0,0.0
2458001.3861358,0.0,0.0,0.0,0.0,0.0,0.0,0.0,0.0,0.0,0.0,0.0,0.0,0.0,0.0,0.0,0.0
2458003.293674702,0.0,0.0,0.0,0.0,0.0,0.0,0.0,0.0,0.0,0.0,0.0,0.0,0.0,0.0,0.0,0.0
2458006.2532190457,0.0,0.0,0.0,0.0,0.0,0.0,0.0,0.0,0.0,0.0,0.0,0.0,0.0,0.0,0.0,0.0
2458007.2947045537,0.0,0.0,0.0,0.0,0.0,0.0,0.0,0.0,0.0,0.0,0.0,0.0,0.0,0.0,0.0,0.0
2458010.256291161,0.0,0.0,0.0,0.0,0.0,0.0,0.0,0.0,0.0,0.0,0.0,0.0,0.0,0.0,0.0,0.0
2458011.321199931,0.0,0.0,0.0,0.0,0.0,0.0,0.0,0.0,0.0,0.0,0.0,0.0,0.0,0.0,0.0,0.0
2458013.272291965,0.0,0.0,0.0,0.0,0.0,0.0,0.0,0.0,0.0,0.0,0.0,0.0,0.0,0.0,0.0,0.0
2458014.3664247696,0.0,0.0,0.0,0.0,0.0,0.0,0.0,0.0,0.0,0.0,0.0,0.0,0.0,0.0,0.0,0.0
2458016.34193349,0.0,0.0,0.0,0.0,0.0,0.0,0.0,0.0,0.0,0.0,0.0,0.0,0.0,0.0,0.0,0.0
2458019.2687283945,0.0,0.0,0.0,0.0,0.0,0.0,0.0,0.0,0.0,0.0,0.0,0.0,0.0,0.0,0.0,0.0
2458020.345561828,0.0,0.0,0.0,0.0,0.0,0.0,0.0,0.0,0.0,0.0,0.0,0.0,0.0,0.0,0.0,0.0
2458021.255930853,0.0,0.0,0.0,0.0,0.0,0.0,0.0,0.0,0.0,0.0,0.0,0.0,0.0,0.0,0.0,0.0
2458024.2304402096,0.0,0.0,0.0,0.0,0.0,0.0,0.0,0.0,0.0,0.0,0.0,0.0,0.0,0.0,0.0,0.0
2458028.2762237126,0.0,0.0,0.0,0.0,0.0,0.0,0.0,0.0,0.0,0.0,0.0,0.0,0.0,0.0,0.0,0.0
2458032.2471268326,0.0,0.0,0.0,0.0,0.0,0.0,0.0,0.0,0.0,0.0,0.0,0.0,0.0,0.0,0.0,0.0
2458036.2511471985,0.0,0.0,0.0,0.0,0.0,0.0,0.0,0.0,0.0,0.0,0.0,0.0,0.0,0.0,0.0,0.0
2458047.25438402,0.0,0.0,0.0,0.0,0.0,0.0,0.0,0.0,0.0,0.0,0.0,0.0,0.0,0.0,0.0,0.0
2458053.2578003597,0.0,0.0,0.0,0.0,0.0,0.0,0.0,0.0,0.0,0.0,0.0,0.0,0.0,0.0,0.0,0.0
2458165.6206522696,0.0,0.0,0.0,0.0,0.0,0.0,0.0,0.0,0.0,0.0,0.0,0.0,0.0,0.0,0.0,0.0
2458249.605311571,0.0,0.0,0.0,0.0,0.0,0.0,0.0,0.0,0.0,0.0,0.0,0.0,0.0,0.0,0.0,0.0
2458249.652410622,0.0,0.0,0.0,0.0,0.0,0.0,0.0,0.0,0.0,0.0,0.0,0.0,0.0,0.0,0.0,0.0
2458251.63813242,0.0,0.0,0.0,0.0,0.0,0.0,0.0,0.0,0.0,0.0,0.0,0.0,0.0,0.0,0.0,0.0
2458252.508768533,0.0,0.0,0.0,0.0,0.0,0.0,0.0,0.0,0.0,0.0,0.0,0.0,0.0,0.0,0.0,0.0
2458252.622858022,0.0,0.0,0.0,0.0,0.0,0.0,0.0,0.0,0.0,0.0,0.0,0.0,0.0,0.0,0.0,0.0
2458255.541785501,0.0,0.0,0.0,0.0,0.0,0.0,0.0,0.0,0.0,0.0,0.0,0.0,0.0,0.0,0.0,0.0
2458256.5625467924,0.0,0.0,0.0,0.0,0.0,0.0,0.0,0.0,0.0,0.0,0.0,0.0,0.0,0.0,0.0,0.0
2458257.579474227,0.0,0.0,0.0,0.0,0.0,0.0,0.0,0.0,0.0,0.0,0.0,0.0,0.0,0.0,0.0,0.0
2458262.4271676824,0.0,0.0,0.0,0.0,0.0,0.0,0.0,0.0,0.0,0.0,0.0,0.0,0.0,0.0,0.0,0.0
2458275.5699907844,0.0,0.0,0.0,0.0,0.0,0.0,0.0,0.0,0.0,0.0,0.0,0.0,0.0,0.0,0.0,0.0
2458276.374391487,0.0,0.0,0.0,0.0,0.0,0.0,0.0,0.0,0.0,0.0,0.0,0.0,0.0,0.0,0.0,0.0
2458276.458121303,0.0,0.0,0.0,0.0,0.0,0.0,0.0,0.0,0.0,0.0,0.0,0.0,0.0,0.0,0.0,0.0
2458277.3717103405,0.0,0.0,0.0,0.0,0.0,0.0,0.0,0.0,0.0,0.0,0.0,0.0,0.0,0.0,0.0,0.0
2458277.5563291484,0.0,0.0,0.0,0.0,0.0,0.0,0.0,0.0,0.0,0.0,0.0,0.0,0.0,0.0,0.0,0.0
2458278.3690041816,0.0,0.0,0.0,0.0,0.0,0.0,0.0,0.0,0.0,0.0,0.0,0.0,0.0,0.0,0.0,0.0
2458278.5034386097,0.0,0.0,0.0,0.0,0.0,0.0,0.0,0.0,0.0,0.0,0.0,0.0,0.0,0.0,0.0,0.0
2458281.510320205,0.0,0.0,0.0,0.0,0.0,0.0,0.0,0.0,0.0,0.0,0.0,0.0,0.0,0.0,0.0,0.0
2458281.525148452,0.0,0.0,0.0,0.0,0.0,0.0,0.0,0.0,0.0,0.0,0.0,0.0,0.0,0.0,0.0,0.0
2458282.3584912163,0.0,0.0,0.0,0.0,0.0,0.0,0.0,0.0,0.0,0.0,0.0,0.0,0.0,0.0,0.0,0.0
2458304.4524611738,0.0,0.0,0.0,0.0,0.0,0.0,0.0,0.0,0.0,0.0,0.0,0.0,0.0,0.0,0.0,0.0
2458305.302435546,0.0,0.0,0.0,0.0,0.0,0.0,0.0,0.0,0.0,0.0,0.0,0.0,0.0,0.0,0.0,0.0
2458306.292851421,0.0,0.0,0.0,0.0,0.0,0.0,0.0,0.0,0.0,0.0,0.0,0.0,0.0,0.0,0.0,0.0
2458310.281989465,0.0,0.0,0.0,0.0,0.0,0.0,0.0,0.0,0.0,0.0,0.0,0.0,0.0,0.0,0.0,0.0
2458320.254078468,0.0,0.0,0.0,0.0,0.0,0.0,0.0,0.0,0.0,0.0,0.0,0.0,0.0,0.0,0.0,0.0
2458673.485269354,0.0,0.0,0.0,0.0,0.0,0.0,0.0,0.0,0.0,0.0,0.0,0.0,0.0,0.0,0.0,0.0
2458674.285277789,0.0,0.0,0.0,0.0,0.0,0.0,0.0,0.0,0.0,0.0,0.0,0.0,0.0,0.0,0.0,0.0
2458700.2745761788,0.0,0.0,0.0,0.0,0.0,0.0,0.0,0.0,0.0,0.0,0.0,0.0,0.0,0.0,0.0,0.0
2458720.3237178423,0.0,0.0,0.0,0.0,0.0,0.0,0.0,0.0,0.0,0.0,0.0,0.0,0.0,0.0,0.0,0.0
2458721.219258449,0.0,0.0,0.0,0.0,0.0,0.0,0.0,0.0,0.0,0.0,0.0,0.0,0.0,0.0,0.0,0.0
2458724.233793505,0.0,0.0,0.0,0.0,0.0,0.0,0.0,0.0,0.0,0.0,0.0,0.0,0.0,0.0,0.0,0.0
2458725.322885458,0.0,0.0,0.0,0.0,0.0,0.0,0.0,0.0,0.0,0.0,0.0,0.0,0.0,0.0,0.0,0.0
2458661.316323797,1067994.1211506138,361.7857149271967,970081.4198824279,686.3927275537542,970081.4198824279,686.3927275537542,17.149278041840677,0.0349536200818051,1.4872705395565156,1.5464069546221714e-08,12.0,1335.67294921875,49.69210958630456,796.3660623601072,534.495499589982,0.0
2458580.5437641456,1067642.8809934917,371.96085665430195,969700.347278192,690.9267446269638,969700.347278192,690.9267446269638,17.142487324450382,0.0349820550320708,1.3416291659029735,1.0262036005171402e-08,12.0,1339.7066162109377,46.1899245803842,796.3660623601072,534.495499589982,0.0
2458661.304501836,1068310.3982816958,360.736561086697,970424.5598895084,687.4287825650551,970424.5598895084,687.4287825650551,17.155392799993027,0.034960013857151,1.4739973693687,1.5835037801890658e-08,12.0,1404.69482421875,48.68070265331468,796.3660623601072,534.495499589982,0.0
2458580.563461325,1070170.0012395454,1669.7504683041761,972442.1075065073,1901.3872813123598,972442.1075065073,1901.3872813123598,17.191345517496675,0.0471184867944524,0.1764179757376719,1.5608542318779408e-08,12.0,1047.5427001953124,24.827471158472893,796.3660623601072,534.495499589982,4.0
2458668.3330237023,1068623.4010518673,355.3649296218555,970764.1474291005,685.8177413001497,970764.1474291005,685.8177413001497,17.161444253141312,0.0349498946357637,1.5379278054343717,1.5895694048222377e-08,12.0,1290.6167724609377,49.91711405370072,796.3660623601072,534.495499589982,0.0
2458581.5896142027,1068142.12705377,340.9002098731917,970241.996609817,674.4929808895325,970241.996609817,674.4929808895325,17.152139520632474,0.0348799471352744,1.5613243234975307,1.5853704891179973e-08,12.0,1484.2506103515625,48.73667616224586,796.3660623601072,534.495499589982,0.0
2457844.621532202,1066307.0068023838,480.5672500399265,968251.011128502,759.5823161227779,968251.011128502,759.5823161227779,17.116660140636423,0.0354314744155905,0.8980676328519801,1.5892377791484575e-08,12.0,1225.70625,40.37503336796688,796.3660623601072,534.495499589982,0.0
2458583.5520763644,1068006.4632775744,377.1993751890378,970094.8102831761,696.1554499280055,970094.8102831761,696.1554499280055,17.1495166589079,0.0350148755392819,1.0710149886616611,1.4041443546794301e-08,12.0,1441.202954101563,36.613952801441314,796.3660623601072,534.495499589982,0.0
2457844.635186139,1068534.1486185333,525.2909430885056,970667.314374806,803.6351755786769,970667.314374806,803.6351755786769,17.15971868720337,0.0357382400143837,0.7870926479456434,1.5780749133541342e-08,12.0,1190.6255859375,37.01793910065002,796.3660623601072,534.495499589982,0.0
2458583.629591521,1066275.3382835377,473.9688051160432,968216.652856237,754.5421599687066,968216.652856237,754.5421599687066,17.11604787590162,0.0353972670946586,1.4424490481789838,6.970960552640402e-09,12.0,1472.506298828125,65.8457338212187,796.3660623601072,534.495499589982,0.0
2457846.565251793,1067168.9392204336,102.4498753166531,969186.1514436485,568.7659544981159,969186.1514436485,568.7659544981159,17.13332434984441,0.0342765974255114,1.0000332915199244,1.0122846295081648e-08,12.0,1231.81171875,0.315922347395554,796.3660623601072,534.495499589982,0.0
2458585.559559274,1069302.0930380737,348.74703945017626,971500.4838570824,685.5385061165214,971500.4838570824,685.5385061165214,17.174565775210894,0.034948004727256,1.5484060941647044,1.5870888993809795e-08,12.0,1523.319384765625,48.28284334957647,796.3660623601072,534.495499589982,0.0
2457867.4574162783,1082437.6424237133,1688.6755748210096,985751.6960575595,1950.4019994604882,985751.6960575595,1950.4019994604882,17.42852251061167,0.0477487597311003,0.755711090342357,1.5640338789389257e-08,12.0,1281.23037109375,94.4085808676765,796.3660623601072,534.495499589982,2.0
2458591.6234329,1068920.316084753,472.0357411367596,971086.2808256528,765.6319322546357,971086.2808256528,765.6319322546357,17.16718467329652,0.0354722120293687,1.5986793274033333,6.32235978540177e-09,12.0,3065.7662597656254,69.46563502667067,796.3660623601072,534.495499589982,0.0
2457867.499043928,1076433.7409844268,863.524557360134,979237.8555679062,1124.6610477222976,979237.8555679062,1124.6610477222976,17.312445811843666,0.0383885976655233,0.831860464314522,1.5008867638116443e-08,12.0,1246.6153076171877,57.55730029092083,796.3660623601072,534.495499589982,0.0
2458592.5083428454,1068787.4940974938,464.7741935102091,970942.1776541942,759.7301810105035,970942.1776541942,759.7301810105035,17.164616753426294,0.0354319231549909,1.6063047833072734,1.4657698432965956e-08,12.0,6066.42470703125,68.92679107811463,796.3660623601072,534.495499589982,0.0
2457876.640910507,1069871.9996334945,404.3843895708687,972118.7952491182,723.6405295562997,972118.7952491182,723.6405295562997,17.185584090030265,0.0351909726901593,0.9268181334608064,1.5850720739204072e-08,12.0,1340.9549072265625,32.61489387909448,796.3660623601072,534.495499589982,0.0
2458598.524753493,1068437.4128390737,409.19269891963495,970562.3623792721,719.3117903934718,970562.3623792721,719.3117903934718,17.157848441656203,0.0351630939354901,1.5865360034417804,1.582952945735063e-08,12.0,5299.26484375,59.90810202923983,796.3660623601072,534.495499589982,0.0
2457887.539416314,1090226.997620202,2156.7496388621576,994202.6371298388,2452.345514340807,994202.6371298388,2452.345514340807,17.57911835997448,0.0546043765074886,1.0044389793941992,1.5812125560781842e-08,12.0,34760.43828125,141.98389907637343,796.3660623601072,534.495499589982,2.0
2458601.663460056,1069401.067820855,406.4838512973823,971607.8650248209,722.5251808600766,971607.8650248209,722.5251808600766,17.176479308629578,0.0351837964603486,1.603051510836261,1.5769912257352565e-08,12.0,1959.9381103515625,58.99278071420513,796.3660623601072,534.495499589982,0.0
2457890.47636911,1067822.4831527502,521.5628243959741,969895.2038774928,797.5090171378329,969895.2038774928,797.5090171378329,17.145959670881943,0.0356947918227921,0.9835745149881993,6.919999051777267e-09,12.0,2709.35498046875,47.51440251269273,796.3660623601072,534.495499589982,0.0
2458604.4781881585,1067765.7376181541,304.8687515090498,969833.6386828283,651.7781150083364,969833.6386828283,651.7781150083364,17.144862578534195,0.0347426257675578,1.5872266174401348,1.551687016453472e-08,12.0,1345.202197265625,44.543144866462896,796.3660623601072,534.495499589982,0.0
2457892.5458247666,1067418.9817722745,452.5216100309919,969457.4312630765,744.2829120175726,969457.4312630765,744.2829120175726,17.138158558777164,0.0353279644382976,0.9971349986324328,1.033210644010658e-08,12.0,1532.92607421875,41.8265246467547,796.3660623601072,534.495499589982,0.0
2458605.475571621,1068006.2708836535,359.88731758553996,970094.601548351,685.2815877387164,970094.601548351,685.2815877387164,17.149512939251363,0.0349466933469421,1.5812732273857906,9.810406879814542e-09,12.0,1352.1010498046876,52.64214487783864,796.3660623601072,534.495499589982,0.0
2457917.281511636,1070241.0728948747,571.6845364296207,972519.2156054373,847.7860194650053,972519.2156054373,847.7860194650053,17.192719584544577,0.0360603511220287,0.887497895603733,1.5892523046117363e-08,12.0,2943.283740234375,44.94310438726439,796.3660623601072,534.495499589982,0.0
2458605.5480926703,1068523.6332847998,391.5480832533435,970655.9059252611,708.1079197140713,970655.9059252611,708.1079197140713,17.159515388525218,0.0350907869012656,1.2875748411687205,1.551493410357664e-08,12.0,1430.1067626953125,45.96603653537521,796.3660623601072,534.495499589982,0.0
2457920.268532557,1070662.945771046,499.85739021374906,972976.9200914432,794.6503438250526,972976.9200914432,794.6503438250526,17.200875882788484,0.0356739282019322,0.8690646050716426,1.5475312415972462e-08,12.0,1369.44697265625,37.47457079722316,796.3660623601072,534.495499589982,0.0
2458606.5676491084,1066375.023748184,866.3130027408835,968324.8050673292,1090.4086277020006,968324.8050673292,1090.4086277020006,17.117975149320127,0.0380754342926754,0.2680460183759893,1.5541545360514817e-08,12.0,809.869140625,20.22225405586353,796.3660623601072,534.495499589982,4.0
2457920.5142538897,1071792.2128719513,477.5511035919894,974202.1010575021,784.163931374336,974202.1010575021,784.163931374336,17.222708619122667,0.0355999311409173,0.9440507345451208,1.5908484322207093e-08,12.0,1767.308349609375,38.28775916940089,796.3660623601072,534.495499589982,0.0
2458609.516244652,1068790.084738897,1072.964343714052,970944.9883307237,1295.4001330462718,970944.9883307237,1295.4001330462718,17.164666839708477,0.0400625250334577,0.3469425325836521,1.5883899942052087e-08,12.0,1196.1946533203125,33.16333543698241,796.3660623601072,534.495499589982,4.0
2457921.3642894328,1071427.9947498008,502.77616333753576,973806.948209788,800.6559833155009,973806.948209788,800.6559833155009,17.215666991661216,0.0357163865249841,0.8453107877556209,1.5871271107671887e-08,12.0,1265.8561767578126,36.20357598777632,796.3660623601072,534.495499589982,0.0
2458613.470666297,1068348.367278055,356.54838062687185,970465.7537679134,685.0560919491331,970465.7537679134,685.0560919491331,17.156126875293484,0.034945212386592,1.5895029990928802,1.0196855528197052e-08,12.0,1423.1756347656249,52.12524038440707,796.3660623601072,534.495499589982,0.0
2457929.281848458,1070044.0585944897,436.74757949460263,972305.467971526,746.3461939400707,972305.467971526,746.3461939400707,17.188910599698648,0.0353412071024061,0.8912158519885488,1.5739155941657886e-08,12.0,1418.1773681640625,33.683443848778104,796.3660623601072,534.495499589982,0.0
2458614.498531647,1066911.1361489038,457.9348982760436,968906.4519677871,745.7622428381858,968906.4519677871,745.7622428381858,17.128340102554873,0.0353379852693307,1.608945467687113,7.80455229914928e-09,12.0,1379.7989501953125,70.25683439224878,796.3660623601072,534.495499589982,0.0
2457929.400769427,1069154.4419352305,417.26575972365265,971340.292064834,728.439609695078,971340.292064834,728.439609695078,17.171711155966925,0.0352225558771108,0.9332484952604206,9.568212480523844e-09,12.0,1264.131005859375,34.56248270836034,796.3660623601072,534.495499589982,0.0
2458616.53332617,1066973.731684382,329.6033774192771,968974.3640309003,661.5423299195974,968974.3640309003,661.5423299195974,17.12955029615803,0.0348013630184511,1.584526026976493,1.5830526317254062e-08,12.0,1460.7524169921876,49.067095775246685,796.3660623601072,534.495499589982,0.0
2457930.3308662456,1069962.0235124498,399.1532580547036,972216.4652714701,720.6978217360395,972216.4652714701,720.6978217360395,17.187324570746853,0.0351717715096657,0.9187719980789923,1.57918774941044e-08,12.0,1241.00078125,31.73541032058745,796.3660623601072,534.495499589982,0.0
2458617.4448756645,0.0,0.0,0.0,0.0,0.0,0.0,0.0,0.0,0.0,0.0,12.0,0.0,0.0,0.0,0.0,5.0
2457937.5078282906,1067424.8257927417,537.7215839005493,969463.7716431655,808.2745662332707,969463.7716431655,808.2745662332707,17.138271544409964,0.0357716937149373,0.8452215239199259,9.087288160282488e-09,12.0,2135.781201171875,42.137996229054416,796.3660623601072,534.495499589982,0.0
2458618.489133425,1066321.7686037356,380.09170094077507,968267.0267177521,689.4043393188425,968267.0267177521,689.4043393188425,17.11694553858743,0.0349728204212747,1.4389402169814702,1.5476998074689082e-08,12.0,2596.248388671875,51.97709999410475,796.3660623601072,534.495499589982,0.0
2457938.320787105,1070070.394422297,546.8716197316917,972334.0406226978,827.4897982958565,972334.0406226978,827.4897982958565,17.189419764611166,0.0359103625910368,0.8667018362784779,1.5902339688102542e-08,12.0,3403.437353515625,41.90416168546162,796.3660623601072,534.495499589982,0.0
2458627.4767297106,0.0,0.0,0.0,0.0,0.0,0.0,0.0,0.0,0.0,0.0,12.0,0.0,0.0,0.0,0.0,5.0
2457939.2205914864,1069036.5644362704,768.0917040542038,971212.4026860179,1009.5688475857512,971212.4026860179,1009.5688475857512,17.16943216603402,0.0373602477627456,0.786868835615998,1.5526377397895637e-08,12.0,7289.631445312501,55.10947972850103,796.3660623601072,534.495499589982,0.0
2458627.4787909323,1067209.1663630542,592.4632610524449,969229.7952630938,851.232269227611,969229.7952630938,851.232269227611,17.13410208311726,0.03608677619124,1.5567209523567993,9.707827543728454e-09,12.0,7164.962695312501,87.81902634322785,796.3660623601072,534.495499589982,0.0
2457939.51027184,1093815.25024885,1743.4312789061148,998095.656609914,2040.462587048982,998095.656609914,2040.462587048982,17.648492003711144,0.0489282644158985,0.6978004015318726,1.4329552990579313e-08,12.0,11702.641015625,74.3648853977354,796.3660623601072,534.495499589982,4.0
2458629.407768317,1068790.4902240334,337.7258435645644,970945.4282555842,676.1666209028773,970945.4282555842,676.1666209028773,17.16467467917363,0.0348900904034041,1.3999343726775777,1.5876941310785912e-08,12.0,1349.220751953125,42.63609026304476,796.3660623601072,534.495499589982,0.0
2457941.557422048,1078029.4475464195,2005.8713558578359,980969.0928505665,2266.7912220910403,980969.0928505665,2266.7912220910403,17.34329647649757,0.051997098777865,0.856554310959099,1.4827089463473828e-08,12.0,30702.658984375,137.59157014156082,796.3660623601072,534.495499589982,0.0
2458630.4780625715,1073739.7481418906,1920.3757934250316,976315.0494835618,2168.8248653118007,976315.0494835618,2168.8248653118007,17.260361379940754,0.0506533815682796,0.2348471770988836,1.540774969644975e-08,12.0,1884.5250244140625,37.41916798872377,796.3660623601072,534.495499589982,4.0
2457942.463006235,1074793.2562164587,2714.344971943338,977458.0368596358,3007.412740379311,977458.0368596358,3007.412740379311,17.28072942572863,0.0628025583351698,0.9075656380731004,1.5511811202023952e-08,12.0,62939.62890625,208.47560201572483,796.3660623601072,534.495499589982,2.0
2458638.387311093,1069339.4169256084,351.1812231359763,971540.9778345923,687.206161799991,971540.9778345923,687.206161799991,17.175287378270838,0.0349583956142916,1.5030506224274838,1.5291496672231817e-08,12.0,1335.6891845703124,47.453546705799575,796.3660623601072,534.495499589982,0.0
2457943.209657143,1077146.6962150377,2241.952971860524,980011.3653757237,2512.0280246372326,980011.3653757237,2512.0280246372326,17.326229763891426,0.0554604625937617,0.8242156313305792,1.5798933188361906e-08,12.0,24828.762890625,150.31568940266172,796.3660623601072,534.495499589982,0.0
2458641.379389222,1068199.9468122576,327.73846182768847,970304.727267164,667.0873302915218,970304.727267164,667.0873302915218,17.153257381536186,0.03483467853584,1.5466677533366184,1.5896307702123584e-08,12.0,1307.981640625,46.405787054344216,796.3660623601072,534.495499589982,0.0
2457945.46849369,1090674.9374736992,2007.369557143876,994688.6225818222,2299.4571094502785,994688.6225818222,2299.4571094502785,17.587778625298004,0.0524493427692964,0.9110215482315488,1.0337683289201804e-08,12.0,16505.7859375,118.92205221050096,796.3660623601072,534.495499589982,0.0
2458645.420886237,1068892.152131236,371.38773490445294,971055.7247776189,697.179776878833,971055.7247776189,697.179776878833,17.16664016423328,0.0350211489949807,1.5368232155153874,1.5908740414531754e-08,12.0,1610.7996337890625,51.98722426567126,796.3660623601072,534.495499589982,0.0
2457946.2225232264,1070503.6183451936,793.2948761849444,972804.0602521986,1037.7207021864936,972804.0602521986,1037.7207021864936,17.19779551882794,0.0376040949979142,0.8178213749942153,1.5844656132928523e-08,12.0,1380.0392822265624,57.55881537904936,796.3660623601072,534.495499589982,0.0
2458648.3919947343,1068365.9646662166,411.4397070723163,970484.845783443,720.4530103913119,970484.845783443,720.4530103913119,17.15646709518973,0.0351705283011709,1.5678936839208517,1.5900552702177853e-08,12.0,4567.8025390625,59.63394320983789,796.3660623601072,534.495499589982,0.0
2457946.285901074,1083949.7394354555,1080.9597553472913,987392.2224451046,1356.2542366942566,987392.2224451046,1356.2542366942566,17.457756706261765,0.0406945970998303,0.883419296258454,1.551082936251738e-08,12.0,5747.95595703125,68.17951517377733,796.3660623601072,534.495499589982,0.0
2458654.4029523274,1068651.3274920043,892.4288682341097,970794.4457906478,1122.2166178078721,970794.4457906478,1122.2166178078721,17.16198417022893,0.0383673230888103,1.2937354804268226,8.473651218196524e-09,12.0,16779.069140625,107.5944421899424,796.3660623601072,534.495499589982,0.0
2457946.5539573054,0.0,0.0,0.0,0.0,0.0,0.0,0.0,0.0,0.0,0.0,12.0,0.0,0.0,0.0,0.0,5.0
2458654.534325801,1085441.1623015755,1474.2512023905995,989010.3187364535,1743.3323504292275,989010.3187364535,1743.3323504292275,17.486591197386765,0.045133458117206,1.1797978484027325,1.5898765884574043e-08,12.0,21712.96484375,123.31830957192264,796.3660623601072,534.495499589982,0.0
2457947.355011532,1069466.3504253807,604.3767948628926,971678.6923821522,870.6360325563219,971678.6923821522,870.6360325563219,17.177741452803136,0.0362329917973284,0.9172890305487084,1.5907443059874758e-08,12.0,3856.88623046875,50.00600015816931,796.3660623601072,534.495499589982,0.0
2458655.355112031,1079134.0572558448,839.9837554416823,982167.5221591222,1115.2192292896475,982167.5221591222,1115.2192292896475,17.36465249804352,0.0383005845962938,1.2514868797844374,1.5798752457016632e-08,12.0,10936.22109375,81.78725733738712,796.3660623601072,534.495499589982,0.0
2457947.559679398,1069238.2342147524,711.5999955074692,971431.2012092611,960.3962962178063,971431.2012092611,960.3962962178063,17.173331157775323,0.0369462344341299,0.8609057189178734,1.5896795819319026e-08,12.0,4631.53203125,55.74440780992374,796.3660623601072,534.495499589982,0.0
2458655.4558485434,1069410.399064594,540.7904355392601,971617.9888141426,819.6757810629488,971617.9888141426,819.6757810629488,17.17665971465048,0.0358535488728939,1.3451856476277932,1.5338000627570077e-08,12.0,6924.884570312501,66.31696883828775,796.3660623601072,534.495499589982,0.0
2457948.3068485176,1068958.2982824985,459.7539272499921,971127.4890266961,756.9722238349593,971127.4890266961,756.9722238349593,17.167919003826565,0.0354131360898745,0.935896942094007,1.5891546114208793e-08,12.0,1233.4471435546875,38.62686088478538,796.3660623601072,534.495499589982,0.0
2458661.2690360844,1069400.522610244,322.1451112520106,971607.2735069568,670.6003151049046,971607.2735069568,670.6003151049046,17.176468767775688,0.0348558238780457,1.4358014603852622,1.5500580527657407e-08,12.0,1417.224951171875,40.9968141264918,796.3660623601072,534.495499589982,0.0
2457949.229750251,1069514.259378545,626.0477405488913,971730.6704637533,888.6842218621653,971730.6704637533,888.6842218621653,17.178667702705965,0.0363718582051385,0.8691359853273343,1.5714926011094578e-08,12.0,1309.2906005859377,48.75040547658408,796.3660623601072,534.495499589982,0.0
2458661.280856016,1068756.5086122113,323.3105488297707,970908.5604286842,667.6308380448511,970908.5604286842,667.6308380448511,17.164017694151642,0.0348378600228193,1.4576461258650977,1.5897765765520468e-08,12.0,1419.4112548828125,42.43092844313826,796.3660623601072,534.495499589982,0.0
2457949.524419063,1069979.353214859,451.88481788010665,972235.2668654617,756.5469526279742,972235.2668654617,756.5469526279742,17.187659615328556,0.0354100294820064,0.8903074622010865,1.5599755672563432e-08,12.0,2058.846484375,35.05412720863957,796.3660623601072,534.495499589982,0.0
2458661.2926716423,1068970.900617183,368.4823217514885,971141.1617358115,695.7878528059313,971141.1617358115,695.7878528059313,17.168162651631544,0.0350123400128111,1.4569870115808072,1.5903944832810192e-08,12.0,1413.1762451171876,48.52096531626957,796.3660623601072,534.495499589982,0.0
2457847.474401702,1067600.8825790763,398.267707218838,969654.7817446644,707.7627099212908,969654.7817446644,707.7627099212908,17.14167534621452,0.0350887826189252,0.9458714027164268,1.5884920103326278e-08,12.0,1194.9190673828125,34.33057228890627,796.3660623601072,534.495499589982,0.0
2457954.54251522,1073038.788969381,863.8643955569148,975554.5546144072,1111.4388429568257,975554.5546144072,1111.4388429568257,17.246809354222336,0.0382667170194011,0.7958938927057478,1.5012028879121994e-08,12.0,1375.062060546875,58.37625140292394,796.3660623601072,534.495499589982,2.0
2457848.6399638266,1065721.762658911,490.11480806568227,967616.0594996922,764.1279532418486,967616.0594996922,764.1279532418486,17.105345296641293,0.0354626345676484,0.6829692074787485,9.997582255201409e-09,12.0,1176.725341796875,31.25999088256987,796.3660623601072,534.495499589982,4.0
2457956.393108671,1068596.9933356948,441.4986001587048,970735.4967837521,742.2539346938086,970735.4967837521,742.2539346938086,17.16093369837183,0.035314142873868,0.9307025087767432,1.5684739113032458e-08,12.0,1182.7992919921876,36.98302478098197,796.3660623601072,534.495499589982,0.0
2457864.6033046963,1069461.0847367975,483.482496434568,971672.9794543423,776.634813364677,971672.9794543423,776.634813364677,17.177639648375852,0.0355479700312329,1.0024782045230942,1.5700935315910604e-08,12.0,1406.2575927734374,43.46493975420056,796.3660623601072,534.495499589982,0.0
2458670.300158869,1070199.446349528,356.7041634578258,972474.0535255357,695.3323095414678,972474.0535255357,695.3323095414678,17.191914795856132,0.0350091982526793,1.514428440333473,1.5684735787410337e-08,12.0,1394.2030029296875,47.747027384417095,796.3660623601072,534.495499589982,0.0
2457957.427631184,1069548.3112039666,438.5880604938911,971767.6144678189,745.0519620306404,971767.6144678189,745.0519620306404,17.179326045205748,0.0353326408137479,0.9393215509852,1.5832928240021404e-08,12.0,1175.1358642578125,36.36898313013946,796.3660623601072,534.495499589982,0.0
2457958.371690423,1070375.547626275,440.0698311348844,972665.1118962229,750.3687750752906,972665.1118962229,750.3687750752906,17.195319457818073,0.0353681750229284,0.9383239216982028,1.5900683155651297e-08,12.0,1206.1826904296877,35.91076234620133,796.3660623601072,534.495499589982,0.0
2457958.46966393,1069225.96623499,388.80069641471255,971417.8912533745,710.04085212125,971417.8912533745,710.04085212125,17.17309397423629,0.0351030327786519,0.9241650689446622,1.5741509963384535e-08,12.0,1204.2779296875,31.5164402432596,796.3660623601072,534.495499589982,0.0
2457959.281365053,1070007.5108587854,482.8574924840575,972265.8160680026,778.883984108538,972265.8160680026,778.883984108538,17.188204002405055,0.0355634764651998,0.8978435786750174,1.4433659648009013e-08,12.0,1231.8672363281248,38.09068599309291,796.3660623601072,534.495499589982,0.0
2457965.402054788,1076586.1829141655,819.6590202703544,979403.2450940815,1085.991696799869,979403.2450940815,1085.991696799869,17.315393054755084,0.0380333618700806,0.8179657740149674,1.5533200719621472e-08,12.0,2946.592529296875,53.53724169151808,796.3660623601072,534.495499589982,0.0
2457967.465456381,1077567.9270189528,812.5461525629859,980468.3732553141,1083.9821951792494,980468.3732553141,1083.9821951792494,17.334373648602455,0.0380149886262925,0.8037658795639914,9.819700492399605e-09,12.0,7156.6138671875,51.515014993627936,796.3660623601072,534.495499589982,0.0
2457968.3680965863,1077350.5046338502,1206.2243336795855,980232.4841838885,1452.0394506503546,980232.4841838885,1452.0394506503546,17.330170103131866,0.0417318368210515,0.911030419244296,1.5805699243624195e-08,12.0,12710.8578125,88.54638452000606,796.3660623601072,534.495499589982,0.0
2457969.33330532,1078728.8527864676,2731.9091065376833,981727.9018046058,3032.1825062599814,981727.9018046058,3032.1825062599814,17.356818459192787,0.0631792395953828,0.9402288644056832,1.5728955440793766e-08,12.0,37843.76953125,203.83842252972417,796.3660623601072,534.495499589982,2.0
2457971.250735761,1084010.317163372,1643.024108691934,987457.9453189495,1908.4755262306246,987457.9453189495,1908.4755262306246,17.458927888491612,0.0472075268117609,0.8913088453168952,1.5881019356458974e-08,12.0,17979.541796875,105.95409664490958,796.3660623601072,534.495499589982,0.0
2457972.3057088405,1098548.7756722197,2321.3339957424173,1003231.2221872878,2644.8473132821605,1003231.2221872878,2644.8473132821605,17.740007830583956,0.0573861316092309,0.9369515708309388,1.586914751184958e-08,12.0,23957.98125,124.28128097388203,796.3660623601072,534.495499589982,2.0
2457972.447663879,1082976.1923202868,1967.8875829621,986335.9874816391,2238.6726904650104,986335.9874816391,2238.6726904650104,17.438934589282216,0.0516082442962573,0.8987592051766047,1.0343918577412173e-08,12.0,27349.5234375,130.60754823733797,796.3660623601072,534.495499589982,2.0
2457973.489284946,1094729.5897015855,2292.368119109567,999087.6551309999,2604.546290123941,999087.6551309999,2604.546290123941,17.666169426683542,0.0567979924878203,0.8492905224985221,1.5907720214095018e-08,12.0,20317.866015625,118.18404931840564,796.3660623601072,534.495499589982,0.0
2457974.405988326,1067938.4297475747,617.036698045499,970020.9983515771,874.5390306210176,970020.9983515771,874.5390306210176,17.148201329592844,0.0362631555174913,0.9260137869182892,8.208264686770586e-09,12.0,5397.917578125,53.099187880032346,796.3660623601072,534.495499589982,0.0
2457979.4565962977,1068475.7915191983,473.20484039400475,970604.0007377729,764.3165643989017,970604.0007377729,764.3165643989017,17.15859043759617,0.0354633005371507,0.8536260627358923,1.5466754178444987e-08,12.0,1678.7604736328124,36.39917093065151,796.3660623601072,534.495499589982,0.0
2457980.342410183,1068474.8575488664,9902.178837625466,970602.9874410314,10758.127135948356,970602.9874410314,10758.127135948356,17.15857238063871,0.1944860761129904,0.0207182793708761,9.540851560294632e-09,12.0,557.3818603515625,16.48487279578558,796.3660623601072,534.495499589982,4.0
2457984.4181637745,1068820.4958396691,584.1181712720985,970977.9823865975,851.3417879206827,970977.9823865975,851.3417879206827,17.165254794094352,0.0360872441822552,0.617375957395743,1.565304691947841e-08,12.0,1141.43388671875,32.04264199675321,796.3660623601072,534.495499589982,4.0
2457985.411923606,1070982.6951896248,480.41243138952996,973323.8273034176,782.0356805873967,973323.8273034176,782.0356805873967,17.207057772567463,0.0355852284274767,0.8333616467562563,1.5070860744634484e-08,12.0,1239.5216064453125,34.12412255963785,796.3660623601072,534.495499589982,0.0
2457986.335461361,1081268.6222918422,4597.4806414603745,984483.3856521995,5031.385762323581,984483.3856521995,5031.385762323581,17.40592120726364,0.0954503142523815,0.0523631725039768,1.5849148381430202e-08,12.0,770.5531127929687,15.339236354970188,796.3660623601072,534.495499589982,4.0
2457986.436139132,0.0,0.0,0.0,0.0,0.0,0.0,0.0,0.0,0.0,0.0,12.0,0.0,0.0,0.0,0.0,5.0
2457989.341793312,1068888.812384603,414.1365402746418,971052.1013708945,724.9560736273475,971052.1013708945,724.9560736273475,17.166575595091384,0.0351997839652525,0.8694255548281057,1.5667511693549662e-08,12.0,1248.8623779296877,31.58037366329764,796.3660623601072,534.495499589982,0.0
2457991.347971377,1071393.931855356,519.7636773929747,973769.9921965552,813.1544791453583,973769.9921965552,813.1544791453583,17.215008435157966,0.0358059473963157,0.8753883358759562,1.4588987358373893e-08,12.0,1250.941162109375,38.87978151595427,796.3660623601072,534.495499589982,0.0
2457992.223905595,-564703475.5373487,-564703475.5373487,-564703475.5373487,-564703475.5373487,-564703475.5373487,-564703475.5373487,0.0,0.0,-9999.99,-9999.99,12.0,-9999.99,-9999.99,-9999.99,-9999.99,5.0
2457992.420261081,1069951.3068935163,432.083424232313,972204.8384406451,742.6588934902375,972204.8384406451,742.6588934902375,17.187117380512245,0.035316551758472,0.8733366803241789,1.5874244016389878e-08,12.0,1198.046240234375,32.64509721551546,796.3660623601072,534.495499589982,0.0
2458000.3341853563,0.0,0.0,0.0,0.0,0.0,0.0,0.0,0.0,0.0,0.0,12.0,0.0,0.0,0.0,0.0,5.0
2458001.2489980594,1068427.7673634721,885.7909600004216,970551.8976689244,1115.2661248248571,970551.8976689244,1115.2661248248571,17.15766196041942,0.0383029570052728,0.8134030808593148,1.5851163920265215e-08,12.0,6177.583984375,66.87769482305234,796.3660623601072,534.495499589982,0.0
2458001.3902694248,0.0,0.0,0.0,0.0,0.0,0.0,0.0,0.0,0.0,0.0,12.0,0.0,0.0,0.0,0.0,5.0
2458003.297798593,1071420.1309918873,606.3917364993933,973798.4165466323,881.058978277379,973798.4165466323,881.058978277379,17.215514957343572,0.036312508164219,0.8711930417375302,1.5433526211181112e-08,12.0,3915.973046875,45.92249885889834,796.3660623601072,534.495499589982,0.0
2458006.2573504504,1069652.5812358523,402.6080770365935,971880.7406345996,721.3019248674619,971880.7406345996,721.3019248674619,17.181341954561383,0.0351757705980845,0.8630826782087364,1.5129827737648752e-08,12.0,1235.006298828125,29.98633687455804,796.3660623601072,534.495499589982,0.0
2458007.2988764485,-564703475.5373487,-564703475.5373487,-564703475.5373487,-564703475.5373487,-564703475.5373487,-564703475.5373487,0.0,0.0,-9999.99,-9999.99,12.0,-9999.99,-9999.99,-9999.99,-9999.99,5.0
2458010.2604249176,0.0,0.0,0.0,0.0,0.0,0.0,0.0,0.0,0.0,0.0,12.0,0.0,0.0,0.0,0.0,5.0
2458011.32532236,0.0,0.0,0.0,0.0,0.0,0.0,0.0,0.0,0.0,0.0,12.0,0.0,0.0,0.0,0.0,5.0
2458013.2764047696,1068993.4521167187,424.92351459292905,971165.6286382512,732.8035616295232,971165.6286382512,732.8035616295232,17.168598652063057,0.0352513247395329,0.8294822890763,1.5895392147239704e-08,12.0,1256.438037109375,30.92490939870813,796.3660623601072,534.495499589982,0.0
2458014.3705527075,1073765.3257628805,886.4461482937164,976342.7995299133,1134.9280007159978,976342.7995299133,1134.9280007159978,17.260855886027645,0.0384848959435045,0.6275450013909087,1.5873952955308532e-08,12.0,1303.0187744140626,46.433196661111886,796.3660623601072,534.495499589982,4.0
2458016.3460558387,1070665.0577145712,650.143452484173,972979.2114120757,913.7396384584415,972979.2114120757,913.7396384584415,17.2009167141437,0.0365682311580334,0.5496347497573841,1.5675353344266734e-08,12.0,1132.0474365234377,30.28652979703729,796.3660623601072,534.495499589982,4.0
2458019.2728536697,1071123.0287956637,412.74005884927095,973476.0800900969,735.9080474123284,973476.0800900969,735.9080474123284,17.209770918657544,0.03527139968065,0.8905832588843267,1.580627080970981e-08,12.0,1360.8696044921876,30.82646255766008,796.3660623601072,534.495499589982,0.0
2458020.349691239,-564703475.5373487,-564703475.5373487,-564703475.5373487,-564703475.5373487,-564703475.5373487,-564703475.5373487,0.0,0.0,-9999.99,-9999.99,12.0,-9999.99,-9999.99,-9999.99,-9999.99,5.0
2458021.2600582764,0.0,0.0,0.0,0.0,0.0,0.0,0.0,0.0,0.0,0.0,12.0,0.0,0.0,0.0,0.0,5.0
2458024.234558592,0.0,0.0,0.0,0.0,0.0,0.0,0.0,0.0,0.0,0.0,12.0,0.0,0.0,0.0,0.0,5.0
2458028.2803547904,0.0,0.0,0.0,0.0,0.0,0.0,0.0,0.0,0.0,0.0,12.0,0.0,0.0,0.0,0.0,5.0
2458032.2512581176,1071281.8311186829,799.7156214970369,973648.3702271006,1046.478303598987,973648.3702271006,1046.478303598987,17.212841130518804,0.0376809312176051,0.8247908708631971,1.5876557304934887e-08,12.0,4318.60849609375,57.94419890415655,796.3660623601072,534.495499589982,0.0
2458036.25526954,1150894.9510420866,51270.22317671242,1060023.3997489612,55640.57837675783,1060023.3997489612,55640.57837675783,18.75204496868657,0.9920560571065692,0.0143123673488229,1.5792548311059892e-08,12.0,671.7557739257812,14.871210140779471,796.3660623601072,534.495499589982,6.0
2458047.2585074967,1073223.8924819066,666.0550618835898,975755.3798222922,938.4299693422039,975755.3798222922,938.4299693422039,17.250388061314982,0.036765750054617,0.7988754726111825,1.548478206063071e-08,12.0,1609.6626708984377,44.3848806934224,796.3660623601072,534.495499589982,0.0
2458053.261919596,1072887.3594461419,892.089528989247,975390.2634830858,1136.815823008519,975390.2634830858,1136.815823008519,17.243881684717536,0.0385027453509495,0.7752257300140665,1.5303921354233394e-08,12.0,4047.155224609375,59.143802532360034,796.3660623601072,534.495499589982,0.0
2458165.624770011,1068622.4350854594,444.8301193598211,970763.0994187089,744.7185399705585,970763.0994187089,744.7185399705585,17.161425577586282,0.0353306107739772,0.8200872586008251,1.5894131712915506e-08,12.0,1824.3646240234373,32.359411669556614,796.3660623601072,534.495499589982,0.0
2458245.6588727683,0.0,0.0,0.0,0.0,0.0,0.0,0.0,0.0,0.0,0.0,12.0,0.0,0.0,0.0,0.0,5.0
2458249.6094268835,1065407.2725393476,8583.379090258917,967274.8582832634,9328.447023610777,967274.8582832634,9328.447023610777,17.099265087756585,0.1694272768796667,0.0347615232180006,1.5665090361174763e-08,12.0,1253.1890869140625,27.681054196385105,796.3660623601072,534.495499589982,4.0
2458249.6565267816,1084157.9565658148,4917.927295287833,987618.1244170284,5379.154370743996,987618.1244170284,5379.154370743996,17.461782281525362,0.1012937196865589,0.0662134398917229,1.5024031749616372e-08,12.0,1530.8659423828126,21.34696287018552,796.3660623601072,534.495499589982,4.0
2458251.64226252,1069325.1014841504,659.9108195318474,971525.4465166407,916.283070129016,971525.4465166407,916.283070129016,17.175010610038928,0.0365887122262999,0.5774209794268648,1.537760152042808e-08,12.0,1428.002758789063,33.624885098268585,796.3660623601072,534.495499589982,4.0
2458252.5128877084,1068622.1849203822,426.6732113571238,970762.8280059586,732.1051216407021,970762.8280059586,732.1051216407021,17.1614207410085,0.0352467977896321,0.8772907835593446,1.561192287776935e-08,12.0,1252.3801025390626,33.438830966912334,796.3660623601072,534.495499589982,0.0
2458252.6269856244,1069590.7058166026,485.3876860406786,971813.6098505085,778.6696565812608,971813.6098505085,778.6696565812608,17.18014568335772,0.0355620750710574,0.8522132974909357,1.589735677550265e-08,12.0,1393.8736328125,36.56622969852469,796.3660623601072,534.495499589982,0.0
2458255.545914813,1069709.6067993243,493.02922054946674,971942.609642285,784.8825331917383,971942.609642285,784.8825331917383,17.182444460860022,0.0356053946482908,0.8964562559769814,1.5800008693974e-08,12.0,1365.858837890625,39.18540415143551,796.3660623601072,534.495499589982,0.0
2458256.5666726194,1071658.3931918172,474.66579962002896,974056.9154545094,781.3986281246185,974056.9154545094,781.3986281246185,17.220121410312327,0.0355806447107219,0.8732940311124102,1.4633836196503992e-08,12.0,1339.9089599609374,34.9706298645907,796.3660623601072,534.495499589982,0.0
2458257.584414819,1074734.6701108108,1169.489169629943,977394.4747657278,1407.6764102599907,977394.4747657278,1407.6764102599907,17.279596748617582,0.0412467451052362,0.2747538645585267,1.5368442684441487e-08,12.0,1154.8481689453124,25.102470061763995,796.3660623601072,534.495499589982,4.0
2458275.574120163,1069339.3696172028,507.78680366684,971540.9265080658,794.0983642619494,971540.9265080658,794.0983642619494,17.17528646363165,0.0356703054937783,0.8814869460448164,1.5305945835196112e-08,12.0,1782.926440429687,39.98804923308669,796.3660623601072,534.495499589982,0.0
2458276.3785189395,1071086.374700048,447.3186515288851,973436.3127930243,759.1259094333997,973436.3127930243,759.1259094333997,17.209062265049827,0.0354273186356636,0.8449812922589445,1.5724521520899057e-08,12.0,1186.6157958984377,32.02519219980346,796.3660623601072,534.495499589982,0.0
2458276.462250938,1072096.0872741563,468.31702677896186,974531.784914719,779.1889427111006,974531.784914719,779.1889427111006,17.228583588557928,0.0355651638343481,0.846994002868817,1.4538210046262872e-08,12.0,1356.58818359375,32.937643334738695,796.3660623601072,534.495499589982,0.0
2458277.3758365232,1084695.099570624,12285.302568561454,988200.8894555361,13346.45947344218,988200.8894555361,13346.45947344218,17.472167159990658,0.2400769778209031,0.022395430840852,1.5541743682943652e-08,12.0,529.1644165039062,17.09297825843098,796.3660623601072,534.495499589982,4.0
2458277.5604625684,1073866.655888203,678.1869647559464,976452.736090303,951.5201100134357,976452.736090303,951.5201100134357,17.262814956567393,0.0368723144604462,0.7210155819425353,1.553324811954802e-08,12.0,1471.66337890625,40.18592614878983,796.3660623601072,534.495499589982,0.0
2458278.3731292933,1071703.9030888428,1188.4588269027308,974106.2907170649,1417.1459667666888,974106.2907170649,1417.1459667666888,17.22100127795528,0.0413501035871427,0.2984387441883548,1.553235972893263e-08,12.0,1002.9250854492188,29.802892156962194,796.3660623601072,534.495499589982,4.0
2458278.507567356,1071732.6031124427,564.3296155646423,974137.428366087,849.0277312095047,974137.428366087,849.0277312095047,17.221556151153607,0.0360693210151434,0.6984772037916457,1.4820347797703822e-08,12.0,1234.5049072265624,33.05399337336278,796.3660623601072,534.495499589982,4.0
2458281.52926847,1072157.0543596651,463.0804395417568,974597.9302160934,775.8216853667303,974597.9302160934,775.8216853667303,17.229762298450304,0.0355417677504226,0.8719823866277795,1.5236660066496818e-08,12.0,1188.4908203125,33.77075523449808,796.3660623601072,534.495499589982,0.0
2458282.36260925,1073560.6190979588,578.3693250649854,976120.7061834539,868.9656055501372,976120.7061834539,868.9656055501372,17.256898180505633,0.0362194291622771,0.8109886473550557,1.5881682158441103e-08,12.0,1202.8180908203126,38.57198189945936,796.3660623601072,534.495499589982,0.0
2458292.3310748525,1070508.975427231,728.1489274757496,972809.8723359301,979.9177885756026,972809.8723359301,979.9177885756026,17.19789909021468,0.0371083975806733,0.8507046554773091,1.563323647474645e-08,12.0,2721.695166015625,55.17998217683768,796.3660623601072,534.495499589982,0.0
2458292.4348528185,1069816.4946680148,494.35861672326195,972058.575990828,786.3903916992356,972058.575990828,786.3903916992356,17.184510982281363,0.0356159355756129,0.868465528234974,1.5820346069974503e-08,12.0,1823.284814453125,37.89028919888343,796.3660623601072,534.495499589982,0.0
2458300.37233397,1079356.5763918555,1665.66513253945,982408.9408720253,1918.637197741064,982408.9408720253,1918.637197741064,17.368954581777242,0.0473387000772272,0.8376139603816174,1.5707500348365563e-08,12.0,13578.744921875,109.01180004450543,796.3660623601072,534.495499589982,0.0
2458303.386133644,1070784.6575806774,655.7492895598418,973108.9694466266,918.959794662615,973108.9694466266,918.959794662615,17.20322900353937,0.0366097223352657,0.8636554353371481,1.584176726987624e-08,12.0,1758.0295654296874,49.96694134124434,796.3660623601072,534.495499589982,0.0
2458304.456580722,1069768.9636279931,539.2742996220667,972007.0079202763,820.1772099179177,972007.0079202763,820.1772099179177,17.18359203877929,0.0358571137721083,0.8691705389089511,1.587728927109118e-08,12.0,1431.810302734375,41.67790778071412,796.3660623601072,534.495499589982,0.0
2458305.306583637,1072304.0267645526,482.61901998215177,974757.3856654369,790.4871150632684,974757.3856654369,790.4871150632684,17.23260379605679,0.035644207307648,0.8484535454075401,1.5898117823412016e-08,12.0,1183.3716552734377,34.117464238004594,796.3660623601072,534.495499589982,0.0
2458306.2970073363,1069826.735043105,476.3374934676264,972069.6861282222,773.2387720042861,972069.6861282222,773.2387720042861,17.184708965034183,0.0355243744628697,0.8357219635476544,1.5589282474802253e-08,12.0,1111.3639892578126,34.88672758675686,796.3660623601072,534.495499589982,0.0
2458308.295095597,1069522.2120979852,456.81157391303077,971739.2986443487,757.7001187681213,971739.2986443487,757.7001187681213,17.178821456965295,0.0354179565256188,0.8385449629315884,1.5652070356111232e-08,12.0,1116.8824951171875,33.66263124374611,796.3660623601072,534.495499589982,0.0
2458310.286114429,1072305.285093174,489.58475095436546,974758.7508697127,795.5197613670241,974758.7508697127,795.5197613670241,17.23262812400983,0.0356797441503881,0.8099748183057454,1.4787378243451316e-08,12.0,1177.08017578125,32.91330583949625,796.3660623601072,534.495499589982,0.0
2458320.2581903823,1067031.8459788833,489.261204017084,969037.414240565,769.3745865344971,969037.414240565,769.3745865344971,17.130673851487053,0.0354983379975782,0.8178692514419902,1.4825745624590081e-08,12.0,2791.9785644531253,36.90072535607338,796.3660623601072,534.495499589982,0.0
2458674.2892283723,1070164.9469096165,456.23825447939504,972436.6238890169,760.5667372010378,972436.6238890169,760.5667372010378,17.191247799381454,0.0354373245442086,1.4774743320197503,1.5220234008515694e-08,12.0,2173.36767578125,60.19686272871351,796.3660623601072,534.495499589982,0.0
2458700.2785239825,1070598.6668272102,355.66654923868697,972907.1816403333,696.9624033906432,972907.1816403333,696.9624033906432,17.199633142934037,0.0350194044038281,1.4682965716082064,1.4837650886935906e-08,12.0,1382.300048828125,45.50972238662976,796.3660623601072,534.495499589982,0.0
2458702.314620388,1067496.6676394227,410.9314061887817,969541.7153493529,715.7110758313678,969541.7153493529,715.7110758313678,17.139660501987038,0.0351399660038452,1.4834118676778492,1.5899874482542732e-08,12.0,1535.21884765625,57.25892635422863,796.3660623601072,534.495499589982,0.0
2458705.331297047,1069773.1921024723,614.4816966065501,972011.5955386027,880.2612851781911,972011.5955386027,880.2612851781911,17.183673790181004,0.0363067029120789,1.498882219669906,1.584269140179286e-08,12.0,6924.415234374999,84.1210660301157,796.3660623601072,534.495499589982,0.0
2458710.2488079933,1101019.1763476122,1435.586495853307,1005911.44539011,1765.0004411749208,1005911.44539011,1765.0004411749208,17.7877694332574,0.045398826738544,1.4827744312238065,1.5882450330895258e-08,12.0,15743.0189453125,116.42092441238916,796.3660623601072,534.495499589982,0.0
2458710.311108535,1067085.949413032,534.2194015521576,969096.112929001,804.0405449809173,969096.112929001,804.0405449809173,17.131719862666863,0.0357414564316505,1.4752975483199766,9.766459711419791e-09,12.0,5912.84775390625,74.92153238747532,796.3660623601072,534.495499589982,0.0
2458711.290968925,1069053.0139729937,442.4126810334408,971230.2493577902,745.1877859699073,971230.2493577902,745.1877859699073,17.169750193892796,0.0353336580314819,1.452347398280982,1.5852616432345462e-08,12.0,5733.145605468751,58.65829960992217,796.3660623601072,534.495499589982,0.0
2458712.3256003177,1068085.2535288436,458.91870897981784,970180.2925540119,752.0863127621357,970180.2925540119,752.0863127621357,17.15103995377789,0.0353802555932948,1.369109778478793,1.562154410177522e-08,12.0,4777.2283203125,58.46416054987107,796.3660623601072,534.495499589982,0.0
2458713.2737512034,1068973.8522771797,436.8179898159639,971144.36409391,740.8904645324153,971144.36409391,740.8904645324153,17.16821971768297,0.0353049666755995,1.3194323895627595,1.5904795123771035e-08,12.0,2601.9424804687496,52.54034505131468,796.3660623601072,534.495499589982,0.0
2458715.2174431877,1069629.975508473,370.8527565261446,971856.2148984942,700.8508417210955,971856.2148984942,700.8508417210955,17.180904905713398,0.0350442477278263,1.4437045047664718,1.527364024163264e-08,12.0,2288.9021484375,47.77924596578619,796.3660623601072,534.495499589982,0.0
2458720.3276619185,1070220.3521431766,396.28294272993367,972496.7349446954,720.2293199057805,972496.7349446954,720.2293199057805,17.1923189789588,0.0351686684246265,1.397550446656382,1.5682699118909045e-08,12.0,1315.2221923828124,49.05123090645497,796.3660623601072,534.495499589982,0.0
2458721.2232029005,1068799.3613178604,359.69258065957393,970955.0528123402,689.4204438492708,970955.0528123402,689.4204438492708,17.1648461888655,0.0349723567507174,1.3963018292850655,1.5422946622238934e-08,12.0,1635.975048828125,45.47112632208174,796.3660623601072,534.495499589982,0.0
2458724.237747651,1071042.9717809383,416.53725920253856,973389.2234637395,737.9867059734536,973389.2234637395,737.9867059734536,17.208223132759247,0.0352852052789078,1.41225386762625,1.5758005456790723e-08,12.0,1386.5159912109375,51.32275904098304,796.3660623601072,534.495499589982,0.0
2458725.326824634,1067269.7528695487,347.1189330332588,969295.5276611212,673.5607102889819,969295.5276611212,673.5607102889819,17.13527343506812,0.0348744245481107,1.4148806777968088,1.5361236590820787e-08,12.0,1281.0544677734376,45.74043647509941,796.3660623601072,534.495499589982,0.0
2458730.2594076246,1069962.5449931452,442.9385807450989,972217.0310439271,750.2065964707417,972217.0310439271,750.2065964707417,17.18733465281735,0.0353671704917522,1.4458774206533476,1.570700334967645e-08,12.0,1974.4783935546875,57.63875427950824,796.3660623601072,534.495499589982,0.0
2457844.6256494867,991279.1746517352,198.48423497675853,852491.8546718869,791.8704831901698,852491.8546718869,791.8704831901698,15.03406243231361,0.0302901195842228,0.9035602018856016,1.4031135436303217e-08,12.0,2034.7026611328129,57.1434214044343,800.4157962057518,534.8936266961496,0.0
2458580.5477209063,991318.5910938119,165.63538124247162,852534.3863997106,782.7643314944543,852534.3863997106,782.7643314944543,15.034844969143666,0.0302098546586282,1.2525878462646152,9.05235447136856e-09,12.0,2123.6343994140625,66.48981273694214,800.4157962057518,534.8936266961496,0.0
2458668.3369767014,991513.4179507445,136.31167043735533,852744.6114331015,774.8432094829277,852744.6114331015,774.8432094829277,15.038712877635676,0.0301404807938699,1.544380350862007,9.098954666390894e-09,12.0,2151.1901611328126,67.26539545803655,800.4157962057518,534.8936266961496,0.0
2458580.5674088714,991322.5851333383,210.8455164781562,852538.6961088858,795.2960344990684,852538.6961088858,795.2960344990684,15.034924263033885,0.0303204485023548,0.7051672201048919,9.31961018712609e-09,12.0,2021.3876831054688,47.27519020312993,800.4157962057518,534.8936266961496,0.0
2457844.6393091064,992343.6737001535,182.61122557003242,853640.4865983125,780.462191034641,853640.4865983125,780.462191034641,15.05519599148475,0.0301888101620233,0.8556710630919001,1.4222927210357371e-08,12.0,2029.8234008789063,48.4203900605348,800.4157962057518,534.8936266961496,0.0
2458581.5935702887,991136.7179652019,128.99841708329623,852338.1388949425,775.9261140159691,852338.1388949425,775.9261140159691,15.031234231744872,0.0301502336343063,1.517908919592778,1.20655129020219e-08,12.0,2581.5113525390625,62.67572065840283,800.4157962057518,534.8936266961496,0.0
2457846.5693664835,991797.8415717203,30.919583611713385,853051.5145272538,759.5591296824296,853051.5145272538,759.5591296824296,15.044359555697524,0.0300082483518858,1.0000038152260522,9.340400769181108e-09,12.0,2065.97060546875,0.2070167152846105,800.4157962057518,534.8936266961496,0.0
2458583.55602196,991432.933656116,145.51098045951275,852657.7660474493,777.3265976531387,852657.7660474493,777.3265976531387,15.03711501843102,0.0301621885145541,1.0960021770369577,1.4063945558606944e-08,12.0,2455.622216796875,50.74213673336608,800.4157962057518,534.8936266961496,0.0
2457847.4785421803,991261.5655107272,140.35241627821634,852472.8537891819,777.3735471822819,852472.8537891819,777.3735471822819,15.03371283705189,0.0301627452717686,0.949405958592928,1.4249590437633138e-08,12.0,1966.562548828125,42.14226835490283,800.4157962057518,534.8936266961496,0.0
2458583.633548034,990222.5358178169,218.26195448554967,851351.704193461,804.970851184612,851351.704193461,804.970851184612,15.013084922420775,0.0304076965341633,1.4425241944246712,9.065548743702595e-09,12.0,2601.85185546875,103.99556248395334,800.4157962057518,534.8936266961496,0.0
2457848.644086064,991836.7014984838,180.00399662998527,853093.4457554747,783.0356943809712,853093.4457554747,783.0356943809712,15.045131043997932,0.0302117921907321,0.6215106259564898,9.030988063798768e-09,12.0,1960.703662109375,34.5789904783683,800.4157962057518,534.8936266961496,4.0
2458585.5635011964,990971.4901812111,149.2735326208379,852159.8523026654,781.267043704475,852159.8523026654,781.267043704475,15.027953955304152,0.0301970295495997,1.5098311388501695,1.2924959432480513e-08,12.0,2566.3734375000004,72.67480462215009,800.4157962057518,534.8936266961496,0.0
2457876.64502801,991821.23749578,160.22186362206494,853076.7595524733,778.1174267478997,853076.7595524733,778.1174267478997,15.044824036286974,0.0301687582633385,0.930145940054404,8.187162934147147e-09,12.0,2188.033251953125,46.94393950349046,800.4157962057518,534.8936266961496,0.0
2458591.627385281,991274.2627748572,167.91832915746286,852486.5545839177,783.6265963343035,852486.5545839177,783.6265963343035,15.03396491654713,0.0302174591115147,1.607819888457086,9.227906753900717e-09,12.0,3981.63583984375,87.24729174996247,800.4157962057518,534.8936266961496,0.0
2457887.543517807,996020.6298321036,492.4026013473653,857608.0516341826,904.9416980435685,857608.0516341826,904.9416980435685,15.128194807312385,0.0313400815766794,1.0237863521681567,1.436209260290446e-08,12.0,34794.313281250004,151.41393329243186,800.4157962057518,534.8936266961496,2.0
2458592.5122987675,991347.5158584958,149.7362108334895,852565.5972384891,778.8322260339645,852565.5972384891,778.8322260339645,15.035419214115391,0.0301754070121277,1.6003578570864443,1.2879502597123041e-08,12.0,5102.36943359375,77.19037469683543,800.4157962057518,534.8936266961496,0.0
2457890.480495799,991820.8958060648,177.16998476104544,853076.3908572485,782.3860769264301,853076.3908572485,782.3860769264301,15.044817252701938,0.0302061078710305,0.9927308094853944,9.32336700927188e-09,12.0,3247.3397949218747,55.786148174548096,800.4157962057518,534.8936266961496,0.0
2458598.5287038027,991427.3539899243,182.96893099686346,852651.7453913147,786.524430257583,852651.7453913147,786.524430257583,15.03700424500591,0.0302428037864722,1.5821195220234212,9.395447091256566e-09,12.0,5963.827880859375,93.61134671465489,800.4157962057518,534.8936266961496,0.0
2457892.5499388035,991359.7367957949,158.93072022894282,852578.784059815,780.8690048486609,852578.784059815,780.8690048486609,15.0356618370674,0.0301932103676161,1.0075730102707492,8.729456137271875e-09,12.0,2226.445556640625,51.0353883273199,800.4157962057518,534.8936266961496,0.0
2458601.667416367,992068.9050345215,137.72256161421438,853344.0015406747,771.4544510005904,853344.0015406747,771.4544510005904,15.049740993791575,0.0301105646249679,1.593506198972184,1.4404480675437848e-08,12.0,3197.1473144531246,69.55903766773439,800.4157962057518,534.8936266961496,0.0
2457917.285651154,992091.9787168655,163.74601948878566,853368.8988557446,777.2020355154427,853368.8988557446,777.2020355154427,15.050199076898211,0.0301605386093765,0.9234622394340994,1.4295774079653849e-08,12.0,4597.065673828125,47.27767772476412,800.4157962057518,534.8936266961496,0.0
2458604.482127509,991654.1100345794,126.90980911972049,852896.4231416485,772.0402488207301,852896.4231416485,772.0402488207301,15.041506045448315,0.0301160014577372,1.5857305447682537,1.39138150852285e-08,12.0,2195.8531005859377,64.03550876120703,800.4157962057518,534.8936266961496,0.0
2457920.272670621,991896.5719440401,177.91972582518744,853158.0480727021,782.0901915033396,853158.0480727021,782.0901915033396,15.046319655303533,0.0302034493549743,0.9199528588607024,1.402611204676094e-08,12.0,2569.2224609375003,51.48153780084536,800.4157962057518,534.8936266961496,0.0
2458605.479514167,991494.2049128322,141.12226609358268,852723.8798892053,775.973735884453,852723.8798892053,775.973735884453,15.038331440118965,0.0301503413162481,1.4643838201384236,1.3792067409514614e-08,12.0,2306.467578125,66.12720213736104,800.4157962057518,534.8936266961496,0.0
2457920.518385048,992482.926107556,162.775291928912,853790.7448453367,774.4399816969521,853790.7448453367,774.4399816969521,15.057960577320626,0.0301361453416531,0.9730977032565,1.4383253025838666e-08,12.0,2399.5664306640624,49.28401822076416,800.4157962057518,534.8936266961496,0.0
2458605.552046745,991249.0602576552,151.51032476731163,852459.3601811344,779.8925951334617,852459.3601811344,779.8925951334617,15.033464569562929,0.0301847611233467,1.5016955487854844,8.288350495278063e-09,12.0,2360.481201171875,73.46568314896662,800.4157962057518,534.8936266961496,0.0
2457921.356053173,992511.0020663004,148.67710738476072,853821.0397926423,770.9515308584553,853821.0397926423,770.9515308584553,15.058517970900535,0.0301058275967807,0.9233477104980968,1.4237744795902421e-08,12.0,2245.92294921875,42.25024289220152,800.4157962057518,534.8936266961496,0.0
2458609.520190235,991207.8308630001,613.1106201901256,852414.8722136933,1009.7574541573734,852414.8722136933,1009.7574541573734,15.032646040083906,0.0324095857258633,0.1386143390620036,1.4183187415453172e-08,12.0,1639.57314453125,25.88472526271543,800.4157962057518,534.8936266961496,4.0
2457929.285980765,992197.9428392074,155.03953372722975,853483.237871978,774.430756391972,853483.237871978,774.430756391972,15.052302788548172,0.0301363072431213,0.9197928061614488,1.2139946359414852e-08,12.0,2566.2374755859373,44.36076496115631,800.4157962057518,534.8936266961496,0.0
2458613.474623938,991730.922849886,138.4509535236039,852979.3068719361,773.8356839127749,852979.3068719361,773.8356839127749,15.043031014568582,0.0301315307899268,1.5790682873567112,9.395221408191672e-09,12.0,2414.680859375,69.86858711123301,800.4157962057518,534.8936266961496,0.0
2457929.4048855733,991997.7816588349,162.82858500342138,853267.2569159147,777.591303540257,853267.2569159147,777.591303540257,15.048328977434448,0.0301640151905108,0.9604422298819004,7.780404998464868e-09,12.0,2174.035546875,49.24418348706674,800.4157962057518,534.8936266961496,0.0
2458614.502471317,990577.1763413443,208.12162672965934,851734.3737959685,799.4293362234312,851734.3737959685,799.4293362234312,15.020125620577886,0.0303578610735112,1.6072193560618042,9.183312818879614e-09,12.0,2341.200708007813,109.54625373886812,800.4157962057518,534.8936266961496,0.0
2457930.3349543903,991854.0618398674,192.71831439026232,853112.1781746312,786.4382278751109,853112.1781746312,786.4382278751109,15.045475699826802,0.0302416806763696,0.9574776518339512,8.489253843768165e-09,12.0,2073.8121337890625,58.625773439952766,800.4157962057518,534.8936266961496,0.0
2458616.53728144,990979.7045593719,138.2579561502278,852168.7159057151,778.847378260352,852168.7159057151,778.847378260352,15.028117035813407,0.0301758557615286,1.5766049944465017,1.3932082211491473e-08,12.0,2672.148876953125,70.51352703418489,800.4157962057518,534.8936266961496,0.0
2457937.51194528,991192.9812144741,193.03765440364683,852398.8489204654,790.8733460582761,852398.8489204654,790.8733460582761,15.03235122918082,0.0302813731428446,0.8863919651479503,9.247069612254564e-09,12.0,3318.874926757813,54.81941946073538,800.4157962057518,534.8936266961496,0.0
2458617.4488295107,991421.4594291286,180.50619930257628,852645.3849528222,785.9006382816824,852645.3849528222,785.9006382816824,15.0368872199606,0.0302373187262829,0.8489932340257147,1.2555192977334752e-08,12.0,4247.944775390625,48.70843545529937,800.4157962057518,534.8936266961496,0.0
2457938.324913888,991950.1458719741,164.61804696079204,853215.8562258803,778.3408519186897,853215.8562258803,778.3408519186897,15.04738326149248,0.0301705992542079,0.901013436648236,1.4247564601926404e-08,12.0,3781.470849609375,46.53922705510569,800.4157962057518,534.8936266961496,0.0
2458618.493078466,992014.0624036887,422.93716989262396,853284.8244124305,884.2406465142715,853284.8244124305,884.2406465142715,15.048652199972992,0.0311426375767401,0.4060031782897692,1.18920378668582e-08,12.0,7004.013330078124,54.24251981711069,800.4157962057518,534.8936266961496,4.0
2457939.2247257736,991507.4207640046,275.317034775674,852738.1402576052,816.7403372500783,852738.1402576052,816.7403372500783,15.038593815151772,0.0305126581084969,0.7579872718374027,1.3077116691841269e-08,12.0,9058.21669921875,66.88820243120684,800.4157962057518,534.8936266961496,0.0
2458627.48273309,991708.4984500781,232.55026526743782,852955.110155566,799.8121782158831,852955.110155566,799.8121782158831,15.042585821704453,0.0303603071453994,1.563027197402875,9.355378182583495e-09,12.0,7909.219921875,117.21967040467338,800.4157962057518,534.8936266961496,0.0
2457939.514383561,999168.1928599604,461.0667034301103,861004.3828846455,871.8819423782403,861004.3828846455,871.8819423782403,15.190683552222842,0.0310187715589687,0.6718258697210413,1.4400670107836989e-08,12.0,13647.1736328125,87.68566483542607,800.4157962057518,534.8936266961496,4.0
2458629.411726972,991211.8420937116,130.19403781024812,852419.200472761,775.6491353379702,852419.200472761,775.6491353379702,15.032725675271658,0.0301477562887899,1.4460842509663314,1.156571741690665e-08,12.0,2450.383374023437,60.44272058446492,800.4157962057518,534.8936266961496,0.0
2457941.5615749788,995695.1721566477,526.5940316252727,857256.8713515102,928.557312652871,857256.8713515102,928.557312652871,15.12173347787093,0.0315733166673547,0.8839119990742663,1.4042287991988964e-08,12.0,27979.825390625,140.51030822187025,800.4157962057518,534.8936266961496,0.0
2458630.4820207856,984933.9008194017,859.9210138666035,845645.0809555965,1231.9769842114626,845645.0809555965,1231.9769842114626,14.90808935587748,0.0349192529623232,0.0999158863423025,1.4385058098674502e-08,12.0,2786.37861328125,29.45121763832686,800.4157962057518,534.8936266961496,4.0
2457942.467166608,992403.3561072759,613.7853230044379,853704.886015455,1004.1589829606979,853704.886015455,1004.1589829606979,15.056380869652802,0.0323496968334174,0.9312557962758607,1.0997856279659221e-08,12.0,57543.68828125,182.5888347657091,800.4157962057518,534.8936266961496,2.0
2458638.391270046,992273.4837500559,124.64236700608973,853564.7491726044,767.5193410892106,853564.7491726044,767.5193410892106,15.053802506478052,0.0300763282405263,1.3353017470952573,1.3289304082019564e-08,12.0,2351.6949462890625,51.92297594371311,800.4157962057518,534.8936266961496,0.0
2457943.2138223667,993720.2384880307,473.67725615388065,855125.8484372899,904.5479032309531,855125.8484372899,904.5479032309531,15.08252500924264,0.0313380578935309,0.8769264004128148,1.436415906588898e-08,12.0,32499.0802734375,129.49415502969396,800.4157962057518,534.8936266961496,0.0
2458641.383334027,991318.3664952695,129.73662301406264,852534.1440499821,774.839678102174,852534.1440499821,774.839678102174,15.034840510176243,0.0301406175422245,1.5519635154278415,1.3023665384822302e-08,12.0,2235.6229248046875,64.4738933486731,800.4157962057518,534.8936266961496,0.0
2457945.4726590468,996541.1447755162,501.89673624342555,858169.705571848,908.6468501844913,858169.705571848,908.6468501844913,15.138528619608794,0.0313759460137632,0.9398342289763773,7.695200771899002e-09,12.0,17208.451171875,140.44373607623572,800.4157962057518,534.8936266961496,0.0
2458645.4248342896,991796.681418971,132.9335241002913,853050.2626816195,772.2718825273201,853050.2626816195,772.2718825273201,15.044336523120078,0.0301178897617856,1.5342904940969433,1.3499638440736477e-08,12.0,2292.279125976562,64.79917584641251,800.4157962057518,534.8936266961496,0.0
2457946.2266863934,995713.4557570674,380.2281136807548,857276.5999996506,841.1459849908994,857276.5999996506,841.1459849908994,15.122096463213108,0.0307328350197176,0.8129235109731638,1.3050886481772305e-08,12.0,2491.3254638671874,92.4663154299522,800.4157962057518,534.8936266961496,0.0
2458648.395952338,992008.7554465432,146.9628747337186,853279.0980189514,773.8308542342783,853279.0980189514,773.8308542342783,15.048546840655831,0.0301312514044455,1.5671679430349184,1.4240236462094964e-08,12.0,4828.29072265625,73.29710415563305,800.4157962057518,534.8936266961496,0.0
2457946.29006351,998327.8835326892,317.7571328883254,860097.6595551976,797.6092486952024,860097.6595551976,797.6092486952024,15.17400084412995,0.0303352675021138,0.8965409605870226,1.3631785002223458e-08,12.0,7962.1578125,81.33471304026489,800.4157962057518,534.8936266961496,0.0
2458654.406901687,992977.3952654947,215.1310203148043,854324.2944640847,786.0912669246659,854324.2944640847,786.0912669246659,15.06777730118066,0.0302376763484108,1.3418566202230988,9.393370773395062e-09,12.0,16192.4341796875,90.85409672237608,800.4157962057518,534.8936266961496,0.0
2457946.5581340897,994041.1757117264,323.86911220975736,855472.1509934671,822.2604775660534,855472.1509934671,822.2604775660534,15.088896593902366,0.0305606928596802,0.8465561099615586,1.384765428688596e-08,12.0,8521.48056640625,84.3156760304968,800.4157962057518,534.8936266961496,0.0
2458654.5382666388,995855.8173346536,280.91800384146427,857430.2131506955,793.6491307891597,857430.2131506955,793.6491307891597,15.124922775578606,0.0303020613459907,1.440343446487976,7.631913346976473e-09,12.0,18108.0796875,121.44542747265602,800.4157962057518,534.8936266961496,0.0
2457947.359176254,992589.5940777152,206.09380634546105,853905.8433381291,785.687687676851,853905.8433381291,785.687687676851,15.060078262500683,0.0302344521204303,0.939814861107088,1.4274078054991302e-08,12.0,4713.064404296875,60.75539864547928,800.4157962057518,534.8936266961496,0.0
2458655.359063696,994372.3370698837,233.4028345701803,855829.4857504519,783.8269844776971,855829.4857504519,783.8269844776971,15.095471158875627,0.0302166077022344,1.175449390010651,1.4305839829997708e-08,12.0,12629.62744140625,83.91848049180904,800.4157962057518,534.8936266961496,0.0
2457947.563845476,991226.5584411998,182.85994377047643,852435.079929479,787.8282951882816,852435.079929479,787.8282951882816,15.033017839741785,0.0302544621169675,0.9089850777431564,1.2692218754892212e-08,12.0,5048.66474609375,53.129780431646445,800.4157962057518,534.8936266961496,0.0
2458655.4597943854,991716.7223618706,206.27457466258446,852963.9840457399,791.3216254543516,852963.9840457399,791.3216254543516,15.042749091485447,0.0302848900049524,1.1702649428841556,1.3935998666726094e-08,12.0,7894.26337890625,77.45740917352138,800.4157962057518,534.8936266961496,0.0
2457948.3109961264,991752.7314885812,148.22575801518002,853002.8391604001,775.7966470005787,853002.8391604001,775.7966470005787,15.043463982692876,0.0301485771841989,0.9641438559225404,9.3789883425727e-09,12.0,2129.3146240234373,45.03023471390548,800.4157962057518,534.8936266961496,0.0
2458661.265094811,991799.122481809,142.51279179802955,853052.8966743068,774.2422095744399,853052.8966743068,774.2422095744399,15.044384985677182,0.030135007438497,1.4370935664868807,1.4394854860959342e-08,12.0,2860.220556640625,64.90013374246473,800.4157962057518,534.8936266961496,0.0
2457949.2338970103,991975.2730977711,177.12059946242113,853242.9693865883,781.366566331088,853242.9693865883,781.366566331088,15.0478821137122,0.0301970415334287,0.9164632772127996,1.4129792113611966e-08,12.0,2295.273779296875,50.88018222473648,800.4157962057518,534.8936266961496,0.0
2458661.2769119875,991485.6989157532,135.8484971879807,852714.7016190832,774.9340870180499,852714.7016190832,774.9340870180499,15.038162570083012,0.0301412954749133,1.4581079076173669,1.0043495070357594e-08,12.0,2794.7038818359374,63.18719289703698,800.4157962057518,534.8936266961496,0.0
2457949.5286355787,992451.003742509,194.17383371627204,853756.2994902998,783.0222158072795,853756.2994902998,783.0222158072795,15.057326820821176,0.0302111520707986,0.90425262381513,1.1830226181703231e-08,12.0,2692.264794921875,54.84520871773213,800.4157962057518,534.8936266961496,0.0
2458661.288732786,992300.136501916,140.23420772115713,853593.5084296067,770.4722194183378,853593.5084296067,770.4722194183378,15.054331645052043,0.0301018527827529,1.4574437335199648,1.2871818317507345e-08,12.0,2741.5324462890626,64.14899137237474,800.4157962057518,534.8936266961496,0.0
2457954.5466874936,994576.5370300055,269.10154620123797,856049.8246919661,795.881913635539,856049.8246919661,795.881913635539,15.099525152109711,0.0303229236558347,0.8384597395145389,1.4351348866736152e-08,12.0,2400.237255859375,68.10511087156944,800.4157962057518,534.8936266961496,0.0
2458661.300560111,992209.0775749524,138.98415637816623,853495.2526436102,770.801319457737,853495.2526436102,770.801319457737,15.052523847079954,0.0301047823003152,1.4678575947588508,1.0050080941790217e-08,12.0,2695.310693359375,64.21816476278167,800.4157962057518,534.8936266961496,0.0
2457956.3972719093,992251.234984057,160.45867694500674,853540.7419712944,775.3697447496362,853540.7419712944,775.3697447496362,15.05336080048178,0.0301444341425695,0.9452408881967496,1.3322670616899648e-08,12.0,1978.683752441406,47.33147142547675,800.4157962057518,534.8936266961496,0.0
2458661.312378998,991379.0311301568,155.04627571793515,852599.6033254408,779.8301321925262,852599.6033254408,779.8301321925262,15.036044888567083,0.030184103245591,1.5096884458597768,7.072532594615595e-09,12.0,2536.5210693359377,75.19785189015093,800.4157962057518,534.8936266961496,0.0
2457864.607423779,992213.2610893663,144.7101174343117,853499.7668028552,771.9999737985048,853499.7668028552,771.9999737985048,15.052606902625694,0.0301151742767965,1.0031187281596086,6.894712307067048e-09,12.0,2333.06787109375,45.24908715728628,800.4157962057518,534.8936266961496,0.0
2457957.431793813,991683.9818751779,200.3067620325177,852928.6559086619,789.7477728168496,852928.6559086619,789.7477728168496,15.04209909277118,0.0302710074203819,0.9550407292546784,1.4083076127764756e-08,12.0,1782.98583984375,60.83375189353039,800.4157962057518,534.8936266961496,0.0
2457867.461633925,0.0,0.0,0.0,0.0,0.0,0.0,0.0,0.0,0.0,0.0,12.0,0.0,0.0,0.0,0.0,5.0
2457958.375841024,992684.2780524341,157.48805947225878,854008.0106781977,771.8779499613948,854008.0106781977,771.8779499613948,15.06195802874871,0.0301137154031317,0.9464591705474076,1.4347469834581909e-08,12.0,1979.5222778320312,45.98935357304715,800.4157962057518,534.8936266961496,0.0
2457867.503143137,994111.2070404539,271.1484175342101,855547.7172611351,799.3392360457276,855547.7172611351,799.3392360457276,15.090286929790103,0.0303540768297576,0.8395182263322234,1.3272401468415952e-08,12.0,1991.2302490234376,69.22168573631653,800.4157962057518,534.8936266961496,0.0
2458670.304111639,992444.9701115601,128.40602569854408,853749.7889902191,767.1260545858457,853749.7889902191,767.1260545858457,15.057207034808332,0.0300727854480426,1.5288818813960243,1.1175362808771632e-08,12.0,2506.99296875,61.50742954080622,800.4157962057518,534.8936266961496,0.0
2457958.4738268424,991567.2421140781,171.5460969209394,852802.6895990802,782.5944599419958,852802.6895990802,782.5944599419958,15.03978145176202,0.0302081518233773,0.953501245725964,8.889932360734471e-09,12.0,1918.8660522460937,51.99008501436329,800.4157962057518,534.8936266961496,0.0
2457959.285541668,990488.0520802623,160.7935007580694,851638.2055825256,787.2242809178109,851638.2055825256,787.2242809178109,15.018356231635776,0.0302497751213763,0.9074650339736008,1.3676071390340745e-08,12.0,1943.278369140625,47.14707623865979,800.4157962057518,534.8936266961496,0.0
2457965.4062059973,994401.9794161388,218.14167616906985,855861.4708849934,778.5194914292837,855861.4708849934,778.5194914292837,15.09605965003444,0.0301700985696852,0.831176920969209,1.2050223496747728e-08,12.0,3793.043139648437,54.61491436597799,800.4157962057518,534.8936266961496,0.0
2457968.372264526,993550.5011188562,274.4003490294426,854942.6958439356,803.8865113985163,854942.6958439356,803.8865113985163,15.07915520375495,0.0303951659611452,0.9283937692291118,1.4343483017710982e-08,12.0,12049.73330078125,79.12819551039993,800.4157962057518,534.8936266961496,0.0
2457969.337479158,998600.5977740559,617.2495811249069,860391.9278167718,979.9251989301943,860391.9278167718,979.9251989301943,15.179415055223242,0.0320923732472601,0.9582934038272504,1.4184879770505993e-08,12.0,36842.744140625,170.48327250034686,800.4157962057518,534.8936266961496,2.0
2457971.25488241,996995.2045620942,394.5828336947407,858659.6520571408,842.6152866243042,858659.6520571408,842.6152866243042,15.147543093958152,0.0307454390553356,0.9119981885472974,7.151275063051611e-09,12.0,16980.7921875,105.9864109494194,800.4157962057518,534.8936266961496,0.0
2457972.309856973,998898.9042594812,392.6306531872132,860713.8110101181,833.0834192367399,860713.8110101181,833.0834192367399,15.185337350569798,0.0306558936178816,0.9471633010485292,1.3493263037917405e-08,12.0,20173.950976562497,106.04170071503484,800.4157962057518,534.8936266961496,0.0
2457972.451811716,999207.2312937402,551.3557035799547,861046.5067282174,930.7739602334046,861046.5067282174,930.7739602334046,15.191458584433038,0.0315927247229162,0.9392242802366088,7.564449316884973e-09,12.0,27039.145703125003,147.6011719856116,800.4157962057518,534.8936266961496,2.0
2457973.4934385763,995691.3689478964,483.6225941884282,857252.767555456,900.948041494395,857252.767555456,900.948041494395,15.121657972554788,0.0313013650834329,0.8816005204516125,1.2696036757323605e-08,12.0,18822.8087890625,128.62166851702386,800.4157962057518,534.8936266961496,0.0
2457974.410120264,991689.9253906698,195.77625055648278,852935.069170993,788.385097540537,852935.069170993,788.385097540537,15.042217089716797,0.0302589755863027,0.9550704312529236,9.21790923209964e-09,12.0,5175.965917968751,59.61659851431303,800.4157962057518,534.8936266961496,0.0
2457979.4607127523,991230.939448664,189.26063507982448,852439.807190674,789.5572373995617,852439.807190674,789.5572373995617,15.033104816128107,0.0302697119843573,0.7448675639808349,1.434249850253094e-08,12.0,2341.464184570312,44.62318571336181,800.4157962057518,534.8936266961496,0.0
2457980.3465413232,990135.7784984562,351.08111899276815,851258.0899934141,858.472772701245,851258.0899934141,858.472772701245,15.011362524505108,0.0308991895729455,0.2173549831095648,9.2089186806888e-09,12.0,1167.6030517578124,23.3146132673999,800.4157962057518,534.8936266961496,4.0
2457984.422287377,991740.7211937457,191.2075722958254,852989.8796297042,786.7467598173091,852989.8796297042,786.7467598173091,15.043225541637488,0.030244493729079,0.589150952022222,6.993699422448575e-09,12.0,1730.869763183594,34.95621802503222,800.4157962057518,534.8936266961496,4.0
2457985.416067456,993145.9576358934,167.1677933824506,854506.1791924192,771.3369707928725,854506.1791924192,771.3369707928725,15.07112377935191,0.0301086325738381,0.8427752595648995,1.4223352582483489e-08,12.0,1998.2717163085936,42.86563495520923,800.4157962057518,534.8936266961496,0.0
2457986.3395736446,0.0,0.0,0.0,0.0,0.0,0.0,0.0,0.0,0.0,0.0,12.0,0.0,0.0,0.0,0.0,5.0
2457986.4402559525,0.0,0.0,0.0,0.0,0.0,0.0,0.0,0.0,0.0,0.0,12.0,0.0,0.0,0.0,0.0,5.0
2457989.3459140854,991405.9382227176,165.7335570160439,852628.6370250084,782.2059370863119,852628.6370250084,782.2059370863119,15.036579076581251,0.030204883255681,0.8800726885709256,9.282265250529698e-09,12.0,2002.8342529296876,45.9548676172588,800.4157962057518,534.8936266961496,0.0
2457991.35228685,993669.6416145263,201.27558507402443,855071.2526305856,777.56812306748,855071.2526305856,777.56812306748,15.081520506681862,0.0301624016390242,0.8817728192265519,1.4407462819487262e-08,12.0,2156.29951171875,53.96228446518473,800.4157962057518,534.8936266961496,0.0
2457992.228028134,991402.8640744168,404.2600651264041,852625.319910831,877.5973129987411,852625.319910831,877.5973129987411,15.03651804534301,0.0310794661019467,0.8408918373678401,1.4409446750715296e-08,12.0,2381.7205322265627,109.73588107975168,800.4157962057518,534.8936266961496,2.0
2457992.424424709,992351.7267761114,161.61130623043078,853649.1761506095,774.9995732404963,853649.1761506095,774.9995732404963,15.05535586965234,0.0301411261188648,0.9051596125581892,1.24749268687221e-08,12.0,2052.214501953125,45.29910029551756,800.4157962057518,534.8936266961496,0.0
2458000.338311576,995245.398567398,357.37004280091355,856771.5498239404,831.8096981996225,856771.5498239404,831.8096981996225,15.112804097636973,0.0306470692325117,0.905635276848759,1.223268234139496e-08,12.0,12089.91376953125,97.80157179279549,800.4157962057518,534.8936266961496,0.0
2458001.2531239213,992485.2652167398,228.59096721099738,853793.2688264451,793.5518732552576,853793.2688264451,793.5518732552576,15.058007015786131,0.0303039872727946,0.8481586428330528,1.3393358199396585e-08,12.0,5341.06875,60.90882674888158,800.4157962057518,534.8936266961496,0.0
2458001.39438287,0.0,0.0,0.0,0.0,0.0,0.0,0.0,0.0,0.0,0.0,12.0,0.0,0.0,0.0,0.0,5.0
2458003.301929356,991822.7527092114,205.4105440559458,853078.3945210765,790.3724396486698,853078.3945210765,790.3724396486698,15.044854117904002,0.03027640781514,0.8723954660856816,1.4174229114732934e-08,12.0,4101.986181640625,56.76434153164303,800.4157962057518,534.8936266961496,0.0
2458006.261478247,991697.8072560681,155.45129376875897,852943.573981072,777.8042687020744,852943.573981072,777.8042687020744,15.04237356883157,0.0301661299394475,0.8941284224751738,1.0004670956160584e-08,12.0,1947.5056884765625,43.70276316558349,800.4157962057518,534.8936266961496,0.0
2458007.30300085,991555.6496071827,156.38545473894837,852790.1808762705,778.9643551003812,852790.1808762705,778.9643551003812,15.03955130507397,0.0301763831034812,0.936981976784135,1.4303108070567894e-08,12.0,2038.153369140625,46.353923308508,800.4157962057518,534.8936266961496,0.0
2458011.3294492178,0.0,0.0,0.0,0.0,0.0,0.0,0.0,0.0,0.0,0.0,12.0,0.0,0.0,0.0,0.0,5.0
2458013.2805298613,992068.4755865777,171.6010187126449,853343.5381512336,779.3251339290418,853343.5381512336,779.3251339290418,15.04973246793752,0.030179098529513,0.8466195743075119,1.3752646315938729e-08,12.0,1981.8579345703124,45.3937011719057,800.4157962057518,534.8936266961496,0.0
2458014.3746758066,996367.578244176,416.0890673485607,857982.4211777927,857.5175138782298,857982.4211777927,857.5175138782298,15.13508279355038,0.0308850968115347,0.7201101379655309,1.3907785014263933e-08,12.0,2319.4006591796874,88.34156219214366,800.4157962057518,534.8936266961496,2.0
2458016.350169125,993280.2658098259,236.1666477728369,854651.1024375713,791.2484254967759,854651.1024375713,791.2484254967759,15.07379020704405,0.0302829228637396,0.7019075643706588,1.23644638199656e-08,12.0,1947.7712646484372,50.74143661024945,800.4157962057518,534.8936266961496,0.0
2458019.2769672326,992595.42766852,182.1696216161831,853912.1379878556,778.7376320337535,853912.1379878556,778.7376320337535,15.06019407710534,0.0301735170170508,0.8980787240443147,1.3711527881058102e-08,12.0,2188.3953369140627,50.75570871163895,800.4157962057518,534.8936266961496,0.0
2458020.353819292,995431.7377501563,293.4268399652742,856972.6163582684,801.1532942004752,856972.6163582684,801.1532942004752,15.116503499858688,0.030369180064628,0.820130684654906,1.3168730307678538e-08,12.0,2507.8572265625,71.63795005625597,800.4157962057518,534.8936266961496,0.0
2458021.264199345,991676.8756761596,163.42005830109778,852920.9880698966,779.8419219110228,852920.9880698966,779.8419219110228,15.041958013004438,0.0301839513100643,0.7865355160899534,9.395385871002833e-09,12.0,2693.703369140625,40.2812536183499,800.4157962057518,534.8936266961496,0.0
2458024.2386872573,997582.1983765007,492.8359943525977,859293.0390355911,898.3154430255877,859293.0390355911,898.3154430255877,15.159196715000158,0.0312742695615818,0.6292574637278733,1.4313909711333929e-08,12.0,14067.7267578125,90.23414437172173,800.4157962057518,534.8936266961496,4.0
2458028.2844797974,0.0,0.0,0.0,0.0,0.0,0.0,0.0,0.0,0.0,0.0,12.0,0.0,0.0,0.0,0.0,5.0
2458032.255386229,993135.0600023184,261.95339097916013,854494.4202623705,801.5133806680321,854494.4202623705,801.5133806680321,15.070907428022782,0.0303742892159525,0.8290571620020071,1.2038571113836426e-08,12.0,3900.3750976562496,67.48095803933197,800.4157962057518,534.8936266961496,0.0
2458036.259397605,992170.4931442591,200.2780097459184,853453.6186853423,786.596811040862,853453.6186853423,786.596811040862,15.051757828218436,0.0302428078886114,0.6833441816569505,1.3864684844650075e-08,12.0,2003.014587402344,42.45891477505048,800.4157962057518,534.8936266961496,4.0
2458047.2626314773,992039.0481345743,182.5631034335539,853311.784895151,782.4103262396452,853311.784895151,782.4103262396452,15.049148243086318,0.0302061346835466,0.8630259154457515,1.3820233066692005e-08,12.0,2493.871337890625,49.16693900131491,800.4157962057518,534.8936266961496,0.0
2458053.2660810044,994760.2038298445,350.71999447370774,856248.0076310977,831.0763351890864,856248.0076310977,831.0763351890864,15.103171499363782,0.0306407264081651,0.7898571241980732,1.381383007700922e-08,12.0,4829.217480468749,84.0056284689921,800.4157962057518,534.8936266961496,0.0
2458165.628898226,991640.7539297134,205.5979348729588,852882.0114345782,791.6106987649792,852882.0114345782,791.6106987649792,15.04124088595108,0.030287512011313,0.8251434714248314,1.3879090945634476e-08,12.0,4091.948583984375,53.795527471905295,800.4157962057518,534.8936266961496,0.0
2458244.5503346254,995065.7889910414,309.4223273313605,856577.7447716937,810.0916324397098,856577.7447716937,810.0916324397098,15.109238298667709,0.0304496390324573,0.3503394414258198,1.3565913668372568e-08,12.0,2604.876708984375,31.263774451628848,800.4157962057518,534.8936266961496,0.0
2458244.569635066,992763.9236463069,275.5599102142365,854093.9510762258,809.0400820876202,854093.9510762258,809.0400820876202,15.063539237180354,0.0304420745630599,0.3468657535660501,1.1943190605390084e-08,12.0,2037.3539184570316,28.468383358409625,800.4157962057518,534.8936266961496,0.0
2458244.6371524567,0.0,0.0,0.0,0.0,0.0,0.0,0.0,0.0,0.0,0.0,12.0,0.0,0.0,0.0,0.0,5.0
2458244.680648196,0.0,0.0,0.0,0.0,0.0,0.0,0.0,0.0,0.0,0.0,12.0,0.0,0.0,0.0,0.0,5.0
2458245.376903666,993070.564678409,275.7579364363996,854424.8275386782,807.2722842506741,854424.8275386782,807.2722842506741,15.069626998748436,0.0304259272288225,0.2888001986245067,1.2565833138528969e-08,12.0,800.5296936035156,22.855406795971945,800.4157962057518,534.8936266961496,0.0
2458245.38150642,993680.6508549275,304.4007009607261,855083.131988326,815.6135945407029,855083.131988326,815.6135945407029,15.081739073747563,0.0305006345881066,0.2970892414018815,1.2755789604124954e-08,12.0,866.8133666992188,26.13708811838506,800.4157962057518,534.8936266961496,0.0
2458245.387137588,993527.0474934479,269.55486608374144,854917.3885569305,802.1136793031559,854917.3885569305,802.1136793031559,15.078689577617393,0.0303793264677234,0.3267903845822053,1.4357959731920407e-08,12.0,856.7095214843749,25.43386588094076,800.4157962057518,534.8936266961496,0.0
2458245.394157284,0.0,0.0,0.0,0.0,0.0,0.0,0.0,0.0,0.0,0.0,12.0,0.0,0.0,0.0,0.0,5.0
2458245.3975464413,0.0,0.0,0.0,0.0,0.0,0.0,0.0,0.0,0.0,0.0,12.0,0.0,0.0,0.0,0.0,5.0
2458245.4010269926,0.0,0.0,0.0,0.0,0.0,0.0,0.0,0.0,0.0,0.0,12.0,0.0,0.0,0.0,0.0,5.0
2458245.404493001,0.0,0.0,0.0,0.0,0.0,0.0,0.0,0.0,0.0,0.0,12.0,0.0,0.0,0.0,0.0,5.0
2458245.407971752,0.0,0.0,0.0,0.0,0.0,0.0,0.0,0.0,0.0,0.0,12.0,0.0,0.0,0.0,0.0,5.0
2458245.411440575,0.0,0.0,0.0,0.0,0.0,0.0,0.0,0.0,0.0,0.0,12.0,0.0,0.0,0.0,0.0,5.0
2458245.414915477,0.0,0.0,0.0,0.0,0.0,0.0,0.0,0.0,0.0,0.0,12.0,0.0,0.0,0.0,0.0,5.0
2458245.41839352,0.0,0.0,0.0,0.0,0.0,0.0,0.0,0.0,0.0,0.0,12.0,0.0,0.0,0.0,0.0,5.0
2458245.421856613,0.0,0.0,0.0,0.0,0.0,0.0,0.0,0.0,0.0,0.0,12.0,0.0,0.0,0.0,0.0,5.0
2458245.425334478,0.0,0.0,0.0,0.0,0.0,0.0,0.0,0.0,0.0,0.0,12.0,0.0,0.0,0.0,0.0,5.0
2458245.428797099,0.0,0.0,0.0,0.0,0.0,0.0,0.0,0.0,0.0,0.0,12.0,0.0,0.0,0.0,0.0,5.0
2458245.432624212,0.0,0.0,0.0,0.0,0.0,0.0,0.0,0.0,0.0,0.0,12.0,0.0,0.0,0.0,0.0,5.0
2458245.435748233,0.0,0.0,0.0,0.0,0.0,0.0,0.0,0.0,0.0,0.0,12.0,0.0,0.0,0.0,0.0,5.0
2458245.43921886,995068.7282307904,407.50957218285146,856580.9163147971,859.1272682351903,856580.9163147971,859.1272682351903,15.109296651558909,0.0309012716780176,0.3413977932379421,1.4153211808832888e-08,12.0,2126.1967041015623,41.1228343651383,800.4157962057518,534.8936266961496,0.0
2458245.4426962445,993916.036098024,288.573534553341,855337.1209473879,807.5280112618508,855337.1209473879,807.5280112618508,15.086412190149485,0.0304275223078057,0.3423610072200541,1.3189547335511796e-08,12.0,2141.804248046875,28.84722750166484,800.4157962057518,534.8936266961496,0.0
2458245.4457722,993831.343870633,335.1825342544008,855245.7350542337,828.6970418220875,855245.7350542337,828.6970418220875,15.084730790620224,0.0306196631410759,0.3447298523914793,1.4411276989868908e-08,12.0,2183.1376220703123,34.43436287295009,800.4157962057518,534.8936266961496,0.0
2458245.4496421674,994242.8689069557,307.30724225033964,855689.7850474643,813.6892735017591,855689.7850474643,813.6892735017591,15.092900820192778,0.0304827671707364,0.3452387029673781,1.4329528991947127e-08,12.0,2215.242260742187,31.02750452387456,800.4157962057518,534.8936266961496,0.0
2458245.452861729,994476.00421585,362.55385351469766,855941.3462483595,838.4881022339099,855941.3462483595,838.4881022339099,15.097529268525074,0.0307092375275853,0.3381501583994307,1.4199757867950532e-08,12.0,2228.315576171875,36.25128162605687,800.4157962057518,534.8936266961496,0.0
2458245.522762181,994482.370802189,447.7363687119923,855948.2160190197,885.0813409796326,855948.2160190197,885.0813409796326,15.097655664719891,0.0311487129579538,0.3072318116913486,1.3983529154465352e-08,12.0,2624.5919189453125,41.11521122627212,800.4157962057518,534.8936266961496,0.0
2458245.6629959457,992179.360812877,241.70033741558916,853463.1872117806,799.9758115999173,853463.1872117806,799.9758115999173,15.0519338785397,0.0303613675910406,0.8891305644933685,1.2288568864056848e-08,12.0,6756.14677734375,68.03871951473731,800.4157962057518,534.8936266961496,0.0
2458248.3703063037,992785.8705282318,220.26050045305544,854117.6325339996,788.927704808056,854117.6325339996,788.927704808056,15.063974949855233,0.0302628342149245,0.3590445726004219,1.1638385534418314e-08,12.0,906.1712829589844,22.84664129294702,800.4157962057518,534.8936266961496,0.0
2458248.5540916105,992157.2070541433,243.9951506906868,853439.2825266519,800.925818973923,853439.2825266519,800.925818973923,15.05149405872796,0.0303698637177466,0.3803965132215546,1.1340829823905343e-08,12.0,832.9331665039062,27.89160873354245,800.4157962057518,534.8936266961496,0.0
2458248.561047844,992866.1622365118,225.73440026715193,854204.2701122044,790.2307463952388,854204.2701122044,790.2307463952388,15.06556898563234,0.0302742732372576,0.37827009977665,1.4044109510032897e-08,12.0,839.6116821289063,24.936490723740278,800.4157962057518,534.8936266961496,0.0
2458248.6088403044,991764.3355728395,283.988615753767,853015.3603755911,818.5731204079741,853015.3603755911,818.5731204079741,15.043694359226947,0.0305290622527665,0.296234798976475,1.2661346056183736e-08,12.0,886.0594360351563,25.178837191354404,800.4157962057518,534.8936266961496,0.0
2458248.647842827,992093.9435184931,294.7033075656131,853371.0189458301,820.9296976721189,853371.0189458301,820.9296976721189,15.050238084214865,0.0305501978696111,0.287630362690105,1.4361707439669728e-08,12.0,1009.0406372070312,25.21420824163852,800.4157962057518,534.8936266961496,0.0
2458249.3877370623,0.0,0.0,0.0,0.0,0.0,0.0,0.0,0.0,0.0,0.0,12.0,0.0,0.0,0.0,0.0,5.0
2458249.6135519724,993634.9105431432,1561.935226581476,855033.7765825897,1843.4440744395758,855033.7765825897,1843.4440744395758,15.080830988778354,0.0430753402471766,0.0560837692413563,8.79852917001323e-09,12.0,1778.2999633789063,25.498810640771985,800.4157962057518,534.8936266961496,4.0
2458249.660658689,994698.2113177712,1219.6222204495116,856181.1155294359,1509.9404801486266,856181.1155294359,1509.9404801486266,15.101940758552876,0.0384297169240655,0.0773135570285921,1.435364180453082e-08,12.0,2116.7322265625,27.16937061863915,800.4157962057518,534.8936266961496,4.0
2458251.6463890783,992002.0463519503,195.96201171289937,853271.8586698327,786.4135736259615,853271.8586698327,786.4135736259615,15.04841364462547,0.0302413377390072,0.7983540232126639,1.1001512502011002e-08,12.0,2531.1085693359373,49.038538515974494,800.4157962057518,534.8936266961496,0.0
2458252.5170176453,991874.5093950095,159.6759605753262,853134.2418060524,777.6368534311293,853134.2418060524,777.6368534311293,15.045881646283148,0.0301645178316709,0.8922661456155493,1.0335949368627456e-08,12.0,2038.7853881835936,44.64499707618005,800.4157962057518,534.8936266961496,0.0
2458252.6311107883,992551.307253518,164.48981117014034,853864.5305077416,774.4240708766057,853864.5305077416,774.4240708766057,15.05931815203759,0.0301359489434142,0.8686127279307629,1.3433315555866965e-08,12.0,2381.256591796875,44.13307010164223,800.4157962057518,534.8936266961496,0.0
2458255.550055437,992396.4990964958,163.4808319318053,853697.4870595669,775.1678438268683,853697.4870595669,775.1678438268683,15.056244737034111,0.0301425528709126,0.911378242324136,1.1654929494474652e-08,12.0,2387.553393554688,46.370628527601205,800.4157962057518,534.8936266961496,0.0
2458256.570790551,992592.1106733215,168.11952480998733,853908.5588333318,775.0708171007217,853908.5588333318,775.0708171007217,15.06012822461407,0.0301415423456325,0.8960525956130324,1.2278068142469512e-08,12.0,2259.166674804688,46.6527460471514,800.4157962057518,534.8936266961496,0.0
2458275.5782391657,992455.431658568,162.94415892427682,853761.0773675174,774.6576728550845,853761.0773675174,774.6576728550845,15.057414728486432,0.0301380626321851,0.9066491133544162,9.16675275549766e-09,12.0,2849.9122314453125,45.87249756062507,800.4157962057518,534.8936266961496,0.0
2458276.3826346206,992687.8172104445,144.17237106284563,854011.8295542118,768.8198135950952,854011.8295542118,768.8198135950952,15.06202829185072,0.0300872179733296,0.8583698775623616,1.3524597608297437e-08,12.0,2001.275134277344,37.68020807062708,800.4157962057518,534.8936266961496,0.0
2458276.466373237,993826.8796773413,212.7203285562362,855240.9180326036,780.1652118743,855240.9180326036,780.1652118743,15.084642162741003,0.0301849640530016,0.8370144335113596,1.3656181780841445e-08,12.0,2315.7348876953124,53.96319687531876,800.4157962057518,534.8936266961496,0.0
2458277.3799642385,982661.0145322535,3369.086446477246,843192.5566828595,3728.8317393409748,843192.5566828595,3728.8317393409748,14.862965617241883,0.0735698632381588,0.0162976091606617,9.317784576137247e-09,12.0,870.2344360351562,18.02578521917415,800.4157962057518,534.8936266961496,6.0
2458277.5645917086,993532.4752940777,200.90696189668068,854923.2453447813,778.2878659769667,854923.2453447813,778.2878659769667,15.078797336047009,0.0301687996935676,0.7333121243992997,1.39315711160445e-08,12.0,2249.9937255859377,44.48006074516753,800.4157962057518,534.8936266961496,0.0
2458278.3772553224,993349.174849945,319.70925289580543,854725.4577163459,824.309358921687,854725.4577163459,824.309358921687,15.075158262073268,0.0305799423286905,0.3717806052671012,1.1148057509362904e-08,12.0,1754.8393188476564,35.86822500900505,800.4157962057518,534.8936266961496,4.0
2458278.511707504,992778.7068070075,199.09957976406548,854109.9026267503,782.3968831563652,854109.9026267503,782.3968831563652,15.063832728096914,0.0302053902511425,0.8106372659564196,1.439020680373625e-08,12.0,2225.47939453125,49.73652819266176,800.4157962057518,534.8936266961496,0.0
2458281.533399981,993504.4649820229,145.18875535522335,854893.0212325634,763.9008329014729,854893.0212325634,763.9008329014729,15.078241245754494,0.0300440840235229,0.900275775715877,1.4164572624915308e-08,12.0,1907.5010009765624,39.33499929565938,800.4157962057518,534.8936266961496,0.0
2458282.366727623,993594.7832145945,194.93955525777136,854990.4777832511,776.1401506828593,854990.4777832511,776.1401506828593,15.08003433867939,0.030150011484685,0.847620541409508,1.2572607143418474e-08,12.0,1964.2767822265623,50.28421063822432,800.4157962057518,534.8936266961496,0.0
2458292.2573339967,993703.7602962321,207.82587100268765,855108.0678885728,779.3664671190525,855108.0678885728,779.3664671190525,15.082197866778838,0.0301780810214381,0.8433381170859605,1.4350585678522724e-08,12.0,3936.359790039063,53.530161347896,800.4157962057518,534.8936266961496,0.0
2458292.3205451025,992589.2993296698,248.85309543286985,853905.5252946183,799.97359471612,853905.5252946183,799.97359471612,15.06007241085125,0.0303610022428021,0.8780444850983712,1.311992472254934e-08,12.0,3432.01171875,68.82208001657037,800.4157962057518,534.8936266961496,0.0
2458292.335195611,992645.1747784652,201.65714777167295,853965.8168697811,783.9963796573531,853965.8168697811,783.9963796573531,15.06118170926262,0.0302195392063576,0.8829642502726236,1.3525699503943969e-08,12.0,3251.335034179687,55.574894463794806,800.4157962057518,534.8936266961496,0.0
2458292.4291676264,992698.4637894407,178.16705091575147,854023.3175875373,777.0055247218835,854023.3175875373,777.0055247218835,15.062239658979257,0.030158309932424,0.8937916419194583,6.1920245015257906e-09,12.0,2258.052783203125,49.433938393429706,800.4157962057518,534.8936266961496,0.0
2458292.438991618,992492.3930023614,166.66396725406182,853800.9599579138,775.341787741333,853800.9599579138,775.341787741333,15.058148524112909,0.0301439859270957,0.8971961321954699,1.3710681561900032e-08,12.0,2249.09951171875,46.43917713080364,800.4157962057518,534.8936266961496,0.0
2458292.4539471027,992875.2261600028,180.17600092537302,854214.0504045549,776.4309017206471,854214.0504045549,776.4309017206471,15.065748932212562,0.0301531503455478,0.8962587207636564,1.2668710989680622e-08,12.0,3250.313720703125,49.9047059826334,800.4157962057518,534.8936266961496,0.0
2458292.5442784973,992984.1290198164,170.3707075483093,854331.5604219177,773.164692051453,854331.5604219177,773.164692051453,15.067910986781994,0.0301246342182643,0.8671112237576883,1.3865075745032351e-08,12.0,3018.887377929688,45.20643321934712,800.4157962057518,534.8936266961496,0.0
2458292.5602166457,993545.3186109045,203.9539363937517,854937.1037355148,779.1321633834499,854937.1037355148,779.1321633834499,15.079052315134604,0.0301761653310909,0.8520764761955295,1.4159762279215902e-08,12.0,1987.9052368164064,52.94584464435905,800.4157962057518,534.8936266961496,0.0
2458300.3764654133,996235.2814028753,430.74764048489976,857839.6682313156,866.5297942474836,857839.6682313156,866.5297942474836,15.132456296957502,0.0309702348869917,0.8690239217712106,7.964679633048029e-09,12.0,14968.795996093751,111.69579970562992,800.4157962057518,534.8936266961496,0.0
2458303.3902546847,992874.1954312279,161.8703139512485,854212.9382119419,771.7284180076759,854212.9382119419,771.7284180076759,15.065728469096522,0.030112257330804,0.8958088014141161,1.3022003260187485e-08,12.0,2542.248706054688,44.55323205565045,800.4157962057518,534.8936266961496,0.0
2458304.460700609,992618.3717497592,185.24871190434476,853936.8954587738,779.4375987033916,853936.8954587738,779.4375987033916,15.060649587233993,0.0301796151547093,0.8983880603798002,1.1455227993510368e-08,12.0,2094.232788085937,51.86336340330354,800.4157962057518,534.8936266961496,0.0
2458305.310702689,993003.6822392785,151.303254296566,854352.6590336738,768.4091846288725,854352.6590336738,768.4091846288725,15.068299177942038,0.0300833993913527,0.8824415671309352,1.2095615091546273e-08,12.0,1930.215478515625,40.58137821216341,800.4157962057518,534.8936266961496,0.0
2458306.3011274,992786.0988066253,184.21529467490876,854117.8788544164,778.0935871713658,854117.8788544164,778.0935871713658,15.063979481878931,0.0301677307828299,0.8784699720934448,8.112267435506032e-09,12.0,1799.7563842773438,50.171589024172434,800.4157962057518,534.8936266961496,0.0
2458308.299214352,992922.6581673395,174.68412917630985,854265.2312093134,774.6701476096101,854265.2312093134,774.6701476096101,15.066690602508237,0.0301377757871844,0.8657383542593359,1.1880115482791692e-08,12.0,1785.6865600585936,46.57224688345396,800.4157962057518,534.8936266961496,0.0
2458310.2902359487,993071.2308153877,177.10913134893974,854425.5463239152,774.3813555980267,854425.5463239152,774.3813555980267,15.069640223603146,0.0301351379627848,0.8515756916312841,1.1824869663617696e-08,12.0,1895.2829345703124,46.34044892682527,800.4157962057518,534.8936266961496,0.0
2458320.262301332,992070.8219582852,207.77752747384895,853346.0699688598,789.4958515022892,853346.0699688598,789.4958515022892,15.049779050586311,0.0302684537836408,0.8539510541538549,8.685227764925101e-09,12.0,3254.4562255859373,55.99162017073924,800.4157962057518,534.8936266961496,0.0
2458673.493156136,991994.3152874288,137.7213410685375,853263.5165792067,771.9439802334296,853263.5165792067,771.9439802334296,15.048260159368953,0.0301148750647529,1.4776461766524138,1.4327233871589976e-08,12.0,2409.570678710937,64.46296100217775,800.4157962057518,534.8936266961496,0.0
2458674.293169077,993008.43998348,155.7468780245347,854357.7928070637,769.4122257319242,854357.7928070637,769.4122257319242,15.068393633703892,0.0300920727538158,1.4641580909214198,1.4408800405821164e-08,12.0,2950.02802734375,70.74731830470398,800.4157962057518,534.8936266961496,0.0
2458700.2824814324,991953.0359439594,137.78584889700645,853218.9747152372,772.2290023747793,853218.9747152372,772.2290023747793,15.047440638253322,0.0301173839090354,1.4746027215328523,1.1557944291275048e-08,12.0,2197.083471679688,64.16235407490318,800.4157962057518,534.8936266961496,0.0
2458702.3185701845,991459.2409200665,144.35688404449715,852686.1525108421,776.8999508690864,852686.1525108421,776.8999508690864,15.037637298014204,0.0301584445992461,1.5071119861671711,1.41991604583073e-08,12.0,2334.131396484375,69.7341853076093,800.4157962057518,534.8936266961496,0.0
2458705.3352435925,992245.5576481952,198.64378620929818,853534.6159261493,785.6339862624619,853534.6159261493,785.6339862624619,15.053248088015252,0.0302342708520136,1.510556100201541,1.1589954440494541e-08,12.0,7283.210205078125,95.46509495482992,800.4157962057518,534.8936266961496,0.0
2458710.252768423,999734.0540645318,289.62533007519625,861614.9670335583,778.781891121171,861614.9670335583,778.781891121171,15.201917626379354,0.0301681119947362,1.5042828727041315,1.2559721330096414e-08,12.0,16508.4857421875,122.66034052413605,800.4157962057518,534.8936266961496,0.0
2458710.315049884,991138.6566990685,190.36084888685258,852340.2308569964,790.4793635885843,852340.2308569964,790.4793635885843,15.031272721536796,0.0302779370692481,1.498954452525874,9.361589625842793e-09,12.0,5044.518945312499,92.63965944143374,800.4157962057518,534.8936266961496,0.0
2458711.294911447,991714.5038378967,137.90442624463878,852961.5901803152,773.8310617239586,852961.5901803152,773.8310617239586,15.042705047004851,0.0301315046585166,1.4626232656541494,1.4238431827266373e-08,12.0,4866.26962890625,64.15721426210874,800.4157962057518,534.8936266961496,0.0
2458712.329617274,990813.4132414097,173.05311059191698,851989.2817228644,788.0267640839634,851989.2817228644,788.0267640839634,15.024815644973268,0.0302565667868019,1.4012110381768312,1.2502709117589514e-08,12.0,4667.054736328125,78.83415302183164,800.4157962057518,534.8936266961496,0.0
2458713.2776971417,991842.3934386338,140.31828022584392,853099.5875591596,773.4892797062565,853099.5875591596,773.4892797062565,15.045244046404196,0.0301284243874102,1.3416058102989783,1.4389688346991957e-08,12.0,3450.33447265625,59.694999829779256,800.4157962057518,534.8936266961496,0.0
2458715.2213979037,991276.2117325581,136.17874894976842,852488.6575778492,776.4099017106228,852488.6575778492,776.4099017106228,15.03400360931342,0.030154329359842,1.4588890014895,1.3860946318508846e-08,12.0,3311.756225585937,63.79799872249996,800.4157962057518,534.8936266961496,0.0
2458720.331608325,991837.7293809534,122.08251703694366,853094.5548768241,769.9103784621234,853094.5548768241,769.9103784621234,15.045151450606111,0.0300973807059106,1.4154518060319063,1.2980919700721751e-08,12.0,2216.689794921875,54.50088092559433,800.4157962057518,534.8936266961496,0.0
2458721.2271488667,992011.6695585978,139.5314895956449,853282.242448389,772.2083531539462,853282.242448389,772.2083531539462,15.048604694685524,0.0301171546195909,1.399877706969637,1.4282446345736381e-08,12.0,2501.719189453125,61.591252388674064,800.4157962057518,534.8936266961496,0.0
2458724.241694077,992001.0134345535,139.7369282805984,853270.7441156199,772.3216021886524,853270.7441156199,772.3216021886524,15.048393138058604,0.0301181467368208,1.424627771564707,1.3963659236496652e-08,12.0,2329.418212890625,62.80507467371264,800.4157962057518,534.8936266961496,0.0
2458725.330755036,991342.1229213561,169.9590351508575,852559.7780695717,783.685807284898,852559.7780695717,783.685807284898,15.035312147832608,0.0302179207372553,1.4334021955938578,1.4411914000221924e-08,12.0,2141.810375976562,78.44122916798075,800.4157962057518,534.8936266961496,0.0
2458730.263355776,992067.6609103977,156.30434246904554,853342.6590869713,775.5745315746645,853342.6590869713,775.5745315746645,15.04971629412572,0.0301463737314292,1.4625598562317597,8.664179318155451e-09,12.0,2957.700122070313,72.6583628428373,800.4157962057518,534.8936266961496,0.0
2458686.28140584,1148321.6853853436,1677.4603149721604,1100626.4983114991,1845.976994571369,1100626.4983114991,1845.976994571369,19.449236285454354,0.0507995634962756,1.0127259189201032,1.4575849511993485e-08,12.0,476.4765167236328,32.65817431026171,833.3530369970207,541.0347756077649,0.0
2458687.359370948,1138646.2524796487,1259.4987241382648,1089979.0770896578,1386.0272274100296,1089979.0770896578,1386.0272274100296,19.262586868234767,0.0460815231367148,0.9118368058583162,1.4554291089784631e-08,12.0,437.0330200195313,25.42431102459627,833.3530369970207,541.0347756077649,0.0
2458690.319398819,1148663.7746178524,1551.6989277871753,1101002.953627708,1707.5816921747623,1101002.953627708,1707.5816921747623,19.455835551503444,0.0492897350116106,1.0080586848864304,1.4507745690205424e-08,12.0,465.96461486816406,29.711851275322097,833.3530369970207,541.0347756077649,0.0
2458691.239322507,1142433.5898758469,384.02819487168347,1094146.8881798277,422.60744213889825,1094146.8881798277,422.60744213889825,19.33564864487095,0.0398513638688208,1.0000157877133913,8.229426612641403e-09,12.0,451.9859558105469,0.1646914100394236,833.3530369970207,541.0347756077649,0.0
2458692.2359629823,1145569.3580971155,1870.3572002348674,1097597.6738378268,2058.2521878151097,1097597.6738378268,2058.2521878151097,19.39614095738453,0.0532464912158227,0.6533451549487261,1.4469475797095797e-08,12.0,401.3903076171875,24.002989729212626,833.3530369970207,541.0347756077649,4.0
2458692.4018155043,1145254.492235837,1656.860249304785,1097251.1767367586,1823.3074583866826,1097251.1767367586,1823.3074583866826,19.390066859193503,0.0505463673721351,0.6881107785406831,1.458689157267988e-08,12.0,402.2759246826172,22.227491221409224,833.3530369970207,541.0347756077649,4.0
2458693.2325073606,1148406.3227371587,1873.8091415458716,1100719.638282047,2062.0509091260383,1100719.638282047,2062.0509091260383,19.450869030215777,0.0532925024570099,0.6896760462414205,1.4584461277420105e-08,12.0,412.9265991210937,24.201775746643907,833.3530369970207,541.0347756077649,4.0
2458697.22176838,1142144.0003919152,1257.0112926447678,1093828.2067061525,1383.2899100073,1093828.2067061525,1383.2899100073,19.330062154949974,0.0460571259928736,0.99285179635607,1.4506153167066213e-08,12.0,570.4770202636719,26.235119595192003,833.3530369970207,541.0347756077649,0.0
2458686.2853442347,1041932.8886901803,457.27056109386393,971725.5475783978,963.2521556268321,971725.5475783978,963.2521556268321,17.171801606099475,0.0324254158096765,1.0000699268786484,1.4918192242698822e-08,12.0,1275.2763916015624,50.86083720104384,833.6745710071943,541.523063267995,0.0
2458687.363336373,1037946.0703553052,352.74823169178205,967269.0308772872,873.1503960414793,967269.0308772872,873.1503960414793,17.090640310264586,0.0315704235710144,0.9397248666881266,9.354456625911355e-09,12.0,1151.7527587890625,38.90716454010769,833.6745710071943,541.523063267995,0.0
2458690.3233370697,1042185.8414905263,505.9827791996369,972008.3014649923,995.2562682119008,972008.3014649923,995.2562682119008,17.176951069991915,0.032744267368759,0.9757174924618416,1.5137751254186792e-08,12.0,1295.4782470703124,54.731418887017135,833.6745710071943,541.523063267995,0.0
2458691.243268137,1038938.091563795,75.11818658500535,968377.9249156276,792.5148968845224,968377.9249156276,792.5148968845224,17.110835292833116,0.0308561518205449,0.9971540022031004,1.0841077382415506e-08,12.0,1164.55859375,2.243033803518392,833.6745710071943,541.523063267995,0.0
2458692.2399123167,1040538.8935473514,439.2851569453427,970167.3219173634,941.2490210156795,970167.3219173634,941.2490210156795,17.14342347530033,0.0322112404470514,0.7486116550745634,1.3712171684170785e-08,12.0,1077.0502197265623,36.88187546923877,833.6745710071943,541.523063267995,0.0
2458692.405769706,1040759.8879054271,469.12089495725115,970414.3522470379,960.8330942441423,970414.3522470379,960.8330942441423,17.147922348077337,0.0324023152433552,0.7607079441985987,1.499630229845727e-08,12.0,1048.4046875,40.10175208611325,833.6745710071943,541.523063267995,0.0
2458693.2364349067,1041419.8316865532,426.0292423874249,971152.0458752259,940.8798899595707,971152.0458752259,940.8798899595707,17.16135709427226,0.0322071191900456,0.7733818131825585,1.5043076359597017e-08,12.0,1103.076904296875,36.33626860746435,833.6745710071943,541.523063267995,0.0
2458697.2257099785,1040976.6443838227,388.0746012675626,970656.645420417,916.3720028382529,970656.645420417,916.3720028382529,17.15233494859973,0.0319721644735545,0.9951711280412582,1.5446957079672646e-08,12.0,1281.14814453125,43.475105094474365,833.6745710071943,541.523063267995,0.0
2458686.289289057,1067994.4681246073,769.3384434769375,986394.607909173,1808.685101433127,986394.607909173,1808.685101433127,15.089476625794834,0.035084279724526,0.991338013052398,6.7536805972891236e-09,12.0,2329.327392578125,66.89897486688366,823.5079846795023,538.5114991291639,0.0
2458687.366476315,1061999.9209255183,1366.8785053993784,978728.6437665106,2257.8031556102123,978728.6437665106,2257.8031556102123,14.954807226070749,0.0423528669084401,0.1817849443301076,7.369501845622736e-09,12.0,411.3742218017578,22.649037901115115,823.5079846795023,538.5114991291639,0.0
2458690.3272815244,1065918.225268396,900.0549810533513,983739.4610300899,1880.340195212085,983739.4610300899,1880.340195212085,15.042833173029976,0.036224269502005,0.9444128294707193,5.896280792692493e-09,12.0,2438.5252685546875,77.36548152773194,823.5079846795023,538.5114991291639,0.0
2458691.2472144035,1066891.7676051024,96.96269954431266,984984.4492496668,1506.434314670677,984984.4492496668,1506.434314670677,15.064704109688918,0.0303567119184447,1.0002246226349596,4.498207541974647e-09,12.0,2108.979858398437,0.9165524073041964,823.5079846795023,538.5114991291639,0.0
2458692.243852184,1069694.733807167,975.5529986577499,988568.9465743984,1984.2369934544693,988568.9465743984,1984.2369934544693,15.127673632380514,0.0379030931831448,0.7848495826620054,7.1410252717347495e-09,12.0,2077.511108398437,65.2848764743568,823.5079846795023,538.5114991291639,0.0
2458692.4097199533,1065880.2400489275,894.1761746607428,983690.8846621477,1875.301779728095,983690.8846621477,1875.301779728095,15.041979823054705,0.0361435072232686,0.7709107567831133,7.541534413387502e-09,12.0,1965.4683837890625,62.520355221955874,823.5079846795023,538.5114991291639,0.0
2458693.240378745,1068203.4727309651,801.6082098014452,986661.8877828277,1834.0344300063198,986661.8877828277,1834.0344300063198,15.094171980413453,0.0354884983962387,0.8062069088594619,6.121908132848811e-09,12.0,2116.5352783203125,56.20238437619734,823.5079846795023,538.5114991291639,0.0
2458697.229659527,1066711.4023515037,656.6995006000408,984753.7940357274,1717.9093617898568,984753.7940357274,1717.9093617898568,15.060652147192574,0.033644225836957,0.9883959027875746,7.444632645567723e-09,12.0,2378.46728515625,58.08301126657136,823.5079846795023,538.5114991291639,0.0
2458205.652798068,1088310.1972791504,475.0955765603669,969475.9747639284,483.3045467662658,969475.9747639284,483.3045467662658,17.20590877131501,0.0286131337459339,0.8431972581371747,8.416470636577743e-09,12.0,1264.647814941406,31.704180405536874,824.775986949126,570.3459370716787,0.0
2458223.52255063,1087750.0447674694,407.4738948474655,968906.143620187,414.51445937282165,968906.143620187,414.51445937282165,17.19617283668957,0.0282967192956944,0.8840392143850541,8.844662429153153e-09,12.0,1050.7621459960938,28.5316553321651,824.775986949126,570.3459370716787,0.0
2458224.5194690176,1093840.2460958692,6062.151375757927,975101.5748932955,6166.8966575126815,975101.5748932955,6166.8966575126815,17.302025797718287,0.1088677663000939,0.0455600612636345,8.85450131549686e-09,12.0,633.7807739257812,18.988355651943728,824.775986949126,570.3459370716787,4.0
2458229.6193792643,1088304.4303185535,410.1333034765657,969470.1081585234,417.21981876904897,969470.1081585234,417.21981876904897,17.20580853655718,0.0283079363800406,1.0118309124233078,8.860481882800559e-09,12.0,1041.9315307617187,32.93238971033667,824.775986949126,570.3459370716787,0.0
2458230.665573424,1088500.7362463647,339.44491779480023,969669.8059712352,345.3100391602631,969669.8059712352,345.3100391602631,17.209220503191077,0.0280236441676264,1.0181928354397516,8.858052368913155e-09,12.0,1153.9435424804688,26.92618668052808,824.775986949126,570.3459370716787,0.0
2458231.498728465,1089084.7770676815,99.05890088705229,970263.9381803435,100.7704966293185,970263.9381803435,100.7704966293185,17.219371637277533,0.0274491897831621,0.9997261402104516,5.365721206223067e-09,12.0,1018.3967956542969,0.0894268195166981,824.775986949126,570.3459370716787,0.0
2458333.3159887022,1088210.373450025,365.83050369061357,969374.426122198,372.15153013954153,969374.426122198,372.15153013954153,17.204173746916908,0.0281239711665635,0.9344003033813012,7.878200713072507e-09,12.0,965.0130310058594,26.70747153723787,824.775986949126,570.3459370716787,0.0
2458334.3507070728,1088544.3698786108,528.4286208407615,969714.1935300697,537.5591095643796,969714.1935300697,537.5591095643796,17.20997889341904,0.0288941278641405,0.6326790254724366,7.53114893838131e-09,12.0,881.3001892089844,25.76586840999284,824.775986949126,570.3459370716787,4.0
2458353.249066632,1086537.6161011436,1212.6980694614513,967672.7659253083,1233.6517529140208,967672.7659253083,1233.6517529140208,17.175099778929017,0.0345668323347849,0.949652496516213,5.579324050441419e-09,12.0,11607.22802734375,97.1393588654178,824.775986949126,570.3459370716787,0.0
2458354.3507838915,1081776.0973750122,958.6678844498197,962828.9749843086,975.2322906221059,962828.9749843086,975.2322906221059,17.092340469511058,0.032069205692753,0.945085163432456,8.835461461503483e-09,12.0,17368.628125,82.57464312048155,824.775986949126,570.3459370716787,0.0
2458359.3440173524,1088152.7723828515,582.201774441967,969315.8297911912,592.2613861411935,969315.8297911912,592.2613861411935,17.20317259060203,0.0292049265517911,0.9010830883404292,8.750546219502233e-09,12.0,1910.7761596679688,42.29082095106275,824.775986949126,570.3459370716787,0.0
2458366.2266469877,1088102.9022713886,555.543772896831,969265.0979957242,565.142772560858,969265.0979957242,565.142772560858,17.20230580497698,0.0290476706860507,0.7529535017285146,8.493129908933217e-09,12.0,1123.9332885742188,33.3029464285803,824.775986949126,570.3459370716787,0.0
2458392.2378212907,1087866.6428295951,375.31727314275133,969024.756329607,381.80221736238497,969024.756329607,381.80221736238497,17.198199411750153,0.0281619494733683,0.8742939144398854,8.621721770579459e-09,12.0,1172.746411132813,25.734850028014744,824.775986949126,570.3459370716787,0.0
2457959.26848149,1019295.1655395908,266.4513869681545,852659.0032351137,656.6060131349565,852659.0032351137,656.6060131349565,15.05663465136418,0.0238742399186123,0.2768350619584946,6.5257281641060245e-09,12.0,403.0347290039063,18.74113151895214,827.3698093552679,567.2056520089427,0.0
2457917.584255421,1019161.4432522026,243.5155022028187,852515.0687003183,647.0321899206979,852515.0687003183,647.0321899206979,15.054324342217663,0.0238068706900398,0.7836899887435747,4.9937421636864754e-09,12.0,9831.4169921875,53.07767205516532,827.3698093552679,567.2056520089427,0.0
2457959.2140675774,1019330.1287657187,229.22559707913862,852696.6365704834,639.9018677209166,852696.6365704834,639.9018677209166,15.057238708194902,0.0237570786910032,0.2777875411789654,6.906965819989751e-09,12.0,584.2210083007812,15.663829185720044,827.3698093552679,567.2056520089427,0.0
2457917.6440747976,1018411.4593908399,377.0479110620514,851707.8092651254,721.6245287039899,851707.8092651254,721.6245287039899,15.04136693168798,0.0243534031097477,0.7665600642628231,4.262539534021046e-09,12.0,9688.8203125,82.04622510204445,827.3698093552679,567.2056520089427,0.0
2457959.426954712,1018758.6691179186,212.7570662636512,852081.5350779266,636.9003811060294,852081.5350779266,636.9003811060294,15.047365646067634,0.0237365862933185,0.2829420080358973,7.587756937454407e-09,12.0,381.9117126464844,14.882013735516203,827.3698093552679,567.2056520089427,0.0
2457918.431209703,1018020.5465560002,283.8807649679682,851287.0427786461,672.7766418301444,851287.0427786461,672.7766418301444,15.034613162249364,0.0239906087247513,0.6557746293552957,5.336835119558671e-09,12.0,3687.8232421875,52.82834420594822,827.3698093552679,567.2056520089427,0.0
2457961.216593971,1019512.6390430693,199.4210519476562,852893.084988912,627.0731023064892,852893.084988912,627.0731023064892,15.060391923499068,0.0236686865872113,0.3125529229036702,6.8463934071949404e-09,12.0,585.4190063476562,15.17616074926091,827.3698093552679,567.2056520089427,0.0
2457918.4950431297,1018864.8134875745,153.9763928038317,852195.7855949186,616.2842706873378,852195.7855949186,616.2842706873378,15.04919949375942,0.0235959026132798,0.6532625170152241,8.164044028396649e-09,12.0,1734.038330078125,27.05228133819497,827.3698093552679,567.2056520089427,0.0
2457961.241870827,1019639.530974354,177.58925465669708,853029.6675396248,618.6112416096662,853029.6675396248,618.6112416096662,15.06258422513548,0.0236111816301251,0.3163520625889413,8.26371544758044e-09,12.0,490.7559814453125,13.140584485072248,827.3698093552679,567.2056520089427,0.0
2457918.644912304,1018856.1120215255,232.1117180879162,852186.4196059557,644.0710250774445,852186.4196059557,644.0710250774445,15.049049159234087,0.0237863327979323,0.6546189150209407,8.076323272994111e-09,12.0,4242.8173828125,42.15270330431386,827.3698093552679,567.2056520089427,0.0
2457961.2695889114,1019049.2788167817,235.2375124521489,852394.3383707061,644.1742194984591,852394.3383707061,644.1742194984591,15.052386486336427,0.0237869525539479,0.3217805153762739,4.578172655931162e-09,12.0,468.71630859375,19.62934280228144,827.3698093552679,567.2056520089427,0.0
2457919.271156578,1019081.0346568871,184.23891411202493,852428.5193749476,624.4357204610425,852428.5193749476,624.4357204610425,15.052935129418165,0.0236509397735966,0.6457798919048748,6.034189946657574e-09,12.0,1534.2459716796875,32.27677846547412,827.3698093552679,567.2056520089427,0.0
2457961.4813785376,1019453.7412454034,192.28641552511,852829.689220912,624.8604550074499,852829.689220912,624.8604550074499,15.059374351011202,0.0236536358852734,0.3150231253354694,5.3616262986184465e-09,12.0,507.3126220703125,14.697248939684536,827.3698093552679,567.2056520089427,0.0
2457919.358336585,1018951.7789926693,161.90619903321522,852289.3925752034,618.0657824122502,852289.3925752034,618.0657824122502,15.05070198975899,0.0236078593257599,0.7306034091373494,6.430355398788249e-09,12.0,2210.1640625,32.193356065466325,827.3698093552679,567.2056520089427,0.0
2457961.5290685077,1019646.0153785596,194.87357279487333,853036.6471517826,624.5696373912193,853036.6471517826,624.5696373912193,15.06269625566262,0.023651557211278,0.3079700589281084,3.604056719730667e-09,12.0,526.9205932617188,14.46599563239016,827.3698093552679,567.2056520089427,0.0
2457919.39672299,1018306.3099810013,156.95762711972165,851594.6296921115,620.8383633987743,851594.6296921115,620.8383633987743,15.039550273836513,0.023626933263828,0.7256624806130183,5.6999509274265974e-09,12.0,2455.56005859375,31.326046980029947,827.3698093552679,567.2056520089427,0.0
2457966.397733604,1017374.6123492891,518.2346506882319,850591.7791739953,822.0896600928835,850591.7791739953,822.0896600928835,15.023453409189742,0.0251609030856213,0.2226688779159363,7.343883894558388e-09,12.0,2390.638427734375,32.4473051402969,827.3698093552679,567.2056520089427,4.0
2457919.428972504,1018428.247041215,139.63182514446623,851725.8789728335,615.2110191972653,851725.8789728335,615.2110191972653,15.041656970566084,0.0235889148231781,0.7371567570318898,5.415379909647959e-09,12.0,2435.881103515625,27.981085515501203,827.3698093552679,567.2056520089427,0.0
2457966.435136967,1021148.3817551404,1030.1474490772423,854653.7478589985,1250.5911687914534,854653.7478589985,1250.5911687914534,15.088652518070656,0.0293564083998741,0.0868302310179354,6.895150092760495e-09,12.0,1866.2684326171875,22.910177128992,827.3698093552679,567.2056520089427,4.0
2457919.4377928763,1018024.5062280396,164.23556793108872,851291.304847177,624.8830401304433,851291.304847177,624.8830401304433,15.034681573183017,0.0236545365896054,0.7317043948740237,5.553307758427685e-09,12.0,2444.318603515625,33.455517254408534,827.3698093552679,567.2056520089427,0.0
2458205.6569166663,1019950.5966840155,167.47361709474058,853364.489049828,613.3428780551633,853364.489049828,613.3428780551633,15.067958482248777,0.0235755829922727,0.9432661055043348,6.262206997713713e-09,12.0,2562.617919921875,42.77998228056628,827.3698093552679,567.2056520089427,0.0
2457919.462436926,1019561.9586059033,151.12070471144233,852946.1710411429,610.912071841386,852946.1710411429,610.912071841386,15.061244013598197,0.0235595186296467,0.7348408825269579,3.625018879192886e-09,12.0,1228.414306640625,29.715893578718383,827.3698093552679,567.2056520089427,0.0
2458212.4631295414,0.0,0.0,0.0,0.0,0.0,0.0,0.0,0.0,0.0,0.0,12.0,0.0,0.0,0.0,0.0,5.0
2457919.519795672,1019155.72967491,140.72553657400238,852508.918782412,610.6860510892839,852508.918782412,610.6860510892839,15.054225629204767,0.0235582208126521,0.6853714574246663,7.0649856145429075e-09,12.0,1382.4505615234375,25.621832072407965,827.3698093552679,567.2056520089427,0.0
2458222.4477322963,1019903.8184045583,218.42300264598347,853314.1383564343,631.9293594343411,853314.1383564343,631.9293594343411,15.067150297697054,0.0237017373029358,0.292708042406672,8.351271300227078e-09,12.0,456.5201416015625,15.527198125177945,827.3698093552679,567.2056520089427,0.0
2457920.299691576,1019011.7883393775,122.70014709068,852353.9847802175,607.1190904815991,852353.9847802175,607.1190904815991,15.051738766389764,0.0235345314475552,0.7477593322118551,7.479272093264471e-09,12.0,1241.673828125,24.2276237224963,827.3698093552679,567.2056520089427,0.0
2458222.496318109,1019305.154154928,212.14643870293665,852669.7546717665,633.1983602656293,852669.7546717665,633.1983602656293,15.056807223863704,0.0237107709076302,0.2939619510612732,5.5041693522567425e-09,12.0,448.95159912109375,15.362111694015434,827.3698093552679,567.2056520089427,0.0
2457920.352419193,1019469.7666039892,110.94554151367333,852846.938421312,601.4540020989027,852846.938421312,601.4540020989027,15.059651219835706,0.0234967856549616,0.7800986574857068,5.328881632654497e-09,12.0,1074.0216064453125,22.504787182293505,827.3698093552679,567.2056520089427,0.0
2458222.5241020336,1018812.4768586783,359.0781873288736,852139.4520660815,708.6217978793507,852139.4520660815,708.6217978793507,15.048295278053894,0.0242546282416255,0.255540215687478,5.346029608559641e-09,12.0,475.9520568847656,24.52577520691531,827.3698093552679,567.2056520089427,0.0
2457920.3999710027,1019340.6088516288,113.20715634100681,852707.917010862,602.7955743205943,852707.917010862,602.7955743205943,15.057419771791762,0.0235057088076452,0.7833265725465955,5.015354891719482e-09,12.0,1504.0850830078125,23.216274364578982,827.3698093552679,567.2056520089427,0.0
2458223.4651654824,1019570.4443317405,284.9523953746264,852955.3048140147,663.8983155309745,852955.3048140147,663.8983155309745,15.06139062079735,0.0239260005197127,0.2742603645162786,8.328528059714747e-09,12.0,469.2413024902344,20.01413852982367,827.3698093552679,567.2056520089427,0.0
2457920.4251067364,1019634.3255789122,139.37012880590618,853024.0646129486,607.1953491758148,853024.0646129486,607.1953491758148,15.062494291939345,0.023534713099804,0.796628346723412,5.1960669686218974e-09,12.0,1627.87744140625,29.70069818340057,827.3698093552679,567.2056520089427,0.0
2458223.482546678,1019694.2268448018,286.442816029302,853088.540483111,663.904476507513,853088.540483111,663.904476507513,15.063529201266546,0.023925981145119,0.2688768900704891,7.17504275354252e-09,12.0,468.283935546875,19.60856851102543,827.3698093552679,567.2056520089427,0.0
2457920.462059586,1019656.4108112978,123.65488860252643,853047.8364741037,603.0942970922121,853047.8364741037,603.0942970922121,15.062875856713466,0.0235075179975521,0.783043504848095,4.6634052605797015e-09,12.0,1202.413818359375,25.43162322310395,827.3698093552679,567.2056520089427,0.0
2458223.514034936,1019295.6816964583,206.36807334543528,852659.558810404,631.0420088636592,852659.558810404,631.0420088636592,15.056643568964644,0.0236959602180221,0.2834550505521678,5.017504734024814e-09,12.0,475.8626708984375,14.22239125421076,827.3698093552679,567.2056520089427,0.0
2457920.5041213203,1019410.433051924,132.05856790493524,852783.0736207527,606.7642672070318,852783.0736207527,606.7642672070318,15.05862611885433,0.02353196526764,0.7775610590798977,4.60347925646375e-09,12.0,1168.1064453125,27.29059773215986,827.3698093552679,567.2056520089427,0.0
2458223.5266707456,1019331.2705672847,184.8611157533011,852697.8655703795,623.0421262931483,852697.8655703795,623.0421262931483,15.057258435008237,0.0236413386687827,0.9623733702233216,7.792751548896713e-09,12.0,1620.5308837890625,49.11715508069052,827.3698093552679,567.2056520089427,0.0
2457920.549252917,1019206.1207163066,143.5802903310867,852563.1581410331,611.1250245305619,852563.1581410331,611.1250245305619,15.0550962311524,0.0235611270833224,0.7611305854596241,7.3799233601738965e-09,12.0,1261.0234375,29.330477021080828,827.3698093552679,567.2056520089427,0.0
2458224.523586805,1027397.3710117065,1458.2126334109885,861379.9666453786,1660.0802692913762,861379.9666453786,1660.0802692913762,15.196615800168104,0.0341866666161545,0.0574943500534253,7.819776478109553e-09,12.0,964.7725219726562,18.70394270076489,827.3698093552679,567.2056520089427,4.0
2457920.590933508,1019297.2164252299,146.29007265191282,852661.2107449922,611.2733682043188,852661.2107449922,611.2733682043188,15.05667008434954,0.023562070936002,0.7533511027605873,8.412243689462711e-09,12.0,1486.9873046875,29.53208003082345,827.3698093552679,567.2056520089427,0.0
2458228.420792835,1019129.7150645059,281.0123646695611,852480.9174602724,664.5993004778974,852480.9174602724,664.5993004778974,15.053776176884345,0.0239312403037664,0.2950023080732162,8.47269538836598e-09,12.0,468.8644409179688,21.64946411423568,827.3698093552679,567.2056520089427,0.0
2457921.5887723626,1018967.4340241124,206.75799145064582,852306.2431669185,633.2741879382655,852306.2431669185,633.2741879382655,15.050972460471373,0.0237114680677965,0.4966610686987105,6.0938064109752145e-09,12.0,1743.2222900390625,27.7086521901009,827.3698093552679,567.2056520089427,4.0
2458228.431468679,1019300.3774462158,253.06414468765342,852664.6131702283,650.4091835128355,852664.6131702283,650.4091835128355,15.05672469705353,0.0238304952067771,0.295330367160219,8.260721951463827e-09,12.0,464.7515563964844,19.02056089712429,827.3698093552679,567.2056520089427,0.0
2457922.295056842,1019566.54016988,120.66582974377873,852951.1024949228,602.982187051856,852951.1024949228,602.982187051856,15.06132316890856,0.0235068239044268,0.6700250536929385,7.552933097734736e-09,12.0,1169.1519775390625,20.72354493717047,827.3698093552679,567.2056520089427,0.0
2458228.5109975105,1022710.919526662,460.2419093890131,856335.615194936,753.9562114056237,856335.615194936,753.9562114056237,15.1156483568037,0.0246023407760767,0.3220096249285047,6.8037439782843594e-09,12.0,470.6365661621094,37.83984062485403,827.3698093552679,567.2056520089427,0.0
2457922.338122814,1019644.6233820422,161.75666705583578,853035.1488497785,613.5266473163364,853035.1488497785,613.5266473163364,15.062672206251335,0.0235769737324962,0.6576740227559092,4.980816503596627e-09,12.0,1061.122802734375,28.34360175259853,827.3698093552679,567.2056520089427,0.0
2458228.514517209,1020773.0633554496,327.4912044738201,854249.7667402569,679.4110036062604,854249.7667402569,679.4110036062604,15.082168172427153,0.0240373234656807,0.3221569252896478,7.774234097197412e-09,12.0,471.9757080078125,27.09463041863525,827.3698093552679,567.2056520089427,0.0
2457922.5799944964,1019362.5093661114,151.5014969692795,852731.4900473792,612.3169966768083,852731.4900473792,612.3169966768083,15.057798145209617,0.0235690173440663,0.6836340132539039,4.126108948071555e-09,12.0,1293.464599609375,27.50855045333873,827.3698093552679,567.2056520089427,0.0
2458228.594109955,1023092.3619002108,589.9289156165664,856746.1879697555,850.6080678428069,856746.1879697555,850.6080678428069,15.122238505848385,0.0254012144789017,0.3144475823978899,3.067586191715496e-09,12.0,499.0376892089844,47.72856546348518,827.3698093552679,567.2056520089427,0.0
2457922.5840071426,1019313.4225648128,146.234696258174,852678.6545324662,611.1521418709744,852678.6545324662,611.1521418709744,15.056950076512702,0.023561252275569,0.6875430342055804,4.024987409371408e-09,12.0,1325.560302734375,26.678959281937324,827.3698093552679,567.2056520089427,0.0
2458228.5978614404,1026109.9657024182,772.9156181812606,859994.2433833455,996.1575442317555,859994.2433833455,996.1575442317555,15.174373402738102,0.0267283233181616,0.3082291597032375,5.565859207308521e-09,12.0,499.8584289550781,58.73375812685429,827.3698093552679,567.2056520089427,0.0
2457922.6291374764,1019348.2090198764,155.41806743528804,852716.0975969288,613.5460982919657,852716.0975969288,613.5460982919657,15.057551079284032,0.0235772584528113,0.7001828884831325,5.356583091938833e-09,12.0,1479.9947509765625,29.163244511655066,827.3698093552679,567.2056520089427,0.0
2458228.6658681585,1019098.9581725809,304.7689090864278,852447.8116929592,676.8028811251394,852447.8116929592,676.8028811251394,15.053244792549538,0.0240192117599697,0.2770054331840476,3.5394764042662233e-09,12.0,541.2901611328125,21.982129301524783,827.3698093552679,567.2056520089427,0.0
2457923.542367532,1019370.3671504211,155.87361564323786,852739.947923409,613.5360228666035,852739.947923409,613.5360228666035,15.057933903513764,0.0235771793523885,0.7092748139207934,7.3978411136642306e-09,12.0,1109.218994140625,29.529871767711946,827.3698093552679,567.2056520089427,0.0
2458229.431540894,1020106.4076238637,257.0152415947299,853532.1991270428,647.3096177146424,853532.1991270428,647.3096177146424,15.070650415257788,0.023808327101242,0.3166436650713129,5.0353356683896e-09,12.0,498.69915771484375,20.792534637763577,827.3698093552679,567.2056520089427,0.0
2457923.5875254883,1019610.5778032389,146.6879958946033,852998.5032416115,609.3432931367153,852998.5032416115,609.3432931367153,15.062084003539267,0.0235490238884485,0.7136127885979909,7.124278917690265e-09,12.0,1376.79345703125,27.641218886981186,827.3698093552679,567.2056520089427,0.0
2458229.4762179004,1019655.2416967399,221.11017813995815,853046.5780753489,634.5541586555026,853046.5780753489,634.5541586555026,15.062855658015785,0.0237199261040683,0.3276058877024915,5.684828453099893e-09,12.0,479.2204284667969,18.325513398481533,827.3698093552679,567.2056520089427,0.0
2457923.6298041493,1019723.2851836324,223.26377064071986,853119.8179804024,635.0045840314291,853119.8179804024,635.0045840314291,15.064031239836892,0.0237229963383376,0.6850733190045781,8.453852050043641e-09,12.0,1667.4132080078125,41.47492229134933,827.3698093552679,567.2056520089427,0.0
2458229.56988865,1018742.5186572622,200.20157249761053,852064.151221527,632.2706906943674,852064.151221527,632.2706906943674,15.04708661586479,0.0237046847705286,0.3304609757424411,4.725111808285575e-09,12.0,474.8957214355469,16.80441115288692,827.3698093552679,567.2056520089427,0.0
2457925.2546801404,0.0,0.0,0.0,0.0,0.0,0.0,0.0,0.0,0.0,0.0,12.0,0.0,0.0,0.0,0.0,5.0
2458229.6235028137,1019298.2872545688,132.6443895960349,852662.363352577,607.6485555031347,852662.363352577,607.6485555031347,15.056688584981435,0.0235379018053481,1.0489887488490626,7.747230082978526e-09,12.0,1581.962158203125,37.95964862409157,827.3698093552679,567.2056520089427,0.0
2457925.6093956367,1019540.6805016423,140.58661595791747,852923.2679477398,608.12996164775,852923.2679477398,608.12996164775,15.060876393511412,0.0235409782708136,0.6669206196350207,8.472484188945972e-09,12.0,1184.279052734375,24.64364091548012,827.3698093552679,567.2056520089427,0.0
2458229.6707326304,1019318.1343378793,295.8362410798324,852683.726139283,670.8880621998048,852683.726139283,670.8880621998048,15.057031481434969,0.0239763094536834,0.3255403172150895,6.699967890932543e-09,12.0,596.2879638671875,25.602467066106065,827.3698093552679,567.2056520089427,0.0
2457925.6307538515,1018814.0221125169,181.19961651299832,852141.1153295257,625.131391061102,852141.1153295257,625.131391061102,15.048321975279505,0.0236558132966719,0.6352360831460997,8.180954942978868e-09,12.0,1329.6689453125,31.419447382922527,827.3698093552679,567.2056520089427,0.0
2458230.5014395816,1022502.2744776583,2680.4709006885487,856111.0361165166,2940.8798454651364,856111.0361165166,2940.8798454651364,15.112043613162935,0.0518370521342093,0.0220468304869912,5.348525132966764e-09,12.0,258.1329345703125,13.43759289407091,827.3698093552679,567.2056520089427,4.0
2457958.2119472134,1019734.3408400634,392.84098327275836,853131.7179470884,724.0083081645791,853131.7179470884,724.0083081645791,15.064222247519082,0.0243709555894596,0.2273772056075236,8.370914744801417e-09,12.0,668.8353271484375,23.228863376350844,827.3698093552679,567.2056520089427,0.0
2458230.669704239,1019880.8473776901,132.60273380527678,853289.4130534906,603.8317144146168,853289.4130534906,603.8317144146168,15.066753429123285,0.0235122777963637,1.0916915084339232,7.642848755615615e-09,12.0,1988.5623779296875,39.06236296232016,827.3698093552679,567.2056520089427,0.0
2457958.4085291508,1019264.5074488096,214.02834094679145,852626.0038142949,634.1878044302719,852626.0038142949,634.1878044302719,15.056104974008743,0.0237176039499374,0.2634007444149865,8.255222296187582e-09,12.0,333.9482116699219,13.2804617819818,827.3698093552679,567.2056520089427,0.0
2458230.6736022187,1019509.158741926,266.9216819419361,852889.3389003887,655.528997541837,852889.3389003887,655.528997541837,15.06033179461762,0.0238665033496467,0.3474759070209245,8.46858915770094e-09,12.0,833.6362915039062,24.537511962307484,827.3698093552679,567.2056520089427,0.0
2457958.4397347565,1019189.4555384549,212.4518416130004,852545.2202589624,634.0473459708705,852545.2202589624,634.0473459708705,15.054808308222183,0.0237166753584744,0.258300485212179,8.301547901225406e-09,12.0,320.2711181640625,12.873134477080496,827.3698093552679,567.2056520089427,0.0
2457961.370226658,1019446.2025926418,191.20001095696915,852821.5748482129,624.522086163506,852821.5748482129,624.522086163506,15.059244106317022,0.023651337354582,0.3242597460508655,5.371115440370082e-09,12.0,498.9945373535156,15.203680670682106,827.3698093552679,567.2056520089427,0.0
2458231.413109076,1019662.9490776085,186.4532797667258,853054.8740617669,621.4768153688965,853054.8740617669,621.4768153688965,15.062988817811847,0.0236305492436113,0.3371933198668818,5.367977845238216e-09,12.0,535.843994140625,15.314259765736752,827.3698093552679,567.2056520089427,0.0
2457961.4084371226,1019612.0117248301,179.75036832955468,853000.0466704672,619.509609262809,853000.0466704672,619.509609262809,15.062108777286635,0.0236172636105277,0.3212487653896039,4.903445776318277e-09,12.0,535.837158203125,13.76226600923992,827.3698093552679,567.2056520089427,0.0
2458231.431592024,1019505.1322735498,203.0869633248303,852885.0049343462,628.4821271071253,852885.0049343462,628.4821271071253,15.06026222964906,0.0236783170613499,0.3434493940035654,5.016143191097281e-09,12.0,505.68603515625,17.624494273718884,827.3698093552679,567.2056520089427,0.0
2457961.46051857,1019355.2605077474,220.33139546990677,852723.6876004069,636.114332955321,852723.6876004069,636.114332955321,15.0576729072698,0.0237308452502753,0.3175572204452372,4.954228721659469e-09,12.0,518.04833984375,17.71335977088973,827.3698093552679,567.2056520089427,0.0
2458231.476347072,1019483.822136477,244.64467383916738,852862.0673618158,645.535545232372,852862.0673618158,645.535545232372,15.05989405613397,0.023796234161305,0.348623361031712,5.368320625069881e-09,12.0,492.7276916503906,22.37758189397549,827.3698093552679,567.2056520089427,0.0
2458231.5028491886,1019539.1805382216,28.997951062087072,852921.6534335,589.8385248091225,852921.6534335,589.8385248091225,15.060850478764678,0.0234207639070803,1.0000024406092338,4.8604417999457506e-09,12.0,1530.4954833984375,0.0338600266431715,827.3698093552679,567.2056520089427,0.0
2458231.6430103765,1020332.2147213712,237.60424961991694,853775.2509037369,637.2865761316375,853775.2509037369,637.2865761316375,15.074551666222852,0.0237384434733163,0.3023959015846262,5.035030318369723e-09,12.0,549.891357421875,17.826587724843552,827.3698093552679,567.2056520089427,0.0
2458235.5618341174,1020519.9556565513,261.25360284998175,853977.3294404947,646.8040970275255,853977.3294404947,646.8040970275255,15.077795251179374,0.0238045755933246,0.3585321584192769,4.712722529302387e-09,12.0,688.2970581054688,24.244346590044543,827.3698093552679,567.2056520089427,0.0
2458238.397251213,1019521.9317389254,474.0229427815334,852903.0873593545,779.3588450145971,852903.0873593545,779.3588450145971,15.060552472653958,0.0248070013559906,0.3520169204210627,7.92117078015484e-09,12.0,2892.63916015625,46.03242296180719,827.3698093552679,567.2056520089427,0.0
2458238.442685879,1021178.5624146127,444.77639164785353,854686.2333875214,750.6445914342243,854686.2333875214,750.6445914342243,15.089173946883996,0.0245769848918841,0.3865197883545839,6.958381219838445e-09,12.0,4783.5673828125,46.03429169182969,827.3698093552679,567.2056520089427,0.0
2458238.4738128376,1020297.4624400614,447.870233107041,853737.8446228461,757.2252179194054,853737.8446228461,757.2252179194054,15.0739512538687,0.0246293733884399,0.3597132620110667,7.134123996670624e-09,12.0,4270.326171875,43.57525393757828,827.3698093552679,567.2056520089427,0.0
2458239.6433763485,1013415.186575003,710.5679936668885,846329.9757154122,992.5277821499647,846329.9757154122,992.5277821499647,14.955046730243373,0.0266993326765365,0.3901610431792305,5.354253932595209e-09,12.0,6667.0380859375,85.48926010852378,827.3698093552679,567.2056520089427,0.0
2458240.45630565,1007357.3376622329,2893.1095493180283,839809.4944840976,3187.359845659329,839809.4944840976,3187.359845659329,14.850385764410236,0.0554673544315801,0.0904104619942679,6.222657345541203e-09,12.0,16624.458984375,89.04324008527448,827.3698093552679,567.2056520089427,6.0
2458240.487733107,1012839.1924827825,469.03593607062174,845709.9934871073,812.7139316666959,845709.9934871073,812.7139316666959,14.9450953268865,0.0250846187054002,0.3752632420207014,8.300005196828005e-09,12.0,5980.80712890625,54.44559301369098,827.3698093552679,567.2056520089427,0.0
2458240.532678747,1014188.0060055993,439.3252547888461,847161.8146511399,785.1913108408097,847161.8146511399,785.1913108408097,14.968398669056231,0.0248570422031622,0.3863505666841104,8.470477428545878e-09,12.0,5445.55419921875,51.276395700237344,827.3698093552679,567.2056520089427,0.0
2458240.588373357,1002943.4235692655,3467.8517902253943,835058.4938542943,3800.7441103330316,835058.4938542943,3800.7441103330316,14.774126927531585,0.0646613404733674,0.0630604161712085,5.829389697043273e-09,12.0,18356.830078125,79.9576539513285,827.3698093552679,567.2056520089427,6.0
2458240.5992099824,1010405.6549304582,2136.1496547760767,843090.6089226992,2390.902312987309,843090.6089226992,2390.902312987309,14.903051295368886,0.0439533572911787,0.1278103774468268,5.381310666653004e-09,12.0,15470.3544921875,88.42242764231705,827.3698093552679,567.2056520089427,6.0
2458240.6437897063,1015590.4035513616,1501.696179293055,848671.3120003899,1729.9880484038251,848671.3120003899,1729.9880484038251,14.992627778057628,0.0350723640613236,0.0936058379158975,6.9935250391537965e-09,12.0,5061.42822265625,41.186990112925855,827.3698093552679,567.2056520089427,4.0
2458333.3201195425,1019743.0116747293,113.88672721356984,853141.0509653796,600.2927047809825,853141.0509653796,600.2927047809825,15.064372052828508,0.0234889905996635,1.002550758557168,8.148904933294294e-09,12.0,1407.79150390625,30.170276690065965,827.3698093552679,567.2056520089427,0.0
2458334.354839549,1019541.9137645916,172.46761478923753,852924.5953938399,617.5559602325543,852924.5953938399,617.5559602325543,15.060897700495662,0.0236041140929141,0.6224016913907109,6.125524663348742e-09,12.0,1138.931640625,28.55588026681156,827.3698093552679,567.2056520089427,4.0
2458353.2531780265,1018690.7389904084,235.59029755974768,852008.4171894072,646.5716642475508,852008.4171894072,646.5716642475508,15.046192022747414,0.023803890966142,1.0235781218324536,3.019398456138684e-09,12.0,10768.634765625,67.9301233515416,827.3698093552679,567.2056520089427,0.0
2458354.3549021315,1018018.6345147954,327.4661581878303,851284.9847166222,695.352658647634,851284.9847166222,695.352658647634,15.034580128068065,0.0241558895731293,1.0028428645751404,7.732392007732863e-09,12.0,17428.79296875,93.92172387831214,827.3698093552679,567.2056520089427,0.0
2458359.3481482724,1019329.087454938,114.81702444014103,852695.5157357618,603.2244427375091,852695.5157357618,603.2244427375091,15.057220717552749,0.0235085492199615,0.9730488437927434,7.61811707981409e-09,12.0,1946.4766845703125,29.932215879375764,827.3698093552679,567.2056520089427,0.0
2458366.230769004,1019075.7409371799,181.61352598927212,852422.8213787636,623.5781672861228,852422.8213787636,623.5781672861228,15.052843670250835,0.0236451125696703,0.831318960992494,6.620707270111221e-09,12.0,1655.822509765625,41.58605405777366,827.3698093552679,567.2056520089427,0.0
2458392.241941164,1019466.912601395,146.5490115785868,852843.8664611788,610.2384931571196,852843.8664611788,610.2384931571196,15.059601911463652,0.023555070217531,0.962246335904974,5.593733260492799e-09,12.0,1614.112548828125,38.34028103377928,827.3698093552679,567.2056520089427,0.0
2458205.6486717854,1189714.202267774,1841.5345368089568,1099291.0339116834,1873.9984453495083,1099291.0339116834,1873.9984453495083,19.4726829456167,0.0999196423233848,0.9874883495191568,1.8946799948164644e-08,12.0,557.5856323242188,22.68655439116445,823.9180288311505,570.5244493942741,0.0
2458223.518424098,1190891.3509748625,1702.5373360603783,1100488.934251283,1732.5509009759237,1100488.934251283,1732.5509009759237,19.49286582444473,0.0991924188821905,0.8872160044310078,2.2061331481231877e-08,12.0,495.1752624511719,17.923127861794523,823.9180288311505,570.5244493942741,0.0
2458224.515344911,1200944.6557448644,31777.427366711367,1110719.4659806823,32337.622940058827,1110719.4659806823,32337.622940058827,19.66523540763549,0.5530279469976398,0.0527206619403675,2.4708719106761842e-08,12.0,320.05377197265625,16.66147796609808,823.9180288311505,570.5244493942741,4.0
2458229.6152542923,1190768.914461112,1489.8087051292637,1100364.3393377278,1516.0721352086366,1100364.3393377278,1516.0721352086366,19.490766581327648,0.0981809453305027,1.0317198069223936,3.357458409525121e-08,12.0,468.8957214355469,18.30553007427868,823.9180288311505,570.5244493942741,0.0
2458230.66145374,1190911.4948584924,1634.3784442002811,1100509.4332459266,1663.1904546581982,1100509.4332459266,1663.1904546581982,19.493211202696425,0.098854820182573,1.0275045522279584,3.343222032118872e-08,12.0,503.9671630859375,20.28488340914801,823.9180288311505,570.5244493942741,0.0
2458231.494605545,1191174.7711085926,611.062720496892,1100777.3507210114,621.8349780213813,1100777.3507210114,621.8349780213813,19.497725222566704,0.0953771216555991,1.000003590112448,2.1964153071948947e-08,12.0,470.033447265625,0.0270583243132325,823.9180288311505,570.5244493942741,0.0
2458333.3118772204,1190214.4453318785,1892.8907017891875,1099800.0956239067,1926.2599541121022,1099800.0956239067,1926.2599541121022,19.48125989522941,0.1002014010663432,0.9455346652290972,3.2398224286361936e-08,12.0,439.1369018554688,22.054059637456028,823.9180288311505,570.5244493942741,0.0
2458334.346566356,1174283.8012894029,2972.1660212064385,1083588.614615929,3024.561522866146,1083588.614615929,3024.561522866146,19.208120013729417,0.1076277982085673,0.4550963397771261,2.3224413641128892e-08,12.0,371.1085510253906,21.59179705700888,823.9180288311505,570.5244493942741,4.0
2458366.222491097,1191365.803939499,3644.245446625364,1100971.7512174312,3708.488852607614,1100971.7512174312,3708.488852607614,19.50100058824917,0.1135390284972064,0.7295347219957894,2.3344593380586287e-08,12.0,1337.0107421875,33.442413124750075,823.9180288311505,570.5244493942741,0.0
2458392.2336996747,1193683.7364709307,2609.9237785043856,1103330.5459473166,2655.9334107700897,1103330.5459473166,2655.9334107700897,19.540742849470508,0.1048308270863601,0.8381047590403187,2.6480252172038642e-08,12.0,1273.58349609375,25.954554970719,823.9180288311505,570.5244493942741,0.0
