2458645.7875540005,18.94133254575859,0.00655729683982051,16.142796065931616,0.01797779899517583,16.142796065931616.1,0.01797779899517583.1,16.142796065931616.2,0.01797779899517583.2,1.2734839201606034,6.528223233869758e-09,13.0,2457.215966796875,49.58157339128559,421.90335469754746,762.0707669684534,0.0
2458552.875748662,1667.7861160959508,0.5122181233300818,1420.8698675087205,1.5394187355920173,1420.8698675087205,1.5394187355920173,16.112065034424422,0.0174563591995646,2.1339680569300152,7.821222753397072e-09,13.0,2379.94658203125,76.59172663090563,421.90335469754746,762.0707669684534,0.0
2458645.69297738,1671.3426530009,0.3969984942802441,1424.5948458777268,1.5312890674104858,1424.5948458777268,1.5312890674104858,16.1543047180898,0.017364172191138,2.24190417175166,5.1900517718766454e-09,13.0,2490.193701171875,59.46975091347343,421.90335469754746,762.0707669684534,0.0
2458555.8661880703,1668.4659003480049,0.5164481388354041,1421.5818470838424,1.5463449878339535,1421.5818470838424,1.5463449878339535,16.12013858252328,0.0175348999787864,2.1994092912000847,8.293216484639736e-09,13.0,2359.97763671875,79.14198366678467,421.90335469754746,762.0707669684534,0.0
2458647.624302169,1669.589523991441,0.5063415934711372,1422.75868676766,1.551739881021286,1422.75868676766,1.551739881021286,16.133483448196305,0.0175960757921918,2.162641429086569,7.343722265441702e-09,13.0,4706.4576171875,75.02320293292043,421.90335469754746,762.0707669684534,0.0
2458559.8573736465,1669.0753249382155,0.45775622316121833,1422.2201346868524,1.5308757966215147,1422.2201346868524,1.5308757966215147,16.12737649473855,0.0173594858746913,2.224843389001781,8.230569097671271e-09,13.0,2349.804833984375,70.33527411881921,421.90335469754746,762.0707669684534,0.0
2458653.789671092,1667.9506366716953,0.8235751566931214,1421.042179958242,1.6822719842366447,1421.042179958242,1.6822719842366447,16.11401898492785,0.0190762547897052,2.212748619563091,7.328576945077941e-09,13.0,12492.5150390625,128.4415396647011,421.90335469754746,762.0707669684534,0.0
2458562.845562868,1676.0264244296031,2.2098056091034213,1429.5004458260914,2.7674693946078155,1429.5004458260914,2.7674693946078155,16.20993215252862,0.0313819357327082,1.67662525482096,7.198958428875105e-09,13.0,4643.642578125,240.2116513847205,421.90335469754746,762.0707669684534,2.0
2458654.6107783155,1647.426353682735,0.7793406178562136,1399.5458445576978,1.5431111899737533,1399.5458445576978,1.5431111899737533,15.870259607735456,0.0174982300749316,1.8142754336936344,7.507330384404828e-09,13.0,15512.159765625,123.63022892788636,421.90335469754746,762.0707669684534,0.0
2458573.816595727,1659.2295142646371,1.696632213772948,1411.9080156889142,2.248275242799517,1411.9080156889142,2.248275242799517,16.01044141451982,0.0254944930254493,1.6146384936252147,7.454148312393721e-09,13.0,2942.028857421875,211.9499274736393,421.90335469754746,762.0707669684534,2.0
2458655.764973865,1670.5945670295457,0.7565960920985726,1423.8113297394361,1.6674354894806198,1423.8113297394361,1.6674354894806198,16.14541997553573,0.0189080151965811,1.417223430088631,7.857675283617904e-09,13.0,9315.1353515625,72.91863291025592,421.90335469754746,762.0707669684534,0.0
2458575.883880605,1670.2382437992014,0.4252166079969932,1423.4381306525488,1.5302096469370787,1423.4381306525488,1.5302096469370787,16.141188055290105,0.0173519320182237,2.165562624753392,8.254850563207712e-09,13.0,2296.888818359375,62.60448502432639,421.90335469754746,762.0707669684534,0.0
2458661.6532382253,1664.9851844798604,1.8053742140152136,1417.936280718583,2.364738769165064,1417.936280718583,2.364738769165064,16.078799397487735,0.0268151402950196,0.2337198926539561,7.346475486373783e-09,13.0,1789.9616943359374,29.220108259072084,421.90335469754746,762.0707669684534,4.0
2458582.797436348,1669.168026974385,0.5217653576826861,1422.3172271924896,1.5539235292639624,1422.3172271924896,1.5539235292639624,16.128477482802943,0.0176208374422928,2.1578323136154123,8.319225179858381e-09,13.0,2330.497509765625,77.8751903043484,421.90335469754746,762.0707669684534,0.0
2458661.66505442,1666.7165771404445,1.1941820576476516,1419.7496740226018,1.9028408876851575,1419.7496740226018,1.9028408876851575,16.09936251274231,0.0215774131281287,0.447209382151475,8.310815142118208e-09,13.0,1894.584375,36.9244725361598,421.90335469754746,762.0707669684534,4.0
2458583.794176527,1667.8228558470405,0.4809450717769886,1420.9083472944635,1.5286036444297344,1420.9083472944635,1.5286036444297344,16.112501378965593,0.0173337206271347,2.245840385177957,8.280046438353293e-09,13.0,2446.73779296875,75.62474181846453,421.90335469754746,762.0707669684534,0.0
2458661.676869136,1663.6758433719108,1.03920000872618,1416.564927788721,1.7810855943359725,1416.564927788721,1.7810855943359725,16.063248833642067,0.0201967594528086,0.4287438888743488,6.912837657196072e-09,13.0,1855.56328125,31.511321603280248,421.90335469754746,762.0707669684534,4.0
2458585.7888663937,1667.4501103166547,0.4234808145445292,1420.517948129508,1.5068597273803417,1420.517948129508,1.5068597273803417,16.108074417088933,0.0170871537784639,2.250521815277001,8.044888612323002e-09,13.0,2490.76875,66.84975414772605,421.90335469754746,762.0707669684534,0.0
2457821.901764388,1671.789856619196,0.6418299198608515,1425.0632295467865,1.6234841049934294,1425.0632295467865,1.6234841049934294,16.15961599135242,0.018409625033341,1.2950257351006922,8.34816057404961e-09,13.0,2351.9736328125,55.35551439305372,421.90335469754746,762.0707669684534,0.0
2458587.783633289,1667.8324685510108,0.4503316240551516,1420.9184152665723,1.5184163004303906,1420.9184152665723,1.5184163004303906,16.112615545523052,0.0172182004427752,2.2677862428182087,7.337512198714785e-09,13.0,2448.350927734375,71.40671571062131,421.90335469754746,762.0707669684534,0.0
2457844.73369158,1669.245376637848,0.4820989728701922,1422.3982402203164,1.5404340642265406,1422.3982402203164,1.5404340642265406,16.12939613637062,0.0174678725980572,1.2017952845993398,7.62948847428266e-09,13.0,1815.04365234375,38.967597839785824,421.90335469754746,762.0707669684534,0.0
2458589.820394095,1666.621888013038,0.5407529091895988,1419.65050031492,1.5411010993486343,1419.65050031492,1.5411010993486343,16.09823792472449,0.0174754364950144,2.237642245190176,8.075108900034284e-09,13.0,2973.77021484375,86.02392886543113,421.90335469754746,762.0707669684534,0.0
2457844.746693229,1667.7595908476485,0.5532243528276028,1420.84208599575,1.554700673730711,1420.84208599575,1.554700673730711,16.111750003784405,0.0176296499327789,1.184487545869433,7.060074874387747e-09,13.0,1783.9130859375,45.16062196962914,421.90335469754746,762.0707669684534,0.0
2458590.7758862977,1669.4959932681243,0.5036520909259689,1422.660726327348,1.550016930030639,1422.660726327348,1.550016930030639,16.132372618118755,0.0175765382546261,2.2704033222272444,8.045214151644789e-09,13.0,3775.919335937501,78.7793830259494,421.90335469754746,762.0707669684534,0.0
2457844.7760724565,1666.8129256963625,0.5304490056888896,1419.850585751136,1.5386312960376016,1419.850585751136,1.5386312960376016,16.10050680918357,0.0174474299671264,1.1875150418834146,6.553120488774227e-09,13.0,1791.3588134765623,43.79256771206736,421.90335469754746,762.0707669684534,0.0
2458601.7428098093,1695.4015547141908,4.724669506885068,1449.7932033977331,5.241110929890829,1449.7932033977331,5.241110929890829,16.440043464759746,0.0594319874649009,1.2917724608911771,5.487454263430635e-09,13.0,3294.677783203125,322.5105724386187,421.90335469754746,762.0707669684534,2.0
2457845.731198966,1669.0397202784307,0.47913059105399736,1422.1828437515742,1.537744537223338,1422.1828437515742,1.537744537223338,16.126953631260253,0.0174373744961702,1.1998258468970795,7.230915768963547e-09,13.0,1884.2966796875,38.72548671565306,421.90335469754746,762.0707669684534,0.0
2458601.917299757,1678.434264508092,3.792127536350087,1432.0223238349797,4.260148688204358,1432.0223238349797,4.260148688204358,16.238529185527383,0.0483082893727741,1.3441394572150838,7.866614141929861e-09,13.0,3568.462158203125,322.43945565741376,421.90335469754746,762.0707669684534,2.0
2457846.8609853685,1670.389009626087,0.4458613871060817,1423.5960369133138,1.5379045421860502,1423.5960369133138,1.5379045421860502,16.142978645688963,0.017439188884964,1.2516791832014684,7.863999781201057e-09,13.0,1705.86337890625,36.88598414264355,421.90335469754746,762.0707669684534,0.0
2458604.738709719,1669.147099579144,0.4529272434225709,1422.2953086530008,1.5298863414596056,1422.2953086530008,1.5298863414596056,16.12822893580946,0.0173482658704658,2.1907016719938075,6.820534543657966e-09,13.0,2366.74697265625,68.33124911042071,421.90335469754746,762.0707669684534,0.0
2457847.7405485627,0.0,0.0,0.0,0.0,0.0,0.0,0.0,0.0,0.0,0.0,13.0,0.0,0.0,0.0,0.0,5.0
2458605.7360795,1668.9340155786606,0.41826652252488444,1422.0721327620156,1.5172693870255758,1422.0721327620156,1.5172693870255758,16.12569821533189,0.0172051949284844,2.0842932431913668,7.183202320788634e-09,13.0,2441.4369140625,59.98202286777335,421.90335469754746,762.0707669684534,0.0
2457848.91727625,1671.7583469494846,0.5103070289716879,1425.0302275447757,1.571189241374604,1425.0302275447757,1.571189241374604,16.15924176256847,0.0178166233356766,1.2686960936725182,7.233749720539866e-09,13.0,1876.4811279296875,42.60537202111136,421.90335469754746,762.0707669684534,0.0
2458606.733463814,1667.5398254931367,0.47536959357425435,1420.6119123145277,1.524449189611433,1420.6119123145277,1.524449189611433,16.109139931316914,0.0172866108616694,2.211313930248658,6.1771773479626764e-09,13.0,2369.454248046875,73.84570228993174,421.90335469754746,762.0707669684534,0.0
2457849.789904132,1670.9873911798734,0.4595197049131938,1424.2227584696586,1.5473391537008614,1424.2227584696586,1.5473391537008614,16.15008540381313,0.0175461734004198,1.278299874269489,6.7855782276987515e-09,13.0,1762.659130859375,38.76724042725864,421.90335469754746,762.0707669684534,0.0
2458608.8262262885,1667.9470188388245,0.47622156654507874,1421.0383907808641,1.5279670369230802,1421.0383907808641,1.5279670369230802,16.1139760172545,0.0173265017665035,2.2521839697995367,8.103956461058557e-09,13.0,2658.956787109375,75.05089709559303,421.90335469754746,762.0707669684534,0.0
2457851.834647825,1672.8149846192573,0.4440360846403869,1426.136908726208,1.5581174373266475,1426.136908726208,1.5581174373266475,16.17179106041436,0.0176683945909097,1.2780893708239147,6.8458544313332886e-09,13.0,2186.8591796875,36.4343717726795,421.90335469754746,762.0707669684534,0.0
2458611.7201801976,1665.2159792557816,0.4512604131795318,1418.1780061866332,1.4983859310142442,1418.1780061866332,1.4983859310142442,16.08154046234579,0.0169910645015631,1.981692256191545,8.290380818287657e-09,13.0,2298.9267089843747,64.26393474146917,421.90335469754746,762.0707669684534,0.0
2457864.884784566,1671.9832030110765,0.6564274692203136,1425.2657330345123,1.631457188145589,1425.2657330345123,1.631457188145589,16.161912295495792,0.0185000364335755,1.2257222717812384,6.270270089853809e-09,13.0,1867.433666992188,53.41247985960457,421.90335469754746,762.0707669684534,0.0
2458613.7682784777,1666.7835905994611,0.40425539026229657,1419.8198613120746,1.4957614954968401,1419.8198613120746,1.4957614954968401,16.100158407002883,0.0169613045096722,2.222908951035145,8.038981814983183e-09,13.0,2495.096875,63.397991966040365,421.90335469754746,762.0707669684534,0.0
2457867.794765722,1670.6123169703476,0.6219168268492593,1423.8299203367792,1.6053478934496632,1423.8299203367792,1.6053478934496632,16.14563078506887,0.0182039680435256,1.2299568400524918,5.879681657341573e-09,13.0,1676.236181640625,51.53468304364927,421.90335469754746,762.0707669684534,0.0
2458617.8568117856,1669.3696268686228,0.47162551076414044,1422.5283750774413,1.537889124459643,1422.5283750774413,1.537889124459643,16.130871810764997,0.0174390140544491,2.217718851134062,7.4401173229911395e-09,13.0,2875.361669921874,71.93066598054865,421.90335469754746,762.0707669684534,0.0
2457914.6605600743,1723.5432916678922,4.04016300028621,1479.2677636849814,4.720361498892987,1479.2677636849814,4.720361498892987,16.774272547287808,0.0535269085475839,1.29867851565995,8.085173146679461e-09,13.0,57789.5671875,206.8665210272952,421.90335469754746,762.0707669684534,2.0
2458618.70156257,1670.2782579857567,0.5398164732451647,1423.4800399545913,1.5696772895354711,1423.4800399545913,1.5696772895354711,16.141663289099675,0.0177994784394985,2.186172969251695,7.673851842717353e-09,13.0,4057.8956054687496,80.44344319321236,421.90335469754746,762.0707669684534,0.0
2457914.676125683,1715.277970167936,4.5236751430206965,1470.6109875504897,5.134661886087961,1470.6109875504897,5.134661886087961,16.676108356986592,0.058224900203904,1.3013052863410404,4.062442322957804e-09,13.0,58292.17890625,253.38114626498145,421.90335469754746,762.0707669684534,2.0
2458618.8897766625,1669.283078340296,0.5390861003205999,1422.4377275164827,1.5613202884960002,1422.4377275164827,1.5613202884960002,16.12984390565506,0.0177047135723423,2.1362021717245043,5.3817813320171055e-09,13.0,3752.718310546875,79.36567230961495,421.90335469754746,762.0707669684534,0.0
2457915.53601796,1665.0389112336882,1.599522817006193,1417.9925520300276,2.1964366028931495,1417.9925520300276,2.1964366028931495,16.07943749042664,0.0249066647122682,1.1844364969318104,5.230639118450096e-09,13.0,20883.025390625,137.73668619567272,421.90335469754746,762.0707669684534,0.0
2458625.7003256227,1674.215014474172,0.5687290781951929,1427.6032455209318,1.6140103961583532,1427.6032455209318,1.6140103961583532,16.18841870122737,0.018302197170763,2.2546565067539803,6.977934144738181e-09,13.0,10501.0755859375,83.82768131054515,421.90335469754746,762.0707669684534,0.0
2457915.84461488,1669.2275960171908,0.9418792366058331,1422.3796174900856,1.7580366361266295,1422.3796174900856,1.7580366361266295,16.129184962464084,0.0199353939877954,1.21655343855988,6.646968275068658e-09,13.0,17345.4140625,79.20620515590937,421.90335469754746,762.0707669684534,0.0
2458626.6764046648,1669.0597614268795,0.5868867529581913,1422.2038340706567,1.57834318784091,1422.2038340706567,1.57834318784091,16.12719165262581,0.0178977460713709,2.213772886538232,7.472720791136467e-09,13.0,7036.53916015625,89.99402255415494,421.90335469754746,762.0707669684534,0.0
2457917.65710363,1681.2267351046335,1.0261288086253328,1434.9470488824606,1.9019286255354937,1434.9470488824606,1.9019286255354937,16.271694334039847,0.0215670684601053,1.2159900970247706,7.011299684169813e-09,13.0,10996.829296875,75.71495822934705,421.90335469754746,762.0707669684534,0.0
2458627.8000402674,1669.3312342335632,0.5337803959926071,1422.4881641253412,1.559707419688495,1422.4881641253412,1.559707419688495,16.130415835527476,0.0176864243203054,2.0935241513840417,8.346299636536313e-09,13.0,3773.7100585937496,77.02901059261596,421.90335469754746,762.0707669684534,0.0
2457917.783162222,1684.922324666042,0.9957396109529429,1438.8176655932878,1.9166970015137814,1438.8176655932878,1.9166970015137814,16.315585495077357,0.0217345356150195,1.2073782707224674,5.756721283854879e-09,13.0,9971.7462890625,69.91366007078453,421.90335469754746,762.0707669684534,0.0
2458629.672143226,1623.298707738165,7.181428023975107,1374.275487004693,7.627553749744292,1374.275487004693,7.627553749744292,15.583704411057903,0.0864932425408716,0.0282195208704495,7.0992945015844595e-09,13.0,1484.306323242187,20.80748449273154,421.90335469754746,762.0707669684534,6.0
2457918.644939944,1681.4990614869218,1.251312089420928,1435.2322729390205,2.046641460211686,1435.2322729390205,2.046641460211686,16.274928654545732,0.0232080509715487,0.7779157102404944,6.3586031892620245e-09,13.0,6873.38134765625,58.58861545983775,421.90335469754746,762.0707669684534,0.0
2458631.7562794965,1670.234535393862,0.6849278138451868,1423.4342466130909,1.6302514919579334,1423.4342466130909,1.6302514919579334,16.141144011920773,0.0184863643473194,1.4807321360556696,8.049230379447754e-09,13.0,2529.053076171874,68.90484570167794,421.90335469754746,762.0707669684534,0.0
2457919.715205584,1670.594591824357,2.225512223225726,1423.8113557085564,2.75418987244689,1423.8113557085564,2.75418987244689,16.1454202700146,0.031231351552147,0.2849503961233596,8.309209779053675e-09,13.0,5681.07216796875,42.377297273052086,421.90335469754746,762.0707669684534,4.0
2458635.818633756,1667.9529088140077,0.47990386330305357,1421.0445597116905,1.5292771461094667,1421.0445597116905,1.5292771461094667,16.11404597032828,0.0173413578521282,2.199463924286123,5.8834336163105125e-09,13.0,2753.523828125,73.76788107178321,421.90335469754746,762.0707669684534,0.0
2457919.8456720416,1679.2925382121334,5.419632763911214,1432.9212463170704,5.883989429548474,1432.9212463170704,5.883989429548474,16.2487225873466,0.0667219585119177,0.2111870515450486,5.491710741303439e-09,13.0,8413.2236328125,71.09874752935359,421.90335469754746,762.0707669684534,4.0
2458637.7195931133,1669.2124933986026,0.44086412559035515,1422.3637995950214,1.52655282785429,1422.3637995950214,1.52655282785429,16.129005594205374,0.0173104652321173,2.24051066115178,8.334002223308013e-09,13.0,2684.79833984375,67.90347106493772,421.90335469754746,762.0707669684534,0.0
2457920.808129834,0.0,0.0,0.0,0.0,0.0,0.0,0.0,0.0,0.0,0.0,13.0,0.0,0.0,0.0,0.0,5.0
2458638.6479320894,1667.8335587566446,0.560327006999144,1420.9195571055327,1.5580634404111247,1420.9195571055327,1.5580634404111247,16.112628493495286,0.0176677822886613,1.8528724269222383,7.544355142172982e-09,13.0,2162.9380859375,72.576696856571,421.90335469754746,762.0707669684534,0.0
2457922.617183335,1669.873299805075,1.3501765404993642,1423.055902513112,2.0331264112192,1423.055902513112,2.0331264112192,16.136853749396632,0.0230547960160529,0.2700844902735359,5.063910502567127e-09,13.0,1610.844384765625,23.280954315095254,421.90335469754746,762.0707669684534,4.0
2458639.807409977,1665.5160454967192,1.431456069513232,1418.4922838917812,2.0679356432088016,1418.4922838917812,2.0679356432088016,16.085104238973045,0.0234495180257456,0.7172196100205375,6.140903541611172e-09,13.0,2359.78798828125,73.75701802829228,421.90335469754746,762.0707669684534,0.0
2457922.6727261646,1672.9482209375512,1.535577112723174,1426.2764552617507,2.1912833298470864,1426.2764552617507,2.1912833298470864,16.173373459272554,0.0248482287693596,0.2933083493205798,4.4156693549913246e-09,13.0,1497.291162109375,28.537628507060248,421.90335469754746,762.0707669684534,4.0
2458641.7617953583,1666.4948782154195,0.5515929277685513,1419.517475194859,1.5443449449678583,1419.517475194859,1.5443449449678583,16.096729475967404,0.0175122203362188,2.149557005946513,8.348486365229743e-09,13.0,2589.145458984375,84.3708409569548,421.90335469754746,762.0707669684534,0.0
2457923.8141420176,1671.57576462388,0.6040963048255504,1424.8389979212354,1.6057516270113579,1424.8389979212354,1.6057516270113579,16.15707329929014,0.0182085462118374,1.1668496744131986,8.311910544653704e-09,13.0,1998.7121337890624,46.677879860919255,421.90335469754746,762.0707669684534,0.0
2458642.6375928437,1669.2152929691197,0.46979930747332843,1422.3667317562508,1.536014002382131,1422.3667317562508,1.536014002382131,16.12903884367705,0.0174177509609377,2.1991553438910323,7.739726303722851e-09,13.0,2505.484619140625,71.10967013406211,421.90335469754746,762.0707669684534,0.0
2457928.51993801,1634.629161228153,21.480914386677952,1386.1425631209245,22.53409389036853,1386.1425631209245,22.53409389036853,15.71827204918259,0.2555271207841385,0.0092204606072218,2.940249686851071e-09,13.0,1048.91474609375,17.41320699159266,421.90335469754746,762.0707669684534,6.0
2458644.7067222367,1669.578139701809,0.3799557859836161,1422.7467633056624,1.5115328557210044,1422.7467633056624,1.5115328557210044,16.133348241166072,0.0171401450829181,2.257363050702965,7.569117223103063e-09,13.0,2346.70556640625,58.48244564477036,421.90335469754746,762.0707669684534,0.0
2458656.664031166,1672.3953381342767,0.801613812210243,1425.6973873263314,1.7043906792591021,1425.6973873263314,1.7043906792591021,16.16680707311139,0.019327071462525,1.1730572302490907,7.471346788575174e-09,13.0,7234.70029296875,62.4482998993637,421.90335469754746,762.0707669684534,0.0
2457928.6362991566,1671.0912492487207,0.8637089839934609,1424.3315353698395,1.7273313450475207,1424.3315353698395,1.7273313450475207,16.151318887983663,0.0195872089371581,0.6533691593198293,8.334830648753564e-09,13.0,1794.7365234375002,37.23544588044096,421.90335469754746,762.0707669684534,4.0
2458661.629563602,1667.643065550434,0.9524572557786017,1420.7200419334597,1.7531925123796044,1420.7200419334597,1.7531925123796044,16.11036607559108,0.0198804636675517,0.3910883956876726,7.916788723242051e-09,13.0,1750.753076171875,24.586506056961078,421.90335469754746,762.0707669684534,4.0
2457928.66047753,1668.5778542666376,0.7235084372223376,1421.6991032620795,1.635721470384223,1421.6991032620795,1.635721470384223,16.121468218130758,0.0185483915956668,0.7063896089364006,8.157928117998045e-09,13.0,1774.0515380859376,34.487685060212826,421.90335469754746,762.0707669684534,0.0
2458661.641392995,1666.1462500456314,1.575694307856675,1419.1523356149835,2.18327109917999,1419.1523356149835,2.18327109917999,16.09258894713212,0.0247573734528165,0.3283140567785748,4.339405371946639e-09,13.0,1773.8189697265625,35.96483061065627,421.90335469754746,762.0707669684534,4.0
2458668.699737273,1671.822396824718,0.42540757042323785,1425.0973108919077,1.5437608193663765,1425.0973108919077,1.5437608193663765,16.160002459432018,0.0175055965982576,2.225271500193565,4.700163317962654e-09,13.0,2105.885693359375,62.94073236485006,421.90335469754746,762.0707669684534,0.0
2457929.5496925926,0.0,0.0,0.0,0.0,0.0,0.0,0.0,0.0,0.0,0.0,13.0,0.0,0.0,0.0,0.0,5.0
2457932.761245984,1668.2519700577388,0.8467169567758764,1421.3577848218697,1.6969956850715011,1421.3577848218697,1.6969956850715011,16.117597810972534,0.019243215347335,0.9980061450663223,6.458727139188698e-09,13.0,1767.8476318359374,58.54692868864971,421.90335469754746,762.0707669684534,0.0
2457932.820281127,1667.9615614100178,0.8248035662113082,1421.0536221040782,1.6830109622636935,1421.0536221040782,1.6830109622636935,16.11414873403582,0.0190846344888621,0.9741856166074716,8.295812326946067e-09,13.0,1938.2200195312496,55.70741631048031,421.90335469754746,762.0707669684534,0.0
2457933.67219274,1672.5818849501209,0.43445749628533126,1425.8927692026891,1.5531129676004263,1425.8927692026891,1.5531129676004263,16.169022621185434,0.0176116460148891,1.1507516337906718,4.6595906889905506e-09,13.0,1552.0079345703125,31.788945265997956,421.90335469754746,762.0707669684534,0.0
2457936.722972521,1671.2858503288835,0.6463964771456238,1424.5353529692527,1.6213581070321872,1424.5353529692527,1.6213581070321872,16.153630093599325,0.018385517113117,1.1772917825624665,8.348877431403968e-09,13.0,2246.087939453125,50.86738326762112,421.90335469754746,762.0707669684534,0.0
2457936.787188911,1670.1426515128978,0.47406105099521534,1423.3380110113822,1.545079716810137,1423.3380110113822,1.545079716810137,16.14005274078552,0.0175205523390144,1.1468596894617062,7.760094673850186e-09,13.0,1663.123681640625,36.01170196469564,421.90335469754746,762.0707669684534,0.0
2457937.768111161,1670.1413857463542,0.5174324216892041,1423.3366852967533,1.560259928763962,1423.3366852967533,1.560259928763962,16.14003770774077,0.0176926895401961,1.1424179087243551,8.326942975782669e-09,13.0,2377.557568359375,39.37060397000724,421.90335469754746,762.0707669684534,0.0
2457938.5007220856,1666.2255703266355,0.7493977701064005,1419.235412590947,1.631260081835893,1419.235412590947,1.631260081835893,16.093531005001175,0.0184978013311547,1.140713644037092,7.53440324438522e-09,13.0,5751.33740234375,60.68865399068994,421.90335469754746,762.0707669684534,0.0
2457939.47026248,0.0,0.0,0.0,0.0,0.0,0.0,0.0,0.0,0.0,0.0,13.0,0.0,0.0,0.0,0.0,5.0
2457941.580708092,1662.4760513996212,6.979354271480405,1415.3083123609815,7.442895491421977,1415.3083123609815,7.442895491421977,16.04899934467901,0.0843992957725801,0.3366633836438278,4.295343690132707e-09,13.0,66669.95,175.65084645395945,421.90335469754746,762.0707669684534,6.0
2457941.788830149,1660.0024196972197,2.5673621244841502,1412.717526765167,3.0236433112674335,1412.717526765167,3.0236433112674335,16.019620928706818,0.0342868399042492,0.8898827269886624,5.93636221558471e-09,13.0,44038.965625,175.2572412712837,421.90335469754746,762.0707669684534,0.0
2457942.48499078,1670.3303438976234,2.1699347547876617,1423.5345927120104,2.70384152094468,1423.5345927120104,2.70384152094468,16.14228189436076,0.0306604224809281,1.1469989718798783,6.160066484772206e-09,13.0,32334.130859375,171.3201208698327,421.90335469754746,762.0707669684534,0.0
2457942.7506021904,1667.2678127609147,1.781886429233456,1420.327016762843,2.35638065429772,1420.327016762843,2.35638065429772,16.105909335917772,0.0267203627975251,1.1347348042962928,7.922417975560408e-09,13.0,26565.398828125,143.60887526369527,421.90335469754746,762.0707669684534,0.0
2457944.685506,1673.1494535725542,0.8709275148706735,1426.4872184936687,1.7471867826209961,1426.4872184936687,1.7471867826209961,16.175763425431445,0.0198123612250532,1.1647003163810208,8.135208538332969e-09,13.0,7882.08623046875,66.9779964065896,421.90335469754746,762.0707669684534,0.0
2457945.632456465,1688.918417877019,1.2057678595434664,1443.0030181340428,2.0794559795870335,1443.0030181340428,2.0794559795870335,16.36304562768393,0.0235801537814816,1.180466496180027,7.882105308232981e-09,13.0,10140.72109375,79.41617567076813,421.90335469754746,762.0707669684534,0.0
2457945.7313681445,1695.5031041197524,1.390938448464395,1449.8995622938196,2.2602454171186306,1449.8995622938196,2.2602454171186306,16.441249529783658,0.0256302297537122,1.1774681105914548,8.322279687572733e-09,13.0,8707.4556640625,85.38780911919571,421.90335469754746,762.0707669684534,0.0
2457946.529982985,1669.9496849202212,0.44419036562528336,1423.1359053105623,1.533703300030815,1423.1359053105623,1.533703300030815,16.137760947377906,0.0173915485708308,1.1798579814511332,6.087896577407813e-09,13.0,2117.85185546875,34.80075087196302,421.90335469754746,762.0707669684534,0.0
2457946.687990557,1672.0657917892752,0.6018685460323652,1425.3522333072615,1.6088992437114271,1425.3522333072615,1.6088992437114271,16.162893172106575,0.0182442388576839,1.1831540792526791,8.01456266887951e-09,13.0,2632.803369140625,46.95574502190141,421.90335469754746,762.0707669684534,0.0
2457947.677525408,1672.8753314740507,2.3311697983050697,1426.2001136738168,2.859088322105264,1426.2001136738168,2.859088322105264,16.172507777863057,0.0324208557295207,0.3112523066908514,7.760718155949288e-09,13.0,7277.537988281249,47.566746261100654,421.90335469754746,762.0707669684534,4.0
2457948.575485768,1670.6691356681665,0.6901534395081869,1423.8894300300526,1.6361016903347947,1423.8894300300526,1.6361016903347947,16.146305599891914,0.0185527031295455,1.018049422172606,8.190192022334099e-09,13.0,1638.6167480468748,47.0263174858158,421.90335469754746,762.0707669684534,0.0
2457948.5941631044,1670.848769963138,0.6881463149113262,1424.0775720010163,1.636602521673745,1424.0775720010163,1.636602521673745,16.14843905049227,0.0185583823456996,0.881889752153801,8.216573855224166e-09,13.0,1646.4796630859375,40.21644588805184,421.90335469754746,762.0707669684534,0.0
2457954.574370821,1670.979113508067,0.6741614448078367,1424.2140887582932,1.631248700396836,1424.2140887582932,1.631248700396836,16.14998709294277,0.018497672270436,1.1192071685321965,5.5050090577422094e-09,13.0,1754.8108642578125,50.56933167150159,421.90335469754746,762.0707669684534,0.0
2457954.772326633,1670.9365568041007,1.2665694197823358,1424.1695165224455,1.980163064342631,1424.1695165224455,1.980163064342631,16.149481662586943,0.0224542140001838,0.4200507872993075,8.020954625490047e-09,13.0,1758.5536376953123,35.02804241737537,421.90335469754746,762.0707669684534,4.0
2457955.622977011,1669.8812397116978,0.47480221545169504,1423.064218462366,1.5431655649205498,1423.064218462366,1.5431655649205498,16.136948048753855,0.0174988466638952,1.1446524281335757,5.564351956228109e-09,13.0,1696.4038818359377,36.059663096199166,421.90335469754746,762.0707669684534,0.0
2457956.567324613,1673.3050156350027,0.4624909860592138,1426.6501481449404,1.5682845917261035,1426.6501481449404,1.5682845917261035,16.177610978959997,0.0177836858337216,1.2007675869296996,5.557142779921443e-09,13.0,1851.2357421875,35.480385037222824,421.90335469754746,762.0707669684534,0.0
2457958.574212403,0.0,0.0,0.0,0.0,0.0,0.0,0.0,0.0,0.0,0.0,13.0,0.0,0.0,0.0,0.0,5.0
2457960.656543944,1672.9436166719483,0.5356974739224222,1426.2716329331095,1.5905200238054735,1426.2716329331095,1.5905200238054735,16.173318776099624,0.018035826255532,1.195432492273071,5.9823978831432044e-09,13.0,1492.5294921875,41.58507022075721,421.90335469754746,762.0707669684534,0.0
2457965.5901423763,1651.9577056039655,14.306444243821248,1404.2918062445965,15.043120995106532,1404.2918062445965,15.043120995106532,15.924076811617942,0.1705826475290386,0.0551668915947847,6.547958396111215e-09,13.0,6667.5291015625,65.18183024540527,421.90335469754746,762.0707669684534,4.0
2457968.5422746576,0.0,0.0,0.0,0.0,0.0,0.0,0.0,0.0,0.0,0.0,13.0,0.0,0.0,0.0,0.0,5.0
2457968.704035311,1671.5574841292123,1.0020745108574163,1424.8198516424175,1.8108442507024725,1424.8198516424175,1.8108442507024725,16.156856188563438,0.0205342100650556,1.179548400627015,7.793665361553085e-09,13.0,9872.32578125,79.72927782418238,421.90335469754746,762.0707669684534,0.0
2457969.754045121,1675.501019576685,2.104502104128186,1428.950157226704,2.673061081684324,1428.950157226704,2.673061081684324,16.203692111900143,0.0303113852816098,1.1098222430920146,8.187401986533673e-09,13.0,25626.55859375,152.25371061212883,421.90335469754746,762.0707669684534,0.0
2457970.558578161,1673.9363589302768,1.218854497498745,1427.3113925467742,1.9677551065174623,1427.3113925467742,1.9677551065174623,16.185109211591726,0.0223135129916009,1.1706645142257142,5.951156322755191e-09,13.0,12680.9818359375,94.0639553363538,421.90335469754746,762.0707669684534,0.0
2457971.504186619,1675.871451603734,1.2346785083414118,1429.3381333182856,1.9924529074240318,1429.3381333182856,1.9924529074240318,16.20809159714668,0.0225935756373882,1.1861679103205949,7.968454176970129e-09,13.0,11564.1048828125,94.57869669743178,421.90335469754746,762.0707669684534,0.0
2457972.4779339395,1693.342768538903,2.4001556425258967,1447.6369108653314,3.0361952140717494,1447.6369108653314,3.0361952140717494,16.415592016875774,0.0344291731881857,1.1761918370994235,4.122995284600713e-09,13.0,24566.21640625,152.43272762117547,421.90335469754746,762.0707669684534,2.0
2457973.5586458915,1749.5461766363849,5.359592799744187,1506.5021736258866,6.132067675233894,1506.5021736258866,6.132067675233894,17.083099269689498,0.0695350611890247,0.9930760111880768,6.841588161457637e-09,13.0,14561.2404296875,159.53392217379798,421.90335469754746,762.0707669684534,0.0
2457973.6908085914,-881866.1317485251,-881866.1317485251,-881866.1317485251,-881866.1317485251,-881866.1317485251,-881866.1317485251,-9999.99,-9999.99,0.0934720187757484,-9999.99,13.0,-9999.99,-9999.99,-9999.99,-9999.99,7.0
2457974.488831212,1673.2382975306482,0.6103758702639346,1426.5802701984474,1.6222589918656716,1426.5802701984474,1.6222589918656716,16.17681859251834,0.0183957327671734,1.174728243097899,8.006209844588881e-09,13.0,4761.81494140625,46.706480338857766,421.90335469754746,762.0707669684534,0.0
2457979.571866205,1672.0753046972948,0.49684343088080857,1425.362196756971,1.5691495982788253,1425.362196756971,1.5691495982788253,16.163006153424128,0.0177934946432061,1.1670487890150971,7.1483942333828924e-09,13.0,1827.1884765625,37.78737207394638,421.90335469754746,762.0707669684534,0.0
2457980.5027886257,1672.2605662143246,0.5642972864942613,1425.5562324613625,1.5955336936223299,1425.5562324613625,1.5955336936223299,16.16520643647583,0.0180926791567002,1.1408575578432696,7.0075168750197275e-09,13.0,2174.60546875,42.09671380746126,421.90335469754746,762.0707669684534,0.0
2457980.6178851826,1675.5256167699276,0.7566672634504498,1428.975919369827,1.7075267384893882,1428.975919369827,1.7075267384893882,16.203984243737764,0.0193626330515386,1.1224709209851464,6.493328000435464e-09,13.0,2287.496142578125,53.97946685132612,421.90335469754746,762.0707669684534,0.0
2457981.624695877,1672.3387652628624,0.633231402887927,1425.6381351020677,1.624312363448717,1425.6381351020677,1.624312363448717,16.16613517787833,0.0184190171348994,1.1484069884241048,4.296939739835258e-09,13.0,1946.4509765625,47.84716387764694,421.90335469754746,762.0707669684534,0.0
2457983.67671308,1664.3792671920826,1.454308468869289,1417.3016665276723,2.0792149041152452,1417.3016665276723,2.0792149041152452,16.071603140216368,0.023577420087307,0.9301626005139502,7.925538379201701e-09,13.0,1985.2799560546875,98.2881282493178,421.90335469754746,762.0707669684534,2.0
2457986.609924924,1670.225618940467,1.0857901484450487,1423.4249078667456,1.8536807291367827,1423.4249078667456,1.8536807291367827,16.141038114475908,0.0210199576638765,1.03316786124238,7.198761678227513e-09,13.0,1832.608740234375,76.25966548051642,421.90335469754746,762.0707669684534,0.0
2457989.697470366,1606.392567450484,16.68629724546311,1356.5686534871413,17.526293217328366,1356.5686534871413,17.526293217328366,15.382916386966192,0.1987407732314747,0.0127608633068137,7.559382179236421e-09,13.0,960.584765625,26.95832682349044,421.90335469754746,762.0707669684534,6.0
2457990.65519863,1672.8852785800925,0.4898273643215526,1426.2105318856418,1.5737081853298573,1426.2105318856418,1.5737081853298573,16.17262591599119,0.0178451870977446,1.1756304775694346,8.231482507425295e-09,13.0,1853.8760498046877,37.08433053025253,421.90335469754746,762.0707669684534,0.0
2457993.591957973,1676.9119276425795,0.6337462797725663,1430.4278874363356,1.6639803141368295,1430.4278874363356,1.6639803141368295,16.220448949232942,0.0188688349654301,1.1603118149921612,8.31071925433135e-09,13.0,2931.627294921875,45.80805747565603,421.90335469754746,762.0707669684534,0.0
2457995.497142797,1673.9708840632022,0.575788239768749,1427.3475528276233,1.6146349876959039,1427.3475528276233,1.6146349876959039,16.185519253925673,0.0183092797753724,1.1781049437877114,4.479019004310561e-09,13.0,3593.93798828125,43.66089747034536,421.90335469754746,762.0707669684534,0.0
2457996.6720416825,1694.4086614055084,2.7552983405275677,1448.753285579806,3.357028024991382,1448.753285579806,3.357028024991382,16.428251235298035,0.0380672819502343,0.6530817294597396,3.590480205051776e-09,13.0,22423.984375,95.5924598726763,421.90335469754746,762.0707669684534,4.0
2457998.6187601136,1670.5655108379128,0.7080712566604228,1423.7808974148998,1.643661751816217,1423.7808974148998,1.643661751816217,16.145074885810562,0.018638431038229,1.157383377423127,7.089202176984723e-09,13.0,7283.496484375,55.24154056891327,421.90335469754746,762.0707669684534,0.0
2457999.4855234814,1668.249087341528,1.4963186484003628,1421.3547655770767,2.132920209413738,1421.3547655770767,2.132920209413738,16.117563574009974,0.0241864155987539,0.9141877972558528,8.207895138820605e-09,13.0,14643.474609375,95.76355662316728,421.90335469754746,762.0707669684534,0.0
2458000.6659434848,1714.9627658533818,2.6204701789846685,1470.2808548160601,3.3812529451565,1470.2808548160601,3.3812529451565,16.672364791014257,0.0383419823278547,1.01979219372707,8.345854710397499e-09,13.0,11011.13984375,114.47259968702454,421.90335469754746,762.0707669684534,0.0
2458003.570667568,1673.9410477109777,0.6409970431992261,1427.316303393239,1.6411126574967618,1427.316303393239,1.6411126574967618,16.185164898519446,0.0186095253837471,1.1485410813672587,5.315569897133805e-09,13.0,3237.030029296875,47.64062208494383,421.90335469754746,762.0707669684534,0.0
2458004.556674968,1675.211997649348,0.5408209324467368,1428.6474469058865,1.6122641614443118,1428.6474469058865,1.6122641614443118,16.200259504532546,0.0182823956055941,1.146872899118499,6.752098419177144e-09,13.0,2406.794287109375,38.941657269602224,421.90335469754746,762.0707669684534,0.0
2458005.652066875,1669.5083667524375,0.5631150085789898,1422.6736858333645,1.572402258269594,1422.6736858333645,1.572402258269594,16.132519573451205,0.0178303784356663,1.0256019442357265,8.325506893780344e-09,13.0,3062.88642578125,38.8151577655508,421.90335469754746,762.0707669684534,0.0
2458008.5424054526,1674.213258743054,0.5726398619571804,1427.6014066364742,1.6155112687313866,1427.6014066364742,1.6155112687313866,16.18839784905318,0.0183192164327363,1.0865854086816211,4.493881153004305e-09,13.0,1854.722119140625,39.60964014540593,421.90335469754746,762.0707669684534,0.0
2458019.509596778,1670.680642011313,0.45108314854666015,1423.9014813261522,1.5420234027641704,1423.9014813261522,1.5420234027641704,16.14644225650695,0.0174858950267578,1.11819194193676,8.084926300207694e-09,13.0,1970.6514404296877,32.93188052337169,421.90335469754746,762.0707669684534,0.0
2458032.5344161717,1674.869040912256,0.7679386850916999,1428.2882473639415,1.7075261437350537,1428.2882473639415,1.7075261437350537,16.196186333222148,0.0193626263072753,1.0741932900795648,7.2847032834107134e-09,13.0,3550.410302734375,52.89598293207645,421.90335469754746,762.0707669684534,0.0
2458036.5230566296,0.0,0.0,0.0,0.0,0.0,0.0,0.0,0.0,0.0,0.0,13.0,0.0,0.0,0.0,0.0,5.0
2458042.4989677826,1669.0362381956268,0.7098879872893417,1422.1791967535344,1.6326515122422165,1422.1791967535344,1.6326515122422165,16.126912275840617,0.0185135795651156,1.0516309738958345,5.1103011193928995e-09,13.0,2301.830078125,50.97264830490285,421.90335469754746,762.0707669684534,0.0
2458045.524245484,1668.9799766900903,0.7937416143723409,1422.1202706417766,1.674054244543767,1422.1202706417766,1.674054244543767,16.12624407858585,0.0189830690874848,1.044193425689136,8.199670371832889e-09,13.0,2318.256640625,56.88463599210874,421.90335469754746,762.0707669684534,0.0
2458166.847815993,1667.0179554288175,1.4498478647612176,1420.0653259151811,2.0903271880689314,1420.0653259151811,2.0903271880689314,16.102941872075473,0.023703428700648,0.2550073178620234,7.746988383092894e-09,13.0,1614.8620117187502,24.579094701188165,421.90335469754746,762.0707669684534,4.0
2458173.8907121285,1670.7571352753127,0.57635640033062,1423.9815973945035,1.5877706632356317,1423.9815973945035,1.5877706632356317,16.14735073893246,0.0180046496662346,1.0315330155612998,7.130294160937504e-09,13.0,2262.044287109375,39.44381702197198,421.90335469754746,762.0707669684534,0.0
2458174.865789967,1668.9932582769554,0.6303944061346682,1422.1341812590713,1.5961213423652505,1422.1341812590713,1.5961213423652505,16.126401819119053,0.0180993428455994,1.0334985124303335,7.401979897779748e-09,13.0,2213.70517578125,44.36714760775943,421.90335469754746,762.0707669684534,0.0
2458175.8410926685,1673.7928160917213,0.5764494495695136,1427.1610513629378,1.6133540065724261,1427.1610513629378,1.6133540065724261,16.183404405974606,0.0182947539896961,1.042725529916752,6.024343353936154e-09,13.0,1878.6366455078123,38.44844783642773,421.90335469754746,762.0707669684534,0.0
2458178.8686078237,1671.5586900192736,0.5527862214673585,1424.821114644746,1.5852034841061662,1424.821114644746,1.5852034841061662,16.156870510477155,0.0179755389376346,1.0186540141142566,6.1199709564382406e-09,13.0,3064.316259765625,36.8598711488816,421.90335469754746,762.0707669684534,0.0
2458180.8976174225,1673.6061786760984,0.8169714230890058,1426.9655745958974,1.7220243754936633,1426.9655745958974,1.7220243754936633,16.181187781880244,0.0195270301406738,1.0418698149375418,7.873986252808346e-09,13.0,3755.1836914062496,55.66623832815282,421.90335469754746,762.0707669684534,0.0
2458186.8845094293,1662.8945482468805,2.038907602989089,1415.746629675043,2.555596689672213,1415.746629675043,2.555596689672213,16.053969678156673,0.0289793886177305,0.8206753188239464,5.527111734470175e-09,13.0,5081.45576171875,124.04040284956496,421.90335469754746,762.0707669684534,2.0
2458195.8548368453,1671.1140613647544,0.46468776200869016,1424.3554278925515,1.550101969734217,1424.3554278925515,1.550101969734217,16.151589819114353,0.0175775025689985,1.0777127807695694,6.195245699374449e-09,13.0,1702.5833007812498,32.62771273817522,421.90335469754746,762.0707669684534,0.0
2458203.833274608,1670.8376454082936,1.4205119586605093,1424.0659205751288,2.090988038990696,1424.0659205751288,2.090988038990696,16.148306928236792,0.0237109224713817,0.8786857267793073,7.921102009772245e-09,13.0,1796.1426269531248,84.43371187563767,421.90335469754746,762.0707669684534,2.0
2458208.8205833314,1675.0154855760522,0.816874925099315,1428.441627806624,1.7334655383687838,1428.441627806624,1.7334655383687838,16.19792560275274,0.0196567681022766,1.0165442437921606,4.616023522422856e-09,13.0,4696.0638671875,53.40619865531332,421.90335469754746,762.0707669684534,0.0
2458208.8346759444,1673.8040675317052,0.7475729936580295,1427.1728356833826,1.6887171550899929,1427.1728356833826,1.6887171550899929,16.183538035198318,0.0191493403088803,1.0208707829638255,4.454875931477045e-09,13.0,4110.175390625,49.57171839845442,421.90335469754746,762.0707669684534,0.0
2458209.724878933,1671.7030201665752,1.2787887602684616,1424.9722804251273,1.9938322944118982,1424.9722804251273,1.9938322944118982,16.15858466667132,0.0226092173040632,0.3224003429349146,6.090693195833933e-09,13.0,2093.45556640625,26.20296222554609,421.90335469754746,762.0707669684534,0.0
2458209.7627819357,1672.7025867471054,1.6722609812373994,1426.0191875683308,2.296954175284849,1426.0191875683308,2.296954175284849,16.170456152133863,0.0260464915891075,0.329090531036479,7.482820694900535e-09,13.0,2226.578564453125,35.60367825736143,421.90335469754746,762.0707669684534,0.0
2458209.8042549645,1671.9180677009795,1.2549942301272254,1425.1975128451406,1.9786266616132997,1425.1975128451406,1.9786266616132997,16.16113870732071,0.0224367918412232,0.3333379621530629,7.783661927773014e-09,13.0,1588.047607421875,26.55598466121688,421.90335469754746,762.0707669684534,0.0
2458209.8172699315,1672.426685507755,0.829002006993043,1425.7302193455823,1.718948718172918,1425.7302193455823,1.718948718172918,16.167179374362536,0.0194921534838394,1.0198225045014293,8.163819809852269e-09,13.0,3859.05390625,56.038459592443694,421.90335469754746,762.0707669684534,0.0
2458209.862792787,1672.7908126988746,1.2775013434196034,1426.1115919973324,2.000260596417763,1426.1115919973324,2.000260596417763,16.17150397938644,0.0226821115376224,0.3425384922740225,4.606766755044665e-09,13.0,1090.9985107421876,27.71114669811925,421.90335469754746,762.0707669684534,0.0
2458209.901470352,1671.7491805747247,1.0357167451024734,1425.0206270405174,1.8328807906841593,1425.0206270405174,1.8328807906841593,16.159132896899273,0.0207840951343626,0.3438063633789925,4.70928327002935e-09,13.0,885.1557250976562,22.107686241339028,421.90335469754746,762.0707669684534,0.0
2458210.835086509,1674.2832464125543,1.2083319662936032,1427.6747089982803,1.9631033704261167,1427.6747089982803,1.9631033704261167,16.189229066920213,0.0222607642662316,0.3313718471705918,7.3929499998310825e-09,13.0,1408.922509765625,24.531327984566104,421.90335469754746,762.0707669684534,0.0
2458210.880709605,1674.4315926449133,1.261698705839012,1427.8300810698847,2.0006393860177805,1427.8300810698847,2.0006393860177805,16.190990920682808,0.0226864068519291,0.3315263799542811,8.170209934464903e-09,13.0,1085.4397705078125,25.742811629283,421.90335469754746,762.0707669684534,0.0
2458210.8876891914,1671.5264873394913,1.192376304858397,1424.7873868109525,1.9329865666471473,1424.7873868109525,1.9329865666471473,16.156488051066916,0.0219192524133787,0.3327895252977295,8.214937755402616e-09,13.0,1025.388427734375,25.16356248791416,421.90335469754746,762.0707669684534,0.0
2458211.755784115,1673.4278014958074,1.4690260462788733,1426.7787492779341,2.143725558308466,1426.7787492779341,2.143725558308466,16.179069261569595,0.0243089436979786,0.3150692371380671,7.484876870273608e-09,13.0,2714.96376953125,29.25915148018089,421.90335469754746,762.0707669684534,0.0
2458211.7627013214,1676.4446724130282,1.8614900135239225,1429.9385024898552,2.4729654906963856,1429.9385024898552,2.4729654906963856,16.214899530341835,0.0280423856717075,0.3135855720465267,5.584839778914201e-09,13.0,2770.8814453125,36.38971181869648,421.90335469754746,762.0707669684534,0.0
2458211.8877716493,1673.3041028367654,0.9817984184183831,1426.6491921155841,1.8116976823619397,1426.6491921155841,1.8116976823619397,16.177600137990304,0.0205438876201324,0.3213462479016477,7.510114927174512e-09,13.0,951.4086059570312,18.60704687587183,421.90335469754746,762.0707669684534,0.0
2458213.8070815075,1672.9120190364488,0.8764396361898659,1426.238538799154,1.748348388221629,1426.238538799154,1.748348388221629,16.172943502578285,0.019825533342648,1.0426892107492565,4.579152425407097e-09,13.0,7268.25615234375,60.37402191455265,421.90335469754746,762.0707669684534,0.0
2458221.90365426,1672.9061960784018,0.535274550739512,1426.2324400594669,1.5900422156972849,1426.2324400594669,1.5900422156972849,16.172874345442423,0.0180304081131045,1.0362741236943749,7.519920287475658e-09,13.0,1731.451977539063,35.647719692632066,421.90335469754746,762.0707669684534,0.0
2458222.725520714,1674.9582816117281,1.8444906611626934,1428.381714600203,2.450166361393713,1428.381714600203,2.450166361393713,16.197246212260794,0.0277838531611286,0.2618981716047379,6.8534039067543755e-09,13.0,523.270068359375,29.827880518845507,421.90335469754746,762.0707669684534,0.0
2458222.923436963,1671.6742401233744,1.5750413939085324,1424.9421373277132,2.2140543339179053,1424.9421373277132,2.2140543339179053,16.158242856659736,0.0251064423516713,0.2684416724679277,6.885452117100426e-09,13.0,726.7806274414063,26.63525589645113,421.90335469754746,762.0707669684534,0.0
2458223.711719676,1675.5110999250899,1.5601584936976352,1428.9607149913966,2.2264956011890913,1428.9607149913966,2.2264956011890913,16.20381183249894,0.0252475210753235,0.2740802610851838,4.5625241946958604e-09,13.0,570.4861572265625,25.921126926233587,421.90335469754746,762.0707669684534,0.0
2458223.760321508,1674.4990498954653,1.199824846793316,1427.9007331693456,1.958926431389031,1427.9007331693456,1.958926431389031,16.191792085692605,0.0222133995392082,0.2944747934876076,4.3953800170395825e-09,13.0,528.1611694335938,20.963734009169173,421.90335469754746,762.0707669684534,0.0
2458223.763771026,1674.609161399395,1.1399490667768581,1428.0160596741114,1.9201123031037124,1428.0160596741114,1.9201123031037124,16.193099839616785,0.0217732636946188,0.2818747398540446,3.347367944651138e-09,13.0,525.6781127929687,18.585417533792956,421.90335469754746,762.0707669684534,0.0
2458223.780509642,1676.0812796341752,0.6561267179541029,1429.5578990329375,1.6661305503533526,1429.5578990329375,1.6661305503533526,16.21058364766291,0.0188932177372463,1.0347762846660495,2.4430949647541303e-09,13.0,1763.9542724609375,42.436271151190105,421.90335469754746,762.0707669684534,0.0
2458223.8861196563,1672.58905236053,1.3239341660871655,1425.9002760694666,2.0317630344371214,1425.9002760694666,2.0317630344371214,16.16910774588861,0.0230393358983591,0.2938746328973962,4.831731968047589e-09,13.0,531.4217163085938,24.189703529846835,421.90335469754746,762.0707669684534,0.0
2458223.923526829,1674.7693713999117,1.22660859582281,1428.1838573948628,1.9789777486569091,1428.1838573948628,1.9789777486569091,16.19500259500009,0.022440773020224,0.2934154122817262,5.8380801333052385e-09,13.0,858.3802368164063,21.412177102972503,421.90335469754746,762.0707669684534,0.0
2458224.855267088,1676.530577354593,0.7295004377155901,1430.0284759830809,1.7031504737794039,1430.0284759830809,1.7031504737794039,16.215919791807973,0.0193130080554517,1.0459630235063864,4.6940747539087075e-09,13.0,1826.9067138671876,47.94764183282609,421.90335469754746,762.0707669684534,0.0
2458225.718879109,1672.608702912789,1.376307758106804,1425.9208572932973,2.0697170302279373,1425.9208572932973,2.0697170302279373,16.16934112828656,0.0234697182032285,0.2784951204866394,7.3506940727154285e-09,13.0,526.7085571289062,23.78290935333133,421.90335469754746,762.0707669684534,0.0
2458225.7258222518,1671.6890159769796,1.0443802363530184,1424.9576129818486,1.8378301997541855,1424.9576129818486,1.8378301997541855,16.158418344050656,0.0208402193457642,0.2859411138643706,5.861928343162558e-09,13.0,517.66005859375,17.733845849787144,421.90335469754746,762.0707669684534,0.0
2458225.764138365,1675.3609808475019,1.076078603746396,1428.803486110681,1.8849559396208235,1428.803486110681,1.8849559396208235,16.202028923304148,0.0213746053601977,0.2887900253922089,6.179304784442973e-09,13.0,527.5903930664062,17.605557549467658,421.90335469754746,762.0707669684534,0.0
2458225.921803025,1676.7362931681107,0.7083843498968647,1430.2439347217335,1.6951404813022533,1430.2439347217335,1.6951404813022533,16.218363003032866,0.0192221781190386,0.9605383663736876,5.574660818617776e-09,13.0,2240.105029296875,42.31106121842916,421.90335469754746,762.0707669684534,0.0
2458226.709119308,1673.9115982653561,1.0574037673883094,1427.2854591897758,1.8623183673773354,1427.2854591897758,1.8623183673773354,16.184815138260962,0.021117904838532,0.2926296045771357,5.905174016162601e-09,13.0,571.7890869140625,17.995473098021687,421.90335469754746,762.0707669684534,0.0
2458226.7293657023,1671.3036511352386,0.9601444395863249,1424.553996841199,1.7838708526110207,1424.553996841199,1.7838708526110207,16.153841507243982,0.0202283431069429,0.2943960546624622,6.3252465937129985e-09,13.0,547.1063842773438,16.63214351303232,421.90335469754746,762.0707669684534,0.0
2458226.854500475,1669.7443953446852,1.02838792732566,1422.9208929969857,1.8140319367094497,1422.9208929969857,1.8140319367094497,16.135322798425097,0.0205703570799429,0.3095565624415938,5.787992438914422e-09,13.0,490.43244018554685,19.867239512707563,421.90335469754746,762.0707669684534,0.0
2458226.867243804,1672.9331134644965,0.5723625559379378,1426.2606322823053,1.6043794126237763,1426.2606322823053,1.6043794126237763,16.173194033359117,0.0181929858794245,1.0207769367509023,8.348779039590432e-09,13.0,1632.308203125,37.75246826145076,421.90335469754746,762.0707669684534,0.0
2458227.8238032395,1672.391336265698,1.1810147812983984,1425.6931959248939,1.9313179577006878,1425.6931959248939,1.9313179577006878,16.16675954438685,0.0219003310916749,0.2910677227437959,6.836643510568517e-09,13.0,495.9796569824219,20.71740235883069,421.90335469754746,762.0707669684534,0.0
2458228.674746119,1668.4776529308492,1.0726874011021466,1421.59415628182,1.8333366520510417,1421.59415628182,1.8333366520510417,16.12027816363684,0.0207892644099999,0.2910797732923591,3.607819791030311e-09,13.0,733.0545166015625,19.73615834703315,421.90335469754746,762.0707669684534,0.0
2458228.7749153557,1670.7437990437263,0.9494146641916611,1423.9676295444542,1.7734325577035264,1423.9676295444542,1.7734325577035264,16.147192349403955,0.0201099772451255,0.3210708045019509,5.358026050699482e-09,13.0,506.6742797851563,18.52144012089701,421.90335469754746,762.0707669684534,0.0
2458228.8649770203,1671.5009431564836,1.1379175563224202,1424.760632827597,1.896457353714062,1424.760632827597,1.896457353714062,16.15618467217938,0.0215050265452025,0.3218550138286425,4.194948883949052e-09,13.0,508.3915832519531,22.888079854831577,421.90335469754746,762.0707669684534,0.0
2458228.8929005964,1675.4706800762788,0.8846005892284023,1428.9183808144915,1.7732436404366787,1428.9183808144915,1.7732436404366787,16.20333178078761,0.0201078350029968,0.3243742168912857,4.140176386497341e-09,13.0,528.9315185546875,15.888594898123568,421.90335469754746,762.0707669684534,0.0
2458229.6742760087,1674.603919325732,1.2340418642512012,1428.0105693301261,1.9828559509354755,1428.0105693301261,1.9828559509354755,16.193037581431586,0.0224847501984004,0.2959968912681276,6.0720456368965635e-09,13.0,586.9718017578125,21.90274200051757,421.90335469754746,762.0707669684534,0.0
2458229.6844948474,1672.8948240594639,1.069038166938009,1426.2205294493194,1.8620636361245817,1426.2205294493194,1.8620636361245817,16.17273928414674,0.0211150162935607,0.2978282090200873,6.0170303218577885e-09,13.0,583.946826171875,18.87464818802267,421.90335469754746,762.0707669684534,0.0
2458229.8531858018,1675.2584520593568,0.6799311707813861,1428.6961014473854,1.6694359373338592,1428.6961014473854,1.6694359373338592,16.200811226512702,0.0189306994315321,1.0131025536700289,5.720437446959641e-09,13.0,1614.5546875,43.4812443933524,421.90335469754746,762.0707669684534,0.0
2458230.6776513997,1673.230088868788,1.0814115539059181,1426.5716727654158,1.8723411617818289,1426.5716727654158,1.8723411617818289,16.17672110125379,0.021231559099886,0.305415014668264,8.156123551527403e-09,13.0,652.9844604492187,19.73204808359145,421.90335469754746,762.0707669684534,0.0
2458230.7158265742,1674.1279175617378,1.0395929305137708,1427.512023603799,1.8529208002432007,1427.512023603799,1.8529208002432007,16.187384283160643,0.0210113403907293,0.317392913416838,3.7063446499912973e-09,13.0,558.5739868164062,19.468264299385705,421.90335469754746,762.0707669684534,0.0
2458230.7332284944,1678.0330806167663,0.9560603148528711,1431.6021394373151,1.8343053170205939,1431.6021394373151,1.8343053170205939,16.233764471673958,0.0208002486622125,0.3171395080114509,6.148792962779628e-09,13.0,547.6882080078125,16.370851367369863,421.90335469754746,762.0707669684534,0.0
2458230.803915779,1670.364345548191,0.5294416470295338,1423.5702047178072,1.5665039751352254,1423.5702047178072,1.5665039751352254,16.142685719486845,0.0177634943925702,0.9857960528995215,6.628901326682996e-09,13.0,1687.9909912109374,34.396395187330604,421.90335469754746,762.0707669684534,0.0
2458230.8541013976,1672.581619818543,1.0494890322790376,1425.8924915141909,1.84751840794338,1425.8924915141909,1.84751840794338,16.16901947231498,0.0209500795405511,0.3313130981168291,6.0834829644700374e-09,13.0,545.61044921875,21.22486470988834,421.90335469754746,762.0707669684534,0.0
2458231.8294943827,1673.4514740394816,1.5074501253907078,1426.8035429790787,2.172940827279442,1426.8035429790787,2.172940827279442,16.179350411683636,0.0246402325263383,0.3322288646685222,3.16142826735336e-09,13.0,1536.1744384765625,31.771908670973986,421.90335469754746,762.0707669684534,4.0
2458237.6575159207,0.0,0.0,0.0,0.0,0.0,0.0,0.0,0.0,0.0,0.0,13.0,0.0,0.0,0.0,0.0,5.0
2458237.713015585,2033.0986821587553,753.1711753127563,1803.4840348510627,788.8747966767022,1803.4840348510627,788.8747966767022,20.45074832152996,8.945507480117884,0.0508799869578627,3.021789287566513e-09,13.0,10643.8216796875,58.77729574174223,421.90335469754746,762.0707669684534,6.0
2458237.723913186,1635.1035064910354,21.262254412301314,1386.6393738924417,22.30549056598621,1386.6393738924417,22.30549056598621,15.723905673797717,0.2529348555009064,0.032514166067097,2.712659963260563e-09,13.0,11275.282421875,68.3345127399485,421.90335469754746,762.0707669684534,6.0
2458237.739524192,1718.5137254512326,13.287598082197553,1473.9999917306232,14.063150034628382,1473.9999917306232,14.063150034628382,16.714538235049943,0.1594701901477335,0.191309884748652,6.8777762745917804e-09,13.0,27473.5109375,105.3355515057914,421.90335469754746,762.0707669684534,4.0
2458237.84494124,1773.649579541967,158.52098994980997,1531.747139963153,166.05295377353764,1531.747139963153,166.05295377353764,17.36936654068952,1.8829704616429903,0.019357525958796,4.6934781971649274e-09,13.0,9513.968359375,71.19791061541304,421.90335469754746,762.0707669684534,6.0
2458237.9254233874,1673.5634056363888,0.8762133134390973,1426.920775778409,1.7533440813839622,1426.920775778409,1.7533440813839622,16.18067978218418,0.0198821823961357,1.0242295071161744,5.3247576180831494e-09,13.0,6566.862597656251,58.78032507310876,421.90335469754746,762.0707669684534,0.0
2458238.6957163136,1667.7286125697344,2.0730551451636003,1420.8096405528295,2.6066994869116873,1420.8096405528295,2.6066994869116873,16.11138208614582,0.0295588727854165,0.3733546194295803,7.824797997330002e-09,13.0,5548.861328125,53.9472703614179,421.90335469754746,762.0707669684534,0.0
2458238.7237720448,1720.7772845121378,4.531340448586034,1476.3707554156854,5.17125301890997,1476.3707554156854,5.17125301890997,16.741421695350187,0.0586398282175054,0.3791425486114466,8.339926877658127e-09,13.0,5802.33251953125,68.78765691993794,421.90335469754746,762.0707669684534,0.0
2458238.736771237,1747.132510852268,5.31869211600549,1503.9741939996015,6.078373457593774,1503.9741939996015,6.078373457593774,17.054433046922863,0.0689261914069474,1.0513615092578357,3.1207763607866686e-09,13.0,15623.73515625,172.05881838010546,421.90335469754746,762.0707669684534,0.0
2458238.8554717936,1800.474276889304,14.202100082402605,1559.8422842128532,15.228229104184908,1559.8422842128532,15.228229104184908,17.68795362713143,0.1726816954151757,0.2820618107189842,3.058522723049679e-09,13.0,7783.74248046875,69.57284546952852,421.90335469754746,762.0707669684534,0.0
2458239.646098967,0.0,0.0,0.0,0.0,0.0,0.0,0.0,0.0,0.0,0.0,13.0,0.0,0.0,0.0,0.0,5.0
2458239.6958102537,0.0,0.0,0.0,0.0,0.0,0.0,0.0,0.0,0.0,0.0,13.0,0.0,0.0,0.0,0.0,5.0
2458239.751379933,0.0,0.0,0.0,0.0,0.0,0.0,0.0,0.0,0.0,0.0,13.0,0.0,0.0,0.0,0.0,5.0
2458239.8268959406,0.0,0.0,0.0,0.0,0.0,0.0,0.0,0.0,0.0,0.0,13.0,0.0,0.0,0.0,0.0,5.0
2458239.917798906,1697.5219101729717,4.758634604159176,1452.0139812019984,5.283071698582246,1452.0139812019984,5.283071698582246,16.465226148429473,0.0599078048845749,0.4296001195848401,7.103076412266491e-09,13.0,24752.423046875003,105.42721847135212,421.90335469754746,762.0707669684534,4.0
2458239.921764513,0.0,0.0,0.0,0.0,0.0,0.0,0.0,0.0,0.0,0.0,13.0,0.0,0.0,0.0,0.0,5.0
2458240.7167375484,1677.158063673882,1.6901138174843964,1430.685680738343,2.3386017772475647,1430.685680738343,2.3386017772475647,16.22337221655133,0.0265187578301586,0.379972070516986,8.25582880315071e-09,13.0,4209.34609375,39.83946134603835,421.90335469754746,762.0707669684534,0.0
2458240.727268688,1679.0397382021777,1.7349364373418974,1432.6564734231172,2.386380165689257,1432.6564734231172,2.386380165689257,16.245720174399246,0.0270605446041735,0.389658147290126,7.342850032929524e-09,13.0,4190.726171875,41.18658091105259,421.90335469754746,762.0707669684534,0.0
2458240.7792239366,1677.4690352401235,1.8356740470911284,1431.0113802568865,2.4579189617415445,1431.0113802568865,2.4579189617415445,16.227065511725268,0.0278717643793524,0.3822824299600277,7.377693950103007e-09,13.0,4260.7642578125,43.65794171041467,421.90335469754746,762.0707669684534,0.0
2458240.8833884373,1676.6538860311537,1.8390706984631588,1430.157624692956,2.4557542160307473,1430.157624692956,2.4557542160307473,16.217384283708466,0.0278472170759906,0.3849834301449299,6.177972365010739e-09,13.0,4292.03564453125,44.49570978555544,421.90335469754746,762.0707669684534,0.0
2458240.9253083747,1675.450710169976,1.557534295695051,1428.8974651116635,2.2240871118274015,1428.8974651116635,2.2240871118274015,16.203094605538894,0.0252202098217614,0.3871795436564509,5.3914756990404295e-09,13.0,4243.54111328125,38.03679547218651,421.90335469754746,762.0707669684534,0.0
2458244.6442426685,1656.0351985070765,2.0522642453803885,1408.5624136556203,2.541575001554334,1408.5624136556203,2.541575001554334,15.972503698496435,0.0288203885882318,0.2937177614426673,8.341530782054908e-09,13.0,1653.7204833984374,47.25337435813381,421.90335469754746,762.0707669684534,6.0
2458244.647554901,1661.8590769488897,1.7030758093643144,1414.6621173278297,2.265143293154188,1414.6621173278297,2.265143293154188,16.041671765540944,0.0256857696022374,0.3319746920520365,6.378522010389668e-09,13.0,1678.5045166015625,41.44053353059975,421.90335469754746,762.0707669684534,0.0
2458244.671933571,1671.555372494946,1.2127786037312194,1424.8176399988502,1.9470570518410717,1424.8176399988502,1.9470570518410717,16.156831109458164,0.0220788057811392,0.3716233156333595,7.395351866545791e-09,13.0,1725.462841796875,28.98913192868425,421.90335469754746,762.0707669684534,0.0
2458244.6857687496,1672.1533559363686,1.0406135832056893,1425.4439445877952,1.8388621201851392,1425.4439445877952,1.8388621201851392,16.163933139347876,0.0208519208882306,0.3886830763431365,6.451182678025857e-09,13.0,1721.0771240234376,25.445407608539305,421.90335469754746,762.0707669684534,0.0
2458244.713664635,1677.3182638729118,1.0644588581876342,1430.853468193399,1.8929695371001825,1430.853468193399,1.8929695371001825,16.225274855525985,0.0214654761758154,0.3969485811913748,5.495478003739636e-09,13.0,1780.8726806640625,24.97633358790589,421.90335469754746,762.0707669684534,0.0
2458244.733248596,1676.6855909067879,1.2561033308475626,1430.1908311460552,2.0130373428717445,1430.1908311460552,2.0130373428717445,16.21776083088152,0.0228269944537165,0.4072596623113643,7.072110888444059e-09,13.0,1815.7065917968755,31.35471913857366,421.90335469754746,762.0707669684534,0.0
2458244.739272706,1673.2666690623482,1.307973894947182,1426.6099854368101,2.024970339146093,1426.6099854368101,2.024970339146093,16.177155550788743,0.0229623095986319,0.4084875298191726,7.822290262520518e-09,13.0,1825.2597900390624,34.24927653099201,421.90335469754746,762.0707669684534,0.0
2458244.74473338,1675.4357850791707,1.4632542308044896,1428.8818331522898,2.1526069867974735,1428.8818331522898,2.1526069867974735,16.20291734571251,0.0244096553512311,0.4051608017232617,6.583680129139716e-09,13.0,1820.273779296875,37.40444678752736,421.90335469754746,762.0707669684534,0.0
2458244.8351802425,1673.5911455569897,0.9448356326989704,1426.9498294918826,1.7922239028432623,1426.9498294918826,1.7922239028432623,16.181009239041337,0.0203230631736114,0.409421948714658,6.384873995240994e-09,13.0,1037.3628173828124,23.695420570778275,421.90335469754746,762.0707669684534,0.0
2458244.83881924,1674.6573134091568,1.0938757641011037,1428.0664922155363,1.890845860014545,1428.0664922155363,1.890845860014545,16.19367172336621,0.0214413945733419,0.4109254398471705,4.966685108348221e-09,13.0,1076.1634765625,27.8065496777123,421.90335469754746,762.0707669684534,0.0
2458245.6333709145,1654.3452154294193,2.3421117625808927,1406.7923911375085,2.798002401630472,1406.7923911375085,2.798002401630472,15.952432389662071,0.0317281671548075,0.2344612889693109,6.3828647915587094e-09,13.0,854.9922241210937,43.66183219746499,421.90335469754746,762.0707669684534,6.0
2458245.63715097,1631.9932016572675,2.6282780197145597,1383.3817616318531,3.0301974868276433,1383.3817616318531,3.0301974868276433,15.686965724686422,0.0343611614908265,0.1602982824112774,4.6970881995924645e-09,13.0,792.7592651367188,42.3575769788707,421.90335469754746,762.0707669684534,6.0
2458245.6409275425,1637.8949926510716,3.2464481578201183,1389.5630678794314,3.6319396923814184,1389.5630678794314,3.6319396923814184,15.757059130519073,0.0411846643122634,0.1404878910309206,4.005714438678938e-09,13.0,783.9615844726563,43.098878950526505,421.90335469754746,762.0707669684534,6.0
2458245.644099067,0.0,0.0,0.0,0.0,0.0,0.0,0.0,0.0,0.0,0.0,13.0,0.0,0.0,0.0,0.0,5.0
2458245.651125137,0.0,0.0,0.0,0.0,0.0,0.0,0.0,0.0,0.0,0.0,13.0,0.0,0.0,0.0,0.0,5.0
2458245.6545129404,0.0,0.0,0.0,0.0,0.0,0.0,0.0,0.0,0.0,0.0,13.0,0.0,0.0,0.0,0.0,5.0
2458245.6577812955,0.0,0.0,0.0,0.0,0.0,0.0,0.0,0.0,0.0,0.0,13.0,0.0,0.0,0.0,0.0,5.0
2458245.661466347,0.0,0.0,0.0,0.0,0.0,0.0,0.0,0.0,0.0,0.0,13.0,0.0,0.0,0.0,0.0,5.0
2458245.6649325406,0.0,0.0,0.0,0.0,0.0,0.0,0.0,0.0,0.0,0.0,13.0,0.0,0.0,0.0,0.0,5.0
2458245.668403596,1664.732160928146,1.7964233324630867,1417.6712736956918,2.356044919355483,1417.6712736956918,2.356044919355483,16.07579432961695,0.026716555704879,0.3110760632200755,5.2570478311549545e-09,13.0,1325.6491455078126,39.56713315367024,421.90335469754746,762.0707669684534,0.0
2458245.67188288,0.0,0.0,0.0,0.0,0.0,0.0,0.0,0.0,0.0,0.0,13.0,0.0,0.0,0.0,0.0,5.0
2458245.6753526623,0.0,0.0,0.0,0.0,0.0,0.0,0.0,0.0,0.0,0.0,13.0,0.0,0.0,0.0,0.0,5.0
2458245.678823022,0.0,0.0,0.0,0.0,0.0,0.0,0.0,0.0,0.0,0.0,13.0,0.0,0.0,0.0,0.0,5.0
2458245.6858452293,1670.6203487395092,1.1609911771482666,1423.8383324992826,1.905692879087598,1423.8383324992826,1.905692879087598,16.145726175443766,0.0216097535077824,0.3555244390099087,8.341577199752445e-09,13.0,899.314306640625,26.54549440528137,421.90335469754746,762.0707669684534,0.0
2458245.692717155,1675.2924475467048,1.9056327773818507,1428.731706998065,2.5028822320527615,1428.731706998065,2.5028822320527615,16.20121497844048,0.0283816289010661,0.3658300118721726,5.7508791291612094e-09,13.0,1987.585278320313,44.38413232686904,421.90335469754746,762.0707669684534,0.0
2458245.6961812177,1672.923138484341,1.3008012236243993,1426.250184876218,2.0175611964758446,1426.250184876218,2.0175611964758446,16.173075564180362,0.0228782930456159,0.364757071634788,6.908883974270022e-09,13.0,2018.896142578125,30.14257679374937,421.90335469754746,762.0707669684534,0.0
2458245.699951178,1675.8801935171853,1.3814448105272765,1429.3472892582852,2.0955458971219088,1429.3472892582852,2.0955458971219088,16.20819542164469,0.0237626066602769,0.3784794030967316,7.441814162523652e-09,13.0,2053.19482421875,32.43314889006804,421.90335469754746,762.0707669684534,0.0
2458245.703130546,1673.241465708185,1.1236439208600433,1426.583588424326,1.899507598715666,1426.583588424326,1.899507598715666,16.17685621980032,0.0215396150370557,0.3774870832498876,4.645697054734314e-09,13.0,2036.55966796875,26.53002042781806,421.90335469754746,762.0707669684534,0.0
2458245.7066028523,1679.958645803178,1.2881728634864762,1433.6189014896104,2.0596161659426593,1433.6189014896104,2.0596161659426593,16.25663370276161,0.023355178662353,0.3784526068203963,7.580610770105347e-09,13.0,2042.913549804688,28.50910335682896,421.90335469754746,762.0707669684534,0.0
2458245.709683403,1677.1481461511394,1.1118438690773418,1430.6752935109148,1.921291796333439,1430.6752935109148,1.921291796333439,16.22325442977319,0.0217866386503833,0.3778114869780082,8.256143014014197e-09,13.0,2055.129736328125,24.94724858876669,421.90335469754746,762.0707669684534,0.0
2458245.7940357,1679.701293158244,0.7196361479997576,1433.3493603429263,1.7267613609356673,1433.3493603429263,1.7267613609356673,16.25357721983933,0.019580745557725,0.9834912374470818,7.017959197152787e-09,13.0,4861.5396484375,42.59345319562232,421.90335469754746,762.0707669684534,0.0
2458246.630472034,1666.599821775523,1.2440326468234502,1419.6273889963472,1.9368502047715634,1419.6273889963472,1.9368502047715634,16.097975852119262,0.0219630644401896,0.2660814427596926,8.260416391004498e-09,13.0,897.7088623046875,21.729962437542163,421.90335469754746,762.0707669684534,4.0
2458246.641090222,1670.0807804922013,1.7741261690678114,1423.2732097117116,2.3647166261909818,1423.2732097117116,2.3647166261909818,16.13931792137772,0.0268148892030325,0.1669291759916244,5.7316380613440435e-09,13.0,799.9439941406249,17.98730109990998,421.90335469754746,762.0707669684534,4.0
2458246.706775465,1674.2144687875916,0.8608135100325275,1427.6026739900403,1.7501568255115276,1427.6026739900403,1.7501568255115276,16.188412220308106,0.0198460402587927,0.3967056666711736,6.458789678886225e-09,13.0,813.9064453125,20.20525708305538,421.90335469754746,762.0707669684534,0.0
2458246.71643684,1673.912651542196,0.5741471213520034,1427.2865623509551,1.6134894799179074,1427.2865623509551,1.6134894799179074,16.18482764764347,0.0182962902002969,0.9950290250352898,6.2111397257334565e-09,13.0,2059.34033203125,36.2926960817692,421.90335469754746,762.0707669684534,0.0
2458246.7310629617,1675.8507159882558,1.1958541353421062,1429.316415641458,1.9661512922544397,1429.316415641458,1.9661512922544397,16.207845327851064,0.0222953264142796,0.3906431643060003,8.057627594515088e-09,13.0,1073.542626953125,28.559380042466657,421.90335469754746,762.0707669684534,0.0
2458246.809780952,1678.7873656782413,1.0503869844378864,1432.3921482613891,1.8961591748779079,1432.3921482613891,1.8961591748779079,16.242722838546477,0.0215016453229598,0.4164513667606341,7.27518035080461e-09,13.0,1154.312255859375,25.562911763005527,421.90335469754746,762.0707669684534,0.0
2458246.8855144745,1670.52440870024,1.0688935915956461,1423.7378486351886,1.844966010391688,1423.7378486351886,1.844966010391688,16.144586730804807,0.0209211364288088,0.8889790053621958,8.193881811068799e-09,13.0,2557.153515625,64.46924617759218,421.90335469754746,762.0707669684534,0.0
2458247.7081406056,1676.0553696729837,2.1723869034202994,1429.5307619477464,2.734932698578701,1429.5307619477464,2.734932698578701,16.21027592456212,0.0310129833223474,0.1491768815868458,7.586966920405399e-09,13.0,691.5384277343751,18.638398492376297,421.90335469754746,762.0707669684534,4.0
2458247.768186687,1673.9788073027055,1.9851179526219775,1427.355851320384,2.5624972550520657,1427.355851320384,2.5624972550520657,16.18561335533363,0.0290576381187699,0.152711513932212,7.389070451912092e-09,13.0,909.6508911132812,17.598925234264016,421.90335469754746,762.0707669684534,4.0
2458247.851539182,1675.3457984121228,1.3179243839148862,1428.7875846186143,2.0463973038319243,1428.7875846186143,2.0463973038319243,16.201848607090692,0.0232052823411771,0.2656498786126479,5.513247995204428e-09,13.0,994.9646118164064,20.61509403221252,421.90335469754746,762.0707669684534,4.0
2458247.8615426486,1667.3110632100768,2.7223363930378577,1420.3723156004155,3.1937915666230947,1420.3723156004155,3.1937915666230947,16.106423005630703,0.0362162493586076,0.1819594674531283,7.654163800946951e-09,13.0,3094.501708984375,33.85097012632238,421.90335469754746,762.0707669684534,4.0
2458247.9267858947,1670.9318788560029,1.1544658004014725,1424.164617021628,1.9034704388036732,1424.164617021628,1.9034704388036732,16.149426104314077,0.0215845519722945,0.3448112903310222,8.105978486054433e-09,13.0,1056.7515380859377,25.386840133060836,421.90335469754746,762.0707669684534,0.0
2458247.9327548165,1670.9013339585993,1.438624033384357,1424.1326254845933,2.104922451722845,1424.1326254845933,2.104922451722845,16.149063333776784,0.0238689328348153,0.2669548966219882,7.565889839504853e-09,13.0,1151.9645507812502,24.41475240658165,421.90335469754746,762.0707669684534,4.0
2458248.859667728,1666.797360647071,0.8920428346733037,1419.834283524146,1.7120918210645675,1419.834283524146,1.7120918210645675,16.100321948805096,0.0194143991625814,0.3563541189452868,7.851483297659288e-09,13.0,890.5475952148438,20.57452664028624,421.90335469754746,762.0707669684534,0.0
2458248.918025021,1666.4571110107122,1.1835439302807198,1419.4779192941762,1.893927898268051,1419.4779192941762,1.893927898268051,16.096280928736665,0.0214763435872626,0.3695450558600808,8.278065873753744e-09,13.0,1011.52734375,29.848084742499697,421.90335469754746,762.0707669684534,0.0
2458248.93290214,1665.0663380259366,1.0988209593373712,1418.0212777850497,1.8283544822704356,1418.0212777850497,1.8283544822704356,16.07976322837327,0.0207327687059574,0.3671606936024531,8.136748717656947e-09,13.0,1127.8932861328126,27.74727137069663,421.90335469754746,762.0707669684534,0.0
2458249.7263869136,1675.2339984133514,0.6549069941433903,1428.6704896500512,1.6582132814053445,1428.6704896500512,1.6582132814053445,16.200520799532917,0.0188034392465468,1.0252757864189272,5.046764992156958e-09,13.0,1823.25185546875,42.48047145782713,421.90335469754746,762.0707669684534,0.0
2458250.7093557343,1670.6692986460687,1.5831901424575598,1423.889600726766,2.2144681244575914,1423.889600726766,2.2144681244575914,16.14630753552065,0.0251111345618719,0.8316851559623718,8.211299730291253e-09,13.0,1759.2060302734376,89.35446526375827,421.90335469754746,762.0707669684534,2.0
2458254.699165025,1673.631999988106,0.6161017078992426,1426.9926188333839,1.6279776169244928,1426.9926188333839,1.6279776169244928,16.181494452127215,0.018460579563465,1.025874238524172,4.554539441269935e-09,13.0,1665.2381591796875,40.72140847650052,421.90335469754746,762.0707669684534,0.0
2458256.752802418,1667.6686710933764,0.5620200939349137,1420.7468601828232,1.557452195772018,1420.7468601828232,1.557452195772018,16.110670183228052,0.0176608510322511,1.0260521683631316,5.65394824713074e-09,13.0,1776.6455810546877,39.57413233621698,421.90335469754746,762.0707669684534,0.0
2458257.827818281,1669.0404480585328,1.2241867882517936,1422.1836060001358,1.9382463788952677,1422.1836060001358,1.9382463788952677,16.12696227483745,0.0219788964659049,0.7693720126099443,7.509498401869911e-09,13.0,1758.6234863281252,64.7062059708083,421.90335469754746,762.0707669684534,0.0
2458258.796093624,1671.8133236067538,0.8828278333900055,1425.0878079564511,1.74338585846994,1425.0878079564511,1.74338585846994,16.15989470015188,0.0197692603482501,0.9499255035699372,4.2227450758193516e-09,13.0,1702.6080078125,55.53425602744797,421.90335469754746,762.0707669684534,0.0
2458259.8764804224,1673.305900100237,0.6804321294212338,1426.6510744994116,1.6531134211526575,1426.6510744994116,1.6531134211526575,16.177621483429,0.0187456089821878,0.9956064060774944,7.121731065946821e-09,13.0,1999.03310546875,43.884617458225385,421.90335469754746,762.0707669684534,0.0
2458264.67189735,1672.291794063115,0.707620395380915,1425.5889392951078,1.6572689972927337,1425.5889392951078,1.6572689972927337,16.165577318176126,0.0187927314629691,1.0307468094418466,3.088417148399945e-09,13.0,3315.307275390625,48.125826873742,421.90335469754746,762.0707669684534,0.0
2458271.687160633,1669.97621013848,0.9537774838645414,1423.1636867920674,1.7704197974692948,1423.1636867920674,1.7704197974692948,16.13807597766111,0.0200758138147248,1.063506855936585,7.54058830949088e-09,13.0,7598.7982421875,69.38713966819446,421.90335469754746,762.0707669684534,0.0
2458272.676048415,1675.9123624290378,0.8847960615196889,1429.380981724863,1.7769601511022537,1429.380981724863,1.7769601511022537,16.208577480005626,0.0201499786664766,1.07265735889099,7.54052459841543e-09,13.0,8678.712109375,60.676204349894114,421.90335469754746,762.0707669684534,0.0
2458273.844029633,1682.2394347068612,0.9356609889777815,1436.0077110415816,1.8589628571789298,1436.0077110415816,1.8589628571789298,16.283721795581616,0.0210798547680951,1.021751706314775,7.91193364174028e-09,13.0,3801.442822265625,56.75904639436849,421.90335469754746,762.0707669684534,0.0
2458274.81104517,1671.5753949304417,0.5796103118864206,1424.8386107187137,1.5958175930687806,1424.8386107187137,1.5958175930687806,16.15706890857684,0.0180958984566861,1.0379003056419298,7.838893677983209e-09,13.0,2221.9736328125,39.53938123812625,421.90335469754746,762.0707669684534,0.0
2458277.8096865984,1670.7895622687035,0.6101015108490097,1424.0155601656434,1.6018049246288362,1424.0155601656434,1.6018049246288362,16.14773586243312,0.0181637922713726,1.0341891321695127,7.710866174205384e-09,13.0,1812.0658447265623,42.04763455465024,421.90335469754746,762.0707669684534,0.0
2458278.757603425,1675.802125263452,3.210779286780844,1429.2655236069688,3.6884050274285483,1429.2655236069688,3.6884050274285483,16.207268233644076,0.0418249573969954,0.1466898170833463,4.608259181334954e-09,13.0,1421.7051025390624,29.00466946032239,421.90335469754746,762.0707669684534,4.0
2458282.788952726,1671.1798173036484,0.5563340394360566,1424.4242981043785,1.5834104386372738,1424.4242981043785,1.5834104386372738,16.152370778269916,0.0179552065582485,1.0198920255682415,8.25075399423169e-09,13.0,1632.9101318359376,37.2875942316978,421.90335469754746,762.0707669684534,0.0
2458285.616676871,1673.0735509117376,0.5660247016823428,1426.4077210001099,1.6031107642361282,1426.4077210001099,1.6031107642361282,16.174861957383186,0.0181785999417711,0.9681134682961248,8.328211951866737e-09,13.0,1651.011865234375,35.09994847633081,421.90335469754746,762.0707669684534,0.0
2458286.762093474,1672.9821615658443,0.6579407786394262,1426.3120033551913,1.6403875477566492,1426.3120033551913,1.6403875477566492,16.173776559659487,0.018601302945115,1.019428652447174,7.491343015203731e-09,13.0,1458.5890869140626,43.71989997429522,421.90335469754746,762.0707669684534,0.0
2458287.727167656,1674.1696218927514,0.686942451531228,1427.5557030973814,1.6633052297671405,1427.5557030973814,1.6633052297671405,16.187879590195706,0.0188611797934,0.9951554047008824,5.3790716151831105e-09,13.0,1544.6875244140624,43.71713110392254,421.90335469754746,762.0707669684534,0.0
2458288.643400925,1672.071297598313,0.6275532398026035,1425.357999877415,1.6196739275078784,1425.357999877415,1.6196739275078784,16.162958562580027,0.0183664192276274,1.020515990426523,3.826782000429237e-09,13.0,1505.9798828125,42.01608904901078,421.90335469754746,762.0707669684534,0.0
2458288.689717317,1673.972647815886,0.5507287378820407,1427.3494001135573,1.6050321478736576,1427.3494001135573,1.6050321478736576,16.18554020136905,0.0182003876218619,1.0230576518450791,5.605598907922743e-09,13.0,1479.0464111328124,35.7616315579409,421.90335469754746,762.0707669684534,0.0
2458289.783443054,1673.9503518761974,0.5675801752704568,1427.3260482138633,1.6112657022531496,1427.3260482138633,1.6112657022531496,16.185275400675376,0.0182710734994744,1.0116672613946474,8.052826029014301e-09,13.0,1682.0946044921875,36.562632032912674,421.90335469754746,762.0707669684534,0.0
2458291.6246157265,1671.2283091386994,0.6356513844061703,1424.4750865655883,1.6162227883305602,1424.4750865655883,1.6162227883305602,16.1529466979996,0.0183272847649019,0.9105277881938136,8.244264622831064e-09,13.0,2602.650927734375,38.15054437438612,421.90335469754746,762.0707669684534,0.0
2458291.6930721286,1669.7171706221798,0.8421048080970274,1422.8923788819523,1.7052250941095233,1422.8923788819523,1.7052250941095233,16.134999460386663,0.0193365333750077,0.8770596729230009,8.097973208727763e-09,13.0,2252.119091796875,50.25687737130746,421.90335469754746,762.0707669684534,0.0
2458291.727790572,1672.0964379485006,0.7300088152779856,1425.3843309019867,1.6663116890950715,1425.3843309019867,1.6663116890950715,16.163257145293358,0.0188952717741807,0.9257987535203838,8.257702718531011e-09,13.0,2908.4754882812504,44.50846469646147,421.90335469754746,762.0707669684534,0.0
2458291.8007031186,1671.571902646795,0.552478496257196,1424.834953036707,1.5851962738543326,1424.834953036707,1.5851962738543326,16.157027432005545,0.0179754571764198,0.9493508189933764,6.589923795541636e-09,13.0,1953.6210693359376,34.083882486773966,421.90335469754746,762.0707669684534,0.0
2458291.827266837,1672.7495706430348,0.7394662138915129,1426.0683966727784,1.6761542290283435,1426.0683966727784,1.6761542290283435,16.171014162623973,0.0190068820258548,0.9731869230914594,8.342283985071487e-09,13.0,2103.438037109375,47.12095821895444,421.90335469754746,762.0707669684534,0.0
2458291.8693284253,1668.8638541828525,0.7846919285740084,1421.9986484460355,1.6685012688230523,1421.9986484460355,1.6685012688230523,16.124864934181268,0.0189201006848234,0.9110574196356546,7.39811606309379e-09,13.0,2174.065478515625,48.93510970920144,421.90335469754746,762.0707669684534,0.0
2458292.5113136503,1669.7691656218965,1.184802836528091,1422.9468364215227,1.9160073965618722,1422.9468364215227,1.9160073965618722,16.135616985917498,0.0217267157857112,0.67420659035051,7.104768239515327e-09,13.0,5695.7681640625,54.40569517953812,421.90335469754746,762.0707669684534,4.0
2458292.5247495724,1665.4485859402275,1.2409772790600058,1418.4216293771706,1.9278012375099292,1418.4216293771706,1.9278012375099292,16.08430304657647,0.0218604529679163,0.6815634948101378,7.618762811012987e-09,13.0,5980.9251953125,60.58399252581402,421.90335469754746,762.0707669684534,4.0
2458292.5809831144,1665.4807669595953,1.1003907959272674,1418.4553345246882,1.8319577441222814,1418.4553345246882,1.8319577441222814,16.08468524873391,0.0207736281756531,0.687570819992346,6.583555529392327e-09,13.0,5152.153515625,54.03253736820332,421.90335469754746,762.0707669684534,4.0
2458292.7932012114,1679.04420330692,0.8559378413084342,1432.6611500000874,1.7879451475483898,1432.6611500000874,1.7879451475483898,16.245773204809705,0.0202745438931665,0.9850153215456656,8.177220469248375e-09,13.0,3791.06220703125,51.60412410106182,421.90335469754746,762.0707669684534,0.0
2458293.5891672666,1741.850702611214,35.54676183206656,1498.4422335636573,37.304638595857604,1498.4422335636573,37.304638595857604,16.991702948727397,0.4230188681501248,0.1028754616947523,5.632196358111939e-09,13.0,24151.20546875,119.20290069343676,421.90335469754746,762.0707669684534,6.0
2458299.757583652,1641.8046296652221,1.8034055833143667,1393.6578695636492,2.285947375099082,1393.6578695636492,2.285947375099082,15.803492454603054,0.0259216791172061,0.6604417593320409,5.0850013692369075e-09,13.0,27742.80390625,110.04330009396766,421.90335469754746,762.0707669684534,4.0
2458301.670438624,1672.2393319540627,0.6662048471228529,1425.5339925233911,1.6378988770842875,1425.5339925233911,1.6378988770842875,16.164954244959105,0.018573082469307,0.9493404166432712,6.567691257492913e-09,13.0,2508.244091796875,41.40891020733959,421.90335469754746,762.0707669684534,0.0
2458302.6460130983,0.0,0.0,0.0,0.0,0.0,0.0,0.0,0.0,0.0,0.0,13.0,0.0,0.0,0.0,0.0,5.0
2458303.5741486195,1669.7841020005858,0.7335512927901601,1422.9624802033857,1.649807509880394,1422.9624802033857,1.649807509880394,16.135794379805933,0.0187081213426546,0.9140599778502096,8.155624777210332e-09,13.0,1829.7202880859372,45.21913793297572,421.90335469754746,762.0707669684534,0.0
2458303.7592633176,1672.7065304459954,0.9523762360418894,1426.0233180450964,1.7898211612158348,1426.0233180450964,1.7898211612158348,16.17050298999833,0.0202958170969317,0.7179758481299302,8.217322023926538e-09,13.0,2716.45439453125,44.759442739365525,421.90335469754746,762.0707669684534,0.0
2458308.552217598,1673.9060671211823,0.5068227667450207,1427.2796660845854,1.5884999478203714,1427.2796660845854,1.5884999478203714,16.18474944689139,0.018012919445844,0.9717485906682172,5.093872221495638e-09,13.0,1557.9551269531248,30.84508863045103,421.90335469754746,762.0707669684534,0.0
2458310.5466268845,1670.8452983959755,0.13746208095700924,1424.0739360166488,1.4763612604856817,1424.0739360166488,1.4763612604856817,16.148397819963048,0.0167413140268485,0.9999903048548868,3.8653380605572925e-09,13.0,1505.6481689453126,0.0483183600362958,421.90335469754746,762.0707669684534,0.0
2458310.5817642547,1672.6428458177038,0.5639545974021504,1425.956617243401,1.5986378111117008,1425.956617243401,1.5986378111117008,16.16974663103869,0.0181278785398435,1.0003609385534904,3.996743161578001e-09,13.0,1540.3803466796876,36.486692129877824,421.90335469754746,762.0707669684534,0.0
2458311.710388005,1673.2401408873006,0.6335756340510067,1426.582200858481,1.6320026692499345,1426.582200858481,1.6320026692499345,16.17684048538885,0.0185062219592378,0.972089721020984,6.579178315455828e-09,13.0,1605.8528076171874,39.6851987067105,421.90335469754746,762.0707669684534,0.0
2458312.720034822,1672.9072029105291,0.5990374542150189,1426.233494576263,1.6148071068228804,1426.233494576263,1.6148071068228804,16.17288630321814,0.0183112315336797,0.9802709016868576,5.672195041824611e-09,13.0,1576.604638671875,37.87850571487733,421.90335469754746,762.0707669684534,0.0
2458313.485904608,1667.7259927127682,0.7480482412152448,1420.8068966165831,1.6414576128768819,1420.8068966165831,1.6414576128768819,16.111350971066056,0.01861343703227,0.4446385273248646,7.902877682502713e-09,13.0,980.5015380859376,21.62145538501208,421.90335469754746,762.0707669684534,0.0
2458313.6383932265,1676.1971514245834,0.7324338463570309,1429.6792586376275,1.7016508584331465,1429.6792586376275,1.7016508584331465,16.211959814395716,0.0192960030498998,0.463900344200948,4.6769562487493405e-09,13.0,732.7104736328125,19.503929688877136,421.90335469754746,762.0707669684534,0.0
2458313.652322225,1674.5161220523528,1.0046240677664928,1427.9186138821904,1.8346227244499067,1427.9186138821904,1.8346227244499067,16.191994845434934,0.0208038479285918,0.4709186478851871,3.006242388649871e-09,13.0,735.9702392578125,29.45933621940577,421.90335469754746,762.0707669684534,0.0
2458313.7599146133,1673.709565354386,0.8171276093949855,1427.0738577799486,1.7229393139377396,1427.0738577799486,1.7229393139377396,16.182415667518093,0.0195374051567471,0.4622705962411764,4.046372972541657e-09,13.0,966.6192626953124,23.007240509385,421.90335469754746,762.0707669684534,0.0
2458313.8050429,1673.9083966812375,0.8180424692584685,1427.2821059751457,1.7250224435743204,1427.2821059751457,1.7250224435743204,16.184777114221294,0.0195610269682495,0.4456940759550383,5.558490544534104e-09,13.0,1082.85986328125,21.976502737886825,421.90335469754746,762.0707669684534,0.0
2458313.8224270856,1673.7874228526346,0.9616916536781681,1427.1554026941706,1.803545174074148,1427.1554026941706,1.803545174074148,16.183340352453154,0.0204514416145338,0.4402088537657147,8.247146673227138e-09,13.0,1179.2196533203123,26.239643533566877,421.90335469754746,762.0707669684534,0.0
2458328.490073482,1691.6036088016122,1.675180845760723,1445.8153826273874,2.430903737131818,1445.8153826273874,2.430903737131818,16.394936654901457,0.0275654231261631,1.1419745435464204,7.834969090038637e-09,13.0,8405.9416015625,104.55190225105258,421.90335469754746,762.0707669684534,0.0
2458329.504418951,1673.631965624369,0.7437415571054612,1426.9925828421422,1.6854407832091465,1426.9925828421422,1.6854407832091465,16.181494044001724,0.0191121876335873,1.1284999419061463,8.103043647037805e-09,13.0,2709.236083984375,54.76288230333778,421.90335469754746,762.0707669684534,0.0
2458330.490099085,1666.263918011612,0.8546807236828594,1419.275576464079,1.6873529164763117,1419.275576464079,1.6873529164763117,16.093986446383056,0.0191338704183796,0.5670016445618073,5.987185119019672e-09,13.0,2002.7353271484376,33.534133477155564,421.90335469754746,762.0707669684534,4.0
2458330.525338869,1673.546219046544,0.4698817304903356,1426.9027752129375,1.5728133983153154,1426.9027752129375,1.5728133983153154,16.180475663363605,0.0178350405903832,1.1348077348629042,8.318770978511123e-09,13.0,2012.335791015625,33.76084588903637,421.90335469754746,762.0707669684534,0.0
2458331.657604732,1676.2746084466755,0.6164741511559704,1429.7603841087048,1.6511518483002687,1429.7603841087048,1.6511518483002687,16.212879743022427,0.0187233655733506,1.2663947594876617,3.371455073428174e-09,13.0,2247.103857421874,49.21500099220607,421.90335469754746,762.0707669684534,0.0
2458333.5869941013,1662.9996942753683,4.934579120698021,1415.8567555340383,5.355767955494252,1415.8567555340383,5.355767955494252,16.055218458951213,0.0607321497777347,0.0670729015512262,6.1681460286619294e-09,13.0,1130.6702392578125,22.69947510699305,421.90335469754746,762.0707669684534,4.0
2458335.523395727,1672.8408281326474,1.1056675880047775,1426.163976216559,1.8849905157501852,1426.163976216559,1.8849905157501852,16.172097994339016,0.0213749974389219,0.9705947622311268,7.118424529280547e-09,13.0,2539.64765625,70.90995236031556,421.90335469754746,762.0707669684534,0.0
2458339.510085107,1675.199540429306,0.5803147305584628,1428.634399698326,1.627147593735431,1428.634399698326,1.627147593735431,16.200111554701582,0.0184511674505699,1.232637592410592,3.6977598030018486e-09,13.0,2018.743310546875,45.38064612053552,421.90335469754746,762.0707669684534,0.0
2458340.59740113,1677.5988396558055,0.6253469293919778,1431.1473323511666,1.666676925809982,1431.1473323511666,1.666676925809982,16.228607151135524,0.0188994134044863,1.22482569154298,3.157248475186619e-09,13.0,1844.32177734375,47.35659006996443,421.90335469754746,762.0707669684534,0.0
2458347.5466683856,1681.015080424928,0.7567642682111309,1434.7253700064446,1.7560404395791416,1434.7253700064446,1.7560404395791416,16.26918058908065,0.0199127579608586,1.2414133597746635,2.57246395782779e-09,13.0,2533.381787109375,56.40257076567337,421.90335469754746,762.0707669684534,0.0
2458348.5877401214,0.0,0.0,0.0,0.0,0.0,0.0,0.0,0.0,0.0,0.0,13.0,0.0,0.0,0.0,0.0,5.0
2458349.5870693284,1677.5263597620021,0.7590084793279929,1431.0714197305992,1.725863186656273,1431.0714197305992,1.725863186656273,16.22774633403504,0.0195705606402088,1.1084225665831615,6.735666539387701e-09,13.0,5132.092578125001,52.3990961806264,421.90335469754746,762.0707669684534,0.0
2458354.5574350148,1671.5835751266109,1.3385599834256439,1424.847178337888,2.0356342790414326,1424.847178337888,2.0356342790414326,16.157166061764823,0.0230832341794439,1.0536196023349074,6.3628663750899365e-09,13.0,5528.064453125,95.12791084663642,421.90335469754746,762.0707669684534,0.0
2458355.614116354,1694.907273709366,1.294866305027385,1449.2755127058072,2.191188956261505,1449.2755127058072,2.191188956261505,16.434173070653458,0.0248471586127019,1.198660990383556,5.924155518932013e-09,13.0,8050.746289062501,81.39304809588936,421.90335469754746,762.0707669684534,0.0
2458357.5979488795,1670.3084895525096,1.0759859728507244,1423.5117033212932,1.847975666594434,1423.5117033212932,1.847975666594434,16.14202233832381,0.0209552646608016,1.0922160352999748,8.319401885841392e-09,13.0,3730.0470703125,79.93456644947133,421.90335469754746,762.0707669684534,0.0
2458366.570864212,1674.3180399008538,0.5845706867542781,1427.7111503441074,1.62110186565266,1427.7111503441074,1.62110186565266,16.189642296412472,0.018382611443945,1.2610858335018342,7.274018432603082e-09,13.0,1778.5358642578124,47.41577027606847,421.90335469754746,762.0707669684534,0.0
2458670.560830028,1671.5823003714768,0.4284012849346326,1424.8458432089617,1.5426007114640754,1424.8458432089617,1.5426007114640754,16.157150921965904,0.0174924414639302,2.2389310272190506,8.160441325978191e-09,13.0,2417.43408203125,64.08076350774591,421.90335469754746,762.0707669684534,0.0
2458671.63542872,1666.8891529117277,0.5643059380733507,1419.930423170501,1.5523684118595016,1419.930423170501,1.5523684118595016,16.101412131847106,0.0176032030668093,1.940575179488692,7.593232766364559e-09,13.0,2378.602783203125,77.41942469230517,421.90335469754746,762.0707669684534,0.0
2458672.7449510684,1671.3858038482126,1.3571901323435904,1424.6400403961968,2.0478442691406546,1424.6400403961968,2.0478442691406546,16.154817204868106,0.023221690317509,0.3014951175153891,6.790006073711168e-09,13.0,1905.279052734375,26.03312695787747,421.90335469754746,762.0707669684534,4.0
2458683.625741721,1666.5963801002738,0.5198868658554011,1419.623784319606,1.5330087723173251,1419.623784319606,1.5330087723173251,16.09793497660532,0.0173836729194824,2.1854391615035333,6.883639107181792e-09,13.0,3780.708544921875,80.66446821861952,421.90335469754746,762.0707669684534,0.0
2458684.5981238056,1672.5274910626458,1.6398708342765071,1425.83579916142,2.270145926569583,1425.83579916142,2.270145926569583,16.16837660494501,0.0257424973552677,1.799372421911312,5.136535545608134e-09,13.0,5825.1955078125,198.37314991335492,421.90335469754746,762.0707669684534,2.0
2458685.6287009246,1669.3607842798094,1.1171309299122796,1422.5191136939827,1.8681204647841656,1422.5191136939827,1.8681204647841656,16.130766790582648,0.0211836981760449,0.7212242368096388,8.087060806289856e-09,13.0,5573.76904296875,55.12825786779874,421.90335469754746,762.0707669684534,0.0
2458690.62935655,1668.6043558322365,0.4612773826754974,1421.7268599707083,1.528210003253316,1421.7268599707083,1.528210003253316,16.121782967500003,0.0173292569022154,2.197263823113479,6.973724598083577e-09,13.0,2342.909814453125,70.19750001434221,421.90335469754746,762.0707669684534,0.0
2458691.572931574,1668.3939315625512,0.47383799072120875,1421.5064697782716,1.5307267329928753,1421.5064697782716,1.5307267329928753,16.119283835669076,0.0173577955560113,2.227626652759101,8.297514560892795e-09,13.0,2208.182421875,73.42776920054263,421.90335469754746,762.0707669684534,0.0
2458692.4976308043,1662.2483372184429,0.736170017495565,1415.0698133879998,1.5974130021442148,1415.0698133879998,1.5974130021442148,16.046294866914227,0.0181139897227251,1.0254506100307976,8.348252023759056e-09,13.0,2845.9859375,55.64338856340797,421.90335469754746,762.0707669684534,0.0
2458692.5868348223,1669.1985419926825,0.5323857660091462,1422.3491874353124,1.5581155813276903,1422.3491874353124,1.5581155813276903,16.128839898477068,0.0176683735446643,2.0197297411575805,7.925259470643573e-09,13.0,2473.37705078125,73.97977518723981,421.90335469754746,762.0707669684534,0.0
2458696.51110067,1668.1601144992137,0.7923196891077157,1421.26157888398,1.6672559573636805,1421.26157888398,1.6672559573636805,16.116506876212483,0.0189059793780941,0.750379491036773,7.1112611881398865e-09,13.0,2909.1400390625004,40.63627679487016,421.90335469754746,762.0707669684534,0.0
2458698.608023172,1670.3797094358458,0.4124668586984316,1423.5862962559265,1.527569211680809,1423.5862962559265,1.527569211680809,16.142868190742394,0.0173219905960421,2.2664031438938905,6.2046468085089165e-09,13.0,2042.841967773437,63.32689833406696,421.90335469754746,762.0707669684534,0.0
2458699.654892126,1669.638276581523,0.4831867696021578,1422.8097483335425,1.544019800240885,1422.8097483335425,1.544019800240885,16.134062464817788,0.0175085333321473,2.195047674156988,8.21927129172259e-09,13.0,2414.74931640625,72.70165206583589,421.90335469754746,762.0707669684534,0.0
2458704.521993249,1674.9934680075357,0.7115833159968032,1428.418567462065,1.6815868476446343,1428.418567462065,1.6815868476446343,16.197664108171335,0.0190684856297136,2.172285105929893,8.341785589989803e-09,13.0,5642.83173828125,100.67182697677823,421.90335469754746,762.0707669684534,0.0
2458711.630342005,1669.2255170514989,0.5138114888065025,1422.377440062314,1.5514780172236988,1422.377440062314,1.5514780172236988,16.129160271351495,0.0175931063671703,2.06706870309684,8.277203399523811e-09,13.0,8098.61396484375,73.05925556630615,421.90335469754746,762.0707669684534,0.0
2458715.59106472,1670.4583201727648,0.4451049868143694,1423.6686300830227,1.53824585761111,1423.6686300830227,1.53824585761111,16.143801821616716,0.0174430592579317,2.1905807049678767,7.584519315881281e-09,13.0,2371.317578125,66.0397561531207,421.90335469754746,762.0707669684534,0.0
2458718.5274638413,1668.2149848178228,0.763997369202273,1421.31904792068,1.653097624930622,1421.31904792068,1.653097624930622,16.11715855085064,0.0187454298596921,2.080249363928585,7.282831608991158e-09,13.0,2482.022607421875,111.21486702212304,421.90335469754746,762.0707669684534,0.0
2458724.5766230286,1669.8779880607497,0.40171347322116313,1423.0608128096846,1.5201979278665458,1423.0608128096846,1.5201979278665458,16.136909430088803,0.0172384033464857,2.2630444017218383,7.948367672565305e-09,13.0,2234.86787109375,61.85184488171593,421.90335469754746,762.0707669684534,0.0
2458730.579806504,1670.0357060379704,0.4501200791423082,1423.2260004822022,1.5363141260331474,1423.2260004822022,1.5363141260331474,16.138782588625958,0.0174211542365607,2.2425458466180337,6.556913084189766e-09,13.0,3056.99248046875,68.86901983579584,421.90335469754746,762.0707669684534,0.0
2458740.499304581,1664.7394835630369,0.6501724812028752,1417.6789431385514,1.5731396284740768,1417.6789431385514,1.5731396284740768,16.07588129786434,0.0178387399027934,2.091775434476152,7.192521254366777e-09,13.0,3840.9556152343753,98.85007083773353,421.90335469754746,762.0707669684534,0.0
2458740.5030944142,1665.2532944330055,0.7108171667757182,1418.2170886513195,1.6052658033967668,1418.2170886513195,1.6052658033967668,16.081983641011988,0.0182030371769479,2.055710996936128,7.368082415422966e-09,13.0,3876.338623046875,105.67151999893568,421.90335469754746,762.0707669684534,0.0
2458644.7027638205,1726.1951972880656,0.7080501990125455,1566.5702793632006,1.8772719955669799,1566.5702793632006,1.8772719955669799,17.76424625455111,0.0212874726753914,2.157585696250685,1.2447570023701904e-08,13.0,1352.88779296875,49.23668783876239,422.7732447871474,768.7762980466059,0.0
2458552.871814847,1723.36687179288,0.7106390971174033,1563.4565364342686,1.846701522029712,1563.4565364342686,1.846701522029712,17.72893772298277,0.0209408163988182,2.039066990238542,1.2430037813780417e-08,13.0,1421.397412109375,48.10978206028276,422.7732447871474,768.7762980466059,0.0
2458642.6336463047,1727.7203705587335,0.8216395725786119,1568.2493638586113,1.9493754350246857,1568.2493638586113,1.9493754350246857,17.78328636456188,0.0221050952686449,2.118573082359361,1.2359090013734481e-08,13.0,1399.657373046875,55.42843737109453,422.7732447871474,768.7762980466059,0.0
2458559.853414912,1725.9940740827162,0.9639106638024357,1566.348860025305,2.0085072209405257,1566.348860025305,2.0085072209405257,17.76173545264473,0.0227756247816313,2.114985020799929,3.7471482775770226e-09,13.0,1398.3562255859374,66.65124683946249,422.7732447871474,768.7762980466059,0.0
2458645.6890265997,1727.7474222899234,0.8693722929702362,1568.2791454862404,1.974604329677137,1568.2791454862404,1.974604329677137,17.78362407565855,0.0223911802935175,2.138982502014902,1.2222567822044571e-08,13.0,1718.8242675781248,59.41416170062297,422.7732447871474,768.7762980466059,0.0
2458562.841609053,1735.2047590222778,2.132042382576726,1576.4890313563678,2.97106662773831,1576.4890313563678,2.97106662773831,17.876720718841376,0.0336906424876618,1.8062134255470208,8.998816949548586e-09,13.0,4666.93505859375,114.88980036515856,422.7732447871474,768.7762980466059,2.0
2458645.7835784284,1727.5317446673257,0.9558927397114121,1568.0417029876887,2.020188544353814,1568.0417029876887,2.020188544353814,17.780931577868238,0.0229080860624473,1.3550364543849007,3.982731972483553e-09,13.0,1414.897314453125,40.864562072942014,422.7732447871474,768.7762980466059,0.0
2458573.8126538964,1722.3387738513604,1.8589267778790333,1562.3246890916955,2.635219383267354,1562.3246890916955,2.635219383267354,17.71610305148357,0.0298822763815975,1.6484574800221838,1.1385156834242354e-08,13.0,1792.63837890625,104.50675881499852,422.7732447871474,768.7762980466059,2.0
2458647.62034974,1724.8891481749388,1.0436640373050265,1565.1324317046624,2.0448979455002534,1565.1324317046624,2.0448979455002534,17.747941668526927,0.0231882802500622,2.0775222683735377,1.1578381506621793e-08,13.0,4010.3252929687496,71.755514878395,422.7732447871474,768.7762980466059,0.0
2458575.8799212724,1724.403194737768,0.8376490932786915,1564.597438797602,1.9213440546663287,1564.597438797602,1.9213440546663287,17.74187507459836,0.0217872312378379,2.091641827391828,1.2304684633783691e-08,13.0,1344.9560546875,57.97707804940838,422.7732447871474,768.7762980466059,0.0
2458653.785724488,1714.1068162860568,1.1385007382961074,1553.2620123581025,2.0019225222053,1553.2620123581025,2.0019225222053,17.613336119580346,0.0227009570751227,2.1327221214800263,1.2413260630699791e-08,13.0,13126.493359375,90.4048850944595,422.7732447871474,768.7762980466059,0.0
2458580.8757536914,1741.280407696887,2.9561183283461046,1583.177797600368,3.768424045321677,1583.177797600368,3.768424045321677,17.952568507008188,0.0427323393112487,1.6458273165002464,1.1970349267781285e-08,13.0,1688.137841796875,136.32427517111356,422.7732447871474,768.7762980466059,2.0
2458656.660082475,1728.9626456371634,1.7661635016814745,1569.617001794146,2.6108445392142845,1569.617001794146,2.6108445392142845,17.798794801938698,0.0296058759303193,1.04351570959187,1.2294628749088078e-08,13.0,6781.863671875,58.17764539794071,422.7732447871474,768.7762980466059,0.0
2458582.7934868326,1717.4285991215415,0.8403161684414054,1556.9190093455595,1.8486991606556908,1556.9190093455595,1.8486991606556908,17.654804923050655,0.0209634687783169,2.063292074960311,4.8729937784966654e-09,13.0,1378.432568359375,61.91904216950896,422.7732447871474,768.7762980466059,0.0
2458661.633507722,1718.670057565451,1.7335031183345473,1558.2857482367763,2.5004118373409248,1558.2857482367763,2.5004118373409248,17.6703031656441,0.0283536156669424,0.4842495548895314,1.1536508959742476e-08,13.0,1256.1727294921875,28.395358718751247,422.7732447871474,768.7762980466059,4.0
2458583.7902215766,1724.3806209290153,0.8130697991204939,1564.5725869771522,1.9082576646646117,1564.5725869771522,1.9082576646646117,17.74159326543591,0.0216388370945071,2.143527741500252,1.2443314408180853e-08,13.0,1408.5938720703125,57.66508946577393,422.7732447871474,768.7762980466059,0.0
2458661.645333824,1717.1935423012662,1.6274372250232967,1556.660232018383,2.400604522061162,1556.660232018383,2.400604522061162,17.651870497301864,0.0272218428061959,0.4222856352643055,1.1696382555368589e-08,13.0,1316.9183837890623,23.026479352788552,422.7732447871474,768.7762980466059,4.0
2458585.7849066663,1723.3905420693986,0.7123748566554838,1563.4825953713557,1.8477756676994148,1563.4825953713557,1.8477756676994148,17.72923322033877,0.0209529967576832,2.1376060981443725,1.1235762703749444e-08,13.0,1471.9404296875,50.66762058782036,422.7732447871474,768.7762980466059,0.0
2458661.657180235,1723.2724870851214,2.242406384177124,1563.3526269949614,2.981410569962894,1563.3526269949614,2.981410569962894,17.727759433765648,0.033807938429849,0.3173777120491304,1.0725832815790923e-08,13.0,1298.383984375,22.23172801462102,422.7732447871474,768.7762980466059,4.0
2458587.77968206,1723.2558568640038,0.690621807985261,1563.3343185529166,1.8362304281043293,1563.3343185529166,1.8362304281043293,17.727551823754595,0.0208220786099712,2.15355579275236,1.2439762256569949e-08,13.0,1486.3558837890623,49.54823569405914,422.7732447871474,768.7762980466059,0.0
2458661.6689993683,1727.3211891557592,2.4087977030222456,1567.8098994925115,3.1618204012717643,1567.8098994925115,3.1618204012717643,17.77830302399787,0.0358537098276158,0.3362611504753872,1.1229045743435488e-08,13.0,1243.5404541015623,24.55979044010908,422.7732447871474,768.7762980466059,4.0
2458589.8164426475,1722.7292144475525,0.8927688504151463,1562.754530581874,1.9334132917195528,1562.754530581874,1.9334132917195528,17.720977272693148,0.0219240912957251,2.146085347124689,1.2371793530940736e-08,13.0,2081.592138671875,64.75272379370567,422.7732447871474,768.7762980466059,0.0
2458661.6808166304,1721.6186233946084,4.291201372314387,1561.5318654240175,5.004540739778044,1561.5318654240175,5.004540739778044,17.70711276547177,0.056749381284374,0.2233228010167213,1.1995405295357925e-08,13.0,1235.8958251953125,31.73558310514335,422.7732447871474,768.7762980466059,4.0
2458590.771941144,1725.655322796623,0.9782756389696228,1565.9759240165129,2.0133515772611834,1565.9759240165129,2.0133515772611834,17.757506515593747,0.0228305577391619,2.1477869930926103,1.2171754821342237e-08,13.0,3550.5512207031247,68.95906311867613,422.7732447871474,768.7762980466059,0.0
2457821.8976806644,1728.288234107053,0.8834507213433948,1568.8745327478325,1.9880635727793268,1568.8745327478325,1.9880635727793268,17.790375516095708,0.0225438024337539,1.328104481719873,3.5199094839172104e-09,13.0,1411.703173828125,36.49423497329264,422.7732447871474,768.7762980466059,0.0
2458601.7388531603,1734.5438471246257,2.701403372258415,1575.7614242434433,3.483094579817887,1575.7614242434433,3.483094579817887,17.868469961054885,0.0394968235123985,1.62968804853883,1.2124595414269614e-08,13.0,1812.1686279296875,132.33653362928442,422.7732447871474,768.7762980466059,2.0
2457844.729581457,1726.6008314155345,0.9459061672774215,1567.016847623569,2.004551658652647,1567.016847623569,2.004551658652647,17.769310150279985,0.0227307703735765,1.2210093101514807,1.1475083843610018e-08,13.0,1214.4647949218752,36.5658781680788,422.7732447871474,768.7762980466059,0.0
2458601.913359296,1740.1415569942235,3.423518241893746,1581.924021000552,4.214149779851998,1581.924021000552,4.214149779851998,17.938351209156487,0.0477866811524624,1.5900699686112505,1.2340814993072396e-08,13.0,2095.81318359375,154.6460336045521,422.7732447871474,768.7762980466059,2.0
2457844.742610609,1725.5299851997363,0.8299598633001757,1565.8379381104712,1.9295715282647055,1565.8379381104712,1.9295715282647055,17.755941813615877,0.0218805273184413,1.2157423601156403,1.2447743280668653e-08,13.0,1223.906396484375,31.890654498831545,422.7732447871474,768.7762980466059,0.0
2458604.734761808,1723.9278111684137,0.7347318832414365,1564.0740824052336,1.8643178135365284,1564.0740824052336,1.8643178135365284,17.7359404338386,0.021140577714695,2.1069095978281043,1.1882846479008142e-08,13.0,1400.119384765625,51.21223210856994,422.7732447871474,768.7762980466059,0.0
2457844.7719857614,1722.792331933384,0.8951239673868957,1562.8240175010906,1.935399582271958,1562.8240175010906,1.935399582271958,17.721765225050397,0.0219466149928556,1.2239872062720114,1.2337311713943828e-08,13.0,1237.97294921875,36.06633517683312,422.7732447871474,768.7762980466059,0.0
2458605.732127586,1723.309651332706,0.7239671932036666,1563.3935416327295,1.8523297837735542,1563.3935416327295,1.8523297837735542,17.728223388501874,0.0210046385132294,2.021355297967508,1.1594061606004571e-08,13.0,1439.541259765625,48.63178395538918,422.7732447871474,768.7762980466059,0.0
2457845.7271169964,1726.581592683762,1.0006548063783056,1566.9956674358164,2.0363134850810907,1566.9956674358164,2.0363134850810907,17.769069975883774,0.0230909360894731,1.21838806664733,1.1004077791481832e-08,13.0,1248.0260009765625,38.741225150981286,422.7732447871474,768.7762980466059,0.0
2458606.7295040386,1725.424678549196,0.8276238119412719,1565.7220045522395,1.9272039059035329,1565.7220045522395,1.9272039059035329,17.75462717596143,0.0218536794794291,2.1137992370148964,1.188666521175663e-08,13.0,1372.9771728515625,57.235552274822496,422.7732447871474,768.7762980466059,0.0
2457846.8568904856,1728.198955260199,0.816257735056847,1568.776244421906,1.9519473104265577,1568.776244421906,1.9519473104265577,17.789260967933593,0.0221342592509933,1.298567301188481,1.2383863305039364e-08,13.0,1190.5486328124998,32.67780299282256,422.7732447871474,768.7762980466059,0.0
2458608.82228736,1724.9354886604854,0.8452053264320777,1565.1834485906054,1.9311164801761869,1565.1834485906054,1.9311164801761869,17.74852017849674,0.0218980464215218,2.1510769105458136,1.2174785861336049e-08,13.0,1462.1972900390624,59.86109895986838,422.7732447871474,768.7762980466059,0.0
2457847.7364619663,0.0,0.0,0.0,0.0,0.0,0.0,0.0,0.0,0.0,0.0,13.0,0.0,0.0,0.0,0.0,5.0
2458611.716154701,1723.3853630926646,0.7972456023272687,1563.476893763738,1.8892717400588426,1563.476893763738,1.8892717400588426,17.72916856651308,0.0214235447169418,2.089738942002404,1.2197288563654064e-08,13.0,1355.3710205078123,55.658709326265125,422.7732447871474,768.7762980466059,0.0
2457848.9131829925,1726.2403918686307,0.9027861899215662,1566.6200347063898,1.9764269676404274,1566.6200347063898,1.9764269676404274,17.764810459158163,0.0224118482393092,1.291628178486362,1.244363693839198e-08,13.0,1246.459033203125,37.073444200758345,422.7732447871474,768.7762980466059,0.0
2458613.7643298614,1724.6178783006815,0.7611649859550962,1564.8337869220031,1.8847562057995344,1564.8337869220031,1.8847562057995344,17.744555162647373,0.0213723404629036,2.114772166940663,1.183636818945091e-08,13.0,1415.957690429687,52.991658464017775,422.7732447871474,768.7762980466059,0.0
2457849.7858323567,1726.3033444097575,1.1920767992331267,1566.689340035682,2.1548661337166894,1566.689340035682,2.1548661337166894,17.765596352362273,0.0244352731244819,1.2965874061180669,5.556217508261085e-09,13.0,1178.6645263671876,49.94738676614355,422.7732447871474,768.7762980466059,0.0
2458617.8528534826,1725.9512383041024,0.7828324861399891,1566.3017015200367,1.9102173858938232,1566.3017015200367,1.9102173858938232,17.76120069508446,0.0216610595067184,2.1268721498523844,1.2045771967103418e-08,13.0,1573.8120849609377,54.0391498527338,422.7732447871474,768.7762980466059,0.0
2457851.8305679527,1729.7100233610927,0.924428180987299,1570.4398003394642,2.0259353081214124,1570.4398003394642,2.0259353081214124,17.808124990420808,0.0229732519398287,1.315418414565021,1.1897820976799942e-08,13.0,1907.6963134765624,37.25989225523846,422.7732447871474,768.7762980466059,0.0
2458618.697622888,1728.6541949569262,0.809557528256176,1569.2774241443494,1.953637704488117,1569.2774241443494,1.953637704488117,17.79494413460958,0.0221534276067143,2.1060929337503387,8.257389316382903e-09,13.0,3517.690771484374,53.669686209341,422.7732447871474,768.7762980466059,0.0
2457864.880693162,1725.636948282156,1.0580938892523448,1565.9556952576258,2.0615063468063064,1565.9556952576258,2.0615063468063064,17.757277129999608,0.023376612516148,1.2699290797313758,4.039132043578268e-09,13.0,1408.1350830078125,43.50093257818509,422.7732447871474,768.7762980466059,0.0
2458618.885815346,1725.039548586013,0.9084706705127509,1565.2980096119043,1.966733843938221,1565.2980096119043,1.966733843938221,17.74981925216126,0.0223019323046779,2.0907373586496423,1.0322296711657891e-08,13.0,2074.06103515625,62.48761905288488,422.7732447871474,768.7762980466059,0.0
2457867.790685161,1726.7248497286216,1.1841225909654225,1567.1533811117026,2.1537191168285093,1567.1533811117026,2.1537191168285093,17.77085838245133,0.0244222664367334,1.256716349909431,1.2447779305441096e-08,13.0,1155.88857421875,47.79058515370189,422.7732447871474,768.7762980466059,0.0
2458625.694211842,1736.2318528713913,6.018401070761274,1577.6197732796259,6.875063266040864,1577.6197732796259,6.875063266040864,17.889542855351763,0.0779603178244984,0.1030798687144001,1.2040007833319209e-08,13.0,521.9234130859375,15.754469115492787,422.7732447871474,768.7762980466059,0.0
2457954.5702548465,1727.1834862774058,1.1214020249727632,1567.6583004758847,2.117282719420017,1567.6583004758847,2.117282719420017,17.776583955087418,0.0240090930574604,0.9089817832732836,3.901606732341115e-09,13.0,1138.659033203125,31.75034304038301,422.7732447871474,768.7762980466059,0.0
2458625.696380625,1730.7933659083633,1.211237772344257,1571.6324672379242,2.212430119659163,1571.6324672379242,2.212430119659163,17.821649330032628,0.0250880244470024,2.1506653648392264,1.2336155772995262e-08,13.0,10848.074609375,81.15184347056702,422.7732447871474,768.7762980466059,0.0
2457954.7682001246,1728.3885211805853,2.31756633347359,1568.984940183825,3.085555064191307,1568.984940183825,3.085555064191307,17.791627489854648,0.0349888930706336,0.3580684996060836,6.290078702916833e-09,13.0,1156.4438232421876,24.93469947295757,422.7732447871474,768.7762980466059,4.0
2458626.672460061,1720.4923806343588,1.1796240823406203,1560.2919690836006,2.0900501181282296,1560.2919690836006,2.0900501181282296,17.693052863907553,0.0237002868443769,2.113082156913652,1.2250076863632581e-08,13.0,6385.9095703125,86.7151648087623,422.7732447871474,768.7762980466059,0.0
2457955.6188473417,1727.9071249614296,1.1053131140496104,1568.4549643815492,2.114391833592901,1568.4549643815492,2.114391833592901,17.785617787778335,0.0239763116314349,0.876598175036978,1.215330235133452e-08,13.0,1065.569677734375,29.76464257770937,422.7732447871474,768.7762980466059,0.0
2458627.7939480217,-881866.1317485251,-881866.1317485251,-881866.1317485251,-881866.1317485251,-881866.1317485251,-881866.1317485251,-9999.99,-9999.99,-9999.99,-9999.99,13.0,-9999.99,-9999.99,-9999.99,-9999.99,5.0
2457956.5631980146,1728.2588763025046,1.040468279948335,1568.8422123319267,2.0778010172138943,1568.8422123319267,2.0778010172138943,17.790009016210725,0.0235613872061637,1.2136662407800831,2.952635372393918e-09,13.0,1126.900927734375,39.498976146508014,422.7732447871474,768.7762980466059,0.0
2458627.796092052,1718.6123131356303,20.1155518283305,1558.2221765897561,22.204289042380104,1558.2221765897561,22.204289042380104,17.669582289978734,0.2517872729057575,0.1548976554355002,1.2385562561959024e-08,13.0,15025.8904296875,110.9704325385872,422.7732447871474,768.7762980466059,4.0
2457958.5700916494,0.0,0.0,0.0,0.0,0.0,0.0,0.0,0.0,0.0,0.0,13.0,0.0,0.0,0.0,0.0,5.0
2458629.66819276,0.0,0.0,0.0,0.0,0.0,0.0,0.0,0.0,0.0,0.0,13.0,0.0,0.0,0.0,0.0,5.0
2457960.652415336,1725.6492921666575,1.0821825539610932,1565.9692848119935,2.0767321815947235,1565.9692848119935,2.0767321815947235,17.757431229814628,0.0235492670610322,1.2090914524507488,5.883648390608904e-09,13.0,1014.3673706054688,42.29313614025704,422.7732447871474,768.7762980466059,0.0
2458631.752334596,1725.9146670223993,0.8463063008932595,1566.261439686665,1.9423472200790466,1566.261439686665,1.9423472200790466,17.76074414287477,0.0220253982753667,1.8923623343606368,1.0672666538442144e-08,13.0,1449.6515625000002,51.7379161215498,422.7732447871474,768.7762980466059,0.0
2457965.5860123383,1680.866668278986,26.121463597693513,1516.667470467538,28.782930604876476,1516.667470467538,28.782930604876476,17.198369448579342,0.3263862936302633,0.0361857571730551,6.4842548386497905e-09,13.0,6733.62177734375,49.170103930614935,422.7732447871474,768.7762980466059,6.0
2458635.814679356,1723.7913054094745,0.6642294379189041,1563.9238013140434,1.8304339752237981,1563.9238013140434,1.8304339752237981,17.734236309646747,0.0207563492790059,2.097887920661988,1.1312709068729608e-08,13.0,1518.0513427734377,45.90101971130221,422.7732447871474,768.7762980466059,0.0
2457968.538156412,0.0,0.0,0.0,0.0,0.0,0.0,0.0,0.0,0.0,0.0,13.0,0.0,0.0,0.0,0.0,5.0
2458637.715650966,1725.8670862150752,0.7291811974364879,1566.2090573132057,1.883360533221293,1566.2090573132057,1.883360533221293,17.760150148852418,0.0213565141245023,2.145310456763641,1.2366203514979516e-08,13.0,1415.2981689453125,50.64141374906066,422.7732447871474,768.7762980466059,0.0
2457968.69991766,1731.187697225509,1.8833662232192279,1572.0665920769873,2.7264293265592645,1572.0665920769873,2.7264293265592645,17.82657212261202,0.0309165586700115,1.1904737754931092,1.2384035711753222e-08,13.0,10840.3498046875,69.5304977270502,422.7732447871474,768.7762980466059,0.0
2458638.643989451,1725.3592630097114,0.771885434529411,1565.6499876737507,1.898237272466446,1565.6499876737507,1.898237272466446,17.75381053493306,0.0215252100731597,1.7932903921828058,1.1406528386990912e-08,13.0,1355.4095703125,44.6885342196972,422.7732447871474,768.7762980466059,0.0
2457969.749929613,1742.2346928247032,3.4484069852896475,1584.2283833883134,4.250848706656755,1584.2283833883134,4.250848706656755,17.964481706750618,0.0482028315043652,1.1145098850702533,1.2221669775423576e-08,13.0,27143.179296875,106.71517538355332,422.7732447871474,768.7762980466059,2.0
2458639.803465252,1724.188471718182,1.2053246259899784,1564.3610472348025,2.1431365590922864,1564.3610472348025,2.1431365590922864,17.73919449397622,0.0243022646952822,0.7251067239477479,1.1836558688370882e-08,13.0,1488.0868652343752,27.64639656466066,422.7732447871474,768.7762980466059,0.0
2457970.554457886,1726.9888750194784,2.1345191246027913,1567.444050231599,2.9107587571909606,1567.444050231599,2.9107587571909606,17.77415444767896,0.0330067766709771,1.1793333774086925,1.2387932830085416e-08,13.0,14682.994140625,81.75302899716458,422.7732447871474,768.7762980466059,0.0
2458641.757848639,1722.6377797893772,0.8531134523102565,1562.6538688932396,1.9106122122426887,1562.6538688932396,1.9106122122426887,17.719835811598898,0.0216655366709934,2.059481222587766,1.2435551230814976e-08,13.0,1460.31728515625,59.09466320874798,422.7732447871474,768.7762980466059,0.0
2458654.606840713,1692.5098034605605,1.1992844271348344,1529.485560147795,1.8682062699983217,1529.485560147795,1.8682062699983217,17.343721179422566,0.0211846711709844,2.04642504528792,1.2352964361144364e-08,13.0,11188.080078125,115.19049222336868,422.7732447871474,768.7762980466059,0.0
2457971.500056308,1725.4187363480494,1.8330542853628076,1565.7154627002383,2.6374512385406828,1565.7154627002383,2.6374512385406828,17.75455299411881,0.0299075846790944,1.2162792052452192,1.2057227257259175e-08,13.0,12214.29765625,73.45288774172721,422.7732447871474,768.7762980466059,0.0
2458655.6573912688,1727.453634117364,3.572415261960311,1567.9557099953586,4.293974624678783,1567.9557099953586,4.293974624678783,17.779956453603425,0.0486918612260374,1.0905895430394332,5.739003173795798e-09,13.0,12848.3994140625,126.78408263406048,422.7732447871474,768.7762980466059,0.0
2457972.473804821,1756.2663025177192,4.263947702387806,1599.6759779235094,5.141784654037812,1599.6759779235094,5.141784654037812,18.13965091363434,0.0583056693883715,1.2106163002002188,1.2275625450719032e-08,13.0,22952.330859375,124.1976915241239,422.7732447871474,768.7762980466059,2.0
2458655.7610167903,1723.5418697642456,2.6000334934993643,1563.6491941382146,3.316451744666125,1563.6491941382146,3.316451744666125,17.731122380090603,0.0376071640447136,1.087172808546018,1.1948517854725e-08,13.0,11049.5078125,95.4250243456101,422.7732447871474,768.7762980466059,0.0
2458668.695788637,1727.8365970478262,0.6993621226232996,1568.3773192191904,1.8920019098164103,1568.3773192191904,1.8920019098164103,17.784737324384658,0.0214545036905219,2.1383507529616077,1.11354227431299e-08,13.0,1306.8757080078126,47.19556962189144,422.7732447871474,768.7762980466059,0.0
2457973.554517448,1778.263300343552,6.884401997020188,1623.892779191449,7.949575292154359,1623.892779191449,7.949575292154359,18.414259226384964,0.0901448310166648,1.1819199310458868,1.2404585963199684e-08,13.0,13381.1048828125,156.5818798270859,422.7732447871474,768.7762980466059,0.0
2457973.6866679583,1757.9048514633907,9.450637705356964,1601.4798792785639,10.618156105674155,1601.4798792785639,10.618156105674155,18.16010639419097,0.1204054119468775,0.6792354060794971,1.0966152649239216e-08,13.0,26128.29609375,152.72430057941193,422.7732447871474,768.7762980466059,6.0
2457974.484702161,1725.2966975342867,0.9536857397842773,1565.5811084704815,1.9952171621027461,1565.5811084704815,1.9952171621027461,17.75302947381833,0.0226249211195985,1.1936949693047656,4.2435468916525955e-09,13.0,1930.779638671875,36.583704862070846,422.7732447871474,768.7762980466059,0.0
2457979.567752234,1727.6726567255891,1.1141329253647512,1568.1968350351724,2.1176039510292823,1568.1968350351724,2.1176039510292823,17.782690709858528,0.0240127356884275,1.1808349014903263,5.5896550149664675e-09,13.0,1164.3158935546876,41.56745110515349,422.7732447871474,768.7762980466059,0.0
2457980.498664601,1726.84006259015,1.0052097671764464,1567.2802205555777,2.041736166579643,1567.2802205555777,2.041736166579643,17.77229668824934,0.0231524270106078,1.1642842960743491,1.2074642378464438e-08,13.0,1326.6771728515623,36.96076366419055,422.7732447871474,768.7762980466059,0.0
2457980.6137618544,1729.1911042324061,1.011087894117108,1569.868515043488,2.06999668686322,1569.868515043488,2.06999668686322,17.801646856108533,0.0234728893915252,1.1536044927108904,1.241765769142608e-08,13.0,1336.42236328125,35.76235811106968,422.7732447871474,768.7762980466059,0.0
2457981.620559268,1724.7496419721251,0.9429346832223652,1564.978847383023,1.983238791670724,1564.978847383023,1.983238791670724,17.74620008709494,0.022489091450872,1.158671866480917,4.1101241643619366e-09,13.0,1206.1408203125,35.229636188497714,422.7732447871474,768.7762980466059,0.0
2457983.6725961776,1728.0443703351448,1.7130203371747375,1568.606059724945,2.55977211708402,1568.606059724945,2.55977211708402,17.787331145246796,0.0290267362035608,1.0158301257561724,1.2099180370356824e-08,13.0,1240.3666748046876,55.03634350793015,422.7732447871474,768.7762980466059,0.0
2457986.6058055074,1729.532158797981,1.1182382152932842,1570.2439867647386,2.139252322675911,1570.2439867647386,2.139252322675911,17.805904547069346,0.024258219092528,1.1287116157939467,1.1077458951338944e-08,13.0,1173.772021484375,38.56401721285509,422.7732447871474,768.7762980466059,0.0
2457989.6933442326,-881866.1317485251,-881866.1317485251,-881866.1317485251,-881866.1317485251,-881866.1317485251,-881866.1317485251,-9999.99,-9999.99,-9999.99,-9999.99,13.0,-9999.99,-9999.99,-9999.99,-9999.99,5.0
2457990.6510736723,1725.7188311048862,0.9944305069629891,1566.045841197586,2.0235841170853317,1566.045841197586,2.0235841170853317,17.75829934693899,0.022946590425113,1.1622217646694473,3.774110332030175e-09,13.0,1125.440869140625,37.03608016936584,422.7732447871474,768.7762980466059,0.0
2457993.58783492,1731.1023461090106,1.220386776064805,1571.9726278441121,2.221623562205772,1571.9726278441121,2.221623562205772,17.825506607841376,0.0251922742080737,1.171104636086481,4.702731237276929e-09,13.0,2245.02392578125,43.61342066516836,422.7732447871474,768.7762980466059,0.0
2457995.4930316824,1725.505151069145,1.9761336957611646,1565.8105978702263,2.760499327798793,1565.8105978702263,2.760499327798793,17.75563178682247,0.0313028981147748,0.819771345538284,7.842607799112414e-09,13.0,7062.279003906249,52.92793303642067,422.7732447871474,768.7762980466059,0.0
2457996.667900017,1737.936450231224,2.7898876590467085,1579.4963882537133,3.588963066204117,1579.4963882537133,3.588963066204117,17.910822877680687,0.0406973274971454,1.0422107004967296,3.622002003657373e-09,13.0,16337.590234375002,84.13468117440777,422.7732447871474,768.7762980466059,0.0
2457998.6146285394,1717.5054889775486,1.8994892249495658,1557.0036584589154,2.633973352964377,1557.0036584589154,2.633973352964377,17.655764808294677,0.0298681469234849,1.1701083790942273,1.2378681709730358e-08,13.0,7702.17294921875,79.76295477002357,422.7732447871474,768.7762980466059,0.0
2457999.4813984707,1717.8128368173798,2.7789241372734734,1557.3420219763484,3.4548971062965044,1557.3420219763484,3.4548971062965044,17.65960170787487,0.0391770760551739,0.9333522118858376,1.075948473800786e-08,13.0,12752.3509765625,92.95909783436134,422.7732447871474,768.7762980466059,0.0
2458000.661817428,1760.3543209177085,4.162159618333634,1604.176534315616,5.062859073687773,1604.176534315616,5.062859073687773,18.19068532497552,0.0574106865946909,1.0736892724517753,8.244530962800563e-09,13.0,11257.9216796875,102.90776667263115,422.7732447871474,768.7762980466059,0.0
2458003.566541668,1727.7044508292106,1.238721355751626,1568.2318376066603,2.2002058974411844,1568.2318376066603,2.2002058974411844,17.78308762425658,0.0249494069227131,1.1507079247644136,2.9630240967028e-09,13.0,3058.771728515625,45.19272607410373,422.7732447871474,768.7762980466059,0.0
2458004.552554255,1728.5197514955887,0.9831366425759791,1569.129413465311,2.0464574984389317,1569.129413465311,2.0464574984389317,17.79326575593395,0.023205964922633,1.157516034192716,5.554755637680172e-09,13.0,2290.844775390625,35.231298840862976,422.7732447871474,768.7762980466059,0.0
2458005.647937656,1723.3827853089572,1.405332288600473,1563.4740558457513,2.278718755917193,1563.4740558457513,2.278718755917193,17.72913638572004,0.0258397096244109,0.972400132121166,9.008753005114051e-09,13.0,3402.191357421875,45.30355047850407,422.7732447871474,768.7762980466059,0.0
2458008.538278402,1725.8594764259983,0.969782816507836,1566.2006795904256,2.010513115710659,1566.2006795904256,2.010513115710659,17.760055149009467,0.0227983707823226,1.111143728087097,1.2235488878135412e-08,13.0,1218.2940673828125,34.25210491389586,422.7732447871474,768.7762980466059,0.0
2458019.505473424,1726.4218616678525,1.012880821020056,1566.81981733576,2.0419603248551486,1566.81981733576,2.0419603248551486,17.767075909915313,0.0231549688709115,1.1308694418809933,1.238101802774802e-08,13.0,1337.1367431640624,36.305449133995786,422.7732447871474,768.7762980466059,0.0
2458032.53029078,0.0,0.0,0.0,0.0,0.0,0.0,0.0,0.0,0.0,0.0,13.0,0.0,0.0,0.0,0.0,5.0
2458036.518928627,1725.015902948713,1.0957378705187175,1565.2719778004773,2.0789289423476918,1565.2719778004773,2.0789289423476918,17.749524062398805,0.0235741774014696,1.0835695394151923,1.2147598727074675e-08,13.0,1496.349267578125,38.25754053848716,422.7732447871474,768.7762980466059,0.0
2458042.494842958,1725.693368583942,1.0249626944086123,1566.0178091536516,2.0417015532983465,1566.0178091536516,2.0417015532983465,17.75798147538351,0.0231520345105963,1.0828428689253753,1.1267252424620449e-08,13.0,1915.175634765625,35.295307305456205,422.7732447871474,768.7762980466059,0.0
2458045.520124967,1724.1812431538817,1.1568057927605386,1564.3530892076888,2.1104094334063457,1564.3530892076888,2.1104094334063457,17.739104253305122,0.0239311528929282,1.0605579932863174,8.744074247386496e-09,13.0,1544.158203125,40.0509525906669,422.7732447871474,768.7762980466059,0.0
2458166.8436979405,1726.7177641221651,1.9753424105003858,1567.1455804688703,2.769120366292945,1567.1455804688703,2.769120366292945,17.770769926451607,0.0314006570553072,0.4080274688266418,1.174547106540322e-08,13.0,1146.7873779296874,24.570499630804157,422.7732447871474,768.7762980466059,4.0
2458173.886592628,1727.75932420276,1.0584515042971396,1568.2922484678447,2.0835950551996287,1568.2922484678447,2.0835950551996287,17.783772657943658,0.0236270891532405,1.046545023571703,1.2414601948878509e-08,13.0,1357.7071044921877,34.537174886513824,422.7732447871474,768.7762980466059,0.0
2458174.861666435,1728.5976147889344,1.011999078113666,1569.2151342493912,2.0642609927969744,1569.2151342493912,2.0642609927969744,17.794237793472014,0.0234078490398884,1.0435924877162597,3.734301028986287e-09,13.0,1335.7453125,32.4889262985662,422.7732447871474,768.7762980466059,0.0
2458175.836981044,1728.0680377812876,1.1004593704925993,1568.6321155460305,2.1129705520432474,1568.6321155460305,2.1129705520432474,17.78762660726865,0.0239601948980986,1.0362208483104751,7.377353057161062e-09,13.0,1239.6082275390625,35.51906139625681,422.7732447871474,768.7762980466059,0.0
2458178.864484112,1725.4772658242293,1.4933699685850474,1565.7798986157297,2.3641323698010037,1565.7798986157297,2.3641323698010037,17.75528367022413,0.0268082639819849,1.034922739088298,5.764275802269501e-09,13.0,3788.325439453125,50.427614955931496,422.7732447871474,768.7762980466059,0.0
2458180.8934964603,1726.569504247292,1.4657509630306886,1566.9823591077452,2.3529501875783545,1566.9823591077452,2.3529501875783545,17.76891906505635,0.026681462751754,1.0544031864381649,1.2315628605304822e-08,13.0,3964.32939453125,49.80180376670468,422.7732447871474,768.7762980466059,0.0
2458186.880387079,1731.959244860454,1.9504904561123204,1572.9159996139692,2.7892660740820707,1572.9159996139692,2.7892660740820707,17.83620404583703,0.031629100885024,0.9708126791934528,1.0609277812929741e-08,13.0,5071.587597656249,57.673988646732205,422.7732447871474,768.7762980466059,0.0
2458195.850074288,1727.9502002558706,1.1687841626629563,1568.5023865731257,2.1557963341094646,1568.5023865731257,2.1557963341094646,17.786155535430133,0.0244458212046166,1.087937986687924,1.1773171590095638e-08,13.0,1166.4341552734377,39.92426983338487,422.7732447871474,768.7762980466059,0.0
2458203.829149154,1732.6010339054656,1.4218248566486342,1573.6225541120898,2.3766063542038927,1573.6225541120898,2.3766063542038927,17.84421607585076,0.0269497137041119,0.994918785305833,1.0047845794455134e-08,13.0,1287.0808593749998,42.07042431568375,422.7732447871474,768.7762980466059,0.0
2458208.816456907,1731.806925157784,1.601870238664181,1572.7483087318794,2.504426324573271,1572.7483087318794,2.504426324573271,17.834302501959087,0.0283991382590154,1.0315301966131312,4.699846564395257e-09,13.0,5817.137500000001,50.40614661165338,422.7732447871474,768.7762980466059,0.0
2458208.8305545254,1733.2839597088655,1.7112697095336376,1574.374396640447,2.6035572887139553,1574.374396640447,2.6035572887139553,17.852741653026797,0.0295232415831012,1.0359060886389493,6.450879291008665e-09,13.0,5228.5103515625,53.31862864997591,422.7732447871474,768.7762980466059,0.0
2458209.813150804,1724.2576516433169,1.5550628085161806,1564.437208377882,2.4012499848532025,1564.437208377882,2.4012499848532025,17.740058129217182,0.0272291620820286,1.0322119894776116,4.130444967218007e-09,13.0,4984.72705078125,53.174300638627166,422.7732447871474,768.7762980466059,0.0
2458213.802947455,1737.4939698041962,1.909879073164981,1579.0092553889876,2.8012200526463804,1579.0092553889876,2.8012200526463804,17.90529899644683,0.0317646539602581,1.0554547373237002,4.1652559807584126e-09,13.0,8127.41611328125,58.14094437248918,422.7732447871474,768.7762980466059,0.0
2458221.8995318064,1728.4421959495521,1.0082662389570882,1569.0440314845332,2.0604041450040627,1569.0440314845332,2.0604041450040627,17.79229756028245,0.0233641140125729,1.0534546131100526,3.1071050795144822e-09,13.0,1137.82900390625,32.735019098691446,422.7732447871474,768.7762980466059,0.0
2458223.776382317,1730.9962098862256,0.9722336035130946,1571.8557809982453,2.066737366100163,1571.8557809982453,2.066737366100163,17.824181613890325,0.0234359300687165,1.0457639849235736,1.236855136703948e-08,13.0,1159.873193359375,30.128772265729907,422.7732447871474,768.7762980466059,0.0
2458224.8511393066,1729.5409086035397,1.327404312108486,1570.2536195475413,2.279645727578256,1570.2536195475413,2.279645727578256,17.80601377876362,0.0258502210920897,1.06342407952467,5.878908629767253e-09,13.0,1188.4860351562502,43.84154447507989,422.7732447871474,768.7762980466059,0.0
2458225.9176829457,1729.6056944915547,1.083719268346178,1570.324943233958,2.1183753684266557,1570.324943233958,2.1183753684266557,17.80682255928626,0.0240214832363623,1.0306648802685017,5.620349964181476e-09,13.0,1264.58515625,34.079233385827074,422.7732447871474,768.7762980466059,0.0
2458226.863118391,1729.9206270635384,1.1261220346577,1570.6716568886532,2.1482500982597075,1570.6716568886532,2.1482500982597075,17.810754145901278,0.0243602500727651,1.0408564302064975,3.9039518454996165e-09,13.0,1099.306201171875,35.79877918699994,422.7732447871474,768.7762980466059,0.0
2458229.8490675758,1731.0129805924514,0.92402129194141,1571.8742441023032,2.039938068822591,1571.8742441023032,2.039938068822591,17.82439097770338,0.0231320373404048,1.0522607428799906,1.2436318972582232e-08,13.0,1110.18359375,28.66205978148397,422.7732447871474,768.7762980466059,0.0
2458230.7997896965,1726.7889564420475,0.8645347983635451,1567.223957085355,1.961558142637531,1567.223957085355,1.961558142637531,17.77165868422658,0.0222432420348211,1.0260650149557062,1.2206697536537558e-08,13.0,1107.8778076171875,27.29958382622092,422.7732447871474,768.7762980466059,0.0
2458231.8253758973,1729.7657994583417,2.718771097256416,1570.5012050217433,3.468425208774343,1570.5012050217433,3.468425208774343,17.808821293619943,0.0393304790316882,0.2477260281363024,9.97153084137309e-09,13.0,1108.049609375,19.09869710784177,422.7732447871474,768.7762980466059,4.0
2458237.735405837,1777.2444951459377,23.46342113900706,1622.771162360065,25.941015190295378,1622.771162360065,25.941015190295378,18.40154056456786,0.294160171429257,0.2069620633474962,7.742191339442255e-09,13.0,28767.291796875,93.5343250396867,422.7732447871474,768.7762980466059,4.0
2458237.921299932,1725.0492748946863,1.6225233047692484,1565.3087174405841,2.461477887336719,1565.3087174405841,2.461477887336719,17.749940674422376,0.0279121210945966,1.033689903722731,6.334276607034443e-09,13.0,6038.615625,55.16599257856237,422.7732447871474,768.7762980466059,0.0
2458238.7326415847,1764.906433049343,7.158961747675506,1609.1880179605212,8.186720414132239,1609.1880179605212,8.186720414132239,18.24751343587581,0.0928339566820598,1.0596162297561365,3.579838709567172e-09,13.0,17649.834375000002,168.00441774105505,422.7732447871474,768.7762980466059,2.0
2458239.9136560564,1735.8325538373156,6.935598598332183,1577.1801794118073,7.851629753347523,1577.1801794118073,7.851629753347523,17.884558046292895,0.0890341699159023,0.5693226884078012,5.526658499282734e-09,13.0,26742.590234375,117.68588284036534,422.7732447871474,768.7762980466059,6.0
2458245.7899165363,1730.7367831051718,1.7842570277419392,1571.5701744418377,2.640589586794416,1571.5701744418377,2.640589586794416,17.820942955997488,0.0299431722246685,1.0001616393730184,1.2288478069752036e-08,13.0,4415.60205078125,55.26168492957376,422.7732447871474,768.7762980466059,0.0
2458246.7123092194,1728.9314624334968,0.941091825482157,1569.5826717709265,2.02679543098577,1569.5826717709265,2.02679543098577,17.798405513954357,0.0229830053703469,1.017659197732708,1.2064596405445692e-08,13.0,1410.179345703125,28.988813502865074,422.7732447871474,768.7762980466059,0.0
2458246.881393527,1729.8517584066872,1.622372823991183,1570.5958384251635,2.503008266082485,1570.5958384251635,2.503008266082485,17.809894396502337,0.0283830580738073,0.95532676794949,1.1634761387748748e-08,13.0,1919.0651367187504,48.01972791629981,422.7732447871474,768.7762980466059,0.0
2458247.857419525,1724.8204401785642,3.0508160989951514,1565.0567901145287,3.7602310949583693,1565.0567901145287,3.7602310949583693,17.747083924797252,0.0426394347095705,0.2770346110237063,1.2333563130824442e-08,13.0,2582.94228515625,26.539756474224863,422.7732447871474,768.7762980466059,4.0
2458249.722265457,1728.3317807621117,1.2275132202949295,1568.9224738668802,2.1987671773803226,1568.9224738668802,2.1987671773803226,17.790919148166168,0.0249330924440145,1.031605927488926,5.998293916584449e-09,13.0,1197.3507324218751,39.60712043426347,422.7732447871474,768.7762980466059,0.0
2458250.7052307166,1734.4979691489375,1.5995163582743213,1575.7109165410466,2.5270429703254353,1575.7109165410466,2.5270429703254353,17.867897225011724,0.0286556014830954,0.9455963397653429,1.2382215135146872e-08,13.0,1197.660815429687,44.15946986945725,422.7732447871474,768.7762980466059,0.0
2458254.6950384555,1729.5338745641434,1.3518384278244477,1570.2458756756037,2.296915165698684,1570.2458756756037,2.296915165698684,17.80592596652189,0.026046049236853,1.0366921556305717,5.0303464327704174e-09,13.0,1078.1471923828126,43.524941120739626,422.7732447871474,768.7762980466059,0.0
2458256.748684103,1727.502784451123,0.9150362404298527,1568.009820282329,1.9968145413226175,1568.009820282329,1.9968145413226175,17.780570041436242,0.0226430347262445,1.041477275372536,1.244695652451238e-08,13.0,1134.123095703125,29.2726932120825,422.7732447871474,768.7762980466059,0.0
2458257.823661177,1730.5721694428225,1.5007510064211307,1571.3889489683124,2.415908340635493,1571.3889489683124,2.415908340635493,17.818887935560994,0.0273953816543221,0.8645653152237338,1.2440420254573705e-08,13.0,1165.238232421875,39.35959585985891,422.7732447871474,768.7762980466059,0.0
2458258.791970033,1731.892357059245,1.2383816815893618,1572.8423619020427,2.2415893931494493,1572.8423619020427,2.2415893931494493,17.83536902524108,0.0254186783102276,1.0152922576284331,1.2433139328033364e-08,13.0,1107.13681640625,37.55716580489538,422.7732447871474,768.7762980466059,0.0
2458259.872361714,1730.039017765825,0.9534040736197062,1570.8019948616773,2.0457012635794833,1570.8019948616773,2.0457012635794833,17.812232123544298,0.0231973895382749,1.0118573142715626,1.2236876375557886e-08,13.0,1268.2244384765625,28.70385843429785,422.7732447871474,768.7762980466059,0.0
2458264.667775121,1729.054817417148,1.3367447119570974,1569.7184749904459,2.2815789717003665,1569.7184749904459,2.2815789717003665,17.79994546518762,0.0258721432650734,1.03328104765043,5.1434603141140046e-09,13.0,3269.948193359375,43.098595186509606,422.7732447871474,768.7762980466059,0.0
2458271.6830260884,1719.2151758357256,1.4058423366798924,1558.885876532615,2.2420234917752273,1558.885876532615,2.2420234917752273,17.677108367410042,0.0254236008055594,1.0723780953532267,1.1898759686192666e-08,13.0,7830.05830078125,52.59241833917484,422.7732447871474,768.7762980466059,0.0
2458272.67193315,1726.267750277909,1.8034287800513338,1566.6501539601966,2.6194467544237137,1566.6501539601966,2.6194467544237137,17.7651519987933,0.0297034214227418,1.0769523808402683,3.6393931887231964e-09,13.0,7923.9853515625,63.29369569781058,422.7732447871474,768.7762980466059,0.0
2458273.839860876,1728.9783750281345,1.3588057984990227,1569.634318499736,2.2965911017852423,1569.634318499736,2.2965911017852423,17.798991166076632,0.0260423744887511,1.0352641006940349,1.1284076164964957e-08,13.0,3172.945654296875,43.832619272983614,422.7732447871474,768.7762980466059,0.0
2458274.806927489,1729.9228748578203,1.1666076949750817,1570.6741315166846,2.174299880522094,1570.6741315166846,2.174299880522094,17.810782207139454,0.0246556436169185,1.0630279818612294,5.243054646702622e-09,13.0,1745.0583251953124,38.05503041058953,422.7732447871474,768.7762980466059,0.0
2458277.8055521585,1726.7342777647896,1.140312057448215,1567.16376056803,2.1249668166824778,1567.16376056803,2.1249668166824778,17.770976081108472,0.0240962274795878,1.0504480739068331,4.802302500539504e-09,13.0,1218.873046875,38.03129022583887,422.7732447871474,768.7762980466059,0.0
2458278.7534798253,1725.4986881347263,1.7965758432816712,1565.8034827357128,2.607497597920396,1565.8034827357128,2.607497597920396,17.75555110419795,0.0295679230276456,0.3927290591707403,5.269970191902132e-09,13.0,1078.7630615234375,21.38528380712448,422.7732447871474,768.7762980466059,4.0
2458282.784826769,1726.7920096859839,1.0041072433965037,1567.2273184441297,2.040575096764539,1567.2273184441297,2.040575096764539,17.7716968006174,0.0231392609685949,1.027889506281631,5.623321748768124e-09,13.0,1088.0976318359376,32.36493155552758,422.7732447871474,768.7762980466059,0.0
2458285.612549944,1727.2461721237764,1.129987474219522,1567.7273121972057,2.1234418809373508,1567.7273121972057,2.1234418809373508,17.777366518900962,0.0240789353513918,0.9759171795684992,1.2430194472002473e-08,13.0,1104.432958984375,34.57938349221188,422.7732447871474,768.7762980466059,0.0
2458286.7579702637,1728.3044180776042,1.1226958301361123,1568.8923499064133,2.129511165508987,1568.8923499064133,2.129511165508987,17.790577555159494,0.0241477584786653,1.025286671716447,4.26094351916969e-09,13.0,1018.2411865234376,35.773963687049445,422.7732447871474,768.7762980466059,0.0
2458287.723050886,1730.815424548552,0.9371522753328109,1571.6567519021294,2.0450298037543773,1571.6567519021294,2.0450298037543773,17.82192470788246,0.0231897754670517,1.024312420052856,1.24395038823109e-08,13.0,1057.0567138671877,28.2520049925754,422.7732447871474,768.7762980466059,0.0
2458288.6392648863,1728.4605270860357,1.181794728352054,1569.0642124879912,2.169486877468023,1569.0642124879912,2.169486877468023,17.792526404350177,0.0246010661922075,1.0308809189509631,6.261651563208776e-09,13.0,1058.8717041015625,37.9699086131451,422.7732447871474,768.7762980466059,0.0
2458288.6855662926,1729.7551665224853,1.0642909611122615,1570.4894990745697,2.107966614422936,1570.4894990745697,2.107966614422936,17.808688553116063,0.0239034523559346,1.031232890742917,6.112818479743158e-09,13.0,1002.4527587890624,33.39524151646267,422.7732447871474,768.7762980466059,0.0
2458289.7793129086,1727.3105638630616,1.2033192528010692,1567.7982019597969,2.1723615130170897,1567.7982019597969,2.1723615130170897,17.778170378910417,0.0246336633469336,1.0100274537132463,6.155004621180288e-09,13.0,1077.5466552734374,38.371663120152256,422.7732447871474,768.7762980466059,0.0
2458291.620494654,1728.2708232048071,1.4636702209488588,1568.855364843061,2.366899381421434,1568.855364843061,2.366899381421434,17.790158160139818,0.0268396407267515,0.9246317521293376,5.078163861585258e-09,13.0,2178.262109375,42.58035079150561,422.7732447871474,768.7762980466059,0.0
2458292.789082392,1728.4642869550526,1.5899732098316353,1569.0683517801572,2.465375766964481,1569.0683517801572,2.465375766964481,17.792573342177562,0.0279563214056138,1.0138027255011584,1.2197556806515968e-08,13.0,3017.0294921875,50.92690950749012,422.7732447871474,768.7762980466059,0.0
2458293.584997672,1716.9908669672982,11.583214993002658,1556.4371039204732,12.851525244492716,1556.4371039204732,12.851525244492716,17.649340318777604,0.1457308760399502,0.3034443260161269,7.98988995946705e-09,13.0,19841.5921875,127.74444611054976,422.7732447871474,768.7762980466059,6.0
2458299.753437452,1659.0398950042095,2.508466438761662,1492.6380717786471,2.9544799359590264,1492.6380717786471,2.9544799359590264,16.925886202036594,0.0335025563984534,0.7599803851263214,7.69203683019261e-09,13.0,25999.53359375,126.53604214612685,422.7732447871474,768.7762980466059,2.0
2458301.6663164035,1735.338924948583,1.819586173987041,1576.6367364932223,2.70869209748518,1576.6367364932223,2.70869209748518,17.878395632797506,0.0307154259731283,0.9662887048425116,1.2447804036459491e-08,13.0,4071.5651367187497,51.61514564207224,422.7732447871474,768.7762980466059,0.0
2458302.6419010097,-881866.1317485251,-881866.1317485251,-881866.1317485251,-881866.1317485251,-881866.1317485251,-881866.1317485251,-9999.99,-9999.99,-9999.99,-9999.99,13.0,-9999.99,-9999.99,-9999.99,-9999.99,5.0
2458303.569971492,1728.4085731106084,0.930619515610485,1569.0070156328602,2.0152757808058306,1569.0070156328602,2.0152757808058306,17.791877816136214,0.0228523773958101,0.988812183774279,1.1168238573411107e-08,13.0,1117.48193359375,27.847438662414525,422.7732447871474,768.7762980466059,0.0
2458303.755144374,0.0,0.0,0.0,0.0,0.0,0.0,0.0,0.0,0.0,0.0,13.0,0.0,0.0,0.0,0.0,5.0
2458308.548092579,1729.0954790406831,0.9830101610932132,1569.7632399381077,2.0525190405699303,1569.7632399381077,2.0525190405699303,17.80045308081413,0.0232747002538951,0.9810361804396645,1.0756308087626904e-08,13.0,1029.413037109375,29.086618565790275,422.7732447871474,768.7762980466059,0.0
2458310.5425069937,1726.6256490532587,0.29016299781154764,1567.044169706586,1.7426697255063985,1567.044169706586,1.7426697255063985,17.769619971178095,0.0197611397024783,1.0007408323470777,3.870055012992956e-09,13.0,995.991455078125,1.61962477510495,422.7732447871474,768.7762980466059,0.0
2458310.577595463,1728.749327615111,1.1855604540721825,1569.382157012698,2.1748714638834437,1569.382157012698,2.1748714638834437,17.79613176116473,0.0246621251311664,1.0070203094973953,5.609677967770626e-09,13.0,986.9898803710936,37.03146399692035,422.7732447871474,768.7762980466059,0.0
2458311.706271672,1728.4314179960647,0.890865602660383,1569.0321658854302,1.9936316337601854,1569.0321658854302,1.9936316337601854,17.792163009393036,0.022606941896903,0.990181564519052,1.2087304726653484e-08,13.0,1054.0882080078125,26.53370625012296,422.7732447871474,768.7762980466059,0.0
2458312.7159165405,1730.300921762452,1.0279891750132837,1571.090328619211,2.0917963136241644,1571.090328619211,2.0917963136241644,17.81550170674769,0.023720087964829,0.9964106736962268,4.7887571614763595e-09,13.0,1039.345556640625,30.73836273725381,422.7732447871474,768.7762980466059,0.0
2458328.4859486413,1749.106317540092,2.262817581782187,1591.7934507415061,3.1963255328373297,1591.7934507415061,3.1963255328373297,18.050266379908717,0.0362449834667567,1.2167617793532153,1.2309886264325397e-08,13.0,6326.141015625,70.71283393306754,422.7732447871474,768.7762980466059,0.0
2458329.500305217,1730.5497665409239,0.8767686215953684,1571.3642853015958,2.0093682195496063,1571.3642853015958,2.0093682195496063,17.818608259982533,0.0227853881427253,1.2558119319207652,1.1720624583147693e-08,13.0,1490.7953369140623,33.085315864108885,422.7732447871474,768.7762980466059,0.0
2458330.485980996,1723.9428650131863,1.3853575396471447,1564.090655392604,2.2689501112189916,1564.090655392604,2.2689501112189916,17.736128364525598,0.0257289373135366,0.5792056631946141,1.2136854933806067e-08,13.0,1304.1291259765626,25.36899120594336,422.7732447871474,768.7762980466059,4.0
2458330.5212276992,1730.013081635003,1.0539417296628473,1570.7734414140318,2.10436378028526,1570.7734414140318,2.10436378028526,17.811908339490643,0.0238625977363372,1.0493219773690636,1.2435672774119282e-08,13.0,1238.1389404296874,33.52658229987419,422.7732447871474,768.7762980466059,0.0
2458331.653452961,1730.04044276033,1.1069005776864151,1570.8035636579755,2.137347610699829,1570.8035636579755,2.137347610699829,17.81224991303266,0.0242366204620466,1.2647223999263884,3.413883989571178e-09,13.0,1790.421435546875,43.18896865506303,422.7732447871474,768.7762980466059,0.0
2458335.5192754515,1732.5042518040316,1.1531955965976701,1573.5160053486939,2.1921413699169454,1573.5160053486939,2.1921413699169454,17.843007857811642,0.0248579585818666,1.1696836904606451,1.1744935094011306e-08,13.0,1388.07666015625,39.96463689444459,422.7732447871474,768.7762980466059,0.0
2458339.5059471554,1731.57975399075,1.0648744025653445,1572.4982128301829,2.1275076608691315,1572.4982128301829,2.1275076608691315,17.831466519913775,0.0241250395810433,1.237834275089032,7.475723241396884e-09,13.0,1178.085009765625,39.75133124281293,422.7732447871474,768.7762980466059,0.0
2458340.593281378,1731.6496465380003,1.0198687760318457,1572.575158508874,2.1013602478760283,1572.575158508874,2.1013602478760283,17.83233905145768,0.0238285389455801,1.2399436393832914,7.951560510855848e-09,13.0,1071.2382080078123,37.97893944733517,422.7732447871474,768.7762980466059,0.0
2458347.542550837,1734.7220371101644,1.1179031563201904,1575.95759608025,2.1931981276304846,1575.95759608025,2.1931981276304846,17.870694466947242,0.0248699417686422,1.260328575202195,7.373335806757158e-09,13.0,1500.098828125,41.103157752341936,422.7732447871474,768.7762980466059,0.0
2458348.583620548,1876.5086420728512,198.868894167645,1732.0524442056028,218.97065652286665,1732.0524442056028,218.97065652286665,19.64074421044977,2.483034892359967,0.0278730937822492,1.1555498063212548e-08,13.0,6291.88857421875,36.77855121502502,422.7732447871474,768.7762980466059,6.0
2458349.5829426656,-881866.1317485251,-881866.1317485251,-881866.1317485251,-881866.1317485251,-881866.1317485251,-881866.1317485251,-9999.99,-9999.99,-9999.99,-9999.99,13.0,-9999.99,-9999.99,-9999.99,-9999.99,5.0
2458352.598042359,1741.274292182148,3.994498660123004,1583.1710649450197,4.790435235248757,1583.1710649450197,4.790435235248757,17.952492161536092,0.0543215151637048,0.9574215978332404,1.2446162349980612e-08,13.0,21351.268359375,107.36968024133824,422.7732447871474,768.7762980466059,0.0
2458354.553317053,1734.2432976254315,1.928722833537471,1575.4305451139,2.7896136569245233,1575.4305451139,2.7896136569245233,17.864717931276758,0.0316330423278616,1.147881483225324,1.2428745307427744e-08,13.0,5317.689257812501,66.18428608300023,422.7732447871474,768.7762980466059,0.0
2458355.6099793776,1735.1841165710528,2.2999082442158607,1576.4663057943178,3.1189707605155386,1576.4663057943178,3.1189707605155386,17.87646302055242,0.0353678129736157,1.2243717370756166,1.2431912135653835e-08,13.0,7574.70615234375,83.92813820926457,422.7732447871474,768.7762980466059,0.0
2458357.593825523,1729.9464938298936,1.44699581961804,1570.7001339719905,2.36998190966804,1570.7001339719905,2.36998190966804,17.811077064015883,0.0268745952969873,1.1585947174296412,1.2277219062664751e-08,13.0,4284.5052734375,51.99006241762852,422.7732447871474,768.7762980466059,0.0
2458366.5667426363,1730.193576102784,1.035461248974227,1570.972150287435,2.0951226544005204,1570.972150287435,2.0951226544005204,17.814161614308,0.0237578072663223,1.25905266320149,4.3862456120519885e-09,13.0,1172.2275634765624,39.96179510579699,422.7732447871474,768.7762980466059,0.0
2458670.556887105,1727.1649534370767,0.7490451921695358,1567.6378974138515,1.9073427350112315,1567.6378974138515,1.9073427350112315,17.77635259296912,0.0216284621781166,2.1241953597893457,1.1424753192232688e-08,13.0,1379.1029052734375,50.85185992774445,422.7732447871474,768.7762980466059,0.0
2458671.6314803325,1725.4392028305317,0.6714452278497928,1565.7379945358487,1.8522871258631202,1565.7379945358487,1.8522871258631202,17.754808495631657,0.0210041547905164,2.0120224627073773,1.1346740988177275e-08,13.0,1342.91357421875,43.571053416484304,422.7732447871474,768.7762980466059,0.0
2458672.741011175,1722.1658660554917,2.5815086088083334,1562.1343324910627,3.2903166928663845,1562.1343324910627,3.2903166928663845,17.713944487916805,0.0373108035799697,0.2518077868076574,1.2400146150582641e-08,13.0,1331.73515625,20.184238369284586,422.7732447871474,768.7762980466059,4.0
2458682.5481151324,-881866.1317485251,-881866.1317485251,-881866.1317485251,-881866.1317485251,-881866.1317485251,-881866.1317485251,-9999.99,-9999.99,-9999.99,-9999.99,13.0,-9999.99,-9999.99,-9999.99,-9999.99,5.0
2458684.5941680865,0.0,0.0,0.0,0.0,0.0,0.0,0.0,0.0,0.0,0.0,13.0,0.0,0.0,0.0,0.0,5.0
2458685.6247581327,1717.727476423233,4.437408594748972,1557.2480475295815,5.141846523827958,1557.2480475295815,5.141846523827958,17.65853607728301,0.0583063709656977,0.2556104532894482,4.861965277159056e-09,13.0,5436.9267578125,39.739236132908886,422.7732447871474,768.7762980466059,4.0
2458690.625397963,1725.8512413982926,0.7241790403839949,1566.1916135337328,1.8808415863105663,1566.1916135337328,1.8808415863105663,17.759952343750243,0.0213279503289205,2.114720299922125,1.2066889011604622e-08,13.0,1367.169384765625,49.56882481293762,422.7732447871474,768.7762980466059,0.0
2458691.5689825835,1723.8791844778143,0.7759209876841394,1564.0205486043083,1.883900489092286,1564.0205486043083,1.883900489092286,17.735333383114416,0.0213626369963487,2.1281229949736167,9.931603242276951e-09,13.0,1296.89453125,54.83555379665257,422.7732447871474,768.7762980466059,0.0
2458692.493694766,1723.9423782657695,1.0386686787675625,1564.0901195255935,2.032132065644135,1564.0901195255935,2.032132065644135,17.736122288019708,0.0230435205566048,1.0107237761102383,1.0544659338169133e-08,13.0,1646.5670166015625,33.919755760330865,422.7732447871474,768.7762980466059,0.0
2458692.5828966536,1724.3813106751231,0.6828307394657918,1564.5733463282481,1.8453580381990804,1564.5733463282481,1.8453580381990804,17.74160187615707,0.0209255818588038,2.004097172602251,1.045766966713692e-08,13.0,1395.308154296875,44.72625984383868,422.7732447871474,768.7762980466059,0.0
2458696.5071584624,1721.9056463163804,0.9811805215816998,1561.847852956086,1.9762035174333468,1561.847852956086,1.9762035174333468,17.710695930815177,0.0224093144082028,0.9155864755476776,1.1411430638016108e-08,13.0,1686.306494140625,29.38763550842089,422.7732447871474,768.7762980466059,0.0
2458698.604078526,1725.4061873964156,0.7763438792515089,1565.7016473846097,1.9009593658561683,1565.7016473846097,1.9009593658561683,17.75439633426631,0.0215560774641347,2.1580899067098813,1.1709998153797974e-08,13.0,1259.5211181640625,54.75085643490007,422.7732447871474,768.7762980466059,0.0
2458699.6509509347,1723.5131070924692,0.8205101526617244,1563.6175289122668,1.9026896672792493,1563.6175289122668,1.9026896672792493,17.730763309783413,0.0215756983525041,2.106223783123938,1.2398184840241512e-08,13.0,1378.159228515625,57.683924452395885,422.7732447871474,768.7762980466059,0.0
2458704.5180535223,0.0,0.0,0.0,0.0,0.0,0.0,0.0,0.0,0.0,0.0,13.0,0.0,0.0,0.0,0.0,5.0
2458711.626398,-881866.1317485251,-881866.1317485251,-881866.1317485251,-881866.1317485251,-881866.1317485251,-881866.1317485251,-9999.99,-9999.99,-9999.99,-9999.99,13.0,-9999.99,-9999.99,-9999.99,-9999.99,5.0
2458715.5871163933,1724.6396296918267,0.7894388485756768,1564.8577333314563,1.8990394042256018,1564.8577333314563,1.8990394042256018,17.744826704830984,0.0215343059090031,2.100186555971543,1.1603754411150584e-08,13.0,1411.0135986328123,54.57781813180537,422.7732447871474,768.7762980466059,0.0
2458718.523516809,1728.0591864787418,0.7841886079621165,1568.6223710237828,1.9343811808960456,1568.6223710237828,1.9343811808960456,17.787516108496185,0.0219350667507716,2.08024192822177,1.1887463796606966e-08,13.0,1425.8482177734377,51.490275682770616,422.7732447871474,768.7762980466059,0.0
2458724.5726842773,1724.3031974770815,0.7279570624980835,1564.4873504206084,1.8652764060420037,1564.4873504206084,1.8652764060420037,17.7406267188339,0.0211514477494131,2.1373124742626235,1.2045827461544346e-08,13.0,1330.297680664063,51.3151121375373,422.7732447871474,768.7762980466059,0.0
2458730.5758726816,1724.085788432906,0.7514825366284811,1564.248001775929,1.8741411649747663,1564.248001775929,1.8741411649747663,17.737912606150417,0.0212519703769283,2.1087909805758747,1.1622762009769578e-08,13.0,2114.5240234375,52.41492389944506,422.7732447871474,768.7762980466059,0.0
2458740.4915788104,0.0,0.0,0.0,0.0,0.0,0.0,0.0,0.0,0.0,0.0,13.0,0.0,0.0,0.0,0.0,5.0
2458740.49536059,1722.5181726651201,0.8575819018425226,1562.522191744327,1.911759031899962,1562.522191744327,1.911759031899962,17.718342648266102,0.0216785411222266,2.012488312317032,1.0622811854248238e-08,13.0,4013.627978515625,58.122491524654095,422.7732447871474,768.7762980466059,0.0
2458647.616406504,0.0,0.0,0.0,0.0,0.0,0.0,0.0,0.0,0.0,0.0,0.0,0.0,0.0,0.0,0.0,0.0
2458552.867885764,0.0,0.0,0.0,0.0,0.0,0.0,0.0,0.0,0.0,0.0,0.0,0.0,0.0,0.0,0.0,0.0
2458647.614069744,0.0,0.0,0.0,0.0,0.0,0.0,0.0,0.0,0.0,0.0,0.0,0.0,0.0,0.0,0.0,0.0
2458555.8599296613,0.0,0.0,0.0,0.0,0.0,0.0,0.0,0.0,0.0,0.0,0.0,0.0,0.0,0.0,0.0,0.0
2458657.588504917,0.0,0.0,0.0,0.0,0.0,0.0,0.0,0.0,0.0,0.0,0.0,0.0,0.0,0.0,0.0,0.0
2458559.849460519,0.0,0.0,0.0,0.0,0.0,0.0,0.0,0.0,0.0,0.0,0.0,0.0,0.0,0.0,0.0,0.0
2458661.63745112,0.0,0.0,0.0,0.0,0.0,0.0,0.0,0.0,0.0,0.0,0.0,0.0,0.0,0.0,0.0,0.0
2458575.8759615063,0.0,0.0,0.0,0.0,0.0,0.0,0.0,0.0,0.0,0.0,0.0,0.0,0.0,0.0,0.0,0.0
2458661.6492815814,0.0,0.0,0.0,0.0,0.0,0.0,0.0,0.0,0.0,0.0,0.0,0.0,0.0,0.0,0.0,0.0
2458580.8718094463,0.0,0.0,0.0,0.0,0.0,0.0,0.0,0.0,0.0,0.0,0.0,0.0,0.0,0.0,0.0,0.0
2458661.6611185623,0.0,0.0,0.0,0.0,0.0,0.0,0.0,0.0,0.0,0.0,0.0,0.0,0.0,0.0,0.0,0.0
2458582.7888955697,0.0,0.0,0.0,0.0,0.0,0.0,0.0,0.0,0.0,0.0,0.0,0.0,0.0,0.0,0.0,0.0
2457844.7254559137,0.0,0.0,0.0,0.0,0.0,0.0,0.0,0.0,0.0,0.0,0.0,0.0,0.0,0.0,0.0,0.0
2458582.789531801,0.0,0.0,0.0,0.0,0.0,0.0,0.0,0.0,0.0,0.0,0.0,0.0,0.0,0.0,0.0,0.0
2457844.738526806,0.0,0.0,0.0,0.0,0.0,0.0,0.0,0.0,0.0,0.0,0.0,0.0,0.0,0.0,0.0,0.0
2458583.7862710366,0.0,0.0,0.0,0.0,0.0,0.0,0.0,0.0,0.0,0.0,0.0,0.0,0.0,0.0,0.0,0.0
2457844.76789507,0.0,0.0,0.0,0.0,0.0,0.0,0.0,0.0,0.0,0.0,0.0,0.0,0.0,0.0,0.0,0.0
2458585.780962623,0.0,0.0,0.0,0.0,0.0,0.0,0.0,0.0,0.0,0.0,0.0,0.0,0.0,0.0,0.0,0.0
2457845.7229971485,0.0,0.0,0.0,0.0,0.0,0.0,0.0,0.0,0.0,0.0,0.0,0.0,0.0,0.0,0.0,0.0
2458587.775719412,0.0,0.0,0.0,0.0,0.0,0.0,0.0,0.0,0.0,0.0,0.0,0.0,0.0,0.0,0.0,0.0
2457846.852803362,0.0,0.0,0.0,0.0,0.0,0.0,0.0,0.0,0.0,0.0,0.0,0.0,0.0,0.0,0.0,0.0
2458589.812496925,0.0,0.0,0.0,0.0,0.0,0.0,0.0,0.0,0.0,0.0,0.0,0.0,0.0,0.0,0.0,0.0
2457847.7323333286,0.0,0.0,0.0,0.0,0.0,0.0,0.0,0.0,0.0,0.0,0.0,0.0,0.0,0.0,0.0,0.0
2458590.767999832,0.0,0.0,0.0,0.0,0.0,0.0,0.0,0.0,0.0,0.0,0.0,0.0,0.0,0.0,0.0,0.0
2457848.9091042355,0.0,0.0,0.0,0.0,0.0,0.0,0.0,0.0,0.0,0.0,0.0,0.0,0.0,0.0,0.0,0.0
2458604.730806024,0.0,0.0,0.0,0.0,0.0,0.0,0.0,0.0,0.0,0.0,0.0,0.0,0.0,0.0,0.0,0.0
2457849.781741467,0.0,0.0,0.0,0.0,0.0,0.0,0.0,0.0,0.0,0.0,0.0,0.0,0.0,0.0,0.0,0.0
2458605.7281495314,0.0,0.0,0.0,0.0,0.0,0.0,0.0,0.0,0.0,0.0,0.0,0.0,0.0,0.0,0.0,0.0
2457851.8264822424,0.0,0.0,0.0,0.0,0.0,0.0,0.0,0.0,0.0,0.0,0.0,0.0,0.0,0.0,0.0,0.0
2458606.725546228,0.0,0.0,0.0,0.0,0.0,0.0,0.0,0.0,0.0,0.0,0.0,0.0,0.0,0.0,0.0,0.0
2457864.876610231,0.0,0.0,0.0,0.0,0.0,0.0,0.0,0.0,0.0,0.0,0.0,0.0,0.0,0.0,0.0,0.0
2458608.8183278125,0.0,0.0,0.0,0.0,0.0,0.0,0.0,0.0,0.0,0.0,0.0,0.0,0.0,0.0,0.0,0.0
2457867.7865980207,0.0,0.0,0.0,0.0,0.0,0.0,0.0,0.0,0.0,0.0,0.0,0.0,0.0,0.0,0.0,0.0
2458611.7122057187,0.0,0.0,0.0,0.0,0.0,0.0,0.0,0.0,0.0,0.0,0.0,0.0,0.0,0.0,0.0,0.0
2457954.5661281967,0.0,0.0,0.0,0.0,0.0,0.0,0.0,0.0,0.0,0.0,0.0,0.0,0.0,0.0,0.0,0.0
2458613.7603766457,0.0,0.0,0.0,0.0,0.0,0.0,0.0,0.0,0.0,0.0,0.0,0.0,0.0,0.0,0.0,0.0
2457954.7640607674,0.0,0.0,0.0,0.0,0.0,0.0,0.0,0.0,0.0,0.0,0.0,0.0,0.0,0.0,0.0,0.0
2458617.848902221,0.0,0.0,0.0,0.0,0.0,0.0,0.0,0.0,0.0,0.0,0.0,0.0,0.0,0.0,0.0,0.0
2457955.614728736,0.0,0.0,0.0,0.0,0.0,0.0,0.0,0.0,0.0,0.0,0.0,0.0,0.0,0.0,0.0,0.0
2458618.693635182,0.0,0.0,0.0,0.0,0.0,0.0,0.0,0.0,0.0,0.0,0.0,0.0,0.0,0.0,0.0,0.0
2457956.559080869,0.0,0.0,0.0,0.0,0.0,0.0,0.0,0.0,0.0,0.0,0.0,0.0,0.0,0.0,0.0,0.0
2458618.881865384,0.0,0.0,0.0,0.0,0.0,0.0,0.0,0.0,0.0,0.0,0.0,0.0,0.0,0.0,0.0,0.0
2457958.5659726616,0.0,0.0,0.0,0.0,0.0,0.0,0.0,0.0,0.0,0.0,0.0,0.0,0.0,0.0,0.0,0.0
2458629.6642391016,0.0,0.0,0.0,0.0,0.0,0.0,0.0,0.0,0.0,0.0,0.0,0.0,0.0,0.0,0.0,0.0
2457960.648296416,0.0,0.0,0.0,0.0,0.0,0.0,0.0,0.0,0.0,0.0,0.0,0.0,0.0,0.0,0.0,0.0
2458631.748380803,0.0,0.0,0.0,0.0,0.0,0.0,0.0,0.0,0.0,0.0,0.0,0.0,0.0,0.0,0.0,0.0
2457965.581897168,0.0,0.0,0.0,0.0,0.0,0.0,0.0,0.0,0.0,0.0,0.0,0.0,0.0,0.0,0.0,0.0
2458635.808488004,0.0,0.0,0.0,0.0,0.0,0.0,0.0,0.0,0.0,0.0,0.0,0.0,0.0,0.0,0.0,0.0
2457968.53403497,0.0,0.0,0.0,0.0,0.0,0.0,0.0,0.0,0.0,0.0,0.0,0.0,0.0,0.0,0.0,0.0
2458635.810710518,0.0,0.0,0.0,0.0,0.0,0.0,0.0,0.0,0.0,0.0,0.0,0.0,0.0,0.0,0.0,0.0
2457968.6957984925,0.0,0.0,0.0,0.0,0.0,0.0,0.0,0.0,0.0,0.0,0.0,0.0,0.0,0.0,0.0,0.0
2458637.7116864463,0.0,0.0,0.0,0.0,0.0,0.0,0.0,0.0,0.0,0.0,0.0,0.0,0.0,0.0,0.0,0.0
2457969.745802142,0.0,0.0,0.0,0.0,0.0,0.0,0.0,0.0,0.0,0.0,0.0,0.0,0.0,0.0,0.0,0.0
2458638.6400454603,0.0,0.0,0.0,0.0,0.0,0.0,0.0,0.0,0.0,0.0,0.0,0.0,0.0,0.0,0.0,0.0
2457970.5503331604,0.0,0.0,0.0,0.0,0.0,0.0,0.0,0.0,0.0,0.0,0.0,0.0,0.0,0.0,0.0,0.0
2458639.799520174,0.0,0.0,0.0,0.0,0.0,0.0,0.0,0.0,0.0,0.0,0.0,0.0,0.0,0.0,0.0,0.0
2457971.4959249976,0.0,0.0,0.0,0.0,0.0,0.0,0.0,0.0,0.0,0.0,0.0,0.0,0.0,0.0,0.0,0.0
2458641.751783125,0.0,0.0,0.0,0.0,0.0,0.0,0.0,0.0,0.0,0.0,0.0,0.0,0.0,0.0,0.0,0.0
2457972.469630553,0.0,0.0,0.0,0.0,0.0,0.0,0.0,0.0,0.0,0.0,0.0,0.0,0.0,0.0,0.0,0.0
2458641.753898972,0.0,0.0,0.0,0.0,0.0,0.0,0.0,0.0,0.0,0.0,0.0,0.0,0.0,0.0,0.0,0.0
2457973.5503942897,0.0,0.0,0.0,0.0,0.0,0.0,0.0,0.0,0.0,0.0,0.0,0.0,0.0,0.0,0.0,0.0
2458642.6276331954,0.0,0.0,0.0,0.0,0.0,0.0,0.0,0.0,0.0,0.0,0.0,0.0,0.0,0.0,0.0,0.0
2457973.6825493667,0.0,0.0,0.0,0.0,0.0,0.0,0.0,0.0,0.0,0.0,0.0,0.0,0.0,0.0,0.0,0.0
2458642.6296929945,0.0,0.0,0.0,0.0,0.0,0.0,0.0,0.0,0.0,0.0,0.0,0.0,0.0,0.0,0.0,0.0
2457974.480565328,0.0,0.0,0.0,0.0,0.0,0.0,0.0,0.0,0.0,0.0,0.0,0.0,0.0,0.0,0.0,0.0
2458644.698821045,0.0,0.0,0.0,0.0,0.0,0.0,0.0,0.0,0.0,0.0,0.0,0.0,0.0,0.0,0.0,0.0
2457979.563621352,0.0,0.0,0.0,0.0,0.0,0.0,0.0,0.0,0.0,0.0,0.0,0.0,0.0,0.0,0.0,0.0
2458645.685081077,0.0,0.0,0.0,0.0,0.0,0.0,0.0,0.0,0.0,0.0,0.0,0.0,0.0,0.0,0.0,0.0
2457980.494535679,0.0,0.0,0.0,0.0,0.0,0.0,0.0,0.0,0.0,0.0,0.0,0.0,0.0,0.0,0.0,0.0
2458645.779636251,0.0,0.0,0.0,0.0,0.0,0.0,0.0,0.0,0.0,0.0,0.0,0.0,0.0,0.0,0.0,0.0
2458661.672934435,0.0,0.0,0.0,0.0,0.0,0.0,0.0,0.0,0.0,0.0,0.0,0.0,0.0,0.0,0.0,0.0
2457980.609630231,0.0,0.0,0.0,0.0,0.0,0.0,0.0,0.0,0.0,0.0,0.0,0.0,0.0,0.0,0.0,0.0
2458661.684762808,0.0,0.0,0.0,0.0,0.0,0.0,0.0,0.0,0.0,0.0,0.0,0.0,0.0,0.0,0.0,0.0
2457981.616437163,0.0,0.0,0.0,0.0,0.0,0.0,0.0,0.0,0.0,0.0,0.0,0.0,0.0,0.0,0.0,0.0
2457821.893601164,0.0,0.0,0.0,0.0,0.0,0.0,0.0,0.0,0.0,0.0,0.0,0.0,0.0,0.0,0.0,0.0
2458668.6918426817,0.0,0.0,0.0,0.0,0.0,0.0,0.0,0.0,0.0,0.0,0.0,0.0,0.0,0.0,0.0,0.0
2457983.6684725047,0.0,0.0,0.0,0.0,0.0,0.0,0.0,0.0,0.0,0.0,0.0,0.0,0.0,0.0,0.0,0.0
2457986.6016851203,0.0,0.0,0.0,0.0,0.0,0.0,0.0,0.0,0.0,0.0,0.0,0.0,0.0,0.0,0.0,0.0
2457989.689173711,0.0,0.0,0.0,0.0,0.0,0.0,0.0,0.0,0.0,0.0,0.0,0.0,0.0,0.0,0.0,0.0
2457990.646939025,0.0,0.0,0.0,0.0,0.0,0.0,0.0,0.0,0.0,0.0,0.0,0.0,0.0,0.0,0.0,0.0
2457993.583691772,0.0,0.0,0.0,0.0,0.0,0.0,0.0,0.0,0.0,0.0,0.0,0.0,0.0,0.0,0.0,0.0
2457995.4889002047,0.0,0.0,0.0,0.0,0.0,0.0,0.0,0.0,0.0,0.0,0.0,0.0,0.0,0.0,0.0,0.0
2457996.6637773025,0.0,0.0,0.0,0.0,0.0,0.0,0.0,0.0,0.0,0.0,0.0,0.0,0.0,0.0,0.0,0.0
2457997.5436212784,0.0,0.0,0.0,0.0,0.0,0.0,0.0,0.0,0.0,0.0,0.0,0.0,0.0,0.0,0.0,0.0
2457998.610497511,0.0,0.0,0.0,0.0,0.0,0.0,0.0,0.0,0.0,0.0,0.0,0.0,0.0,0.0,0.0,0.0
2457999.4772749497,0.0,0.0,0.0,0.0,0.0,0.0,0.0,0.0,0.0,0.0,0.0,0.0,0.0,0.0,0.0,0.0
2458000.6576469336,0.0,0.0,0.0,0.0,0.0,0.0,0.0,0.0,0.0,0.0,0.0,0.0,0.0,0.0,0.0,0.0
2458003.5624131686,0.0,0.0,0.0,0.0,0.0,0.0,0.0,0.0,0.0,0.0,0.0,0.0,0.0,0.0,0.0,0.0
2458004.548419162,0.0,0.0,0.0,0.0,0.0,0.0,0.0,0.0,0.0,0.0,0.0,0.0,0.0,0.0,0.0,0.0
2458005.4817873947,0.0,0.0,0.0,0.0,0.0,0.0,0.0,0.0,0.0,0.0,0.0,0.0,0.0,0.0,0.0,0.0
2458005.643804492,0.0,0.0,0.0,0.0,0.0,0.0,0.0,0.0,0.0,0.0,0.0,0.0,0.0,0.0,0.0,0.0
2458008.534154151,0.0,0.0,0.0,0.0,0.0,0.0,0.0,0.0,0.0,0.0,0.0,0.0,0.0,0.0,0.0,0.0
2458019.501346168,0.0,0.0,0.0,0.0,0.0,0.0,0.0,0.0,0.0,0.0,0.0,0.0,0.0,0.0,0.0,0.0
2458032.526174611,0.0,0.0,0.0,0.0,0.0,0.0,0.0,0.0,0.0,0.0,0.0,0.0,0.0,0.0,0.0,0.0
2458036.5148026748,0.0,0.0,0.0,0.0,0.0,0.0,0.0,0.0,0.0,0.0,0.0,0.0,0.0,0.0,0.0,0.0
2458042.49071956,0.0,0.0,0.0,0.0,0.0,0.0,0.0,0.0,0.0,0.0,0.0,0.0,0.0,0.0,0.0,0.0
2458045.515996936,0.0,0.0,0.0,0.0,0.0,0.0,0.0,0.0,0.0,0.0,0.0,0.0,0.0,0.0,0.0,0.0
2458047.508935201,0.0,0.0,0.0,0.0,0.0,0.0,0.0,0.0,0.0,0.0,0.0,0.0,0.0,0.0,0.0,0.0
2458166.839588701,0.0,0.0,0.0,0.0,0.0,0.0,0.0,0.0,0.0,0.0,0.0,0.0,0.0,0.0,0.0,0.0
2458173.882463368,0.0,0.0,0.0,0.0,0.0,0.0,0.0,0.0,0.0,0.0,0.0,0.0,0.0,0.0,0.0,0.0
2458174.8575385977,0.0,0.0,0.0,0.0,0.0,0.0,0.0,0.0,0.0,0.0,0.0,0.0,0.0,0.0,0.0,0.0
2458175.832851104,0.0,0.0,0.0,0.0,0.0,0.0,0.0,0.0,0.0,0.0,0.0,0.0,0.0,0.0,0.0,0.0
2458178.860311557,0.0,0.0,0.0,0.0,0.0,0.0,0.0,0.0,0.0,0.0,0.0,0.0,0.0,0.0,0.0,0.0
2458180.889368589,0.0,0.0,0.0,0.0,0.0,0.0,0.0,0.0,0.0,0.0,0.0,0.0,0.0,0.0,0.0,0.0
2458186.8762674425,0.0,0.0,0.0,0.0,0.0,0.0,0.0,0.0,0.0,0.0,0.0,0.0,0.0,0.0,0.0,0.0
2458195.845944459,0.0,0.0,0.0,0.0,0.0,0.0,0.0,0.0,0.0,0.0,0.0,0.0,0.0,0.0,0.0,0.0
2458203.8249883573,0.0,0.0,0.0,0.0,0.0,0.0,0.0,0.0,0.0,0.0,0.0,0.0,0.0,0.0,0.0,0.0
2458208.8123318357,0.0,0.0,0.0,0.0,0.0,0.0,0.0,0.0,0.0,0.0,0.0,0.0,0.0,0.0,0.0,0.0
2458208.826434181,0.0,0.0,0.0,0.0,0.0,0.0,0.0,0.0,0.0,0.0,0.0,0.0,0.0,0.0,0.0,0.0
2458209.8090363373,0.0,0.0,0.0,0.0,0.0,0.0,0.0,0.0,0.0,0.0,0.0,0.0,0.0,0.0,0.0,0.0
2458213.798826636,0.0,0.0,0.0,0.0,0.0,0.0,0.0,0.0,0.0,0.0,0.0,0.0,0.0,0.0,0.0,0.0
2458221.8954156586,0.0,0.0,0.0,0.0,0.0,0.0,0.0,0.0,0.0,0.0,0.0,0.0,0.0,0.0,0.0,0.0
2458223.772262026,0.0,0.0,0.0,0.0,0.0,0.0,0.0,0.0,0.0,0.0,0.0,0.0,0.0,0.0,0.0,0.0
2458224.8470144807,0.0,0.0,0.0,0.0,0.0,0.0,0.0,0.0,0.0,0.0,0.0,0.0,0.0,0.0,0.0,0.0
2458225.913556989,0.0,0.0,0.0,0.0,0.0,0.0,0.0,0.0,0.0,0.0,0.0,0.0,0.0,0.0,0.0,0.0
2458226.858986996,0.0,0.0,0.0,0.0,0.0,0.0,0.0,0.0,0.0,0.0,0.0,0.0,0.0,0.0,0.0,0.0
2458229.844929598,0.0,0.0,0.0,0.0,0.0,0.0,0.0,0.0,0.0,0.0,0.0,0.0,0.0,0.0,0.0,0.0
2458230.7956569446,0.0,0.0,0.0,0.0,0.0,0.0,0.0,0.0,0.0,0.0,0.0,0.0,0.0,0.0,0.0,0.0
2458231.821257727,0.0,0.0,0.0,0.0,0.0,0.0,0.0,0.0,0.0,0.0,0.0,0.0,0.0,0.0,0.0,0.0
2458249.7181413434,0.0,0.0,0.0,0.0,0.0,0.0,0.0,0.0,0.0,0.0,0.0,0.0,0.0,0.0,0.0,0.0
2458250.7011056184,0.0,0.0,0.0,0.0,0.0,0.0,0.0,0.0,0.0,0.0,0.0,0.0,0.0,0.0,0.0,0.0
2458251.6981181465,0.0,0.0,0.0,0.0,0.0,0.0,0.0,0.0,0.0,0.0,0.0,0.0,0.0,0.0,0.0,0.0
2458254.690923407,0.0,0.0,0.0,0.0,0.0,0.0,0.0,0.0,0.0,0.0,0.0,0.0,0.0,0.0,0.0,0.0
2458256.744556564,0.0,0.0,0.0,0.0,0.0,0.0,0.0,0.0,0.0,0.0,0.0,0.0,0.0,0.0,0.0,0.0
2458257.8195387283,0.0,0.0,0.0,0.0,0.0,0.0,0.0,0.0,0.0,0.0,0.0,0.0,0.0,0.0,0.0,0.0
2458258.7878457583,0.0,0.0,0.0,0.0,0.0,0.0,0.0,0.0,0.0,0.0,0.0,0.0,0.0,0.0,0.0,0.0
2458259.86824281,0.0,0.0,0.0,0.0,0.0,0.0,0.0,0.0,0.0,0.0,0.0,0.0,0.0,0.0,0.0,0.0
2458264.663624965,0.0,0.0,0.0,0.0,0.0,0.0,0.0,0.0,0.0,0.0,0.0,0.0,0.0,0.0,0.0,0.0
2458274.802803138,0.0,0.0,0.0,0.0,0.0,0.0,0.0,0.0,0.0,0.0,0.0,0.0,0.0,0.0,0.0,0.0
2458277.80143037,0.0,0.0,0.0,0.0,0.0,0.0,0.0,0.0,0.0,0.0,0.0,0.0,0.0,0.0,0.0,0.0
2458278.7493462823,0.0,0.0,0.0,0.0,0.0,0.0,0.0,0.0,0.0,0.0,0.0,0.0,0.0,0.0,0.0,0.0
2458282.7807068955,0.0,0.0,0.0,0.0,0.0,0.0,0.0,0.0,0.0,0.0,0.0,0.0,0.0,0.0,0.0,0.0
2458285.60837576,0.0,0.0,0.0,0.0,0.0,0.0,0.0,0.0,0.0,0.0,0.0,0.0,0.0,0.0,0.0,0.0
2458286.728118793,0.0,0.0,0.0,0.0,0.0,0.0,0.0,0.0,0.0,0.0,0.0,0.0,0.0,0.0,0.0,0.0
2458286.753856549,0.0,0.0,0.0,0.0,0.0,0.0,0.0,0.0,0.0,0.0,0.0,0.0,0.0,0.0,0.0,0.0
2458287.718929631,0.0,0.0,0.0,0.0,0.0,0.0,0.0,0.0,0.0,0.0,0.0,0.0,0.0,0.0,0.0,0.0
2458288.635127142,0.0,0.0,0.0,0.0,0.0,0.0,0.0,0.0,0.0,0.0,0.0,0.0,0.0,0.0,0.0,0.0
2458288.681447073,0.0,0.0,0.0,0.0,0.0,0.0,0.0,0.0,0.0,0.0,0.0,0.0,0.0,0.0,0.0,0.0
2458289.7751929364,0.0,0.0,0.0,0.0,0.0,0.0,0.0,0.0,0.0,0.0,0.0,0.0,0.0,0.0,0.0,0.0
2458303.565839518,0.0,0.0,0.0,0.0,0.0,0.0,0.0,0.0,0.0,0.0,0.0,0.0,0.0,0.0,0.0,0.0
2458303.75102337,0.0,0.0,0.0,0.0,0.0,0.0,0.0,0.0,0.0,0.0,0.0,0.0,0.0,0.0,0.0,0.0
2458308.543967887,0.0,0.0,0.0,0.0,0.0,0.0,0.0,0.0,0.0,0.0,0.0,0.0,0.0,0.0,0.0,0.0
2458310.5383696994,0.0,0.0,0.0,0.0,0.0,0.0,0.0,0.0,0.0,0.0,0.0,0.0,0.0,0.0,0.0,0.0
2458310.573454238,0.0,0.0,0.0,0.0,0.0,0.0,0.0,0.0,0.0,0.0,0.0,0.0,0.0,0.0,0.0,0.0
2458311.702150837,0.0,0.0,0.0,0.0,0.0,0.0,0.0,0.0,0.0,0.0,0.0,0.0,0.0,0.0,0.0,0.0
2458312.711798861,0.0,0.0,0.0,0.0,0.0,0.0,0.0,0.0,0.0,0.0,0.0,0.0,0.0,0.0,0.0,0.0
2458329.4961920567,0.0,0.0,0.0,0.0,0.0,0.0,0.0,0.0,0.0,0.0,0.0,0.0,0.0,0.0,0.0,0.0
2458330.4818714405,0.0,0.0,0.0,0.0,0.0,0.0,0.0,0.0,0.0,0.0,0.0,0.0,0.0,0.0,0.0,0.0
2458330.5171005665,0.0,0.0,0.0,0.0,0.0,0.0,0.0,0.0,0.0,0.0,0.0,0.0,0.0,0.0,0.0,0.0
2458331.5922895693,0.0,0.0,0.0,0.0,0.0,0.0,0.0,0.0,0.0,0.0,0.0,0.0,0.0,0.0,0.0,0.0
2458331.64932692,0.0,0.0,0.0,0.0,0.0,0.0,0.0,0.0,0.0,0.0,0.0,0.0,0.0,0.0,0.0,0.0
2458333.5787552414,0.0,0.0,0.0,0.0,0.0,0.0,0.0,0.0,0.0,0.0,0.0,0.0,0.0,0.0,0.0,0.0
2458335.5151353283,0.0,0.0,0.0,0.0,0.0,0.0,0.0,0.0,0.0,0.0,0.0,0.0,0.0,0.0,0.0,0.0
2458339.501819744,0.0,0.0,0.0,0.0,0.0,0.0,0.0,0.0,0.0,0.0,0.0,0.0,0.0,0.0,0.0,0.0
2458340.589167612,0.0,0.0,0.0,0.0,0.0,0.0,0.0,0.0,0.0,0.0,0.0,0.0,0.0,0.0,0.0,0.0
2458366.5626248294,0.0,0.0,0.0,0.0,0.0,0.0,0.0,0.0,0.0,0.0,0.0,0.0,0.0,0.0,0.0,0.0
2458670.552940308,0.0,0.0,0.0,0.0,0.0,0.0,0.0,0.0,0.0,0.0,0.0,0.0,0.0,0.0,0.0,0.0
2458671.548511097,0.0,0.0,0.0,0.0,0.0,0.0,0.0,0.0,0.0,0.0,0.0,0.0,0.0,0.0,0.0,0.0
2458671.6275488595,0.0,0.0,0.0,0.0,0.0,0.0,0.0,0.0,0.0,0.0,0.0,0.0,0.0,0.0,0.0,0.0
2458672.7370745023,0.0,0.0,0.0,0.0,0.0,0.0,0.0,0.0,0.0,0.0,0.0,0.0,0.0,0.0,0.0,0.0
2458685.62081297,0.0,0.0,0.0,0.0,0.0,0.0,0.0,0.0,0.0,0.0,0.0,0.0,0.0,0.0,0.0,0.0
2458690.6214458174,0.0,0.0,0.0,0.0,0.0,0.0,0.0,0.0,0.0,0.0,0.0,0.0,0.0,0.0,0.0,0.0
2458691.565042328,0.0,0.0,0.0,0.0,0.0,0.0,0.0,0.0,0.0,0.0,0.0,0.0,0.0,0.0,0.0,0.0
2458692.489750894,0.0,0.0,0.0,0.0,0.0,0.0,0.0,0.0,0.0,0.0,0.0,0.0,0.0,0.0,0.0,0.0
2458692.578948617,0.0,0.0,0.0,0.0,0.0,0.0,0.0,0.0,0.0,0.0,0.0,0.0,0.0,0.0,0.0,0.0
2458696.503214508,0.0,0.0,0.0,0.0,0.0,0.0,0.0,0.0,0.0,0.0,0.0,0.0,0.0,0.0,0.0,0.0
2458698.6001349757,0.0,0.0,0.0,0.0,0.0,0.0,0.0,0.0,0.0,0.0,0.0,0.0,0.0,0.0,0.0,0.0
2458699.647006623,0.0,0.0,0.0,0.0,0.0,0.0,0.0,0.0,0.0,0.0,0.0,0.0,0.0,0.0,0.0,0.0
2458715.583164916,0.0,0.0,0.0,0.0,0.0,0.0,0.0,0.0,0.0,0.0,0.0,0.0,0.0,0.0,0.0,0.0
2458718.517323599,0.0,0.0,0.0,0.0,0.0,0.0,0.0,0.0,0.0,0.0,0.0,0.0,0.0,0.0,0.0,0.0
2458718.519570709,0.0,0.0,0.0,0.0,0.0,0.0,0.0,0.0,0.0,0.0,0.0,0.0,0.0,0.0,0.0,0.0
2458724.5687172613,0.0,0.0,0.0,0.0,0.0,0.0,0.0,0.0,0.0,0.0,0.0,0.0,0.0,0.0,0.0,0.0
2457925.545794676,1680.0880413348912,0.7619461278295214,1414.8563381231536,1.517796801640874,1414.8563381231536,1.517796801640874,16.29166236749136,0.0706078420117689,1.52075888895586,2.716292596868882e-09,13.0,1650.02001953125,39.85291440180932,410.2604188519904,670.1898438232879,0.0
2457872.8842171347,1679.0356518309934,0.7198030798720005,1413.6750226123197,1.4855537709757285,1413.6750226123197,1.4855537709757285,16.278099623273757,0.0705174535369664,1.9588019311551068,3.486934213312474e-09,13.0,1832.8989990234377,45.78014901171239,410.2604188519904,670.1898438232879,0.0
2457925.508507837,1687.4274761969555,5.17391788220407,1423.0949115897304,5.95343588425335,1423.0949115897304,5.95343588425335,16.386249853747433,0.0967145575854496,0.0888830685439108,4.170465112200272e-09,13.0,1126.440869140625,20.63309832612896,410.2604188519904,670.1898438232879,4.0
2457873.724371676,1679.9305852201423,0.7134089648014633,1414.6795923936113,1.4868517152097385,1414.6795923936113,1.4868517152097385,16.28963314066809,0.0705210082816153,1.9422456012562943,2.8816208478074524e-09,13.0,1852.6291748046876,42.831334692930845,410.2604188519904,670.1898438232879,0.0
2457925.643029889,1679.6174906085462,1.3745616372694762,1414.3281412249455,1.9861313130762281,1414.3281412249455,1.9861313130762281,16.285598111700907,0.0721233676124227,0.4004729036536885,2.860721359605603e-09,13.0,1221.5688720703124,25.45080403904932,410.2604188519904,670.1898438232879,4.0
2457874.91860366,1678.2115643674588,0.719956463414269,1412.749977940786,1.4809780298034105,1412.749977940786,1.4809780298034105,16.267479137760112,0.070504813297279,1.9261541357458036,3.4454780569649143e-09,13.0,2268.57529296875,46.31216449884209,410.2604188519904,670.1898438232879,0.0
2457925.670795958,1660.5622413192668,14.12385044609395,1392.9384737445366,15.895714345129322,1392.9384737445366,15.895714345129322,16.040022237791057,0.1949052520632073,0.0267495159188038,1.6903323879121376e-09,13.0,793.0112670898438,23.27716922395218,410.2604188519904,670.1898438232879,4.0
2457889.8991530123,1675.6756918834924,0.9497410788618175,1409.9034410951472,1.6236095577103928,1409.9034410951472,1.6236095577103928,16.23479790163876,0.0709176912696991,1.7064384450477812,3.181643735274855e-09,13.0,9595.38203125,76.93539568619371,410.2604188519904,670.1898438232879,0.0
2457925.715946326,1683.3530091081027,2.0431312089812126,1418.521290176158,2.6251949419159546,1418.521290176158,2.6251949419159546,16.333739870756837,0.074767636295302,0.1988041176491462,3.952253004241741e-09,13.0,1019.3094970703124,17.379089780316914,410.2604188519904,670.1898438232879,4.0
2457890.7727167187,1675.645188625111,0.7667548859937148,1409.8692009472522,1.4966196831647274,1409.8692009472522,1.4966196831647274,16.234404788737418,0.0705484891877667,1.8876274173077123,4.171572895244766e-09,13.0,6761.56630859375,57.18343418578722,410.2604188519904,670.1898438232879,0.0
2457925.7680382943,1680.469890361624,1.3287710080503328,1415.2849666645866,1.9502923535678391,1415.2849666645866,1.9502923535678391,16.29658347384992,0.0719942867604355,0.6333837166062941,2.624867735505097e-09,13.0,1449.757495117187,40.809325087619285,410.2604188519904,670.1898438232879,4.0
2457893.683691638,1677.4953173292504,0.7336024568561079,1411.945984996452,1.4854321531687202,1411.945984996452,1.4854321531687202,16.2582484533606,0.0705172051968796,1.8230566384452984,2.508793653708736e-09,13.0,1920.64169921875,47.03054696586509,410.2604188519904,670.1898438232879,0.0
2457957.6724166176,1680.81846157172,0.989682685956664,1415.6762405946213,1.6790621363606852,1415.6762405946213,1.6790621363606852,16.301075709991245,0.0710873939507961,0.591417325647896,4.065567550235393e-09,13.0,528.2478393554687,23.283539699649435,410.2604188519904,670.1898438232879,0.0
2457894.846685908,1677.5159741026914,0.8178384779155445,1411.9691723874125,1.5399720970990811,1411.9691723874125,1.5399720970990811,16.258514668990365,0.0706712541732196,1.916242281130329,2.233958620797758e-09,13.0,1794.5917236328123,63.69786074367489,410.2604188519904,670.1898438232879,0.0
2457957.7820219686,1678.4229147494896,1.0485640474110038,1412.987220410032,1.711455547606175,1412.987220410032,1.711455547606175,16.270202930767507,0.0711892830713586,0.5293061908792884,3.9802935710834566e-09,13.0,525.6058715820313,23.73792287565372,410.2604188519904,670.1898438232879,0.0
2457895.723393817,1681.1339531124652,0.8807470385864962,1416.0303823351474,1.6025492028710528,1416.0303823351474,1.6025492028710528,16.3051416295525,0.0708542049239392,1.3493745932058034,1.6649830348316935e-09,13.0,1708.5066162109374,47.68273834465327,410.2604188519904,670.1898438232879,0.0
2457958.790465685,1679.2316207898882,0.92366037922104,1413.8949993128897,1.6224547736273838,1413.8949993128897,1.6224547736273838,16.280625187101812,0.070913999840833,0.6055329518589097,2.2277557574819674e-09,13.0,637.7444580078125,21.48645042901575,410.2604188519904,670.1898438232879,0.0
2457917.5718970187,1677.7203226984982,1.0354396763683436,1412.1985552964493,1.6979367526144908,1412.1985552964493,1.6979367526144908,16.26114822598222,0.0711466397110348,1.6942609467539032,3.382689284575486e-09,13.0,10881.815234375,84.47323608952291,410.2604188519904,670.1898438232879,0.0
2457959.4884785367,1680.5169337015025,0.8963771011807413,1415.3377731842966,1.610016261329772,1415.3377731842966,1.610016261329772,16.297189748222237,0.0708765492202177,0.6321041954401566,2.7680864731558304e-09,13.0,631.9162353515625,20.64235200475421,410.2604188519904,670.1898438232879,0.0
2457917.616974608,1674.8808210756415,1.0757109874042698,1409.0111923498432,1.716242306410845,1409.0111923498432,1.716242306410845,16.224553947843145,0.0712046801312754,1.716307440356657,3.863361522703903e-09,13.0,11030.796484375,94.26720811345884,410.2604188519904,670.1898438232879,0.0
2457959.654937097,1681.1782098093015,0.8871983380716089,1416.0800608260831,1.6072746659591306,1416.0800608260831,1.6072746659591306,16.305711990865383,0.0708683099810408,0.6477731534577257,3.635469193030015e-09,13.0,548.105322265625,20.36457745599116,410.2604188519904,670.1898438232879,0.0
2457917.6290966566,1674.335622731663,0.9412495449839611,1408.3992029126268,1.611095960678718,1408.3992029126268,1.611095960678718,16.21752766559702,0.0708801444704161,1.7173351417886351,2.7597396284950996e-09,13.0,10999.073828125,78.12514697198489,410.2604188519904,670.1898438232879,0.0
2457959.727932119,1677.540626246205,0.8932366361638716,1411.9968446127627,1.5920030911396887,1411.9968446127627,1.5920030911396887,16.25883237523473,0.0708230642642231,0.6219554436494917,2.0826962892352067e-09,13.0,566.3792846679687,21.568758471582644,410.2604188519904,670.1898438232879,0.0
2457917.684207624,1675.9201532925244,1.0993681264700494,1410.177850953113,1.73960293145946,1410.177850953113,1.73960293145946,16.23794841535017,0.0712793033020902,1.71907497148873,3.972718349720953e-09,13.0,10903.5080078125,95.9010714281918,410.2604188519904,670.1898438232879,0.0
2457960.4675069824,1681.021228093699,1.2710301714497398,1415.903847613319,1.9037620822295847,1415.903847613319,1.9037620822295847,16.30368887789467,0.0718299008546494,0.6133791065283843,4.0900212964154996e-09,13.0,1619.864599609375,36.71610903298815,410.2604188519904,670.1898438232879,0.0
2457917.709011806,1678.7879880407638,1.0291021584255915,1413.3970180562249,1.6983121460092383,1413.3970180562249,1.6983121460092383,16.27490783864801,0.0711477593397598,1.737593671887982,4.126039781035884e-09,13.0,10887.9853515625,84.48787828965003,410.2604188519904,670.1898438232879,0.0
2457960.4746388923,1682.6194103312305,1.1310771040605994,1417.6978197684439,1.7972144633083431,1417.6978197684439,1.7972144633083431,16.324285564597165,0.0714670821175121,0.4953406522150036,2.1730155815108596e-09,13.0,863.2052368164063,23.04283077779137,410.2604188519904,670.1898438232879,0.0
2457917.7645391044,1677.2224548905779,0.8035208541985207,1411.6396947589164,1.5288895259453252,1411.6396947589164,1.5288895259453252,16.25473191936951,0.0706395460949374,1.7096051556870575,3.653651682085025e-09,13.0,5523.66533203125,55.20033022089378,410.2604188519904,670.1898438232879,0.0
2457960.595935764,1679.7782294173703,0.9046874836012463,1414.508571804454,1.611851471838111,1414.508571804454,1.611851471838111,16.287669644476416,0.0708820886713685,0.6714576338378231,1.7206607330668923e-09,13.0,546.4364135742188,23.176776244683904,410.2604188519904,670.1898438232879,0.0
2457917.806207211,1674.891738089239,1.0253620914256099,1409.0234467836312,1.677008700904242,1409.0234467836312,1.677008700904242,16.224694641628563,0.0710813476108746,1.7167881332518542,3.4117355450082718e-09,13.0,11168.3802734375,88.10973660684293,410.2604188519904,670.1898438232879,0.0
2457960.602890779,1678.6105361394689,0.8130154710878419,1413.1978268987189,1.5426320092381036,1413.1978268987189,1.5426320092381036,16.27262091471036,0.0706788369353568,0.6907797203644407,4.127085782155762e-09,13.0,559.9707153320312,18.99712275240493,410.2604188519904,670.1898438232879,0.0
2457917.8513232307,1674.4551630452,0.9866474020732047,1408.533387856536,1.645503612973346,1408.533387856536,1.645503612973346,16.21906824984856,0.0709842512152661,1.6942623980774516,4.158707488665493e-09,13.0,11495.8189453125,82.69017014874183,410.2604188519904,670.1898438232879,0.0
2457960.7587699327,1679.443130484559,0.9902364078358431,1414.1324206118313,1.6722851560041982,1414.1324206118313,1.6722851560041982,16.283351033262143,0.0710664107647517,0.6843861744887045,2.695738502276871e-09,13.0,565.6520874023438,28.659531276039026,410.2604188519904,670.1898438232879,0.0
2457918.52859258,1677.175346711831,0.710794508642557,1411.586815457067,1.469630635088743,1411.586815457067,1.469630635088743,16.25412480938169,0.0704735686093893,1.405544525056068,4.113068596513031e-09,13.0,1966.6412353515625,32.43776254026872,410.2604188519904,670.1898438232879,0.0
2457960.786915736,1675.636591584798,0.8197558471504086,1409.8595507017576,1.5315642816146453,1409.8595507017576,1.5315642816146453,16.2342939937719,0.0706472776535909,0.6508916687204287,3.9343071619414094e-09,13.0,641.3655029296875,19.4559390684976,410.2604188519904,670.1898438232879,0.0
2457918.69531597,1675.5458979080515,1.0778577327067866,1409.757746334953,1.7208793011627468,1409.757746334953,1.7208793011627468,16.233125172593695,0.0712193908097276,1.3333390083084902,3.1675760314805787e-09,13.0,6200.759082031251,72.30943775359022,410.2604188519904,670.1898438232879,0.0
2457961.470934918,1674.3764175511183,1.2760185925336736,1408.444995418924,1.8792326789747449,1408.444995418924,1.8792326789747449,16.21805341172013,0.0717450891408423,0.5911488145840547,3.081449822848124e-09,13.0,978.98701171875,39.03905356452277,410.2604188519904,670.1898438232879,0.0
2457918.8202344025,1657.2867815124782,2.185838384807792,1389.2617443011668,2.7047616637192293,1389.2617443011668,2.7047616637192293,15.997809517700263,0.0751421275563941,0.555462023740056,3.9637811079670336e-09,13.0,10480.5494140625,84.94440077075772,410.2604188519904,670.1898438232879,4.0
2457961.56121768,1679.011632623097,0.8925062525241548,1413.6480608621864,1.5991612136964077,1413.6480608621864,1.5991612136964077,16.277790074031955,0.0708442333835658,0.68963329379443,3.768203506730847e-09,13.0,646.8701293945312,23.70981349080774,410.2604188519904,670.1898438232879,0.0
2457918.8374368995,1662.8285102239452,2.509635274177167,1395.4823784479775,3.0456865787019134,1395.4823784479775,3.0456865787019134,16.069228938702288,0.0768420460443085,0.5894615823442196,3.441685358500402e-09,13.0,10642.3291015625,98.4078734344009,410.2604188519904,670.1898438232879,4.0
2457961.599624541,1680.4426225871211,0.9798018033028765,1415.2543583728411,1.6697475522549403,1415.2543583728411,1.6697475522549403,16.296232058476058,0.0710584891667985,0.5466609928892368,4.154408176632779e-09,13.0,617.947119140625,20.683135411647125,410.2604188519904,670.1898438232879,0.0
2457918.8791044634,-881866.1317485251,-881866.1317485251,-881866.1317485251,-881866.1317485251,-881866.1317485251,-881866.1317485251,0.0,0.0,-9999.99,-9999.99,13.0,-9999.99,-9999.99,-9999.99,-9999.99,5.0
2457961.644529401,1679.880352594808,1.2759393526962202,1414.623205875846,1.9026053031405683,1414.623205875846,1.9026053031405683,16.288985764153722,0.0718259234919797,0.4328479133858573,1.955301487499044e-09,13.0,605.8630249023438,24.999280748418467,410.2604188519904,670.1898438232879,0.0
2457919.657867042,1674.9088900770032,2.634535367577668,1409.0427000250536,3.19897061939555,1409.0427000250536,3.19897061939555,16.22491568908487,0.0776579731072536,0.2192454736136851,2.915365740768186e-09,13.0,3943.738232421875,31.550400034458093,410.2604188519904,670.1898438232879,4.0
2457919.6739402525,1665.4975339336813,2.9238219068179943,1398.478378593761,3.4840431503205243,1398.478378593761,3.4840431503205243,16.103626170669944,0.079258897738311,0.196894473411735,2.8059048225918927e-09,13.0,4809.8197265625,35.465112838277626,410.2604188519904,670.1898438232879,4.0
2457919.722388083,1689.4472268203335,8.024013469007205,1425.3620975798774,9.10400651295187,1425.3620975798774,9.10400651295187,16.412279532860328,0.1249276287716017,0.1274532339354229,3.501322451006097e-09,13.0,6974.115234375,51.15471846726012,410.2604188519904,670.1898438232879,4.0
2457919.754151633,1702.0759019795914,7.465163443616112,1439.5378849586639,8.502357989022434,1439.5378849586639,8.502357989022434,16.575032477808833,0.1192079938140086,0.1330909618332348,2.933438365464477e-09,13.0,7834.87666015625,43.020786183645534,410.2604188519904,670.1898438232879,4.0
2457920.8393583377,0.0,0.0,0.0,0.0,0.0,0.0,0.0,0.0,0.0,0.0,13.0,0.0,0.0,0.0,0.0,5.0
2457920.878733733,1667.245721318479,13.953988302854976,1400.4407327087126,15.707650800717493,1400.4407327087126,15.707650800717493,16.126156059324895,0.1928848327710631,0.047033434552787,4.018352668449699e-09,13.0,7317.6734375,40.88316799767586,410.2604188519904,670.1898438232879,6.0
2457923.5475267908,1680.7834737149622,0.789681949094766,1415.6369664497106,1.5395504675136822,1415.6369664497106,1.5395504675136822,16.300624801510907,0.0706698566585374,1.6830132455276063,3.6168684958389367e-09,13.0,2069.19423828125,47.95205943082666,410.2604188519904,670.1898438232879,0.0
2457923.7423015493,1678.2275572054134,0.7242096884521753,1412.7679300274108,1.4836782801468644,1412.7679300274108,1.4836782801468644,16.267685246591185,0.0705122952681032,1.65815725908408,4.115531601504242e-09,13.0,1750.329907226563,39.99971681134759,410.2604188519904,670.1898438232879,0.0
2457923.8251690078,1679.0828723311872,0.7218975839853164,1413.7280279958782,1.4871039828169044,1413.7280279958782,1.4871039828169044,16.278708180812178,0.0705217576773634,1.6692938117365066,3.863489240502421e-09,13.0,1756.674072265625,38.853259232598425,410.2604188519904,670.1898438232879,0.0
2457923.834044492,1677.4919694578384,0.6893944930813206,1411.94222698441,1.4584885514391432,1411.94222698441,1.4584885514391432,16.25820530743081,0.0704430319457119,1.6672292491402216,3.432405624351249e-09,13.0,1781.1314697265625,34.86591047124546,410.2604188519904,670.1898438232879,0.0
2457923.876467616,1675.7270565068877,0.7484658407638178,1409.9610982896545,1.4853335618391288,1409.9610982896545,1.4853335618391288,16.235459866858243,0.0705170366185756,1.5921445108693393,3.696869240603879e-09,13.0,1996.3009765625,44.989832853617,410.2604188519904,670.1898438232879,0.0
2457924.6777271274,1681.4590892527322,0.6343033773650373,1416.3953502146308,1.4503713844307748,1416.3953502146308,1.4503713844307748,16.3093318445727,0.0704207108836283,0.999992201106114,2.136192758942877e-09,13.0,1414.0255126953125,0.0389291844215787,410.2604188519904,670.1898438232879,0.0
2457924.785151554,1680.714686045094,0.8341343238031825,1415.5597517482443,1.5684203074667629,1415.5597517482443,1.5684203074667629,16.299738295546813,0.070753490762156,1.2381943939561184,2.0176395856293e-09,13.0,1643.5494873046875,39.1066812862303,410.2604188519904,670.1898438232879,0.0
2457924.879134137,1677.5509618075612,0.7954626011912501,1412.0084463618277,1.5253191799716295,1412.0084463618277,1.5253191799716295,16.258965575513237,0.0706293520161481,1.4071689711573254,3.13010221429083e-09,13.0,2196.928466796875,43.49453970598304,410.2604188519904,670.1898438232879,0.0
2457925.827111456,1678.5690918804373,1.5297384378477166,1413.1513053913807,2.12007799248586,1413.1513053913807,2.12007799248586,16.27208679888874,0.072624295878959,0.2921401404778816,3.9673905405182376e-09,13.0,1354.059399414063,20.45124434559356,410.2604188519904,670.1898438232879,4.0
2457957.623866266,1674.183284615044,1.1908184758216651,1408.2282021763147,1.8066096306408792,1408.2282021763147,1.8066096306408792,16.21556439733689,0.0714987815036822,0.5083128481493874,3.9499213032639856e-09,13.0,571.804248046875,29.86728119622841,410.2604188519904,670.1898438232879,0.0
2457957.661142568,1680.704649753429,0.8779181646473521,1415.5484859317648,1.5981912897719728,1415.5484859317648,1.5981912897719728,16.299608952127628,0.0708412528455677,0.583770754288737,2.686264079084409e-09,13.0,533.2897827148438,17.392154322054225,410.2604188519904,670.1898438232879,0.0
2458667.064288003,0.0,0.0,0.0,0.0,0.0,0.0,0.0,0.0,0.0,0.0,0.0,0.0,0.0,0.0,0.0,0.0
2458667.076156004,0.0,0.0,0.0,0.0,0.0,0.0,0.0,0.0,0.0,0.0,0.0,0.0,0.0,0.0,0.0,0.0
2458667.088008404,0.0,0.0,0.0,0.0,0.0,0.0,0.0,0.0,0.0,0.0,0.0,0.0,0.0,0.0,0.0,0.0
2458667.0998631534,0.0,0.0,0.0,0.0,0.0,0.0,0.0,0.0,0.0,0.0,0.0,0.0,0.0,0.0,0.0,0.0
2458667.1117123645,0.0,0.0,0.0,0.0,0.0,0.0,0.0,0.0,0.0,0.0,0.0,0.0,0.0,0.0,0.0,0.0
2458667.060334397,1656.1279727041892,0.6978476362728828,1560.5123037525057,1.7777723954825009,1560.5123037525057,1.7777723954825009,17.798653430905425,0.0204895236613446,0.9767990198352868,6.0760684048316385e-09,13.0,1305.950927734375,37.16410595388533,408.7581421712232,679.7825537874464,0.0
2458667.072207451,1655.7468713728172,0.7569842173424083,1560.1110359379766,1.8003530935102168,1560.1110359379766,1.8003530935102168,17.794044595304786,0.020748244005937,0.9878182503241112,5.902484663311166e-09,13.0,1280.5133422851563,41.27646066140082,408.7581421712232,679.7825537874464,0.0
2458667.0840552254,1657.332777453272,0.1582934619215307,1561.7808623451963,1.6415994227106232,1561.7808623451963,1.6415994227106232,17.813223694933086,0.0189304811339234,0.9999968148100232,5.932222226248468e-09,13.0,1251.18173828125,0.0596050802947509,408.7581421712232,679.7825537874464,0.0
2458667.095901708,1657.7119116140757,0.885032040546463,1562.1800588937115,1.8841955088610713,1562.1800588937115,1.8841955088610713,17.817808740625356,0.0217069399912654,0.9936501697425404,6.456941581621669e-09,13.0,1264.5085571289062,47.8918272468085,408.7581421712232,679.7825537874464,0.0
2458667.1077680383,1656.5508716470729,0.7136749578354726,1560.9575809546768,1.7892718448999716,1560.9575809546768,1.7892718448999716,17.80376774445665,0.0206208775968642,0.9824230033949768,6.7083775302151144e-09,13.0,1326.472058105469,38.219590222928616,408.7581421712232,679.7825537874464,0.0
2457961.102907989,0.0,0.0,0.0,0.0,0.0,0.0,0.0,0.0,0.0,0.0,0.0,0.0,0.0,0.0,0.0,0.0
2458667.056375964,0.0,0.0,0.0,0.0,0.0,0.0,0.0,0.0,0.0,0.0,0.0,0.0,0.0,0.0,0.0,0.0
2457961.092487512,0.0,0.0,0.0,0.0,0.0,0.0,0.0,0.0,0.0,0.0,0.0,0.0,0.0,0.0,0.0,0.0
2458667.068244759,0.0,0.0,0.0,0.0,0.0,0.0,0.0,0.0,0.0,0.0,0.0,0.0,0.0,0.0,0.0,0.0
2457961.154997666,0.0,0.0,0.0,0.0,0.0,0.0,0.0,0.0,0.0,0.0,0.0,0.0,0.0,0.0,0.0,0.0
2458667.080103366,0.0,0.0,0.0,0.0,0.0,0.0,0.0,0.0,0.0,0.0,0.0,0.0,0.0,0.0,0.0,0.0
2457961.859800487,0.0,0.0,0.0,0.0,0.0,0.0,0.0,0.0,0.0,0.0,0.0,0.0,0.0,0.0,0.0,0.0
2458667.0919504,0.0,0.0,0.0,0.0,0.0,0.0,0.0,0.0,0.0,0.0,0.0,0.0,0.0,0.0,0.0,0.0
2457961.932771697,0.0,0.0,0.0,0.0,0.0,0.0,0.0,0.0,0.0,0.0,0.0,0.0,0.0,0.0,0.0,0.0
2458667.10381651,0.0,0.0,0.0,0.0,0.0,0.0,0.0,0.0,0.0,0.0,0.0,0.0,0.0,0.0,0.0,0.0
2457918.0544062774,0.0,0.0,0.0,0.0,0.0,0.0,0.0,0.0,0.0,0.0,0.0,0.0,0.0,0.0,0.0,0.0
2457918.1950666616,0.0,0.0,0.0,0.0,0.0,0.0,0.0,0.0,0.0,0.0,0.0,0.0,0.0,0.0,0.0,0.0
2457918.2437122758,0.0,0.0,0.0,0.0,0.0,0.0,0.0,0.0,0.0,0.0,0.0,0.0,0.0,0.0,0.0,0.0
2457918.281545358,0.0,0.0,0.0,0.0,0.0,0.0,0.0,0.0,0.0,0.0,0.0,0.0,0.0,0.0,0.0,0.0
2457919.188215997,0.0,0.0,0.0,0.0,0.0,0.0,0.0,0.0,0.0,0.0,0.0,0.0,0.0,0.0,0.0,0.0
2457919.2159212544,0.0,0.0,0.0,0.0,0.0,0.0,0.0,0.0,0.0,0.0,0.0,0.0,0.0,0.0,0.0,0.0
2457919.257568409,0.0,0.0,0.0,0.0,0.0,0.0,0.0,0.0,0.0,0.0,0.0,0.0,0.0,0.0,0.0,0.0
2457920.058972657,0.0,0.0,0.0,0.0,0.0,0.0,0.0,0.0,0.0,0.0,0.0,0.0,0.0,0.0,0.0,0.0
2457920.129116964,0.0,0.0,0.0,0.0,0.0,0.0,0.0,0.0,0.0,0.0,0.0,0.0,0.0,0.0,0.0,0.0
2457920.1917839805,0.0,0.0,0.0,0.0,0.0,0.0,0.0,0.0,0.0,0.0,0.0,0.0,0.0,0.0,0.0,0.0
2457920.209164163,0.0,0.0,0.0,0.0,0.0,0.0,0.0,0.0,0.0,0.0,0.0,0.0,0.0,0.0,0.0,0.0
2457921.077040384,0.0,0.0,0.0,0.0,0.0,0.0,0.0,0.0,0.0,0.0,0.0,0.0,0.0,0.0,0.0,0.0
2457921.090470438,0.0,0.0,0.0,0.0,0.0,0.0,0.0,0.0,0.0,0.0,0.0,0.0,0.0,0.0,0.0,0.0
2457925.043812232,0.0,0.0,0.0,0.0,0.0,0.0,0.0,0.0,0.0,0.0,0.0,0.0,0.0,0.0,0.0,0.0
2457927.931231646,0.0,0.0,0.0,0.0,0.0,0.0,0.0,0.0,0.0,0.0,0.0,0.0,0.0,0.0,0.0,0.0
2457927.966925558,0.0,0.0,0.0,0.0,0.0,0.0,0.0,0.0,0.0,0.0,0.0,0.0,0.0,0.0,0.0,0.0
2457928.028538984,0.0,0.0,0.0,0.0,0.0,0.0,0.0,0.0,0.0,0.0,0.0,0.0,0.0,0.0,0.0,0.0
2457957.8564394726,0.0,0.0,0.0,0.0,0.0,0.0,0.0,0.0,0.0,0.0,0.0,0.0,0.0,0.0,0.0,0.0
2457958.09252814,0.0,0.0,0.0,0.0,0.0,0.0,0.0,0.0,0.0,0.0,0.0,0.0,0.0,0.0,0.0,0.0
2457958.8951746845,0.0,0.0,0.0,0.0,0.0,0.0,0.0,0.0,0.0,0.0,0.0,0.0,0.0,0.0,0.0,0.0
2457958.9154650806,0.0,0.0,0.0,0.0,0.0,0.0,0.0,0.0,0.0,0.0,0.0,0.0,0.0,0.0,0.0,0.0
2457959.0302013746,0.0,0.0,0.0,0.0,0.0,0.0,0.0,0.0,0.0,0.0,0.0,0.0,0.0,0.0,0.0,0.0
2457959.075158868,0.0,0.0,0.0,0.0,0.0,0.0,0.0,0.0,0.0,0.0,0.0,0.0,0.0,0.0,0.0,0.0
2457960.0429078573,0.0,0.0,0.0,0.0,0.0,0.0,0.0,0.0,0.0,0.0,0.0,0.0,0.0,0.0,0.0,0.0
2457960.0578549034,0.0,0.0,0.0,0.0,0.0,0.0,0.0,0.0,0.0,0.0,0.0,0.0,0.0,0.0,0.0,0.0
2457960.0994971413,0.0,0.0,0.0,0.0,0.0,0.0,0.0,0.0,0.0,0.0,0.0,0.0,0.0,0.0,0.0,0.0
2457960.15809082,0.0,0.0,0.0,0.0,0.0,0.0,0.0,0.0,0.0,0.0,0.0,0.0,0.0,0.0,0.0,0.0
2457960.8534526937,0.0,0.0,0.0,0.0,0.0,0.0,0.0,0.0,0.0,0.0,0.0,0.0,0.0,0.0,0.0,0.0
2457960.9082133346,0.0,0.0,0.0,0.0,0.0,0.0,0.0,0.0,0.0,0.0,0.0,0.0,0.0,0.0,0.0,0.0
2457961.016264793,0.0,0.0,0.0,0.0,0.0,0.0,0.0,0.0,0.0,0.0,0.0,0.0,0.0,0.0,0.0,0.0
2457936.9625569247,0.0,0.0,0.0,0.0,0.0,0.0,0.0,0.0,0.0,0.0,0.0,0.0,0.0,0.0,0.0,0.0
2458580.2239173013,0.0,0.0,0.0,0.0,0.0,0.0,0.0,0.0,0.0,0.0,0.0,0.0,0.0,0.0,0.0,0.0
2457934.122537027,0.0,0.0,0.0,0.0,0.0,0.0,0.0,0.0,0.0,0.0,0.0,0.0,0.0,0.0,0.0,0.0
2458585.170564867,0.0,0.0,0.0,0.0,0.0,0.0,0.0,0.0,0.0,0.0,0.0,0.0,0.0,0.0,0.0,0.0
2457937.0563059305,0.0,0.0,0.0,0.0,0.0,0.0,0.0,0.0,0.0,0.0,0.0,0.0,0.0,0.0,0.0,0.0
2458586.1679184963,0.0,0.0,0.0,0.0,0.0,0.0,0.0,0.0,0.0,0.0,0.0,0.0,0.0,0.0,0.0,0.0
2457938.938438536,0.0,0.0,0.0,0.0,0.0,0.0,0.0,0.0,0.0,0.0,0.0,0.0,0.0,0.0,0.0,0.0
2458587.165161679,0.0,0.0,0.0,0.0,0.0,0.0,0.0,0.0,0.0,0.0,0.0,0.0,0.0,0.0,0.0,0.0
2457939.078512546,0.0,0.0,0.0,0.0,0.0,0.0,0.0,0.0,0.0,0.0,0.0,0.0,0.0,0.0,0.0,0.0
2458591.154711792,0.0,0.0,0.0,0.0,0.0,0.0,0.0,0.0,0.0,0.0,0.0,0.0,0.0,0.0,0.0,0.0
2457939.923857785,0.0,0.0,0.0,0.0,0.0,0.0,0.0,0.0,0.0,0.0,0.0,0.0,0.0,0.0,0.0,0.0
2458603.191183506,0.0,0.0,0.0,0.0,0.0,0.0,0.0,0.0,0.0,0.0,0.0,0.0,0.0,0.0,0.0,0.0
2457941.974876046,0.0,0.0,0.0,0.0,0.0,0.0,0.0,0.0,0.0,0.0,0.0,0.0,0.0,0.0,0.0,0.0
2458610.1682757377,0.0,0.0,0.0,0.0,0.0,0.0,0.0,0.0,0.0,0.0,0.0,0.0,0.0,0.0,0.0,0.0
2457942.215405522,0.0,0.0,0.0,0.0,0.0,0.0,0.0,0.0,0.0,0.0,0.0,0.0,0.0,0.0,0.0,0.0
2458611.155641441,0.0,0.0,0.0,0.0,0.0,0.0,0.0,0.0,0.0,0.0,0.0,0.0,0.0,0.0,0.0,0.0
2457942.8828340285,0.0,0.0,0.0,0.0,0.0,0.0,0.0,0.0,0.0,0.0,0.0,0.0,0.0,0.0,0.0,0.0
2458616.2558833933,0.0,0.0,0.0,0.0,0.0,0.0,0.0,0.0,0.0,0.0,0.0,0.0,0.0,0.0,0.0,0.0
2457943.1793097504,0.0,0.0,0.0,0.0,0.0,0.0,0.0,0.0,0.0,0.0,0.0,0.0,0.0,0.0,0.0,0.0
2458618.082963518,0.0,0.0,0.0,0.0,0.0,0.0,0.0,0.0,0.0,0.0,0.0,0.0,0.0,0.0,0.0,0.0
2457944.9861494647,0.0,0.0,0.0,0.0,0.0,0.0,0.0,0.0,0.0,0.0,0.0,0.0,0.0,0.0,0.0,0.0
2458619.0802510246,0.0,0.0,0.0,0.0,0.0,0.0,0.0,0.0,0.0,0.0,0.0,0.0,0.0,0.0,0.0,0.0
2457946.1463383017,0.0,0.0,0.0,0.0,0.0,0.0,0.0,0.0,0.0,0.0,0.0,0.0,0.0,0.0,0.0,0.0
2458630.1831860854,0.0,0.0,0.0,0.0,0.0,0.0,0.0,0.0,0.0,0.0,0.0,0.0,0.0,0.0,0.0,0.0
2457947.989530697,0.0,0.0,0.0,0.0,0.0,0.0,0.0,0.0,0.0,0.0,0.0,0.0,0.0,0.0,0.0,0.0
2458631.087592088,0.0,0.0,0.0,0.0,0.0,0.0,0.0,0.0,0.0,0.0,0.0,0.0,0.0,0.0,0.0,0.0
2457948.1289136466,0.0,0.0,0.0,0.0,0.0,0.0,0.0,0.0,0.0,0.0,0.0,0.0,0.0,0.0,0.0,0.0
2458639.0266503035,0.0,0.0,0.0,0.0,0.0,0.0,0.0,0.0,0.0,0.0,0.0,0.0,0.0,0.0,0.0,0.0
2457948.172270147,0.0,0.0,0.0,0.0,0.0,0.0,0.0,0.0,0.0,0.0,0.0,0.0,0.0,0.0,0.0,0.0
2458641.173491283,0.0,0.0,0.0,0.0,0.0,0.0,0.0,0.0,0.0,0.0,0.0,0.0,0.0,0.0,0.0,0.0
2457956.0104826195,0.0,0.0,0.0,0.0,0.0,0.0,0.0,0.0,0.0,0.0,0.0,0.0,0.0,0.0,0.0,0.0
2458642.0284965187,0.0,0.0,0.0,0.0,0.0,0.0,0.0,0.0,0.0,0.0,0.0,0.0,0.0,0.0,0.0,0.0
2457957.1453660387,0.0,0.0,0.0,0.0,0.0,0.0,0.0,0.0,0.0,0.0,0.0,0.0,0.0,0.0,0.0,0.0
2458647.005110478,0.0,0.0,0.0,0.0,0.0,0.0,0.0,0.0,0.0,0.0,0.0,0.0,0.0,0.0,0.0,0.0
2457957.8710208223,0.0,0.0,0.0,0.0,0.0,0.0,0.0,0.0,0.0,0.0,0.0,0.0,0.0,0.0,0.0,0.0
2458667.9473700933,0.0,0.0,0.0,0.0,0.0,0.0,0.0,0.0,0.0,0.0,0.0,0.0,0.0,0.0,0.0,0.0
2457958.9230573303,0.0,0.0,0.0,0.0,0.0,0.0,0.0,0.0,0.0,0.0,0.0,0.0,0.0,0.0,0.0,0.0
2457845.1135790427,0.0,0.0,0.0,0.0,0.0,0.0,0.0,0.0,0.0,0.0,0.0,0.0,0.0,0.0,0.0,0.0
2457959.044572547,0.0,0.0,0.0,0.0,0.0,0.0,0.0,0.0,0.0,0.0,0.0,0.0,0.0,0.0,0.0,0.0
2457845.1271590097,0.0,0.0,0.0,0.0,0.0,0.0,0.0,0.0,0.0,0.0,0.0,0.0,0.0,0.0,0.0,0.0
2457960.037595801,0.0,0.0,0.0,0.0,0.0,0.0,0.0,0.0,0.0,0.0,0.0,0.0,0.0,0.0,0.0,0.0
2457852.129122042,0.0,0.0,0.0,0.0,0.0,0.0,0.0,0.0,0.0,0.0,0.0,0.0,0.0,0.0,0.0,0.0
2457960.1612487924,0.0,0.0,0.0,0.0,0.0,0.0,0.0,0.0,0.0,0.0,0.0,0.0,0.0,0.0,0.0,0.0
2457871.26996304,0.0,0.0,0.0,0.0,0.0,0.0,0.0,0.0,0.0,0.0,0.0,0.0,0.0,0.0,0.0,0.0
2457960.967109791,0.0,0.0,0.0,0.0,0.0,0.0,0.0,0.0,0.0,0.0,0.0,0.0,0.0,0.0,0.0,0.0
2457888.996774582,0.0,0.0,0.0,0.0,0.0,0.0,0.0,0.0,0.0,0.0,0.0,0.0,0.0,0.0,0.0,0.0
2457961.065827573,0.0,0.0,0.0,0.0,0.0,0.0,0.0,0.0,0.0,0.0,0.0,0.0,0.0,0.0,0.0,0.0
2457890.190124734,0.0,0.0,0.0,0.0,0.0,0.0,0.0,0.0,0.0,0.0,0.0,0.0,0.0,0.0,0.0,0.0
2457967.0059994785,0.0,0.0,0.0,0.0,0.0,0.0,0.0,0.0,0.0,0.0,0.0,0.0,0.0,0.0,0.0,0.0
2457895.1470477087,0.0,0.0,0.0,0.0,0.0,0.0,0.0,0.0,0.0,0.0,0.0,0.0,0.0,0.0,0.0,0.0
2457967.88324862,0.0,0.0,0.0,0.0,0.0,0.0,0.0,0.0,0.0,0.0,0.0,0.0,0.0,0.0,0.0,0.0
2457896.0265440303,0.0,0.0,0.0,0.0,0.0,0.0,0.0,0.0,0.0,0.0,0.0,0.0,0.0,0.0,0.0,0.0
2457968.120086344,0.0,0.0,0.0,0.0,0.0,0.0,0.0,0.0,0.0,0.0,0.0,0.0,0.0,0.0,0.0,0.0
2457900.107550699,0.0,0.0,0.0,0.0,0.0,0.0,0.0,0.0,0.0,0.0,0.0,0.0,0.0,0.0,0.0,0.0
2457971.915781674,0.0,0.0,0.0,0.0,0.0,0.0,0.0,0.0,0.0,0.0,0.0,0.0,0.0,0.0,0.0,0.0
2457900.981291658,0.0,0.0,0.0,0.0,0.0,0.0,0.0,0.0,0.0,0.0,0.0,0.0,0.0,0.0,0.0,0.0
2457973.943420429,0.0,0.0,0.0,0.0,0.0,0.0,0.0,0.0,0.0,0.0,0.0,0.0,0.0,0.0,0.0,0.0
2457902.1478920267,0.0,0.0,0.0,0.0,0.0,0.0,0.0,0.0,0.0,0.0,0.0,0.0,0.0,0.0,0.0,0.0
2457976.0876485566,0.0,0.0,0.0,0.0,0.0,0.0,0.0,0.0,0.0,0.0,0.0,0.0,0.0,0.0,0.0,0.0
2457902.1636012094,0.0,0.0,0.0,0.0,0.0,0.0,0.0,0.0,0.0,0.0,0.0,0.0,0.0,0.0,0.0,0.0
2457977.914858011,0.0,0.0,0.0,0.0,0.0,0.0,0.0,0.0,0.0,0.0,0.0,0.0,0.0,0.0,0.0,0.0
2457903.0525816567,0.0,0.0,0.0,0.0,0.0,0.0,0.0,0.0,0.0,0.0,0.0,0.0,0.0,0.0,0.0,0.0
2457978.0988751333,0.0,0.0,0.0,0.0,0.0,0.0,0.0,0.0,0.0,0.0,0.0,0.0,0.0,0.0,0.0,0.0
2457918.053941553,0.0,0.0,0.0,0.0,0.0,0.0,0.0,0.0,0.0,0.0,0.0,0.0,0.0,0.0,0.0,0.0
2457979.9292340865,0.0,0.0,0.0,0.0,0.0,0.0,0.0,0.0,0.0,0.0,0.0,0.0,0.0,0.0,0.0,0.0
2457920.158336769,0.0,0.0,0.0,0.0,0.0,0.0,0.0,0.0,0.0,0.0,0.0,0.0,0.0,0.0,0.0,0.0
2457980.940957155,0.0,0.0,0.0,0.0,0.0,0.0,0.0,0.0,0.0,0.0,0.0,0.0,0.0,0.0,0.0,0.0
2457927.986949532,0.0,0.0,0.0,0.0,0.0,0.0,0.0,0.0,0.0,0.0,0.0,0.0,0.0,0.0,0.0,0.0
2457984.970118601,0.0,0.0,0.0,0.0,0.0,0.0,0.0,0.0,0.0,0.0,0.0,0.0,0.0,0.0,0.0,0.0
2457931.042491137,0.0,0.0,0.0,0.0,0.0,0.0,0.0,0.0,0.0,0.0,0.0,0.0,0.0,0.0,0.0,0.0
2457940.090572787,0.0,0.0,0.0,0.0,0.0,0.0,0.0,0.0,0.0,0.0,0.0,0.0,0.0,0.0,0.0,0.0
2457985.9171786644,0.0,0.0,0.0,0.0,0.0,0.0,0.0,0.0,0.0,0.0,0.0,0.0,0.0,0.0,0.0,0.0
2457940.916385328,0.0,0.0,0.0,0.0,0.0,0.0,0.0,0.0,0.0,0.0,0.0,0.0,0.0,0.0,0.0,0.0
2457987.958689592,0.0,0.0,0.0,0.0,0.0,0.0,0.0,0.0,0.0,0.0,0.0,0.0,0.0,0.0,0.0,0.0
2457940.986776967,0.0,0.0,0.0,0.0,0.0,0.0,0.0,0.0,0.0,0.0,0.0,0.0,0.0,0.0,0.0,0.0
2458673.93125104,0.0,0.0,0.0,0.0,0.0,0.0,0.0,0.0,0.0,0.0,0.0,0.0,0.0,0.0,0.0,0.0
2457989.025557646,0.0,0.0,0.0,0.0,0.0,0.0,0.0,0.0,0.0,0.0,0.0,0.0,0.0,0.0,0.0,0.0
2457989.0701884767,0.0,0.0,0.0,0.0,0.0,0.0,0.0,0.0,0.0,0.0,0.0,0.0,0.0,0.0,0.0,0.0
2457990.962404484,0.0,0.0,0.0,0.0,0.0,0.0,0.0,0.0,0.0,0.0,0.0,0.0,0.0,0.0,0.0,0.0
2457991.9398426902,0.0,0.0,0.0,0.0,0.0,0.0,0.0,0.0,0.0,0.0,0.0,0.0,0.0,0.0,0.0,0.0
2457991.983090832,0.0,0.0,0.0,0.0,0.0,0.0,0.0,0.0,0.0,0.0,0.0,0.0,0.0,0.0,0.0,0.0
2457996.0179780326,0.0,0.0,0.0,0.0,0.0,0.0,0.0,0.0,0.0,0.0,0.0,0.0,0.0,0.0,0.0,0.0
2457997.000529866,0.0,0.0,0.0,0.0,0.0,0.0,0.0,0.0,0.0,0.0,0.0,0.0,0.0,0.0,0.0,0.0
2457998.0093841194,0.0,0.0,0.0,0.0,0.0,0.0,0.0,0.0,0.0,0.0,0.0,0.0,0.0,0.0,0.0,0.0
2457998.878956649,0.0,0.0,0.0,0.0,0.0,0.0,0.0,0.0,0.0,0.0,0.0,0.0,0.0,0.0,0.0,0.0
2458000.024830103,0.0,0.0,0.0,0.0,0.0,0.0,0.0,0.0,0.0,0.0,0.0,0.0,0.0,0.0,0.0,0.0
2458000.941678299,0.0,0.0,0.0,0.0,0.0,0.0,0.0,0.0,0.0,0.0,0.0,0.0,0.0,0.0,0.0,0.0
2458001.9976222483,0.0,0.0,0.0,0.0,0.0,0.0,0.0,0.0,0.0,0.0,0.0,0.0,0.0,0.0,0.0,0.0
2458003.010373791,0.0,0.0,0.0,0.0,0.0,0.0,0.0,0.0,0.0,0.0,0.0,0.0,0.0,0.0,0.0,0.0
2458003.913090908,0.0,0.0,0.0,0.0,0.0,0.0,0.0,0.0,0.0,0.0,0.0,0.0,0.0,0.0,0.0,0.0
2458004.97894146,0.0,0.0,0.0,0.0,0.0,0.0,0.0,0.0,0.0,0.0,0.0,0.0,0.0,0.0,0.0,0.0
2458007.023153397,0.0,0.0,0.0,0.0,0.0,0.0,0.0,0.0,0.0,0.0,0.0,0.0,0.0,0.0,0.0,0.0
2458007.9369797097,0.0,0.0,0.0,0.0,0.0,0.0,0.0,0.0,0.0,0.0,0.0,0.0,0.0,0.0,0.0,0.0
2458011.9616815336,0.0,0.0,0.0,0.0,0.0,0.0,0.0,0.0,0.0,0.0,0.0,0.0,0.0,0.0,0.0,0.0
2458013.009408121,0.0,0.0,0.0,0.0,0.0,0.0,0.0,0.0,0.0,0.0,0.0,0.0,0.0,0.0,0.0,0.0
2458013.8877972914,0.0,0.0,0.0,0.0,0.0,0.0,0.0,0.0,0.0,0.0,0.0,0.0,0.0,0.0,0.0,0.0
2458016.9634929723,0.0,0.0,0.0,0.0,0.0,0.0,0.0,0.0,0.0,0.0,0.0,0.0,0.0,0.0,0.0,0.0
2458018.9011812177,0.0,0.0,0.0,0.0,0.0,0.0,0.0,0.0,0.0,0.0,0.0,0.0,0.0,0.0,0.0,0.0
2458020.9560668287,0.0,0.0,0.0,0.0,0.0,0.0,0.0,0.0,0.0,0.0,0.0,0.0,0.0,0.0,0.0,0.0
2458022.8869151277,0.0,0.0,0.0,0.0,0.0,0.0,0.0,0.0,0.0,0.0,0.0,0.0,0.0,0.0,0.0,0.0
2458027.941998476,0.0,0.0,0.0,0.0,0.0,0.0,0.0,0.0,0.0,0.0,0.0,0.0,0.0,0.0,0.0,0.0
2458033.9240542785,0.0,0.0,0.0,0.0,0.0,0.0,0.0,0.0,0.0,0.0,0.0,0.0,0.0,0.0,0.0,0.0
2458036.933688563,0.0,0.0,0.0,0.0,0.0,0.0,0.0,0.0,0.0,0.0,0.0,0.0,0.0,0.0,0.0,0.0
2458039.921029467,0.0,0.0,0.0,0.0,0.0,0.0,0.0,0.0,0.0,0.0,0.0,0.0,0.0,0.0,0.0,0.0
2458041.9259146564,0.0,0.0,0.0,0.0,0.0,0.0,0.0,0.0,0.0,0.0,0.0,0.0,0.0,0.0,0.0,0.0
2458044.895612405,0.0,0.0,0.0,0.0,0.0,0.0,0.0,0.0,0.0,0.0,0.0,0.0,0.0,0.0,0.0,0.0
2458178.1985063865,0.0,0.0,0.0,0.0,0.0,0.0,0.0,0.0,0.0,0.0,0.0,0.0,0.0,0.0,0.0,0.0
2458187.2788760136,0.0,0.0,0.0,0.0,0.0,0.0,0.0,0.0,0.0,0.0,0.0,0.0,0.0,0.0,0.0,0.0
2458195.272720963,0.0,0.0,0.0,0.0,0.0,0.0,0.0,0.0,0.0,0.0,0.0,0.0,0.0,0.0,0.0,0.0
2458202.290294262,0.0,0.0,0.0,0.0,0.0,0.0,0.0,0.0,0.0,0.0,0.0,0.0,0.0,0.0,0.0,0.0
2458207.253066556,0.0,0.0,0.0,0.0,0.0,0.0,0.0,0.0,0.0,0.0,0.0,0.0,0.0,0.0,0.0,0.0
2458208.20112667,0.0,0.0,0.0,0.0,0.0,0.0,0.0,0.0,0.0,0.0,0.0,0.0,0.0,0.0,0.0,0.0
2458210.270712837,0.0,0.0,0.0,0.0,0.0,0.0,0.0,0.0,0.0,0.0,0.0,0.0,0.0,0.0,0.0,0.0
2458211.294159046,0.0,0.0,0.0,0.0,0.0,0.0,0.0,0.0,0.0,0.0,0.0,0.0,0.0,0.0,0.0,0.0
2458214.298403596,0.0,0.0,0.0,0.0,0.0,0.0,0.0,0.0,0.0,0.0,0.0,0.0,0.0,0.0,0.0,0.0
2458215.229510459,0.0,0.0,0.0,0.0,0.0,0.0,0.0,0.0,0.0,0.0,0.0,0.0,0.0,0.0,0.0,0.0
2458215.2885603686,0.0,0.0,0.0,0.0,0.0,0.0,0.0,0.0,0.0,0.0,0.0,0.0,0.0,0.0,0.0,0.0
2458224.160903838,0.0,0.0,0.0,0.0,0.0,0.0,0.0,0.0,0.0,0.0,0.0,0.0,0.0,0.0,0.0,0.0
2458230.251486007,0.0,0.0,0.0,0.0,0.0,0.0,0.0,0.0,0.0,0.0,0.0,0.0,0.0,0.0,0.0,0.0
2458231.141027427,0.0,0.0,0.0,0.0,0.0,0.0,0.0,0.0,0.0,0.0,0.0,0.0,0.0,0.0,0.0,0.0
2458232.2126906663,0.0,0.0,0.0,0.0,0.0,0.0,0.0,0.0,0.0,0.0,0.0,0.0,0.0,0.0,0.0,0.0
2458235.1299714018,0.0,0.0,0.0,0.0,0.0,0.0,0.0,0.0,0.0,0.0,0.0,0.0,0.0,0.0,0.0,0.0
2458251.1527270377,0.0,0.0,0.0,0.0,0.0,0.0,0.0,0.0,0.0,0.0,0.0,0.0,0.0,0.0,0.0,0.0
2458252.2463375097,0.0,0.0,0.0,0.0,0.0,0.0,0.0,0.0,0.0,0.0,0.0,0.0,0.0,0.0,0.0,0.0
2458254.0798993423,0.0,0.0,0.0,0.0,0.0,0.0,0.0,0.0,0.0,0.0,0.0,0.0,0.0,0.0,0.0,0.0
2458255.1770653846,0.0,0.0,0.0,0.0,0.0,0.0,0.0,0.0,0.0,0.0,0.0,0.0,0.0,0.0,0.0,0.0
2458264.0527368784,0.0,0.0,0.0,0.0,0.0,0.0,0.0,0.0,0.0,0.0,0.0,0.0,0.0,0.0,0.0,0.0
2458265.052733758,0.0,0.0,0.0,0.0,0.0,0.0,0.0,0.0,0.0,0.0,0.0,0.0,0.0,0.0,0.0,0.0
2458304.02368238,0.0,0.0,0.0,0.0,0.0,0.0,0.0,0.0,0.0,0.0,0.0,0.0,0.0,0.0,0.0,0.0
2458305.9387936587,0.0,0.0,0.0,0.0,0.0,0.0,0.0,0.0,0.0,0.0,0.0,0.0,0.0,0.0,0.0,0.0
2458309.927752703,0.0,0.0,0.0,0.0,0.0,0.0,0.0,0.0,0.0,0.0,0.0,0.0,0.0,0.0,0.0,0.0
2458311.0560593377,0.0,0.0,0.0,0.0,0.0,0.0,0.0,0.0,0.0,0.0,0.0,0.0,0.0,0.0,0.0,0.0
2458312.0516006025,0.0,0.0,0.0,0.0,0.0,0.0,0.0,0.0,0.0,0.0,0.0,0.0,0.0,0.0,0.0,0.0
2458312.920613721,0.0,0.0,0.0,0.0,0.0,0.0,0.0,0.0,0.0,0.0,0.0,0.0,0.0,0.0,0.0,0.0
2458313.097183276,0.0,0.0,0.0,0.0,0.0,0.0,0.0,0.0,0.0,0.0,0.0,0.0,0.0,0.0,0.0,0.0
2458313.916857118,0.0,0.0,0.0,0.0,0.0,0.0,0.0,0.0,0.0,0.0,0.0,0.0,0.0,0.0,0.0,0.0
2458314.9139549443,0.0,0.0,0.0,0.0,0.0,0.0,0.0,0.0,0.0,0.0,0.0,0.0,0.0,0.0,0.0,0.0
2458317.0208146214,0.0,0.0,0.0,0.0,0.0,0.0,0.0,0.0,0.0,0.0,0.0,0.0,0.0,0.0,0.0,0.0
2458317.906420188,0.0,0.0,0.0,0.0,0.0,0.0,0.0,0.0,0.0,0.0,0.0,0.0,0.0,0.0,0.0,0.0
2458330.0366029595,0.0,0.0,0.0,0.0,0.0,0.0,0.0,0.0,0.0,0.0,0.0,0.0,0.0,0.0,0.0,0.0
2458330.871330614,0.0,0.0,0.0,0.0,0.0,0.0,0.0,0.0,0.0,0.0,0.0,0.0,0.0,0.0,0.0,0.0
2458332.0131753925,0.0,0.0,0.0,0.0,0.0,0.0,0.0,0.0,0.0,0.0,0.0,0.0,0.0,0.0,0.0,0.0
2458332.8642773377,0.0,0.0,0.0,0.0,0.0,0.0,0.0,0.0,0.0,0.0,0.0,0.0,0.0,0.0,0.0,0.0
2458335.9109124457,0.0,0.0,0.0,0.0,0.0,0.0,0.0,0.0,0.0,0.0,0.0,0.0,0.0,0.0,0.0,0.0
2458337.897892475,0.0,0.0,0.0,0.0,0.0,0.0,0.0,0.0,0.0,0.0,0.0,0.0,0.0,0.0,0.0,0.0
2458338.9429549626,0.0,0.0,0.0,0.0,0.0,0.0,0.0,0.0,0.0,0.0,0.0,0.0,0.0,0.0,0.0,0.0
2458339.939406267,0.0,0.0,0.0,0.0,0.0,0.0,0.0,0.0,0.0,0.0,0.0,0.0,0.0,0.0,0.0,0.0
2458339.9711400988,0.0,0.0,0.0,0.0,0.0,0.0,0.0,0.0,0.0,0.0,0.0,0.0,0.0,0.0,0.0,0.0
2458340.870585536,0.0,0.0,0.0,0.0,0.0,0.0,0.0,0.0,0.0,0.0,0.0,0.0,0.0,0.0,0.0,0.0
2458341.8703006567,0.0,0.0,0.0,0.0,0.0,0.0,0.0,0.0,0.0,0.0,0.0,0.0,0.0,0.0,0.0,0.0
2458343.0294540795,0.0,0.0,0.0,0.0,0.0,0.0,0.0,0.0,0.0,0.0,0.0,0.0,0.0,0.0,0.0,0.0
2458344.860176432,0.0,0.0,0.0,0.0,0.0,0.0,0.0,0.0,0.0,0.0,0.0,0.0,0.0,0.0,0.0,0.0
2458390.876143351,0.0,0.0,0.0,0.0,0.0,0.0,0.0,0.0,0.0,0.0,0.0,0.0,0.0,0.0,0.0,0.0
2458398.877090202,0.0,0.0,0.0,0.0,0.0,0.0,0.0,0.0,0.0,0.0,0.0,0.0,0.0,0.0,0.0,0.0
2458686.023548548,0.0,0.0,0.0,0.0,0.0,0.0,0.0,0.0,0.0,0.0,0.0,0.0,0.0,0.0,0.0,0.0
2458687.9896472422,0.0,0.0,0.0,0.0,0.0,0.0,0.0,0.0,0.0,0.0,0.0,0.0,0.0,0.0,0.0,0.0
2458688.8896788494,0.0,0.0,0.0,0.0,0.0,0.0,0.0,0.0,0.0,0.0,0.0,0.0,0.0,0.0,0.0,0.0
2458689.887335599,0.0,0.0,0.0,0.0,0.0,0.0,0.0,0.0,0.0,0.0,0.0,0.0,0.0,0.0,0.0,0.0
2458691.9561366807,0.0,0.0,0.0,0.0,0.0,0.0,0.0,0.0,0.0,0.0,0.0,0.0,0.0,0.0,0.0,0.0
2458692.878520262,0.0,0.0,0.0,0.0,0.0,0.0,0.0,0.0,0.0,0.0,0.0,0.0,0.0,0.0,0.0,0.0
2458694.069251671,0.0,0.0,0.0,0.0,0.0,0.0,0.0,0.0,0.0,0.0,0.0,0.0,0.0,0.0,0.0,0.0
2458694.927836291,0.0,0.0,0.0,0.0,0.0,0.0,0.0,0.0,0.0,0.0,0.0,0.0,0.0,0.0,0.0,0.0
2458696.867566004,0.0,0.0,0.0,0.0,0.0,0.0,0.0,0.0,0.0,0.0,0.0,0.0,0.0,0.0,0.0,0.0
2458697.864766312,0.0,0.0,0.0,0.0,0.0,0.0,0.0,0.0,0.0,0.0,0.0,0.0,0.0,0.0,0.0,0.0
2458697.9466047864,0.0,0.0,0.0,0.0,0.0,0.0,0.0,0.0,0.0,0.0,0.0,0.0,0.0,0.0,0.0,0.0
2458699.953493158,0.0,0.0,0.0,0.0,0.0,0.0,0.0,0.0,0.0,0.0,0.0,0.0,0.0,0.0,0.0,0.0
2458700.0451025297,0.0,0.0,0.0,0.0,0.0,0.0,0.0,0.0,0.0,0.0,0.0,0.0,0.0,0.0,0.0,0.0
2458717.9215847813,0.0,0.0,0.0,0.0,0.0,0.0,0.0,0.0,0.0,0.0,0.0,0.0,0.0,0.0,0.0,0.0
2458724.899117632,0.0,0.0,0.0,0.0,0.0,0.0,0.0,0.0,0.0,0.0,0.0,0.0,0.0,0.0,0.0,0.0
2458727.8651252324,0.0,0.0,0.0,0.0,0.0,0.0,0.0,0.0,0.0,0.0,0.0,0.0,0.0,0.0,0.0,0.0
2458749.871774115,0.0,0.0,0.0,0.0,0.0,0.0,0.0,0.0,0.0,0.0,0.0,0.0,0.0,0.0,0.0,0.0
2458749.8755697296,0.0,0.0,0.0,0.0,0.0,0.0,0.0,0.0,0.0,0.0,0.0,0.0,0.0,0.0,0.0,0.0
2458751.872498225,0.0,0.0,0.0,0.0,0.0,0.0,0.0,0.0,0.0,0.0,0.0,0.0,0.0,0.0,0.0,0.0
2458751.8762789294,0.0,0.0,0.0,0.0,0.0,0.0,0.0,0.0,0.0,0.0,0.0,0.0,0.0,0.0,0.0,0.0
2458753.873222834,0.0,0.0,0.0,0.0,0.0,0.0,0.0,0.0,0.0,0.0,0.0,0.0,0.0,0.0,0.0,0.0
2458753.877006993,0.0,0.0,0.0,0.0,0.0,0.0,0.0,0.0,0.0,0.0,0.0,0.0,0.0,0.0,0.0,0.0
2457889.0008545164,1677.3194668960332,2.3123953410041413,1572.314781387922,2.95143948842024,1572.314781387922,2.95143948842024,17.813388127784403,0.0466719644902245,0.4961111391786565,5.438823361249519e-09,13.0,10491.7451171875,68.11406223908102,390.1246042742532,646.4896393210915,4.0
2458565.2761287848,1675.6035294274795,1.2819988408622291,1570.5078540055476,2.1302584157359363,1570.5078540055476,2.1302584157359363,17.793957651265234,0.0411794881915537,0.8739045192365535,3.15695573552458e-09,13.0,5300.99619140625,67.69510416620047,390.1246042742532,646.4896393210915,0.0
2457871.274066617,1672.1293867678703,1.0797921349038726,1566.8494902149284,1.96922506130626,1566.8494902149284,1.96922506130626,17.754618078227836,0.0402424298755121,0.5180277124743868,4.812142165016053e-09,13.0,1238.682373046875,33.93376000943371,390.1246042742532,646.4896393210915,4.0
2458573.202060757,1675.6861331152109,0.7268536445387478,1570.5948378659632,1.8178419120522893,1570.5948378659632,1.8178419120522893,17.794893016943927,0.0394096488717258,0.8252198198299897,4.908548138133492e-09,13.0,1717.7945068359377,35.03639042468413,390.1246042742532,646.4896393210915,0.0
2457890.194210506,1679.0350214899975,3.078678235903334,1574.1213055932615,3.6550007481594156,1574.1213055932615,3.6550007481594156,17.83281426881007,0.0521126292390573,0.3486568316875227,3.3511815277954847e-09,13.0,6907.35380859375,62.52652397177721,390.1246042742532,646.4896393210915,4.0
2458580.227870861,1675.8748854977855,0.7338133993314574,1570.7935990998735,1.8229235995013757,1570.7935990998735,1.8229235995013757,17.79703036099332,0.0394367567504038,1.0036192121844971,4.28733168119503e-09,13.0,1334.7816650390623,43.34139707376593,390.1246042742532,646.4896393210915,0.0
2457895.151137891,1671.3714417602878,1.0981129201118816,1566.0513541443347,1.973371032846987,1566.0513541443347,1.973371032846987,17.746035462052983,0.04026601957168,0.468933641856549,4.029970937243541e-09,13.0,1098.335205078125,31.351974952411176,390.1246042742532,646.4896393210915,4.0
2458585.1745243184,1674.9640361328281,0.5523462362074849,1569.8344507107718,1.7405415498286965,1569.8344507107718,1.7405415498286965,17.7867163271065,0.0390041208049678,0.9965776938213714,4.017005316881076e-09,13.0,1277.6290283203125,32.127698419560545,390.1246042742532,646.4896393210915,0.0
2457896.030634552,1674.0063504094435,0.8725714744279637,1568.8259824017555,1.8706243582493693,1568.8259824017555,1.8706243582493693,17.775871940115742,0.0396944728058443,0.5377904282956993,4.585266684737946e-09,13.0,1282.3677246093748,27.31708899733369,390.1246042742532,646.4896393210915,4.0
2458586.171876702,1674.7367739757535,0.9011416735986398,1569.5951376692888,1.8928868139169586,1569.5951376692888,1.8928868139169586,17.784142916310568,0.039816221039681,0.604247860212453,5.25293394316266e-09,13.0,1158.9064453125,32.02009260075977,390.1246042742532,646.4896393210915,4.0
2457900.1116444576,1675.1914827665576,0.82343703347047,1570.0739580110378,1.8578753721201966,1570.0739580110378,1.8578753721201966,17.78929182683015,0.0396250108693358,0.5786701317804682,3.354948445419534e-09,13.0,1051.201513671875,27.37301148011477,390.1246042742532,646.4896393210915,4.0
2458587.1691205557,1673.5377486851037,0.5945359920821073,1568.3325324348095,1.7404948835212635,1568.3325324348095,1.7404948835212635,17.770565712488867,0.0390040836276145,0.949212356194748,4.6396156716687534e-09,13.0,1205.4702636718748,33.7443503970141,390.1246042742532,646.4896393210915,0.0
2457918.058025528,1702.5513905180599,2.991372322631528,1598.8846620147758,3.715155812464785,1598.8846620147758,3.715155812464785,18.09910267651114,0.0526008702431433,0.5470640759150315,3.226689120999792e-09,13.0,9080.646875,74.69851873257865,390.1246042742532,646.4896393210915,4.0
2458591.158676648,1674.8510920736967,0.7438118425519203,1569.7155176395736,1.8166954753254299,1569.7155176395736,1.8166954753254299,17.785437401196248,0.0394036500874923,1.0503826664881917,4.0668283120826685e-09,13.0,3891.3025390625,46.97474249276668,390.1246042742532,646.4896393210915,0.0
2457920.150145301,1672.2693521798658,1.661824891904096,1566.9968774829117,2.3774881016701257,1566.9968774829117,2.3774881016701257,17.75620298134996,0.0427159906751763,0.4169607465129761,2.586294031880997e-09,13.0,2542.50234375,42.65704330151574,390.1246042742532,646.4896393210915,4.0
2458592.216668576,1673.4250558971478,1.037156253661101,1568.213863958781,1.9560026889465865,1568.213863958781,1.9560026889465865,17.76928963185634,0.0401676068611721,1.05999608088247,4.320965555497069e-09,13.0,4113.7814453125,67.98471692717999,390.1246042742532,646.4896393210915,0.0
2457927.9910324514,1673.966294659672,3.15509777196256,1568.7838026414718,3.7002444298711037,1568.7838026414718,3.7002444298711037,17.775418367465416,0.0524810396880339,0.1129564832294379,3.78250309800155e-09,13.0,775.5237182617187,19.844857006368866,390.1246042742532,646.4896393210915,4.0
2458593.149448904,1671.0255868660956,1.0808604710909142,1565.6871598248472,1.9595530595247361,1565.6871598248472,1.9595530595247361,17.742119162348708,0.0401879630955053,1.0232807859574415,5.4554420814282635e-09,13.0,9839.7298828125,70.21571728298359,390.1246042742532,646.4896393210915,0.0
2457931.0465760604,1673.159666710954,1.1837327506318296,1567.9344021506986,2.0437699496845236,1567.9344021506986,2.0437699496845236,17.766284488344244,0.0406698030678142,0.5393145878342533,4.850616345358232e-09,13.0,1103.95419921875,38.55683322124162,390.1246042742532,646.4896393210915,4.0
2458594.249424912,1675.096671940249,1.1240708583107084,1569.9741197119479,2.0241832157696713,1569.9741197119479,2.0241832157696713,17.788218233200944,0.0405561063287624,0.9808563879806528,4.203206305026224e-09,13.0,5760.77109375,66.8925958025181,390.1246042742532,646.4896393210915,0.0
2457934.126702268,1676.2997235907044,1.2729107164192934,1571.2409648094267,2.130483500185412,1571.2409648094267,2.130483500185412,17.80184102964539,0.0411807449897328,0.5115603771500894,4.1972977920785835e-09,13.0,1051.6870361328124,38.04232791325047,390.1246042742532,646.4896393210915,4.0
2458595.144156329,1673.3624288890646,3.796244522464673,1568.1479160685717,4.31406719532886,1568.1479160685717,4.31406719532886,17.768580472791776,0.057646442895154,0.5285530201341545,2.558086442289561e-09,13.0,36141.48984375,125.24661309093008,390.1246042742532,646.4896393210915,6.0
2457936.9666828127,1674.3659674775574,0.9229071380877496,1569.2046686531194,1.9007923049309852,1569.2046686531194,1.9007923049309852,17.779944076266336,0.0398597982913908,0.5640253324346811,2.440533171860657e-09,13.0,1823.7503173828125,30.63315666346535,390.1246042742532,646.4896393210915,4.0
2458600.130712778,1675.4490777592093,1.5064100285952693,1570.3452123278837,2.286038608026412,1570.3452123278837,2.286038608026412,17.79220871252552,0.0421343660978198,0.9022042670359736,3.223703176099824e-09,13.0,2693.593994140625,82.45454806055305,390.1246042742532,646.4896393210915,2.0
2457937.060429991,1673.319287140333,0.7858775108260109,1568.1024866700468,1.8204479228337258,1568.1024866700468,1.8204479228337258,17.768091955726877,0.039423888354564,0.5742108232447638,2.469568991194314e-09,13.0,1566.2065917968748,26.39251337769858,390.1246042742532,646.4896393210915,4.0
2458602.185730501,1676.7359165050416,0.9944927904334603,1571.700287445223,1.9636122816615535,1571.700287445223,1.9636122816615535,17.80678027500555,0.0402100683690009,0.9522856221532268,5.4537057796553085e-09,13.0,1732.2879394531249,55.87358771996711,390.1246042742532,646.4896393210915,0.0
2457938.942556409,1701.6153293621733,2.740087612410664,1597.898964945306,3.4871798120738466,1597.898964945306,3.4871798120738466,18.088503156048848,0.0507640379054936,0.5977549906180014,3.833416450460859e-09,13.0,6996.9095703125,75.68611660512222,390.1246042742532,646.4896393210915,4.0
2458603.195146498,1676.1641571628365,1.4680567723528013,1571.0982097876772,2.26425815263386,1571.0982097876772,2.26425815263386,17.800305938570254,0.0419980593413019,0.7731894685229965,2.5659201081113474e-09,13.0,1616.4177490234374,68.03881853771144,390.1246042742532,646.4896393210915,2.0
2457939.0826386744,1720.1524840420377,2.908706588489126,1617.4190774180433,3.763888650972249,1617.4190774180433,3.763888650972249,18.2984092600532,0.0530000368342909,0.6159938209119568,2.711927477490078e-09,13.0,7466.47587890625,67.71170800521072,390.1246042742532,646.4896393210915,4.0
2458610.172238317,1674.1855732333668,0.6199630941950421,1569.0147087592286,1.7572467397322764,1569.0147087592286,1.7572467397322764,17.777901375882347,0.039090749107907,1.0484581924640086,5.2051827815758676e-09,13.0,1304.156396484375,38.94789515268975,390.1246042742532,646.4896393210915,0.0
2457939.9279895755,1732.8772416921836,3.327647395643233,1630.8185826176757,4.217783978443984,1630.8185826176757,4.217783978443984,18.44249848781605,0.056815424688603,0.5883673019106759,3.385124695026664e-09,13.0,9631.4845703125,64.44064397516782,390.1246042742532,646.4896393210915,4.0
2458611.1596000157,1674.6493291334289,0.5798102261351967,1569.503055945486,1.7470043698631457,1569.503055945486,1.7470043698631457,17.783152731652542,0.0390375615132425,1.0480688657611554,4.304491832151997e-09,13.0,1223.6758056640624,36.05134542254587,390.1246042742532,646.4896393210915,0.0
2457940.094700545,1730.7217194383759,4.01609483047254,1628.5487608700305,4.823767229566879,1628.5487608700305,4.823767229566879,18.41809035797059,0.0621412899533075,0.6101182562318481,2.696246073229724e-09,13.0,10256.5625,83.30379194385606,390.1246042742532,646.4896393210915,4.0
2458616.2598420302,1674.754711996408,0.6348108201477457,1569.6140268778427,1.7692076462749493,1569.6140268778427,1.7692076462749493,17.784346038099986,0.0391530044891609,1.015791942158501,4.608527577752659e-09,13.0,1542.3498046875,38.30601772632998,390.1246042742532,646.4896393210915,0.0
2457940.990907581,1684.0327014570237,2.8401953396959336,1579.383994325372,3.463499417623565,1579.383994325372,3.463499417623565,17.88940566857212,0.0505771613598592,0.619996670431967,5.455627316813169e-09,13.0,19429.82109375,98.05755403789873,390.1246042742532,646.4896393210915,4.0
2458618.086926837,1676.9480950059665,0.6227044963782686,1571.9237169992102,1.7880916688134174,1571.9237169992102,1.7880916688134174,17.809182885506008,0.0392517804118973,1.0104264871115505,5.420978510109312e-09,13.0,2417.0642578125,36.2556089195658,390.1246042742532,646.4896393210915,0.0
2457941.9789959714,1744.0179540143338,10.71780618412102,1642.5500463353,11.557347194390765,1642.5500463353,11.557347194390765,18.56865072421704,0.1289049688336893,0.6480720474879339,3.2045244096403042e-09,13.0,60355.56875,207.7835511588116,390.1246042742532,646.4896393210915,6.0
2458619.0842119227,1676.4271473118115,0.6955079492678096,1571.3751453463376,1.8120609145426942,1571.3751453463376,1.8120609145426942,17.803283916502494,0.0393787515069569,1.0251222030427067,3.339134729347148e-09,13.0,3303.8650878906246,41.894620766507,390.1246042742532,646.4896393210915,0.0
2457942.219538256,1731.4116427715005,9.81587810223031,1629.2752683245321,10.595520855913811,1629.2752683245321,10.595520855913811,18.425902728391996,0.1189644702813447,0.5897256254316408,5.414213096844304e-09,13.0,69102.05625,197.4427643380924,390.1246042742532,646.4896393210915,6.0
2458626.190344814,-881866.1317485251,-881866.1317485251,-881866.1317485251,-881866.1317485251,-881866.1317485251,-881866.1317485251,0.0,0.0,1.03701929190402,-9999.99,13.0,-9999.99,-9999.99,-9999.99,-9999.99,3.0
2457942.886956347,1679.440075217852,14.589854237247375,1574.5478378449345,15.456458817606402,1574.5478378449345,15.456458817606402,17.837400908528767,0.1696943401757497,0.2833192419469758,5.415320473583458e-09,13.0,77597.41718749999,242.90852139681323,390.1246042742532,646.4896393210915,4.0
2458627.183064791,1676.0939855524666,0.8291282273782058,1571.0243172324026,1.8699323630310032,1571.0243172324026,1.8699323630310032,17.799511347944094,0.0396904160615438,1.0438099892277388,2.98598736941271e-09,13.0,4250.13681640625,51.60263343243965,390.1246042742532,646.4896393210915,0.0
2457943.1834906638,1677.453028681002,3.8186600569297036,1572.455425467862,4.35391141549981,1572.455425467862,4.35391141549981,17.81490051921722,0.0579914189190825,0.5595523156387268,2.318461903105832e-09,13.0,46116.71484375,127.74437045256042,390.1246042742532,646.4896393210915,4.0
2458628.056220164,1678.1136622233842,0.8662394383096393,1573.1510900007017,1.9091223717370776,1573.1510900007017,1.9091223717370776,17.822381225692986,0.0399053123493467,1.0292072957249256,2.9448747967142503e-09,13.0,3181.1268066406246,52.05184016020233,390.1246042742532,646.4896393210915,0.0
2457944.9902814496,1739.3524191224124,5.198537790846175,1637.6371151218202,5.989164145227623,1637.6371151218202,5.989164145227623,18.515820380554672,0.0729297728726448,0.5652886108145723,2.6325725634514607e-09,13.0,18231.43671875,91.5060980827768,390.1246042742532,646.4896393210915,6.0
2458629.0537230712,1676.8679568829516,0.6456129272397172,1571.8393294434275,1.79621480761709,1571.8393294434275,1.79621480761709,17.808275438733585,0.0392946544732323,1.00788334936614,5.216098285238782e-09,13.0,1887.3895263671875,37.694957118450354,390.1246042742532,646.4896393210915,0.0
2457946.1504629627,-881866.1317485251,-881866.1317485251,-881866.1317485251,-881866.1317485251,-881866.1317485251,-881866.1317485251,0.0,0.0,-9999.99,-9999.99,13.0,-9999.99,-9999.99,-9999.99,-9999.99,5.0
2458629.2475106274,1674.8070475563497,0.7190556857382528,1569.6691376018996,1.8051464350599682,1569.6691376018996,1.8051464350599682,17.784938661600084,0.0393422329321837,1.0190200546268886,2.162314258585896e-09,13.0,2400.108544921875,43.94017765421556,390.1246042742532,646.4896393210915,0.0
2457947.99365303,1671.657830591926,1.0294469650654094,1566.3529291325717,1.9346097266988056,1566.3529291325717,1.9346097266988056,17.749278395767337,0.0400478818854441,0.430727224611303,1.6797969628487391e-09,13.0,2406.328076171875,26.45198860652234,390.1246042742532,646.4896393210915,4.0
2458630.187146616,1674.8394885638759,0.6327373912609678,1569.7032988378924,1.7692928825322478,1569.7032988378924,1.7692928825322478,17.785306008456566,0.0391534379966669,1.0495120261056463,4.22397022525587e-09,13.0,1569.1180908203123,39.53244483403117,390.1246042742532,646.4896393210915,0.0
2457948.176398199,0.0,0.0,0.0,0.0,0.0,0.0,0.0,0.0,0.0,0.0,13.0,0.0,0.0,0.0,0.0,5.0
2458631.0915452675,1675.2518745639402,0.5843769347325982,1570.137552165464,1.755223782270863,1570.137552165464,1.755223782270863,17.789975675410012,0.0390800882686542,1.0252972794373734,4.603040004038001e-09,13.0,1244.8907470703125,35.21529931029999,390.1246042742532,646.4896393210915,0.0
2457956.014613976,1673.99683441552,0.793661154752801,1568.8159618093352,1.831141865567401,1568.8159618093352,1.831141865567401,17.77576418543361,0.0394810181908445,0.5998137934493697,2.9782344592058127e-09,13.0,1059.9995849609377,27.716922242704296,390.1246042742532,646.4896393210915,4.0
2458639.0306101707,1674.8481566001826,1.1743803152828691,1569.7124265085915,2.0533135972445304,1569.7124265085915,2.0533135972445304,17.785404161261674,0.0407251195994884,0.9074105843742376,3.6094666411593204e-09,13.0,1401.6362060546876,64.68305211436555,390.1246042742532,646.4896393210915,0.0
2457957.1494937656,1673.631221521231,0.7493753002905694,1568.4309617949727,1.8065354400195142,1568.4309617949727,1.8065354400195142,17.771624155340575,0.0393497711958877,0.5718506435595685,5.079981032743644e-09,13.0,1066.4451904296875,24.681676178935355,390.1246042742532,646.4896393210915,4.0
2458641.1774530974,1675.61448825968,0.6778391510045322,1570.5193939447038,1.795957466338816,1570.5193939447038,1.795957466338816,17.794081743975866,0.0392934620746234,1.027716696773627,5.209429853638502e-09,13.0,1242.99267578125,41.214809478336,390.1246042742532,646.4896393210915,0.0
2457957.8751489324,1676.3460362307942,0.8806914776140115,1571.2897332401321,1.8984473944102906,1571.2897332401321,1.8984473944102906,17.802365452406896,0.0398466056062223,0.5746580342936727,4.692967726633903e-09,13.0,1122.3014404296875,28.833272432537967,390.1246042742532,646.4896393210915,4.0
2458647.009073411,-881866.1317485251,-881866.1317485251,-881866.1317485251,-881866.1317485251,-881866.1317485251,-881866.1317485251,0.0,0.0,-9999.99,-9999.99,13.0,-9999.99,-9999.99,-9999.99,-9999.99,5.0
2457958.927188262,1672.4396480372343,0.8310660165970818,1567.1762035093097,1.833659541025405,1567.1762035093097,1.833659541025405,17.758131332305954,0.0394947536762209,0.5986372495846569,4.630851843602093e-09,13.0,1051.72998046875,29.738765333575127,390.1246042742532,646.4896393210915,4.0
2458653.986029724,1744.510013484207,4.8061811894552156,1643.0681979265803,5.642770564599309,1643.0681979265803,5.642770564599309,18.574222576426457,0.0696626659043508,0.9097730706195538,2.6507425963391276e-09,13.0,9181.7900390625,129.00328398583054,390.1246042742532,646.4896393210915,2.0
2457959.0487226937,1674.3535041796406,0.794929037176774,1569.1915444719111,1.835418711250819,1569.1915444719111,1.835418711250819,17.779802947686797,0.0395039252441732,0.6016183743835732,2.013373983992884e-09,13.0,1012.4473999023436,27.768537086985337,390.1246042742532,646.4896393210915,4.0
2458655.0028235484,1683.7849998314737,1.1511931576313557,1579.1231579848475,2.1237298171801378,1579.1231579848475,2.1237298171801378,17.886600810756946,0.0411395369402441,0.9679374200356946,4.4265580218494095e-09,13.0,5970.64443359375,61.27202160146116,390.1246042742532,646.4896393210915,0.0
2457960.0417241952,1671.9156966075157,0.8929914668741809,1566.6244688437148,1.8604635166863053,1566.6244688437148,1.8604635166863053,17.752198350400192,0.0396395193229607,0.6030946849333987,2.593999775218769e-09,13.0,1015.0096801757812,32.755110991034186,390.1246042742532,646.4896393210915,4.0
2458656.036420499,1679.5335905050836,0.8793526620201852,1574.646311907228,1.9303122425505874,1574.646311907228,1.9303122425505874,17.838459832076996,0.0400228410289549,0.9950116966625708,4.631355377835072e-09,13.0,3942.041064453125,50.04762509721248,390.1246042742532,646.4896393210915,0.0
2457960.165368032,1673.0499716371278,1.667978955662028,1567.8188903466605,2.3883399931303013,1567.8188903466605,2.3883399931303013,17.765042352430015,0.0427858290520518,0.3429424797954748,3.966587053401187e-09,13.0,1041.2186279296875,34.39068875180292,390.1246042742532,646.4896393210915,4.0
2457845.1176809967,1651.686678445975,11.22642292689389,1545.3227795313157,11.902094656667341,1545.3227795313157,11.902094656667341,17.52313437248913,0.1324841214410809,0.0175247267938118,3.845589250167316e-09,13.0,456.8246337890625,12.035022379006897,390.1246042742532,646.4896393210915,4.0
2457960.971258143,1673.4276742710108,0.8792221426157155,1568.2166211754736,1.868270296848341,1568.2166211754736,1.868270296848341,17.769319281102188,0.0396817331922172,0.595674278536035,4.1835194583161425e-09,13.0,1077.2216064453123,31.105842655782716,390.1246042742532,646.4896393210915,4.0
2457845.131237089,0.0,0.0,0.0,0.0,0.0,0.0,0.0,0.0,0.0,0.0,13.0,0.0,0.0,0.0,0.0,5.0
2457961.0699617467,1672.463724799412,0.9325792872124253,1567.2015569744883,1.8872529149535968,1567.2015569744883,1.8872529149535968,17.758403966344613,0.0397856077363719,0.5609962229696698,2.828306343522201e-09,13.0,1152.24541015625,31.42304097480744,390.1246042742532,646.4896393210915,4.0
2457852.1332072737,1679.746773417288,1.271794119668577,1574.870799132769,2.1611746839066566,1574.870799132769,2.1611746839066566,17.840873816062892,0.0413648432729256,0.5412964731613424,2.429571685187253e-09,13.0,3961.136962890625,38.90631780301611,390.1246042742532,646.4896393210915,4.0
2457902.151984747,1674.725856108669,0.8927530201678415,1569.5836408674793,1.8883643733358615,1569.5836408674793,1.8883643733358615,17.78401928746982,0.0397913832468793,0.5472898786723158,4.4974480372711746e-09,13.0,1173.41982421875,28.30389946184817,390.1246042742532,646.4896393210915,4.0
2457967.010659812,1705.5331371536442,2.2462640152059996,1602.0245198137213,3.1016505851088354,1602.0245198137213,3.1016505851088354,18.132866586356677,0.0477833407141621,0.5538000504772475,4.869725360103166e-09,13.0,5577.5986328125,54.23608919071248,390.1246042742532,646.4896393210915,4.0
2457902.1676869127,1674.3321379752615,0.8973902995691055,1569.1690452955393,1.8868568848886031,1569.1690452955393,1.8868568848886031,17.779561006741925,0.0397831678804509,0.5530919770193525,3.5528117092796587e-09,13.0,1124.236572265625,28.947197776857816,390.1246042742532,646.4896393210915,4.0
2457967.887399615,1699.1118257189125,2.4182279038461445,1595.262709622612,3.1938722005252473,1595.262709622612,3.1938722005252473,18.060154647057416,0.0484809073678446,0.5833692672134818,2.051685944308112e-09,13.0,8409.2603515625,66.38865296606444,390.1246042742532,646.4896393210915,4.0
2457903.05667311,1675.038794803039,0.8408252818180989,1569.9131735609642,1.864934295893982,1569.9131735609642,1.864934295893982,17.787562859461424,0.0396633570805613,0.5698371434975898,2.539416230138317e-09,13.0,1119.1570556640625,27.65649254002908,390.1246042742532,646.4896393210915,4.0
2458673.935192556,1672.0563595525284,0.8743208231404311,1566.7725906323515,1.852005747144734,1566.7725906323515,1.852005747144734,17.75379115206126,0.0395936738751578,0.9498887173587336,4.4862380151248554e-09,13.0,1749.1110595703124,51.3546851901362,390.1246042742532,646.4896393210915,0.0
2457968.1242179917,-881866.1317485251,-881866.1317485251,-881866.1317485251,-881866.1317485251,-881866.1317485251,-881866.1317485251,0.0,0.0,-9999.99,-9999.99,13.0,-9999.99,-9999.99,-9999.99,-9999.99,5.0
2457971.9199035265,-881866.1317485251,-881866.1317485251,-881866.1317485251,-881866.1317485251,-881866.1317485251,-881866.1317485251,0.0,0.0,0.6165651762594928,-9999.99,13.0,-9999.99,-9999.99,-9999.99,-9999.99,7.0
2457973.947545953,1732.084583380695,3.8222868399041547,1629.9838925231106,4.654503194277892,1629.9838925231106,4.654503194277892,18.433522794359053,0.0606303043218853,0.608028522820173,3.408815163367975e-09,13.0,10134.62734375,77.77824866317778,390.1246042742532,646.4896393210915,4.0
2457976.09177685,1673.7379345274553,1.3560205014052298,1568.5433334032234,2.1642198507476214,1568.5433334032234,2.1642198507476214,17.772832523710463,0.0413840018672055,0.5584091599039246,3.881042452609267e-09,13.0,3150.0670410156254,46.01583533365472,390.1246042742532,646.4896393210915,4.0
2457977.918987385,1674.5405232902408,0.7439587007667628,1569.3884805247492,1.8135201414574487,1569.3884805247492,1.8135201414574487,17.78192066497182,0.0393867760313187,0.5752739331659023,3.0201737486267787e-09,13.0,1084.772021484375,24.3589320027987,390.1246042742532,646.4896393210915,4.0
2457978.10301369,1671.5285502556258,0.8951804977660439,1566.2167935309285,1.8577994392332564,1566.2167935309285,1.8577994392332564,17.747814485464716,0.0396251267163159,0.5630018618581192,4.999270501388001e-09,13.0,1954.262255859375,30.524584566606595,390.1246042742532,646.4896393210915,4.0
2457979.9333540234,1673.3212109735919,0.7249571331389144,1568.1045125171756,1.792217061304464,1568.1045125171756,1.792217061304464,17.76811374031847,0.0392740320982574,0.613500135558753,4.099562137080947e-09,13.0,1016.9446533203125,25.945888314420767,390.1246042742532,646.4896393210915,4.0
2457980.945103949,1674.8106931781056,0.7701773946290529,1569.6729765376983,1.8284179467817188,1569.6729765376983,1.8284179467817188,17.78497994292252,0.0394663032583763,0.5928777076544578,3.440155041308552e-09,13.0,1049.5508056640624,26.191544469130104,390.1246042742532,646.4896393210915,4.0
2457984.974239867,1672.906081390176,0.9135444928023939,1567.66737012402,1.88127419091049,1567.66737012402,1.88127419091049,17.763413006305264,0.0397527872486257,0.5730527585078932,3.8584467887100755e-09,13.0,1084.2202392578124,31.26364344698349,390.1246042742532,646.4896393210915,4.0
2457985.921308683,1674.6300232236947,0.6765819383684576,1569.4827263136801,1.7849684489528428,1569.4827263136801,1.7849684489528428,17.78293412052444,0.0392356542294674,0.6114502557563565,5.392877803355392e-09,13.0,1122.6052978515625,23.4065662175622,390.1246042742532,646.4896393210915,4.0
2457987.9628133527,1673.6355637898757,0.7202834204188285,1568.4355343183065,1.7934111342865224,1568.4355343183065,1.7934111342865224,17.771673325167843,0.0392802890535273,0.5902444439798784,3.3036682294984483e-09,13.0,1024.0534423828126,24.539435534420477,390.1246042742532,646.4896393210915,4.0
2457989.0296905986,1670.588450986554,0.7745034711631319,1565.2268442218394,1.787072313340203,1565.2268442218394,1.787072313340203,17.73716923928988,0.0392473264299082,0.5811367501673342,5.103917762681395e-09,13.0,1052.9865234375,27.26751769576788,390.1246042742532,646.4896393210915,4.0
2457989.074309016,1674.0910929197219,1.0427085470407593,1568.9152184986867,1.965645290761587,1568.9152184986867,1.965645290761587,17.77683152482457,0.0402219070669245,0.5441531128841464,3.4796594748963834e-09,13.0,1093.326416015625,33.6342193224156,390.1246042742532,646.4896393210915,4.0
2457990.9665426854,1673.2903971104638,0.7634382683551023,1568.0720647071225,1.8095304518365563,1568.0720647071225,1.8095304518365563,17.767764818487144,0.0393657301092517,0.5807023361708159,4.155462793171645e-09,13.0,1055.3356201171875,25.83414682640657,390.1246042742532,646.4896393210915,4.0
2457991.9439655044,0.0,0.0,0.0,0.0,0.0,0.0,0.0,0.0,0.0,0.0,13.0,0.0,0.0,0.0,0.0,5.0
2457996.0221062684,1679.7747760647953,1.852160683583047,1574.9002866586768,2.584995958149314,1574.9002866586768,2.584995958149314,17.841190904998147,0.0440868575682571,0.5301902780582401,4.849772941247688e-09,13.0,8378.801953125,56.42789565042098,390.1246042742532,646.4896393210915,4.0
2457997.0046556992,1671.290378898993,2.2286973351445707,1565.9659928147694,2.839353332208145,1565.9659928147694,2.839353332208145,17.745117543975066,0.0458615855074569,0.5941710371193235,3.9446946787518545e-09,13.0,19807.866796875,84.14229574939701,390.1246042742532,646.4896393210915,4.0
2457997.865732924,1674.3988697311415,1.7022395319061094,1569.2393155933692,2.4254562536130573,1569.2393155933692,2.4254562536130573,17.780316646058317,0.0430264135488423,0.6005255753771223,2.8033479496180006e-09,13.0,11748.7826171875,62.43158397929446,390.1246042742532,646.4896393210915,4.0
2457998.013515408,1673.821555635662,1.731356396898413,1568.6313886342157,2.443756153871084,1568.6313886342157,2.443756153871084,17.773779410184645,0.043146059048097,0.5866757622081793,2.233895692383044e-09,13.0,11313.9615234375,62.4627668309934,390.1246042742532,646.4896393210915,4.0
2457998.883092405,1696.1887182472772,1.8519876023812072,1592.184600408894,2.7173634022905513,1592.184600408894,2.7173634022905513,18.02705473978721,0.0449966332247927,0.597243229494194,2.7449480218829633e-09,13.0,8399.1685546875,53.27352240059411,390.1246042742532,646.4896393210915,4.0
2458000.0289634718,-881866.1317485251,-881866.1317485251,-881866.1317485251,-881866.1317485251,-881866.1317485251,-881866.1317485251,0.0,0.0,-9999.99,-9999.99,13.0,-9999.99,-9999.99,-9999.99,-9999.99,5.0
2458000.9458059305,1672.1171316190482,1.4289402908119173,1566.836585220202,2.201969660535944,1566.836585220202,2.201969660535944,17.754479306631676,0.0416138612387866,0.5899508079363144,2.403173165860406e-09,13.0,5253.5439453125,52.52487389868776,390.1246042742532,646.4896393210915,4.0
2458002.001748652,1673.0604373885258,1.8215110268489942,1567.829911058735,2.5097073197589284,1567.829911058735,2.5097073197589284,17.76516086172335,0.043581729705176,0.5660515943828982,4.649311504864873e-09,13.0,7043.3056640625,63.956386759765365,390.1246042742532,646.4896393210915,4.0
2458003.014511082,1672.4358972462128,1.9272462407519328,1567.1722538275037,2.5913199685658217,1567.1722538275037,2.5913199685658217,17.758088860095754,0.0441306447425428,0.5500220983230486,3.2219929601885797e-09,13.0,7197.137890625,66.19514978719101,390.1246042742532,646.4896393210915,4.0
2458003.9172199904,1675.320538337738,1.042942690841298,1570.209856929084,1.9775992907995001,1570.209856929084,1.9775992907995001,17.79075319199726,0.0402894402049008,0.575931706094482,2.621458369008161e-09,13.0,2517.8095703125,35.41453260439364,390.1246042742532,646.4896393210915,4.0
2458004.9830842526,1673.1974734569142,1.1203476595717523,1567.9742136506889,2.004111715089615,1567.9742136506889,2.004111715089615,17.7667125943231,0.0404409385522364,0.5242867566456517,4.423864618238681e-09,13.0,2596.3480468750004,35.39813300552954,390.1246042742532,646.4896393210915,4.0
2458013.013538368,1673.700738631299,1.3089411409836795,1568.5041651441775,2.1315083969883006,1568.5041651441775,2.1315083969883006,17.772411334710213,0.0411872213056961,0.484073977206905,3.264458978917769e-09,13.0,1154.7321044921875,38.02840398879692,390.1246042742532,646.4896393210915,4.0
2458013.891921784,1672.0373041650496,0.7000556187007825,1566.7525248070817,1.7677654840561796,1566.7525248070817,1.7677654840561796,17.75357537773046,0.0391458670689221,0.5673094295048081,3.2847809143634352e-09,13.0,1122.287255859375,23.12762800432879,390.1246042742532,646.4896393210915,4.0
2458016.967626299,1669.7370166592334,0.8132648580912407,1564.3302614334084,1.7975068156099034,1564.3302614334084,1.7975068156099034,17.7275279936106,0.0393025226553072,0.511773882870079,2.854760503794455e-09,13.0,1118.242822265625,25.21641684387786,390.1246042742532,646.4896393210915,4.0
2458018.90529948,1670.3556245803236,0.958913083578745,1564.9816718793347,1.8813892594504065,1564.9816718793347,1.8813892594504065,17.734532821528624,0.0397538002864349,0.5172366538279412,2.5762617835039644e-09,13.0,1053.273583984375,30.49042905888874,390.1246042742532,646.4896393210915,4.0
2458020.960186848,-881866.1317485251,-881866.1317485251,-881866.1317485251,-881866.1317485251,-881866.1317485251,-881866.1317485251,0.0,0.0,-9999.99,-9999.99,13.0,-9999.99,-9999.99,-9999.99,-9999.99,5.0
2458022.8910403405,1676.868897201736,1.6156135034786183,1571.840319623892,2.3787806529066358,1571.840319623892,2.3787806529066358,17.808286086465444,0.0427237167736662,0.4375447312149544,3.707659437751753e-09,13.0,4179.333593750001,41.39889453781499,390.1246042742532,646.4896393210915,4.0
2458027.9461280163,1720.6653588654933,3.065280625480985,1617.9591481252914,3.902839087529716,1617.9591481252914,3.902839087529716,18.304216815629708,0.0541496986919059,0.5552313325360264,2.245969934991158e-09,13.0,7411.99345703125,63.798109060038335,390.1246042742532,646.4896393210915,4.0
2458033.9288587384,1675.180241942279,1.7320418866622869,1570.06212112679,2.454784750033907,1570.06212112679,2.454784750033907,17.789164540972596,0.0432182183734039,0.4926031156467893,2.3829612106903447e-09,13.0,2854.286572265625,51.0286846561954,390.1246042742532,646.4896393210915,4.0
2458036.937830227,0.0,0.0,0.0,0.0,0.0,0.0,0.0,0.0,0.0,0.0,13.0,0.0,0.0,0.0,0.0,5.0
2458039.925183801,1673.0109136903698,1.030733107505609,1567.7777612992513,1.9482683978512993,1567.7777612992513,1.9482683978512993,17.764600078436207,0.0401241774132657,0.5261803328351601,5.351563900978189e-09,13.0,1297.07509765625,32.45488434318152,390.1246042742532,646.4896393210915,4.0
2458041.9300438664,1669.2337694427006,5.5735702967378575,1563.8003288500115,6.076681077649024,1563.8003288500115,6.076681077649024,17.721829456569832,0.0737630288808611,0.0625362729158304,2.33038617389132e-09,13.0,876.8343749999999,20.547889132865357,390.1246042742532,646.4896393210915,4.0
2458044.8997350736,1672.951004442415,0.8637653299572053,1567.7146752820927,1.8554678965588125,1567.7146752820927,1.8554678965588125,17.763921694021274,0.039612281179923,0.5587528436857945,2.9626261707396742e-09,13.0,1299.64365234375,28.66102764225569,390.1246042742532,646.4896393210915,4.0
2458178.202639773,1673.2292633585555,2.8275514365408245,1568.0076892550226,3.3898748919852646,1568.0076892550226,3.3898748919852646,17.76707256835987,0.0499980869194649,0.3346299111052102,3.1253445137274987e-09,13.0,5447.0841796875,58.44507655246115,390.1246042742532,646.4896393210915,4.0
2458187.2830096544,1669.8130429052426,2.5105933687115183,1564.410319074325,3.0805245799547127,1564.410319074325,3.0805245799547127,17.728388879403333,0.047627663402066,0.4736809816047694,3.355110367254866e-09,13.0,8882.8275390625,76.69781004356379,390.1246042742532,646.4896393210915,4.0
2458195.276851372,1675.3211939729995,1.0116728793801473,1570.2105473302952,1.9595107156585392,1570.2105473302952,1.9595107156585392,17.790760616105526,0.0401871112761128,0.5018632867510927,3.2813446657928003e-09,13.0,1106.8983154296875,29.378973468975307,390.1246042742532,646.4896393210915,4.0
2458202.29443824,0.0,0.0,0.0,0.0,0.0,0.0,0.0,0.0,0.0,0.0,13.0,0.0,0.0,0.0,0.0,5.0
2458207.25718994,1674.8733406605445,0.9956977767918234,1569.738945987944,1.946043375627185,1569.738945987944,1.946043375627185,17.78568933382914,0.0401114289537753,0.4995030682811033,2.82100644225466e-09,13.0,1975.6450439453124,29.003389305247357,390.1246042742532,646.4896393210915,4.0
2458208.2052563047,1676.3326192954664,1.296625194135015,1571.2756048535946,2.1465775414163035,1571.2756048535946,2.1465775414163035,17.802213525281562,0.0412772709970846,0.490554622795938,3.3478549709446314e-09,13.0,3880.18310546875,37.22358383091108,390.1246042742532,646.4896393210915,4.0
2458210.2748407377,1667.8360763222317,7.452245631846954,1562.3285211543262,8.000724885479354,1562.3285211543262,8.000724885479354,17.706002630793275,0.0925905619045711,0.1578844289907065,5.211591515437643e-09,13.0,16487.497265625,77.38231322103566,390.1246042742532,646.4896393210915,4.0
2458211.298277393,1675.3870664079752,1.39276879745935,1570.2799127405644,2.20414893746143,1570.2799127405644,2.20414893746143,17.791506524872332,0.0416267565348606,0.4837963073708324,3.5244626609680047e-09,13.0,3372.24150390625,40.03044554315155,390.1246042742532,646.4896393210915,4.0
2458214.302530721,1668.6849169535064,1.9682455675929327,1563.2223727124588,2.5991574213003896,1563.2223727124588,2.5991574213003896,17.71561450666682,0.0441844302914551,0.4852651455975658,3.08467145486328e-09,13.0,12729.7888671875,62.04995967124912,390.1246042742532,646.4896393210915,4.0
2458215.233639596,1697.8081748351935,5.439970140824049,1593.8899308809534,6.039077711533109,1593.8899308809534,6.039077711533109,18.04539271175996,0.07340344910078,0.4854778526232221,2.837713973820634e-09,13.0,19994.10546875,127.7252112965586,390.1246042742532,646.4896393210915,6.0
2458215.2926964154,1686.3840450099838,3.8953673555046993,1581.8600210624038,4.469335700792318,1581.8600210624038,4.469335700792318,17.916031187585236,0.0589973734747302,0.4678315722032247,3.247697391681804e-09,13.0,20359.948437500003,99.03357989594204,390.1246042742532,646.4896393210915,6.0
2458224.165028906,1673.8908861707614,1.167879833290551,1568.7043955150637,2.040355767835499,1568.7043955150637,2.040355767835499,17.774564476866274,0.040649873052186,0.4613474243903931,2.964056547118101e-09,13.0,1027.66904296875,31.994365632826632,390.1246042742532,646.4896393210915,4.0
2458230.255612092,1670.4653545405256,1.0572465592223226,1565.0972204196446,1.9399611506199819,1565.0972204196446,1.9399611506199819,17.735775352479912,0.0400779854011049,0.4094378797028641,3.872324134445463e-09,13.0,967.458251953125,26.09913385323441,390.1246042742532,646.4896393210915,4.0
2458231.1451516147,1678.212698968026,0.9311337718259641,1573.25537830318,1.9436988990748427,1573.25537830318,1.9436988990748427,17.823502671652733,0.0400978478825229,0.41466870039962,3.9302528322951e-09,13.0,928.1250122070312,20.52973289548419,390.1246042742532,646.4896393210915,4.0
2458232.2168134046,1672.5517261066864,1.130770916374446,1567.294224670553,2.0046059539480505,1567.294224670553,2.0046059539480505,17.759400452152526,0.0404438633148337,0.4439085151012287,2.527683425943854e-09,13.0,1014.7168457031248,30.087835328495505,390.1246042742532,646.4896393210915,4.0
2458235.1341198534,1671.7241697582333,1.5510218273623417,1566.4227860232343,2.2885769416139685,1566.4227860232343,2.2885769416139685,17.7500295895823,0.0421507981925098,0.4056407997345716,3.194624078550348e-09,13.0,2139.9537109375,38.68550737671775,390.1246042742532,646.4896393210915,6.0
2458245.1035190504,1711.3661355534534,2.82109139062933,1608.166820872538,3.6254604258029164,1608.166820872538,3.6254604258029164,18.1989167429159,0.0518720271351472,0.5000189214512025,4.740748627180304e-09,13.0,6446.34111328125,58.06654984089116,390.1246042742532,646.4896393210915,4.0
2458246.122200826,1680.2668765522599,1.4134035423603426,1575.4184814425635,2.261205689187338,1575.4184814425635,2.261205689187338,17.846763221671665,0.0419785540387362,0.5407866182917702,2.569366365015661e-09,13.0,2677.538818359375,43.30933021355999,390.1246042742532,646.4896393210915,4.0
2458248.0960896336,1677.3761794611046,0.8412186333274742,1572.3745012137497,1.889073035772607,1572.3745012137497,1.889073035772607,17.81403031445155,0.0397949203936597,0.5062605473685058,3.467486715554677e-09,13.0,1176.99365234375,23.347614794716527,390.1246042742532,646.4896393210915,4.0
2458248.2599620274,1671.78831463324,1.1688248862394817,1566.4903322673206,2.021697806445997,1566.4903322673206,2.021697806445997,17.750755936264788,0.0405422330145832,0.4714593095084507,2.4323767477573728e-09,13.0,1526.9407958984375,33.62428697620635,390.1246042742532,646.4896393210915,4.0
2458251.1568436925,1674.255894656743,0.8256978504831148,1569.0887590715483,1.8494242806540415,1569.0887590715483,1.8494242806540415,17.778697662921203,0.0395793995846353,0.4901423766364115,4.0163796538970295e-09,13.0,1095.9939697265625,22.91870219845007,390.1246042742532,646.4896393210915,4.0
2458252.2504740097,1673.5763962869878,0.8660893349229639,1568.3732293782523,1.8629514879513582,1568.3732293782523,1.8629514879513582,17.771003339928498,0.0396527858539568,0.4937777498694731,5.436910432110652e-09,13.0,1209.11982421875,24.695102006732338,390.1246042742532,646.4896393210915,4.0
2458254.0840251334,1674.006795629559,1.8347694792780382,1568.8264512302715,2.5274180797653965,1568.8264512302715,2.5274180797653965,17.77587698158093,0.0436997971922129,0.2494538543270222,2.791523279101946e-09,13.0,986.00986328125,26.57712140185602,390.1246042742532,646.4896393210915,4.0
2458255.181194779,1672.7128786986523,0.9206500714280975,1567.4639225974881,1.8832040121999531,1567.4639225974881,1.8832040121999531,17.761225269030522,0.0397633799678969,0.5197361165853914,2.4651358812504203e-09,13.0,1061.5815673828124,28.43573643502356,390.1246042742532,646.4896393210915,4.0
2458264.056864737,1677.4208232658643,1.081689361706698,1572.4215123168644,2.0206621950376618,1572.4215123168644,2.0206621950376618,17.814535840099193,0.0405354963923968,0.5070369087031918,5.3731556854926115e-09,13.0,2521.939794921875,31.20154342486643,390.1246042742532,646.4896393210915,4.0
2458265.0568644474,1675.6951887327052,1.0829938028541393,1570.6043736698678,2.0049001756239075,1570.6043736698678,2.0049001756239075,17.794995558537835,0.0404451153902396,0.5511159268862532,4.4916498198567186e-09,13.0,3723.7994140625,35.01278410647391,390.1246042742532,646.4896393210915,4.0
2458293.1534498623,0.0,0.0,0.0,0.0,0.0,0.0,0.0,0.0,0.0,0.0,13.0,0.0,0.0,0.0,0.0,5.0
2458294.1460067546,1732.3959703841394,2.3475322830578285,1630.3117912451505,3.4048927580535797,1630.3117912451505,3.4048927580535797,18.437048795725477,0.0501146073373375,1.0197491295291394,2.4499801411228804e-09,13.0,7076.5337890625,79.35781159446582,390.1246042742532,646.4896393210915,0.0
2458295.112056775,1718.843483885314,3.3997372124847534,1616.0406657509182,4.186938450187888,1616.0406657509182,4.186938450187888,18.28358675208022,0.0565503854845974,0.8689338460092902,2.701853182996746e-09,13.0,8500.9193359375,113.63295130380138,390.1246042742532,646.4896393210915,2.0
2458295.975132976,-881866.1317485251,-881866.1317485251,-881866.1317485251,-881866.1317485251,-881866.1317485251,-881866.1317485251,0.0,0.0,-9999.99,-9999.99,13.0,-9999.99,-9999.99,-9999.99,-9999.99,5.0
2458296.1356969327,-881866.1317485251,-881866.1317485251,-881866.1317485251,-881866.1317485251,-881866.1317485251,-881866.1317485251,0.0,0.0,-9999.99,-9999.99,13.0,-9999.99,-9999.99,-9999.99,-9999.99,5.0
2458300.011133071,1703.7877929367319,2.288910997059323,1600.1866263502336,3.1223782188565132,1600.1866263502336,3.1223782188565132,18.113103121518314,0.0479392165701257,0.8667161466901402,3.622357655436994e-09,13.0,11679.105078125,89.40333754037496,390.1246042742532,646.4896393210915,0.0
2458300.9526173025,1692.5079480023792,1.4910673417512448,1588.3086523247591,2.424856753785332,1588.3086523247591,2.424856753785332,17.985375412232102,0.0430207632459363,0.7586941010944332,4.959078105874644e-09,13.0,5379.057421875,56.67990950894691,390.1246042742532,646.4896393210915,0.0
2458302.961952505,1676.9574070175279,0.6540295676560117,1571.9335227928268,1.8005499601279122,1571.9335227928268,1.8005499601279122,17.809288330386902,0.0393175784299054,0.9583292511060738,3.22987509964579e-09,13.0,1301.455517578125,36.07712163163718,390.1246042742532,646.4896393210915,0.0
2458304.0278223148,1675.2463879177963,0.5886670450337191,1570.1317745824583,1.7567532063808653,1570.1317745824583,1.7567532063808653,17.789913547185037,0.0390880347880756,1.0187377552271066,2.1482500703946723e-09,13.0,1223.1491943359374,35.26579073108124,390.1246042742532,646.4896393210915,0.0
2458305.9429226187,1676.5441797435167,0.750636203874447,1571.4983835816167,1.837519980050454,1571.4983835816167,1.837519980050454,17.804609137239204,0.0395149208616372,0.9277362000306822,5.4465026400006886e-09,13.0,1297.316064453125,40.55596775024565,390.1246042742532,646.4896393210915,0.0
2458309.9318791083,1676.1794710336515,0.5438708802795116,1571.1143356972823,1.7508958779886648,1571.1143356972823,1.7508958779886648,17.800479345709352,0.0390575055886673,0.9914620160143964,5.4523950549628355e-09,13.0,1156.4242431640623,30.92978225682946,390.1246042742532,646.4896393210915,0.0
2458311.0601815665,1675.8725880831412,0.5838903240660634,1570.7911798616979,1.7617893039344157,1570.7911798616979,1.7617893039344157,17.79700434614014,0.0391141502058766,1.0096796704497033,3.531010471833802e-09,13.0,1096.1944580078125,34.349594019037575,390.1246042742532,646.4896393210915,0.0
2458312.0557241347,1675.146478923495,0.504805178381134,1570.0265677780976,1.726468535414946,1570.0265677780976,1.726468535414946,17.788782224276478,0.038931703313073,1.0127648337278576,4.310076336388133e-09,13.0,1103.3364990234377,29.556735292004124,390.1246042742532,646.4896393210915,0.0
2458312.924730061,1678.567643605867,0.6492427277103966,1573.6291443623145,1.8160144151121018,1573.6291443623145,1.8160144151121018,17.827521899379594,0.0393995304047119,0.9827270237349032,4.41130226420852e-09,13.0,1177.164111328125,36.06678247759562,390.1246042742532,646.4896393210915,0.0
2458313.1013006475,1676.4280316296179,0.5536751352788438,1571.3760765562947,1.757024643509284,1571.3760765562947,1.757024643509284,17.803293930105355,0.0390892846420109,0.9950541633797032,4.953261188299343e-09,13.0,1107.977490234375,31.520597577692687,390.1246042742532,646.4896393210915,0.0
2458313.9209882887,1677.05767003877,0.6444106878161011,1572.0391023968878,1.7977808980807102,1572.0391023968878,1.7977808980807102,17.810423662131615,0.0393029103953023,0.9850790903981564,5.286210583805147e-09,13.0,1143.3486328125,36.58117866672952,390.1246042742532,646.4896393210915,0.0
2458314.918063685,1677.7692030931987,0.6915228123594002,1572.7883654575023,1.8246877238421357,1572.7883654575023,1.8246877238421357,17.818480730970116,0.0394459412890916,0.9749060141124524,4.5875450244202105e-09,13.0,1169.56826171875,38.55456652902951,390.1246042742532,646.4896393210915,0.0
2458317.0249600224,1676.4793650569827,0.5950650868015505,1571.4301320083364,1.7725226888713317,1571.4301320083364,1.7725226888713317,17.803875205923006,0.0391701026524586,0.9965037562778304,3.2700490475333036e-09,13.0,1113.990966796875,34.168429886438005,390.1246042742532,646.4896393210915,0.0
2458317.9105333406,1676.8745487071833,0.6957212315344039,1571.846270808089,1.8169126883114788,1571.846270808089,1.8169126883114788,17.80835008148037,0.0394045350658133,0.982513510110369,3.573329973291365e-09,13.0,1491.937841796875,39.80929646979336,390.1246042742532,646.4896393210915,0.0
2458327.944227847,1723.8941965813392,4.196724764338641,1621.3591993444777,4.951999924975959,1621.3591993444777,4.951999924975959,18.340778669759978,0.0632965968278255,0.7465159887877258,4.608428233211206e-09,13.0,20786.469140625,115.02785925182854,390.1246042742532,646.4896393210915,0.0
2458328.0589822344,1682.655346780707,1.550722903273162,1577.9336035474523,2.37925969775993,1577.9336035474523,2.37925969775993,17.87380914586242,0.0427261628994316,0.8641449692122669,2.998387964887753e-09,13.0,12178.042578125,75.06906878688207,390.1246042742532,646.4896393210915,0.0
2458330.0407216707,1675.8279930171973,1.4498977822670382,1570.7442200818405,2.2483791110644584,1570.7442200818405,2.2483791110644584,17.796499372388144,0.0418993393752331,0.6425459626324643,4.2236507652501224e-09,13.0,6231.7865234375,55.833954354364906,390.1246042742532,646.4896393210915,4.0
2458330.87544986,1676.5718595688304,0.8158986607647277,1571.5275311672444,1.8683986340568806,1571.5275311672444,1.8683986340568806,17.804922570686315,0.0396819999050112,0.8213100345150495,2.3818393428444132e-09,13.0,1201.420068359375,39.19274747242157,390.1246042742532,646.4896393210915,0.0
2458332.017301899,1676.1562551810364,0.7090864238318424,1571.0898887925648,1.8150173019476767,1571.0898887925648,1.8150173019476767,17.80021646020952,0.0393945283559279,1.0063764189755218,3.189664881849586e-09,13.0,1681.1190185546875,42.08554507863303,390.1246042742532,646.4896393210915,0.0
2458332.868409696,1676.1157881386177,0.560231227797165,1571.0472759302836,1.7559096920574313,1571.0472759302836,1.7559096920574313,17.799758230272865,0.0390835329237178,0.9812522149624088,5.192393131815559e-09,13.0,1281.2642822265625,31.57225385153904,390.1246042742532,646.4896393210915,0.0
2458335.9150463515,1675.6572888589196,0.5390561561729561,1570.5644641038236,1.7435108769708434,1570.5644641038236,1.7435108769708434,17.794566398022866,0.0390193569203542,0.9954215465739374,4.755790936351385e-09,13.0,1123.895166015625,30.974673211566973,390.1246042742532,646.4896393210915,0.0
2458337.9020184106,1675.6244950485654,0.5232100613555535,1570.5299313571531,1.7377890271976713,1570.5299313571531,1.7377890271976713,17.79419505619151,0.0389898345367755,0.9976076790089148,4.28602781199483e-09,13.0,1137.4671630859375,30.06249843763952,390.1246042742532,646.4896393210915,0.0
2458338.9470829046,1675.753800956986,0.738826035425072,1570.666093886912,1.8238961560403193,1570.666093886912,1.8238961560403193,17.79565925606089,0.039441972519598,1.0106953065477324,3.1816327128793973e-09,13.0,1086.992626953125,44.35854190194872,390.1246042742532,646.4896393210915,0.0
2458339.943551521,1676.1208788739314,0.55836676685715,1571.0526366087477,1.7553067576343035,1571.0526366087477,1.7553067576343035,17.799815875388013,0.0390804003441098,1.005393346951182,2.945072886495092e-09,13.0,1078.5022216796874,32.45166084507487,390.1246042742532,646.4896393210915,0.0
2458339.9752682745,1675.002228565135,0.5995066443077383,1569.8746683486536,1.7581728774921477,1569.8746683486536,1.7581728774921477,17.787148800417903,0.0390954490276652,1.0003629981594124,4.816935956139201e-09,13.0,1091.886328125,35.32746969390171,390.1246042742532,646.4896393210915,0.0
2458340.874712359,1676.4943637401473,0.5975784132403549,1571.4459260170374,1.77362307821689,1571.4459260170374,1.77362307821689,17.804045044023983,0.0391758599816727,1.0012032232041148,4.3090701138197775e-09,13.0,1205.3228027343748,34.643836915526535,390.1246042742532,646.4896393210915,0.0
2458341.8744127885,1536.258650467566,49.08286220168116,1423.7740236646712,51.69496764234483,1423.7740236646712,51.69496764234483,16.21608115616283,0.556949076117931,0.0011279852076024,5.3267014882874926e-09,13.0,465.2850402832031,10.846701612646248,390.1246042742532,646.4896393210915,6.0
2458343.033569966,1671.9746860019634,0.5216705525025771,1566.6865862308887,1.6973569537995223,1566.6865862308887,1.6973569537995223,17.752866318822544,0.0387838618804729,0.952861754546818,4.681217893141998e-09,13.0,1080.9177734375,29.958741882441643,390.1246042742532,646.4896393210915,0.0
2458344.864310277,1674.7139810758176,0.8290601738308498,1569.5711361448905,1.8557650263411103,1569.5711361448905,1.8557650263411103,17.78388482012984,0.0396136399375622,0.9519302492940088,4.829623477726501e-09,13.0,1496.6306396484374,47.56965370555184,390.1246042742532,646.4896393210915,0.0
2458346.0284890654,1674.0633480903682,0.6107807397046926,1568.8860024620903,1.7523637154333187,1568.8860024620903,1.7523637154333187,17.77651735530198,0.039065411207604,0.977155647887204,3.950589245547789e-09,13.0,1060.7684814453123,35.56598757385715,390.1246042742532,646.4896393210915,0.0
2458347.899656635,1676.0483814447032,0.5947265426458733,1570.9762949049136,1.7677125698461897,1570.9762949049136,1.7677125698461897,17.798994948272593,0.0391450168805787,0.9905359749244064,4.3150013297464055e-09,13.0,1555.489404296875,34.25359396977131,390.1246042742532,646.4896393210915,0.0
2458347.973900866,1681.4284780765202,0.7368798876205956,1576.6416784646324,1.8832488327111003,1576.6416784646324,1.8832488327111003,17.859916656196752,0.0397625008099601,0.99097497620435,4.592344755525552e-09,13.0,2256.655029296875,40.46085053016957,390.1246042742532,646.4896393210915,0.0
2458353.0118637346,1681.785855739044,1.160797674423962,1577.0180065628874,2.110241230647831,1577.0180065628874,2.110241230647831,17.863963434361693,0.0410594030459465,0.9215672917617628,5.4014027947581615e-09,13.0,7960.06884765625,60.20498497951112,390.1246042742532,646.4896393210915,0.0
2458353.977022094,1687.992419283874,1.2810319582008869,1583.5536815656894,2.244380440839446,1583.5536815656894,2.244380440839446,17.93424366859666,0.0418732696552995,0.9657312476594916,4.222143029905931e-09,13.0,8325.7939453125,65.34899072709453,390.1246042742532,646.4896393210915,0.0
2458381.880057115,1679.325306595602,1.3500216654242154,1574.4269834606807,2.2093837720299963,1574.4269834606807,2.2093837720299963,17.836101322115727,0.0416583535021183,0.8524276489276952,3.4096830655383883e-09,13.0,4838.30556640625,66.70706827312844,390.1246042742532,646.4896393210915,0.0
2458390.8802764467,1676.0797813005343,0.7199114426333547,1571.0093597807286,1.8189289436476577,1571.0093597807286,1.8189289436476577,17.79935050561231,0.0394153951356036,0.9313462391240518,4.086337450628572e-09,13.0,1478.900146484375,39.25355147679516,390.1246042742532,646.4896393210915,0.0
2458398.88121171,1672.249373326297,0.5556081260719993,1566.9758392235087,1.7122232577444947,1566.9758392235087,1.7122232577444947,17.755976750119356,0.0388593095640962,0.942949621379364,5.4179244701868945e-09,13.0,1656.2764892578125,31.582423149509925,390.1246042742532,646.4896393210915,0.0
2458683.95987839,1681.6997387063948,1.1389906568728574,1576.9273230576684,2.0961915821324535,1576.9273230576684,2.0961915821324535,17.862988285201858,0.0409761088382956,1.0139300673899545,3.446378669234837e-09,13.0,4820.03349609375,65.01072413676,390.1246042742532,646.4896393210915,0.0
2458684.001649403,1685.9940500756916,0.9628125511806286,1581.4493461172642,2.0397716669327934,1581.4493461172642,2.0397716669327934,17.91161506662964,0.0406450881202014,1.0716156744736378,3.836728919119022e-09,13.0,5021.07568359375,55.251926425912295,390.1246042742532,646.4896393210915,0.0
2458685.014103376,1672.067545064105,0.6748971107113576,1566.7843692708655,1.7572005373298394,1566.7843692708655,1.7572005373298394,17.753917811583552,0.0390908201085527,1.0319696491374044,5.076670035934769e-09,13.0,2214.717236328125,42.783325178605445,390.1246042742532,646.4896393210915,0.0
2458686.027501211,1672.7193580799424,0.7878897223610773,1567.4707455567668,1.8152626480260243,1567.4707455567668,1.8152626480260243,17.7612986385258,0.0393963187788265,0.7222319989713862,4.742845688307228e-09,13.0,2512.29296875,34.36684750769936,390.1246042742532,646.4896393210915,0.0
2458687.9936070875,1673.8381560902494,0.6454799031962565,1568.6488693504466,1.7637015989484872,1568.6488693504466,1.7637015989484872,17.77396738599903,0.0391243990428697,1.0793556188306286,3.2910286981901e-09,13.0,1200.3010009765626,42.17628316035148,390.1246042742532,646.4896393210915,0.0
2458688.893640899,1675.0077585010392,0.5859298824785875,1569.8804915169153,1.7531501834765206,1569.8804915169153,1.7531501834765206,17.78721141883593,0.0390693577951432,1.0557019586679737,3.461555521416448e-09,13.0,1339.2607666015624,36.45586435814884,390.1246042742532,646.4896393210915,0.0
2458689.89128779,1674.8169496904097,0.6014015897689167,1569.6795648100613,1.7568890797362682,1569.6795648100613,1.7568890797362682,17.78505078875323,0.0390888007869603,1.0364307755577928,5.428532842884924e-09,13.0,1233.7650146484375,36.87177365890128,390.1246042742532,646.4896393210915,0.0
2458691.960091004,1676.3442272063114,0.5319676322171146,1571.28782828967,1.7486495470038865,1571.28782828967,1.7486495470038865,17.80234496785639,0.0390458447996698,1.055023434050378,4.045177061512414e-09,13.0,1150.4314697265625,32.2565589313595,390.1246042742532,646.4896393210915,0.0
2458692.882470164,1677.6382606464545,0.7479298989615601,1572.6504796097515,1.8478128165961563,1572.6504796097515,1.8478128165961563,17.816997999703116,0.0395702418503858,1.0167304021428605,5.4297073300658065e-09,13.0,1225.81982421875,44.09976058499466,390.1246042742532,646.4896393210915,0.0
2458694.0731958835,1674.385929025217,3.8572570188129762,1569.2256886889447,4.3780642553885825,1569.2256886889447,4.3780642553885825,17.780170111532886,0.0582015865603922,0.0972513337720925,2.218961276739959e-09,13.0,868.3275390625,21.0525356489439,390.1246042742532,646.4896393210915,4.0
2458694.931796272,1675.6941148895478,0.5665614146796231,1570.60324288472,1.753556379793322,1570.60324288472,1.753556379793322,17.79498339883818,0.0390713708410556,1.032515303348685,4.166701642816389e-09,13.0,1202.5634033203123,34.035461665751384,390.1246042742532,646.4896393210915,0.0
2458696.8715228806,0.0,0.0,0.0,0.0,0.0,0.0,0.0,0.0,0.0,0.0,13.0,0.0,0.0,0.0,0.0,5.0
2458697.8687286936,1675.460708177389,0.5018376208268652,1570.3574594647773,1.7289765194081574,1570.3574594647773,1.7289765194081574,17.792340409962925,0.0389445276436089,1.0220833878386724,4.316268170146779e-09,13.0,1307.6767578125,29.52947382013608,390.1246042742532,646.4896393210915,0.0
2458697.950557228,1675.2934504623104,0.683965900822379,1570.181332682288,1.7951208615932799,1570.181332682288,1.7951208615932799,17.790446461514897,0.0392890852089774,1.034447699245213,5.433902782730392e-09,13.0,1138.427197265625,42.11811707852166,390.1246042742532,646.4896393210915,0.0
2458699.9574479107,1674.1900346589034,0.1551824101394373,1569.0194067579107,1.639692280570614,1569.0194067579107,1.639692280570614,17.777951894986742,0.0384955976138387,0.9999995139942546,3.049395439303501e-09,13.0,1143.2652587890625,0.0455334932769597,390.1246042742532,646.4896393210915,0.0
2458700.049072216,1673.7239564455601,0.6336831539564978,1568.5286141145602,1.7577319007086778,1568.5286141145602,1.7577319007086778,17.772674242422816,0.0390933375824641,0.9733029899661512,3.533077941916021e-09,13.0,1169.5232421874998,37.07976921058354,390.1246042742532,646.4896393210915,0.0
2458701.87067415,1675.4575838171602,0.5167032322651725,1570.3541694311036,1.7337906728864538,1570.3541694311036,1.7337906728864538,17.792305031163174,0.0389692689107541,1.0506017941854977,3.5736710857919563e-09,13.0,1558.534985351563,31.462795040760728,390.1246042742532,646.4896393210915,0.0
2458701.94519847,1677.203399369237,0.5796787665858578,1572.192559222944,1.7747692750105468,1572.192559222944,1.7747692750105468,17.81207383318137,0.0391817684909456,1.0715094683452788,3.0163491913550093e-09,13.0,1369.3810302734375,35.749622581137906,390.1246042742532,646.4896393210915,0.0
2458702.953737819,1675.3919834936048,1.1193112606427267,1570.2850905613354,2.024037731877389,1570.2850905613354,2.024037731877389,17.791562203659364,0.0405552272836682,0.6770500658478755,4.2971006575581645e-09,13.0,3715.561865234375,45.23095552493695,390.1246042742532,646.4896393210915,4.0
2458703.9509309726,1676.6629707080685,0.7510512384963818,1571.6234735983326,1.8389551989849386,1571.6234735983326,1.8389551989849386,17.805954270782642,0.0395226249461916,1.0065329160012937,3.3922334017602753e-09,13.0,2432.491796875,44.30348904694807,390.1246042742532,646.4896393210915,0.0
2458704.03026897,1677.741509143522,0.7439595494613694,1572.7592029985474,1.8471250520105684,1572.7592029985474,1.8471250520105684,17.818167137585295,0.0395665154627756,1.0093374175673606,5.108789262887015e-09,13.0,3630.195703125,43.46311342976005,390.1246042742532,646.4896393210915,0.0
2458704.052236747,1677.6509316477511,0.8574369966478209,1572.6638225080942,1.8999588255199156,1572.6638225080942,1.8999588255199156,17.817141480218975,0.0398547665509329,1.0160458796245857,3.7797533685382985e-09,13.0,3613.448876953125,50.93695824014114,390.1246042742532,646.4896393210915,0.0
2458709.945232063,1677.1906592850514,1.8756408514135523,1572.1791435784992,2.584128389241556,1572.1791435784992,2.584128389241556,17.811929570403056,0.0440812638908704,0.256916142348012,3.029924316060775e-09,13.0,1358.7305908203125,27.11845842967062,390.1246042742532,646.4896393210915,0.0
2458709.947752894,1676.7171028947032,0.8800671810903421,1571.6804762176541,1.901893073974492,1571.6804762176541,1.901893073974492,17.80656723844646,0.0398655528908723,1.0474228321393062,4.183204761904307e-09,13.0,5508.7115234375,54.60316206288167,390.1246042742532,646.4896393210915,0.0
2458710.0229370915,1696.2447500831618,1.9079505752968462,1592.243603408945,2.7604269455247104,1592.243603408945,2.7604269455247104,18.02768921819416,0.0452987197943438,1.0323016212393028,3.928154298648031e-09,13.0,10776.5677734375,96.26712296152958,390.1246042742532,646.4896393210915,0.0
2458711.9638633817,1675.0118495778847,0.9454297163049459,1569.8847995286656,1.91941321025876,1569.8847995286656,1.91941321025876,17.7872577442843,0.0399627591334587,0.9736876987957532,2.7964832671852038e-09,13.0,4500.3830078125,55.708107818926266,390.1246042742532,646.4896393210915,0.0
2458714.9634998217,0.0,0.0,0.0,0.0,0.0,0.0,0.0,0.0,0.0,0.0,13.0,0.0,0.0,0.0,0.0,5.0
2458717.925540876,1672.6897350007923,0.7115465062830387,1567.4395516736279,1.7796471453598126,1567.4395516736279,1.7796471453598126,17.76096320057751,0.0392079728544535,0.9812243653584516,3.431805298445075e-09,13.0,1171.14609375,42.77607096160087,390.1246042742532,646.4896393210915,0.0
2458724.903081949,1672.870330486343,0.598710150143971,1567.6297234799758,1.7349122383997553,1567.6297234799758,1.7349122383997553,17.763008179724917,0.0389754110026431,0.998735214134973,4.6166527366515724e-09,13.0,1289.5320068359374,36.16332192859327,390.1246042742532,646.4896393210915,0.0
2458727.8690695893,1674.9199278798135,0.6129059970935321,1569.7880035577623,1.7624014911856336,1569.7880035577623,1.7624014911856336,17.786216865797346,0.0391174704385359,1.0009003299383863,4.817308734372303e-09,13.0,1519.806787109375,36.26352181788431,390.1246042742532,646.4896393210915,0.0
2458728.93854045,1673.2945902249107,0.6094003614478528,1568.076480167155,1.7435786497761712,1568.076480167155,1.7435786497761712,17.76781229936176,0.0390200421591974,1.0095946483781957,3.529477773941028e-09,13.0,1269.6564208984375,37.12011878037983,390.1246042742532,646.4896393210915,0.0
2458734.884355881,0.0,0.0,0.0,0.0,0.0,0.0,0.0,0.0,0.0,0.0,13.0,0.0,0.0,0.0,0.0,5.0
2458734.8881464624,0.0,0.0,0.0,0.0,0.0,0.0,0.0,0.0,0.0,0.0,13.0,0.0,0.0,0.0,0.0,5.0
2458736.8701765398,1674.0135271769354,0.8260665931990108,1568.8335397270855,1.8471358736300212,1568.8335397270855,1.8471358736300212,17.77595320648749,0.03956707475195,0.9858861821185392,2.9075513549318704e-09,13.0,4997.48154296875,49.5768650194432,390.1246042742532,646.4896393210915,0.0
2458736.873974359,-881866.1317485251,-881866.1317485251,-881866.1317485251,-881866.1317485251,-881866.1317485251,-881866.1317485251,0.0,0.0,-9999.99,-9999.99,13.0,-9999.99,-9999.99,-9999.99,-9999.99,5.0
2458739.8952823174,1672.2190492422114,0.8594820369653213,1566.9439071636975,1.8459167317225034,1566.9439071636975,1.8459167317225034,17.755633374317746,0.039560755753165,1.0125647707468362,3.259026801736709e-09,13.0,3945.20625,54.22513860913446,390.1246042742532,646.4896393210915,0.0
2458739.899066556,1673.0435649018432,0.8599276179504285,1567.8121438855403,1.8544205493706316,1567.8121438855403,1.8544205493706316,17.76496980554426,0.039606596077039,1.0129768214204549,2.6106495899855333e-09,13.0,3983.253076171875,53.78416138523904,390.1246042742532,646.4896393210915,0.0
2458749.879510217,1674.6466778751023,0.6818982350050733,1569.5002641005874,1.7873867720852714,1569.5002641005874,1.7873867720852714,17.78312271003834,0.0392483802722649,0.9460282704093352,5.3247158163609535e-09,13.0,1456.29599609375,38.368579584925925,390.1246042742532,646.4896393210915,0.0
2458749.883298716,1673.3005361318428,0.5800380775118215,1568.0827413638729,1.7325016836243163,1568.0827413638729,1.7325016836243163,17.767879628041936,0.03896294652612,0.959601706653534,5.452252165053656e-09,13.0,1376.31982421875,33.18241183432056,390.1246042742532,646.4896393210915,0.0
2458751.880238783,1681.3429921490479,2.5730215839960087,1576.551659529801,3.2065934966965384,1576.551659529801,3.2065934966965384,17.858948653377933,0.0485790421674238,0.1509762302706808,5.159248082163388e-09,13.0,1377.330712890625,19.98978577018263,390.1246042742532,646.4896393210915,4.0
2458751.884020771,1678.0761196816868,4.208573114443116,1573.1115567147642,4.738303943860862,1573.1115567147642,4.738303943860862,17.821956111440116,0.0613770058241572,0.0860702790338286,3.975625541339691e-09,13.0,1239.1385498046875,19.19781348723707,390.1246042742532,646.4896393210915,4.0
2458753.8809705013,1678.4816908776784,2.610255883147921,1573.5386338740252,3.2221580298425594,1573.5386338740252,3.2221580298425594,17.826548610726945,0.0486982604687366,0.1944882913339854,3.2522569507685583e-09,13.0,1353.4034912109375,28.41762673242652,390.1246042742532,646.4896393210915,4.0
2458753.8847568664,1676.556493476373,3.945695135216637,1571.5113502668737,4.473871717616131,1571.5113502668737,4.473871717616131,17.804748572213672,0.0590378554460544,0.10973917245106,3.369360316496792e-09,13.0,1167.8586669921874,24.25347484981277,390.1246042742532,646.4896393210915,4.0
2458591.162630231,1607.2963828567238,0.5241773099274276,1440.3197043766422,2.0854028110537164,1440.3197043766422,2.0854028110537164,16.114262326702327,0.0340915360915494,1.046472779517282,1.69709577676467e-10,13.0,3517.7912109375,56.59866305282678,389.01368493623386,645.9803579789159,0.0
2458565.280096771,1608.0860665651446,0.6182751167498511,1441.1858528996206,2.107426356900327,1441.1858528996206,2.107426356900327,16.12329523762435,0.0342378791616022,0.8595702396181416,3.4540461093011345e-10,13.0,4447.396826171875,57.43357574690984,389.01368493623386,645.9803579789159,0.0
2458587.1731587616,1607.325795633467,0.5295491305083442,1440.3519651829138,2.0867021778699475,1440.3519651829138,2.0867021778699475,16.1145987689886,0.0341001584203583,0.9571062340911312,1.528422082423285e-10,13.0,1921.538916015625,52.348627076185416,389.01368493623386,645.9803579789159,0.0
2458573.2060149047,1611.1823121139385,0.6658572855727792,1444.581906889672,2.0917962136109725,1444.581906889672,2.0917962136109725,16.158712088620135,0.0341310434100856,0.8304034485271712,3.791458637893914e-10,13.0,2543.99208984375,58.66350255277533,389.01368493623386,645.9803579789159,0.0
2458592.2206372973,1609.1732982866417,0.5453773301562285,1442.3783609122156,2.071054810153676,1442.3783609122156,2.071054810153676,16.135731694381843,0.0339947660034849,1.0637539852846465,2.42057604591297e-10,13.0,3473.671801757813,59.27342538754083,389.01368493623386,645.9803579789159,0.0
2458580.231848519,0.0,0.0,0.0,0.0,0.0,0.0,0.0,0.0,0.0,0.0,13.0,0.0,0.0,0.0,0.0,5.0
2458593.1534094466,1608.93710765184,0.7272148091594477,1442.1193000156893,2.139720601232331,1442.1193000156893,2.139720601232331,16.133029993761664,0.0344543674779356,1.0038214066893545,3.5435852150079647e-10,13.0,7627.366015625001,82.39130388597478,389.01368493623386,645.9803579789159,0.0
2458585.178480116,1609.2558369174606,0.5666238922992379,1442.4688917315927,2.077004600763149,1442.4688917315927,2.077004600763149,16.136675824407398,0.0340341575980312,1.010567282744033,3.7859319866259926e-10,13.0,1992.074853515625,59.25718663851013,389.01368493623386,645.9803579789159,0.0
2458586.175836738,1607.1494504012924,0.7524895170122872,1440.1585444997306,2.1694500309545024,1440.1585444997306,2.1694500309545024,16.112581618632376,0.0346573891644746,0.5276225144836233,3.714695403078501e-10,13.0,1652.7423583984375,45.13989741046888,389.01368493623386,645.9803579789159,4.0
2458594.253389277,1603.9727012477026,0.7576710810650903,1436.6741917672282,2.207111440125104,1436.6741917672282,2.207111440125104,16.076243915549522,0.0349176411621079,0.9555042238572308,3.6186014685121496e-10,13.0,4857.284033203125,87.35476870047307,389.01368493623386,645.9803579789159,0.0
2458595.148103528,1611.1228810543332,2.0053841538264074,1444.516721140051,2.946675168803973,1444.516721140051,2.946675168803973,16.158032277878572,0.040415256877796,0.6152397576817277,1.6632474040007128e-10,13.0,27031.7060546875,148.55393585660934,389.01368493623386,645.9803579789159,6.0
2458600.134669745,1606.1807889038214,0.9889842406023281,1439.0960878270755,2.290922522815385,1439.0960878270755,2.290922522815385,16.101501444472852,0.0354981198203895,0.9197270891622984,3.509758477142179e-10,13.0,3556.0922119140623,110.99777949286184,389.01368493623386,645.9803579789159,0.0
2458602.1896979986,1611.8055769228035,0.7152782671448029,1445.2655222256137,2.104958847830979,1445.2655222256137,2.104958847830979,16.165841392972315,0.0342184690232844,1.0003879345376532,3.77254146118185e-10,13.0,2560.721142578125,77.15070682954682,389.01368493623386,645.9803579789159,0.0
2458603.199102357,1606.5864518613837,1.076509727346474,1439.5410309958038,2.3337298796980943,1439.5410309958038,2.3337298796980943,16.10614167868427,0.0357997897266987,0.8025498521053104,3.6878611904739286e-10,13.0,2516.862744140625,105.59267841046952,389.01368493623386,645.9803579789159,0.0
2458610.1762066293,1607.2352748481162,0.5239344131510749,1440.252679299599,2.0860216386560393,1440.252679299599,2.0860216386560393,16.113563333937904,0.034095703148008,1.0546641806293178,2.1910968390097359e-10,13.0,2116.6106689453127,57.06208896289787,389.01368493623386,645.9803579789159,0.0
2458611.1635579737,1607.9781410538196,0.5287174693375689,1441.06747699642,2.0791072265285884,1441.06747699642,2.0791072265285884,16.12206071610691,0.0340491375073067,1.043844194545947,3.7181480768528375e-10,13.0,2029.5640991210937,56.5903597217953,389.01368493623386,645.9803579789159,0.0
2458616.2637964017,1607.8998081504044,0.5398901815203543,1440.9815591436534,2.0834347256880728,1440.9815591436534,2.0834347256880728,16.121164693900475,0.034077957813787,1.01336834873543,3.5919680649346663e-10,13.0,2653.565576171875,56.58478411596072,389.01368493623386,645.9803579789159,0.0
2458618.0908732787,1610.3028706432299,0.5799631613980415,1443.6173093897153,2.0701314258944845,1443.6173093897153,2.0701314258944845,16.148652470596705,0.0339877599328453,0.9988388604662628,3.749314639561405e-10,13.0,2945.851245117188,59.5926779321312,389.01368493623386,645.9803579789159,0.0
2458619.088185861,1610.722537337846,0.5536802568575974,1444.0776122727643,2.056963858599641,1444.0776122727643,2.056963858599641,16.153452888572886,0.0339003715084254,1.0265528685036749,2.0910941792797224e-10,13.0,3277.0338378906254,56.94775423429987,389.01368493623386,645.9803579789159,0.0
2458626.1943083266,1723.0981303600145,10.357491462805802,1567.3344971202716,11.58298419462442,1567.3344971202716,11.58298419462442,17.43887730692339,0.1236123563173581,1.0262997432500334,1.6319600689344354e-10,13.0,10637.75283203125,401.6120888361239,389.01368493623386,645.9803579789159,2.0
2458627.1870316765,1610.739127851934,0.5647819336880705,1444.0958092408935,2.0604151046990045,1444.0958092408935,2.0604151046990045,16.15364266155961,0.033923145621497,1.039053363032834,1.694101273049051e-10,13.0,4549.1431640625,59.53451018252643,389.01368493623386,645.9803579789159,0.0
2458628.0601830976,1610.0539780228098,0.6339314528902493,1443.3443165784695,2.091724088238571,1443.3443165784695,2.091724088238571,16.145805476483204,0.0341314350415669,1.0271809216582808,2.4242900582879157e-10,13.0,3793.271533203125,69.80223533840079,389.01368493623386,645.9803579789159,0.0
2458629.0576769784,1611.3347927373425,0.5900064886359109,1444.749152161841,2.0626202357460484,1444.749152161841,2.0626202357460484,16.16045626020914,0.0339372568012468,1.001082206578065,3.716530983262881e-10,13.0,2994.977905273437,60.16613194462329,389.01368493623386,645.9803579789159,0.0
2458629.251473928,1610.5975954227663,0.5172596565470463,1443.9405722730157,2.046867413334324,1443.9405722730157,2.046867413334324,16.152023722468396,0.0338339384214491,1.0142478194781703,3.8145555373291067e-10,13.0,3165.2010986328123,50.68995323093595,389.01368493623386,645.9803579789159,0.0
2458630.1911054133,0.0,0.0,0.0,0.0,0.0,0.0,0.0,0.0,0.0,0.0,13.0,0.0,0.0,0.0,0.0,5.0
2458631.0955069764,1613.277616373233,0.5764361108303763,1446.880098773361,2.0379223703908376,1446.880098773361,2.0379223703908376,16.182679528402538,0.0337731073605906,1.023184203013386,2.4716732113564954e-10,13.0,2179.6570556640627,57.73511843405424,389.01368493623386,645.9803579789159,0.0
2458639.0345747788,1608.4714681772205,0.7682084004821941,1441.6085728234232,2.1618284978218236,1441.6085728234232,2.1618284978218236,16.127703709515004,0.0346045030851878,0.9482475576236464,3.466836877907197e-10,13.0,2397.728759765625,83.48746372983665,389.01368493623386,645.9803579789159,0.0
2458641.181412755,1609.0611990672187,0.5027261232967286,1442.2554071621325,2.059267631941092,1442.2554071621325,2.059267631941092,16.134449431302738,0.0339168863892633,1.02590973892137,3.814141852082582e-10,13.0,2049.1030517578124,50.41884069845021,389.01368493623386,645.9803579789159,0.0
2458647.013042252,1626.1814154869594,9.279865432602968,1461.033368524223,10.339311849550226,1461.033368524223,10.339311849550226,16.330281494489608,0.1109728453125074,0.0930136586219129,3.7927047777610915e-10,13.0,10450.85380859375,89.28498415331907,389.01368493623386,645.9803579789159,4.0
2458653.989989757,1638.2805308918882,1.7450414959935154,1474.3040373066144,2.5861154450609707,1474.3040373066144,2.5861154450609707,16.468678969988304,0.037620411074856,0.9758034305023492,3.672179846564504e-10,13.0,8660.5138671875,151.54422174986996,389.01368493623386,645.9803579789159,0.0
2458655.006783694,1613.818996959673,0.6836936546765265,1447.4739010644707,2.072069293191803,1447.4739010644707,2.072069293191803,16.188872188273912,0.0339979305239774,1.0096843958734734,3.7512219342635185e-10,13.0,6236.420166015625,71.56235872158778,389.01368493623386,645.9803579789159,0.0
2458656.040377924,1613.4723086393249,0.6360718691297915,1447.0936430277397,2.057202137975136,1447.0936430277397,2.057202137975136,16.184906543950735,0.033899850923414,1.015559550219748,3.8133051619803477e-10,13.0,4506.19326171875,65.76267927685893,389.01368493623386,645.9803579789159,0.0
2458661.927114698,1608.3995563486747,0.9641854979299996,1441.529697796098,2.2550521839084325,1441.529697796098,2.2550521839084325,16.12688113569897,0.035245687658382,0.814547482218538,3.7863482344933047e-10,13.0,2307.3112548828126,92.87590217430714,389.01368493623386,645.9803579789159,0.0
2458673.9391435347,0.0,0.0,0.0,0.0,0.0,0.0,0.0,0.0,0.0,0.0,13.0,0.0,0.0,0.0,0.0,5.0
2458684.005597111,1612.8496560160863,0.7217345108948258,1446.4106991551564,2.0971035865199914,1446.4106991551564,2.0971035865199914,16.177784242172066,0.0341651859637253,1.0782280758366043,3.8102661031599956e-10,13.0,5232.9671875,83.32908310313326,389.01368493623386,645.9803579789159,0.0
2458685.0180539647,0.0,0.0,0.0,0.0,0.0,0.0,0.0,0.0,0.0,0.0,13.0,0.0,0.0,0.0,0.0,5.0
2458686.031455878,1609.6165012891151,0.7868689034501551,1442.8644791160953,2.1578450495840666,1442.8644791160953,2.1578450495840666,16.140801335807915,0.0345765573424165,0.5887061069306528,3.4153986452748704e-10,13.0,3639.982080078125,51.837399879681,389.01368493623386,645.9803579789159,4.0
2458687.997552845,1607.146728263293,0.5161472903132568,1440.1555587780006,2.0846902305452275,1440.1555587780006,2.0846902305452275,16.112550481064496,0.0340869175538837,1.0779655574727114,2.3838540450709527e-10,13.0,1998.3408691406248,57.1453836090912,389.01368493623386,645.9803579789159,0.0
2458688.897596721,1609.472956089313,0.5609527980809822,1442.707034481664,2.072785756562156,1442.707034481664,2.072785756562156,16.139159373349703,0.0340060010413759,1.0670106949283715,3.376431106735152e-10,13.0,2241.6678955078123,61.82766366110564,389.01368493623386,645.9803579789159,0.0
2458689.895243366,1609.505013042324,0.5247929793181721,1442.7421954989238,2.061010436956421,1442.7421954989238,2.061010436956421,16.13952606142733,0.0339280456585301,1.0465991043381722,3.549112332008586e-10,13.0,2086.2843994140626,54.61979870690393,389.01368493623386,645.9803579789159,0.0
2458691.9640365057,1610.564982599029,0.4892353899941838,1443.9048015602493,2.0389135415902824,1443.9048015602493,2.0389135415902824,16.151650675983337,0.0337816909084075,1.0508011962667525,3.7762694877792655e-10,13.0,1805.011767578125,48.086757051802586,389.01368493623386,645.9803579789159,0.0
2458692.886415625,1609.3655088997054,0.5751290967668985,1442.5891832159198,2.0786215034060684,1442.5891832159198,2.0786215034060684,16.137930323184186,0.0340448053217127,1.033295193420876,3.7043164756864553e-10,13.0,1968.9497314453124,62.00643109606142,389.01368493623386,645.9803579789159,0.0
2458694.077161752,1609.8158782500955,2.447412733968519,1443.0831616828339,3.3329345774253425,1443.0831616828339,3.3329345774253425,16.143081937913838,0.0435576258571316,0.0721191944397702,1.9381653089540301e-10,13.0,1198.3133666992187,19.07651728092787,389.01368493623386,645.9803579789159,4.0
2458694.9357694057,1612.8494757453336,0.5159178093913085,1446.4105014288452,2.0227215273159422,1446.4105014288452,2.0227215273159422,16.177782180119074,0.0336738963187104,1.0272300719791156,3.7484239798913666e-10,13.0,1959.856762695313,49.154374940230966,389.01368493623386,645.9803579789159,0.0
2458696.875474429,0.0,0.0,0.0,0.0,0.0,0.0,0.0,0.0,0.0,0.0,13.0,0.0,0.0,0.0,0.0,5.0
2458697.872682757,1612.9242146122594,0.525944257781877,1446.4924772357501,2.0250551960634198,1446.4924772357501,2.0250551960634198,16.17863709142111,0.0336890909883361,1.0416907427851292,3.5888445816046614e-10,13.0,2156.6055908203125,51.4631489963881,389.01368493623386,645.9803579789159,0.0
2458697.9545110115,1612.1696937235017,0.5110185440677043,1445.6648963367343,2.0282965249786016,1445.6648963367343,2.0282965249786016,16.170006395480094,0.0337108653909248,1.0586437850867645,2.823073424698965e-10,13.0,1797.5224121093752,50.773264797316166,389.01368493623386,645.9803579789159,0.0
2458699.9614029503,1607.0274714478967,0.29787877671219004,1440.0247543642733,2.034167858530244,1440.0247543642733,2.034167858530244,16.11118634479218,0.0337534019026492,1.0000771128243695,2.4142202343526757e-10,13.0,1776.6483276367187,0.2483680968751769,389.01368493623386,645.9803579789159,0.0
2458700.0530265467,1608.084001932952,0.5086125500571985,1441.18358834977,2.071876875992563,1441.18358834977,2.071876875992563,16.123271621031428,0.0340010842299191,1.046924632188764,2.122932700011036e-10,13.0,1899.863854980469,53.41833999409531,389.01368493623386,645.9803579789159,0.0
2458701.874620201,1611.0409234772403,0.5546623748294082,1444.4268276376406,2.0538963807507438,1444.4268276376406,2.0538963807507438,16.157094794319818,0.0338798905774323,1.068945383144254,2.0879696070956796e-10,13.0,2170.052783203125,59.40981212084965,389.01368493623386,645.9803579789159,0.0
2458701.9491573027,1610.925066599279,0.5457251434485225,1444.2997523761755,2.0522458081805004,1444.2997523761755,2.0522458081805004,16.155769548721906,0.0338691001491803,1.083854491654946,3.8039960264432817e-10,13.0,1943.387609863281,58.86074618158463,389.01368493623386,645.9803579789159,0.0
2458702.95769909,1623.7404218568704,7.641130436324982,1458.356014281314,8.579946237329207,1458.356014281314,8.579946237329207,16.30235983701248,0.0932463796450345,0.0933997614393159,3.7811772957375027e-10,13.0,7278.630126953125,75.4861479198125,389.01368493623386,645.9803579789159,4.0
2458703.95489544,1611.2755148606127,0.5711708302063886,1444.6841344277436,2.056856101483616,1444.6841344277436,2.056856101483616,16.159778201671987,0.033899232395771,1.0120318895478893,3.8125218210588737e-10,13.0,2710.3999267578124,58.23845875135678,389.01368493623386,645.9803579789159,0.0
2458704.0561986878,1610.6185520359825,0.6336455312497188,1443.9635581082186,2.085638968392662,1443.9635581082186,2.085638968392662,16.152263437709315,0.0340904718839289,1.026193689038193,3.7700067601721466e-10,13.0,4290.201611328125,69.16242498231553,389.01368493623386,645.9803579789159,0.0
2458709.951713852,1610.287249175185,0.5526077505415887,1443.6001753000423,2.0612771927837037,1443.6001753000423,2.0612771927837037,16.148473782182837,0.0339291931751033,1.0673242701292125,3.2884098190541436e-10,13.0,4379.34169921875,59.74908903366525,389.01368493623386,645.9803579789159,0.0
2458710.026896933,1616.6956978866958,0.9098833445918063,1450.6291519990125,2.147940756396331,1450.6291519990125,2.147940756396331,16.221777746468906,0.0345042128730092,1.0556081272738818,3.4414189802724693e-10,13.0,9673.4326171875,102.6695538658837,389.01368493623386,645.9803579789159,0.0
2458711.9678325304,1609.3644094070523,0.5418530609533574,1442.5879772597518,2.067849546911836,1442.5879772597518,2.067849546911836,16.13791774647899,0.0339733863524134,1.0348493210694258,2.3194626924235854e-10,13.0,3530.68173828125,56.90069335865471,389.01368493623386,645.9803579789159,0.0
2458714.967448322,0.0,0.0,0.0,0.0,0.0,0.0,0.0,0.0,0.0,0.0,13.0,0.0,0.0,0.0,0.0,5.0
2458717.9294874584,1608.2153559150129,0.5462018702967344,1441.3276612948425,2.0818934265349758,1441.3276612948425,2.0818934265349758,16.1247741324883,0.0340674576928057,0.9876609316476936,3.6083228289821324e-10,13.0,1903.1234741210935,55.8396252864281,389.01368493623386,645.9803579789159,0.0
2458724.907034078,1609.659539633975,0.5332730935941584,1442.9116848497772,2.061942329610443,1442.9116848497772,2.061942329610443,16.141293636119055,0.0339340813037814,1.010714603511986,3.8118267663245484e-10,13.0,2092.968359375,53.95579191517546,389.01368493623386,645.9803579789159,0.0
2458727.87302039,1610.2462772469796,0.5214757719542048,1443.555236073463,2.0519386064934335,1443.555236073463,2.0519386064934335,16.14800511887646,0.0338676048875175,1.0152207238835864,3.81128904893336e-10,13.0,2233.0505859375,51.86653510634861,389.01368493623386,645.9803579789159,0.0
2458728.9424985447,1609.102487539661,0.49669387393367204,1442.300693583823,2.0570494928465917,1442.300693583823,2.0570494928465917,16.134921715446,0.0339022109833412,1.0214362497729894,3.1112521997018417e-10,13.0,2156.9706298828123,49.15877499883902,389.01368493623386,645.9803579789159,0.0
2458734.891497464,0.0,0.0,0.0,0.0,0.0,0.0,0.0,0.0,0.0,0.0,13.0,0.0,0.0,0.0,0.0,5.0
2458736.8779243086,1606.6524447006234,0.5345401011148959,1439.6134139000287,2.0958808605563446,1439.6134139000287,2.0958808605563446,16.10689654728797,0.0341618741806365,0.9962589359115384,1.5203136905083948e-10,13.0,3889.5015869140634,56.00113486159175,389.01368493623386,645.9803579789159,0.0
2458736.881707732,1606.7906955208168,0.5495471541910808,1439.7650515018097,2.09897166930188,1439.7650515018097,2.09897166930188,16.10847794922191,0.0341823939629882,0.99652741965491,2.338542914105071e-10,13.0,4524.44453125,58.21330301577756,389.01368493623386,645.9803579789159,0.0
2458739.9030415327,1607.2112357299568,0.5968329267119996,1440.2263124815104,2.1097189314559155,1440.2263124815104,2.1097189314559155,16.113288359019894,0.0342539355397905,1.0277636465807072,2.439355667154856e-10,13.0,3779.164868164063,67.00992827330096,389.01368493623386,645.9803579789159,0.0
2458739.906826064,1606.2854098709745,0.6015608637101996,1439.2108392081734,2.1217796372518616,1439.2108392081734,2.1217796372518616,16.102698166485457,0.0343356136046253,1.0285482843088996,2.366013306847205e-10,13.0,3985.043481445312,68.634993595175,389.01368493623386,645.9803579789159,0.0
2458749.8872559583,1608.3349219152808,0.49242095098432376,1441.4588048317114,2.064351931798645,1441.4588048317114,2.064351931798645,16.12614180541633,0.0339510655768305,0.9764185988085662,3.704349728852171e-10,13.0,2166.7612548828124,46.89614512095509,389.01368493623386,645.9803579789159,0.0
2458749.891050808,1608.5649892221916,0.49681314552870237,1441.7111494805135,2.0630488468919084,1441.7111494805135,2.0630488468919084,16.128773463467812,0.0339422651844549,0.9742330022360188,3.8123493470146007e-10,13.0,2151.392333984375,47.19154463649421,389.01368493623386,645.9803579789159,0.0
2458751.887972704,1604.9573993825359,4.731273579620262,1437.7542378995824,5.573273372909235,1437.7542378995824,5.573273372909235,16.087507527096996,0.0637779201015059,0.0589997715046682,3.8135868886623903e-10,13.0,1888.411669921875,34.674482816094226,389.01368493623386,645.9803579789159,4.0
2458751.891760173,1610.0037510854447,17.160494770506922,1443.2892261832296,18.925301406689133,1443.2892261832296,18.925301406689133,16.14523094842057,0.1991067047374166,0.0178974219726136,3.79652844145532e-10,13.0,1647.707604980469,36.43943622817017,389.01368493623386,645.9803579789159,6.0
2458753.888711994,1607.4508327046938,0.9148736180293596,1440.489109552748,2.2400909449972457,1440.489109552748,2.2400909449972457,16.116029023550386,0.0351425117841784,0.3915903155392386,1.6926960267616056e-10,13.0,2080.0648681640623,41.5854019333456,389.01368493623386,645.9803579789159,4.0
2458753.892497065,1606.8912054532282,0.5468785048207531,1439.8752937780216,2.096990855282867,1439.8752937780216,2.096990855282867,16.10962764657109,0.0341690868965466,0.9491703110212932,1.8473802223168766e-10,13.0,2183.09306640625,54.7955541882826,389.01368493623386,645.9803579789159,0.0
2457845.121757678,1604.7882318044103,3.8183441351748013,1437.5686898803363,4.656161226086141,1437.5686898803363,4.656161226086141,16.085572479371177,0.0552022922555334,0.0551345129049663,3.725117930204279e-10,13.0,759.3552612304687,25.3213915777346,389.01368493623386,645.9803579789159,4.0
2457845.1353422287,1607.5342620617412,0.6305164016090119,1440.5806173470835,2.117880605330954,1440.5806173470835,2.117880605330954,16.116983342276303,0.0343084089319374,0.5124646908690812,3.7766765932679975e-10,13.0,1638.779052734375,34.403008172243496,389.01368493623386,645.9803579789159,4.0
2457852.13729299,1612.2737216105486,0.802814041853282,1445.7789972099733,2.1379390311212894,1445.7789972099733,2.1379390311212894,16.17119633346043,0.0344397800299309,0.6566273351520396,2.473028310159265e-10,13.0,3391.383154296874,57.42518952659069,389.01368493623386,645.9803579789159,4.0
2457871.278150946,1610.2814340327416,0.7487815874340175,1443.5937970792622,2.1345384647572763,1443.5937970792622,2.1345384647572763,16.148407264837818,0.0344183439074797,0.585396391722151,3.4529542884312877e-10,13.0,1989.15029296875,47.943314870721714,389.01368493623386,645.9803579789159,4.0
2457889.00495306,1607.3889953499715,1.3757023452414627,1440.421284507246,2.5081467427414657,1440.421284507246,2.5081467427414657,16.11532168805531,0.0370598025585531,0.5625696954836602,3.228699234810397e-10,13.0,9963.5923828125,95.26986596085514,389.01368493623386,645.9803579789159,4.0
2457890.1982964505,1611.3071962050133,0.9783121090373512,1444.7188834663352,2.2334344988279407,1444.7188834663352,2.2334344988279407,16.160140593296397,0.0350934493870429,0.4458259065890113,2.411203180784692e-10,13.0,6074.802734375,49.16365952577302,389.01368493623386,645.9803579789159,4.0
2457895.1552225137,1609.2801532288581,0.6505931813913878,1442.4955625834493,2.106135682691483,1442.4955625834493,2.106135682691483,16.136953970040214,0.0342282931074261,0.521467199818417,3.5528883057055856e-10,13.0,1729.0794311523437,35.665042218795584,389.01368493623386,645.9803579789159,4.0
2457896.0347279334,1610.2139009596308,0.6264345733905818,1443.5197248008258,2.0873029951460618,1443.5197248008258,2.0873029951460618,16.147634778046964,0.0341018608599225,0.6139241902191617,3.8085976648670304e-10,13.0,2145.398583984375,39.83140669358473,389.01368493623386,645.9803579789159,4.0
2457900.11572192,1613.0714105038421,0.6716627979557551,1446.6539260572497,2.0747683910227286,1446.6539260572497,2.0747683910227286,16.180320812843455,0.0340163841718308,0.6349468037622481,3.6017895631540286e-10,13.0,1743.9505615234375,43.332549322075465,389.01368493623386,645.9803579789159,4.0
2457902.156083203,1610.4980064022382,0.712694466158054,1443.8313400802851,2.1173647055247167,1443.8313400802851,2.1173647055247167,16.150884559102558,0.034302610962352,0.6081858720615497,3.4954962998017657e-10,13.0,1960.389270019531,46.67950631026415,389.01368493623386,645.9803579789159,4.0
2457902.1717774514,1611.1741421132315,0.6950692529420288,1444.572945790474,2.10328155381602,1444.572945790474,2.10328155381602,16.158618634889436,0.0342077306042697,0.612101169226441,2.870397027240945e-10,13.0,1909.511059570313,45.17862448423155,389.01368493623386,645.9803579789159,4.0
2457903.0607678704,1612.7538174425536,0.6604028634912336,1446.3055805639747,2.0736136682816375,1446.3055805639747,2.0736136682816375,16.17668797883477,0.034008963398048,0.6302697949005144,2.9457714335682084e-10,13.0,1965.674206542969,42.49218174531211,389.01368493623386,645.9803579789159,4.0
2457918.0621215305,1623.2937525020259,1.2899466354142506,1457.8660940792984,2.3215983342975135,1457.8660940792984,2.3215983342975135,16.297250545215178,0.0357023497976693,0.5976980271372737,1.7937241456394047e-10,13.0,9909.32412109375,79.00473040320038,389.01368493623386,645.9803579789159,4.0
2457920.1542458525,1611.2167899885983,0.8857137595776808,1444.619723245629,2.187349475232355,1444.619723245629,2.187349475232355,16.15910646875899,0.0347763849877435,0.4589049360954366,1.7493367716951258e-10,13.0,3205.31123046875,44.91089181507691,389.01368493623386,645.9803579789159,4.0
2457927.995136189,1610.1791420478717,0.9101169376433951,1443.4816001950385,2.2096992701131377,1443.4816001950385,2.2096992701131377,16.147237183224743,0.0349305006533695,0.3093080273167096,3.0415641379503103e-10,13.0,1592.8491455078124,30.85697011862145,389.01368493623386,645.9803579789159,4.0
2457931.0506606214,1609.0730275493488,0.7451018225793715,1442.2683809923083,2.1456688654899025,1442.2683809923083,2.1456688654899025,16.13458473310051,0.0344944700235323,0.6139447219782339,3.794313522366019e-10,13.0,1795.868811035156,50.92173031365316,389.01368493623386,645.9803579789159,4.0
2457934.1308209263,1612.0072500120687,0.805976545912554,1445.4867232539873,2.1420144590509027,1445.4867232539873,2.1420144590509027,16.168148259672595,0.034467510215268,0.5648394331571546,3.5237841574774925e-10,13.0,1758.0525146484374,49.49412240473741,389.01368493623386,645.9803579789159,4.0
2457936.970802996,0.0,0.0,0.0,0.0,0.0,0.0,0.0,0.0,0.0,0.0,13.0,0.0,0.0,0.0,0.0,5.0
2457937.0645583062,1610.2444565229118,0.6761472611551187,1443.5532390492792,2.10555949867974,1443.5532390492792,2.10555949867974,16.14798429226176,0.0342236843992956,0.6378105758880677,2.0464654336703223e-10,13.0,2501.3976318359373,46.05068860749738,389.01368493623386,645.9803579789159,4.0
2457938.9466909305,1627.8439397320503,1.2218262887589746,1462.8568744468384,2.2473099435646224,1462.8568744468384,2.2473099435646224,16.349298517699612,0.0351789173316531,0.657098944667865,3.6954323455225756e-10,13.0,7502.216650390625,77.56048024556875,389.01368493623386,645.9803579789159,4.0
2457939.0872892905,1628.0870049783503,1.5329197806207246,1463.1234756212386,2.46471455340691,1463.1234756212386,2.46471455340691,16.352078854554286,0.0367282259489803,0.6727673682026645,1.8140716107536143e-10,13.0,7961.43603515625,101.80253594749168,389.01368493623386,645.9803579789159,4.0
2457939.9321202342,1638.0339156415125,1.6575873207356022,1474.033542382408,2.5167845547362666,1474.033542382408,2.5167845547362666,16.46585802590031,0.0371055898999542,0.6439788212965308,3.799013609496333e-10,13.0,9633.5794921875,94.38050822978296,389.01368493623386,645.9803579789159,4.0
2457940.098828323,1633.650512156185,1.3927950170829946,1469.2256953748765,2.33390880865657,1469.2256953748765,2.33390880865657,16.41571783331942,0.0357839398358763,0.6671291004098555,2.3568385683299875e-10,13.0,9795.96328125,84.99088365315141,389.01368493623386,645.9803579789159,4.0
2457940.9950310653,1614.8758107069655,1.2784006554517442,1448.6330457403935,2.3779481663345967,1448.6330457403935,2.3779481663345967,16.200960704649088,0.0361088296895464,0.6788725612999138,3.717268973306397e-10,13.0,16331.19541015625,98.04276095822578,389.01368493623386,645.9803579789159,4.0
2457941.983123488,1630.2631845662427,2.9155593571770875,1465.5103739650756,3.6630657183195026,1465.5103739650756,3.6630657183195026,16.37697139844005,0.0463414757519845,0.7067001163727236,2.26176492091054e-10,13.0,52647.484375,204.24299352707263,389.01368493623386,645.9803579789159,2.0
2457942.223666119,1627.4303401671573,3.0743182247509138,1462.4032261716923,3.825722349334095,1462.4032261716923,3.825722349334095,16.34456749946126,0.0477506257307334,0.656246897993519,3.412130688005467e-10,13.0,59965.940234375,206.27365603372365,389.01368493623386,645.9803579789159,6.0
2457942.8911020337,1604.1665402093356,2.217444331936963,1436.8868000919574,3.1759014845825897,1436.8868000919574,3.1759014845825897,16.07846117045167,0.0422660245230382,0.5362045111659847,3.6702888829667877e-10,13.0,50413.446875,154.6760975239918,389.01368493623386,645.9803579789159,4.0
2457943.187607183,1608.3910113300526,1.5559479034290633,1441.5203253661246,2.622930727711353,1441.5203253661246,2.622930727711353,16.126783392271808,0.0379134545719357,0.6276165692543693,2.2087476298029808e-10,13.0,38068.5484375,120.05155929271736,389.01368493623386,645.9803579789159,4.0
2457944.994409845,1638.0834717248742,1.950301870327598,1474.087896965073,2.757509489547297,1474.087896965073,2.757509489547297,16.466424880302746,0.0389218617378738,0.6401148850542209,3.809474547090046e-10,13.0,18812.035546875,111.81962674525728,389.01368493623386,645.9803579789159,6.0
2457946.154597552,1646.0871513528452,2.9571430269232866,1482.8665702670812,3.6663879308184817,1482.8665702670812,3.6663879308184817,16.557976123359758,0.0463647466690183,0.5349782052839673,3.794216411429121e-10,13.0,8990.77080078125,131.51904029315284,389.01368493623386,645.9803579789159,6.0
2457947.9977859603,0.0,0.0,0.0,0.0,0.0,0.0,0.0,0.0,0.0,0.0,13.0,0.0,0.0,0.0,0.0,5.0
2457956.018743376,1611.4765958663518,0.5730295379228795,1444.9046860413366,2.055364132495967,1444.9046860413366,2.055364132495967,16.162078295739505,0.0338892340812734,0.6626475709039144,2.937779588515165e-10,13.0,1744.1647583007812,37.159396614146544,389.01368493623386,645.9803579789159,4.0
2457957.153619914,1609.544092071312,0.5591515863222757,1442.7850585374754,2.0714265844237145,1442.7850585374754,2.0714265844237145,16.139973072533177,0.0339969362701734,0.6493056187789923,2.8445612759795673e-10,13.0,1744.0517700195312,36.18818582448042,389.01368493623386,645.9803579789159,4.0
2457957.879266024,1611.2924874507194,0.6250885199641711,1444.7027504681876,2.075455829821384,1444.7027504681876,2.075455829821384,16.159972345090328,0.0340222923956963,0.6350642840815844,3.8075344430454055e-10,13.0,1884.806530761719,40.39251816874354,389.01368493623386,645.9803579789159,4.0
2457958.931299373,0.0,0.0,0.0,0.0,0.0,0.0,0.0,0.0,0.0,0.0,13.0,0.0,0.0,0.0,0.0,5.0
2457959.0528402813,0.0,0.0,0.0,0.0,0.0,0.0,0.0,0.0,0.0,0.0,13.0,0.0,0.0,0.0,0.0,5.0
2457960.045846961,0.0,0.0,0.0,0.0,0.0,0.0,0.0,0.0,0.0,0.0,13.0,0.0,0.0,0.0,0.0,5.0
2457960.169509377,0.0,0.0,0.0,0.0,0.0,0.0,0.0,0.0,0.0,0.0,13.0,0.0,0.0,0.0,0.0,5.0
2457960.975373177,1612.1549935100559,0.5720571250928604,1445.64877270644,2.047960694712893,1445.64877270644,2.047960694712893,16.169838244969736,0.0338399323819556,0.6533423308416795,2.6495356770186476e-10,13.0,1770.4561889648437,36.07321344414026,389.01368493623386,645.9803579789159,4.0
2457961.0740953865,1608.4088619376405,0.6803777228949651,1441.5399044421927,2.1268113390147176,1441.5399044421927,2.1268113390147176,16.126987579019644,0.0343677443063511,0.6266874700325734,3.6673942027428985e-10,13.0,1980.3833740234372,46.76654361261153,389.01368493623386,645.9803579789159,4.0
2457967.89152123,1625.202631827634,1.0295280454228328,1459.959809564101,2.145843020529152,1459.959809564101,2.145843020529152,16.319085536522746,0.0344845105936951,0.6508273255460134,3.5130476050911356e-10,13.0,7852.5267578125,64.85347111077955,389.01368493623386,645.9803579789159,4.0
2457968.128338298,1609.9645993371607,1.9378621912542908,1443.2462833839961,2.9006208303142516,1443.2462833839961,2.9006208303142516,16.14478310550457,0.0400520379125403,0.4996708429896558,3.7348686864745344e-10,13.0,9397.65322265625,117.58017245056348,389.01368493623386,645.9803579789159,6.0
2457971.924043896,1710.7464087799706,6.863667639199102,1553.786762389656,7.812858996636132,1553.786762389656,7.812858996636132,17.29759035928056,0.0855952903420489,0.6726058057693898,2.0499243948570657e-10,13.0,24487.026953125,197.0110663885955,389.01368493623386,645.9803579789159,6.0
2457973.951682822,1629.5221438206495,1.2951884230630932,1464.6975784870676,2.2865679169623747,1464.6975784870676,2.2865679169623747,16.368494897059627,0.0354520794288792,0.6655310622718331,2.0320018215947478e-10,13.0,9010.31337890625,82.3470459144813,389.01368493623386,645.9803579789159,4.0
2457976.0959006054,1614.6943222436375,0.7579757713418576,1448.43398380867,2.0944988026118656,1448.43398380867,2.0944988026118656,16.19888472270197,0.0341464448700928,0.6323776337350215,3.8147266159289875e-10,13.0,3322.5211425781254,49.50992358317098,389.01368493623386,645.9803579789159,4.0
2457977.923148304,1614.1021391803015,0.5953919855908942,1447.7844598534832,2.03618950459068,1447.7844598534832,2.03618950459068,16.192110951376062,0.0337611230159155,0.6634501990703622,3.0401918217697757e-10,13.0,1824.2419677734372,37.68285617106179,389.01368493623386,645.9803579789159,4.0
2457978.1071522324,1612.4701744449824,0.981106683876908,1445.9944725079497,2.223762180645425,1445.9944725079497,2.223762180645425,16.17344348752336,0.0350257214340977,0.5105068227241729,3.663433022133988e-10,13.0,2850.759912109375,56.016126778618286,389.01368493623386,645.9803579789159,4.0
2457979.937498038,1612.9478835222114,0.6559321691830108,1446.5184379984912,2.0699476353622086,1446.5184379984912,2.0699476353622086,16.17890783165917,0.0339845196212365,0.6550486139771023,2.660990712543405e-10,13.0,1628.3408935546877,43.72366787851016,389.01368493623386,645.9803579789159,4.0
2457980.9492272763,1613.4648866070072,0.6873439430306126,1447.0855023224663,2.0770212881836216,1447.0855023224663,2.0770212881836216,16.184821645964274,0.0340310408983378,0.6253809319109367,3.8142361496382557e-10,13.0,1700.5940429687498,43.93450899848769,389.01368493623386,645.9803579789159,4.0
2457984.978362321,1608.6851013428254,0.636000146160265,1441.8428920184044,2.107211508845074,1441.8428920184044,2.107211508845074,16.13014738327238,0.0342359637650052,0.6311771103752162,3.814566909208295e-10,13.0,1678.377880859375,42.959582241518106,389.01368493623386,645.9803579789159,4.0
2457985.925436194,1611.929283934879,0.5970896514232499,1445.4012077471075,2.0588743338387383,1445.4012077471075,2.0588743338387383,16.167256433460803,0.0339120535893217,0.6604682236545745,2.7362099102644216e-10,13.0,1930.229943847656,39.12354798718332,389.01368493623386,645.9803579789159,4.0
2457987.9669473832,1608.80106087876,0.6815748881363609,1441.9700798781817,2.123032789211322,1441.9700798781817,2.123032789211322,16.131473803138316,0.034342015447544,0.6453308828199361,1.8980984032702058e-10,13.0,1625.9193115234375,48.11631432317532,389.01368493623386,645.9803579789159,4.0
2457989.0338200866,1609.412971819444,0.7299121727329362,1442.6412419546118,2.135774834564901,1442.6412419546118,2.135774834564901,16.138473234632805,0.0344273580448974,0.6431203224700229,2.4023018965640885e-10,13.0,1787.562890625,51.71816552716616,389.01368493623386,645.9803579789159,4.0
2457989.078452483,1608.5508945815186,0.7430955180977737,1441.6956900604055,2.1503922540901037,1441.6956900604055,2.1503922540901037,16.12861223988891,0.0345268551350473,0.5860276049939637,3.791559061623658e-10,13.0,1992.0557006835936,48.62588712719551,389.01368493623386,645.9803579789159,4.0
2457990.97068101,1610.1325460950652,0.6917155462511145,1443.4304923713999,2.1128105093462395,1443.4304923713999,2.1128105093462395,16.146704188702323,0.0342723389985807,0.638047434676077,3.8092332640919496e-10,13.0,1696.63349609375,47.4838484582814,389.01368493623386,645.9803579789159,4.0
2457991.9481014884,1602.116337253084,11.875077709944057,1434.638076655696,13.188066774325922,1434.638076655696,13.188066774325922,16.055009628424926,0.1400203642369951,0.0148255197481957,2.424997761002785e-10,13.0,1571.273754882813,21.225574718279763,389.01368493623386,645.9803579789159,6.0
2457996.026242438,1609.3476877460746,1.0102559192004754,1442.5696364458245,2.269665000018755,1442.5696364458245,2.269665000018755,16.137726473349677,0.0353468282184884,0.6018825576923447,3.7884758663884444e-10,13.0,8027.688183593749,71.29637111623497,389.01368493623386,645.9803579789159,4.0
2457997.008796168,1611.0237406913811,1.2179369983203892,1444.4079810482615,2.3735357469069203,1444.4079810482615,2.3735357469069203,16.156898246547083,0.0360799608562735,0.6521896752093707,3.6645675041379415e-10,13.0,18575.564453125,93.28062771598428,389.01368493623386,645.9803579789159,4.0
2457998.017639742,1611.7293597795217,0.9788186845773906,1445.181925001341,2.2296252259109712,1445.181925001341,2.2296252259109712,16.16496957219313,0.0350667816091437,0.6500586204050014,2.2814732337181926e-10,13.0,10142.1357421875,72.32348129484397,389.01368493623386,645.9803579789159,4.0
2457998.8872401435,1610.691960504276,0.7818586953765524,1444.0440746944269,2.1445411492876687,1444.0440746944269,2.1445411492876687,16.15310313105482,0.0344855894645384,0.6411983744404574,2.464554480859128e-10,13.0,5997.230712890625,55.35935073278123,389.01368493623386,645.9803579789159,4.0
2458000.033089136,1627.8474724508778,3.0147860290858874,1462.8607492376705,3.7667828608688003,1462.8607492376705,3.7667828608688003,16.349338927213104,0.0472380752507225,0.4811177731082037,3.7311097633267934e-10,13.0,14527.16796875,147.27062304419945,389.01368493623386,645.9803579789159,6.0
2458000.9499369618,1609.1060074192353,0.8711926676994663,1442.3045542921827,2.2017206357390138,1442.3045542921827,2.2017206357390138,16.134961978095863,0.0348764861926644,0.6374638052705891,3.6439295959754455e-10,13.0,5318.30263671875,64.03555006815861,389.01368493623386,645.9803579789159,4.0
2458002.005881311,1614.8712426178543,0.8651868869364839,1448.628035324712,2.142246233279705,1448.628035324712,2.142246233279705,16.200908451903356,0.0344669766588298,0.6268364409690632,2.0278546475907438e-10,13.0,6888.502294921875,57.927323274358656,389.01368493623386,645.9803579789159,4.0
2458003.018645769,1611.0141040472827,0.8357714756688145,1444.397411291074,2.1656134852731066,1444.397411291074,2.1656134852731066,16.15678801640455,0.034628270284055,0.6029901106742778,2.9759710699122837e-10,13.0,6428.241748046875,56.02182603714325,389.01368493623386,645.9803579789159,4.0
2458003.921357082,1610.8727990173174,0.7066216433119119,1444.2424237413913,2.111020258598698,1444.2424237413913,2.111020258598698,16.15517167845191,0.0342597674976641,0.6313598138727192,2.1304778513283992e-10,13.0,2688.688842773437,47.86897301086175,389.01368493623386,645.9803579789159,4.0
2458004.9872109257,1612.4203073052436,0.828941866485368,1445.939776749423,2.1484588127076236,1445.939776749423,2.1484588127076236,16.17287307505774,0.0345107973218827,0.5933072168755044,3.6941529104922304e-10,13.0,2800.15146484375,53.7030625221332,389.01368493623386,645.9803579789159,4.0
2458013.0176635017,1612.1036590635022,0.7905182157411402,1445.592467562259,2.134111483072382,1445.592467562259,2.134111483072382,16.1692510485036,0.0344140788074851,0.5825146305204224,3.7035667276097276e-10,13.0,1964.579931640625,49.79753917693092,389.01368493623386,645.9803579789159,4.0
2458013.8960405,1609.5041420455357,0.7439873792852714,1442.741240163803,2.1406491741449303,1442.741240163803,2.1406491741449303,16.139516098405036,0.034460196878429,0.5958104496242977,3.3464746172706004e-10,13.0,1956.3828002929688,48.97881675689277,389.01368493623386,645.9803579789159,4.0
2458016.9717611084,1608.5892569387468,0.734833626273291,1441.7377670321057,2.146563138682972,1441.7377670321057,2.146563138682972,16.12905105324153,0.0345009006515172,0.5884656513296791,1.980997542027908e-10,13.0,2006.7473022460936,48.06314192845197,389.01368493623386,645.9803579789159,4.0
2458018.9094225457,1607.1378554191597,0.6596915791486665,1440.14582677928,2.1329341245163667,1440.14582677928,2.1329341245163667,16.112448987757972,0.0344100046237361,0.5913007471451888,2.2078122331753432e-10,13.0,1748.098254394531,42.83486467710436,389.01368493623386,645.9803579789159,4.0
2458020.964319032,0.0,0.0,0.0,0.0,0.0,0.0,0.0,0.0,0.0,0.0,13.0,0.0,0.0,0.0,0.0,5.0
2458022.8951745387,1607.452354587694,1.1127772809870657,1440.4907787991813,2.3453548271888636,1440.4907787991813,2.3453548271888636,16.11604643182845,0.035881648637826,0.4691193282905553,3.814333856090279e-10,13.0,5102.473876953125,62.83251907746501,389.01368493623386,645.9803579789159,4.0
2458027.9502519,1655.6196365114063,3.1930918770851844,1493.3220828379256,3.891535704530099,1493.3220828379256,3.891535704530099,16.667014828837033,0.0483172995698593,0.3388970344736707,2.913462976362772e-10,13.0,12591.01904296875,81.03305971725017,389.01368493623386,645.9803579789159,4.0
2458033.933005056,1610.4143764531818,0.7525085475252118,1443.739612270682,2.1347375094904413,1443.739612270682,2.1347375094904413,16.149927945876033,0.0344195841729657,0.5616806125228361,3.0560010618652717e-10,13.0,3083.2839111328126,45.77455624868113,389.01368493623386,645.9803579789159,4.0
2458036.9419499463,1608.9357185133038,1.3032734964256634,1442.117776367325,2.4465556410506877,1442.117776367325,2.4465556410506877,16.133014103900294,0.0366081194641225,0.2529901380498707,3.1698764914282673e-10,13.0,1819.137182617188,38.49817519731435,389.01368493623386,645.9803579789159,4.0
2458039.929320537,1608.6547487383325,0.8242415493032149,1441.8096003811718,2.1845871143506894,1441.8096003811718,2.1845871143506894,16.129800190630938,0.0347594601051801,0.5740921343346118,3.6824037494990835e-10,13.0,2248.978540039063,53.97267434288816,389.01368493623386,645.9803579789159,4.0
2458041.93417196,1594.967571335172,3.1370478771885346,1426.7970980779728,4.063750155253351,1426.7970980779728,4.063750155253351,15.973237439065777,0.0498604382963647,0.0522193205691317,3.100803472338858e-10,13.0,1365.14052734375,21.25880148368675,389.01368493623386,645.9803579789159,4.0
2458044.9038606347,1610.4464442821977,0.6415230680570614,1443.774785217068,2.0903487198670962,1443.774785217068,2.0903487198670962,16.150294758360427,0.0341219643739513,0.595680274935007,1.9766579223022399e-10,13.0,2008.0165893554688,39.59655197586512,389.01368493623386,645.9803579789159,4.0
2458178.2067662235,1611.0995942214274,0.8826921605853245,1444.4911794507514,2.1870439869091527,1444.4911794507514,2.1870439869091527,16.15776590808388,0.0347743835149281,0.4828222255040421,3.792548691216181e-10,13.0,3623.922119140625,47.47001359456312,389.01368493623386,645.9803579789159,4.0
2458187.2872099024,1608.9272255026242,1.4066652001207196,1442.1084609812065,2.51457644093864,1442.1084609812065,2.51457644093864,16.132916955373474,0.0371060260184447,0.5239700484513751,3.7710424638539115e-10,13.0,9083.846484375,89.26779914791192,389.01368493623386,645.9803579789159,4.0
2458195.280987245,1609.849195213572,0.6602658270647523,1443.1197047169599,2.1036754801183073,1443.1197047169599,2.1036754801183073,16.1434630388028,0.0342113886471608,0.5327072239998653,3.807639788552146e-10,13.0,1832.4186279296875,36.97060509799257,389.01368493623386,645.9803579789159,4.0
2458202.2985629165,1611.2358035727032,0.726841651365034,1444.6405779088489,2.1155299963324286,1444.6405779088489,2.1155299963324286,16.15932395838135,0.034289731365684,0.4908149002042002,3.474216679641508e-10,13.0,2123.0905517578126,37.76445320719998,389.01368493623386,645.9803579789159,4.0
2458207.2613346498,1612.7689270197036,0.8730771169811693,1446.3221531965244,2.1660075748201955,1446.3221531965244,2.1660075748201955,16.176860811910846,0.0346296391863663,0.5351491810542269,2.4585389097575817e-10,13.0,2414.251049804688,51.040607106357015,389.01368493623386,645.9803579789159,4.0
2458208.2093710857,1611.0771558128727,0.8093819240086203,1444.4665683384537,2.152883114871987,1444.4665683384537,2.152883114871987,16.157509243113402,0.0345417801957537,0.5364081626085319,2.3008523993154837e-10,13.0,3337.933081054688,47.710948325970925,389.01368493623386,645.9803579789159,4.0
2458210.113092556,1612.2254556411567,2.312151846597273,1445.7260576625931,3.198271801261178,1445.7260576625931,3.198271801261178,16.1706442362126,0.0424438980353902,0.1575990255882209,3.666820168692925e-10,13.0,2353.614721679688,42.17596677066726,389.01368493623386,645.9803579789159,4.0
2458210.1377274003,1609.3687152287873,2.1115793757924894,1442.5927000127942,3.047399715993079,1442.5927000127942,3.047399715993079,16.137966999241534,0.0412207498283503,0.1502876088606657,3.1194043749772897e-10,13.0,2906.5770263671875,37.59116897505916,389.01368493623386,645.9803579789159,4.0
2458210.1793339616,1613.262059622312,1.4286169156975246,1446.8630356673484,2.491858541843204,1446.8630356673484,2.491858541843204,16.18250158026481,0.0369358914664072,0.1678772503436514,2.4763516813856277e-10,13.0,1989.776940917969,25.83499698284039,389.01368493623386,645.9803579789159,4.0
2458210.224426634,1612.8519277503776,2.919517098190196,1446.4131908607328,3.745030645796237,1446.4131908607328,3.745030645796237,16.1778102277322,0.0470567817106538,0.1164164370367068,1.7140020588439135e-10,13.0,2555.142333984375,39.04429943252897,389.01368493623386,645.9803579789159,4.0
2458210.2789684776,0.0,0.0,0.0,0.0,0.0,0.0,0.0,0.0,0.0,0.0,13.0,0.0,0.0,0.0,0.0,5.0
2458211.3024124303,1611.976241584549,0.8864010751546901,1445.4527122905974,2.1802044584143343,1445.4527122905974,2.1802044584143343,16.167793565304915,0.0347269845220329,0.5184498159510244,3.7514252909978255e-10,13.0,3429.9920410156246,50.77241161620918,389.01368493623386,645.9803579789159,4.0
2458211.306309173,1612.5413400760374,1.4196515872914846,1446.0725290837263,2.491731136871586,1446.0725290837263,2.491731136871586,16.174257525851843,0.0369354539917978,0.1673539016372241,3.5062196193557903e-10,13.0,1376.1030395507812,25.69914082636042,389.01368493623386,645.9803579789159,4.0
2458212.123865528,1617.4030116738923,1.784817851401739,1451.4049547483005,2.7245868590172364,1451.4049547483005,2.7245868590172364,16.229868457174373,0.0386793694726276,0.1468811239096598,3.478257185981194e-10,13.0,2417.8422119140623,27.4968981702768,389.01368493623386,645.9803579789159,4.0
2458212.1391371954,1610.9892349475203,2.7274908059875504,1444.3701341245364,3.577744665067939,1444.3701341245364,3.577744665067939,16.156503547622343,0.0456202355175895,0.1487908208068574,3.7923693933701566e-10,13.0,2637.9826171875,48.09858329414917,389.01368493623386,645.9803579789159,4.0
2458212.1901038075,1669.576534568883,4.2675321631617456,1508.630422757961,4.988313941059737,1508.630422757961,4.988313941059737,16.826662818983532,0.0582549514593978,0.1514008596699916,3.806603449466193e-10,13.0,3350.5955322265627,40.75700433452202,389.01368493623386,645.9803579789159,4.0
2458214.306679128,1609.1689781327234,1.6598181897783886,1442.3736224392096,2.6918387061499844,1442.3736224392096,2.6918387061499844,16.135682277678544,0.0384346089538925,0.5322994567629925,2.2988162723455487e-10,13.0,11723.18798828125,107.71806824739,389.01368493623386,645.9803579789159,4.0
2458215.237782547,1619.3072545158004,2.060845099939895,1453.4935848002071,2.9378684000609767,1453.4935848002071,2.9378684000609767,16.25165041339485,0.040340480354763,0.5253838878451143,3.34493607323842e-10,13.0,18908.2642578125,119.18416929305717,389.01368493623386,645.9803579789159,4.0
2458215.296808092,1620.9091039144619,1.9927667859758715,1455.2505407509066,2.8711495437510393,1455.2505407509066,2.8711495437510393,16.269973398628412,0.039813684073243,0.5207952513665163,3.799365001092503e-10,13.0,19426.05546875,112.2677263456198,389.01368493623386,645.9803579789159,4.0
2458223.104252772,1607.2566036087585,1.277070931573827,1440.2760733171422,2.4458696967099938,1440.2760733171422,2.4458696967099938,16.1138073060408,0.0366043901834082,0.1298957457692752,3.3768667159638745e-10,13.0,571.4907836914062,17.717275513717016,389.01368493623386,645.9803579789159,4.0
2458223.139060292,1606.7177158286963,1.4023014493332262,1439.6850052100317,2.532105078368387,1439.6850052100317,2.532105078368387,16.107643160494476,0.0372370750251855,0.1355477020868805,3.60817424029167e-10,13.0,557.2841613769531,21.29988692866293,389.01368493623386,645.9803579789159,4.0
2458224.1691528247,1613.507722613338,0.7813569088093778,1447.132486125246,2.1162148313114306,1447.132486125246,2.1162148313114306,16.18531163179698,0.0342926246868221,0.4969469975057637,2.4266124624776244e-10,13.0,1620.0377563476563,40.68297525716997,389.01368493623386,645.9803579789159,4.0
2458226.0741122323,1609.0607338221703,1.3855219454512595,1442.2548968675574,2.4991976834021212,1442.2548968675574,2.4991976834021212,16.134444109530193,0.0369927548757059,0.1271453266092838,3.7709461831224605e-10,13.0,499.3928527832031,18.7499676728468,389.01368493623386,645.9803579789159,4.0
2458227.136232087,1600.6784993649208,4.955205333088735,1433.061013396277,5.8216582208627745,1433.061013396277,5.8216582208627745,16.038562712494436,0.0661490956480454,0.0221681089414926,3.381109261648367e-10,13.0,357.37501220703126,11.155277164127488,389.01368493623386,645.9803579789159,4.0
2458227.1394212698,1613.6692518885122,2.2043417487082793,1447.3096562271696,3.0956342688223044,1447.3096562271696,3.0956342688223044,16.187159307693516,0.0416071232988007,0.0642165608279997,3.8122907577119615e-10,13.0,444.5417846679687,13.274350476955746,389.01368493623386,645.9803579789159,4.0
2458228.094244939,1610.4356848774441,1.8185680075383837,1443.7629839826805,2.8024252556707645,1443.7629839826805,2.8024252556707645,16.15017168535832,0.0392840094623036,0.0741286766904925,3.8141327023555004e-10,13.0,428.3486145019531,12.787637823185504,389.01368493623386,645.9803579789159,4.0
2458228.1079536704,1613.3864268977106,1.7921924260411204,1446.9994453852457,2.7591633025387723,1446.9994453852457,2.7591633025387723,16.183924173270483,0.0389475591813912,0.1168868357831523,3.671145527959321e-10,13.0,455.3607635498047,22.210496905157804,389.01368493623386,645.9803579789159,4.0
2458228.2504742485,1609.4022537011385,1.2511590768462308,1442.6294860044266,2.4092125790295245,1442.6294860044266,2.4092125790295245,16.138350633891687,0.0363374161964117,0.1530926217156784,2.3156173989466692e-10,13.0,454.5455017089844,20.54059233899779,389.01368493623386,645.9803579789159,4.0
2458228.3026922354,1607.9587656769875,1.015420447062984,1441.0462255082043,2.2864194975370262,1441.0462255082043,2.2864194975370262,16.121839088066306,0.0354651369208793,0.1533741701359099,1.7539690871853495e-10,13.0,464.7422973632813,15.630535323255089,389.01368493623386,645.9803579789159,4.0
2458228.3130697017,1607.5959356140381,1.3751663300826318,1440.6482627292276,2.5058517678354204,1440.6482627292276,2.5058517678354204,16.11768880409374,0.037042759447861,0.1529322760160769,2.3269194572797119e-10,13.0,513.9373413085938,23.73244575500347,389.01368493623386,645.9803579789159,4.0
2458229.0909497766,1613.2775865231656,1.0670353334392433,1446.880066032922,2.2634308342752028,1446.880066032922,2.2634308342752028,16.182679186958246,0.0353004168867531,0.1485666197713519,3.677264800436706e-10,13.0,526.2531860351562,14.735815325044618,389.01368493623386,645.9803579789159,4.0
2458229.1010831865,1611.1618797219012,1.0936225683371514,1444.5594960358123,2.2982507870740894,1444.5594960358123,2.2982507870740894,16.158478369758736,0.0355457965300618,0.1466545096497037,3.7359481019667824e-10,13.0,523.069873046875,15.61268190021819,389.01368493623386,645.9803579789159,4.0
2458229.139895912,1614.1238572789994,1.343940876603063,1447.8082809085583,2.4272650731851804,1447.8082809085583,2.4272650731851804,16.192359376978423,0.0364644869555792,0.1533184996886927,2.4564064103231287e-10,13.0,471.2275939941407,21.05250989924573,389.01368493623386,645.9803579789159,4.0
2458229.187922344,1613.7567166044562,1.2449880166810794,1447.4055901228796,2.366088054714003,1447.4055901228796,2.366088054714003,16.188159785453813,0.0360247692171193,0.1519119641306669,2.4968704153464347e-10,13.0,465.6068054199219,18.857824557735174,389.01368493623386,645.9803579789159,4.0
2458230.0874679354,1612.6771108286448,1.2591852062490856,1446.221446473791,2.3845077069087073,1446.221446473791,2.3845077069087073,16.175810559175243,0.0361573749732302,0.142320824268519,3.804872146885464e-10,13.0,506.48056945800784,18.05663671469096,389.01368493623386,645.9803579789159,4.0
2458230.191630796,1609.575351673211,1.025039424333661,1442.819344996376,2.2753697886375748,1442.819344996376,2.2753697886375748,16.140330639995184,0.0353865232983551,0.147858859905226,3.03502419361819e-10,13.0,443.2024780273438,14.712641588618643,389.01368493623386,645.9803579789159,4.0
2458230.247146501,1613.5815220591871,1.3333248636842747,1447.2134315472376,2.424779948813689,1447.2134315472376,2.424779948813689,16.186155797395607,0.0364468739655301,0.1448941719697398,3.8053359108758906e-10,13.0,461.6962615966797,19.65353795621834,389.01368493623386,645.9803579789159,4.0
2458230.2597290413,1609.755155662372,0.6799489950107693,1443.016559346852,2.1122018833968292,1443.016559346852,2.1122018833968292,16.142387353841755,0.0342685521575688,0.45385866264149,3.6872840499401654e-10,13.0,1459.4407958984375,32.29658550983528,389.01368493623386,645.9803579789159,4.0
2458230.2792908624,1612.947080853706,1.1611074158631607,1446.5175576078575,2.3214243447249494,1446.5175576078575,2.3214243447249494,16.178898650219775,0.0357079084145383,0.1409056989110182,3.8098929836799346e-10,13.0,482.7631103515625,15.798885572792427,389.01368493623386,645.9803579789159,4.0
2458231.066056675,1611.3936019231212,1.363984843161705,1444.813655821797,2.4639938668529617,1444.813655821797,2.4639938668529617,16.16112895755731,0.0367333240951922,0.1414641626033279,3.812231763654039e-10,13.0,583.4822631835938,20.361321770535163,389.01368493623386,645.9803579789159,4.0
2458231.129090583,1610.0135842254906,1.1886751891933918,1443.3000114630006,2.3650525647169736,1443.3000114630006,2.3650525647169736,16.1453434262103,0.0360200636477318,0.1491332961958365,3.7986767867657234e-10,13.0,483.6360107421875,18.358332776751528,389.01368493623386,645.9803579789159,4.0
2458231.149282176,1611.744451282661,0.7506387665099156,1445.1984778097801,2.1203374045051073,1445.1984778097801,2.1203374045051073,16.16514219852704,0.0343216247970273,0.4630001275005889,3.7357196348114895e-10,13.0,1457.3989501953124,36.6737215744875,389.01368493623386,645.9803579789159,4.0
2458232.087496161,1610.3718402455183,1.1072662236304252,1443.692957295978,2.3135924590789063,1443.692957295978,2.3135924590789063,16.149441389333607,0.035654458625518,0.1579198301033618,1.762252519064429e-10,13.0,612.1457397460938,17.770209512562037,389.01368493623386,645.9803579789159,4.0
2458232.1256465064,1609.7685476317383,1.3614317647305982,1443.0312480562216,2.4767757812779863,1443.0312480562216,2.4767757812779863,16.14254053981365,0.0368278617705635,0.1453085403824849,3.779270500835785e-10,13.0,541.2090209960937,21.44020362892871,389.01368493623386,645.9803579789159,4.0
2458232.181639678,1608.506340263046,1.6369231333130556,1441.6468215618856,2.68057569459811,1441.6468215618856,2.68057569459811,16.12810259889511,0.0383493679982135,0.1053875512755794,2.0209285680348534e-10,13.0,502.2528076171875,18.615766232581063,389.01368493623386,645.9803579789159,4.0
2458232.22093698,1611.3964376670906,0.873678870168063,1444.816766149925,2.1797351172568784,1444.816766149925,2.1797351172568784,16.16116139462344,0.034724213591887,0.4908793720022452,2.3027244158973757e-10,13.0,1603.7467651367188,47.47565228616028,389.01368493623386,645.9803579789159,4.0
2458232.299315458,1612.317098212376,0.9911688498858887,1445.8265739539333,2.2305736723503102,1445.8265739539333,2.2305736723503102,16.171692502972636,0.035072908197769,0.1645043761196645,2.0564170279929908e-10,13.0,527.0778869628907,15.466443185038528,389.01368493623386,645.9803579789159,4.0
2458232.316706568,1608.8144634206622,1.3742182942326815,1441.984780183822,2.4939316566266236,1441.984780183822,2.4939316566266236,16.13162711004568,0.0369542622339557,0.1622333177031992,1.5643483223376462e-10,13.0,598.7752136230469,24.95148864602255,389.01368493623386,645.9803579789159,4.0
2458235.053001624,1606.436250138804,2.0479254861881953,1439.376285289678,3.017427232653622,1439.376285289678,3.017427232653622,16.104423574630808,0.0409822038799886,0.1343180633326108,3.812551688595617e-10,13.0,1286.231298828125,33.180963061282554,389.01368493623386,645.9803579789159,6.0
2458235.074016585,1602.0919647854992,2.0997198414200557,1434.6113442100664,3.095375757026387,1434.6113442100664,3.095375757026387,16.05473084044146,0.041612674543271,0.1381161637634497,3.774174191604024e-10,13.0,1222.1635009765623,36.96903892830273,389.01368493623386,645.9803579789159,6.0
2458235.1108197374,1607.528473024193,1.5202152279987649,1440.5742677589287,2.6053219605858096,1440.5742677589287,2.6053219605858096,16.11691712353589,0.0377818018926568,0.1631036182551691,3.483900470056053e-10,13.0,987.377960205078,28.993898375527944,389.01368493623386,645.9803579789159,4.0
2458235.138239889,1603.9116747737414,0.9239440083969708,1436.6072561198032,2.2827177341633273,1436.6072561198032,2.2827177341633273,16.0755458554309,0.035442417159398,0.4622674147470025,3.8145815399354246e-10,13.0,2273.91943359375,52.33763053050103,389.01368493623386,645.9803579789159,4.0
2458237.0945292534,1612.486390754815,1.7809090032977914,1446.012259037747,2.7571760379025716,1446.012259037747,2.7571760379025716,16.17362898012077,0.0389328388823653,0.1565064430200602,3.2196043958636377e-10,13.0,1702.8694702148437,31.213326556563956,389.01368493623386,645.9803579789159,4.0
2458237.1226016586,1612.30766780703,1.6129871935811415,1445.8162304055302,2.6313394961299243,1445.8162304055302,2.6313394961299243,16.17158463192181,0.037974040333053,0.1598738747493089,3.7985396396688866e-10,13.0,1489.5247070312498,28.58830418101304,389.01368493623386,645.9803579789159,4.0
2458237.178245474,1610.818888234029,1.5141225227986155,1444.1832927946334,2.5721803787419715,1444.1832927946334,2.5721803787419715,16.15455501218668,0.0375316517270242,0.1612081461753057,3.4256261384279916e-10,13.0,1068.2010375976563,27.2791055283291,389.01368493623386,645.9803579789159,4.0
2458237.2165747806,1608.0230244783827,1.5494397244953744,1441.1167064682684,2.621545784946638,1441.1167064682684,2.621545784946638,16.12257412162818,0.0379033006500827,0.1556626751342276,3.81471777051208e-10,13.0,927.5590270996096,27.915911319832432,389.01368493623386,645.9803579789159,4.0
2458237.2685192404,1611.9606060830326,1.654066587247521,1445.435562808598,2.664611287161714,1445.435562808598,2.664611287161714,16.16761471636718,0.0382257746463221,0.1676452813758069,3.7513184792844366e-10,13.0,2189.979345703125,31.161774210454052,389.01368493623386,645.9803579789159,4.0
2458238.043073653,1606.8012324971605,1.9859470117783677,1439.7766087701198,2.964222338468906,1439.7766087701198,2.964222338468906,16.108598477944614,0.0405574567615415,0.1708383551223728,3.7982627021805887e-10,13.0,3089.657568359375,41.431667626493166,389.01368493623386,645.9803579789159,4.0
2458238.0741538,1601.8906928413123,1.901171684062816,1434.3905831695183,2.9387489952093677,1434.3905831695183,2.9387489952093677,16.052428562296985,0.0403588484859487,0.1734728399659863,3.7759949862293915e-10,13.0,3762.021923828125,42.50534279500522,389.01368493623386,645.9803579789159,4.0
2458238.108862955,1615.4801676232971,1.9009300424882618,1449.2959223387707,2.8305184337154605,1449.2959223387707,2.8305184337154605,16.20787372834721,0.0394992090441236,0.1716729305432956,3.782430359965608e-10,13.0,3449.506005859375,35.93645220001285,389.01368493623386,645.9803579789159,4.0
2458238.143581942,1602.0038075788523,1.5936081974308423,1434.5146507700051,2.7087283861640032,1434.5146507700051,2.7087283861640032,16.053722441526443,0.0385687209739776,0.1737482522139021,3.7792272361983665e-10,13.0,2081.355151367188,35.003922313982144,389.01368493623386,645.9803579789159,4.0
2458238.193940623,1608.523355629822,1.3775647711379155,1441.6654845210462,2.498825820432001,1441.6654845210462,2.498825820432001,16.128297231620525,0.0369904164561082,0.1697085111792238,3.787572032227631e-10,13.0,1371.7398193359377,26.59639931916797,389.01368493623386,645.9803579789159,4.0
2458239.07829174,1610.2706204968326,2.4654969251370122,1443.5819364722151,3.345905563275707,1443.5819364722151,3.345905563275707,16.148283572648666,0.0436653707132769,0.167681884441628,3.6948620085835375e-10,13.0,4846.703369140625,49.28813902082015,389.01368493623386,645.9803579789159,4.0
2458240.1990045225,0.0,0.0,0.0,0.0,0.0,0.0,0.0,0.0,0.0,0.0,13.0,0.0,0.0,0.0,0.0,5.0
2458240.2759837145,0.0,0.0,0.0,0.0,0.0,0.0,0.0,0.0,0.0,0.0,13.0,0.0,0.0,0.0,0.0,5.0
2458240.307312266,0.0,0.0,0.0,0.0,0.0,0.0,0.0,0.0,0.0,0.0,13.0,0.0,0.0,0.0,0.0,5.0
2458245.0227076467,1616.2254898201445,1.2934401600710763,1450.1134138395544,2.3766207037927067,1450.1134138395544,2.3766207037927067,16.216399203724915,0.0360984093962933,0.2255058267215805,3.1012434848143604e-10,13.0,1367.1528930664062,30.771784262707094,389.01368493623386,645.9803579789159,4.0
2458245.0260002096,1622.1952703997624,1.1648575355631956,1456.6612463152553,2.248484930488021,1456.6612463152553,2.248484930488021,16.284685399355684,0.0351904058506518,0.2235226644084324,3.0251676682533193e-10,13.0,1592.7891235351562,24.60093186300398,389.01368493623386,645.9803579789159,4.0
2458245.033039453,1620.9461439607815,1.5035475198578239,1455.2911673727654,2.4868645398422062,1455.2911673727654,2.4868645398422062,16.270397086537102,0.0368943041403887,0.2232813851816631,3.2713088894564625e-10,13.0,1996.940185546875,34.20088809469493,389.01368493623386,645.9803579789159,4.0
2458245.040217804,1620.193407339592,1.509354977132632,1454.4655435113634,2.4962616534600834,1454.4655435113634,2.4962616534600834,16.26178680019786,0.0369637175555376,0.2182374202961796,3.13212138521358e-10,13.0,2282.0665039062496,33.768990356501725,389.01368493623386,645.9803579789159,4.0
2458245.0433572745,1626.580064206504,1.9731357812077155,1461.4706182685684,2.82369358268314,1461.4706182685684,2.82369358268314,16.33484149532846,0.0394397761297593,0.2233889667575431,3.5732923299068637e-10,13.0,2362.834423828125,43.55542166850671,389.01368493623386,645.9803579789159,4.0
2458245.046643392,1623.012703328251,1.9801547254143053,1457.5578310061815,2.848516202224399,1457.5578310061815,2.848516202224399,16.294035723731152,0.0396353082377478,0.2242818286602188,3.76423648759221e-10,13.0,2434.7719970703124,45.68653293176608,389.01368493623386,645.9803579789159,4.0
2458245.0503151338,1625.2894389008766,2.1229286219260506,1460.0550221377825,2.95783815913798,1460.0550221377825,2.95783815913798,16.3200784917422,0.0404956636798835,0.2270418775016394,3.6061862861875535e-10,13.0,2507.37041015625,48.76741954841854,389.01368493623386,645.9803579789159,4.0
2458245.0537822843,1623.5723524080695,1.9085517907737322,1458.1716707228943,2.7859277229800923,1458.1716707228943,2.7859277229800923,16.300437350397228,0.0391481702522023,0.2088373130188419,3.2969906704855237e-10,13.0,2589.24765625,40.30031963348684,389.01368493623386,645.9803579789159,4.0
2458245.0576594896,1632.5119537109401,2.0200245055944896,1467.9768906887014,2.8367995397717505,1467.9768906887014,2.8367995397717505,16.402694268434214,0.0395390947175699,0.2226832607372083,3.3324997950427317e-10,13.0,2636.421118164062,41.3586021811332,389.01368493623386,645.9803579789159,4.0
2458245.060724003,1628.944100513444,1.829630153596467,1464.0635634359614,2.69302795476018,1464.0635634359614,2.69302795476018,16.361882865372294,0.0384318057224754,0.2232459442334813,3.6555905101809305e-10,13.0,2684.9289306640626,38.876561980194055,389.01368493623386,645.9803579789159,4.0
2458245.064196796,1632.9091095027854,1.6676095175558776,1468.4125029456475,2.544623546297181,1468.4125029456475,2.544623546297181,16.407237192204395,0.0373137986301962,0.2277371731093216,3.708106347605525e-10,13.0,2713.050146484375,33.883251415267935,389.01368493623386,645.9803579789159,4.0
2458245.071234248,1631.7200881941649,1.9644947924391283,1467.1083490935835,2.7927449983893187,1467.1083490935835,2.7927449983893187,16.393636400582867,0.039196875270246,0.2275205046403519,3.770911665568757e-10,13.0,2782.7714111328123,41.576054691846736,389.01368493623386,645.9803579789159,4.0
2458245.074609208,1632.4235220186154,2.1487055143022054,1467.8798961846064,2.948691727183347,1467.8798961846064,2.948691727183347,16.401682729775224,0.0404196650614855,0.2301911315170229,3.5723436682511676e-10,13.0,2793.7174072265625,46.13137472911496,389.01368493623386,645.9803579789159,4.0
2458245.078081751,1633.6655585785372,1.6777377396901314,1469.2421987373707,2.5493870836840276,1469.2421987373707,2.5493870836840276,16.41588994399025,0.0373487925661989,0.2301116719300314,3.655169033170899e-10,13.0,2806.080737304688,34.245670024941965,389.01368493623386,645.9803579789159,4.0
2458245.081553698,1629.9555903751516,1.565563021367253,1465.172995529319,2.479506703826586,1465.172995529319,2.479506703826586,16.373452937949313,0.0368353820087359,0.232798453275587,3.8118540180650785e-10,13.0,2855.4851806640627,33.4681748009074,389.01368493623386,645.9803579789159,4.0
2458245.0850286493,1630.6946097092248,1.903125230589088,1465.9835738631925,2.7456016153794938,1465.9835738631925,2.7456016153794938,16.381906317122702,0.0388334333325554,0.2326235256227816,3.4508299293817133e-10,13.0,2872.059912109375,41.60184673798632,389.01368493623386,645.9803579789159,4.0
2458245.088509546,1634.018706688344,1.668196194469108,1469.6295420628574,2.540365619710218,1469.6295420628574,2.540365619710218,16.419929479546262,0.0372817138672059,0.2327114136162475,3.7845454373612174e-10,13.0,2888.257055664062,34.28517230070704,389.01368493623386,645.9803579789159,4.0
2458245.0919855074,1633.6450039107406,1.9142807020372774,1469.2196537678317,2.7426254555666834,1469.2196537678317,2.7426254555666834,16.415654826459956,0.0388091940759151,0.2328507382084547,3.811662750938136e-10,13.0,2911.961962890625,40.35487171689283,389.01368493623386,645.9803579789159,4.0
2458245.095458478,1638.0269912411009,2.038715565565013,1474.0259474945747,2.8335698270541645,1474.0259474945747,2.8335698270541645,16.46577882014813,0.0395115736291263,0.2342131425819169,3.7836227951699e-10,13.0,2931.535302734375,41.43085390473525,389.01368493623386,645.9803579789159,4.0
2458245.107645064,1631.8911070655922,1.4969410492836959,1467.2959276662568,2.418356090472116,1467.2959276662568,2.418356090472116,16.39559262459397,0.0363895549267147,0.5590194574476549,3.434158811145005e-10,13.0,7681.181787109375,78.19276770568514,389.01368493623386,645.9803579789159,4.0
2458245.2102177213,1610.9541046281727,0.9405150295140294,1444.331602147888,2.217279658063983,1444.331602147888,2.217279658063983,16.1561017044009,0.0349821204068122,0.2357192778356041,2.4915382373804777e-10,13.0,1431.3229614257812,23.31231898422237,389.01368493623386,645.9803579789159,4.0
2458245.25178216,1610.0188544155121,1.3251278843063206,1443.3057919637947,2.4506934070552626,1443.3057919637947,2.4506934070552626,16.145403710038497,0.0366374146799016,0.2221292715300344,3.795959581353064e-10,13.0,1480.677844238281,33.64787545622586,389.01368493623386,645.9803579789159,4.0
2458245.2660621256,1615.7745199165054,1.7005633744808917,1449.6187766680143,2.6706176202460497,1449.6187766680143,2.6706176202460497,16.211240719480337,0.0382688330613036,0.2227058167943972,2.782112947546467e-10,13.0,2793.137060546875,41.8235449590308,389.01368493623386,645.9803579789159,4.0
2458245.30385411,1614.837796546507,1.922435922314188,1448.5913506812435,2.8523938712466856,1448.5913506812435,2.8523938712466856,16.200525874195417,0.0396703893602767,0.2280945105174363,3.7668545783361636e-10,13.0,2875.181201171875,49.5251397933475,389.01368493623386,645.9803579789159,4.0
2458245.307665494,1619.0859471962515,1.477166411267545,1453.2508483654703,2.480847446194437,1453.2508483654703,2.480847446194437,16.249118957721443,0.0368513646817279,0.2264414794993167,3.8131064222883744e-10,13.0,2869.7385498046874,34.8368670592695,389.01368493623386,645.9803579789159,4.0
2458245.320082759,1614.5285485239367,1.277857603782551,1448.2521582740476,2.3805150593410143,1448.2521582740476,2.3805150593410143,16.196988496114923,0.036127458252106,0.2269406655499188,3.7967760249306254e-10,13.0,2982.6251708984373,31.20598714286657,389.01368493623386,645.9803579789159,4.0
2458246.0227988563,1612.2498742505131,0.9590087115578594,1445.7528407178856,2.2142388689653325,1445.7528407178856,2.2142388689653325,16.170923551995358,0.0349602028955873,0.2193003562016772,2.916034162777435e-10,13.0,694.6713989257812,21.50620574945549,389.01368493623386,645.9803579789159,4.0
2458246.0277516297,1614.118492121603,0.9067025027853302,1447.80239624473,2.1697845852725925,1447.80239624473,2.1697845852725925,16.192298006852223,0.0346543617644959,0.220714907557158,3.602859495288612e-10,13.0,689.8292236328125,19.36629127172141,389.01368493623386,645.9803579789159,4.0
2458246.040034186,1609.939115616494,0.9548653722656041,1443.218332083013,2.234693942698667,1443.218332083013,2.234693942698667,16.144491606292558,0.0351031967503212,0.2231486323279272,3.1722116145301007e-10,13.0,671.7245239257812,22.56818621795205,389.01368493623386,645.9803579789159,4.0
2458246.0434287176,1614.6573391550908,0.9982324204706563,1448.3934196597863,2.212693931856798,1448.3934196597863,2.212693931856798,16.198461686312964,0.0349478220465733,0.2233354041540946,3.4407616568190846e-10,13.0,682.2950561523437,22.30153953666662,389.01368493623386,645.9803579789159,4.0
2458246.0468929303,1614.9402192452162,0.8933787524741522,1448.7036909362848,2.155485550439282,1448.7036909362848,2.155485550439282,16.201697450997575,0.0345565830717194,0.2252273290769841,2.709268287640374e-10,13.0,689.8538757324218,19.167192886428875,389.01368493623386,645.9803579789159,4.0
2458246.049976968,1613.9506840990218,0.9651724910315305,1447.6183394263442,2.201466454821615,1447.6183394263442,2.201466454821615,16.190378510598446,0.0348711249266148,0.2271487377122213,2.8410091080029786e-10,13.0,706.0125854492187,22.0534940900066,389.01368493623386,645.9803579789159,4.0
2458246.053846393,1611.4966938559323,0.8540330600749532,1444.9267301126586,2.169350981237492,1444.9267301126586,2.169350981237492,16.1623081894902,0.0346533404127447,0.2265496297340127,3.0629376101082736e-10,13.0,705.5206787109375,19.130876307595624,389.01368493623386,645.9803579789159,4.0
2458246.057720528,1613.5719099230569,1.0550461235381703,1447.202888671117,2.2539689164401477,1447.202888671117,2.2539689164401477,16.186045847591004,0.0352342983031523,0.2297507573160987,2.0713234770936215e-10,13.0,770.9778076171874,25.25079072058792,389.01368493623386,645.9803579789159,4.0
2458246.060784069,1613.908359602294,0.9756854152884182,1447.5719166624779,2.207425112256057,1447.5719166624779,2.207425112256057,16.18989437574208,0.0349121000350897,0.1976361518912941,3.639799448544188e-10,13.0,945.3513793945312,18.85331967226228,389.01368493623386,645.9803579789159,4.0
2458246.0678165136,1613.316836608498,1.0664524346263786,1446.9231166911468,2.262741651764225,1446.9231166911468,2.262741651764225,16.183128154716734,0.0352955830266147,0.2275702121974351,3.2035281852577336e-10,13.0,967.7494201660156,25.44250473091975,389.01368493623386,645.9803579789159,4.0
2458246.071210062,1616.5965619123667,1.1845949638158626,1450.520416720796,2.30426219205974,1450.520416720796,2.30426219205974,16.220643765337304,0.0355842654207972,0.2242550629155861,2.1498682984330864e-10,13.0,1112.4227172851563,27.35140982182928,389.01368493623386,645.9803579789159,4.0
2458246.074676072,1617.8423102501883,1.3955820582355072,1451.8867904616968,2.4326520030586503,1451.8867904616968,2.4326520030586503,16.23489343725884,0.0365010363466198,0.2006018513805937,2.6918742894385766e-10,13.0,1243.12841796875,28.966993860174885,389.01368493623386,645.9803579789159,4.0
2458246.0958195943,1618.21224380563,1.0804732061345506,1452.2925445620144,2.2283552637030763,1452.2925445620144,2.2283552637030763,16.239124975554162,0.0350534384985939,0.2326152997013837,2.1045308111955267e-10,13.0,1264.38115234375,24.83358719223728,389.01368493623386,645.9803579789159,4.0
2458246.102537305,1613.1635683150712,1.2692309503500605,1446.7550074791197,2.386657978701597,1446.7550074791197,2.386657978701597,16.181374973250602,0.036172458867602,0.2328928292845908,2.1458729864055503e-10,13.0,1270.81572265625,32.48137296005964,389.01368493623386,645.9803579789159,4.0
2458246.105930137,1613.5811858620543,1.0839234004670284,1447.2130627962474,2.270309100354904,1447.2130627962474,2.270309100354904,16.186151951756255,0.0353482064015386,0.2321042931298401,2.2080018540045654e-10,13.0,829.474365234375,26.530589643602024,389.01368493623386,645.9803579789159,4.0
2458246.1263270094,1617.2334457170489,0.7534469829658451,1451.2189697754561,2.068889170767585,1451.2189697754561,2.068889170767585,16.227928852536166,0.0339744030449883,0.5885675395327369,2.2802975753159382e-10,13.0,3200.785205078125,44.25400233279191,389.01368493623386,645.9803579789159,4.0
2458246.2275332334,1609.7151457570976,0.9232628832127071,1442.972675295569,2.2209176799727093,1442.972675295569,2.2209176799727093,16.141929694773324,0.0350081488813319,0.2268764265848459,2.1574387439531176e-10,13.0,855.1224243164063,22.05878237142249,389.01368493623386,645.9803579789159,4.0
2458246.303410591,1618.5142143931007,1.3891383258239993,1452.6237548624558,2.4231442430619747,1452.6237548624558,2.4231442430619747,16.2425791096443,0.0364317578608509,0.2133917488844738,2.4575716731929586e-10,13.0,1450.7781372070312,30.662091307609124,389.01368493623386,645.9803579789159,4.0
2458247.274617824,1612.5848605868496,0.8705661151720855,1446.1202636713301,2.166574628846133,1446.1202636713301,2.166574628846133,16.174755341487717,0.0346336329174105,0.2327124725067537,2.786341974976617e-10,13.0,843.2825500488282,20.07385603945914,389.01368493623386,645.9803579789159,4.0
2458247.321380866,1609.9793764109106,1.0363565334449432,1443.2624913169514,2.27755866082401,1443.2624913169514,2.27755866082401,16.144952135192586,0.0354015299298117,0.2335667809780109,1.3217299214587942e-10,13.0,1039.7439697265625,26.44130301314817,389.01368493623386,645.9803579789159,4.0
2458248.019523832,1613.0357231659589,0.8718495873534665,1446.6147831261421,2.1628395980093122,1446.6147831261421,2.1628395980093122,16.1799125980852,0.0346079008964291,0.2343212797924409,3.467719879257933e-10,13.0,861.3174011230469,20.113354310606702,389.01368493623386,645.9803579789159,4.0
2458248.081849347,1611.68594947904,0.8074442251447185,1445.1343112956977,2.145884072860628,1445.1343112956977,2.145884072860628,16.164473017214014,0.0344939199603902,0.2432844575107363,2.2848243281931258e-10,13.0,723.4289611816406,19.23867072476051,389.01368493623386,645.9803579789159,4.0
2458248.1002134616,1610.4954197394904,0.7175803314966798,1443.8285029518306,2.119375927873716,1443.8285029518306,2.119375927873716,16.15085497118787,0.0343161187459273,0.5744383894077769,3.813716791113867e-10,13.0,1767.668627929687,44.33639815772975,389.01368493623386,645.9803579789159,4.0
2458248.137395428,1616.8813508192964,3.3940793066000072,1450.8327816442022,4.179631890394285,1450.8327816442022,4.179631890394285,16.22390136429805,0.0508794626586383,0.0499933314354768,2.491662721588829e-10,13.0,611.7160095214844,16.490304404890015,389.01368493623386,645.9803579789159,4.0
2458248.191809044,1611.5403582088186,3.647945028617862,1444.9746224705177,4.453777861713334,1444.9746224705177,4.453777861713334,16.162807650484375,0.0533516832389969,0.0448374660730638,1.5716098454372128e-10,13.0,924.681103515625,17.007319499026124,389.01368493623386,645.9803579789159,4.0
2458248.2640900253,1611.3006517161066,0.6768331397197505,1444.711705276715,2.094805168157713,1444.711705276715,2.094805168157713,16.16006573321674,0.0341510178940315,0.5250769677759529,2.4685154808233303e-10,13.0,2137.017724609375,36.86718455778309,389.01368493623386,645.9803579789159,4.0
2458248.2692853766,1610.665019270539,2.2438440132256896,1444.0145247498624,3.1499057671443524,1444.0145247498624,3.1499057671443524,16.152794959869478,0.0420496426510734,0.0927886967946132,2.3310794576300756e-10,13.0,1040.75146484375,23.06691995333489,389.01368493623386,645.9803579789159,4.0
2458248.3214342115,1608.1176947128597,5.297581272938345,1441.2205435905075,6.143478273261529,1441.2205435905075,6.143478273261529,16.123657020750795,0.0692392135654093,0.037761200206925,3.563552033063298e-10,13.0,1374.9885620117188,22.9311226897062,389.01368493623386,645.9803579789159,4.0
2458249.047187132,1611.3262861093058,1.1632339686458577,1444.7398218398027,2.3374831888862073,1444.7398218398027,2.3374831888862073,16.16035895591823,0.035822833666445,0.2229460799444476,3.8132932602628837e-10,13.0,814.9866149902343,28.42210827096819,389.01368493623386,645.9803579789159,4.0
2458249.071497086,1612.220830286432,1.0163575681049528,1445.720984436285,2.2450770469740364,1445.720984436285,2.2450770469740364,16.17059132842588,0.0351734801071591,0.2221189516959499,3.8028473651263117e-10,13.0,801.6942565917968,23.66624511399457,389.01368493623386,645.9803579789159,4.0
2458249.113152588,1607.7883252329782,1.1361222436392229,1440.8592813718865,2.3554382490839227,1440.8592813718865,2.3554382490839227,16.119889480480595,0.0359531560912187,0.2037780617642043,3.8147098641464565e-10,13.0,773.818017578125,26.16917596789746,389.01368493623386,645.9803579789159,4.0
2458251.1609783256,1611.0554983484606,0.7203030448959612,1444.4428137888622,2.1146914406321815,1444.4428137888622,2.1146914406321815,16.157261511085053,0.0342842429554942,0.5513488394977292,3.813692626375608e-10,13.0,1773.95224609375,42.356547393455365,389.01368493623386,645.9803579789159,4.0
2458252.2546089008,1611.3737916940634,0.7278475693221648,1444.791927374754,2.114533509059086,1444.791927374754,2.114533509059086,16.160902355396825,0.0342829406846442,0.5492592333960646,3.6622239571055577e-10,13.0,2062.66708984375,42.49456214632389,389.01368493623386,645.9803579789159,4.0
2458254.088166139,1608.9819519165317,0.7505534202299893,1442.1684865358286,2.1489185568981135,1442.1684865358286,2.1489185568981135,16.133542951347096,0.0345165359255545,0.5364717654220627,3.8068967949031134e-10,13.0,1720.9359863281252,44.6599119028498,389.01368493623386,645.9803579789159,4.0
2458264.0609874427,1610.549180371913,0.830268619143185,1443.8874692086638,2.167769323925746,1443.8874692086638,2.167769323925746,16.15146991993078,0.0346432912408897,0.5666391647205565,3.8124482920009823e-10,13.0,2711.648583984375,52.47195985416014,389.01368493623386,645.9803579789159,4.0
2458265.060973905,1611.671957860426,0.7195597857760557,1445.1189648732397,2.108073061791007,1445.1189648732397,2.108073061791007,16.16431297206777,0.0342394147606946,0.6107536294187595,3.7632394792506e-10,13.0,3560.0662353515627,46.79338476249878,389.01368493623386,645.9803579789159,4.0
2458291.894737011,0.0,0.0,0.0,0.0,0.0,0.0,0.0,0.0,0.0,0.0,13.0,0.0,0.0,0.0,0.0,5.0
2458291.9358928693,0.0,0.0,0.0,0.0,0.0,0.0,0.0,0.0,0.0,0.0,13.0,0.0,0.0,0.0,0.0,5.0
2458292.147802652,0.0,0.0,0.0,0.0,0.0,0.0,0.0,0.0,0.0,0.0,13.0,0.0,0.0,0.0,0.0,5.0
2458292.1852597087,0.0,0.0,0.0,0.0,0.0,0.0,0.0,0.0,0.0,0.0,13.0,0.0,0.0,0.0,0.0,5.0
2458292.227134347,0.0,0.0,0.0,0.0,0.0,0.0,0.0,0.0,0.0,0.0,13.0,0.0,0.0,0.0,0.0,5.0
2458293.157614268,0.0,0.0,0.0,0.0,0.0,0.0,0.0,0.0,0.0,0.0,13.0,0.0,0.0,0.0,0.0,5.0
2458294.1501387,1635.7177761348423,1.0720430559561613,1471.493131846748,2.110391128959375,1471.493131846748,2.110391128959375,16.43936453031008,0.0342400375366582,1.0313808153259718,2.368236842770228e-10,13.0,7639.801904296875,95.97460668409956,389.01368493623386,645.9803579789159,0.0
2458295.116179733,0.0,0.0,0.0,0.0,0.0,0.0,0.0,0.0,0.0,0.0,13.0,0.0,0.0,0.0,0.0,5.0
2458295.9792675064,0.0,0.0,0.0,0.0,0.0,0.0,0.0,0.0,0.0,0.0,13.0,0.0,0.0,0.0,0.0,5.0
2458296.139843529,0.0,0.0,0.0,0.0,0.0,0.0,0.0,0.0,0.0,0.0,13.0,0.0,0.0,0.0,0.0,5.0
2458300.015262944,1627.7009860617038,1.1931182432666245,1462.700078619467,2.229548381400938,1462.700078619467,2.229548381400938,16.34766332153633,0.035055864611201,0.8645063091398406,3.5787719173151707e-10,13.0,12343.38125,100.00042914995386,389.01368493623386,645.9803579789159,0.0
2458300.9567418,1629.8452847556002,1.3631272517567876,1465.0520090527943,2.331840211252764,1465.0520090527943,2.331840211252764,16.37219119122087,0.035771189658362,0.7132710335263631,3.7996105920650127e-10,13.0,8447.87685546875,92.80229623915424,389.01368493623386,645.9803579789159,0.0
2458302.96608126,1613.4716723804663,0.6288593689842641,1447.0929451601453,2.0545391621876368,1447.0929451601453,2.0545391621876368,16.184899266012074,0.0338822823393986,0.9637031283879984,3.6920513437576117e-10,13.0,2244.9301025390623,61.3496541663368,389.01368493623386,645.9803579789159,0.0
2458304.031938086,1611.6077138767853,0.5318957831293611,1445.048500165728,2.040636281392018,1445.048500165728,2.040636281392018,16.16357810800091,0.0337921937923429,1.0080265505095158,1.5215483729601414e-10,13.0,2114.0185791015624,51.73931069203526,389.01368493623386,645.9803579789159,0.0
2458305.947057778,1611.8413001988115,0.6689730503442414,1445.304704574726,2.0861952542157085,1445.304704574726,2.0861952542157085,16.16625001881402,0.0340932358925005,0.951797468302576,3.7033555876570415e-10,13.0,2179.4607910156246,67.29006925155734,389.01368493623386,645.9803579789159,0.0
2458309.9360522022,1612.179929382311,0.5475308896217725,1445.6761231110288,2.039619991037439,1445.6761231110288,2.039619991037439,16.17012347753872,0.0337850815873991,1.0074594503249616,3.812572932517164e-10,13.0,2047.1572265625,53.61520877690899,389.01368493623386,645.9803579789159,0.0
2458311.064298252,1610.3682696730855,0.5235646251066008,1443.6890409861878,2.0512621188910245,1443.6890409861878,2.0512621188910245,16.14940054682618,0.0338630521248483,1.0154935514331624,2.462072656744661e-10,13.0,1826.7790893554688,52.01160927443185,389.01368493623386,645.9803579789159,0.0
2458312.0598525265,1611.644647398673,0.5168961134652674,1445.0890099484304,2.0356038510747543,1445.0890099484304,2.0356038510747543,16.16400057741454,0.0337591379754538,1.019954907516401,2.3977338498359176e-10,13.0,1824.0621948242188,50.02677114678343,389.01368493623386,645.9803579789159,0.0
2458312.928867165,1612.212248236486,0.517552036754786,1445.7115713892574,2.029843695546276,1445.7115713892574,2.029843695546276,16.170493161410583,0.0337209596400711,1.006017938369279,3.8057713352578217e-10,13.0,2037.678454589844,48.86132801346052,389.01368493623386,645.9803579789159,0.0
2458313.0476606307,1613.0127773248707,0.6891927840449728,1446.5896154467837,2.0822590441294735,1446.5896154467837,2.0822590441294735,16.179650128774536,0.034066171602926,0.4682103203686965,3.700669146539554e-10,13.0,857.6549011230469,32.39840603202092,389.01368493623386,645.9803579789159,0.0
2458313.0654949658,1606.6420413640099,1.1681862116856845,1439.6020032117426,2.3856237063049406,1439.6020032117426,2.3856237063049406,16.106777547222602,0.0361698469755472,0.4111506968848831,3.7993568508569316e-10,13.0,937.188427734375,58.30908752014973,389.01368493623386,645.9803579789159,0.0
2458313.1054173755,1612.9078103357508,0.5071690608830455,1446.4744845385253,2.019454858754229,1446.4744845385253,2.019454858754229,16.178449448739784,0.0336525214143837,1.0161015351269105,3.8142705123530815e-10,13.0,1833.175866699219,47.16111813927975,389.01368493623386,645.9803579789159,0.0
2458313.145348592,1612.4886757473207,0.728114843896686,1446.014765285326,2.1033598913823064,1446.014765285326,2.1033598913823064,16.173655117336885,0.0342072587999451,0.4667443369828876,3.1346899969778403e-10,13.0,958.8079467773435,35.107456730272794,389.01368493623386,645.9803579789159,0.0
2458313.17821248,1612.364514057049,0.6835560281086607,1445.878581059298,2.086549706851017,1445.878581059298,2.086549706851017,16.172234875946337,0.0340951989844726,0.9597627415788348,3.794800925215847e-10,13.0,2181.48515625,69.3782744407699,389.01368493623386,645.9803579789159,0.0
2458313.183297398,1614.7034911280184,0.7339739774169409,1448.4440405131202,2.084101376988952,1448.4440405131202,2.084101376988952,16.19898960230755,0.0340771765989969,0.9539747068124278,3.5547048502484024e-10,13.0,2256.924462890625,73.08908654993704,389.01368493623386,645.9803579789159,0.0
2458313.1885268823,1612.1931709206197,0.7472665496840551,1445.69064682315,2.1143824991069486,1445.69064682315,2.1143824991069486,16.17027494278327,0.0342813079598884,0.9466143610193573,3.567677338580505e-10,13.0,2298.371875,76.6731063950988,389.01368493623386,645.9803579789159,0.0
2458313.194764151,1612.3190991990768,0.6438545567855748,1445.8287686955205,2.071764990432783,1445.8287686955205,2.071764990432783,16.17171539154743,0.0339970350871506,0.9652933555160544,3.7928652599531197e-10,13.0,2393.7938232421875,64.52617110965244,389.01368493623386,645.9803579789159,0.0
2458313.2053309144,1611.1201530524777,0.8464866509775171,1444.5137289866702,2.1695506880356787,1444.5137289866702,2.1695506880356787,16.158001073236147,0.0346549839317924,0.9124404654228798,3.8146446842671137e-10,13.0,2439.4217041015627,86.94049495366544,389.01368493623386,645.9803579789159,0.0
2458313.212175416,1612.1157438668743,0.7721369568907914,1445.605722533179,2.1258792372408197,1445.605722533179,2.1258792372408197,16.169389282268853,0.0343586095059918,0.9216851064448968,3.794489014770786e-10,13.0,2422.7160400390626,77.64387564938873,389.01368493623386,645.9803579789159,0.0
2458313.9127017315,1613.037009893698,0.6405175477651434,1446.6161944473047,2.063232628076007,1446.6161944473047,2.063232628076007,16.1799273165059,0.033940012742289,0.4730615903313414,3.637392596018488e-10,13.0,885.2522766113282,29.43583489321633,389.01368493623386,645.9803579789159,0.0
2458313.925148025,1612.0165899489489,0.5494361256620545,1445.4969675738928,2.0419379841045147,1445.4969675738928,2.0419379841045147,16.168255095886842,0.033800431242575,1.01373814589896,3.6971941210940124e-10,13.0,1911.4248046875,54.3269943073257,389.01368493623386,645.9803579789159,0.0
2458314.9221798987,1613.2609142701594,0.5669808370228149,1446.861779411123,2.034898618670939,1446.861779411123,2.034898618670939,16.182488478989125,0.0337532846040539,1.0129616474885308,3.8144614711746134e-10,13.0,1909.260815429688,55.6719426992932,389.01368493623386,645.9803579789159,0.0
2458317.0291253803,1612.1475475075738,0.5383321247054595,1445.6406057099798,2.0370096155381843,1445.6406057099798,2.0370096155381843,16.1697530727971,0.0337679734380844,1.021954831596297,3.25050443965007e-10,13.0,1740.274658203125,53.14476579856994,389.01368493623386,645.9803579789159,0.0
2458317.914648285,1610.6569674800783,0.5646092419307495,1444.005693307171,2.061233245128458,1444.005693307171,2.061233245128458,16.15270285830373,0.0339286146105414,0.9928387264945624,2.0429598977079736e-10,13.0,2360.9497314453124,56.721963874162576,389.01368493623386,645.9803579789159,0.0
2458327.9483610494,-881866.1317485251,-881866.1317485251,-881866.1317485251,-881866.1317485251,-881866.1317485251,-881866.1317485251,0.0,0.0,0.1553554750892194,-9999.99,13.0,-9999.99,-9999.99,-9999.99,-9999.99,7.0
2458328.063096186,1615.480888744921,1.5415970863481894,1449.2967132863648,2.554140841215853,1449.2967132863648,2.554140841215853,16.207881977000834,0.0373942558795586,0.6885289341486658,3.5575819571662766e-10,13.0,16750.77734375,120.52724303051568,389.01368493623386,645.9803579789159,4.0
2458330.0448452565,0.0,0.0,0.0,0.0,0.0,0.0,0.0,0.0,0.0,0.0,13.0,0.0,0.0,0.0,0.0,5.0
2458330.8795832493,1611.4375465884418,0.7030010751778467,1444.861855634651,2.103741318173663,1444.861855634651,2.103741318173663,16.16163162494566,0.0342106042446225,0.5343678688793725,1.9039946531973982e-10,13.0,1971.068017578125,39.39979619753991,389.01368493623386,645.9803579789159,4.0
2458332.021427281,1610.9977295996484,0.510826389203971,1444.3794513110458,2.0406330024340784,1444.3794513110458,2.0406330024340784,16.15660071492512,0.0337926437229857,1.017351811068165,1.9384117878221954e-10,13.0,2157.3282470703125,49.52715333060571,389.01368493623386,645.9803579789159,0.0
2458332.8725310965,1612.9229004518488,0.5443507641358536,1446.4910358256159,2.030912022816867,1446.4910358256159,2.030912022816867,16.178622059207814,0.0337274151396275,1.002905777772239,3.4631897596072255e-10,13.0,2203.228588867188,52.14252004781531,389.01368493623386,645.9803579789159,0.0
2458335.9191805595,1612.9068566058788,0.5173862477340602,1446.4734384593025,2.022580330918254,1446.4734384593025,2.022580330918254,16.17843853936317,0.0336729304521988,1.0077791415860358,3.5438064945305145e-10,13.0,1854.3017456054688,48.29922983174269,389.01368493623386,645.9803579789159,0.0
2458337.906148835,1610.9904077254084,0.5292309218060829,1444.3714204621235,2.0463456635726662,1444.3714204621235,2.0463456635726662,16.15651696261126,0.0338302001125291,1.009187636471667,3.70074387358053e-10,13.0,1899.2322265625,52.07923262704843,389.01368493623386,645.9803579789159,0.0
2458338.95120977,1610.3217338864754,0.5437145940284915,1443.6379991546191,2.0580590978762223,1443.6379991546191,2.0580590978762223,16.148868240523477,0.033907912766834,1.0111986543478082,1.8549267842987618e-10,13.0,1868.096228027344,54.9698684160564,389.01368493623386,645.9803579789159,0.0
2458339.9476791243,1609.279699234847,0.5389230593590727,1442.495064629348,2.0678551137526253,1442.495064629348,2.0678551137526253,16.13694877696428,0.0339734902782946,1.018163256774951,2.0148325716325717e-10,13.0,1791.1074096679686,55.590284396395134,389.01368493623386,645.9803579789159,0.0
2458339.9793980625,1610.7231969510397,0.5243955174273344,1444.0783357560883,2.0477036272012494,1444.0783357560883,2.0477036272012494,16.15346043365348,0.0338393432713291,1.0208940310558043,3.7075405167355206e-10,13.0,1788.8112182617188,52.13671154469801,389.01368493623386,645.9803579789159,0.0
2458340.878835191,1611.8479032158277,0.5069284393594624,1445.3119469597145,2.0304412334749324,1445.3119469597145,2.0304412334749324,16.166325548375905,0.0337251510584616,1.0145918066512645,3.4703816738377645e-10,13.0,2133.9761962890625,47.942415744526336,389.01368493623386,645.9803579789159,0.0
2458341.878543622,0.0,0.0,0.0,0.0,0.0,0.0,0.0,0.0,0.0,0.0,13.0,0.0,0.0,0.0,0.0,5.0
2458343.037781656,1610.711629910591,0.5242927689324495,1444.0656486829064,2.0477959063138633,1444.0656486829064,2.0477959063138633,16.15332812239406,0.0338399596087041,0.9793076799415938,3.747683835532216e-10,13.0,1752.8795654296875,49.91406745032396,389.01368493623386,645.9803579789159,0.0
2458344.868427966,1610.4837406616407,0.5812024802683639,1443.8156929927025,2.068618262322586,1443.8156929927025,2.068618262322586,16.15072137837249,0.0339775973830164,0.9810981723334664,3.5255525186927227e-10,13.0,2290.527612304688,58.64716808990777,389.01368493623386,645.9803579789159,0.0
2458346.0326148355,1611.365701468598,0.5301436790314348,1444.7830537754094,2.0426441597389213,1444.7830537754094,2.0426441597389213,16.16080981418673,0.0338055715122429,0.991207356987132,2.4872167308825523e-10,13.0,1672.95703125,50.79879759755251,389.01368493623386,645.9803579789159,0.0
2458347.9037850844,1612.7516673782957,0.5595015608401086,1446.3032223096975,2.037616783536686,1446.3032223096975,2.037616783536686,16.176663385014834,0.0337714982003735,0.9999315914796958,3.69431347561576e-10,13.0,2083.243359375,54.51112105351182,389.01368493623386,645.9803579789159,0.0
2458347.9780426444,0.0,0.0,0.0,0.0,0.0,0.0,0.0,0.0,0.0,0.0,13.0,0.0,0.0,0.0,0.0,5.0
2458353.016001004,1614.464047902314,0.6857845991692164,1448.181412078382,2.066584492819244,1448.181412078382,2.066584492819244,16.19625069645751,0.0339611278180153,0.95141468464284,3.814666614973215e-10,13.0,7277.777148437501,66.99454979678612,389.01368493623386,645.9803579789159,0.0
2458353.9811396063,1618.5465121610032,0.7881687984374044,1452.6591800126344,2.072749765346998,1452.6591800126344,2.072749765346998,16.24294855231778,0.033999077762864,0.9900648520846616,3.696573331907553e-10,13.0,8177.91611328125,79.01407583284492,389.01368493623386,645.9803579789159,0.0
2458381.884197436,1605.7220643467203,1.0211064522060456,1438.5929451215225,2.3126329123818765,1438.5929451215225,2.3126329123818765,16.09625425750692,0.0356512617612769,0.8200956406429284,3.536069384713597e-10,13.0,5023.9396484375,103.00974429138029,389.01368493623386,645.9803579789159,0.0
2458390.884389969,1610.329124186294,0.6034393489355456,1443.6461050547464,2.077908631396013,1443.6461050547464,2.077908631396013,16.14895277553318,0.0340393163951383,0.9826480464841878,3.8095514092389225e-10,13.0,2149.7440673828123,62.04366879727559,389.01368493623386,645.9803579789159,0.0
2458398.8853394086,1609.7917481589882,0.5420736496269837,1443.0566950829175,2.063264836314013,1443.0566950829175,2.063264836314013,16.142805922388657,0.0339427187744187,0.956949387903744,3.2879234246477167e-10,13.0,2334.25859375,52.02516846142858,389.01368493623386,645.9803579789159,0.0
2457867.4532781574,0.0,0.0,0.0,0.0,0.0,0.0,0.0,0.0,0.0,0.0,0.0,0.0,0.0,0.0,0.0,0.0
2458580.539819603,0.0,0.0,0.0,0.0,0.0,0.0,0.0,0.0,0.0,0.0,0.0,0.0,0.0,0.0,0.0,0.0
2457864.5991871944,0.0,0.0,0.0,0.0,0.0,0.0,0.0,0.0,0.0,0.0,0.0,0.0,0.0,0.0,0.0,0.0
2458580.559513909,0.0,0.0,0.0,0.0,0.0,0.0,0.0,0.0,0.0,0.0,0.0,0.0,0.0,0.0,0.0,0.0
2457867.4949110607,0.0,0.0,0.0,0.0,0.0,0.0,0.0,0.0,0.0,0.0,0.0,0.0,0.0,0.0,0.0,0.0
2458581.585659028,0.0,0.0,0.0,0.0,0.0,0.0,0.0,0.0,0.0,0.0,0.0,0.0,0.0,0.0,0.0,0.0
2457876.6368169067,0.0,0.0,0.0,0.0,0.0,0.0,0.0,0.0,0.0,0.0,0.0,0.0,0.0,0.0,0.0,0.0
2458583.5481344103,0.0,0.0,0.0,0.0,0.0,0.0,0.0,0.0,0.0,0.0,0.0,0.0,0.0,0.0,0.0,0.0
2457887.535271145,0.0,0.0,0.0,0.0,0.0,0.0,0.0,0.0,0.0,0.0,0.0,0.0,0.0,0.0,0.0,0.0
2458583.625648816,0.0,0.0,0.0,0.0,0.0,0.0,0.0,0.0,0.0,0.0,0.0,0.0,0.0,0.0,0.0,0.0
2457890.47225462,0.0,0.0,0.0,0.0,0.0,0.0,0.0,0.0,0.0,0.0,0.0,0.0,0.0,0.0,0.0,0.0
2458585.5556206675,0.0,0.0,0.0,0.0,0.0,0.0,0.0,0.0,0.0,0.0,0.0,0.0,0.0,0.0,0.0,0.0
2457920.2768138587,0.0,0.0,0.0,0.0,0.0,0.0,0.0,0.0,0.0,0.0,0.0,0.0,0.0,0.0,0.0,0.0
2458590.555074898,0.0,0.0,0.0,0.0,0.0,0.0,0.0,0.0,0.0,0.0,0.0,0.0,0.0,0.0,0.0,0.0
2457920.5225103274,0.0,0.0,0.0,0.0,0.0,0.0,0.0,0.0,0.0,0.0,0.0,0.0,0.0,0.0,0.0,0.0
2458604.474238575,0.0,0.0,0.0,0.0,0.0,0.0,0.0,0.0,0.0,0.0,0.0,0.0,0.0,0.0,0.0,0.0
2457921.360170644,0.0,0.0,0.0,0.0,0.0,0.0,0.0,0.0,0.0,0.0,0.0,0.0,0.0,0.0,0.0,0.0
2458605.471613688,0.0,0.0,0.0,0.0,0.0,0.0,0.0,0.0,0.0,0.0,0.0,0.0,0.0,0.0,0.0,0.0
2457929.277748105,0.0,0.0,0.0,0.0,0.0,0.0,0.0,0.0,0.0,0.0,0.0,0.0,0.0,0.0,0.0,0.0
2458605.544146025,0.0,0.0,0.0,0.0,0.0,0.0,0.0,0.0,0.0,0.0,0.0,0.0,0.0,0.0,0.0,0.0
2457929.3966621337,0.0,0.0,0.0,0.0,0.0,0.0,0.0,0.0,0.0,0.0,0.0,0.0,0.0,0.0,0.0,0.0
2458606.564329712,0.0,0.0,0.0,0.0,0.0,0.0,0.0,0.0,0.0,0.0,0.0,0.0,0.0,0.0,0.0,0.0
2457930.3267411264,0.0,0.0,0.0,0.0,0.0,0.0,0.0,0.0,0.0,0.0,0.0,0.0,0.0,0.0,0.0,0.0
2458609.512288608,0.0,0.0,0.0,0.0,0.0,0.0,0.0,0.0,0.0,0.0,0.0,0.0,0.0,0.0,0.0,0.0
2457937.503703962,0.0,0.0,0.0,0.0,0.0,0.0,0.0,0.0,0.0,0.0,0.0,0.0,0.0,0.0,0.0,0.0
2458613.466723453,0.0,0.0,0.0,0.0,0.0,0.0,0.0,0.0,0.0,0.0,0.0,0.0,0.0,0.0,0.0,0.0
2457938.3166658054,0.0,0.0,0.0,0.0,0.0,0.0,0.0,0.0,0.0,0.0,0.0,0.0,0.0,0.0,0.0,0.0
2458614.494579392,0.0,0.0,0.0,0.0,0.0,0.0,0.0,0.0,0.0,0.0,0.0,0.0,0.0,0.0,0.0,0.0
2457939.216476385,0.0,0.0,0.0,0.0,0.0,0.0,0.0,0.0,0.0,0.0,0.0,0.0,0.0,0.0,0.0,0.0
2458616.5293883337,0.0,0.0,0.0,0.0,0.0,0.0,0.0,0.0,0.0,0.0,0.0,0.0,0.0,0.0,0.0,0.0
2457939.5061482512,0.0,0.0,0.0,0.0,0.0,0.0,0.0,0.0,0.0,0.0,0.0,0.0,0.0,0.0,0.0,0.0
2458617.440931057,0.0,0.0,0.0,0.0,0.0,0.0,0.0,0.0,0.0,0.0,0.0,0.0,0.0,0.0,0.0,0.0
2457941.5532857035,0.0,0.0,0.0,0.0,0.0,0.0,0.0,0.0,0.0,0.0,0.0,0.0,0.0,0.0,0.0,0.0
2458618.485188828,0.0,0.0,0.0,0.0,0.0,0.0,0.0,0.0,0.0,0.0,0.0,0.0,0.0,0.0,0.0,0.0
2457942.4588423176,0.0,0.0,0.0,0.0,0.0,0.0,0.0,0.0,0.0,0.0,0.0,0.0,0.0,0.0,0.0,0.0
2458630.474117989,0.0,0.0,0.0,0.0,0.0,0.0,0.0,0.0,0.0,0.0,0.0,0.0,0.0,0.0,0.0,0.0
2457943.205474523,0.0,0.0,0.0,0.0,0.0,0.0,0.0,0.0,0.0,0.0,0.0,0.0,0.0,0.0,0.0,0.0
2458637.553656601,0.0,0.0,0.0,0.0,0.0,0.0,0.0,0.0,0.0,0.0,0.0,0.0,0.0,0.0,0.0,0.0
2457945.4643331133,0.0,0.0,0.0,0.0,0.0,0.0,0.0,0.0,0.0,0.0,0.0,0.0,0.0,0.0,0.0,0.0
2458637.568375636,0.0,0.0,0.0,0.0,0.0,0.0,0.0,0.0,0.0,0.0,0.0,0.0,0.0,0.0,0.0,0.0
2457946.218361312,0.0,0.0,0.0,0.0,0.0,0.0,0.0,0.0,0.0,0.0,0.0,0.0,0.0,0.0,0.0,0.0
2458638.383354136,0.0,0.0,0.0,0.0,0.0,0.0,0.0,0.0,0.0,0.0,0.0,0.0,0.0,0.0,0.0,0.0
2457946.281756224,0.0,0.0,0.0,0.0,0.0,0.0,0.0,0.0,0.0,0.0,0.0,0.0,0.0,0.0,0.0,0.0
2458641.375441686,0.0,0.0,0.0,0.0,0.0,0.0,0.0,0.0,0.0,0.0,0.0,0.0,0.0,0.0,0.0,0.0
2457946.549807948,0.0,0.0,0.0,0.0,0.0,0.0,0.0,0.0,0.0,0.0,0.0,0.0,0.0,0.0,0.0,0.0
2458645.4169332343,0.0,0.0,0.0,0.0,0.0,0.0,0.0,0.0,0.0,0.0,0.0,0.0,0.0,0.0,0.0,0.0
2457947.350856945,0.0,0.0,0.0,0.0,0.0,0.0,0.0,0.0,0.0,0.0,0.0,0.0,0.0,0.0,0.0,0.0
2458648.388044897,0.0,0.0,0.0,0.0,0.0,0.0,0.0,0.0,0.0,0.0,0.0,0.0,0.0,0.0,0.0,0.0
2457947.5555169885,0.0,0.0,0.0,0.0,0.0,0.0,0.0,0.0,0.0,0.0,0.0,0.0,0.0,0.0,0.0,0.0
2458661.2729757065,0.0,0.0,0.0,0.0,0.0,0.0,0.0,0.0,0.0,0.0,0.0,0.0,0.0,0.0,0.0,0.0
2457948.3026955123,0.0,0.0,0.0,0.0,0.0,0.0,0.0,0.0,0.0,0.0,0.0,0.0,0.0,0.0,0.0,0.0
2458661.2847877275,0.0,0.0,0.0,0.0,0.0,0.0,0.0,0.0,0.0,0.0,0.0,0.0,0.0,0.0,0.0,0.0
2457949.225592498,0.0,0.0,0.0,0.0,0.0,0.0,0.0,0.0,0.0,0.0,0.0,0.0,0.0,0.0,0.0,0.0
2458661.2966126204,0.0,0.0,0.0,0.0,0.0,0.0,0.0,0.0,0.0,0.0,0.0,0.0,0.0,0.0,0.0,0.0
2457949.520265053,0.0,0.0,0.0,0.0,0.0,0.0,0.0,0.0,0.0,0.0,0.0,0.0,0.0,0.0,0.0,0.0
2458661.3084382755,0.0,0.0,0.0,0.0,0.0,0.0,0.0,0.0,0.0,0.0,0.0,0.0,0.0,0.0,0.0,0.0
2457954.5383254318,0.0,0.0,0.0,0.0,0.0,0.0,0.0,0.0,0.0,0.0,0.0,0.0,0.0,0.0,0.0,0.0
2458661.320265464,0.0,0.0,0.0,0.0,0.0,0.0,0.0,0.0,0.0,0.0,0.0,0.0,0.0,0.0,0.0,0.0
2457956.388940464,0.0,0.0,0.0,0.0,0.0,0.0,0.0,0.0,0.0,0.0,0.0,0.0,0.0,0.0,0.0,0.0
2458668.3290721555,0.0,0.0,0.0,0.0,0.0,0.0,0.0,0.0,0.0,0.0,0.0,0.0,0.0,0.0,0.0,0.0
2457957.4234840414,0.0,0.0,0.0,0.0,0.0,0.0,0.0,0.0,0.0,0.0,0.0,0.0,0.0,0.0,0.0,0.0
2457844.6174118635,0.0,0.0,0.0,0.0,0.0,0.0,0.0,0.0,0.0,0.0,0.0,0.0,0.0,0.0,0.0,0.0
2457958.367533369,0.0,0.0,0.0,0.0,0.0,0.0,0.0,0.0,0.0,0.0,0.0,0.0,0.0,0.0,0.0,0.0
2457844.63106672,0.0,0.0,0.0,0.0,0.0,0.0,0.0,0.0,0.0,0.0,0.0,0.0,0.0,0.0,0.0,0.0
2457958.4652533056,0.0,0.0,0.0,0.0,0.0,0.0,0.0,0.0,0.0,0.0,0.0,0.0,0.0,0.0,0.0,0.0
2457846.561121053,0.0,0.0,0.0,0.0,0.0,0.0,0.0,0.0,0.0,0.0,0.0,0.0,0.0,0.0,0.0,0.0
2457959.277201117,0.0,0.0,0.0,0.0,0.0,0.0,0.0,0.0,0.0,0.0,0.0,0.0,0.0,0.0,0.0,0.0
2457847.4702764065,0.0,0.0,0.0,0.0,0.0,0.0,0.0,0.0,0.0,0.0,0.0,0.0,0.0,0.0,0.0,0.0
2457965.3978970693,0.0,0.0,0.0,0.0,0.0,0.0,0.0,0.0,0.0,0.0,0.0,0.0,0.0,0.0,0.0,0.0
2457848.635839628,0.0,0.0,0.0,0.0,0.0,0.0,0.0,0.0,0.0,0.0,0.0,0.0,0.0,0.0,0.0,0.0
2457892.541712026,0.0,0.0,0.0,0.0,0.0,0.0,0.0,0.0,0.0,0.0,0.0,0.0,0.0,0.0,0.0,0.0
2457967.4612850766,0.0,0.0,0.0,0.0,0.0,0.0,0.0,0.0,0.0,0.0,0.0,0.0,0.0,0.0,0.0,0.0
2457914.367702042,0.0,0.0,0.0,0.0,0.0,0.0,0.0,0.0,0.0,0.0,0.0,0.0,0.0,0.0,0.0,0.0
2457968.3639381514,0.0,0.0,0.0,0.0,0.0,0.0,0.0,0.0,0.0,0.0,0.0,0.0,0.0,0.0,0.0,0.0
2457917.277393777,0.0,0.0,0.0,0.0,0.0,0.0,0.0,0.0,0.0,0.0,0.0,0.0,0.0,0.0,0.0,0.0
2458670.296212926,0.0,0.0,0.0,0.0,0.0,0.0,0.0,0.0,0.0,0.0,0.0,0.0,0.0,0.0,0.0,0.0
2457969.329152828,0.0,0.0,0.0,0.0,0.0,0.0,0.0,0.0,0.0,0.0,0.0,0.0,0.0,0.0,0.0,0.0
2457971.2465710603,0.0,0.0,0.0,0.0,0.0,0.0,0.0,0.0,0.0,0.0,0.0,0.0,0.0,0.0,0.0,0.0
2457972.301558064,0.0,0.0,0.0,0.0,0.0,0.0,0.0,0.0,0.0,0.0,0.0,0.0,0.0,0.0,0.0,0.0
2457972.443513577,0.0,0.0,0.0,0.0,0.0,0.0,0.0,0.0,0.0,0.0,0.0,0.0,0.0,0.0,0.0,0.0
2457973.4851306286,0.0,0.0,0.0,0.0,0.0,0.0,0.0,0.0,0.0,0.0,0.0,0.0,0.0,0.0,0.0,0.0
2457974.4018228506,0.0,0.0,0.0,0.0,0.0,0.0,0.0,0.0,0.0,0.0,0.0,0.0,0.0,0.0,0.0,0.0
2457978.4014685755,0.0,0.0,0.0,0.0,0.0,0.0,0.0,0.0,0.0,0.0,0.0,0.0,0.0,0.0,0.0,0.0
2457979.452478756,0.0,0.0,0.0,0.0,0.0,0.0,0.0,0.0,0.0,0.0,0.0,0.0,0.0,0.0,0.0,0.0
2457980.3382895226,0.0,0.0,0.0,0.0,0.0,0.0,0.0,0.0,0.0,0.0,0.0,0.0,0.0,0.0,0.0,0.0
2457984.414033991,0.0,0.0,0.0,0.0,0.0,0.0,0.0,0.0,0.0,0.0,0.0,0.0,0.0,0.0,0.0,0.0
2457985.4078017417,0.0,0.0,0.0,0.0,0.0,0.0,0.0,0.0,0.0,0.0,0.0,0.0,0.0,0.0,0.0,0.0
2457986.331336334,0.0,0.0,0.0,0.0,0.0,0.0,0.0,0.0,0.0,0.0,0.0,0.0,0.0,0.0,0.0,0.0
2457986.43201779,0.0,0.0,0.0,0.0,0.0,0.0,0.0,0.0,0.0,0.0,0.0,0.0,0.0,0.0,0.0,0.0
2457989.337659108,0.0,0.0,0.0,0.0,0.0,0.0,0.0,0.0,0.0,0.0,0.0,0.0,0.0,0.0,0.0,0.0
2457991.3438159614,0.0,0.0,0.0,0.0,0.0,0.0,0.0,0.0,0.0,0.0,0.0,0.0,0.0,0.0,0.0,0.0
2457992.2197811017,0.0,0.0,0.0,0.0,0.0,0.0,0.0,0.0,0.0,0.0,0.0,0.0,0.0,0.0,0.0,0.0
2457992.4161394243,0.0,0.0,0.0,0.0,0.0,0.0,0.0,0.0,0.0,0.0,0.0,0.0,0.0,0.0,0.0,0.0
2458000.330072832,0.0,0.0,0.0,0.0,0.0,0.0,0.0,0.0,0.0,0.0,0.0,0.0,0.0,0.0,0.0,0.0
2458001.244864189,0.0,0.0,0.0,0.0,0.0,0.0,0.0,0.0,0.0,0.0,0.0,0.0,0.0,0.0,0.0,0.0
2458001.3861358,0.0,0.0,0.0,0.0,0.0,0.0,0.0,0.0,0.0,0.0,0.0,0.0,0.0,0.0,0.0,0.0
2458003.293674702,0.0,0.0,0.0,0.0,0.0,0.0,0.0,0.0,0.0,0.0,0.0,0.0,0.0,0.0,0.0,0.0
2458006.2532190457,0.0,0.0,0.0,0.0,0.0,0.0,0.0,0.0,0.0,0.0,0.0,0.0,0.0,0.0,0.0,0.0
2458007.2947045537,0.0,0.0,0.0,0.0,0.0,0.0,0.0,0.0,0.0,0.0,0.0,0.0,0.0,0.0,0.0,0.0
2458010.256291161,0.0,0.0,0.0,0.0,0.0,0.0,0.0,0.0,0.0,0.0,0.0,0.0,0.0,0.0,0.0,0.0
2458011.321199931,0.0,0.0,0.0,0.0,0.0,0.0,0.0,0.0,0.0,0.0,0.0,0.0,0.0,0.0,0.0,0.0
2458013.272291965,0.0,0.0,0.0,0.0,0.0,0.0,0.0,0.0,0.0,0.0,0.0,0.0,0.0,0.0,0.0,0.0
2458014.3664247696,0.0,0.0,0.0,0.0,0.0,0.0,0.0,0.0,0.0,0.0,0.0,0.0,0.0,0.0,0.0,0.0
2458016.34193349,0.0,0.0,0.0,0.0,0.0,0.0,0.0,0.0,0.0,0.0,0.0,0.0,0.0,0.0,0.0,0.0
2458019.2687283945,0.0,0.0,0.0,0.0,0.0,0.0,0.0,0.0,0.0,0.0,0.0,0.0,0.0,0.0,0.0,0.0
2458020.345561828,0.0,0.0,0.0,0.0,0.0,0.0,0.0,0.0,0.0,0.0,0.0,0.0,0.0,0.0,0.0,0.0
2458021.255930853,0.0,0.0,0.0,0.0,0.0,0.0,0.0,0.0,0.0,0.0,0.0,0.0,0.0,0.0,0.0,0.0
2458024.2304402096,0.0,0.0,0.0,0.0,0.0,0.0,0.0,0.0,0.0,0.0,0.0,0.0,0.0,0.0,0.0,0.0
2458028.2762237126,0.0,0.0,0.0,0.0,0.0,0.0,0.0,0.0,0.0,0.0,0.0,0.0,0.0,0.0,0.0,0.0
2458032.2471268326,0.0,0.0,0.0,0.0,0.0,0.0,0.0,0.0,0.0,0.0,0.0,0.0,0.0,0.0,0.0,0.0
2458036.2511471985,0.0,0.0,0.0,0.0,0.0,0.0,0.0,0.0,0.0,0.0,0.0,0.0,0.0,0.0,0.0,0.0
2458047.25438402,0.0,0.0,0.0,0.0,0.0,0.0,0.0,0.0,0.0,0.0,0.0,0.0,0.0,0.0,0.0,0.0
2458053.2578003597,0.0,0.0,0.0,0.0,0.0,0.0,0.0,0.0,0.0,0.0,0.0,0.0,0.0,0.0,0.0,0.0
2458165.6206522696,0.0,0.0,0.0,0.0,0.0,0.0,0.0,0.0,0.0,0.0,0.0,0.0,0.0,0.0,0.0,0.0
2458249.605311571,0.0,0.0,0.0,0.0,0.0,0.0,0.0,0.0,0.0,0.0,0.0,0.0,0.0,0.0,0.0,0.0
2458249.652410622,0.0,0.0,0.0,0.0,0.0,0.0,0.0,0.0,0.0,0.0,0.0,0.0,0.0,0.0,0.0,0.0
2458251.63813242,0.0,0.0,0.0,0.0,0.0,0.0,0.0,0.0,0.0,0.0,0.0,0.0,0.0,0.0,0.0,0.0
2458252.508768533,0.0,0.0,0.0,0.0,0.0,0.0,0.0,0.0,0.0,0.0,0.0,0.0,0.0,0.0,0.0,0.0
2458252.622858022,0.0,0.0,0.0,0.0,0.0,0.0,0.0,0.0,0.0,0.0,0.0,0.0,0.0,0.0,0.0,0.0
2458255.541785501,0.0,0.0,0.0,0.0,0.0,0.0,0.0,0.0,0.0,0.0,0.0,0.0,0.0,0.0,0.0,0.0
2458256.5625467924,0.0,0.0,0.0,0.0,0.0,0.0,0.0,0.0,0.0,0.0,0.0,0.0,0.0,0.0,0.0,0.0
2458257.579474227,0.0,0.0,0.0,0.0,0.0,0.0,0.0,0.0,0.0,0.0,0.0,0.0,0.0,0.0,0.0,0.0
2458262.4271676824,0.0,0.0,0.0,0.0,0.0,0.0,0.0,0.0,0.0,0.0,0.0,0.0,0.0,0.0,0.0,0.0
2458275.5699907844,0.0,0.0,0.0,0.0,0.0,0.0,0.0,0.0,0.0,0.0,0.0,0.0,0.0,0.0,0.0,0.0
2458276.374391487,0.0,0.0,0.0,0.0,0.0,0.0,0.0,0.0,0.0,0.0,0.0,0.0,0.0,0.0,0.0,0.0
2458276.458121303,0.0,0.0,0.0,0.0,0.0,0.0,0.0,0.0,0.0,0.0,0.0,0.0,0.0,0.0,0.0,0.0
2458277.3717103405,0.0,0.0,0.0,0.0,0.0,0.0,0.0,0.0,0.0,0.0,0.0,0.0,0.0,0.0,0.0,0.0
2458277.5563291484,0.0,0.0,0.0,0.0,0.0,0.0,0.0,0.0,0.0,0.0,0.0,0.0,0.0,0.0,0.0,0.0
2458278.3690041816,0.0,0.0,0.0,0.0,0.0,0.0,0.0,0.0,0.0,0.0,0.0,0.0,0.0,0.0,0.0,0.0
2458278.5034386097,0.0,0.0,0.0,0.0,0.0,0.0,0.0,0.0,0.0,0.0,0.0,0.0,0.0,0.0,0.0,0.0
2458281.510320205,0.0,0.0,0.0,0.0,0.0,0.0,0.0,0.0,0.0,0.0,0.0,0.0,0.0,0.0,0.0,0.0
2458281.525148452,0.0,0.0,0.0,0.0,0.0,0.0,0.0,0.0,0.0,0.0,0.0,0.0,0.0,0.0,0.0,0.0
2458282.3584912163,0.0,0.0,0.0,0.0,0.0,0.0,0.0,0.0,0.0,0.0,0.0,0.0,0.0,0.0,0.0,0.0
2458304.4524611738,0.0,0.0,0.0,0.0,0.0,0.0,0.0,0.0,0.0,0.0,0.0,0.0,0.0,0.0,0.0,0.0
2458305.302435546,0.0,0.0,0.0,0.0,0.0,0.0,0.0,0.0,0.0,0.0,0.0,0.0,0.0,0.0,0.0,0.0
2458306.292851421,0.0,0.0,0.0,0.0,0.0,0.0,0.0,0.0,0.0,0.0,0.0,0.0,0.0,0.0,0.0,0.0
2458310.281989465,0.0,0.0,0.0,0.0,0.0,0.0,0.0,0.0,0.0,0.0,0.0,0.0,0.0,0.0,0.0,0.0
2458320.254078468,0.0,0.0,0.0,0.0,0.0,0.0,0.0,0.0,0.0,0.0,0.0,0.0,0.0,0.0,0.0,0.0
2458673.485269354,0.0,0.0,0.0,0.0,0.0,0.0,0.0,0.0,0.0,0.0,0.0,0.0,0.0,0.0,0.0,0.0
2458674.285277789,0.0,0.0,0.0,0.0,0.0,0.0,0.0,0.0,0.0,0.0,0.0,0.0,0.0,0.0,0.0,0.0
2458700.2745761788,0.0,0.0,0.0,0.0,0.0,0.0,0.0,0.0,0.0,0.0,0.0,0.0,0.0,0.0,0.0,0.0
2458720.3237178423,0.0,0.0,0.0,0.0,0.0,0.0,0.0,0.0,0.0,0.0,0.0,0.0,0.0,0.0,0.0,0.0
2458721.219258449,0.0,0.0,0.0,0.0,0.0,0.0,0.0,0.0,0.0,0.0,0.0,0.0,0.0,0.0,0.0,0.0
2458724.233793505,0.0,0.0,0.0,0.0,0.0,0.0,0.0,0.0,0.0,0.0,0.0,0.0,0.0,0.0,0.0,0.0
2458725.322885458,0.0,0.0,0.0,0.0,0.0,0.0,0.0,0.0,0.0,0.0,0.0,0.0,0.0,0.0,0.0,0.0
2458661.316323797,1718.7491654373393,0.8240127540842032,1570.1693577504327,1.5700122952777404,1570.1693577504327,1.5700122952777404,17.80806394213389,0.0353244784276579,1.4840704473948256,1.9810455032021448e-08,13.0,1248.2305419921877,41.96495313258608,356.21134770726144,610.8082244292782,0.0
2458580.5437641456,1716.8524085183187,0.8805868045568336,1568.1115005149188,1.5918463945400112,1568.1115005149188,1.5918463945400112,17.78458162397783,0.0354515786642812,1.3308882368354786,6.634662833256945e-09,13.0,1254.0975830078123,41.08651687683968,356.21134770726144,610.8082244292782,0.0
2458661.304501836,1716.5046574997723,0.7635252180583412,1567.734213397894,1.5163675833659596,1567.734213397894,1.5163675833659596,17.780276380657142,0.0350180997415461,1.4679488504602305,1.4710087258862262e-08,13.0,1309.5176513671877,39.16245106345695,356.21134770726144,610.8082244292782,0.0
2458580.563461325,1720.561486163709,3.345628501315145,1572.1356072378762,3.8580272107777778,1572.1356072378762,3.8580272107777778,17.830500919413712,0.0535254555326189,0.1748856175564814,2.035678074118217e-08,13.0,987.1944458007812,17.765991760420405,356.21134770726144,610.8082244292782,4.0
2458668.3330237023,1716.7744499945604,0.86426317141648,1568.0269206140479,1.5807085350911168,1568.0269206140479,1.5807085350911168,17.78361647823907,0.0353866301244218,1.5298469834403532,1.805661521684185e-08,13.0,1191.2474365234375,46.725346138990936,356.21134770726144,610.8082244292782,0.0
2458581.5896142027,1714.8495338850478,0.7413237822536272,1565.938512498072,1.4906652615075573,1565.938512498072,1.4906652615075573,17.75978554236427,0.0348741949361697,1.5507847134660564,1.674386770879156e-08,13.0,1386.9774169921875,41.02243658569746,356.21134770726144,610.8082244292782,0.0
2457844.621532202,1711.7194609698868,1.0757187857259984,1562.5425880485247,1.6933130644404677,1562.5425880485247,1.6933130644404677,17.72103446819742,0.0360588137413835,0.8917243935785183,1.5031792781485e-08,13.0,1116.164599609375,35.14970939895361,356.21134770726144,610.8082244292782,0.0
2458583.5520763644,1716.0498770625234,1.0711559212130568,1567.240806359819,1.7184948791833599,1567.240806359819,1.7184948791833599,17.774646086753098,0.0362133764602567,1.0629423523406123,2.1434183534620823e-08,13.0,1374.4853759765624,40.28084562761194,356.21134770726144,610.8082244292782,0.0
2457844.635186139,1711.8491705392103,1.1978167127927755,1562.6833144500315,1.7879914149515248,1562.6833144500315,1.7879914149515248,17.722640304635494,0.0366490924003273,0.7821187533622815,1.9305473436200585e-08,13.0,1092.742431640625,34.25208344928405,356.21134770726144,610.8082244292782,0.0
2458583.629591521,1712.9596336613247,1.2339250953063745,1563.888094328622,1.823419813564075,1563.888094328622,1.823419813564075,17.736388111785985,0.0368756243021282,1.440559895132396,7.0114869514425075e-09,13.0,1394.9699462890626,66.41411487556059,356.21134770726144,610.8082244292782,0.0
2457846.565251793,1711.9596787859878,0.25660607819415543,1562.8032086720755,1.2601653304748313,1562.8032086720755,1.2601653304748313,17.72400842396784,0.0336698330331775,0.999994720389859,1.0675956659278e-08,13.0,1129.24560546875,0.1068381042939518,356.21134770726144,610.8082244292782,0.0
2458585.559559274,1713.1853214072514,0.8068670812925672,1564.1329507761013,1.5179008634000877,1564.1329507761013,1.5179008634000877,17.739182181706397,0.0350269244994269,1.538715278732469,1.9601813448744608e-08,13.0,1413.5534912109374,45.41223218052269,356.21134770726144,610.8082244292782,0.0
2457867.4574162783,1708.1108734280585,2.32836351282324,1558.6275065172704,2.7944183943945062,1558.6275065172704,2.7944183943945062,17.676359265011698,0.0440873289763649,0.7278319907998797,1.914176365356768e-08,13.0,1107.32080078125,66.63080103325558,356.21134770726144,610.8082244292782,2.0
2458591.6234329,1716.7397591473375,1.0446787856200395,1567.9892833131114,1.7038854533032428,1567.9892833131114,1.7038854533032428,17.783186997000104,0.0361233406370005,1.5911440526845704,6.130868814624392e-09,13.0,2956.197900390625,59.430237420329824,356.21134770726144,610.8082244292782,0.0
2457867.499043928,1712.5295189268004,1.5300310792880374,1563.4214479652085,2.068490412100943,1563.4214479652085,2.068490412100943,17.731063185361084,0.0385228345155463,0.8153962850085995,1.9855959030792843e-08,13.0,1100.336328125,46.11450165323099,356.21134770726144,610.8082244292782,0.0
2458592.5083428454,1715.978633661894,1.0298320836550228,1567.1635119284688,1.6880134538095877,1567.1635119284688,1.6880134538095877,17.77376407589377,0.0360262165841728,1.6002293447203737,2.0633508572724103e-08,13.0,5960.33662109375,59.3440598281498,356.21134770726144,610.8082244292782,0.0
2457876.640910507,1715.578815767119,0.8771986432354163,1566.7297356551874,1.5803759144335416,1566.7297356551874,1.5803759144335416,17.768814231812286,0.0353847552917327,0.925727946426562,2.0721280864328064e-08,13.0,1239.4066650390623,27.96124618335285,356.21134770726144,610.8082244292782,0.0
2458598.524753493,1716.3655261108163,1.122647468117659,1567.583264938143,1.7588265513861912,1567.583264938143,1.7588265513861912,17.778553899769797,0.0364646304731638,1.577671309287929,2.0482538924481395e-08,13.0,5266.84482421875,63.70910725081765,356.21134770726144,610.8082244292782,0.0
2457887.539416314,1711.321095784999,3.736049449836488,1562.1103878704844,4.23394488815948,1562.1103878704844,4.23394488815948,17.7161026090224,0.0571060559988818,1.0010422785480428,1.6065213626214654e-08,13.0,34494.24609375,143.83442362422616,356.21134770726144,610.8082244292782,2.0
2458601.663460056,1714.1280851012477,0.7870870405897108,1565.1557877404025,1.5126381594547613,1565.1557877404025,1.5126381594547613,17.750853828603468,0.0349972149367624,1.5872905522962708,1.993928802814168e-08,13.0,1839.8415283203128,45.31195912772304,356.21134770726144,610.8082244292782,0.0
2457890.47636911,1716.322557102423,1.2223488679852907,1567.5366463736123,1.8351239007180955,1567.5366463736123,1.8351239007180955,17.7780219328552,0.0369509776754037,0.9842695510430884,7.296525548676707e-09,13.0,2608.328173828125,42.65161720982074,356.21134770726144,610.8082244292782,0.0
2458604.4781881585,1714.7116152538672,0.7801514114656607,1565.7888798012073,1.5127742829201718,1565.7888798012073,1.5127742829201718,17.75807807571708,0.0349979496052605,1.5779884811198897,1.9934337074296585e-08,13.0,1246.8337646484374,44.31652673559724,356.21134770726144,610.8082244292782,0.0
2457892.5458247666,1712.2037701957147,0.9949384543543327,1563.0680318914337,1.6374045254330698,1563.0680318914337,1.6374045254330698,17.727030335782107,0.0357209817120335,0.9970425395443792,1.1387999237212024e-08,13.0,1425.7193603515625,36.41070730370916,356.21134770726144,610.8082244292782,0.0
2458605.475571621,1716.7966944010789,0.8581344527977379,1568.0510543406444,1.5769369767369794,1568.0510543406444,1.5769369767369794,17.783891869474406,0.0353647110363424,1.570029204111631,6.366242318822739e-09,13.0,1255.79716796875,47.64354108379237,356.21134770726144,610.8082244292782,0.0
2457917.281511636,1715.2895285464267,1.3579662029332218,1566.4158779361132,1.938003433792215,1566.4158779361132,1.938003433792215,17.76523278471876,0.0376287640614576,0.886367043999386,1.3395489259930536e-08,13.0,2833.417529296875,43.157331902885176,356.21134770726144,610.8082244292782,0.0
2458605.5480926703,1715.3334367052712,0.9857786542459838,1566.4635154174737,1.6522941637432487,1566.4635154174737,1.6522941637432487,17.765776378547407,0.0358099784013489,1.2839482452246898,1.7286371846194033e-08,13.0,1338.9760253906252,45.417486950550526,356.21134770726144,610.8082244292782,0.0
2457920.268532557,1714.2731522567522,1.1840529617014461,1565.3131761187433,1.7923136641286261,1565.3131761187433,1.7923136641286261,17.752649795743693,0.0366764421345069,0.8626346274311056,1.8156269259777905e-08,13.0,1256.018505859375,36.52100434654758,356.21134770726144,610.8082244292782,0.0
2458606.5676491084,1714.5768940537448,2.3947185549240557,1565.6427161079755,2.8843033322299743,1565.6427161079755,2.8843033322299743,17.756410194054485,0.0448344716831662,0.2663801727897849,2.055491556240229e-08,13.0,795.5996826171875,21.490365409740257,356.21134770726144,610.8082244292782,4.0
2457920.5142538897,1711.634388287025,1.0065361171268516,1562.450289750195,1.6419117890286092,1562.450289750195,1.6419117890286092,17.719981247415515,0.0357479441205745,0.9403114404521962,2.143313768128615e-08,13.0,1647.9284912109374,34.759169645438604,356.21134770726144,610.8082244292782,0.0
2458609.516244652,1711.8032844047143,1.8900927237631784,1562.6335309944202,2.390007786560857,1562.6335309944202,2.390007786560857,17.72207222298076,0.0408738159885255,0.3448651820901897,2.107285164264407e-08,13.0,1183.3888916015624,22.80697326170453,356.21134770726144,610.8082244292782,4.0
2457921.3642894328,1712.8533497124338,1.0769452230809433,1563.7727831935742,1.7016152441588788,1563.7727831935742,1.7016152441588788,17.735072290302643,0.0361096041131794,0.8413034684221454,1.2904033924663244e-08,13.0,1162.9976318359377,32.65035186355976,356.21134770726144,610.8082244292782,0.0
2458613.470666297,1713.192182004034,0.8611283932426677,1564.1403940750217,1.552646532271299,1564.1403940750217,1.552646532271299,17.73926711758551,0.0352246719486456,1.5810203665053544,9.678918444004345e-09,13.0,1319.36748046875,50.25135757285637,356.21134770726144,610.8082244292782,0.0
2457929.281848458,1718.8456467604394,1.0693690679068277,1570.2740336774543,1.7360996335452845,1570.2740336774543,1.7360996335452845,17.809258404693868,0.0363224226226148,0.8887524227034945,2.111204726382767e-08,13.0,1303.6444091796875,31.95728626330224,356.21134770726144,610.8082244292782,0.0
2458614.498531647,1714.3382812696843,1.2447697357280703,1565.3838368392387,1.8405013587173913,1565.3838368392387,1.8405013587173913,17.753456108976305,0.0369858851949131,1.6073727083437137,9.316983091688841e-09,13.0,1289.3902587890625,73.90460245987141,356.21134770726144,610.8082244292782,0.0
2457929.400769427,1715.1042310019654,0.9512240227736556,1566.2148422162647,1.6266712483561858,1566.2148422162647,1.6266712483561858,17.76293875544756,0.0356569124506236,0.9351217418879202,1.0206353669541798e-08,13.0,1157.2595458984374,31.19789643431762,356.21134770726144,610.8082244292782,0.0
2458616.53332617,1713.2644908868974,0.8895317810550185,1564.2188444849296,1.5718959933266625,1564.2188444849296,1.5718959933266625,17.740162319377514,0.0353356609805874,1.5732804099630353,2.0000815285316397e-08,13.0,1362.4778320312498,51.60022576128258,356.21134770726144,610.8082244292782,0.0
2457930.3308662456,1715.4725784265902,0.8884721264733152,1566.6144750871647,1.5870051741833584,1566.6144750871647,1.5870051741833584,17.767498987351956,0.0354233737403321,0.9180913282214868,2.090197196831225e-08,13.0,1127.7239501953125,28.148127073981986,356.21134770726144,610.8082244292782,0.0
2458617.4448756645,0.0,0.0,0.0,0.0,0.0,0.0,0.0,0.0,0.0,0.0,13.0,0.0,0.0,0.0,0.0,5.0
2457937.5078282906,1708.285127867376,1.177389652258108,1558.8165611901047,1.7501114071559407,1558.8165611901047,1.7501114071559407,17.678516577919392,0.036410438964111,0.8457883206674968,1.1894229561156724e-08,13.0,2102.513134765625,38.23676138392633,356.21134770726144,610.8082244292782,0.0
2458618.489133425,1716.3211262158336,0.8549735509965227,1567.5350939552238,1.5714157599774015,1567.5350939552238,1.5714157599774015,17.77800421812655,0.0353327185408449,1.43419686124825,2.052244714867157e-08,13.0,2508.28759765625,43.33179771322719,356.21134770726144,610.8082244292782,0.0
2457938.320787105,1714.6371328301768,1.2590548528418906,1565.7080712416214,1.8537300242378314,1565.7080712416214,1.8537300242378314,17.757155964953913,0.037071795387035,0.863905312242801,2.1434130012040018e-08,13.0,3361.66728515625,39.0317775033919,356.21134770726144,610.8082244292782,0.0
2458627.4767297106,0.0,0.0,0.0,0.0,0.0,0.0,0.0,0.0,0.0,0.0,13.0,0.0,0.0,0.0,0.0,5.0
2457939.2205914864,1715.2466215206257,2.1250906076350713,1566.369326618644,2.6267794752640854,1566.369326618644,2.6267794752640854,17.76470158516393,0.0427238307465208,0.781541420237098,1.7511203035419257e-08,13.0,7177.276660156251,60.42853936782797,356.21134770726144,610.8082244292782,0.0
2458627.4787909323,1715.7026423698921,1.642379751699312,1566.8640794226521,2.1839792396259554,1566.8640794226521,2.1839792396259554,17.770347235674482,0.0393439386754767,1.548712808869483,8.037066418974563e-09,13.0,6921.93564453125,92.95630460542704,356.21134770726144,610.8082244292782,0.0
2457939.51027184,1734.4336656914777,3.70749730362229,1587.186014977159,4.271585350088147,1587.186014977159,4.271585350088147,18.00224192107939,0.0574693718100678,0.6956385067338589,2.1415101982005443e-08,13.0,11174.2578125,77.23652513456177,356.21134770726144,610.8082244292782,4.0
2458629.407768317,1715.7314703883283,0.854653042402586,1566.8953559377026,1.5668849731458,1566.8953559377026,1.5668849731458,17.770704133648046,0.0353065378234716,1.3891366694013,2.1373705264671626e-08,13.0,1253.6795654296875,42.1633605422327,356.21134770726144,610.8082244292782,0.0
2457941.557422048,1714.8315180451473,3.916525933308999,1565.9189664897651,4.430607047077516,1565.9189664897651,4.430607047077516,17.759562501825883,0.0590166743268238,0.8557985928344863,1.6335415645613555e-08,13.0,30389.3078125,124.064025269445,356.21134770726144,610.8082244292782,0.0
2458630.4780625715,1720.1316577337793,3.7303356205639884,1571.6692714962264,4.251853162695908,1571.6692714962264,4.251853162695908,17.82517953751025,0.0572787724028534,0.233782558638367,2.1281541224832615e-08,13.0,1861.44375,28.823289391097013,356.21134770726144,610.8082244292782,4.0
2457942.463006235,1684.8028686876296,5.005001602194646,1533.3398453944915,5.521514214669281,1533.3398453944915,5.521514214669281,17.387800421541098,0.0699773760860699,0.9150029647209004,1.6718887916610916e-08,13.0,63124.70546875,232.508165441989,356.21134770726144,610.8082244292782,2.0
2458638.387311093,1716.9250995273496,0.8698625670000207,1568.1903655067315,1.5854232785681637,1568.1903655067315,1.5854232785681637,17.78548155658597,0.0354140765007943,1.4905398799411702,2.1280544974746547e-08,13.0,1227.3906982421877,45.70746922416844,356.21134770726144,610.8082244292782,0.0
2457943.209657143,1718.6251805234072,4.453937860155898,1570.0348422257118,5.00132269028981,1570.0348422257118,5.00132269028981,17.806528978340523,0.0646829197185986,0.8197413826642854,1.7002950179509122e-08,13.0,24736.6421875,129.89987743715815,356.21134770726144,610.8082244292782,0.0
2458641.379389222,1717.9913767640362,0.7840761784603499,1569.347206588779,1.539958070583702,1569.347206588779,1.539958070583702,17.79868233158427,0.0351518220528925,1.535907267825936,1.8598505955366305e-08,13.0,1206.9470458984374,41.65715519500002,356.21134770726144,610.8082244292782,0.0
2457945.46849369,1726.7042553022068,4.218600540841424,1578.8001101011505,4.77595811952636,1578.8001101011505,4.77595811952636,17.906549915372477,0.0624254948325808,0.9135378789672433,9.095540401501091e-09,13.0,16244.3369140625,125.9954678508695,356.21134770726144,610.8082244292782,0.0
2458645.420886237,1717.4036649060195,0.9211276450708374,1568.7095776510432,1.6225872625113542,1568.7095776510432,1.6225872625113542,17.791406313927155,0.0356325609094351,1.523933471793374,2.1386424984668816e-08,13.0,1497.631201171875,49.41841267087304,356.21134770726144,610.8082244292782,0.0
2457946.2225232264,1712.0269148133482,1.6185813481364761,1562.8761553654579,2.143763239710515,1562.8761553654579,2.143763239710515,17.724840822558402,0.0390550503036534,0.8027442339063129,1.9421567949332506e-08,13.0,1244.015942382813,48.40258278390158,356.21134770726144,610.8082244292782,0.0
2458648.3919947343,1716.234460118553,1.0204477821702076,1567.4410669064368,1.6830436572141214,1567.4410669064368,1.6830436572141214,17.776931270481402,0.0359959146277829,1.554797250142442,1.5056871317765987e-08,13.0,4529.38232421875,56.87836448238038,356.21134770726144,610.8082244292782,0.0
2457946.285901074,1731.0193625930874,2.2810467985729197,1583.4817193635242,2.8458735290651527,1583.4817193635242,2.8458735290651527,17.95997200718921,0.0445130608881993,0.8726694645683598,2.1053000759356507e-08,13.0,5447.51611328125,61.28456177340246,356.21134770726144,610.8082244292782,0.0
2458654.4029523274,1713.0356713384276,1.69969956784598,1563.9705902364683,2.2214701772073115,1563.9705902364683,2.2214701772073115,17.737329476969716,0.0396164360503383,1.2864252433707724,8.114292817560811e-09,13.0,16496.77734375,82.04487500092458,356.21134770726144,610.8082244292782,0.0
2457946.5539573054,0.0,0.0,0.0,0.0,0.0,0.0,0.0,0.0,0.0,0.0,13.0,0.0,0.0,0.0,0.0,5.0
2458654.534325801,1710.7726486775084,2.4479880906444307,1561.5153586196998,2.922047685162735,1561.5153586196998,2.922047685162735,17.709312698654507,0.0451517663568941,1.1716195696706615,2.0507640223017685e-08,13.0,20096.989453125,110.43943255150532,356.21134770726144,610.8082244292782,0.0
2457947.355011532,1711.262310366712,1.4472491098755247,1562.0466095353959,1.9901346617850673,1562.0466095353959,1.9901346617850673,17.715374831055026,0.037981632070846,0.915732805600414,2.0977049870204942e-08,13.0,3800.9796875,49.983529237730565,356.21134770726144,610.8082244292782,0.0
2458655.355112031,1720.5344609336234,1.6516670998758884,1572.1062866303098,2.2179828381993785,1572.1062866303098,2.2179828381993785,17.830166340404276,0.0395906579020001,1.2336461731882515,2.1103309098986043e-08,13.0,10640.514453125,70.22911437205902,356.21134770726144,610.8082244292782,0.0
2457947.559679398,1709.868074627785,1.9195018560258363,1560.53395492236,2.4087117251691015,1560.53395492236,2.4087117251691015,17.69811384896622,0.0410166339894504,0.8607220900018893,1.7811791718394196e-08,13.0,4593.85859375,63.794182956043336,356.21134770726144,610.8082244292782,0.0
2458655.4558485434,1713.0225872334618,1.2992335605427123,1563.9563948381,1.876431613837752,1563.9563948381,1.876431613837752,17.737167492525373,0.0372202992558142,1.3353042071917356,1.4786746121785941e-08,13.0,6807.700976562501,64.75162698008194,356.21134770726144,610.8082244292782,0.0
2457948.3068485176,1713.495654398507,1.0016454388970728,1564.4696417801358,1.6509402764723857,1564.4696417801358,1.6509402764723857,17.743024180626715,0.0358019434353596,0.9365284759401138,2.1327856198943784e-08,13.0,1124.22353515625,33.701155759384264,356.21134770726144,610.8082244292782,0.0
2458661.2690360844,1716.1916728372157,0.7799109018555958,1567.394645503881,1.523781504589903,1567.394645503881,1.523781504589903,17.776401553392557,0.0350599959378396,1.4283096117193872,2.1336577704730716e-08,13.0,1325.1225341796876,39.075460837608745,356.21134770726144,610.8082244292782,0.0
2457949.229750251,1714.4342869078657,1.3383495572956363,1565.4879966792275,1.9168075117444052,1565.4879966792275,1.9168075117444052,17.754644682439757,0.0374871699743217,0.860601022945161,1.5117675936862263e-08,13.0,1182.8170654296875,41.44336770612451,356.21134770726144,610.8082244292782,0.0
2458661.280856016,1716.9471074591277,0.8001633394009221,1568.2142426736966,1.541773826590808,1568.2142426736966,1.541773826590808,17.785754020205736,0.0351622343648261,1.4512086169987128,2.1044088309603143e-08,13.0,1325.2234130859374,40.527027153400105,356.21134770726144,610.8082244292782,0.0
2457949.524419063,1712.5001495525105,1.0678966510930485,1563.389584114455,1.6925734913626715,1563.389584114455,1.6925734913626715,17.73069958526864,0.0360542478988088,0.8890571962415468,1.648804296568623e-08,13.0,1947.73583984375,34.517640526155404,356.21134770726144,610.8082244292782,0.0
2458661.2926716423,1717.405735585116,0.7902822939045083,1568.71182420247,1.5392379669024294,1568.71182420247,1.5392379669024294,17.791431949444743,0.0351477427115291,1.4528302369371502,1.846969230386968e-08,13.0,1318.70029296875,39.64428318910082,356.21134770726144,610.8082244292782,0.0
2457847.474401702,1713.1536874615947,0.9702551216630861,1564.0986300134857,1.6263748359494337,1564.0986300134857,1.6263748359494337,17.738790545662273,0.0356552560919779,0.9458091963103372,2.1018285701756373e-08,13.0,1095.5096923828123,33.056713152904415,356.21134770726144,610.8082244292782,0.0
2457954.54251522,1711.3330893851607,1.714166643509145,1562.123400142445,2.2260842487672092,1562.123400142445,2.2260842487672092,17.716251092748504,0.0396502342315301,0.7793088731650604,1.9548525275356213e-08,13.0,1229.0486328125,50.24041704061057,356.21134770726144,610.8082244292782,2.0
2457848.6399638266,1711.8777623988808,1.1841893399288888,1562.7143347482615,1.77745155832265,1562.7143347482615,1.77745155832265,17.722994278905322,0.036582271398048,0.6820446680167153,7.60356952133935e-09,13.0,1108.3234375000002,29.17826574086516,356.21134770726144,610.8082244292782,4.0
2457956.393108671,1713.1127980802562,0.9467790152333954,1564.054267708332,1.609723074044873,1564.054267708332,1.609723074044873,17.738284325043182,0.0355567256952196,0.9309039945949392,1.9352532460506976e-08,13.0,1073.402392578125,31.635042988712616,356.21134770726144,610.8082244292782,0.0
2457864.6033046963,1712.7951840698233,1.1256957873074362,1563.7096772745695,1.7379860855494278,1563.7096772745695,1.7379860855494278,17.734352185310886,0.0363344662081481,1.00279899934451,2.1403930891910293e-08,13.0,1300.844189453125,41.52611380464717,356.21134770726144,610.8082244292782,0.0
2458670.300158869,1716.2916137695518,0.894662698568494,1567.5030748807135,1.5969986263457947,1567.5030748807135,1.5969986263457947,17.777638846767577,0.0354817660773635,1.4992843250935122,2.012405831840042e-08,13.0,1284.3380126953125,47.682261540368536,356.21134770726144,610.8082244292782,0.0
2457957.427631184,1716.5187377492161,1.0728620935513464,1567.7494895478872,1.722890880808669,1567.7494895478872,1.722890880808669,17.78045069761565,0.0362405419026164,0.9401143511378556,1.3628402600883896e-08,13.0,1064.0637451171874,35.18669251994226,356.21134770726144,610.8082244292782,0.0
2457958.371690423,1713.1726072222953,1.0592402326048225,1564.1191567167543,1.6905894610882812,1564.1191567167543,1.6905894610882812,17.739024776962935,0.0360420877105709,0.93648559201787,1.8419540265305305e-08,13.0,1092.0036376953126,35.93985945403829,356.21134770726144,610.8082244292782,0.0
2457958.46966393,1713.2775144841166,0.8668532902896685,1564.2329742363502,1.5570042976320633,1564.2329742363502,1.5570042976320633,17.74032355472106,0.0352497049560615,0.9229606848198646,1.985528508176533e-08,13.0,1097.1132568359376,28.310641443973893,356.21134770726144,610.8082244292782,0.0
2457959.281365053,1711.4452646527093,0.980600634429107,1562.2451029730262,1.6220548500877345,1562.2451029730262,1.6220548500877345,17.717639850208876,0.0356297198640245,0.8919923692243052,1.9338473953361985e-08,13.0,1107.7275634765624,32.061297810424136,356.21134770726144,610.8082244292782,0.0
2457965.402054788,1717.0436217381289,1.7429524986369995,1568.3189543557178,2.280682208130415,1568.3189543557178,2.280682208130415,17.786948890767906,0.0400519584538749,0.8053433005770818,1.4796446983081204e-08,13.0,2789.0921875000004,49.68893439093097,356.21134770726144,610.8082244292782,0.0
2457967.465456381,1713.881308193479,1.8143697963989476,1564.8880509312642,2.3298472451660506,1564.8880509312642,2.3298472451660506,17.74779866966155,0.0404188933139378,0.8027342076898255,6.648281957800774e-09,13.0,6755.593554687501,53.61671976348907,356.21134770726144,610.8082244292782,0.0
2457968.3680965863,1710.2577162512025,2.6695359730392796,1560.9566906066038,3.1403413595395393,1560.9566906066038,3.1403413595395393,17.70293770830011,0.0470213197113284,0.9091481887689564,1.7409426510308493e-08,13.0,12450.7232421875,93.99919343718112,356.21134770726144,610.8082244292782,0.0
2457969.33330532,1733.2203652264704,6.210909063778534,1585.8696633056663,6.88767708790502,1585.8696633056663,6.88767708790502,17.987220962277295,0.0842858116687553,0.9359553657935372,2.104886584750093e-08,13.0,37552.09140625,177.86416057288966,356.21134770726144,610.8082244292782,2.0
2457971.250735761,1729.700457198632,3.729580639537344,1582.0507932486807,4.279305481884033,1582.0507932486807,4.279305481884033,17.94364363333185,0.0575441657979262,0.8846181603898894,2.0654735267382312e-08,13.0,17377.563671875,104.25177523928946,356.21134770726144,610.8082244292782,0.0
2457972.3057088405,1720.106325840015,4.019932938463982,1571.641788047848,4.5518742894234405,1571.641788047848,4.5518742894234405,17.824865922421846,0.0602062098148776,0.9275873343610982,1.7520029680785847e-08,13.0,23680.1484375,130.62057351369742,356.21134770726144,610.8082244292782,2.0
2457972.447663879,1718.6579936884755,4.360980244008048,1570.0704423642835,4.904027593230124,1570.0704423642835,4.904027593230124,17.806935213411617,0.0637054871662684,0.8937138057570467,6.349928140493831e-09,13.0,27434.078125,138.67905748977591,356.21134770726144,610.8082244292782,2.0
2457973.489284946,1806.9325944356974,10.730815334693144,1665.8426122391443,11.84207745064843,1665.8426122391443,11.84207745064843,18.89979652793093,0.1385184975872247,0.8412817953881812,2.14339320422883e-08,13.0,19684.6515625,127.7117712076612,356.21134770726144,610.8082244292782,0.0
2457974.405988326,1714.3483563863495,1.6895407459633063,1565.3947676820478,2.2189817105016005,1565.3947676820478,2.2189817105016005,17.75358084140386,0.0395982081496975,0.927645708355411,8.78237549341049e-09,13.0,5261.46787109375,57.51043423872415,356.21134770726144,610.8082244292782,0.0
2457979.4565962977,1717.4192147280191,1.0865326783235816,1568.726448191169,1.738975262318214,1568.726448191169,1.738975262318214,17.79159882455611,0.0363403943363054,0.8524776692859626,1.514392867999429e-08,13.0,1575.771826171875,31.68337356011116,356.21134770726144,610.8082244292782,0.0
2457980.342410183,1733.095954204895,27.190189882030367,1585.7346854820144,29.533970041478327,1585.7346854820144,29.533970041478327,17.98568072316629,0.3383859573575158,0.0206474907304015,9.827660697001697e-09,13.0,555.61435546875,14.05579570618426,356.21134770726144,610.8082244292782,4.0
2457984.4181637745,1712.3114158027715,1.163989321807143,1563.1848203365596,1.7643899710704611,1563.1848203365596,1.7643899710704611,17.728363014929165,0.0364998208759246,0.6200099265121253,1.6119616841650342e-08,13.0,1064.560791015625,25.52537833224059,356.21134770726144,610.8082244292782,4.0
2457985.411923606,1714.2020847403342,1.1420051218498048,1565.236072510262,1.7594480779281612,1565.236072510262,1.7594480779281612,17.751769962374258,0.0364686429700867,0.8298515143926616,2.1213055328836968e-08,13.0,1125.4736572265624,33.74285913252429,356.21134770726144,610.8082244292782,0.0
2457986.335461361,1725.3767496044647,10.703270371739249,1577.3598532195824,11.690790220155534,1577.3598532195824,11.690790220155534,17.89011506764069,0.1368339276030487,0.0527147849483233,2.1374351482221392e-08,13.0,742.7711303710937,15.854902667793825,356.21134770726144,610.8082244292782,4.0
2457986.436139132,0.0,0.0,0.0,0.0,0.0,0.0,0.0,0.0,0.0,0.0,13.0,0.0,0.0,0.0,0.0,5.0
2457989.341793312,1712.3469502260862,0.9046485738975449,1563.223372862396,1.5755552082660005,1563.223372862396,1.5755552082660005,17.72880293984806,0.0353569269031458,0.8686323257558886,2.077141736454793e-08,13.0,1141.605322265625,27.963734413272174,356.21134770726144,610.8082244292782,0.0
2457991.347971377,1714.025522131493,1.0384889497413503,1565.044513624417,1.681067417757962,1565.044513624417,1.681067417757962,17.749584073758943,0.0359840006681358,0.8699766533076532,1.7855984683903096e-08,13.0,1125.7188232421877,32.061974465105614,356.21134770726144,610.8082244292782,0.0
2457992.223905595,-881866.1317485251,-881866.1317485251,-881866.1317485251,-881866.1317485251,-881866.1317485251,-881866.1317485251,0.0,0.0,-9999.99,-9999.99,13.0,-9999.99,-9999.99,-9999.99,-9999.99,5.0
2457992.420261081,1712.2107874721357,0.8992713798758977,1563.0756451775187,1.5709695339405256,1563.0756451775187,1.5709695339405256,17.72711721139377,0.0353303553726837,0.8693224034775641,1.9363233833254776e-08,13.0,1085.23779296875,27.896536899787492,356.21134770726144,610.8082244292782,0.0
2458000.3341853563,0.0,0.0,0.0,0.0,0.0,0.0,0.0,0.0,0.0,0.0,13.0,0.0,0.0,0.0,0.0,5.0
2458001.2489980594,1712.4849892317568,2.1183622834305873,1563.3731361577102,2.6084921891630692,1563.3731361577102,2.6084921891630692,17.730511896761087,0.0425778108315614,0.8114696823952201,2.1089497169775152e-08,13.0,6103.359179687501,64.55317605533254,356.21134770726144,610.8082244292782,0.0
2458001.3902694248,0.0,0.0,0.0,0.0,0.0,0.0,0.0,0.0,0.0,0.0,13.0,0.0,0.0,0.0,0.0,5.0
2458003.297798593,1713.830319407166,1.4833021081307605,1564.8327314320768,2.035179988627633,1564.8327314320768,2.035179988627633,17.74716741591967,0.0382910473055531,0.8684000221188958,1.9045139899177332e-08,13.0,3813.1390625,47.17408718625223,356.21134770726144,610.8082244292782,0.0
2458006.2573504504,1713.123082470101,0.9409882735326902,1564.0654255988577,1.6057928031701831,1564.0654255988577,1.6057928031701831,17.738411648324284,0.0355335770834365,0.8606951565921177,2.0096761783379865e-08,13.0,1122.5430908203125,28.742170139573016,356.21134770726144,610.8082244292782,0.0
2458007.2988764485,-881866.1317485251,-881866.1317485251,-881866.1317485251,-881866.1317485251,-881866.1317485251,-881866.1317485251,0.0,0.0,-9999.99,-9999.99,13.0,-9999.99,-9999.99,-9999.99,-9999.99,5.0
2458010.2604249176,0.0,0.0,0.0,0.0,0.0,0.0,0.0,0.0,0.0,0.0,13.0,0.0,0.0,0.0,0.0,5.0
2458011.32532236,0.0,0.0,0.0,0.0,0.0,0.0,0.0,0.0,0.0,0.0,13.0,0.0,0.0,0.0,0.0,5.0
2458013.2764047696,1717.0043041993288,0.9269318444613824,1568.2762973969413,1.6236096855655546,1568.2762973969413,1.6236096855655546,17.786462129946866,0.0356386437033934,0.8281028707735808,2.1165613814503045e-08,13.0,1150.292822265625,25.700582224800392,356.21134770726144,610.8082244292782,0.0
2458014.3705527075,1713.1840235270588,1.4570417894721304,1564.1315426609558,2.0091255310170046,1564.1315426609558,2.0091255310170046,17.739166113629718,0.0381114954532918,0.6174244646761599,1.940326010689237e-08,13.0,1199.2091552734375,32.24563751912287,356.21134770726144,610.8082244292782,4.0
2458016.3460558387,1717.1554448666654,1.3645840330544468,1568.4402751384953,1.9545095184813415,1568.4402751384953,1.9545095184813415,17.788333288660514,0.0377396800483546,0.5447809840432486,1.6261040438962267e-08,13.0,1049.496630859375,24.696536541275297,356.21134770726144,610.8082244292782,4.0
2458019.2728536697,1714.1683502363383,0.9522654702589846,1565.199472779194,1.620852540688976,1565.199472779194,1.620852540688976,17.751352320900136,0.0356224419444849,0.8872572996513357,1.210499548645181e-08,13.0,1241.4070556640625,29.698941632154355,356.21134770726144,610.8082244292782,0.0
2458020.349691239,-881866.1317485251,-881866.1317485251,-881866.1317485251,-881866.1317485251,-881866.1317485251,-881866.1317485251,0.0,0.0,-9999.99,-9999.99,13.0,-9999.99,-9999.99,-9999.99,-9999.99,5.0
2458021.2600582764,0.0,0.0,0.0,0.0,0.0,0.0,0.0,0.0,0.0,0.0,13.0,0.0,0.0,0.0,0.0,5.0
2458024.234558592,0.0,0.0,0.0,0.0,0.0,0.0,0.0,0.0,0.0,0.0,13.0,0.0,0.0,0.0,0.0,5.0
2458028.2803547904,0.0,0.0,0.0,0.0,0.0,0.0,0.0,0.0,0.0,0.0,13.0,0.0,0.0,0.0,0.0,5.0
2458032.2512581176,1715.2446138638213,1.688049144155311,1566.367148442284,2.2222320651409517,1566.367148442284,2.2222320651409517,17.76467672987786,0.0396218933463627,0.8145231566465595,1.6607150123978435e-08,13.0,4201.8880859375,49.6040629989862,356.21134770726144,610.8082244292782,0.0
2458036.25526954,1743.9750072072563,43.75923451008065,1597.537746650235,47.500544641870746,1597.537746650235,47.500544641870746,18.120366080723787,0.5428855110789391,0.0141539068554736,2.1015683685610612e-08,13.0,669.0885498046875,13.717400328117206,356.21134770726144,610.8082244292782,6.0
2458047.2585074967,1713.8061998771936,1.3121447287964965,1564.806563319138,1.8916200559087553,1564.806563319138,1.8916200559087553,17.746868810193796,0.0373202326026538,0.7883751905848944,1.8442549110202507e-08,13.0,1483.7387451171876,37.19355575562068,356.21134770726144,610.8082244292782,0.0
2458053.261919596,1713.8356361058243,1.8633106452327537,1564.8384997024818,2.374662609662713,1564.8384997024818,2.374662609662713,17.74723323795947,0.0407570889475867,0.7660267613301776,1.9391614133028247e-08,13.0,3882.910107421875,52.42219863056237,356.21134770726144,610.8082244292782,0.0
2458165.624770011,1711.9091186874023,1.061016396228339,1562.7483542710404,1.683598488181286,1562.7483542710404,1.683598488181286,17.723382477485675,0.0359995225251279,0.816406625269133,1.8356013176199946e-08,13.0,1730.769384765625,31.483234552508925,356.21134770726144,610.8082244292782,0.0
2458245.6588727683,0.0,0.0,0.0,0.0,0.0,0.0,0.0,0.0,0.0,0.0,13.0,0.0,0.0,0.0,0.0,5.0
2458249.6094268835,1694.5047863769182,15.991881034363386,1543.8657917163696,17.383618610500854,1543.8657917163696,17.383618610500854,17.507912553791183,0.2006883177960525,0.0347032443766127,1.842729962974092e-08,13.0,1241.65234375,23.443177099727784,356.21134770726144,610.8082244292782,4.0
2458249.6565267816,1687.357481215157,7.352079380493514,1536.1114329505906,8.041543339528523,1536.1114329505906,8.041543339528523,17.419427154273812,0.0966818143329008,0.0663974732966606,1.8762305225603967e-08,13.0,1523.167822265625,21.99326606346168,356.21134770726144,610.8082244292782,4.0
2458251.64226252,1715.5861682505517,1.5303687746342267,1566.7377126189613,2.0853728392854873,1566.7377126189613,2.0853728392854873,17.768905257369372,0.0386410211909299,0.5817912125074653,1.6293214098098056e-08,13.0,1342.445629882813,31.09561736202815,356.21134770726144,610.8082244292782,4.0
2458252.5128877084,1715.5109880124617,1.0223479680219127,1566.656146976379,1.679457474073173,1566.656146976379,1.679457474073173,17.767974507491946,0.0359741335974973,0.8810107577944091,2.1421768654055046e-08,13.0,1142.9790283203124,31.494874022600094,356.21134770726144,610.8082244292782,0.0
2458252.6269856244,1713.7938669530647,1.071800044825679,1564.7931829028614,1.7039711474728103,1564.7931829028614,1.7039711474728103,17.74671612555336,0.0361240161394832,0.8562922678815696,2.117946418217041e-08,13.0,1282.052490234375,32.80988526766332,356.21134770726144,610.8082244292782,0.0
2458255.545914813,1716.4140701648905,1.1029448457546616,1567.6359320627043,1.7444132235485956,1567.6359320627043,1.7444132235485956,17.77915488712401,0.0363743626673284,0.8942711471462854,1.713827492320054e-08,13.0,1252.8153808593752,34.371072349311,356.21134770726144,610.8082244292782,0.0
2458256.5666726194,1718.2864519759767,1.0958246486046737,1569.6673438999032,1.7516423833820474,1569.6673438999032,1.7516423833820474,17.802335435436035,0.036419484655985,0.8717805573457057,1.7380887065685998e-08,13.0,1216.6351318359375,32.39179802625032,356.21134770726144,610.8082244292782,0.0
2458257.584414819,1716.8968745281618,2.4542634232939964,1568.1597432281376,2.95166248404341,1568.1597432281376,2.95166248404341,17.78513212413935,0.0454016370271658,0.2749937756537238,1.989407672785776e-08,13.0,1112.4397216796874,22.296470402486054,356.21134770726144,610.8082244292782,4.0
2458275.574120163,1715.2880278040736,1.1061070782770268,1566.4142497287885,1.7393464360765272,1566.4142497287885,1.7393464360765272,17.76521420515854,0.0363428102082327,0.879998468587338,1.332350698041384e-08,13.0,1667.72958984375,34.39670271501511,356.21134770726144,610.8082244292782,0.0
2458276.3785189395,1718.8824255121904,1.0209383872462285,1570.3139362182824,1.7016908607079237,1570.3139362182824,1.7016908607079237,17.809713734705493,0.0361097695320438,0.8423019022964628,2.1369012845947013e-08,13.0,1070.003466796875,28.565017679227164,356.21134770726144,610.8082244292782,0.0
2458276.462250938,1716.9554244405228,1.0137803627278554,1568.223266054696,1.6832607963362423,1568.223266054696,1.6832607963362423,17.785856986485324,0.0359972018641387,0.841957337856445,2.083118276288164e-08,13.0,1228.968701171875,29.024820621704578,356.21134770726144,610.8082244292782,0.0
2458277.3758365232,1708.267688406984,22.22777809149348,1558.797640515877,24.14533282996715,1558.797640515877,24.14533282996715,17.678300673101383,0.2772006313576681,0.0219508028821984,1.4236586888418738e-08,13.0,523.2445434570312,16.65193582607238,356.21134770726144,610.8082244292782,4.0
2458277.5604625684,1720.5816219107596,1.4641903565739658,1572.1574532068273,2.0574234158858067,1572.1574532068273,2.0574234158858067,17.830750204925103,0.0384452214996529,0.7143949784347151,1.901446860234388e-08,13.0,1352.0164306640625,34.80319427111633,356.21134770726144,610.8082244292782,0.0
2458278.3731292933,1713.1262352221236,2.6568562992752,1564.0688461286543,3.1377184312864808,1564.0688461286543,3.1377184312864808,17.73845068017138,0.0469983875056187,0.2971231338021632,1.8991053430092654e-08,13.0,961.906201171875,28.029276826200576,356.21134770726144,610.8082244292782,4.0
2458278.507567356,1715.5578677246797,1.2219130823819377,1566.707008398852,1.8299832087141896,1566.707008398852,1.8299832087141896,17.76855488988377,0.0369178023108512,0.6941885973617152,1.8729154768536404e-08,13.0,1132.0338623046875,29.316420009292028,356.21134770726144,610.8082244292782,4.0
2458281.52926847,1714.6324465537798,1.0776170731190629,1565.7029869381502,1.7138179235246993,1565.7029869381502,1.7138179235246993,17.75709794769709,0.0361845759912989,0.8703712424662916,1.6177931236530263e-08,13.0,1067.826171875,33.20777598606587,356.21134770726144,610.8082244292782,0.0
2458282.36260925,1717.1857848026252,1.18605846420841,1568.4731919852009,1.8124082624836237,1568.4731919852009,1.8124082624836237,17.788708904545672,0.0368046587907446,0.8067614967619163,1.7440114567122366e-08,13.0,1079.1099609375,32.824923749138,356.21134770726144,610.8082244292782,0.0
2458292.3310748525,1712.3925726368827,1.6610467819065242,1563.2728701950384,2.1835142497881996,1563.2728701950384,2.1835142497881996,17.729367756538412,0.0393407387930092,0.8481397389451742,2.1308751812183688e-08,13.0,2636.04013671875,52.61203131231992,356.21134770726144,610.8082244292782,0.0
2458292.4348528185,1715.793885214057,1.1418418591742732,1566.963071942554,1.7695950604450814,1566.963071942554,1.7695950604450814,17.77147684457411,0.0365324352175611,0.868111679147643,1.823816232291692e-08,13.0,1709.9349365234375,34.83473243610932,356.21134770726144,610.8082244292782,0.0
2458300.37233397,1716.9923222995124,3.2408849304930984,1568.2632978190904,3.7400234351105954,1568.2632978190904,3.7400234351105954,17.786313791073923,0.0524236370215628,0.835075577300048,1.9542212278215924e-08,13.0,13375.9630859375,97.6508094483584,356.21134770726144,610.8082244292782,0.0
2458303.386133644,1718.137558763808,1.4356793469955282,1569.5058045002534,2.0192673657164613,1569.5058045002534,2.0192673657164613,17.80049210077129,0.0381809911438628,0.8606373409606601,1.1866351558350012e-08,13.0,1629.061181640625,42.94003469008116,356.21134770726144,610.8082244292782,0.0
2458304.456580722,1712.6942341853453,1.2877529072672202,1563.6001532506336,1.865134975002229,1563.6001532506336,1.865134975002229,17.733102400859654,0.0371463092760216,0.8693109344466419,2.0671161688925604e-08,13.0,1317.7612060546876,41.17695569262905,356.21134770726144,610.8082244292782,0.0
2458305.306583637,1715.9360134818016,1.079223105943284,1567.1172718198368,1.7236658206480973,1567.1172718198368,1.7236658206480973,17.773236427559507,0.0362453681625189,0.845719412872425,1.2192401530261766e-08,13.0,1060.471826171875,31.703462537650605,356.21134770726144,610.8082244292782,0.0
2458306.2970073363,1716.078961768245,1.1185943711147683,1567.2723613637904,1.7539007715059445,1567.2723613637904,1.7539007715059445,17.775006162578507,0.0364337376111461,0.8341228234707906,2.1348020507358584e-08,13.0,999.14296875,32.48769466269309,356.21134770726144,610.8082244292782,0.0
2458308.295095597,1717.129345387984,1.0416361019595242,1568.4119589106704,1.7043495435196738,1568.4119589106704,1.7043495435196738,17.788010170681627,0.0361261728140551,0.8377506445252081,2.075599043316421e-08,13.0,1009.3983642578124,29.743417456857035,356.21134770726144,610.8082244292782,0.0
2458310.286114429,1715.5771671586806,1.041139497997491,1566.727947022828,1.6934390539538255,1566.727947022828,1.6934390539538255,17.76879382163348,0.0360593766891319,0.8061123392774342,1.6833271070156066e-08,13.0,1057.71064453125,28.972610533492656,356.21134770726144,610.8082244292782,0.0
2458320.2581903823,1718.2578039713762,1.2711274173269815,1569.6362626880955,1.8857324662909531,1569.6362626880955,1.8857324662909531,17.80198076607814,0.0372812028602726,0.8160976410975044,2.1336574656628395e-08,13.0,2780.800439453125,35.566342580095274,356.21134770726144,610.8082244292782,0.0
2458674.2892283723,1716.9349244863274,0.9647399740380589,1568.2010249448067,1.6488423582272937,1568.2010249448067,1.6488423582272937,17.78560319199971,0.0357891761790073,1.45419697630764,2.087340329628853e-08,13.0,2047.687573242188,49.50106460969312,356.21134770726144,610.8082244292782,0.0
2458700.2785239825,1715.419273363186,0.8326165881541495,1566.5566425787836,1.5505515325270185,1566.5566425787836,1.5505515325270185,17.766839057528777,0.035212533852284,1.4468010524032209,2.138229836912229e-08,13.0,1256.97861328125,42.88243262689832,356.21134770726144,610.8082244292782,0.0
2458702.314620388,1714.6868062646554,1.0369917562903634,1565.761963670077,1.6844245376993936,1565.761963670077,1.6844245376993936,17.7577709343159,0.0360044023217403,1.4699487811790153,2.028335617015773e-08,13.0,1433.6218017578126,55.63546984013285,356.21134770726144,610.8082244292782,0.0
2458705.331297047,1715.960297197981,1.4983553744665843,1567.1436180640715,2.0599125774224736,1567.1436180640715,2.0599125774224736,17.77353706595106,0.0384627687577749,1.484732303348262,1.9048951203354805e-08,13.0,6533.23955078125,80.86633976828958,356.21134770726144,610.8082244292782,0.0
2458710.2488079933,1716.1321699351374,2.0541492958724343,1567.3300887457917,2.5634549572313325,1567.3300887457917,2.5634549572313325,17.775664892798986,0.0422199694617924,1.4608632803882606,1.9415405556177396e-08,13.0,14624.1654296875,109.31123372983048,356.21134770726144,610.8082244292782,0.0
2458710.311108535,1716.80784892227,1.239022924064353,1568.0631562667854,1.8512760899838634,1568.0631562667854,1.8512760899838634,17.784029965196037,0.0370557193776118,1.4657558992876272,7.625963245405519e-09,13.0,5837.31015625,65.13389809011427,356.21134770726144,610.8082244292782,0.0
2458711.290968925,1715.8477550643845,1.2532252738858138,1567.0215172078172,1.8565331804287706,1567.0215172078172,1.8565331804287706,17.7721437665986,0.0370899965596876,1.4349812858477378,1.9025357280247893e-08,13.0,5626.884765625,65.08945754585226,356.21134770726144,610.8082244292782,0.0
2458712.3256003177,1710.5752063594982,1.2792501654029302,1561.3011466146515,1.8456719470710876,1561.3011466146515,1.8456719470710876,17.70686831409342,0.0370196260245234,1.3580412705467124,1.5357962529124434e-08,13.0,4685.602734375,66.60194424962268,356.21134770726144,610.8082244292782,0.0
2458713.2737512034,1715.214633614432,1.1448628846313564,1566.3346218319894,1.7681450111407522,1566.3346218319894,1.7681450111407522,17.764305567001113,0.0365233206101898,1.309472041150927,2.1240504882271697e-08,13.0,2506.120068359375,54.35524152930446,356.21134770726144,610.8082244292782,0.0
2458715.2174431877,1716.2295423299477,0.8597363901925605,1567.4357314273545,1.5738001165819941,1567.4357314273545,1.5738001165819941,17.77687038704636,0.0353465390657012,1.4259228132223103,2.143501305751448e-08,13.0,2178.17392578125,43.369644988505655,356.21134770726144,610.8082244292782,0.0
2458720.3276619185,1716.6506016029157,0.8213946221232772,1567.8925532070828,1.5526460935812614,1567.8925532070828,1.5526460935812614,17.782083204625284,0.0352244875338956,1.3830999178901848,1.7946014795536122e-08,13.0,1203.1788330078125,39.804869716863976,356.21134770726144,610.8082244292782,0.0
2458721.2232029005,1715.4611098154787,0.8506278286317751,1566.602032393996,1.5623230199538254,1566.602032393996,1.5623230199538254,17.76735700311969,0.0352802178666202,1.382541531899706,1.9844231804863064e-08,13.0,1534.407373046875,41.86475274744665,356.21134770726144,610.8082244292782,0.0
2458724.237747651,1715.5167330885774,0.8431714038399379,1566.662380008317,1.5579667081445732,1566.662380008317,1.5579667081445732,17.768045632950262,0.0352551216598899,1.3954567508351243,1.5341884368034904e-08,13.0,1262.9344482421875,41.75801273826536,356.21134770726144,610.8082244292782,0.0
2458725.326824634,1713.673562084966,1.0103306687738995,1564.662659987246,1.658361604825827,1564.662659987246,1.658361604825827,17.74522672163444,0.0358465674243211,1.404587489113457,2.0323620769076123e-08,13.0,1178.673388671875,52.1824220205331,356.21134770726144,610.8082244292782,0.0
2458730.2594076246,1714.9367191479885,1.0235740245162728,1566.0331028076546,1.6764312065000675,1566.0331028076546,1.6764312065000675,17.760864917408252,0.0359557781406063,1.433025862879681,1.9422164498460155e-08,13.0,1857.3321533203125,53.21103214105853,356.21134770726144,610.8082244292782,0.0
2457844.6256494867,1614.2278856350397,0.595971415942873,1402.7237137542866,1.3199250520389278,1402.7237137542866,1.3199250520389278,16.07641122829034,0.0350647051262563,0.9023555762331318,1.1827332270089366e-08,13.0,1936.0173828125,55.07975415176417,360.0654421355289,611.4357804532033,0.0
2458580.5477209063,1620.0478361209098,0.5139730165261406,1409.0036450968428,1.3128341527496106,1409.0036450968428,1.3128341527496106,16.150399767572384,0.0350263662137352,1.237713058626731,7.518424660474673e-09,13.0,2064.641943359375,61.2889530580445,360.0654421355289,611.4357804532033,0.0
2458668.3369767014,1620.3901856739833,0.44163554681574424,1409.373052309787,1.2840025356543148,1409.373052309787,1.2840025356543148,16.1547520285439,0.0348776166593885,1.5234205069616562,1.0746013324759076e-08,13.0,2064.00107421875,64.65416261089999,360.0654421355289,611.4357804532033,0.0
2458580.5674088714,1619.7250098170757,0.804679646588077,1408.6553041567317,1.4712644053941017,1408.6553041567317,1.4712644053941017,16.146295704020563,0.035889807322806,0.6986939790826814,1.1160283922966109e-08,13.0,1954.953076171875,54.26072260576699,360.0654421355289,611.4357804532033,4.0
2457844.6393091064,1614.4150961208975,0.49948717775699847,1402.925720455315,1.2734634677208323,1402.925720455315,1.2734634677208323,16.078791219395168,0.034825346710535,0.853257918491576,1.4101481624159568e-08,13.0,1926.08037109375,43.07101040577856,360.0654421355289,611.4357804532033,0.0
2458581.5935702887,1618.3582115200772,0.42922384754851284,1407.180480705035,1.2663079169718348,1407.180480705035,1.2663079169718348,16.12891971263822,0.03478816579435,1.5044434619784337,1.4365036578386556e-08,13.0,2494.151513671875,63.30342177490101,360.0654421355289,611.4357804532033,0.0
2457846.5693664835,1617.8193281742429,0.09919477434133328,1406.5990066148854,1.179902784353591,1406.5990066148854,1.179902784353591,16.12206893414818,0.034364018122438,1.0000021382055604,1.1492107254527128e-08,13.0,1964.04267578125,0.1865790456588242,360.0654421355289,611.4357804532033,0.0
2458583.55602196,1619.414863446604,0.5372000718009289,1408.3206453108476,1.3197429692796026,1408.3206453108476,1.3197429692796026,16.142352839391297,0.0350625301584858,1.0829689134162646,8.864785109851873e-09,13.0,2408.0240234375,56.35791823066933,360.0654421355289,611.4357804532033,0.0
2457847.4785421803,1619.0211520602475,0.43483474052119947,1407.8958168726833,1.272631731579138,1407.8958168726833,1.272631731579138,16.137347619768555,0.0348200302578037,0.95108852907604,1.7167512875112588e-08,13.0,1869.8798095703123,39.57919437987,360.0654421355289,611.4357804532033,0.0
2458583.633548034,1616.282062056595,0.7358458064145608,1404.9402423869938,1.4100203285496165,1404.9402423869938,1.4100203285496165,16.10252579975062,0.0355477101232706,1.4287252711877247,7.0290851644011105e-09,13.0,2540.61640625,106.8098385612308,360.0654421355289,611.4357804532033,0.0
2457848.644086064,1618.4939482866434,0.5554688492078703,1407.3269454519027,1.3230231816870965,1407.3269454519027,1.3230231816870965,16.130645322694434,0.0350798959021973,0.6213892503581613,1.1128463264970611e-08,13.0,1915.1225830078124,32.824058483632854,360.0654421355289,611.4357804532033,4.0
2458585.5635011964,1614.8695702701011,0.43675960562924265,1403.4161140524586,1.2488527478856477,1403.4161140524586,1.2488527478856477,16.084568910893182,0.0347013007823008,1.497079120594014,1.6728102517391526e-08,13.0,2488.55263671875,66.75264167238278,360.0654421355289,611.4357804532033,0.0
2457876.64502801,1622.5907419015182,0.5619073547903081,1411.7475299033508,1.3514984001510817,1411.7475299033508,1.3514984001510817,16.182727514122096,0.035229340168604,0.9290028708495156,1.1256866958869018e-08,13.0,2096.995556640625,48.561668666298615,360.0654421355289,611.4357804532033,0.0
2458591.627385281,1618.344763773307,0.6277917882158208,1407.1659701131268,1.3593029166923243,1407.1659701131268,1.3593029166923243,16.128748752568615,0.035271938183377,1.5899950255455273,1.064211420880632e-08,13.0,3883.15263671875,99.1759188420102,360.0654421355289,611.4357804532033,0.0
2457887.543517807,1625.8270648318028,1.7241243959557933,1415.2396362114494,2.2313471213692124,1415.2396362114494,2.2313471213692124,16.22387061436636,0.0409711652655438,1.01694470059194,1.1366179727296234e-08,13.0,34555.95546875,161.93034638248204,360.0654421355289,611.4357804532033,2.0
2458592.5122987675,1617.404019112586,0.5492958182936731,1406.1508735251837,1.3136589152420015,1406.1508735251837,1.3136589152420015,16.11678914510235,0.0350312651948356,1.5791651741210762,1.6779037701668726e-08,13.0,5002.749902343749,86.8091609021322,360.0654421355289,611.4357804532033,0.0
2457890.480495799,1619.665703798257,0.5498979428753848,1408.5913108758123,1.3273393023934634,1408.5913108758123,1.3273393023934634,16.145541751609173,0.035102253973552,0.989446653404619,7.897621085547028e-09,13.0,3144.002587890625,52.48602252540093,360.0654421355289,611.4357804532033,0.0
2458598.5287038027,1620.3130727825576,0.5609335135777289,1409.2898447868092,1.3366565911379913,1409.2898447868092,1.3366565911379913,16.15377169886407,0.0351511513546857,1.5564368730939029,9.767432283008724e-09,13.0,5939.830078125,84.58250749241778,360.0654421355289,611.4357804532033,0.0
2457892.5499388035,1620.6663274174457,0.5110707894602888,1409.6710189667128,1.3153899366999926,1409.6710189667128,1.3153899366999926,16.15826259522021,0.0350395353159247,1.005688902257584,8.34558792594627e-09,13.0,2129.4032714843747,48.86419248363128,360.0654421355289,611.4357804532033,0.0
2458601.667416367,1619.1841676263944,0.4341083346222803,1408.071716404073,1.273360590198485,1408.071716404073,1.273360590198485,16.139420022901323,0.0348236914298527,1.5683745107413058,1.5900477090240984e-08,13.0,3090.160888671875,66.26916052988949,360.0654421355289,611.4357804532033,0.0
2457917.285651154,1619.691283253933,0.5401727059843695,1408.618912008471,1.3228377287804438,1408.618912008471,1.3228377287804438,16.145866941070093,0.035078652141854,0.922247857324606,1.76589178004546e-08,13.0,4496.4419921875,47.7881751344563,360.0654421355289,611.4357804532033,0.0
2458604.482127509,1618.5380219127694,0.4357014255720097,1407.3745024451741,1.2699854537502007,1407.3745024451741,1.2699854537502007,16.13120562698326,0.0348067277244089,1.5623403128291184,1.46437188181742e-08,13.0,2109.794091796875,66.8336859434839,360.0654421355289,611.4357804532033,0.0
2457920.272670621,1617.8521999268826,0.5297044360183202,1406.6344763925383,1.3068701555936975,1406.6344763925383,1.3068701555936975,16.122486829964878,0.0349958965336828,0.9162108203017236,1.62181042986398e-08,13.0,2475.493798828125,47.47161913577582,360.0654421355289,611.4357804532033,0.0
2458605.479514167,1618.1930183969089,0.4143344327192381,1407.002231513005,1.259503319667026,1407.002231513005,1.259503319667026,16.126819626406842,0.0347538978772922,1.4424373283244762,9.6895515876908e-09,13.0,2225.162451171875,58.62319168120492,360.0654421355289,611.4357804532033,0.0
2457920.518385048,1618.0028409604095,0.4504788006280778,1406.7970233678473,1.2727165599013703,1406.7970233678473,1.2727165599013703,16.124401916708948,0.0348206965407346,0.9701346681902454,1.0165409119917814e-08,13.0,2302.319775390625,42.45278027163866,360.0654421355289,611.4357804532033,0.0
2458605.552046745,1616.0429065725127,0.49692971535079633,1404.682185205255,1.2813077873409597,1404.682185205255,1.2813077873409597,16.09948543626787,0.0348648680009008,1.4788337737379662,1.1462850408005782e-08,13.0,2280.275341796875,74.39057829515752,360.0654421355289,611.4357804532033,0.0
2457921.356053173,1619.4226275581343,0.43489861105110267,1408.3290230603604,1.2751698097102369,1408.3290230603604,1.2751698097102369,16.14245154388583,0.0348328252237948,0.9194668352778717,9.617639331097972e-09,13.0,2146.74765625,37.86761059752855,360.0654421355289,611.4357804532033,0.0
2458609.520190235,1619.1523390381365,2.7823400691145777,1408.0373722374886,3.2272258760627084,1408.0373722374886,3.2272258760627084,16.139015388745342,0.0493286592914935,0.1364273007717064,1.6899861998374572e-08,13.0,1648.901684570313,36.189638118501165,360.0654421355289,611.4357804532033,4.0
2457929.285980765,1622.284406752932,0.4680588627551585,1411.4169834999748,1.3071619684969695,1411.4169834999748,1.3071619684969695,16.17883310123496,0.0349964115529817,0.9167443340922388,1.1986922320743478e-08,13.0,2478.2528808593747,39.46268673825501,360.0654421355289,611.4357804532033,0.0
2458613.474623938,1616.558602568575,0.40774852684371904,1405.2386393291813,1.2471374679904546,1405.2386393291813,1.2471374679904546,16.10604143593745,0.0346923275928736,1.5538407236941438,1.0403184377804792e-08,13.0,2330.36767578125,63.50905961904298,360.0654421355289,611.4357804532033,0.0
2457929.4048855733,1621.6702799381903,0.5181730478041099,1410.754319059519,1.3250121817036933,1410.754319059519,1.3250121817036933,16.171025758875786,0.035089601873634,0.9592374315873397,1.1169332267608609e-08,13.0,2085.67744140625,46.63050473893172,360.0654421355289,611.4357804532033,0.0
2458614.502471317,1631.4006716297322,0.8757236904594441,1421.2537540473963,1.588517947574529,1421.2537540473963,1.588517947574529,16.294727407136758,0.0365747255292878,1.5897979176975168,1.0209042127334358e-08,13.0,2259.12900390625,120.2684627354959,360.0654421355289,611.4357804532033,0.0
2457930.3349543903,1621.7825622344958,0.6247548237560745,1410.8754756077567,1.3781897213520697,1410.8754756077567,1.3781897213520697,16.172453194231306,0.0353727613544677,0.9568804423291768,1.1323104936873282e-08,13.0,1980.3832519531247,56.51342189832896,360.0654421355289,611.4357804532033,0.0
2458616.53728144,1616.1394498076188,0.4291095502797935,1404.7863587526997,1.253007597126325,1404.7863587526997,1.253007597126325,16.100712782266857,0.0347217765645146,1.5534839315850988,1.6444867008081813e-08,13.0,2591.2286132812496,67.21315920429589,360.0654421355289,611.4357804532033,0.0
2457937.51194528,1620.5261771508558,0.6385554237323694,1409.5197918980375,1.3778862044651774,1409.5197918980375,1.3778862044651774,16.15648087671075,0.0353713951649293,0.8860438928805282,1.0233997822611272e-08,13.0,3342.82529296875,54.223913403352526,360.0654421355289,611.4357804532033,0.0
2458617.4488295107,1619.6338776952043,0.6822344647350784,1408.5569693908521,1.3968410610104014,1408.5569693908521,1.3968410610104014,16.1451371490474,0.0354746427206333,0.834026213797332,9.573582977739688e-09,13.0,4159.5826171875,54.98135850211287,360.0654421355289,611.4357804532033,0.0
2457938.324913888,1620.3819234348603,0.5246653751120094,1409.364137063075,1.3198263680105267,1409.364137063075,1.3198263680105267,16.15464699139532,0.0350627480466322,0.8977860504399393,1.7040023858673152e-08,13.0,3725.804931640625,44.7723292636676,360.0654421355289,611.4357804532033,0.0
2458618.493078466,1620.8066437520959,1.653925578948142,1409.8224252286723,2.147888858711405,1409.8224252286723,2.147888858711405,16.160046424938955,0.0403482215007534,0.4007714234559846,1.30773075752414e-08,13.0,6968.63818359375,63.74555935086837,360.0654421355289,611.4357804532033,4.0
2457939.2247257736,1617.807987310838,0.977790167141449,1406.5867694242568,1.5791495373419497,1406.5867694242568,1.5791495373419497,16.121924758708964,0.0365210964909691,0.7556315142084294,1.1978260399772332e-08,13.0,8914.4240234375,73.51431011114514,360.0654421355289,611.4357804532033,0.0
2458627.48273309,1620.51907481603,0.9477921149993349,1409.5121282288726,1.5715013869757835,1409.5121282288726,1.5715013869757835,16.156390585327593,0.0364746807150986,1.5465066927746185,8.717616662069292e-09,13.0,7603.82451171875,142.76178603607647,360.0654421355289,611.4357804532033,0.0
2457939.514383561,1631.2850969568237,1.3250576514240922,1421.1290449089652,1.9163212574109818,1421.1290449089652,1.9163212574109818,16.29325811607538,0.0386935390956101,0.6692271615930729,1.054526205418426e-08,13.0,13010.4759765625,76.62557173956174,360.0654421355289,611.4357804532033,4.0
2458629.411726972,1620.3449203840014,0.43560063836853496,1409.3242094692885,1.2813091935728018,1409.3242094692885,1.2813091935728018,16.15417657473306,0.0348638750392909,1.4303535681602606,1.4014168688244693e-08,13.0,2369.358935546875,59.70123829639131,360.0654421355289,611.4357804532033,0.0
2457941.5615749788,1617.303606981412,1.4864829203146088,1406.042525302761,1.9863510437575904,1406.042525302761,1.9863510437575904,16.115512614154223,0.0391833262726723,0.880592021505019,1.3064385395819824e-08,13.0,27698.697265625,131.95987975331397,360.0654421355289,611.4357804532033,0.0
2458630.4820207856,1626.2840480189327,4.709082392588381,1415.7327371487927,5.229323058240654,1415.7327371487927,5.229323058240654,16.22968020305173,0.0691619032415649,0.0991761083331872,1.650478682351285e-08,13.0,2785.345703125,41.71621029441364,360.0654421355289,611.4357804532033,4.0
2457942.467166608,1613.2473416927646,1.9472707857411313,1401.6656723412555,2.393823977866344,1401.6656723412555,2.393823977866344,16.06394565591702,0.0422273515055923,0.935989429466082,1.5190839457383337e-08,13.0,57551.87578125,191.96780429111175,360.0654421355289,611.4357804532033,2.0
2458638.391270046,1621.5487603377974,0.42067082412053236,1410.623195135166,1.283357732801686,1410.623195135166,1.283357732801686,16.169480890453098,0.034874064147443,1.3156906154379662,6.660755624264061e-09,13.0,2269.650537109375,52.07433170956971,360.0654421355289,611.4357804532033,0.0
2457943.2138223667,1613.385742472681,1.3449977829269093,1401.8150116522577,1.8502891399142767,1401.8150116522577,1.8502891399142767,16.065705133350082,0.0382483708066057,0.8732394099884788,1.7608027274855332e-08,13.0,32373.384765625,123.31503331090909,360.0654421355289,611.4357804532033,0.0
2458641.383334027,1619.2213689029177,0.3956962041619745,1408.1118578903252,1.258939229417262,1408.1118578903252,1.258939229417262,16.139892959589712,0.0347508227027541,1.5314913843516056,1.76654738030328e-08,13.0,2151.7671875,58.72473671187007,360.0654421355289,611.4357804532033,0.0
2457945.4726590468,1627.0065584960214,1.5532462455477918,1416.5123513742772,2.08554909484463,1416.5123513742772,2.08554909484463,16.238865417761996,0.0398905205226582,0.936641363018614,1.0705788977187172e-08,13.0,16918.466796875,132.4351400072157,360.0654421355289,611.4357804532033,0.0
2458645.4248342896,1621.437674749712,0.416165367263731,1410.5033298772037,1.2809103708456637,1410.5033298772037,1.2809103708456637,16.168068668748177,0.034861596874715,1.5146717415058146,8.454936237247403e-09,13.0,2193.568212890625,59.7496988337272,360.0654421355289,611.4357804532033,0.0
2457946.2266863934,1611.2026982703576,1.0118039292958476,1399.459430150038,1.575219521820999,1399.459430150038,1.575219521820999,16.03795227667027,0.0364990778003596,0.794145265586006,1.0250840893189552e-08,13.0,2358.098779296875,85.93838452764821,360.0654421355289,611.4357804532033,0.0
2458648.395952338,1619.0667623664806,0.5614479964832264,1407.9450319978557,1.329355144315668,1407.9450319978557,1.329355144315668,16.137927459741856,0.0351129771462158,1.5470681531293482,1.647095206816164e-08,13.0,4793.5076171875,85.42360542697216,360.0654421355289,611.4357804532033,0.0
2457946.29006351,1626.2965482482714,0.9965614179991984,1415.746225336057,1.6380239966481223,1415.746225336057,1.6380239966481223,16.229839117412215,0.0368775355142739,0.8895611242503276,9.88153977099052e-09,13.0,7600.274609375,80.72481124612865,360.0654421355289,611.4357804532033,0.0
2458654.406901687,1619.574519473504,0.9344850871023378,1408.4929197811866,1.5572533954730767,1408.4929197811866,1.5572533954730767,16.144382532985176,0.0363899616257079,1.3251189306179658,1.1497970562174972e-08,13.0,15861.4505859375,121.90561626177409,360.0654421355289,611.4357804532033,0.0
2457946.5581340897,1619.8931062207857,1.0592474448622409,1408.836686090614,1.6491839423763257,1408.836686090614,1.6491839423763257,16.148432699412403,0.0369478154506046,0.8358502927739837,1.1587990435838774e-08,13.0,8332.1453125,86.44706686539588,360.0654421355289,611.4357804532033,0.0
2458654.5382666388,1618.661049055757,0.8456210208283662,1407.5072530610255,1.4920907953333225,1407.5072530610255,1.4920907953333225,16.132769660667694,0.0360091936058887,1.4280571894750471,9.262571104857144e-09,13.0,15923.323828125,119.95977482880882,360.0654421355289,611.4357804532033,0.0
2457947.359176254,1617.9215978874854,0.6369515117394426,1406.709359233717,1.3618568261989004,1406.709359233717,1.3618568261989004,16.12336908038034,0.0352857075732624,0.9373376899279148,1.608067748484281e-08,13.0,4678.59208984375,59.0034389399476,360.0654421355289,611.4357804532033,0.0
2458655.359063696,1620.9886199691464,0.8455747890925899,1410.018783969495,1.5046579821777344,1410.018783969495,1.5046579821777344,16.162359873226254,0.0360811983457374,1.156015396051822,8.903500102793195e-09,13.0,12320.0556640625,94.28459095385423,360.0654421355289,611.4357804532033,0.0
2457947.563845476,1615.2494427044232,0.575205808026694,1403.82600977447,1.314571075138295,1403.82600977447,1.314571075138295,16.089398197086812,0.0350365269265802,0.9086124045631878,1.492980983547554e-08,13.0,5042.636328125,52.93090362220991,360.0654421355289,611.4357804532033,0.0
2458655.4597943854,1621.5223319463078,0.6616710560997857,1410.5946779708972,1.39651843471683,1410.5946779708972,1.39651843471683,16.16914490854284,0.0354724633547577,1.1543851572604065,1.3006431207980952e-08,13.0,7818.12021484375,72.97513853149181,360.0654421355289,611.4357804532033,0.0
2457948.3109961264,1619.5348543180617,0.4472558329792734,1408.450119682893,1.2808406849980036,1408.450119682893,1.2808406849980036,16.143878273212064,0.0348616687299173,0.9625744477040148,1.1147667076222076e-08,13.0,2041.18447265625,41.0614568057222,360.0654421355289,611.4357804532033,0.0
2458661.265094811,1619.4031550796499,0.424543430533155,1408.3080115709583,1.2709775005476522,1408.3080115709583,1.2709775005476522,16.142203991910467,0.0348115546590678,1.4218114908205088,1.7562585045563824e-08,13.0,2787.903125,58.35290246259775,360.0654421355289,611.4357804532033,0.0
2457949.2338970103,1618.076839503669,0.505414181910937,1406.8768703995788,1.2969536343152477,1406.8768703995788,1.2969536343152477,16.125342653943413,0.0349445981259645,0.9126839761488692,1.3193092808819594e-08,13.0,2194.492529296875,44.85240525841578,360.0654421355289,611.4357804532033,0.0
2458661.2769119875,1619.1343036808853,0.4299464140626884,1408.0179114524626,1.271403342303431,1408.0179114524626,1.271403342303431,16.13878610677093,0.0348137746936007,1.4451718266134208,1.6752368712307938e-08,13.0,2726.60732421875,60.28357851997603,360.0654421355289,611.4357804532033,0.0
2457949.5286355787,1617.3103370138465,0.5536851583598769,1406.0497872445462,1.315265012496168,1406.0497872445462,1.315265012496168,16.115598172488504,0.0350396514688846,0.9000589928109514,1.677005505777375e-08,13.0,2585.737451171876,49.13373790311352,360.0654421355289,611.4357804532033,0.0
2458661.288732786,1619.812951937352,0.438322618087522,1408.7501967986525,1.2789970285430825,1408.7501967986525,1.2789970285430825,16.147413704772696,0.03485220842624,1.4449460320194154,1.5969732907817604e-08,13.0,2673.891552734375,61.03604758051669,360.0654421355289,611.4357804532033,0.0
2457954.5466874936,1615.8650148459628,0.7835467524176838,1404.490233773393,1.4375286214103284,1404.490233773393,1.4375286214103284,16.097223913763578,0.0357004171396291,0.82482545772274,8.43030320170428e-09,13.0,2257.47587890625,65.4274488100901,360.0654421355289,611.4357804532033,0.0
2458661.300560111,1618.7327057540758,0.42650111827127757,1407.5845731596712,1.2675486772628477,1407.5845731596712,1.2675486772628477,16.133680626225093,0.0347943507590518,1.4537690703020991,1.750201507028659e-08,13.0,2617.762890625,60.46037999229996,360.0654421355289,611.4357804532033,0.0
2457956.3972719093,1620.7472879060576,0.48574632607792717,1409.7583781824283,1.3046855414873297,1409.7583781824283,1.3046855414873297,16.159291839078314,0.0349839202566912,0.9436392434402204,1.3322311923430942e-08,13.0,1870.686474609375,43.23106805342948,360.0654421355289,611.4357804532033,0.0
2458661.312378998,1620.3161839132592,0.5190779613011764,1409.2932018062986,1.3168407865620582,1409.2932018062986,1.3168407865620582,16.153811250406086,0.0350471771461132,1.492113873464889,8.704942255937942e-09,13.0,2475.33837890625,74.90899079900205,360.0654421355289,611.4357804532033,0.0
2457864.607423779,1618.0400092921402,0.43162810797946405,1406.837129305511,1.2653138868181848,1406.837129305511,1.2653138868181848,16.124874434572973,0.0347832189707418,1.0021625009607371,1.1464068436621871e-08,13.0,2233.000830078125,42.04466425068312,360.0654421355289,611.4357804532033,0.0
2457957.431793813,1619.3189735855176,0.5847106449107652,1408.21717677696,1.3424780444706608,1408.21717677696,1.3424780444706608,16.14113379968108,0.0351821560198634,0.9554698084856386,5.525688835527537e-09,13.0,1688.7368896484377,54.0716927372908,360.0654421355289,611.4357804532033,0.0
2457867.461633925,0.0,0.0,0.0,0.0,0.0,0.0,0.0,0.0,0.0,0.0,13.0,0.0,0.0,0.0,0.0,5.0
2457958.375841024,1620.1824447721194,0.4794269284286389,1409.14889256755,1.2983749027424893,1409.14889256755,1.2983749027424893,16.152111035993304,0.0349514420701707,0.9415228915129844,1.7382332822765542e-08,13.0,1870.97294921875,42.774045537537646,360.0654421355289,611.4357804532033,0.0
2457867.503143137,1614.7437194123424,0.7629800983812822,1403.2803165490182,1.4190026471349466,1403.2803165490182,1.4190026471349466,16.08296897956119,0.0355976536334206,0.8258570696465574,1.5654057442919908e-08,13.0,1847.09580078125,64.52165144132597,360.0654421355289,611.4357804532033,0.0
2458670.304111639,1621.1699797167478,0.4160888016876077,1410.2144775180918,1.279115198498683,1410.2144775180918,1.279115198498683,16.164665484389452,0.0348525056445348,1.505900578790871,9.797890126883564e-09,13.0,2411.181494140625,59.4940141544145,360.0654421355289,611.4357804532033,0.0
2457958.4738268424,1618.866809148107,0.5526553999899778,1407.7292754401035,1.3238634170507129,1407.7292754401035,1.3238634170507129,16.13538547135413,0.0350842102585966,0.951619214644397,1.1327244511425022e-08,13.0,1824.2135742187504,51.16588747074502,360.0654421355289,611.4357804532033,0.0
2457959.285541668,1613.8474384777612,0.44165237058513207,1402.3131978859853,1.2452285672468115,1402.3131978859853,1.2452285672468115,16.071574635692283,0.034683470058705,0.9132088256727716,1.3751928564880542e-08,13.0,1830.735400390625,41.06888291998355,360.0654421355289,611.4357804532033,0.0
2457965.4062059973,1617.212299394066,0.5828538286959549,1405.9440012034613,1.329302312550737,1405.9440012034613,1.329302312550737,16.114351828503295,0.0351131279299764,0.8237823745548258,1.5822496411046372e-08,13.0,3665.45244140625,47.351793551373405,360.0654421355289,611.4357804532033,0.0
2457968.372264526,1618.5793135238198,0.7348116864485297,1407.4190575462935,1.4216718831689446,1407.4190575462935,1.4216718831689446,16.131730563749226,0.0356115410702052,0.9270364201197004,1.2385586265139576e-08,13.0,11788.1310546875,67.03389514033964,360.0654421355289,611.4357804532033,0.0
2457969.337479158,1627.7252910147363,1.9090462030209523,1417.2878890497518,2.407890069959781,1417.2878890497518,2.407890069959781,16.248002603606327,0.0423355398331162,0.9523198692895508,1.766632031294073e-08,13.0,36584.88671875,164.54872177343313,360.0654421355289,611.4357804532033,2.0
2457971.25488241,1621.479625041121,1.1442582348058932,1410.5485957176065,1.721703259309182,1410.5485957176065,1.721703259309182,16.16860197926196,0.037403862070497,0.906833711929338,1.127766410321899e-08,13.0,16292.6591796875,99.82351104727672,360.0654421355289,611.4357804532033,0.0
2457972.309856973,1629.8380752906628,1.3267619761040423,1419.5676576193757,1.9097198575901366,1419.5676576193757,1.9097198575901366,16.27486225177231,0.0386484559867622,0.9385058099583838,1.1911868188578329e-08,13.0,19911.56953125,109.86352717298024,360.0654421355289,611.4357804532033,0.0
2457972.451811716,1627.4809621475156,1.7728950936239287,1417.0242496055894,2.2824190797818686,1417.0242496055894,2.2824190797818686,16.24489647134043,0.0413595487775807,0.9329772347167018,9.137687542459413e-09,13.0,27115.34296875,150.01444449853187,360.0654421355289,611.4357804532033,2.0
2457973.4934385763,1628.2610263955,1.301787260744784,1417.865966374832,1.8810677409713796,1417.865966374832,1.8810677409713796,16.25481336228213,0.0384531911043043,0.8754524566010378,1.7665874897599852e-08,13.0,18329.059375,102.09058387643697,360.0654421355289,611.4357804532033,0.0
2457974.410120264,1621.2116121614636,0.6984742212010805,1410.2594003907298,1.4153761350577765,1410.2594003907298,1.4153761350577765,16.165194754145066,0.035576128897189,0.951614101645098,1.1005188322792664e-08,13.0,5037.4599609375,63.5181965235655,360.0654421355289,611.4357804532033,0.0
2457979.4607127523,1620.9152240679389,0.7322431759657921,1409.9395872097402,1.433376577609652,1409.9395872097402,1.433376577609652,16.161426797329316,0.0356760918648396,0.7413216316767237,7.305558787590873e-09,13.0,2263.6467773437503,51.627664542037344,360.0654421355289,611.4357804532033,0.0
2457980.3465413232,1623.0277943847852,1.3221616570252308,1412.2191249099892,1.8713532443008567,1412.2191249099892,1.8713532443008567,16.188283725451573,0.0383883223925484,0.2180077968292771,1.0385529075877334e-08,13.0,1158.560229492187,25.410615151396257,360.0654421355289,611.4357804532033,4.0
2457984.422287377,1620.7965723402035,0.698269255449323,1409.8115578208888,1.4127995287734543,1409.8115578208888,1.4127995287734543,16.159918387929668,0.0355620004379207,0.5886394677355261,1.0232369986528468e-08,13.0,1675.4797607421874,38.61328971371933,360.0654421355289,611.4357804532033,4.0
2457985.416067456,1620.0268996548546,0.4752630763305511,1408.9810539133439,1.295610440977326,1408.9810539133439,1.295610440977326,16.15013360404662,0.0349372344822675,0.8373253442552301,1.0205096703023446e-08,13.0,1891.865380859375,37.40399899495743,360.0654421355289,611.4357804532033,0.0
2457986.3395736446,0.0,0.0,0.0,0.0,0.0,0.0,0.0,0.0,0.0,0.0,13.0,0.0,0.0,0.0,0.0,5.0
2457986.4402559525,0.0,0.0,0.0,0.0,0.0,0.0,0.0,0.0,0.0,0.0,13.0,0.0,0.0,0.0,0.0,5.0
2457989.3459140854,1616.8398870421804,0.5076772738796378,1405.5421551728746,1.2907454519610417,1405.5421551728746,1.2907454519610417,16.109617381708002,0.0349129667705921,0.8805128058636481,1.3993346932181685e-08,13.0,1913.02265625,44.01141849385002,360.0654421355289,611.4357804532033,0.0
2457991.35228685,1615.693905652775,0.5885542673492674,1404.30560093366,1.3238259179225962,1404.30560093366,1.3238259179225962,16.095048617033385,0.0350847568602187,0.8742259357462906,8.751518288543773e-09,13.0,2035.31259765625,51.779259222848886,360.0654421355289,611.4357804532033,0.0
2457992.228028134,1610.0074872348234,1.0686545257836972,1398.1697553905626,1.6138900387961332,1398.1697553905626,1.6138900387961332,16.022757659659753,0.0367331303102046,0.8246705641155518,1.6138291216171992e-08,13.0,2258.464208984375,95.53405379702832,360.0654421355289,611.4357804532033,2.0
2457992.424424709,1618.8527442705895,0.48244443372308027,1407.7140989424076,1.2914237225617207,1407.7140989424076,1.2914237225617207,16.135206665753437,0.034915978605473,0.9004215152521353,1.6366687293512103e-08,13.0,1946.902197265625,41.68279496217578,360.0654421355289,611.4357804532033,0.0
2458000.338311576,1629.3397365524697,1.4844412622650975,1419.0299325873866,2.0378528791008725,1419.0299325873866,2.0378528791008725,16.268526913456963,0.0395464497637333,0.895527430370993,1.4108187648314872e-08,13.0,11777.79296875,118.01990692590074,360.0654421355289,611.4357804532033,0.0
2458001.2531239213,1616.8644478337096,0.8372708785592682,1405.5686571310791,1.4773336818952705,1405.5686571310791,1.4773336818952705,16.10992962097762,0.0359250425998775,0.8449286151612916,6.694371077447098e-09,13.0,5273.645703124999,71.04349935543111,360.0654421355289,611.4357804532033,0.0
2458001.39438287,0.0,0.0,0.0,0.0,0.0,0.0,0.0,0.0,0.0,0.0,13.0,0.0,0.0,0.0,0.0,5.0
2458003.301929356,1619.2969521578464,0.7216671785470435,1408.1934148817036,1.4178192259507962,1408.1934148817036,1.4178192259507962,16.140853843129857,0.0355900524745922,0.8694066092737489,1.352615832557885e-08,13.0,4031.0572265625,61.09216649712454,360.0654421355289,611.4357804532033,0.0
2458006.261478247,1619.5422748192275,0.5490001854423152,1408.458126664731,1.3261566280628312,1408.458126664731,1.3261566280628312,16.143972609417037,0.035096076388442,0.8917189208381061,1.2675830118166464e-08,13.0,1850.09541015625,47.05654358718681,360.0654421355289,611.4357804532033,0.0
2458007.30300085,1620.5438283053688,0.42608340080652884,1409.5388381147914,1.2788615785330633,1409.5388381147914,1.2788615785330633,16.15670527434818,0.0348513535339234,0.9363628608353626,8.719786327834764e-09,13.0,1939.92724609375,37.31920572129626,360.0654421355289,611.4357804532033,0.0
2458011.3294492178,0.0,0.0,0.0,0.0,0.0,0.0,0.0,0.0,0.0,0.0,13.0,0.0,0.0,0.0,0.0,5.0
2458013.2805298613,1623.207230513119,0.48121838261576383,1412.4127428057145,1.3188661165909987,1412.4127428057145,1.3188661165909987,16.190564881805393,0.0350571140667633,0.8446177108340915,1.5957412453233666e-08,13.0,1889.1376708984376,36.74323109378114,360.0654421355289,611.4357804532033,0.0
2458014.3746758066,1612.7110207377166,1.0754048883991216,1401.0869631609182,1.6294038791064047,1401.0869631609182,1.6294038791064047,16.05712745288475,0.0368274204009756,0.6965199801018268,1.1236954994500477e-08,13.0,2139.138134765625,78.75276920366238,360.0654421355289,611.4357804532033,6.0
2458016.350169125,1615.8993850017928,0.6912890983272971,1404.5273203808074,1.3815070939548808,1404.5273203808074,1.3815070939548808,16.097660858653548,0.0353920540078055,0.6976555692873192,8.770598003923207e-09,13.0,1850.56591796875,48.28136107372039,360.0654421355289,611.4357804532033,4.0
2458019.2769672326,1614.7409941825658,0.47749739517367085,1403.277375930205,1.2653874403527594,1403.277375930205,1.2653874403527594,16.08293433394506,0.034784379819531,0.8941716602146595,1.7369139292442135e-08,13.0,2086.023388671875,42.995582979928265,360.0654421355289,611.4357804532033,0.0
2458020.353819292,1612.2589419260094,0.8506391380855627,1400.5991542172096,1.4646116356751735,1400.5991542172096,1.4646116356751735,16.05138021311015,0.035853759811299,0.8051350925807358,8.278765628878494e-09,13.0,2358.564697265625,72.22125070333243,360.0654421355289,611.4357804532033,0.0
2458021.264199345,1618.7181479531334,0.523738590296521,1407.5688647802558,1.3092106036824829,1407.5688647802558,1.3092106036824829,16.1334955541305,0.035007837102952,0.7881231550422805,1.1386148100910462e-08,13.0,2606.440478515625,39.6914115767304,360.0654421355289,611.4357804532033,0.0
2458024.2386872573,1617.308199848345,1.2049976514509386,1406.0474811677764,1.7503025687964027,1406.0474811677764,1.7503025687964027,16.115571002883875,0.0375885443665381,0.6259710502946367,7.964340131368737e-09,13.0,14004.249609375,75.45365346863406,360.0654421355289,611.4357804532033,4.0
2458028.2844797974,0.0,0.0,0.0,0.0,0.0,0.0,0.0,0.0,0.0,0.0,13.0,0.0,0.0,0.0,0.0,5.0
2458032.255386229,1619.2947049238555,0.8926579735546002,1408.190990037162,1.526947075056158,1408.190990037162,1.526947075056158,16.140825274233812,0.0362113121930159,0.8214687591334576,1.5035827290740718e-08,13.0,3783.84453125,71.66434777366429,360.0654421355289,611.4357804532033,0.0
2458036.259397605,1620.8255688583051,0.5516835182351166,1409.842846084129,1.335347719179533,1409.842846084129,1.335347719179533,16.160287018216767,0.0351441313509385,0.683260817556891,1.7434483671768653e-08,13.0,1929.5428466796875,34.8653793100545,360.0654421355289,611.4357804532033,4.0
2458047.2626314773,1614.9925723012573,0.6571632687943351,1403.5488375717616,1.3572314634975537,1403.5488375717616,1.3572314634975537,16.086132625333022,0.0352616519303575,0.86107802939533,1.6926024476815062e-08,13.0,2386.51455078125,57.59154268253228,360.0654421355289,611.4357804532033,0.0
2458053.2660810044,1616.1898772617387,0.9441572113862932,1404.8407717499274,1.547346448061254,1404.8407717499274,1.547346448061254,16.101353862234657,0.0363320113894176,0.7762044572884771,8.290887645429927e-09,13.0,4646.57294921875,74.0885275676938,360.0654421355289,611.4357804532033,0.0
2458165.628898226,1621.013694296403,0.6117785801392085,1410.0458400508148,1.3666401697166541,1410.0458400508148,1.3666401697166541,16.162678641032198,0.0353106731327572,0.8175149243349404,1.4674070873366332e-08,13.0,4008.297705078125,47.27393665667471,360.0654421355289,611.4357804532033,0.0
2458244.5503346254,1622.5250324524077,0.9080321303740312,1411.6766270958494,1.5549227373114236,1411.6766270958494,1.5549227373114236,16.181892155441904,0.0363754955165414,0.3477499949885333,8.84658201772885e-09,13.0,2472.439599609376,28.24791190309881,360.0654421355289,611.4357804532033,0.0
2458244.569635066,1625.385548438934,0.8931856868436707,1414.7632244892934,1.5615395922544202,1414.7632244892934,1.5615395922544202,16.218257653730902,0.0364142377095813,0.3442450349028016,9.961576717864903e-09,13.0,1974.5130371093749,26.4198836273049,360.0654421355289,611.4357804532033,0.0
2458244.6371524567,0.0,0.0,0.0,0.0,0.0,0.0,0.0,0.0,0.0,0.0,13.0,0.0,0.0,0.0,0.0,5.0
2458244.680648196,0.0,0.0,0.0,0.0,0.0,0.0,0.0,0.0,0.0,0.0,13.0,0.0,0.0,0.0,0.0,5.0
2458245.376903666,1623.874430364682,0.9782561562720937,1413.132674920215,1.6112002240875567,1413.132674920215,1.6112002240875567,16.19904693720195,0.0367136174664649,0.287135977112826,5.686211440382431e-09,13.0,766.79150390625,24.245849840455392,360.0654421355289,611.4357804532033,0.0
2458245.38150642,1620.607240713845,0.9862763227551413,1409.6072623346308,1.5992928192109992,1409.6072623346308,1.5992928192109992,16.157511430944684,0.0366419564473661,0.2947733045588092,9.1184724924111e-09,13.0,828.5796875,26.344589883017807,360.0654421355289,611.4357804532033,0.0
2458245.387137588,1622.2533289928872,0.8367011326993805,1411.3834495034516,1.5060406101612533,1411.3834495034516,1.5060406101612533,16.178438012294706,0.036088935152948,0.3242097655922994,6.855023112475395e-09,13.0,815.2649536132812,23.73230544904461,360.0654421355289,611.4357804532033,0.0
2458245.394157284,0.0,0.0,0.0,0.0,0.0,0.0,0.0,0.0,0.0,0.0,13.0,0.0,0.0,0.0,0.0,5.0
2458245.3975464413,0.0,0.0,0.0,0.0,0.0,0.0,0.0,0.0,0.0,0.0,13.0,0.0,0.0,0.0,0.0,5.0
2458245.4010269926,0.0,0.0,0.0,0.0,0.0,0.0,0.0,0.0,0.0,0.0,13.0,0.0,0.0,0.0,0.0,5.0
2458245.404493001,0.0,0.0,0.0,0.0,0.0,0.0,0.0,0.0,0.0,0.0,13.0,0.0,0.0,0.0,0.0,5.0
2458245.407971752,0.0,0.0,0.0,0.0,0.0,0.0,0.0,0.0,0.0,0.0,13.0,0.0,0.0,0.0,0.0,5.0
2458245.411440575,0.0,0.0,0.0,0.0,0.0,0.0,0.0,0.0,0.0,0.0,13.0,0.0,0.0,0.0,0.0,5.0
2458245.414915477,0.0,0.0,0.0,0.0,0.0,0.0,0.0,0.0,0.0,0.0,13.0,0.0,0.0,0.0,0.0,5.0
2458245.41839352,0.0,0.0,0.0,0.0,0.0,0.0,0.0,0.0,0.0,0.0,13.0,0.0,0.0,0.0,0.0,5.0
2458245.421856613,0.0,0.0,0.0,0.0,0.0,0.0,0.0,0.0,0.0,0.0,13.0,0.0,0.0,0.0,0.0,5.0
2458245.425334478,0.0,0.0,0.0,0.0,0.0,0.0,0.0,0.0,0.0,0.0,13.0,0.0,0.0,0.0,0.0,5.0
2458245.428797099,0.0,0.0,0.0,0.0,0.0,0.0,0.0,0.0,0.0,0.0,13.0,0.0,0.0,0.0,0.0,5.0
2458245.432624212,0.0,0.0,0.0,0.0,0.0,0.0,0.0,0.0,0.0,0.0,13.0,0.0,0.0,0.0,0.0,5.0
2458245.435748233,0.0,0.0,0.0,0.0,0.0,0.0,0.0,0.0,0.0,0.0,13.0,0.0,0.0,0.0,0.0,5.0
2458245.43921886,1623.5125084652964,1.2233257020742954,1412.7421484569697,1.793782882072428,1412.7421484569697,1.793782882072428,16.19444585464382,0.0378707232048416,0.3386435033717861,7.026370686246997e-09,13.0,2069.197412109375,37.71013567359138,360.0654421355289,611.4357804532033,0.0
2458245.4426962445,1622.4064338947253,0.9353344891265729,1411.5486550793557,1.5729962008200593,1411.5486550793557,1.5729962008200593,16.180384421988638,0.036483224870217,0.3398746505075404,8.50066171376085e-09,13.0,2082.976708984375,28.53660061613636,360.0654421355289,611.4357804532033,0.0
2458245.4457722,1621.994707739213,1.0604993692875537,1411.1043880714428,1.6607381816174576,1411.1043880714428,1.6607381816174576,16.175150182126192,0.0370191433711886,0.342246038993291,6.3069505923525025e-09,13.0,2124.353564453125,33.25273485618173,360.0654421355289,611.4357804532033,0.0
2458245.4496421674,1622.037967206766,0.9547972872144042,1411.1510665589667,1.5845415579736708,1411.1510665589667,1.5845415579736708,16.175700136085783,0.036552586726812,0.3425523780682741,8.379414522913055e-09,13.0,2154.216455078125,29.619702841910208,360.0654421355289,611.4357804532033,0.0
2458245.452861729,1620.9266347283626,1.1257359111003218,1409.9518997138086,1.7046972605519581,1409.9518997138086,1.7046972605519581,16.161571860092145,0.037295698404931,0.3353026055147211,7.562227357148668e-09,13.0,2166.185302734375,35.14908399886148,360.0654421355289,611.4357804532033,0.0
2458245.522762181,1623.8916150018172,1.3862865102115978,1413.1512177483053,1.9286304816481017,1413.1512177483053,1.9286304816481017,16.19926540404334,0.038779667783315,0.3054807944245463,6.535268539292041e-09,13.0,2586.34697265625,38.52199241312813,360.0654421355289,611.4357804532033,0.0
2458245.6629959457,1623.0836737885857,0.7342740877389605,1412.2794207527422,1.4475312633332897,1412.2794207527422,1.4475312633332897,16.188994115595474,0.0357548709580163,0.8839341141937443,1.1051610812987111e-08,13.0,6746.7935546875,60.664711636664585,360.0654421355289,611.4357804532033,0.0
2458248.3703063037,1622.2288554484012,0.7996651714155607,1411.3570416878772,1.4822860094410797,1411.3570416878772,1.4822860094410797,16.178126882189392,0.0359521628495423,0.357551475938636,8.158379527061273e-09,13.0,865.4521484375,25.30724823686577,360.0654421355289,611.4357804532033,0.0
2458248.5540916105,1621.2011825065017,0.9336137668893302,1410.248146426071,1.5652290504018904,1410.248146426071,1.5652290504018904,16.16506216282186,0.0364370785216338,0.3799498526393473,1.639073782891417e-08,13.0,787.0006103515625,32.753961026575055,360.0654421355289,611.4357804532033,0.0
2458248.561047844,1621.7797008752725,0.6455494178988733,1410.87238810048,1.3892854016380984,1410.87238810048,1.3892854016380984,16.17241681801301,0.0354329608554623,0.377286580749858,1.4726937232154467e-08,13.0,793.4003540039063,20.96181401459417,360.0654421355289,611.4357804532033,0.0
2458248.6088403044,1619.3136455345734,0.845211867580568,1408.2114276225304,1.495281299753236,1408.2114276225304,1.495281299753236,16.141066064619157,0.036027414488252,0.2950634922311657,1.2565200291873346e-08,13.0,853.13603515625,22.41176476778732,360.0654421355289,611.4357804532033,0.0
2458248.647842827,1619.6741603436612,0.8314117457304598,1408.6004357858378,1.4881934828222094,1408.6004357858378,1.4881934828222094,16.145649258957103,0.0359865746351595,0.2875843971859588,1.3540307128404121e-08,13.0,982.2073974609376,21.231340333952176,360.0654421355289,611.4357804532033,0.0
2458249.3877370623,0.0,0.0,0.0,0.0,0.0,0.0,0.0,0.0,0.0,0.0,13.0,0.0,0.0,0.0,0.0,5.0
2458249.6135519724,1641.7278325560494,5.974382057629468,1432.3971240362396,6.590498407707644,1432.3971240362396,6.590498407707644,16.426015732307892,0.0837643265818868,0.0557554415174642,6.101710411412093e-09,13.0,1779.9165771484377,23.96471727329671,360.0654421355289,611.4357804532033,4.0
2458249.660658689,1611.1240814700009,3.314089379083445,1399.37459985641,3.7518390704390185,1399.37459985641,3.7518390704390185,16.036952827923145,0.0542372304812301,0.0773424026958537,8.717145102188475e-09,13.0,2129.227734375,25.776486435724674,360.0654421355289,611.4357804532033,4.0
2458251.6463890783,1619.0384775613845,0.5156534093514396,1407.9145116979885,1.3074042351568707,1407.9145116979885,1.3074042351568707,16.137567877402113,0.0349983917653892,0.8007763994049615,9.542714064853392e-09,13.0,2447.428759765625,39.495369953955866,360.0654421355289,611.4357804532033,0.0
2458252.5170176453,1619.0205414508505,0.49666313941881973,1407.8951580036614,1.2987064234471435,1407.8951580036614,1.2987064234471435,16.13733985714284,0.0349534154993351,0.8933329109003634,1.0676557820609848e-08,13.0,1932.3367919921875,42.669031038755854,360.0654421355289,611.4357804532033,0.0
2458252.6311107883,1618.890405621846,0.5883555285561406,1407.7547368654853,1.3417952516119305,1407.7547368654853,1.3417952516119305,16.135685451333085,0.0351786376183591,0.8709622507766391,1.1014558819167257e-08,13.0,2279.81611328125,49.75199793352867,360.0654421355289,611.4357804532033,0.0
2458255.550055437,1619.3326693191848,0.5015168571806561,1408.2319549554545,1.302785502075092,1408.2319549554545,1.302785502075092,16.141307912387166,0.0349744088254235,0.9074443270201502,1.1134858801573852e-08,13.0,2280.639990234375,43.67954412494979,360.0654421355289,611.4357804532033,0.0
2458256.570790551,1619.807751801542,0.46712492669929134,1408.7445856691531,1.290780108188761,1408.7445856691531,1.290780108188761,16.14734759588508,0.0349124569449632,0.8885417165456275,1.1013379260998691e-08,13.0,2153.416796875,39.25450536962493,360.0654421355289,611.4357804532033,0.0
2458275.5782391657,1621.6515231071512,0.5734401001308128,1410.7340797788913,1.3511406114031332,1410.7340797788913,1.3511406114031332,16.170787304866007,0.0352276385241601,0.902100950881998,7.103750232629679e-09,13.0,2748.357373046875,48.66647411170446,360.0654421355289,611.4357804532033,0.0
2458276.3826346206,1621.9565278814157,0.43559337335019477,1411.0631906615647,1.2918416024276858,1411.0631906615647,1.2918416024276858,16.174664804816658,0.0349174276385167,0.8537036731288431,8.28910201678189e-09,13.0,1889.1637939453128,33.82525824623803,360.0654421355289,611.4357804532033,0.0
2458276.466373237,1618.3752590923887,0.614378513603877,1407.1988756353587,1.3523237095338398,1407.1988756353587,1.3523237095338398,16.129136436986084,0.0352346726989855,0.8247064878769177,8.717192086492815e-09,13.0,2174.8261230468747,49.32729745147712,360.0654421355289,611.4357804532033,0.0
2458277.3799642385,1646.9277347941859,17.139995218464303,1438.0080015038009,18.549149529473354,1438.0080015038009,18.549149529473354,16.492121650552928,0.2207885309909516,0.0160938777880121,7.622189889866442e-09,13.0,874.2605834960937,17.819389020766497,360.0654421355289,611.4357804532033,6.0
2458277.5645917086,1622.8351469612933,0.6348467980099372,1412.0112515619612,1.3901317253234975,1412.0112515619612,1.3901317253234975,16.185834615017512,0.0354373415512629,0.7244711024173687,7.297573801370537e-09,13.0,2147.1578125,42.23430658264626,360.0654421355289,611.4357804532033,0.0
2458278.3772553224,1623.7430784904427,1.0719135784866245,1412.9909416264468,1.6784406363910525,1412.9909416264468,1.6784406363910525,16.197377071911777,0.0371294474945763,0.3679628090678627,9.617395003707597e-09,13.0,1704.490576171875,35.63730682948612,360.0654421355289,611.4357804532033,4.0
2458278.511707504,1618.450770625301,0.6042521808792504,1407.280355236158,1.3474375003904873,1407.280355236158,1.3474375003904873,16.130096408730285,0.0352086611691999,0.8053422872567948,1.0127781999351584e-08,13.0,2119.516748046875,47.19049434797888,360.0654421355289,611.4357804532033,0.0
2458281.533399981,1620.6775216621984,0.4375176007329764,1409.6830979506585,1.2842118904091055,1409.6830979506585,1.2842118904091055,16.15840490670889,0.0348786221360576,0.8957037528812362,9.69030691013899e-09,13.0,1794.5246337890624,36.5104353339284,360.0654421355289,611.4357804532033,0.0
2458282.366727623,1622.6392287270821,0.5586153800355255,1411.7998488940877,1.3502225312483114,1411.7998488940877,1.3502225312483114,16.183343923042862,0.03522253813329,0.8395967183453995,8.694976657507388e-09,13.0,1847.4439697265625,43.19918966715159,360.0654421355289,611.4357804532033,0.0
2458292.2573339967,1622.9680471732172,0.6223374761072361,1412.1546555665677,1.3843759083387521,1412.1546555665677,1.3843759083387521,16.187524164193984,0.0354060227543233,0.836051996424001,7.90241709408414e-09,13.0,3825.030078125,48.1186322758207,360.0654421355289,611.4357804532033,0.0
2458292.3205451025,1622.9553185400819,0.8297627519309098,1412.140920923572,1.50564504887045,1412.140920923572,1.50564504887045,16.18736234615531,0.0360864967221778,0.8737432322173685,1.346960371872654e-08,13.0,3382.087255859375,68.1002986630285,360.0654421355289,611.4357804532033,0.0
2458292.335195611,1622.7892762005,0.6654237624344976,1411.9617553971539,1.4063965772083256,1411.9617553971539,1.4063965772083256,16.185251463907356,0.0355263231143085,0.8788496641420804,5.7104326162863435e-09,13.0,3167.443505859376,54.58178467879466,360.0654421355289,611.4357804532033,0.0
2458292.4291676264,1621.7012132594039,0.5265258903620491,1410.7876972014622,1.3290391979443648,1410.7876972014622,1.3290391979443648,16.171419011577385,0.0351107286632172,0.8903183535090644,6.899651121245284e-09,13.0,2156.3494140625,43.74237241537242,360.0654421355289,611.4357804532033,0.0
2458292.438991618,1621.1856527619295,0.5500335451735456,1410.2313892852803,1.3368134844516864,1410.2313892852803,1.3368134844516864,16.16486473448993,0.0351517860126646,0.8938282765060199,8.274352865843701e-09,13.0,2142.605126953125,46.37054924136684,360.0654421355289,611.4357804532033,0.0
2458292.4539471027,1620.727634950221,0.5977409809711862,1409.7371719516148,1.3576307505439087,1409.7371719516148,1.3576307505439087,16.159041992709614,0.0352624607117004,0.8925986032556337,7.249568832196795e-09,13.0,3153.1787109375,50.77286959845775,360.0654421355289,611.4357804532033,0.0
2458292.5442784973,1621.8184171617543,0.5366575276819621,1410.914164335783,1.3345002228160232,1410.914164335783,1.3345002228160232,16.17290901489513,0.0351394442648568,0.8601042021874564,9.984709888398054e-09,13.0,3006.25283203125,42.92034283233639,360.0654421355289,611.4357804532033,0.0
2458292.5602166457,1621.1301510886078,0.6326921038726774,1410.171501027003,1.3783914292612325,1410.171501027003,1.3783914292612325,16.164159146401715,0.0353739945157671,0.8440963821311956,1.3218069849327502e-08,13.0,1864.6232421875,50.51201054329344,360.0654421355289,611.4357804532033,0.0
2458300.3764654133,1627.8911623896454,1.6196376705271052,1417.4668700992738,2.147600751275207,1417.4668700992738,2.147600751275207,16.25011131239483,0.0403448002129781,0.859760633652937,4.849173374130348e-09,13.0,14712.9923828125,125.4906922585637,360.0654421355289,611.4357804532033,0.0
2458303.3902546847,1623.7336686967565,0.5269435025355185,1412.9807881279846,1.342568518277199,1412.9807881279846,1.342568518277199,16.197257445998883,0.0351816687940429,0.8844427816798951,1.1192237691700553e-08,13.0,2415.43828125,42.374625916265735,360.0654421355289,611.4357804532033,0.0
2458304.460700609,1621.2733980302546,0.5924952590292644,1410.3260695170202,1.3583205626845298,1410.3260695170202,1.3583205626845298,16.165980232679832,0.0352660278188312,0.8939029519809208,1.5124369948986788e-08,13.0,1990.19501953125,50.051202385508375,360.0654421355289,611.4357804532033,0.0
2458305.310702689,1621.2156620800047,0.4690108253765497,1410.2637703953271,1.3005549056024963,1410.2637703953271,1.3005549056024963,16.165246240417623,0.0349624602908281,0.8742056930730737,1.4376615815818271e-08,13.0,1814.978173828125,38.02644212671997,360.0654421355289,611.4357804532033,0.0
2458306.3011274,1622.122816982471,0.5738150497426615,1411.2426224522958,1.3543141882257854,1411.2426224522958,1.3543141882257854,16.176778824122415,0.0352444479485774,0.8698871337782446,9.884395610352756e-09,13.0,1696.940112304687,46.53280471999968,360.0654421355289,611.4357804532033,0.0
2458308.299214352,1622.350740707426,0.5555320874531732,1411.4885601707585,1.3468751054693917,1411.4885601707585,1.3468751054693917,16.179676399199398,0.0352048057857493,0.8560811559781671,9.368759781255337e-09,13.0,1680.6786376953123,44.09604649365246,360.0654421355289,611.4357804532033,0.0
2458310.2902359487,1623.5104213336256,0.5532569418221414,1412.7398963684636,1.3533583925586596,1412.7398963684636,1.3533583925586596,16.19441932111506,0.035239054097618,0.8458995609878702,7.314409543696641e-09,13.0,1789.35458984375,42.68796728369556,360.0654421355289,611.4357804532033,0.0
2458320.262301332,1623.2954823414548,0.6606725983693311,1412.5079696335283,1.406970128761025,1412.5079696335283,1.406970128761025,16.19168681984995,0.0355293682285595,0.8439132613909655,8.809062144556075e-09,13.0,3220.543505859375,51.64389164898501,360.0654421355289,611.4357804532033,0.0
2458673.493156136,1621.1809935275849,0.4545654365139829,1410.226361807493,1.2943436618215025,1410.226361807493,1.2943436618215025,16.16480550203698,0.0349304580278229,1.45775852301556,1.3661114996098104e-08,13.0,2307.1803222656254,63.13584732633991,360.0654421355289,611.4357804532033,0.0
2458674.293169077,1620.8649099766697,0.5162602005692969,1409.8852965350172,1.31900098472935,1409.8852965350172,1.31900098472935,16.16078715853388,0.0350583288533886,1.4356562897230265,1.0916329114666992e-08,13.0,2814.68212890625,70.97083377961745,360.0654421355289,611.4357804532033,0.0
2458700.2824814324,1621.088875054403,0.47875085580733495,1410.1269627338465,1.3038628624172754,1410.1269627338465,1.3038628624172754,16.16363440766286,0.0349795866123731,1.4602818572962173,1.4585149010188148e-08,13.0,2079.536474609375,66.64981322027215,360.0654421355289,611.4357804532033,0.0
2458702.3185701845,1622.387714364471,0.5296719326149985,1411.5284560475857,1.3349307348743802,1411.5284560475857,1.3349307348743802,16.180146442180572,0.0351415904059125,1.4919642425273354,1.2190170633227544e-08,13.0,2229.05947265625,74.64621609630649,360.0654421355289,611.4357804532033,0.0
2458705.3352435925,1622.1226892886034,0.548085389208721,1411.24248466612,1.3418477584962516,1411.24248466612,1.3418477584962516,16.176777200761048,0.0351781966077489,1.495102969021265,9.029288905672109e-09,13.0,6787.02880859375,77.80445810660204,360.0654421355289,611.4357804532033,0.0
2458710.252768423,1624.5433939250063,0.9685280221241959,1413.8545101385234,1.6081345046700732,1413.8545101385234,1.6081345046700732,16.20755141447912,0.0366948204304186,1.4840057846877963,1.0027014942468962e-08,13.0,15264.4458984375,134.10697309672076,360.0654421355289,611.4357804532033,0.0
2458710.315049884,1619.7288568933013,0.6966902354083342,1408.6594552873337,1.4056699779857798,1408.6594552873337,1.4056699779857798,16.146344611575895,0.0355229975172769,1.484370767719232,7.95288435345273e-09,13.0,4970.760546875,101.22529306783338,360.0654421355289,611.4357804532033,0.0
2458711.294911447,1618.6435242237603,0.48084115664204735,1407.488343150711,1.2894517603656992,1407.488343150711,1.2894517603656992,16.132546868957746,0.0349059088133215,1.4476793560506316,1.2988401923848741e-08,13.0,4754.6416015625,68.3795324632332,360.0654421355289,611.4357804532033,0.0
2458712.329617274,1619.5081921082253,0.6899660492310058,1408.4213502203995,1.4005332741552547,1408.4213502203995,1.4005332741552547,16.143539318788886,0.0354948723858529,1.3850095265605415,1.1400741276155592e-08,13.0,4582.35888671875,93.6838423402121,360.0654421355289,611.4357804532033,0.0
2458713.2776971417,1620.1458238714235,0.5141152557219085,1409.1093773272346,1.313508724400337,1409.1093773272346,1.313508724400337,16.151645477573812,0.0350298545463801,1.3267188505454364,1.1165733492471751e-08,13.0,3352.713330078125,65.87476671630284,360.0654421355289,611.4357804532033,0.0
2458715.2213979037,1621.6219202425411,0.45214084401922155,1410.7021372464328,1.2962379720167077,1410.7021372464328,1.2962379720167077,16.170410966146893,0.0349401099240457,1.4469405857290678,6.6417833542065844e-09,13.0,3223.712548828125,61.86398498153558,360.0654421355289,611.4357804532033,0.0
2458720.331608325,1620.5598209408322,0.39765879139481547,1409.5560947311394,1.2682624515778715,1409.5560947311394,1.2682624515778715,16.156908587372932,0.0347975446433765,1.4027765784042907,6.548781122640016e-09,13.0,2101.979638671875,53.05219814973368,360.0654421355289,611.4357804532033,0.0
2458721.2271488667,1620.7906032475473,0.4538087261696724,1409.8051169598978,1.2915059629893884,1409.8051169598978,1.2915059629893884,16.159842503358565,0.034915961934419,1.388261385536073,1.0604850861889697e-08,13.0,2390.388134765625,60.04000158005066,360.0654421355289,611.4357804532033,0.0
2458724.241694077,1621.0423405512718,0.451097297157885,1410.0767503677048,1.2920288745127815,1410.0767503677048,1.2920288745127815,16.163042818452396,0.0349185911653562,1.413842032857536,9.143649230882968e-09,13.0,2218.8935546875,60.58632929020845,360.0654421355289,611.4357804532033,0.0
2458725.330755036,1620.2535617076792,0.5116321151594918,1409.2256302431865,1.3130519152127447,1409.2256302431865,1.3130519152127447,16.153015139592295,0.0350274530419794,1.4245766639350592,6.0456124560201185e-09,13.0,2046.999658203125,70.29703288346967,360.0654421355289,611.4357804532033,0.0
2458730.263355776,1620.1965308380895,0.4713860741186639,1409.1640919283336,1.2950314964721468,1409.1640919283336,1.2950314964721468,16.15229011096101,0.0349342166146985,1.4466171790186375,9.225091227419189e-09,13.0,2826.0802734375,65.78806765381972,360.0654421355289,611.4357804532033,0.0
2458686.28140584,0.0,0.0,0.0,0.0,0.0,0.0,0.0,0.0,0.0,0.0,0.0,0.0,0.0,0.0,0.0,0.0
2458687.359370948,0.0,0.0,0.0,0.0,0.0,0.0,0.0,0.0,0.0,0.0,0.0,0.0,0.0,0.0,0.0,0.0
2458690.319398819,0.0,0.0,0.0,0.0,0.0,0.0,0.0,0.0,0.0,0.0,0.0,0.0,0.0,0.0,0.0,0.0
2458691.239322507,0.0,0.0,0.0,0.0,0.0,0.0,0.0,0.0,0.0,0.0,0.0,0.0,0.0,0.0,0.0,0.0
2458692.2359629823,0.0,0.0,0.0,0.0,0.0,0.0,0.0,0.0,0.0,0.0,0.0,0.0,0.0,0.0,0.0,0.0
2458692.4018155043,0.0,0.0,0.0,0.0,0.0,0.0,0.0,0.0,0.0,0.0,0.0,0.0,0.0,0.0,0.0,0.0
2458693.2325073606,0.0,0.0,0.0,0.0,0.0,0.0,0.0,0.0,0.0,0.0,0.0,0.0,0.0,0.0,0.0,0.0
2458697.22176838,0.0,0.0,0.0,0.0,0.0,0.0,0.0,0.0,0.0,0.0,0.0,0.0,0.0,0.0,0.0,0.0
2458686.2853442347,0.0,0.0,0.0,0.0,0.0,0.0,0.0,0.0,0.0,0.0,0.0,0.0,0.0,0.0,0.0,0.0
2458687.363336373,0.0,0.0,0.0,0.0,0.0,0.0,0.0,0.0,0.0,0.0,0.0,0.0,0.0,0.0,0.0,0.0
2458690.3233370697,0.0,0.0,0.0,0.0,0.0,0.0,0.0,0.0,0.0,0.0,0.0,0.0,0.0,0.0,0.0,0.0
2458691.243268137,0.0,0.0,0.0,0.0,0.0,0.0,0.0,0.0,0.0,0.0,0.0,0.0,0.0,0.0,0.0,0.0
2458692.2399123167,0.0,0.0,0.0,0.0,0.0,0.0,0.0,0.0,0.0,0.0,0.0,0.0,0.0,0.0,0.0,0.0
2458692.405769706,0.0,0.0,0.0,0.0,0.0,0.0,0.0,0.0,0.0,0.0,0.0,0.0,0.0,0.0,0.0,0.0
2458693.2364349067,0.0,0.0,0.0,0.0,0.0,0.0,0.0,0.0,0.0,0.0,0.0,0.0,0.0,0.0,0.0,0.0
2458697.2257099785,0.0,0.0,0.0,0.0,0.0,0.0,0.0,0.0,0.0,0.0,0.0,0.0,0.0,0.0,0.0,0.0
2458686.289289057,1538.2180995105132,0.32270502104991966,1374.6499704831854,0.9613748109995869,1374.6499704831854,0.9613748109995869,16.07814938811324,0.023166654517133,0.989459653124365,1.2295021066510976e-08,13.0,2196.511328125,69.67614417043607,391.4647325960752,616.579971903916,0.0
2458687.366476315,1538.2256078080898,0.5843028784688842,1374.6595722659533,1.1455596626863622,1374.6595722659533,1.1455596626863622,16.07825740006503,0.0242032960188365,0.1840295975276361,1.2233363797831898e-08,13.0,387.6562927246093,21.9922806075891,391.4647325960752,616.579971903916,0.0
2458690.3272815244,1538.8875117826378,0.3444516072282109,1375.5060302161971,0.975283870627171,1375.5060302161971,0.975283870627171,16.087779337555283,0.0232372355452981,0.9404634688849264,1.22417298768365e-08,13.0,2306.77958984375,70.10259348492289,391.4647325960752,616.579971903916,0.0
2458691.2472144035,1541.2419816589215,0.040672383275300025,1378.5169801757363,0.8791749427885373,1378.5169801757363,0.8791749427885373,16.12164998321792,0.0227366178312822,0.9999775908631684,8.513087004331293e-09,13.0,1987.2510986328125,0.1448681059773129,391.4647325960752,616.579971903916,0.0
2458692.243852184,1541.5120575598685,0.3893324650167445,1378.8623594185203,1.009860078872425,1378.8623594185203,1.009860078872425,16.125535208183056,0.0234124176077989,0.7845922710737188,1.0441867032647149e-08,13.0,1969.1851074218748,64.01662706350037,391.4647325960752,616.579971903916,0.0
2458692.4097199533,1539.2993364094282,0.3372888784908566,1376.0326809734918,0.9722555327255566,1376.0326809734918,0.9722555327255566,16.09370371405705,0.0232194136380195,0.7693353113574699,9.034482204503502e-09,13.0,1859.0306640625,55.643197592372445,391.4647325960752,616.579971903916,0.0
2458693.240378745,1542.0676711230062,0.40048011306074677,1379.5728907582097,1.0187216475497882,1379.5728907582097,1.0187216475497882,16.13352808603296,0.0234586733589004,0.8064315467671105,1.0039277530922565e-08,13.0,2008.5622070312504,67.39442706873568,391.4647325960752,616.579971903916,0.0
2458697.229659527,1542.5049576542872,0.2783684745869424,1380.1321027816598,0.9513956375164836,1380.1321027816598,0.9513956375164836,16.13981874929576,0.0230963435866167,0.9923658777009544,1.1454345310273837e-08,13.0,2250.99912109375,57.14679493333477,391.4647325960752,616.579971903916,0.0
2458205.652798068,1767.448870344079,1.4435410828527042,1583.045179239426,1.4684834025137836,1583.045179239426,1.4684834025137836,17.865751403991393,0.0442089024599831,0.8356367449681895,5.2948316466988484e-09,13.0,1234.2273193359374,29.91935333530536,384.49984065234185,646.767773092352,0.0
2458223.52255063,1761.3200098753587,1.1714375559354817,1576.8104208514956,1.1916783168879772,1576.8104208514956,1.1916783168879772,17.79753813033026,0.0432010032835104,0.8697211326527977,4.274680146123183e-09,13.0,1012.563525390625,26.82768123209104,384.49984065234185,646.767773092352,0.0
2458224.5194690176,1817.3415533422408,27.793859567347045,1633.7999362463368,28.274097600180696,1633.7999362463368,28.274097600180696,18.421049286266868,0.3120712259312295,0.0454930481710114,5.596212027758133e-09,13.0,636.650146484375,17.529322950198612,384.49984065234185,646.767773092352,4.0
2458229.6193792643,1760.2198977958035,1.2616042497688098,1575.6913004129283,1.2834029618784253,1575.6913004129283,1.2834029618784253,17.785294052214333,0.0435144859535187,0.9926213214811904,4.973932172100248e-09,13.0,1003.7222045898436,33.983860956083475,384.49984065234185,646.767773092352,0.0
2458230.665573424,1762.9666121862494,0.9635722972066691,1578.4854740888488,0.9802214445977394,1578.4854740888488,0.9802214445977394,17.815864560605046,0.0425598428308255,1.016137111838055,5.9457395443225214e-09,13.0,1111.2020751953123,25.20525281093777,384.49984065234185,646.767773092352,0.0
2458231.498728465,1764.1668884225367,0.29966923246375976,1579.7064893771255,0.3048470870308927,1579.7064893771255,0.3048470870308927,17.8292234503681,0.041321216379367,1.0000005711410378,4.845391852773984e-09,13.0,975.1843627929688,0.0192865744083953,384.49984065234185,646.767773092352,0.0
2458333.3159887022,1767.7285980629035,1.0838640119267915,1583.3297402520602,1.102591627632188,1583.3297402520602,1.102591627632188,17.868864730446152,0.0429164105422484,0.9300215821096453,3.3432940459845253e-09,13.0,929.162646484375,24.37711241409468,384.49984065234185,646.767773092352,0.0
2458334.3507070728,1765.9436070995846,1.7063668924892783,1581.5139072048378,1.7358504652099302,1581.5139072048378,1.7358504652099302,17.84899805577068,0.0453540316821425,0.6296424659861046,6.862610850832025e-09,13.0,858.8929321289062,26.829763077589217,384.49984065234185,646.767773092352,4.0
2458353.249066632,1776.090261408799,3.642386783814336,1591.8358811487165,3.7053220037192856,1591.8358811487165,3.7053220037192856,17.96192875645669,0.057790011185886,0.9481011206643394,3.193601405893066e-09,13.0,11478.538671875,81.26072514229439,384.49984065234185,646.767773092352,0.0
2458354.3507838915,1801.1609490662465,4.96345336341829,1617.3397543338256,5.049214719214657,1617.3397543338256,5.049214719214657,18.240961651197654,0.0689056878720805,0.933189499732018,5.405566078015799e-09,13.0,17404.896484375,83.68748864900145,384.49984065234185,646.767773092352,0.0
2458359.3440173524,1763.4358606254877,1.524543630426333,1578.9628304681444,1.5508855579398908,1578.9628304681444,1.5508855579398908,17.82108722350692,0.0445447501176274,0.898948285588422,5.123918618756847e-09,13.0,1872.344213867188,35.927666405615305,384.49984065234185,646.767773092352,0.0
2458366.2266469877,1765.4586199325486,1.6966020896086094,1581.0205401550977,1.7259169405396457,1581.0205401550977,1.7259169405396457,17.843600223250906,0.0453086640064521,0.7375469058022065,5.273113255724346e-09,13.0,1100.635009765625,31.948785721833733,384.49984065234185,646.767773092352,0.0
2458392.2378212907,1763.777473476894,1.179034271101717,1579.3103458997007,1.1994062923974753,1579.3103458997007,1.1994062923974753,17.824889321961948,0.0432263896271141,0.8727865773467286,6.341078712860006e-09,13.0,1138.421533203125,26.27043198612295,384.49984065234185,646.767773092352,0.0
2457959.26848149,1687.708821956157,1.140357655127976,1434.8086000166934,1.5175659870933649,1434.8086000166934,1.5175659870933649,16.130508782485467,0.0282840856682503,0.2796610968029843,6.715749345899614e-09,13.0,411.8062744140625,19.20461995010943,387.1172536777629,643.6353001847515,0.0
2457917.584255421,1718.2068847762987,1.9965318478068474,1467.6357716866537,2.4240300543661237,1467.6357716866537,2.4240300543661237,16.467917541268722,0.0343116920295152,0.7903118643284902,2.420760285195281e-09,13.0,9644.559472656249,75.12934308341522,387.1172536777629,643.6353001847515,0.0
2457959.2140675774,1694.908767193494,0.9449279946381045,1442.5583984125524,1.3852592067848908,1442.5583984125524,1.3852592067848908,16.210163828124397,0.0275566823564418,0.2811785401318997,6.424858449129182e-09,13.0,594.7248168945312,13.856755983894622,387.1172536777629,643.6353001847515,0.0
2457917.6440747976,1706.8743893794517,1.5936794406282833,1455.437824097812,2.0004690685406348,1455.437824097812,2.0004690685406348,16.34254291572885,0.0312946862888359,0.7731433966721566,2.0365036307374667e-09,13.0,9639.78701171875,65.93562050943392,387.1172536777629,643.6353001847515,0.0
2457959.426954712,1696.871667702737,0.9888417876818304,1444.6712038181956,1.4295365538150342,1444.6712038181956,1.4295365538150342,16.23187995574683,0.0277943527437882,0.2870404960743171,5.429598581531461e-09,13.0,389.5133392333984,14.69721320978001,387.1172536777629,643.6353001847515,0.0
2457918.431209703,1699.069407602041,1.2918436849681205,1447.0367830809116,1.695502639204525,1447.0367830809116,1.695502639204525,16.256194178454205,0.0293312202496631,0.6659771279534772,3.439047070030021e-09,13.0,3680.226489257813,49.73823744992786,387.1172536777629,643.6353001847515,0.0
2457961.216593971,1695.8841351329156,0.8533086489943613,1443.608254299387,1.3194647988113841,1443.608254299387,1.3194647988113841,16.22095460154952,0.0272133253958551,0.3164313710177339,6.253348046667542e-09,13.0,594.2642944335937,13.889076972755053,387.1172536777629,643.6353001847515,0.0
2457918.4950431297,1694.3899389083074,0.6448665840037849,1441.9999476910937,1.1659698168392483,1441.9999476910937,1.1659698168392483,16.2044238829758,0.0264626216501048,0.6601544350236518,6.7004619984655995e-09,13.0,1735.2005493164063,24.588134263156213,387.1172536777629,643.6353001847515,0.0
2457961.241870827,1693.8165982102366,0.757816978099229,1441.3828214941966,1.2392054313942307,1441.3828214941966,1.2392054313942307,16.198080851471257,0.0268119823321947,0.3202431084190066,6.337286564258512e-09,13.0,496.6141021728516,12.455748858589754,387.1172536777629,643.6353001847515,0.0
2457918.644912304,1696.077107288391,1.3904903379342128,1443.8159635598965,1.772012702949135,1443.8159635598965,1.772012702949135,16.223089507489053,0.0298054465512619,0.6619834182946516,6.721642753935877e-09,13.0,4223.151611328125,54.98570732137598,387.1172536777629,643.6353001847515,0.0
2457961.2695889114,1691.9275023871467,1.000843701711357,1439.3494571703263,1.4166722788676633,1439.3494571703263,1.4166722788676633,16.177181246120877,0.0277252079159965,0.325940837466213,2.726834493939757e-09,13.0,471.79108886718745,18.88231236456441,387.1172536777629,643.6353001847515,0.0
2457919.271156578,1694.4598365058846,0.7291768120661651,1442.0751833035495,1.2225426222163827,1442.0751833035495,1.2225426222163827,16.205197180013702,0.0267309762659122,0.6522419596310098,5.7448427594401704e-09,13.0,1551.808203125,27.78282979088254,387.1172536777629,643.6353001847515,0.0
2457961.4813785376,1693.8666067937143,0.7647053537174912,1441.4366491869407,1.2443569026506431,1441.4366491869407,1.2443569026506431,16.19863411067919,0.026837170318268,0.3188712095520139,4.280024333581372e-09,13.0,509.88671875,12.52625140562042,387.1172536777629,643.6353001847515,0.0
2457919.358336585,1696.5760319200551,0.7530895418123941,1444.3529906042252,1.2505107294657598,1444.3529906042252,1.2505107294657598,16.228609252847605,0.0268670778194841,0.7411032929893376,6.743970501943966e-09,13.0,2217.5790283203123,32.21715737779685,387.1172536777629,643.6353001847515,0.0
2457961.5290685077,1693.9637699594823,0.8674199991962094,1441.541232613812,1.3205688528745105,1441.541232613812,1.3205688528745105,16.199709054466755,0.0272191890730867,0.312059095777545,3.8017456897515224e-09,13.0,531.0003417968751,14.468772624032892,387.1172536777629,643.6353001847515,0.0
2457919.39672299,1693.2995293657013,0.7019055149654745,1440.826264580241,1.1976888254234446,1440.826264580241,1.1976888254234446,16.192360371515864,0.0266119766263628,0.7369651254065314,3.816401056030199e-09,13.0,2467.390185546875,30.903768840578092,387.1172536777629,643.6353001847515,0.0
2457966.397733604,1703.389785100784,2.6181558433966363,1451.687103813303,2.991058786294522,1451.687103813303,2.991058786294522,16.30399174572668,0.0387522671316658,0.2246998416055682,5.7388741688509165e-09,13.0,2457.7853515625,31.803546948423463,387.1172536777629,643.6353001847515,4.0
2457919.428972504,1693.4708786618112,0.6518918223143243,1441.0106996636139,1.165417608816814,1441.0106996636139,1.165417608816814,16.19425605760124,0.0264601551087575,0.7511422218439603,4.8520950554278946e-09,13.0,2446.1466796875,29.121995490487905,387.1172536777629,643.6353001847515,0.0
2457966.435136967,1698.5456496287616,5.929852800224008,1446.4730261956392,6.455450699240307,1446.4730261956392,6.455450699240307,16.250399694761615,0.0704210209606253,0.0883776347271204,6.297552032646233e-09,13.0,1865.982775878906,29.80754597772923,387.1172536777629,643.6353001847515,4.0
2457919.4377928763,1696.3462604923234,0.74543277347316,1444.1056717450722,1.2439368503022386,1444.1056717450722,1.2439368503022386,16.22606722607389,0.0268348431671543,0.7462478629086351,5.3676108775243535e-09,13.0,2454.2320068359377,32.260415886323806,387.1172536777629,643.6353001847515,0.0
2458205.6569166663,1692.6089525114915,0.7051029771646912,1440.082949010392,1.1962190775854293,1440.082949010392,1.1962190775854293,16.184720323011884,0.0266050704329601,0.9481272467301876,6.710500496097918e-09,13.0,2568.3521728515625,40.93620681157245,387.1172536777629,643.6353001847515,0.0
2457919.462436926,1694.521218634646,0.6050947347390981,1442.1412531287115,1.1417521333317,1442.1412531287115,1.1417521333317,16.205876267993776,0.0263508132496603,0.7437332290021277,3.49194234773453e-09,13.0,1241.8012817382812,26.16745302492185,387.1172536777629,643.6353001847515,0.0
2458212.4631295414,0.0,0.0,0.0,0.0,0.0,0.0,0.0,0.0,0.0,0.0,13.0,0.0,0.0,0.0,0.0,5.0
2457919.519795672,1693.684942887955,0.6248319744272833,1441.2411117767201,1.1493091140884204,1441.2411117767201,1.1493091140884204,16.19662431112833,0.0263855906791866,0.6945834679418025,5.8633451358549304e-09,13.0,1398.5827392578126,25.41357578726185,387.1172536777629,643.6353001847515,0.0
2458222.4477322963,1692.38191787589,0.8884664970333538,1439.8385759496553,1.3291473984050612,1439.8385759496553,1.3291473984050612,16.182208574149325,0.0272634398817469,0.293434329997749,6.565962356272752e-09,13.0,457.3530639648437,14.083824024680329,387.1172536777629,643.6353001847515,0.0
2457920.299691576,1693.7022790099613,0.5144249394858929,1441.2597718423292,1.0841616672356786,1441.2597718423292,1.0841616672356786,16.19681610558566,0.0260926720962223,0.7565347130319201,5.527745673293174e-09,13.0,1263.29013671875,22.44622065229572,387.1172536777629,643.6353001847515,0.0
2458222.496318109,1691.654281201464,0.9083635820874953,1439.055370335396,1.3412768299977662,1439.055370335396,1.3412768299977662,16.174158522294842,0.0273262056056022,0.2966170284210878,6.637712108236363e-09,13.0,450.0930145263672,15.010325496487814,387.1172536777629,643.6353001847515,0.0
2457920.352419193,1695.285533864331,0.507573068650742,1442.9639384055702,1.0899151958185684,1442.9639384055702,1.0899151958185684,16.214332105155894,0.0261178035086814,0.788945163808842,2.5643840044088353e-09,13.0,1083.9893066406248,22.66162798145623,387.1172536777629,643.6353001847515,0.0
2458222.5241020336,1683.3070113669132,1.3384233400359056,1430.0706272239988,1.680567394884583,1430.0706272239988,1.680567394884583,16.08181029773009,0.0292419497251402,0.257419906988257,2.2344508610213993e-09,13.0,480.1541107177735,22.383650336649296,387.1172536777629,643.6353001847515,0.0
2457920.3999710027,1694.273030921235,0.4978281975207058,1441.8741115491764,1.0785660059033064,1441.8741115491764,1.0785660059033064,16.20313049660425,0.0260680963533927,0.7920326123680858,2.423283274129147e-09,13.0,1533.2632446289062,22.63395782765097,387.1172536777629,643.6353001847515,0.0
2458223.4651654824,1688.3813746527624,1.0970046940868634,1435.532514940693,1.4826707864046187,1435.532514940693,1.4826707864046187,16.13794942459826,0.0280878054725557,0.2754630064673882,6.625410173054755e-09,13.0,469.9732696533202,18.019239632382494,387.1172536777629,643.6353001847515,0.0
2457920.4251067364,1695.061186105469,0.6364879844047927,1442.7224574158631,1.1644005892697986,1442.7224574158631,1.1644005892697986,16.211850081976255,0.0264552465746535,0.8056316114407596,2.7867609489270486e-09,13.0,1663.9033813476562,30.089709635390815,387.1172536777629,643.6353001847515,0.0
2458223.482546678,1694.8068465297451,1.2742773247697523,1442.4486941619812,1.6626479659300293,1442.4486941619812,1.6626479659300293,16.20903625078113,0.0291322639093226,0.2695637148232179,5.435132619086526e-09,13.0,471.47703552246094,19.19548992601264,387.1172536777629,643.6353001847515,0.0
2457920.462059586,1692.776712236725,0.5416674701691437,1440.2635203906798,1.0940622516583267,1440.2635203906798,1.0940622516583267,16.18657629665188,0.0261363998884516,0.7914362490682243,2.0521939006031194e-09,13.0,1211.3037353515624,25.42618007653891,387.1172536777629,643.6353001847515,0.0
2458223.514034936,1690.4386607212562,0.89269911138804,1437.7469140434482,1.3234592105863416,1437.7469140434482,1.3234592105863416,16.16070976655593,0.027234411629721,0.282214224607358,2.883986360285937e-09,13.0,473.99476928710936,14.030101317610804,387.1172536777629,643.6353001847515,0.0
2457920.5041213203,1693.2634787236625,0.6278546074553806,1440.7874607840135,1.1488757370404037,1440.7874607840135,1.1488757370404037,16.191961532991098,0.0263836446188119,0.7866591480964632,3.2569575364595252e-09,13.0,1179.0484008789062,29.460466620338696,387.1172536777629,643.6353001847515,0.0
2458223.5266707456,1691.463399457805,0.7435723253802655,1438.8499111295225,1.2170805501750548,1438.8499111295225,1.2170805501750548,16.172046743176868,0.0267049706504809,0.9757549416048832,6.541382485213786e-09,13.0,1618.3325683593748,45.27302878352248,387.1172536777629,643.6353001847515,0.0
2457920.549252917,1692.6374949261192,0.7044971929733347,1440.1136711828271,1.195955378483649,1440.1136711828271,1.195955378483649,16.185036095877507,0.0266038147144841,0.7695744955093187,5.7203081141239525e-09,13.0,1279.9945678710938,32.81995907825539,387.1172536777629,643.6353001847515,0.0
2458224.523586805,1696.0710182933858,5.974107879923189,1443.8094095539752,6.499940798468161,1443.8094095539752,6.499940798468161,16.223022143202375,0.0708521421418318,0.0574218103364269,5.465227033071719e-09,13.0,973.8472290039062,19.006907554645235,387.1172536777629,643.6353001847515,4.0
2457920.590933508,1694.4391443213046,0.7081210631035942,1442.0529108759713,1.2080061753264055,1442.0529108759713,1.2080061753264055,16.20496825647987,0.026661069758384,0.7612280280192569,6.753392338402167e-09,13.0,1500.3354858398438,31.859238192044643,387.1172536777629,643.6353001847515,0.0
2458228.420792835,1693.6116292450383,1.1546632802114174,1441.162199238702,1.5531611340159603,1441.162199238702,1.5531611340159603,16.19581322140751,0.0284868344991332,0.2957345823633775,5.0571616044907425e-09,13.0,477.3864562988281,19.36248414218456,387.1172536777629,643.6353001847515,0.0
2457921.5887723626,1691.7562772995886,0.8301017907108735,1439.165155781198,1.2816597173291044,1439.165155781198,1.2816597173291044,16.175286934190115,0.0270222333434508,0.5031021675557068,6.747779512992207e-09,13.0,1759.8244995117188,25.025872276505236,387.1172536777629,643.6353001847515,4.0
2458228.431468679,1691.9869115928707,1.2362043844189188,1439.4134034021438,1.617930557149019,1439.4134034021438,1.617930557149019,16.177838507091256,0.0288653396449536,0.2960912739893412,5.116606391291349e-09,13.0,472.2136291503906,21.43580712650285,387.1172536777629,643.6353001847515,0.0
2457922.295056842,1694.3164442211114,0.547704056527135,1441.9208402826112,1.1064735395304954,1441.9208402826112,1.1064735395304954,16.203610790310524,0.0261913626360687,0.6780174175134611,5.8094315135885835e-09,13.0,1179.8795532226563,21.056909029797115,387.1172536777629,643.6353001847515,0.0
2458228.5109975105,1689.2026690289108,1.003381394035929,1436.416530808729,1.4071318884341484,1436.416530808729,1.4071318884341484,16.147035638292753,0.0276741427821953,0.3201793929048579,5.818657958672763e-09,13.0,478.21412048339846,19.08545128393368,387.1172536777629,643.6353001847515,0.0
2457922.338122814,1692.8385332434962,0.7020967678302021,1440.3300626105608,1.1953778888866635,1440.3300626105608,1.1953778888866635,16.187260240064436,0.0266010497169522,0.6667402802962692,3.7035652953225646e-09,13.0,1068.5715087890626,27.97521318113774,387.1172536777629,643.6353001847515,0.0
2458228.514517209,1697.058181457438,1.0184138559228966,1444.8719614558354,1.4542660403951841,1444.8719614558354,1.4542660403951841,16.233943410558386,0.0279295363724537,0.3219817182274547,6.569695789750181e-09,13.0,479.5863830566407,17.441095695686816,387.1172536777629,643.6353001847515,0.0
2457922.5799944964,1692.8689992069158,0.8017072259808866,1440.3628552314287,1.2660411917436358,1440.3628552314287,1.2660411917436358,16.1875972936984,0.0269442122452397,0.6938073853859337,4.5587460620731855e-09,13.0,1306.3107299804688,33.60170440018297,387.1172536777629,643.6353001847515,0.0
2458228.594109955,1698.7272457007577,1.4664059055015868,1446.6684905916934,1.8514140799260623,1446.6684905916934,1.8514140799260623,16.25240874384821,0.0303107923072226,0.3137238459026513,6.480408108941562e-09,13.0,507.28343811035154,25.330627995160757,387.1172536777629,643.6353001847515,0.0
2457922.5840071426,1691.5167395149226,0.6203621702321741,1438.9073247174665,1.134566704760638,1438.9073247174665,1.134566704760638,16.172636859426916,0.0263183501797945,0.698621030340398,5.557029543621245e-09,13.0,1340.0880981445312,26.091678412759475,387.1172536777629,643.6353001847515,0.0
2458228.5978614404,1673.5443552720387,1.1332714406076119,1419.56240611267,1.4658150404099082,1419.56240611267,1.4658150404099082,15.973803251681767,0.027996092401182,0.321957379330233,6.637331123465043e-09,13.0,507.9479919433594,26.764177599198483,387.1172536777629,643.6353001847515,0.0
2457922.6291374764,1694.4092926535604,0.7480971398019616,1442.020779463971,1.2354495185962082,1442.020779463971,1.2354495185962082,16.20463799897399,0.0267935992163458,0.7091390702031568,2.6299661369964033e-09,13.0,1489.8445678710937,31.426033149493065,387.1172536777629,643.6353001847515,0.0
2458228.6658681585,1684.1139825876148,1.0429801068941391,1430.9392260904544,1.4203951234665704,1430.9392260904544,1.4203951234665704,16.090738050274783,0.0277462413226277,0.2782797555173686,6.7388656581420655e-09,13.0,548.38837890625,18.02403261659011,387.1172536777629,643.6353001847515,0.0
2457923.542367532,1692.2303837070228,0.70203675513639,1439.6754692564662,1.192143220789204,1439.6754692564662,1.192143220789204,16.18053210846256,0.0265857795554792,0.7158971077428896,6.428842255679629e-09,13.0,1126.7764404296877,30.347650194836483,387.1172536777629,643.6353001847515,0.0
2458229.431540894,1692.59699128041,0.95029323156969,1440.0700743111572,1.3787815571000777,1440.0700743111572,1.3787815571000777,16.184587992504333,0.0275225914191947,0.3180108107270969,6.652642605182454e-09,13.0,499.1781860351562,17.038200849297876,387.1172536777629,643.6353001847515,0.0
2457923.5875254883,1692.9551254404469,0.7324601539910564,1440.4555588457565,1.216908245870795,1440.4555588457565,1.216908245870795,16.188550132759882,0.0267039702096395,0.722013098856379,6.644872199267779e-09,13.0,1395.537548828125,31.782186553594844,387.1172536777629,643.6353001847515,0.0
2458229.4762179004,1694.2625391757463,0.9639809145937878,1441.8628185587895,1.3973721351147317,1441.8628185587895,1.3973721351147317,16.203014423434503,0.027621284793879,0.3290762872788452,6.705715009561224e-09,13.0,476.7448059082031,17.669089721523985,387.1172536777629,643.6353001847515,0.0
2457923.6298041493,1692.0642222474512,0.7707644999442664,1439.496618199911,1.239520553660819,1439.496618199911,1.239520553660819,16.17869381689099,0.0268137187650159,0.6886669579452408,5.7097384453910726e-09,13.0,1691.870031738281,32.22176885330461,387.1172536777629,643.6353001847515,0.0
2458229.56988865,1693.5702774494928,0.950906298677769,1441.1176894447747,1.3837359196402863,1441.1176894447747,1.3837359196402863,16.19535573471102,0.0275487398327635,0.3320641070316225,6.619948087649335e-09,13.0,476.0789459228516,17.698535042930985,387.1172536777629,643.6353001847515,0.0
2457925.2546801404,0.0,0.0,0.0,0.0,0.0,0.0,0.0,0.0,0.0,0.0,13.0,0.0,0.0,0.0,0.0,5.0
2458229.6235028137,1692.632815493378,0.549533229545082,1440.108634386135,1.0977732213987135,1440.108634386135,1.0977732213987135,16.184984325979773,0.0261528500437284,1.0562533622841292,5.815682367996493e-09,13.0,1580.5130371093749,35.35896065726269,387.1172536777629,643.6353001847515,0.0
2457925.6093956367,1693.5021736093158,0.524360949249124,1441.0443845773154,1.0884863491236194,1441.0443845773154,1.0884863491236194,16.19460228252235,0.026111709424248,0.6757463694628161,6.737662672576125e-09,13.0,1192.6201538085938,20.16414965150142,387.1172536777629,643.6353001847515,0.0
2458229.6707326304,1690.9765985623028,1.1099771543325951,1438.3259336998735,1.5040554176863805,1438.3259336998735,1.5040554176863805,16.166661126165888,0.0282073715414511,0.3266625098253203,6.7202557572977815e-09,13.0,598.1478637695312,21.56512835885422,387.1172536777629,643.6353001847515,0.0
2457925.6307538515,1693.057405745389,0.7447363904054636,1440.565650202986,1.2260383694124828,1440.565650202986,1.2260383694124828,16.189681688916146,0.0267480417708606,0.643916361881758,6.754576278855021e-09,13.0,1344.6045166015624,28.59606505371396,387.1172536777629,643.6353001847515,0.0
2458230.5014395816,1687.1331725781738,11.212298656557767,1434.1889888281357,12.101252640710737,1434.1889888281357,12.101252640710737,16.12414020939725,0.1265988465541572,0.021549991335102,2.579062348440431e-09,13.0,260.0704040527344,13.839782977466143,387.1172536777629,643.6353001847515,4.0
2457958.2119472134,1688.8805166539917,1.5371027042685996,1436.0697759548975,1.883395333152644,1436.0697759548975,1.883395333152644,16.143471574778243,0.0305191976612428,0.2265700976452412,5.963358434754776e-09,13.0,682.6803344726562,21.060610941950205,387.1172536777629,643.6353001847515,0.0
2458230.669704239,1692.20042911704,0.5029133383522258,1439.6432270621503,1.0690425986503556,1439.6432270621503,1.0690425986503556,16.180200712298618,0.0260268597778404,1.0954854864362271,6.716105172132927e-09,13.0,1979.7140625,33.63659529224272,387.1172536777629,643.6353001847515,0.0
2457958.4085291508,1694.5995027536728,0.9545710793411007,1442.2255157335032,1.3914440501002148,1442.2255157335032,1.3914440501002148,16.206742347508037,0.027589614669605,0.2695094381488414,6.316456243462436e-09,13.0,342.3586212158203,13.27626609324695,387.1172536777629,643.6353001847515,0.0
2458230.6736022187,1690.9316833867351,1.0164458845174174,1438.2775883938891,1.4252061304817403,1438.2775883938891,1.4252061304817403,16.166164216780903,0.0277714857848624,0.3485233087514134,6.622606043830878e-09,13.0,829.6001281738281,21.080745225749347,387.1172536777629,643.6353001847515,0.0
2457958.4397347565,1691.7606701030682,0.9744111311797482,1439.1698840590177,1.394419929979661,1439.1698840590177,1.394419929979661,16.175335533026647,0.0276057924073361,0.2633306250314177,5.5869592844435535e-09,13.0,327.8907501220703,13.940790494717875,387.1172536777629,643.6353001847515,0.0
2457961.370226658,1692.8332620831466,0.8951261674150776,1440.3243888965696,1.3364362262648495,1440.3243888965696,1.3364362262648495,16.187201923715566,0.0273010067508562,0.3282204502143275,2.6623624354275487e-09,13.0,501.6990234375,16.385299044624478,387.1172536777629,643.6353001847515,0.0
2458231.413109076,1696.2314672104176,0.9295917287203119,1443.9821118064,1.3795715503526185,1443.9821118064,1.3795715503526185,16.224797235288158,0.0275263833027554,0.3369875226830967,3.959875232773594e-09,13.0,534.1542419433594,16.848014592346296,387.1172536777629,643.6353001847515,0.0
2457961.4084371226,1692.9697771630338,0.8791523147129137,1440.4713295068461,1.3247451188221426,1440.4713295068461,1.3247451188221426,16.18871222894157,0.0272407291321124,0.3255351460342958,3.998664460522675e-09,13.0,537.5570983886719,15.812371586113509,387.1172536777629,643.6353001847515,0.0
2458231.431592024,1696.0338039822523,0.9850968973878661,1443.7693532203193,1.4225645577009254,1443.7693532203193,1.4225645577009254,16.22261043067483,0.027756622837946,0.3431867336103961,3.902389257190032e-09,13.0,503.4058502197265,18.600090517225404,387.1172536777629,643.6353001847515,0.0
2457961.46051857,1693.5267456027016,0.9396595519124816,1441.0708331111086,1.3746032028183648,1441.0708331111086,1.3746032028183648,16.19487412948646,0.0275004005359777,0.3213558692414809,3.470791313813313e-09,13.0,519.7974975585937,16.768242206989235,387.1172536777629,643.6353001847515,0.0
2458231.476347072,1694.6550472285335,1.1165563181844353,1442.2853020885357,1.5249698400866154,1442.2853020885357,1.5249698400866154,16.20735685185969,0.0283253616512511,0.3492088411849752,3.396729737254086e-09,13.0,490.24775390625,22.360573190268283,387.1172536777629,643.6353001847515,0.0
2458231.5028491886,1693.7170583842844,0.13039222245706758,1441.2756799038004,0.9427079771122415,1441.2756799038004,0.9427079771122415,16.196979614014882,0.0255056539517417,1.00000254703816,3.5136206714843032e-09,13.0,1526.0501098632812,0.0218568357039266,387.1172536777629,643.6353001847515,0.0
2458231.6430103765,1695.1020744481136,1.100564816129163,1442.766468363418,1.513380628380533,1442.766468363418,1.513380628380533,16.212302441361242,0.028259574278271,0.3026170572079732,6.407872976051875e-09,13.0,551.6238647460937,18.45774844921964,387.1172536777629,643.6353001847515,0.0
2458235.5618341174,1692.0535230308421,1.0856795980392535,1439.4851018940244,1.487818661761543,1439.4851018940244,1.487818661761543,16.178575448409116,0.0281161364463143,0.3605369897639234,3.145447485355454e-09,13.0,686.7279113769531,23.23138430196629,387.1172536777629,643.6353001847515,0.0
2458238.397251213,1681.3340315703988,1.7539038601686927,1427.9469727852397,2.0719808952447014,1427.9469727852397,2.0719808952447014,16.0599826600807,0.031784832899971,0.3430395660826764,6.4594466258652465e-09,13.0,2909.087353515625,41.83372924451515,387.1172536777629,643.6353001847515,0.0
2458238.442685879,1686.3569576499235,1.6931817711783628,1433.3534950837372,2.0255231531490994,1433.3534950837372,2.0255231531490994,16.11555272247932,0.0314663363624948,0.3906649864997246,6.679253390525071e-09,13.0,4778.207958984375,43.639483511296106,387.1172536777629,643.6353001847515,0.0
2458238.4738128376,1685.7927759707304,1.862013990286599,1432.746227371518,2.189060392430158,1432.746227371518,2.189060392430158,16.10931101981029,0.0326028906476129,0.3565215231882103,6.645082259471729e-09,13.0,4503.164306640625,43.99370408927743,387.1172536777629,643.6353001847515,0.0
2458239.6433763485,1744.91665990956,5.236233909383551,1496.3853476428844,5.798036871360658,1496.3853476428844,5.798036871360658,16.763415393976324,0.064093204359819,0.386306848418359,3.383073168764672e-09,13.0,6804.52705078125,72.75766524586196,387.1172536777629,643.6353001847515,0.0
2458240.45630565,1810.9754698301806,61.133670789100485,1567.4890077791354,65.83338999092726,1567.4890077791354,65.83338999092726,17.49424283024532,0.6770689891712439,0.0880072142359309,5.040426253546061e-09,13.0,16440.7068359375,97.6955185120621,387.1172536777629,643.6353001847515,6.0
2458240.487733107,1716.779112490966,2.8393540986043106,1466.0989617524408,3.2513482393896727,1466.0989617524408,3.2513482393896727,16.452121689661354,0.0409063985001696,0.3722438106480476,6.492771971781713e-09,13.0,5770.151611328125,50.58412317642952,387.1172536777629,643.6353001847515,0.0
2458240.532678747,1716.3419431108175,2.779567989727722,1465.6284061510703,3.1896667295604133,1465.6284061510703,3.1896667295604133,16.447285160246235,0.040390141562487,0.3840966903154188,6.711067832921664e-09,13.0,5242.69970703125,51.375218861545946,387.1172536777629,643.6353001847515,0.0
2458240.588373357,1772.9960726838913,25.95539644771487,1526.6091592000503,27.985267267709414,1526.6091592000503,27.985267267709414,17.074065938157514,0.2886077227981056,-0.1253392246165741,6.380616123471432e-09,13.0,18200.091796875,87.69815013591655,387.1172536777629,643.6353001847515,6.0
2458240.5992099824,1702.20989877784,13.122488950201895,1450.417110663157,14.159534767616627,1450.417110663157,14.159534767616627,16.29093832715129,0.1474363340751708,0.1220147625857572,5.298768989628196e-09,13.0,15311.660839843751,90.5150293018124,387.1172536777629,643.6353001847515,6.0
2458240.6437897063,1717.3561824510361,10.428157098328587,1466.720102011627,11.27972202155773,1466.720102011627,11.27972202155773,16.458505979053978,0.1183126286176225,0.0925385816656957,6.568461645229909e-09,13.0,5008.403466796875,45.91340997111138,387.1172536777629,643.6353001847515,4.0
2458333.3201195425,1696.1858410413497,0.5567643727599714,1443.9330012090002,1.1227543381298168,1443.9330012090002,1.1227543381298168,16.2242924599795,0.0262642493726492,1.0006967409106886,6.1574341536112435e-09,13.0,1418.639111328125,32.16858526612477,387.1172536777629,643.6353001847515,0.0
2458334.354839549,1698.1432030724134,0.7390748587334318,1446.0398451680057,1.2494302201210612,1446.0398451680057,1.2494302201210612,16.24594731383974,0.0268616025050107,0.6199051484663818,6.658422575892065e-09,13.0,1149.440344238281,25.384766664304586,387.1172536777629,643.6353001847515,4.0
2458353.2531780265,1699.9679420680739,1.3629332322612626,1448.0039377930582,1.7624433872676357,1448.0039377930582,1.7624433872676357,16.266134921271078,0.0297450815225048,1.0305833604785433,2.7273873377963732e-09,13.0,10649.20712890625,81.05949386123052,387.1172536777629,643.6353001847515,0.0
2458354.3549021315,1707.0078351722314,1.9496665602728496,1455.5814610223597,2.3378261032945375,1455.5814610223597,2.3378261032945375,16.344019264557033,0.0336745131441467,1.0061622437470477,6.1085446472767485e-09,13.0,17507.051953125,105.41432380482684,387.1172536777629,643.6353001847515,0.0
2458359.3481482724,1693.2713921418617,0.6205936493686961,1440.7959785426424,1.1443398798400501,1440.7959785426424,1.1443398798400501,16.19204908139141,0.0263628104789449,0.9799954563027564,6.654927085680079e-09,13.0,1943.9707153320317,36.79335975205899,387.1172536777629,643.6353001847515,0.0
2458366.230769004,1695.3255498784456,0.730000706191886,1443.0070104056722,1.2277478473174521,1443.0070104056722,1.2277478473174521,16.21477481372179,0.0267560729160387,0.8382365577076858,6.274829832993738e-09,13.0,1669.8150390625,36.14574770013287,387.1172536777629,643.6353001847515,0.0
2458392.241941164,1693.5568361886503,0.5437448795098183,1441.1032216872752,1.099767502604031,1441.1032216872752,1.099767502604031,16.19520703021251,0.026161593564835,0.9694318777484148,6.282885444628471e-09,13.0,1614.9072021484374,31.43317597193607,387.1172536777629,643.6353001847515,0.0
2458205.6486717854,0.0,0.0,0.0,0.0,0.0,0.0,0.0,0.0,0.0,0.0,0.0,0.0,0.0,0.0,0.0,0.0
2458223.518424098,0.0,0.0,0.0,0.0,0.0,0.0,0.0,0.0,0.0,0.0,0.0,0.0,0.0,0.0,0.0,0.0
2458224.515344911,0.0,0.0,0.0,0.0,0.0,0.0,0.0,0.0,0.0,0.0,0.0,0.0,0.0,0.0,0.0,0.0
2458229.6152542923,0.0,0.0,0.0,0.0,0.0,0.0,0.0,0.0,0.0,0.0,0.0,0.0,0.0,0.0,0.0,0.0
2458230.66145374,0.0,0.0,0.0,0.0,0.0,0.0,0.0,0.0,0.0,0.0,0.0,0.0,0.0,0.0,0.0,0.0
2458231.494605545,0.0,0.0,0.0,0.0,0.0,0.0,0.0,0.0,0.0,0.0,0.0,0.0,0.0,0.0,0.0,0.0
2458333.3118772204,0.0,0.0,0.0,0.0,0.0,0.0,0.0,0.0,0.0,0.0,0.0,0.0,0.0,0.0,0.0,0.0
2458334.346566356,0.0,0.0,0.0,0.0,0.0,0.0,0.0,0.0,0.0,0.0,0.0,0.0,0.0,0.0,0.0,0.0
2458366.222491097,0.0,0.0,0.0,0.0,0.0,0.0,0.0,0.0,0.0,0.0,0.0,0.0,0.0,0.0,0.0,0.0
2458392.2336996747,0.0,0.0,0.0,0.0,0.0,0.0,0.0,0.0,0.0,0.0,0.0,0.0,0.0,0.0,0.0,0.0
