2458645.7875540005,19.464574196242623,0.011307085968746312,16.690819011258828,0.02554232467541914,16.690819011258828.1,0.02554232467541914.1,16.690819011258828.2,0.02554232467541914.2,1.2750739903384636,7.2197866282624e-09,14.0,2514.381982421875,53.037600771420976,36.74431410865304,764.1456856901814,0.0
2458552.875748662,754550.2251217107,387.1684231600403,647150.0047789934,973.891771250919,647150.0047789934,973.891771250919,16.708658690744336,0.0251447501929838,2.1422060024229297,5.528009753470849e-09,14.0,2451.425830078125,78.20651959821126,36.74431410865304,764.1456856901814,0.0
2458645.69297738,754403.2582078836,297.26277603666045,646996.0773519491,936.7169449213,646996.0773519491,936.7169449213,16.70468446402312,0.0241849395147139,2.2446016419936767,8.386896589746103e-09,14.0,2567.10205078125,62.7357983561514,36.74431410865304,764.1456856901814,0.0
2458555.8661880703,753774.1927495527,381.6103207859497,646337.2186678995,961.9301807736364,646337.2186678995,961.9301807736364,16.68767350088332,0.0248359158714085,2.2061232203742662,8.498671357720306e-09,14.0,2435.95341796875,81.10672910649386,36.74431410865304,764.1456856901814,0.0
2458647.624302169,752946.6753614431,354.986067059206,645470.5091543846,940.4819096262271,645470.5091543846,940.4819096262271,16.66529607163446,0.0242821465142855,2.1623644384244165,4.733601006857482e-09,14.0,4778.813671874999,75.22184015570174,36.74431410865304,764.1456856901814,0.0
2458559.8573736465,753391.1066164689,318.11949437840764,645935.9891580304,931.4469872403779,645935.9891580304,931.4469872403779,16.677314222682664,0.0240488753509884,2.233116533327873,8.490917634004568e-09,14.0,2427.45341796875,68.85464464340774,36.74431410865304,764.1456856901814,0.0
2458653.789671092,756338.7694102847,523.7154260097581,649023.2564743921,1062.4788298216217,649023.2564743921,1062.4788298216217,16.75702386572562,0.027431964772516,2.214907747742292,8.471302268789618e-09,14.0,11806.16484375,105.33863790184148,36.74431410865304,764.1456856901814,0.0
2458562.845562868,736559.7721637236,1133.6479302768937,628307.5043612869,1363.7127861389167,628307.5043612869,1363.7127861389167,16.222167296114456,0.0352094743529836,1.6507323073486253,8.437639245962881e-09,14.0,4702.59150390625,273.81061993041544,36.74431410865304,764.1456856901814,2.0
2458654.6107783155,754586.0830759874,548.6114133502875,647187.561005066,1055.9599946832075,647187.561005066,1055.9599946832075,16.709628348719338,0.0272636560487508,1.8181216944806304,8.070316295715438e-09,14.0,15437.711328125,94.39961937687404,36.74431410865304,764.1456856901814,0.0
2458573.816595727,751309.8759986644,1069.374579539206,643756.1891898531,1401.352499416585,643756.1891898531,1401.352499416585,16.62103432866519,0.0361812878702976,1.612449014242934,6.2707381913286644e-09,14.0,2997.434765625,177.55626555025094,36.74431410865304,764.1456856901814,2.0
2458655.764973865,754919.6150625959,548.2760465161326,647536.8894300734,1059.5778015043818,647536.8894300734,1059.5778015043818,16.71864760141396,0.0273570636033172,1.4203364096026787,7.770715213387165e-09,14.0,9332.965234375,72.83452361203256,36.74431410865304,764.1456856901814,0.0
2458575.883880605,753957.2558391067,301.8926891614841,646528.9518248934,932.6642924954889,646528.9518248934,932.6642924954889,16.692623827478776,0.0240803047535688,2.173181578344723,7.916043691794033e-09,14.0,2367.555859375,62.47207086784948,36.74431410865304,764.1456856901814,0.0
2458661.6532382253,755354.1745300499,1318.9000074731075,647992.0301075281,1646.729224399632,647992.0301075281,1646.729224399632,16.73039880311326,0.0425166288547955,0.2345077584634248,7.353874085364855e-09,14.0,1801.989086914063,27.21640697685029,36.74431410865304,764.1456856901814,4.0
2458582.797436348,753500.9508762602,352.58743293134324,646051.035761684,946.3188307993908,646051.035761684,946.3188307993908,16.680284591870304,0.0244328490144276,2.165351078042319,5.660477723238071e-09,14.0,2414.436376953125,73.8667235867813,36.74431410865304,764.1456856901814,0.0
2458661.66505442,752754.5239543103,896.3159713078011,645269.2572471868,1274.0230456392937,645269.2572471868,1274.0230456392937,16.660099982005466,0.032893789811528,0.4470796460739561,5.5031894251546606e-09,14.0,1913.0549560546876,38.65228189372094,36.74431410865304,764.1456856901814,4.0
2458583.794176527,754268.7272067432,334.4990466794888,646855.1748159713,948.6982334929627,646855.1748159713,948.6982334929627,16.70104652480511,0.0244942824181225,2.2489811183235497,6.0644090608349595e-09,14.0,2523.520849609375,71.25589332423075,36.74431410865304,764.1456856901814,0.0
2458661.676869136,753978.9675100808,810.0565238496205,646551.6917842684,1220.745528623444,646551.6917842684,1220.745528623444,16.69321094672011,0.0315182264318875,0.4294563638467186,8.217255608598718e-09,14.0,1875.3678955078124,32.1507098296742,36.74431410865304,764.1456856901814,4.0
2458585.7888663937,754410.2800406145,335.0926069574117,647003.4317463315,950.709353821863,647003.4317463315,950.709353821863,16.704874345912486,0.0245462072004967,2.2529813151620783,6.739148858853069e-09,14.0,2564.369482421874,71.27245074087354,36.74431410865304,764.1456856901814,0.0
2457821.901764388,754119.5040724254,439.48948611339046,646698.8843113747,992.7815073850956,646698.8843113747,992.7815073850956,16.697011286176323,0.0256324611587466,1.2893555048787322,7.361353783213667e-09,14.0,2392.70849609375,53.59645408233007,36.74431410865304,764.1456856901814,0.0
2458587.783633289,753953.9110948062,340.18918409761204,646525.4486698572,946.9727102562878,646525.4486698572,946.9727102562878,16.69253338009964,0.024449731419727,2.2698126164533865,7.169112593645657e-09,14.0,2521.971337890625,73.84946098246796,36.74431410865304,764.1456856901814,0.0
2457844.73369158,753948.3937343858,332.59388835872886,646519.6700012343,943.939214177557,646519.6700012343,943.939214177557,16.692384181612425,0.0243714100873544,1.1928444617431506,5.590495875485793e-09,14.0,1852.6851806640625,36.89834257488347,36.74431410865304,764.1456856901814,0.0
2458589.820394095,754206.5817031236,386.6336678238854,646790.0860335679,969.426644700178,646790.0860335679,969.426644700178,16.699366008322475,0.0250294658307859,2.2394535582617308,6.294214042928632e-09,14.0,3048.27294921875,82.46894715190732,36.74431410865304,764.1456856901814,0.0
2457844.746693229,754194.737283218,392.6096153060063,646777.6806490268,971.9126106634571,646777.6806490268,971.9126106634571,16.699045715755528,0.0250936505738756,1.1760223073310716,4.2214826591001715e-09,14.0,1823.675952148437,43.12271320894341,36.74431410865304,764.1456856901814,0.0
2458590.7758862977,753566.8555063896,359.51575827694984,646120.0617069253,949.9866704604336,646120.0617069253,949.9866704604336,16.682066761307574,0.0245275483585923,2.270610828276656,5.862858785802304e-09,14.0,3853.5380859375,78.96157772415124,36.74431410865304,764.1456856901814,0.0
2457844.7760724565,754175.9418282019,359.52552601375476,646757.9950207766,957.5332883507918,646757.9950207766,957.5332883507918,16.698537455783164,0.0247223932348471,1.1802343300743177,5.356023273148384e-09,14.0,1830.5053466796876,39.39416064810526,36.74431410865304,764.1456856901814,0.0
2458601.7428098093,715373.042524431,1248.4241132136456,606117.3481150557,1420.6517737561198,606117.3481150557,1420.6517737561198,15.649243330612531,0.0366795726350925,1.2592834398330242,6.115726021630733e-09,14.0,3355.531689453125,381.23272853552464,36.74431410865304,764.1456856901814,2.0
2457845.731198966,754020.5237969556,342.77107833274164,646595.2162221816,948.8254920466619,646595.2162221816,948.8254920466619,16.69433469696724,0.0244975680856239,1.1922436440138204,6.711358871312355e-09,14.0,1917.9751708984377,38.048906260647385,36.74431410865304,764.1456856901814,0.0
2458601.917299757,717564.073871743,1333.4989182903257,608412.1490949615,1503.7247683149362,608412.1490949615,1503.7247683149362,15.708492416687289,0.0388244205100073,1.289986737021463,8.2052135325899e-09,14.0,3617.3337890625,395.97054941376274,36.74431410865304,764.1456856901814,2.0
2457846.8609853685,753625.5046756152,306.3993762345376,646181.4885647265,930.0803723805601,646181.4885647265,930.0803723805601,16.68365273116597,0.0240135909484762,1.2446149719683623,7.989667878549621e-09,14.0,1746.0066650390625,35.72108370319759,36.74431410865304,764.1456856901814,0.0
2458604.738709719,753870.9161146833,325.15849919775513,646438.5229570203,940.1193666305828,646438.5229570203,940.1193666305828,16.690289059530194,0.0242727860767823,2.191390723078982,8.267419341666371e-09,14.0,2432.10517578125,68.10212646657462,36.74431410865304,764.1456856901814,0.0
2457847.7405485627,0.0,0.0,0.0,0.0,0.0,0.0,0.0,0.0,0.0,0.0,14.0,0.0,0.0,0.0,0.0,5.0
2458605.7360795,753813.1533254988,308.530997635645,646378.0244591848,933.2216443257179,646378.0244591848,933.2216443257179,16.688727058843856,0.0240946949280773,2.089906507252298,7.3171064500233905e-09,14.0,2514.17861328125,61.53097371467549,36.74431410865304,764.1456856901814,0.0
2457848.91727625,754236.7366998163,349.48842302610535,646821.6692037701,954.2074967182048,646821.6692037701,954.2074967182048,16.700181448958155,0.0246365251720254,1.2608067391855222,8.026290198148333e-09,14.0,1918.558764648437,41.016620784069616,36.74431410865304,764.1456856901814,0.0
2458606.733463814,754061.114310124,353.1879866598628,646637.7291462927,953.512202660073,646637.7291462927,953.512202660073,16.69543233110719,0.0246185734900023,2.215500777668797,6.273093738207344e-09,14.0,2439.447705078125,74.67364552778977,36.74431410865304,764.1456856901814,0.0
2457849.789904132,754258.6254552505,331.1937810242883,646844.594634518,947.2980882254892,646844.594634518,947.2980882254892,16.70077335685412,0.0244581322995736,1.2723029235945538,8.34618378771404e-09,14.0,1803.0874267578124,39.07730953859315,36.74431410865304,764.1456856901814,0.0
2458608.8262262885,753729.8731390245,359.6603489561406,646290.8000323129,952.0595592891517,646290.8000323129,952.0595592891517,16.68647502582625,0.0245810679316235,2.2524711208391524,4.883394267007766e-09,14.0,2729.61279296875,78.04132832225241,36.74431410865304,764.1456856901814,0.0
2457851.834647825,753919.4391160073,299.19424702847795,646489.3440605717,931.2296042466081,646489.3440605717,931.2296042466081,16.691601201177814,0.0240432627755094,1.272117003253742,3.7151755449791566e-09,14.0,2223.89599609375,35.355492189781785,36.74431410865304,764.1456856901814,0.0
2458611.7201801976,754000.381289895,334.4512062347835,646574.1197440326,945.3103035377719,646574.1197440326,945.3103035377719,16.693790010495228,0.0244068100162506,1.9841798051614512,7.714787144798919e-09,14.0,2367.0142578125,63.14209731406165,36.74431410865304,764.1456856901814,0.0
2457864.884784566,753668.864362032,442.5970437278593,646226.9018131495,988.9241446667417,646226.9018131495,988.9241446667417,16.68482524829853,0.0255328685501838,1.2184241665039297,8.385060349778038e-09,14.0,1908.591015625,51.53892121853493,36.74431410865304,764.1456856901814,0.0
2458613.7682784777,753962.7479051223,296.7520158626438,646534.7040011414,930.9225898992468,646534.7040011414,930.9225898992468,16.692772341963742,0.0240353360229708,2.2285577484469625,8.078443122677837e-09,14.0,2569.3228515625,62.92316900784322,36.74431410865304,764.1456856901814,0.0
2457867.794765722,754227.2157967698,448.25162540841205,646811.6973803783,998.3546266676466,646811.6973803783,998.3546266676466,16.6999239881031,0.0257763526016073,1.224275261584376,5.883726213712621e-09,14.0,1720.4678955078125,51.72482157371499,36.74431410865304,764.1456856901814,0.0
2458617.8568117856,754198.9955894393,327.00371644768546,646782.1406332715,944.9480718151913,646782.1406332715,944.9480718151913,16.699160867349388,0.024397457615455,2.2226141059168025,7.917070619696856e-09,14.0,2948.10751953125,68.98015249957585,36.74431410865304,764.1456856901814,0.0
2457914.6605600743,804833.0128972781,5720.071644507408,699814.2401863586,6217.089343300271,699814.2401863586,6217.089343300271,18.06838785420341,0.160517999103691,1.297330778106176,5.328910503293661e-09,14.0,58305.0734375,213.40776745556377,36.74431410865304,764.1456856901814,2.0
2458618.70156257,754231.8495221626,427.4451535148003,646816.5505640558,988.3499086120697,646816.5505640558,988.3499086120697,16.70004929164793,0.0255180424446834,2.1884809530712093,4.581654620823374e-09,14.0,4127.96669921875,89.16923644755374,36.74431410865304,764.1456856901814,0.0
2457914.676125683,786437.2439885947,4526.364340495778,680547.2276127818,4932.928164905132,680547.2276127818,4932.928164905132,17.5709360505955,0.12736245452321,1.301459944973005,3.3578197789838303e-09,14.0,58754.5296875,262.9856384523272,36.74431410865304,764.1456856901814,2.0
2458618.8897766625,754263.0030122527,385.2101585610663,646849.1795173908,969.4988248515364,646849.1795173908,969.4988248515364,16.700891733184953,0.025031329438148,2.1385252962535,7.79215211178886e-09,14.0,3818.545068359376,78.23868177502372,36.74431410865304,764.1456856901814,0.0
2457915.53601796,753144.7068961748,1146.0536925205884,645677.9196784348,1480.421412888578,645677.9196784348,1480.421412888578,16.67065116957099,0.0382227550394166,1.1791383137819502,6.8750392946096085e-09,14.0,20932.535546875,133.02356774772866,36.74431410865304,764.1456856901814,0.0
2458625.7003256227,754634.5998537147,380.8161374791954,647238.3755902641,972.1850150580543,647238.3755902641,972.1850150580543,16.71094032207067,0.0251006837377813,2.261304411095964,5.974032325347972e-09,14.0,10910.0291015625,81.12355521823343,36.74431410865304,764.1456856901814,0.0
2457915.84461488,752776.9149852496,760.887402808976,645292.7087417546,1173.6497538051858,645292.7087417546,1173.6497538051858,16.660705472255998,0.0303022684292554,1.2114961228609404,8.001048851231493e-09,14.0,17662.359765625,91.1981551950583,36.74431410865304,764.1456856901814,0.0
2458626.6764046648,754068.4931794413,391.7154913168987,646645.4574869021,969.9705113178248,646645.4574869021,969.9705113178248,16.695631867852214,0.0250435078328263,2.2217020480161054,6.767438030738611e-09,14.0,7003.948828125,83.10924565803727,36.74431410865304,764.1456856901814,0.0
2457917.65710363,760559.069085526,855.0769092662584,653443.434141919,1319.6458793972124,653443.434141919,1319.6458793972124,16.871147700159305,0.0340717181931031,1.211283083621032,8.004599364232857e-09,14.0,10909.2744140625,84.77336460935474,36.74431410865304,764.1456856901814,0.0
2458627.8000402674,754274.4786948867,394.4882125360145,646861.198700861,973.7234482464728,646861.198700861,973.7234482464728,16.701202054490455,0.0251404042892361,2.1013394788048525,7.756820605892721e-09,14.0,3845.0986328125,78.8116619645576,36.74431410865304,764.1456856901814,0.0
2457917.783162222,765921.7512892658,928.2517225457694,659060.0988195656,1428.9174463762736,659060.0988195656,1428.9174463762736,17.016163434357132,0.0368929826662131,1.2015467344890025,6.377093020838773e-09,14.0,10340.2400390625,79.9449659022962,36.74431410865304,764.1456856901814,0.0
2458629.672143226,753507.5543484072,9317.358839779208,646057.9519814684,9797.465932263092,646057.9519814684,9797.465932263092,16.680463160602372,0.2529591487097107,0.0282123047055353,4.492640502064382e-09,14.0,1485.746728515625,23.81888092679548,36.74431410865304,764.1456856901814,6.0
2457918.644939944,766448.247955056,1096.8860445675384,659611.5309412708,1559.7440638233954,659611.5309412708,1559.7440638233954,17.030400768892633,0.0402707734140244,0.7735332724385636,8.498566993010746e-09,14.0,7015.40625,59.7188906093612,36.74431410865304,764.1456856901814,0.0
2458631.7562794965,753816.7372099638,477.4295025977905,646381.7780803251,1008.2691234468869,646381.7780803251,1008.2691234468869,16.688823972965796,0.0260323333503541,1.4803147684546971,7.995449170992583e-09,14.0,2584.001025390625,67.57648421917425,36.74431410865304,764.1456856901814,0.0
2457919.715205584,761387.6057428691,2067.7609480529836,654311.211198368,2377.5577091001087,654311.211198368,2377.5577091001087,16.8935526921222,0.0613857683466577,0.2834780717321497,7.246319661758195e-09,14.0,5711.87392578125,46.37558436235053,36.74431410865304,764.1456856901814,4.0
2458635.818633756,754136.8518289614,363.5892530387185,646717.0536765679,958.7300658908629,646717.0536765679,958.7300658908629,16.697480398004178,0.0247532926357559,2.207727220010467,8.249625482275783e-09,14.0,2824.095361328125,76.46041146079733,36.74431410865304,764.1456856901814,0.0
2457919.8456720416,754483.9216232607,2752.431122336225,647080.5610745925,3015.445652147331,647080.5610745925,3015.445652147331,16.706865735252588,0.0778552914009871,0.2099580026750584,6.226274854749115e-09,14.0,8451.2052734375,54.35333906813111,36.74431410865304,764.1456856901814,4.0
2458637.7195931133,753820.4034237864,312.70794606039277,646385.6179300292,934.8369658222317,646385.6179300292,934.8369658222317,16.688923113408755,0.0241364006460125,2.246439768100858,6.610079530078937e-09,14.0,2744.339794921875,67.20486394036557,36.74431410865304,764.1456856901814,0.0
2457920.808129834,0.0,0.0,0.0,0.0,0.0,0.0,0.0,0.0,0.0,0.0,14.0,0.0,0.0,0.0,0.0,5.0
2458638.6479320894,754263.229837239,405.3563791837058,646849.4170850554,978.4705768726695,646849.4170850554,978.4705768726695,16.700897866905102,0.0252629696162707,1.8604961614957445,6.308175147394576e-09,14.0,2236.3796875,71.46659906120921,36.74431410865304,764.1456856901814,0.0
2457922.617183335,756738.6494806318,1061.9987865878652,649442.0753006971,1440.584776363625,649442.0753006971,1440.584776363625,16.767837279571413,0.0371942195249805,0.2686192047820818,6.8982897769264715e-09,14.0,1635.1005615234376,23.839248291806527,36.74431410865304,764.1456856901814,4.0
2458639.807409977,751795.8259596167,853.860858549548,644265.1542705888,1232.8460176134852,644265.1542705888,1232.8460176134852,16.634175213709952,0.0318306469511375,0.7195845667028377,6.352242893676379e-09,14.0,2389.20673828125,61.68985495901111,36.74431410865304,764.1456856901814,0.0
2457922.6727261646,756189.8855546719,1036.6046861697978,648867.3213171102,1415.273098651937,648867.3213171102,1415.273098651937,16.752997801750244,0.0365407015142387,0.2914907598218326,4.226409672144035e-09,14.0,1512.54013671875,25.906033239249208,36.74431410865304,764.1456856901814,4.0
2458641.7617953583,753893.7549786768,378.4108951627359,646462.4434945039,962.010289009688,646462.4434945039,962.010289009688,16.69090665992201,0.024837984172675,2.1548882034754,5.3837663189368935e-09,14.0,2651.930029296875,78.0237362828781,36.74431410865304,764.1456856901814,0.0
2457923.8141420176,754669.0176568079,389.26300903244623,647274.4234580238,976.2727681888848,647274.4234580238,976.2727681888848,16.711871035992456,0.0252062247582104,1.1610532176429953,7.498104234560867e-09,14.0,2036.8115966796877,41.65821263496345,36.74431410865304,764.1456856901814,0.0
2458642.6375928437,754217.6096790873,308.05662395211806,646801.6363064925,938.1743317614936,646801.6363064925,938.1743317614936,16.699664222904342,0.0242225675439395,2.205218976999681,5.54522566205804e-09,14.0,2576.859912109375,64.22174808156026,36.74431410865304,764.1456856901814,0.0
2457928.51993801,722052.1785622458,9383.581135428303,613112.8153151501,9844.45249377565,613112.8153151501,9844.45249377565,15.829858138563583,0.2541722869521078,0.0088907813118677,4.2167589163757995e-09,14.0,1053.5434814453124,14.457453163621892,36.74431410865304,764.1456856901814,6.0
2458644.7067222367,753850.6262106637,258.5372727565552,646417.2721010321,916.8904533157391,646417.2721010321,916.8904533157391,16.68974038720235,0.023673042614728,2.2685216923532474,6.219715190326283e-09,14.0,2418.29912109375,55.70000187587545,36.74431410865304,764.1456856901814,0.0
2458656.664031166,757541.7822372938,613.4521108633726,650283.2453000407,1127.5909230709663,650283.2453000407,1127.5909230709663,16.789555308337754,0.0291130831140275,1.1714589349837223,8.498240381698133e-09,14.0,7230.8037109375,62.768966211812966,36.74431410865304,764.1456856901814,0.0
2457928.6362991566,752539.3488966683,602.8273661467466,645043.8912642977,1065.6301216249137,645043.8912642977,1065.6301216249137,16.65428129505377,0.0275133274531732,0.6494767331846097,6.496416070320177e-09,14.0,1815.658447265625,37.93366235644837,36.74431410865304,764.1456856901814,4.0
2458661.629563602,755570.1645238425,762.3907194557654,648218.2496228329,1202.6884473307337,648218.2496228329,1202.6884473307337,16.736239527276904,0.0310520136434414,0.3928438840505145,6.536542624019463e-09,14.0,1763.7120361328125,26.0635087838382,36.74431410865304,764.1456856901814,4.0
2457928.66047753,754842.1156033726,559.8032934155768,647455.7195119956,1065.2880303378997,647455.7195119956,1065.2880303378997,16.716551888755216,0.0275044950549447,0.7012290507548649,8.017364096706936e-09,14.0,1800.485595703125,35.776065671159486,36.74431410865304,764.1456856901814,0.0
2458661.641392995,753553.2847688484,1144.5215712960216,646105.8482444627,1482.3358151337204,646105.8482444627,1482.3358151337204,16.681699786276518,0.0382721826736199,0.3271368651227228,4.779631435394593e-09,14.0,1784.2341552734374,35.234691508256155,36.74431410865304,764.1456856901814,4.0
2458668.699737273,754220.4496614591,302.802838874032,646804.6107935245,936.3323364010256,646804.6107935245,936.3323364010256,16.699741020691924,0.0241750093710882,2.230574140940752,6.393038276607653e-09,14.0,2181.69638671875,63.80693966062815,36.74431410865304,764.1456856901814,0.0
2457929.5496925926,0.0,0.0,0.0,0.0,0.0,0.0,0.0,0.0,0.0,0.0,14.0,0.0,0.0,0.0,0.0,5.0
2457932.761245984,754526.5002951091,616.1910279749725,647125.1563187467,1095.4309589398856,647125.1563187467,1095.4309589398856,16.708017132468534,0.0282827503315124,0.9903309396972608,7.763185923722196e-09,14.0,1800.427392578125,57.23575645893701,36.74431410865304,764.1456856901814,0.0
2457932.820281127,754510.2175380269,622.9349737144591,647108.1023925423,1099.4293339199578,647108.1023925423,1099.4293339199578,16.70757681997501,0.0283859837122839,0.968258281450041,5.98432837838921e-09,14.0,1975.0420166015624,56.52673898870759,36.74431410865304,764.1456856901814,0.0
2457933.67219274,754222.1729305483,320.7157570348416,646806.4156785159,942.8739910564217,646806.4156785159,942.8739910564217,16.6997876207183,0.0243439072681794,1.146598040034884,8.473004335276451e-09,14.0,1588.50751953125,33.74353058665177,36.74431410865304,764.1456856901814,0.0
2457936.722972521,753533.5053832403,392.0434040136959,646085.1320855949,963.5923942849778,646085.1320855949,963.5923942849778,16.681164919204974,0.0248788322865009,1.1719937374828373,5.531105740915463e-09,14.0,2293.38603515625,43.73675209977716,36.74431410865304,764.1456856901814,0.0
2457936.787188911,753946.4624019578,350.3040260405865,646517.6471987977,950.9166443152448,646517.6471987977,950.9166443152448,16.692331955211657,0.0245515591993813,1.1414994132491207,8.491611561730288e-09,14.0,1699.472314453125,37.27976124400254,36.74431410865304,764.1456856901814,0.0
2457937.768111161,755293.1688690404,403.2379915052965,647928.135151924,990.1624958284926,647928.135151924,990.1624958284926,16.72874910984683,0.0255648413335388,1.1383283375401436,8.344065646204267e-09,14.0,2432.00908203125,41.62140803189087,36.74431410865304,764.1456856901814,0.0
2457938.5007220856,752023.946787114,518.8841050158566,644504.0791491021,1010.2475886572096,644504.0791491021,1010.2475886572096,16.640343975540016,0.0260834150156352,1.1390123397969971,6.994555425835034e-09,14.0,5641.800585937501,59.047689616752926,36.74431410865304,764.1456856901814,0.0
2457939.47026248,0.0,0.0,0.0,0.0,0.0,0.0,0.0,0.0,0.0,0.0,14.0,0.0,0.0,0.0,0.0,5.0
2457941.580708092,780262.2640040776,10302.850087938168,674079.7938461438,10864.815677506684,674079.7938461438,10864.815677506684,17.40395445032702,0.28051687484002,0.3271843105877423,2.070317719609098e-09,14.0,66783.0328125,174.25938508985357,36.74431410865304,764.1456856901814,6.0
2457941.788830149,749176.2937629572,1498.503381678875,641521.5581740907,1768.302366991112,641521.5581740907,1768.302366991112,16.56333876091985,0.0456555056693231,0.8907410509412839,7.149097318875113e-09,14.0,45029.06640625,144.51836818529907,36.74431410865304,764.1456856901814,0.0
2457942.48499078,757528.6776467356,1723.9143406108317,650269.5200617914,2029.373941220841,650269.5200617914,2029.373941220841,16.78920093868673,0.0523960693646747,1.150088447741079,6.7642018804390794e-09,14.0,32485.399609375,175.94557191820283,36.74431410865304,764.1456856901814,0.0
2457942.7506021904,755936.6970078442,1145.2437966767848,648602.1414847573,1502.231105046501,648602.1414847573,1502.231105046501,16.74615116761945,0.0387858558656947,1.1318712923218313,6.806772151468161e-09,14.0,26579.093359375,119.216833309031,36.74431410865304,764.1456856901814,0.0
2457944.685506,756336.4210675966,601.2217459761538,649020.796911635,1106.5470573443613,649020.796911635,1106.5470573443613,16.756960362682523,0.0285697550334231,1.1620275047721729,6.750517308718647e-09,14.0,7860.51943359375,62.94233910565917,36.74431410865304,764.1456856901814,0.0
2457945.632456465,774166.2710183164,1396.0988039490871,667695.0879886096,1873.6123054764294,667695.0879886096,1873.6123054764294,17.239108788229306,0.0483744855131004,1.179170208895069,6.783038167419227e-09,14.0,10417.3927734375,97.30840705247404,36.74431410865304,764.1456856901814,0.0
2457945.7313681445,781117.6950269176,1780.9976536217707,674975.7390145522,2261.9515602608885,674975.7390145522,2261.9515602608885,17.427086710102976,0.0584009523546288,1.1769694358908265,6.410806326600017e-09,14.0,8981.1798828125,105.09038168666936,36.74431410865304,764.1456856901814,0.0
2457946.529982985,753613.2558066505,316.6410541936211,646168.6595759774,933.6818239242315,646168.6595759774,933.6818239242315,16.683321501632218,0.0241065762288441,1.1765827227497034,7.542650404704493e-09,14.0,2157.20458984375,34.83475734041206,36.74431410865304,764.1456856901814,0.0
2457946.687990557,754686.3782707389,476.39017177436426,647292.6062895522,1017.9697027618068,647292.6062895522,1017.9697027618068,16.712340495505376,0.0262827909995522,1.1782644033133565,5.152055605372361e-09,14.0,2679.946435546876,52.281772750146345,36.74431410865304,764.1456856901814,0.0
2457947.677525408,749035.662336345,1528.942701125483,641374.2662898418,1795.8472745696633,641374.2662898418,1795.8472745696633,16.55953585617804,0.0463666830717791,0.3101973734891147,6.9955960077709264e-09,14.0,7308.280078125,50.6876202767296,36.74431410865304,764.1456856901814,4.0
2457948.575485768,754365.9544976735,508.79391348709567,646957.0068973672,1031.3026163070217,646957.0068973672,1031.3026163070217,16.703675710433245,0.0266270312840845,1.0154113955730717,8.480704632206994e-09,14.0,1675.3591796874998,48.386227162514665,36.74431410865304,764.1456856901814,0.0
2457948.5941631044,754768.8398087227,519.9825424119782,647378.9732958482,1042.0647472868727,647378.9732958482,1042.0647472868727,16.71457039092327,0.0269048969597385,0.8797947896981363,4.8081962488001e-09,14.0,1685.0005126953124,42.15179861036982,36.74431410865304,764.1456856901814,0.0
2457954.574370821,753425.0135820536,469.70337193029536,645971.50199446,999.6928739805769,645971.50199446,999.6928739805769,16.678231122719232,0.0258109045871291,1.1154481315864615,6.958610594682367e-09,14.0,1792.1651611328125,50.31481531873649,36.74431410865304,764.1456856901814,0.0
2457954.772326633,754589.2296279236,870.5879981104382,647190.8565811305,1271.3710547264145,647190.8565811305,1271.3710547264145,16.709713436651423,0.0328253184977877,0.4176873312205555,8.368395968955463e-09,14.0,1777.8623779296872,33.20320656064387,36.74431410865304,764.1456856901814,4.0
2457955.622977011,754826.1330126465,347.712429245824,647438.9799683528,960.8914866547013,647438.9799683528,960.8914866547013,16.716119693252935,0.0248090980001434,1.1388973025860514,6.082252663218504e-09,14.0,1730.3533203124998,35.938895151893284,36.74431410865304,764.1456856901814,0.0
2457956.567324613,753633.3281472594,341.14529107518786,646189.6825645147,943.3527214981441,646189.6825645147,943.3527214981441,16.683864290688124,0.0243562675300917,1.193474166813251,6.882294671440251e-09,14.0,1890.9339599609373,38.3545530317394,36.74431410865304,764.1456856901814,0.0
2457958.574212403,0.0,0.0,0.0,0.0,0.0,0.0,0.0,0.0,0.0,0.0,14.0,0.0,0.0,0.0,0.0,5.0
2457960.656543944,754945.7912193281,354.8245297491867,647564.305318117,965.2428242889972,647564.305318117,965.2428242889972,16.71935544768243,0.0249214444651712,1.1890250266329536,7.179864531740278e-09,14.0,1529.524755859375,38.43441289242581,36.74431410865304,764.1456856901814,0.0
2457965.5901423763,795114.2518604004,28900.490183818547,689635.1880343865,30306.53512220972,689635.1880343865,30306.53512220972,17.805576594145283,0.7824794061911363,0.0540619882992039,8.503824358750531e-09,14.0,6664.645800781251,55.9283038527492,36.74431410865304,764.1456856901814,4.0
2457968.5422746576,0.0,0.0,0.0,0.0,0.0,0.0,0.0,0.0,0.0,0.0,14.0,0.0,0.0,0.0,0.0,5.0
2457968.704035311,752909.0815388988,607.1108005465526,645431.1348474324,1072.2541034721553,645431.1348474324,1072.2541034721553,16.664279472930613,0.0276843509423827,1.1665114614658123,6.749784603411406e-09,14.0,10007.587109375,69.52127477276161,36.74431410865304,764.1456856901814,0.0
2457969.754045121,759435.966856523,1313.0434309835375,652267.1405672908,1673.3089214242202,652267.1405672908,1673.3089214242202,16.840777171358503,0.0432028856459685,1.1051307190307622,7.42769072290221e-09,14.0,25582.12890625,122.77088849689385,36.74431410865304,764.1456856901814,0.0
2457970.558578161,756169.896132791,861.9748810909882,648846.385174423,1280.1564208104,648846.385174423,1280.1564208104,16.752457254952926,0.0330521464082977,1.1600595107273333,5.768889310611047e-09,14.0,12860.283203125,91.20936101589034,36.74431410865304,764.1456856901814,0.0
2457971.504186619,758139.2403573283,885.5774131319955,650908.9996878041,1317.001460275283,650908.9996878041,1317.001460275283,16.80571155713968,0.0340034423741781,1.1780509528882848,8.498830308030519e-09,14.0,11474.284765625,90.57547637891724,36.74431410865304,764.1456856901814,0.0
2457972.4779339395,784912.3201451906,2955.1257495216373,678950.0817141525,3372.42500215139,678950.0817141525,3372.42500215139,17.529699605408997,0.0870720820597441,1.1701315156668564,6.052121594073285e-09,14.0,25713.195703125,159.47842945297586,36.74431410865304,764.1456856901814,2.0
2457973.5586458915,-387313769.23000604,-387313769.23000604,-387313769.23000604,-387313769.23000604,-387313769.23000604,-387313769.23000604,-9999.99,-9999.99,0.9855857583251748,-9999.99,14.0,-9999.99,-9999.99,-9999.99,-9999.99,1.0
2457973.6908085914,-387313769.23000604,-387313769.23000604,-387313769.23000604,-387313769.23000604,-387313769.23000604,-387313769.23000604,-9999.99,-9999.99,0.0956363089514941,-9999.99,14.0,-9999.99,-9999.99,-9999.99,-9999.99,7.0
2457974.488831212,755461.5917933984,453.6784802142989,648104.5347695424,1015.8585984329548,648104.5347695424,1015.8585984329548,16.733303542331114,0.0262282847468583,1.1658050959932578,7.557893777819595e-09,14.0,4827.640625,48.16429140620244,36.74431410865304,764.1456856901814,0.0
2457979.571866205,754544.1073773513,378.9648254712393,647143.5972915929,970.2699004109098,647143.5972915929,970.2699004109098,16.70849325688936,0.0250512377101888,1.1582120757537355,6.4187481608392476e-09,14.0,1869.9949951171875,40.538027256669714,36.74431410865304,764.1456856901814,0.0
2457980.5027886257,754782.6652650898,399.4465217978364,647393.4535408969,982.1724302286426,647393.4535408969,982.1724302286426,16.7149442539697,0.0253585471543861,1.1315876744514983,7.705004957731031e-09,14.0,2210.7673828125,41.497121414517736,36.74431410865304,764.1456856901814,0.0
2457980.6178851826,754322.4860023834,572.3062272014508,646911.479686764,1066.7084507552383,646911.479686764,1066.7084507552383,16.702500250930054,0.0275411686542268,1.1118524059146535,8.461052182587872e-09,14.0,2314.882568359375,60.08912313756069,36.74431410865304,764.1456856901814,0.0
2457981.624695877,753498.0083271284,391.90753178017417,646047.9538502181,963.100527213903,646047.9538502181,963.100527213903,16.68020502050908,0.0248661328521331,1.1387337533350073,6.671877136543088e-09,14.0,1984.588232421875,42.4468733448938,36.74431410865304,764.1456856901814,0.0
2457983.67671308,755451.1237027722,1610.6410585820988,648093.5708987351,1910.9259099012397,648093.5708987351,1910.9259099012397,16.733020467968302,0.0493378792800038,0.9047229835041196,8.359429727640581e-09,14.0,2000.3358642578123,135.55730364494954,36.74431410865304,764.1456856901814,2.0
2457986.609924924,753897.7205135324,947.7453117621798,646466.5968414128,1324.3093371109055,646466.5968414128,1324.3093371109055,16.691013894497317,0.0341921232347185,1.0115739067340832,8.171908886663059e-09,14.0,1859.4117431640625,92.20140828510976,36.74431410865304,764.1456856901814,0.0
2457989.697470366,779154.1094132375,36975.58319464586,672919.1558461146,38746.91260326946,672919.1558461146,38746.91260326946,17.373988130211455,1.000400113153402,0.0124067429497743,7.101589691683146e-09,14.0,967.9466918945312,22.426072292844974,36.74431410865304,764.1456856901814,6.0
2457990.65519863,753829.8843816585,340.17509395293075,646395.5479163997,945.4181820810886,646395.5479163997,945.4181820810886,16.689179494080687,0.0244095953144767,1.1702366519461893,8.292072689271847e-09,14.0,1898.491259765625,37.24745077115959,36.74431410865304,764.1456856901814,0.0
2457993.591957973,755732.3403370235,398.2867958334615,648388.1062592798,993.4184533168564,648388.1062592798,993.4184533168564,16.740625027614975,0.0256489063601677,1.154677874939433,5.503681958569729e-09,14.0,2996.573291015625,41.20817998104616,36.74431410865304,764.1456856901814,0.0
2457995.497142797,753985.954621039,404.7737086325291,646559.0098124167,974.8305099064389,646559.0098124167,974.8305099064389,16.693399889675707,0.0251689873307093,1.173641214277156,3.689661749891422e-09,14.0,3657.248291015625,44.764774607252846,36.74431410865304,764.1456856901814,0.0
2457996.6720416825,767782.0520743467,2707.825952361434,661008.5054773528,3032.9054297726398,661008.5054773528,3032.9054297726398,17.06646902285335,0.0783060825050638,0.6488997200914954,7.507284239662927e-09,14.0,22508.94375,121.86302315691428,36.74431410865304,764.1456856901814,4.0
2457998.6187601136,755500.0532244372,513.8789792130144,648144.8177758742,1047.2870813853872,648144.8177758742,1047.2870813853872,16.734343602593587,0.0270397315380847,1.153268099177032,6.799412227547465e-09,14.0,7130.163769531249,54.17303429884237,36.74431410865304,764.1456856901814,0.0
2457999.4855234814,762824.9301459264,1412.337257081695,655816.6088516808,1786.5640154049588,655816.6088516808,1786.5640154049588,16.93242030457264,0.0461270001423573,0.9132629116453862,8.502996988589845e-09,14.0,14311.766015625,100.37616820030703,36.74431410865304,764.1456856901814,0.0
2458000.6659434848,812156.2588902324,5534.442441998273,707484.3230910776,6064.355279926559,707484.3230910776,6064.355279926559,18.26642045319633,0.1565745836412536,1.0212277084979038,7.2144112495507744e-09,14.0,10844.5236328125,136.13284391358158,36.74431410865304,764.1456856901814,0.0
2458003.570667568,753311.1227397755,417.865591764451,645852.2171577631,972.758671592955,645852.2171577631,972.758671592955,16.675151327295243,0.0251154948807568,1.1460636043640446,6.596217353289966e-09,14.0,3288.680712890625,45.94256699740537,36.74431410865304,764.1456856901814,0.0
2458004.556674968,754924.0734892852,341.8197060640624,647541.5590127101,959.8064688018018,647541.5590127101,959.8064688018018,16.718768164593946,0.0247810841040705,1.1430211137739736,6.794513890041296e-09,14.0,2448.87001953125,35.359338529259574,36.74431410865304,764.1456856901814,0.0
2458005.652066875,753996.8328020718,479.3987462218071,646570.403195959,1011.4008020734594,646570.403195959,1011.4008020734594,16.693694053556637,0.026113189641653,1.025006547022361,8.483382592287125e-09,14.0,3088.317333984375,46.3517325145053,36.74431410865304,764.1456856901814,0.0
2458008.5424054526,753382.0365238229,349.9571301427714,645926.4894959119,943.7766365328554,645926.4894959119,943.7766365328554,16.67706895248125,0.0243672125220975,1.0851695380445552,8.501626166599983e-09,14.0,1897.2753417968752,35.86687230243666,36.74431410865304,764.1456856901814,0.0
2458019.509596778,754478.1653567951,329.3426256515689,647074.5321850742,949.360053783135,647074.5321850742,949.360053783135,16.706710076353563,0.0245113698464798,1.1161872523756788,6.080387712747061e-09,14.0,2006.8222412109376,33.53497344245094,36.74431410865304,764.1456856901814,0.0
2458032.5344161717,754594.5579926271,568.2418367496585,647196.4373029943,1067.3825931249416,647196.4373029943,1067.3825931249416,16.709857524384066,0.0275585742243128,1.0690735453705138,6.555670679591189e-09,14.0,3582.352734375,56.922512553378205,36.74431410865304,764.1456856901814,0.0
2458036.5230566296,0.0,0.0,0.0,0.0,0.0,0.0,0.0,0.0,0.0,0.0,14.0,0.0,0.0,0.0,0.0,5.0
2458042.4989677826,753814.5298221876,463.72196171713534,646379.466148258,1001.2006539317665,646379.466148258,1001.2006539317665,16.688764281575022,0.0258498337077335,1.04437188537364,8.499848615087198e-09,14.0,2336.70703125,45.74791360614272,36.74431410865304,764.1456856901814,0.0
2458045.524245484,754198.5699360442,501.5960752451778,646781.6948204678,1025.481156392959,646781.6948204678,1025.481156392959,16.699149356982506,0.026476727975628,1.0381989353575418,6.179361063815919e-09,14.0,2353.739892578125,48.97295852769785,36.74431410865304,764.1456856901814,0.0
2458166.847815993,758682.0863653185,1096.6445459109582,651477.555474376,1485.8542373625603,651477.555474376,1485.8542373625603,16.820391004739655,0.0383630242338725,0.2519299921263336,7.191862463573853e-09,14.0,1638.8039794921874,21.691396602726805,36.74431410865304,764.1456856901814,4.0
2458173.8907121285,753799.836265981,440.28672347742474,646364.0766892143,989.3514567151725,646364.0766892143,989.3514567151725,16.688366943683196,0.0255439012491237,1.0250957073410518,7.18593370684943e-09,14.0,2294.358837890625,42.64230154179819,36.74431410865304,764.1456856901814,0.0
2458174.865789967,753864.2176161271,488.0365996121281,646431.507210272,1014.3771943654903,646431.507210272,1014.3771943654903,16.690107921127957,0.0261900366208233,1.0282339483159115,7.363587585662094e-09,14.0,2244.647802734374,47.58862834953031,36.74431410865304,764.1456856901814,0.0
2458175.8410926685,753004.0513266466,355.0389232139812,645530.6025078339,941.2074582936241,645530.6025078339,941.2074582936241,16.666847611965064,0.0243008793350497,1.0351541592104516,7.328444103031757e-09,14.0,1913.6070068359372,34.993700165936005,36.74431410865304,764.1456856901814,0.0
2458178.8686078237,754040.0713969884,437.21290565267634,646615.6896178562,990.7266638237257,646615.6896178562,990.7266638237257,16.69486329617614,0.0255794074934816,1.0133546069543589,5.200114258886529e-09,14.0,3095.80830078125,41.575620010575975,36.74431410865304,764.1456856901814,0.0
2458180.8976174225,754456.5771818974,550.7272897142763,647051.9215706842,1055.6954380968364,647051.9215706842,1055.6954380968364,16.706126296648947,0.0272568255061047,1.036192128889396,7.132981874124933e-09,14.0,3790.102880859375,53.578563977149294,36.74431410865304,764.1456856901814,0.0
2458186.8845094293,752293.0151443899,1712.8577728620685,644785.8908770346,1987.3838885784685,644785.8908770346,1987.3838885784685,16.647620025825578,0.05131193515649,0.7919465026557377,7.1521218906551166e-09,14.0,5095.85546875,136.09102302234436,36.74431410865304,764.1456856901814,2.0
2458195.8548368453,754253.2219652161,354.2108868305441,646838.9352293066,956.3213504470523,646838.9352293066,956.3213504470523,16.700627237609165,0.024691102411022,1.067884935369752,8.072791221638835e-09,14.0,1736.87802734375,34.83997271821403,36.74431410865304,764.1456856901814,0.0
2458203.833274608,756096.2951833725,1486.9308427724334,648769.2984038233,1802.016865780399,648769.2984038233,1802.016865780399,16.750466964402026,0.0465259747244722,0.8600803806116241,8.140050524144572e-09,14.0,1817.3887207031248,116.97129376918848,36.74431410865304,764.1456856901814,2.0
2458208.8205833314,754952.2350779803,563.7434112902265,647571.0543649386,1068.8145586191813,647571.0543649386,1068.8145586191813,16.71952970020348,0.0275955459040215,1.0106581955153402,3.239592596599338e-09,14.0,4733.73984375,52.843473606188745,36.74431410865304,764.1456856901814,0.0
2458208.8346759444,753169.9632517734,506.21040574353077,645704.3722025611,1016.1360180041116,645704.3722025611,1016.1360180041116,16.671334142906183,0.0262354473967762,1.0156768390123423,3.471613347909698e-09,14.0,4147.75400390625,49.71135268200002,36.74431410865304,764.1456856901814,0.0
2458209.724878933,754672.1274247192,1099.159859100412,647277.6805079326,1453.3637763131053,647277.6805079326,1453.3637763131053,16.711955129224105,0.0375241584062107,0.3204949580257923,8.417914646063489e-09,14.0,2117.40986328125,32.03172704800991,36.74431410865304,764.1456856901814,0.0
2458209.7627819357,754451.0432426223,999.9205030497038,647046.1255380141,1370.5622447034393,647046.1255380141,1370.5622447034393,16.705976649842285,0.0353863193881777,0.3267041629162467,7.39653857723334e-09,14.0,2270.61171875,29.66500765354761,36.74431410865304,764.1456856901814,0.0
2458209.8042549645,753070.9585770479,1026.356289154281,645600.6785585365,1380.106452107759,645600.6785585365,1380.106452107759,16.668656893901144,0.0356327396969389,0.3309794096569889,7.411413288450887e-09,14.0,1612.4085205078125,32.12947639545109,36.74431410865304,764.1456856901814,0.0
2458209.8172699315,753499.0374818962,534.9002742136229,646049.0317468778,1035.8397493419543,646049.0317468778,1035.8397493419543,16.680232850544243,0.0267441747697607,1.0154949277059897,6.571669327813309e-09,14.0,3893.5408203125,52.18108368024433,36.74431410865304,764.1456856901814,0.0
2458209.862792787,753490.1516651617,875.3993096046216,646039.7250881774,1264.7233026226995,646039.7250881774,1264.7233026226995,16.67999256346609,0.0326536812882669,0.3409212022797493,4.383881930929761e-09,14.0,1105.2924072265623,27.56462466037979,36.74431410865304,764.1456856901814,0.0
2458209.901470352,754782.1117647062,785.8188982305511,647392.8738261323,1211.2013566914266,647392.8738261323,1211.2013566914266,16.714929286410285,0.0312718070389798,0.3423257166879618,3.704424371231324e-09,14.0,897.1267944335937,23.57171134987731,36.74431410865304,764.1456856901814,0.0
2458210.835086509,754142.4041169073,757.785039657811,646722.8689269227,1184.9890458026005,646722.8689269227,1184.9890458026005,16.697630540989053,0.0305950357295418,0.3288890068848462,7.540118500220285e-09,14.0,1425.912768554687,21.96064397482013,36.74431410865304,764.1456856901814,0.0
2458210.880709605,755157.3517898722,877.0153438841891,647785.8856278608,1281.589505719538,647785.8856278608,1281.589505719538,16.72507639296676,0.0330891469899941,0.3295836660667246,8.304987058575041e-09,14.0,1095.2240478515623,25.313823653238465,36.74431410865304,764.1456856901814,0.0
2458210.8876891914,753102.4946083027,816.991351086476,645633.708170602,1217.4026977788158,645633.708170602,1217.4026977788158,16.669509679979512,0.0314319184364748,0.330794200804728,6.765468332087141e-09,14.0,1035.8883544921875,24.83213296596944,36.74431410865304,764.1456856901814,0.0
2458211.755784115,749834.588068911,937.1059425200137,642211.0300158432,1280.9246026610087,642211.0300158432,1280.9246026610087,16.581140120103424,0.0330719799681516,0.3132047157201428,8.500182962284841e-09,14.0,2693.55634765625,29.900848627445047,36.74431410865304,764.1456856901814,0.0
2458211.7627013214,751632.329492069,1019.2517767636729,644093.9144321444,1362.386408320719,644093.9144321444,1362.386408320719,16.629754000708804,0.0351752288239786,0.3112011922914082,5.4356484316782235e-09,14.0,2731.223681640625,30.98583664249792,36.74431410865304,764.1456856901814,0.0
2458211.8877716493,754289.0536163708,686.2759717114695,646876.4639065117,1137.7246531907304,646876.4639065117,1137.7246531907304,16.701596184304538,0.0293747242120494,0.3191070963254176,5.746196576562516e-09,14.0,959.2259399414064,18.63679311587014,36.74431410865304,764.1456856901814,0.0
2458213.8070815075,755415.9476236512,649.1153505551144,648056.7288421688,1125.7318566737815,648056.7288421688,1125.7318566737815,16.73206924901738,0.0290650841869092,1.0366931633793324,3.819627499751103e-09,14.0,7399.4654296875,61.95230796049838,36.74431410865304,764.1456856901814,0.0
2458221.90365426,753835.97794343,353.26489394175115,646401.9300758975,950.7452235102895,646401.9300758975,950.7452235102895,16.68934427399875,0.0245471333140358,1.0316771277142711,6.0275170006045724e-09,14.0,1767.735009765625,33.8557311110789,36.74431410865304,764.1456856901814,0.0
2458222.725520714,755307.5728784818,1354.7562914576695,647943.2213509514,1678.0161516723713,647943.2213509514,1678.0161516723713,16.729138617918576,0.0433244208433946,0.2575339670229994,8.475528212388192e-09,14.0,529.7768188476562,31.05205168915002,36.74431410865304,764.1456856901814,0.0
2458222.923436963,754749.7450282623,1249.142019166016,647358.974165774,1581.2950953317356,647358.974165774,1581.2950953317356,16.714054036699277,0.040827195923871,0.2646684906014452,6.937379652821406e-09,14.0,733.9436889648437,29.63239049744016,36.74431410865304,764.1456856901814,0.0
2458223.711719676,756820.9881175682,1081.6341526352498,649528.3135852175,1457.2396186734227,649528.3135852175,1457.2396186734227,16.77006385154313,0.0376242281375859,0.2697305808349651,5.919674118179854e-09,14.0,576.5700073242188,24.41375476135988,36.74431410865304,764.1456856901814,0.0
2458223.760321508,756469.8822678549,848.336304034537,649160.5789797958,1273.0847214074347,649160.5789797958,1273.0847214074347,16.76056937272771,0.0328695633737383,0.2915232008889033,8.325215577483552e-09,14.0,535.9886108398438,20.198981920840797,36.74431410865304,764.1456856901814,0.0
2458223.763771026,754820.9822406094,769.233961317407,647433.5852501385,1199.8573412313679,647433.5852501385,1199.8573412313679,16.71598040791769,0.0309789177843944,0.2796667733267924,8.006470817813034e-09,14.0,532.3807006835938,17.87912852272223,36.74431410865304,764.1456856901814,0.0
2458223.780509642,753967.4849688074,443.73220563210543,646539.665417326,993.0351990099979,646539.665417326,993.0351990099979,16.692900439945713,0.0256390111807537,1.0249795397637511,5.958252979593144e-09,14.0,1790.7010498046875,42.71091304129449,36.74431410865304,764.1456856901814,0.0
2458223.8861196563,756350.5131761663,881.810254489957,649035.5564378251,1296.6385441476111,649035.5564378251,1296.6385441476111,16.75734143644245,0.0334776956183827,0.2915882051533203,7.813667451178804e-09,14.0,541.614794921875,21.281444814602857,36.74431410865304,764.1456856901814,0.0
2458223.923526829,755001.6828267304,942.4990330626358,647622.8440129618,1330.1812123020238,647622.8440129618,1330.1812123020238,16.720866848540247,0.0343437282068556,0.2916892716202521,8.453446701955681e-09,14.0,865.6052978515625,23.981340984238056,36.74431410865304,764.1456856901814,0.0
2458224.855267088,753877.4572988083,465.40692340603283,646445.373938755,1002.7988726749229,646445.373938755,1002.7988726749229,16.690465943891866,0.025891097852515,1.0378002230605052,3.0664334640847562e-09,14.0,1863.190234375,45.7012667648858,36.74431410865304,764.1456856901814,0.0
2458225.718879109,753871.0179438018,1067.2012826383761,646438.6296088769,1420.2819922389658,646438.6296088769,1420.2819922389658,16.6902918131568,0.0366700253074024,0.2773520983538809,5.106464588488382e-09,14.0,535.2078247070312,26.987889917332765,36.74431410865304,764.1456856901814,0.0
2458225.7258222518,752496.8760947993,675.9769643963348,644999.4069042412,1112.3010977604497,644999.4069042412,1112.3010977604497,16.653132760735968,0.028718317649038,0.2846643541927137,6.591802206701745e-09,14.0,524.8578857421875,16.742756417006518,36.74431410865304,764.1456856901814,0.0
2458225.764138365,753844.0969419859,742.1283453829277,646410.4335990737,1171.054938352727,646410.4335990737,1171.054938352727,16.68956382505395,0.0302352733192493,0.287423216746939,7.089366337392232e-09,14.0,535.4011474609375,18.274100453945607,36.74431410865304,764.1456856901814,0.0
2458225.921803025,754522.5166177463,484.8147615521978,647120.9839700819,1020.3928830491295,647120.9839700819,1020.3928830491295,16.707909407290035,0.0263453546896828,0.953412788555152,8.458976069902859e-09,14.0,2269.338232421874,42.91731863009394,36.74431410865304,764.1456856901814,0.0
2458226.709119308,755117.0746739747,778.6428995179333,647743.7009438572,1209.4731469113508,647743.7009438572,1209.4731469113508,16.723987233603715,0.0312271866771656,0.2923469017730878,7.93354828803379e-09,14.0,580.6785278320312,19.09917349266591,36.74431410865304,764.1456856901814,0.0
2458226.7293657023,751965.8164635956,620.1096173188645,644443.1957101063,1070.405607186066,644443.1957101063,1070.405607186066,16.638772036121672,0.0276366249232105,0.2929237336316538,5.501270444729267e-09,14.0,554.4186767578125,15.785292410407044,36.74431410865304,764.1456856901814,0.0
2458226.854500475,753725.0509610628,734.2639197912162,646285.7494707472,1164.3998653348738,646285.7494707472,1164.3998653348738,16.68634462621446,0.03006344709226,0.308234211962888,8.501908907907767e-09,14.0,499.7882507324219,19.775490799319144,36.74431410865304,764.1456856901814,0.0
2458226.867243804,754097.9817118783,408.2717793735838,646676.3426283753,977.7894771112133,646676.3426283753,977.7894771112133,16.696429286199862,0.0252453844144404,1.0160600090333156,7.246969460149113e-09,14.0,1667.4208740234376,38.67689698826118,36.74431410865304,764.1456856901814,0.0
2458227.8238032395,757785.0070359957,969.5003538618414,650537.9894902974,1376.9621003670732,650537.9894902974,1376.9621003670732,16.79613250635525,0.0355515562006076,0.2872290362703422,8.207770930698714e-09,14.0,505.1130981445313,22.281614072898705,36.74431410865304,764.1456856901814,0.0
2458228.674746119,753267.6180878226,774.5736179748703,645806.6520780788,1188.2105132560027,645806.6520780788,1188.2105132560027,16.673974890056517,0.0306782102636757,0.2963309046327486,8.470503319042337e-09,14.0,739.6140502929688,20.48722456740907,36.74431410865304,764.1456856901814,0.0
2458228.7749153557,755139.6027110011,695.1899560383328,647767.2959332698,1152.5851998100873,647767.2959332698,1152.5851998100873,16.72459642872386,0.0297584062016764,0.3195404493523266,8.497446430080984e-09,14.0,516.68388671875,18.48630267001829,36.74431410865304,764.1456856901814,0.0
2458228.8649770203,753356.5686689627,826.4971447185538,645899.8154556883,1226.8290189823822,645899.8154556883,1226.8290189823822,16.676380259858668,0.0316752950609616,0.3204491045729309,3.232675031320564e-09,14.0,519.57783203125,24.106811199971524,36.74431410865304,764.1456856901814,0.0
2458228.8929005964,754066.0301716672,618.1215828303413,646642.877828396,1091.5983999868367,646642.877828396,1091.5983999868367,16.695565264076894,0.0281837981272541,0.3233789165475494,2.779634001867317e-09,14.0,541.0527465820312,16.73591617992242,36.74431410865304,764.1456856901814,0.0
2458229.6742760087,753532.256115659,758.3486815148926,646083.8236513395,1179.2948674214574,646083.8236513395,1179.2948674214574,16.68113113695786,0.0304480186818834,0.297290665374901,8.033830928380398e-09,14.0,595.1794799804687,19.87411697673044,36.74431410865304,764.1456856901814,0.0
2458229.6844948474,753820.5814555575,713.835349185264,646385.8043935791,1151.3586892776245,646385.8043935791,1151.3586892776245,16.688927927680247,0.0297267391295661,0.2958840435102931,8.50372066914672e-09,14.0,591.7479858398438,18.084338976025236,36.74431410865304,764.1456856901814,0.0
2458229.8531858018,754229.8974967576,485.2003703984508,646814.5060885999,1017.1578481936016,646814.5060885999,1017.1578481936016,16.69999650567506,0.0262618298610426,1.0045819896715298,8.37262244921245e-09,14.0,1644.903491210937,45.58058161659395,36.74431410865304,764.1456856901814,0.0
2458230.6776513997,754465.919148026,685.8082841267419,647061.7059825107,1139.274188498758,647061.7059825107,1139.274188498758,16.70637891875586,0.0294147314072899,0.3037584111085394,7.174401562437099e-09,14.0,662.6403930664062,17.368251273665905,36.74431410865304,764.1456856901814,0.0
2458230.7158265742,754952.7431686927,689.3871172245899,647571.586519381,1146.7745382017224,647571.586519381,1146.7745382017224,16.7195434398108,0.0296083816928846,0.3161131867897854,7.0640899226424655e-09,14.0,569.3343994140624,18.15660145991545,36.74431410865304,764.1456856901814,0.0
2458230.7332284944,754738.9245006955,664.6172142615846,647347.6411662286,1128.3279288754277,647347.6411662286,1128.3279288754277,16.713761431862775,0.0291321117447142,0.3160538096434337,7.015462557830024e-09,14.0,557.1377319335937,17.379755663562133,36.74431410865304,764.1456856901814,0.0
2458230.803915779,753719.858392103,363.14310171799474,646280.3109760623,953.3851119802581,646280.3109760623,953.3851119802581,16.686204210621764,0.0246152921568089,0.9817723619812468,5.262384049565646e-09,14.0,1719.2666259765624,33.15302223528593,36.74431410865304,764.1456856901814,0.0
2458230.8541013976,754227.4559292552,760.4235789528637,646811.9488858001,1187.6946494601555,646811.9488858001,1187.6946494601555,16.6999304816799,0.0306648912618491,0.3302647824689379,4.396527497361591e-09,14.0,555.5112915039062,22.12183407594415,36.74431410865304,764.1456856901814,0.0
2458231.8294943827,755325.5142455855,1034.0745736480123,647962.0124407549,1405.6467249499221,647962.0124407549,1405.6467249499221,16.729623781951087,0.0362921597674586,0.3286673661909093,7.571462231284939e-09,14.0,1554.5016357421875,30.194379890032703,36.74431410865304,764.1456856901814,4.0
2458237.6575159207,0.0,0.0,0.0,0.0,0.0,0.0,0.0,0.0,0.0,0.0,14.0,0.0,0.0,0.0,0.0,5.0
2458237.713015585,737468.5004053755,8532.671499714052,629259.270962878,8962.6046848767,629259.270962878,8962.6046848767,16.24674080021984,0.2314040045643093,0.0508294804278111,4.011462579290346e-09,14.0,10654.3353515625,61.351489853660446,36.74431410865304,764.1456856901814,6.0
2458237.723913186,807726.9165576865,27692.826779993287,702845.2022781633,29054.697110394925,702845.2022781633,29054.697110394925,18.14664376198764,0.7501584080901526,0.1100055969519592,4.757083877167604e-09,14.0,11329.262890625,76.80167871554033,36.74431410865304,764.1456856901814,6.0
2458237.739524192,755372.2359505559,5826.151071062036,648010.9469365948,6167.610597617379,648010.9469365948,6167.610597617379,16.730887213586957,0.1592405155713469,0.19054735792438,8.007722912812441e-09,14.0,27516.579296875,103.4428833254068,36.74431410865304,764.1456856901814,4.0
2458237.84494124,730525.6553103442,22572.70641411866,621987.6051572028,23649.849972883494,621987.6051572028,23649.849972883494,16.058994866258708,0.6106115558465749,0.019087323008141,4.583335473494205e-09,14.0,9509.3171875,72.17693456497703,36.74431410865304,764.1456856901814,6.0
2458237.9254233874,754279.7162048474,624.3186318931694,646866.6842650023,1097.7795101719164,646866.6842650023,1097.7795101719164,16.70134368536164,0.0283433871864362,1.018945757063467,6.097642764623122e-09,14.0,6737.06943359375,60.19133786832591,36.74431410865304,764.1456856901814,0.0
2458238.6957163136,749324.1631051627,1380.5184847055734,641676.4307695049,1660.5278619576004,641676.4307695049,1660.5278619576004,16.56733739078652,0.0428728935904067,0.3729005671326219,5.033507908953528e-09,14.0,5424.16533203125,54.8348540098214,36.74431410865304,764.1456856901814,0.0
2458238.7237720448,790155.1456490423,4376.74785625648,684441.2131479746,4799.804636462592,684441.2131479746,4799.804636462592,17.671474217595055,0.1239253602111831,0.3786904541867867,6.331732744713178e-09,14.0,5665.4078125,66.69409153338992,36.74431410865304,764.1456856901814,0.0
2458238.736771237,830282.0852748385,9546.661282051442,726468.6083684303,10213.811062408558,726468.6083684303,10213.811062408558,18.75657256761273,0.263708694604452,1.0499182833174157,3.5259361751822593e-09,14.0,15318.512109375,157.14209544327258,36.74431410865304,764.1456856901814,0.0
2458238.8554717936,-387313769.23000604,-387313769.23000604,-387313769.23000604,-387313769.23000604,-387313769.23000604,-387313769.23000604,-9999.99,-9999.99,0.2820085774704092,-9999.99,14.0,-9999.99,-9999.99,-9999.99,-9999.99,5.0
2458239.646098967,0.0,0.0,0.0,0.0,0.0,0.0,0.0,0.0,0.0,0.0,14.0,0.0,0.0,0.0,0.0,5.0
2458239.6958102537,0.0,0.0,0.0,0.0,0.0,0.0,0.0,0.0,0.0,0.0,14.0,0.0,0.0,0.0,0.0,5.0
2458239.751379933,0.0,0.0,0.0,0.0,0.0,0.0,0.0,0.0,0.0,0.0,14.0,0.0,0.0,0.0,0.0,5.0
2458239.8268959406,0.0,0.0,0.0,0.0,0.0,0.0,0.0,0.0,0.0,0.0,14.0,0.0,0.0,0.0,0.0,5.0
2458239.917798906,777845.5311633867,4656.757151981876,671548.6019041421,5029.595113501892,671548.6019041421,5029.595113501892,17.33860202519012,0.1298582824438642,0.4291419003406872,7.957222393099503e-09,14.0,24369.132421875,109.0133397266291,36.74431410865304,764.1456856901814,4.0
2458239.921764513,0.0,0.0,0.0,0.0,0.0,0.0,0.0,0.0,0.0,0.0,14.0,0.0,0.0,0.0,0.0,5.0
2458240.7167375484,760228.5770287022,1197.3713205379377,653097.289621084,1582.091306071292,653097.289621084,1582.091306071292,16.862210652158687,0.0408477531569621,0.3788371129032592,7.971511017932531e-09,14.0,4094.7850097656246,36.26258035137725,36.74431410865304,764.1456856901814,0.0
2458240.727268688,757601.7697932735,1231.5571845091972,650346.0739320519,1588.7110590013938,650346.0739320519,1588.7110590013938,16.79117747037211,0.041018667460461,0.3884852649224052,6.355562085526645e-09,14.0,4078.85068359375,41.12895882991919,36.74431410865304,764.1456856901814,0.0
2458240.7792239366,761963.5150637289,1408.965410060727,654914.3962123418,1776.6733988336186,654914.3962123418,1776.6733988336186,16.909126226003735,0.0458716359527395,0.3811416826087136,7.0028717530183105e-09,14.0,4154.794921875,41.55320866690041,36.74431410865304,764.1456856901814,0.0
2458240.8833884373,762191.2851658328,1355.1694387808952,655152.9537547264,1732.0409677781934,655152.9537547264,1732.0409677781934,16.91528550364319,0.044719278614354,0.3833106061703057,8.143616997955493e-09,14.0,4196.580078125,39.84134126141692,36.74431410865304,764.1456856901814,0.0
2458240.9253083747,765343.7375121607,1343.0059413192037,658454.7096800044,1748.5361512820975,658454.7096800044,1748.5361512820975,17.000532992522462,0.0451451650227178,0.3856802340632083,6.224258740378786e-09,14.0,4164.248828125,36.5747306546201,36.74431410865304,764.1456856901814,0.0
2458244.6442426685,752682.2369114526,1372.6391487404903,645193.5466111943,1675.419197650273,645193.5466111943,1675.419197650273,16.65814522164587,0.0432573705180135,0.2902502733503441,4.7886650557967674e-09,14.0,1658.9743164062502,38.44600064837415,36.74431410865304,764.1456856901814,6.0
2458244.647554901,752436.6745227835,1344.3839593585208,644936.3541201608,1648.3963568180595,644936.3541201608,1648.3963568180595,16.651504811356503,0.0425596722703345,0.3309419956319649,5.256225480881794e-09,14.0,1683.5706298828125,43.56274747559301,36.74431410865304,764.1456856901814,0.0
2458244.671933571,754762.5366079587,945.9073261775445,647372.3715686265,1330.6564389082284,647372.3715686265,1330.6564389082284,16.71439994202255,0.0343559980038195,0.3700046505040231,4.348683888009291e-09,14.0,1733.4443115234376,31.68123280023703,36.74431410865304,764.1456856901814,0.0
2458244.6857687496,752751.8063888396,669.6606100410098,645266.4109748532,1110.7289636643293,645266.4109748532,1110.7289636643293,16.66002649457194,0.0286777269794341,0.3865792074196444,7.780385952944853e-09,14.0,1733.6936279296874,23.88313481932525,36.74431410865304,764.1456856901814,0.0
2458244.713664635,753266.5645327307,709.7926262764354,645805.5486254687,1142.9509841376625,645805.5486254687,1142.9509841376625,16.67394640019652,0.0295096619843623,0.3943870502786086,6.8684429024243675e-09,14.0,1796.2674560546875,25.746986262838195,36.74431410865304,764.1456856901814,0.0
2458244.733248596,752346.5659146039,803.566364717036,644841.9778700897,1200.364142738904,644841.9778700897,1200.364142738904,16.649068126601325,0.0309920028085014,0.4054102551540478,8.214195085677291e-09,14.0,1835.047338867188,31.27158330302983,36.74431410865304,764.1456856901814,0.0
2458244.739272706,754206.9922799127,921.9566132065387,646790.5160557213,1306.997379145268,646790.5160557213,1306.997379145268,16.699377110993165,0.0337451486619297,0.4067319669155176,7.247723866335329e-09,14.0,1844.8603759765624,34.6770352668034,36.74431410865304,764.1456856901814,0.0
2458244.74473338,755288.0417960222,961.7336130967198,647922.7652551397,1347.7931922349494,647922.7652551397,1347.7931922349494,16.72861046537198,0.034798448997081,0.4034994327718208,6.629374439715645e-09,14.0,1841.7673583984372,34.96754033393381,36.74431410865304,764.1456856901814,0.0
2458244.8351802425,755632.250575459,639.2238897988584,648283.2761375204,1121.8821378155646,648283.2761375204,1121.8821378155646,16.737918436079717,0.0289656889339041,0.4079093626589211,6.148683723135874e-09,14.0,1048.8462890625,22.118115535231446,36.74431410865304,764.1456856901814,0.0
2458244.83881924,754494.9733094542,703.668608266614,647092.1361806896,1151.462364961801,647092.1361806896,1151.462364961801,16.70716459099802,0.0297294159148688,0.4091127801469441,8.078956376877324e-09,14.0,1088.1862548828124,25.67654309648211,36.74431410865304,764.1456856901814,0.0
2458245.6333709145,753309.1879190648,1760.910662562077,645850.1907018347,2038.663362830884,645850.1907018347,2038.663362830884,16.67509900656557,0.0526359114012511,0.2343893426213017,8.38834661039386e-09,14.0,865.5372314453125,39.30190977421666,36.74431410865304,764.1456856901814,6.0
2458245.63715097,752384.2267448985,2516.9422154663284,644881.4223583539,2771.7631296621494,644881.4223583539,2771.7631296621494,16.650086537304833,0.0715636927499216,0.1592904286395082,4.7550045288252335e-09,14.0,799.5119995117187,39.053844430904704,36.74431410865304,764.1456856901814,6.0
2458245.6409275425,751511.813595714,2777.6031948991667,643967.690771589,3029.3536452643903,643967.690771589,3029.3536452643903,16.62649505294191,0.0782143795696498,0.1413228370689917,3.4859688382028193e-09,14.0,791.9390625,39.02979445815618,36.74431410865304,764.1456856901814,6.0
2458245.644099067,0.0,0.0,0.0,0.0,0.0,0.0,0.0,0.0,0.0,0.0,14.0,0.0,0.0,0.0,0.0,5.0
2458245.651125137,0.0,0.0,0.0,0.0,0.0,0.0,0.0,0.0,0.0,0.0,14.0,0.0,0.0,0.0,0.0,5.0
2458245.6545129404,0.0,0.0,0.0,0.0,0.0,0.0,0.0,0.0,0.0,0.0,14.0,0.0,0.0,0.0,0.0,5.0
2458245.6577812955,0.0,0.0,0.0,0.0,0.0,0.0,0.0,0.0,0.0,0.0,14.0,0.0,0.0,0.0,0.0,5.0
2458245.661466347,0.0,0.0,0.0,0.0,0.0,0.0,0.0,0.0,0.0,0.0,14.0,0.0,0.0,0.0,0.0,5.0
2458245.6649325406,0.0,0.0,0.0,0.0,0.0,0.0,0.0,0.0,0.0,0.0,14.0,0.0,0.0,0.0,0.0,5.0
2458245.668403596,754391.1170166301,1246.5643773043691,646983.3611406457,1576.3291893794483,646983.3611406457,1576.3291893794483,16.704356146271525,0.0406989820213223,0.3098492595338532,6.719611298050533e-09,14.0,1353.1835693359376,35.614072994639855,36.74431410865304,764.1456856901814,0.0
2458245.67188288,0.0,0.0,0.0,0.0,0.0,0.0,0.0,0.0,0.0,0.0,14.0,0.0,0.0,0.0,0.0,5.0
2458245.6753526623,0.0,0.0,0.0,0.0,0.0,0.0,0.0,0.0,0.0,0.0,14.0,0.0,0.0,0.0,0.0,5.0
2458245.678823022,0.0,0.0,0.0,0.0,0.0,0.0,0.0,0.0,0.0,0.0,14.0,0.0,0.0,0.0,0.0,5.0
2458245.6858452293,753616.6214138493,835.3723719250503,646172.1845820014,1235.8685978789808,646172.1845820014,1235.8685978789808,16.68341251317838,0.0319086864499378,0.3555963499613346,6.4706182102016e-09,14.0,908.4171142578124,27.238626987900957,36.74431410865304,764.1456856901814,0.0
2458245.692717155,753572.2184704359,1215.2011968661145,646125.6786667929,1542.9581232739633,646125.6786667929,1542.9581232739633,16.682211784663238,0.039837379997703,0.365222562187884,7.174074759862478e-09,14.0,2036.4039306640625,42.14906366234798,36.74431410865304,764.1456856901814,0.0
2458245.6961812177,757341.2684861014,1072.3142979675954,650073.234999054,1454.2456661495405,650073.234999054,1454.2456661495405,16.784133087191474,0.0375469277737005,0.3638054988849918,4.116037014417216e-09,14.0,2068.573095703125,33.2616132233871,36.74431410865304,764.1456856901814,0.0
2458245.699951178,758718.9180329937,1138.8187000957892,651516.1315299746,1520.5792993042462,651516.1315299746,1520.5792993042462,16.821386993524122,0.0392595848515252,0.3774317636916283,5.093503765149118e-09,14.0,2103.86904296875,35.61674408632572,36.74431410865304,764.1456856901814,0.0
2458245.703130546,757166.1871068445,871.0456613316267,649889.8615748557,1296.6383167782435,649889.8615748557,1296.6383167782435,16.779398599151218,0.0334776897479707,0.3764439414207291,5.612365771185028e-09,14.0,2087.684814453125,27.562744107516323,36.74431410865304,764.1456856901814,0.0
2458245.7066028523,755420.8638842895,793.7407742589628,648061.8779422687,1223.2337213262103,648061.8779422687,1223.2337213262103,16.732202192779265,0.0315824686667949,0.3772182754034544,3.942423153040021e-09,14.0,2093.4421875,26.10965383117473,36.74431410865304,764.1456856901814,0.0
2458245.709683403,757866.9453999801,845.3880126559411,650623.8085445046,1284.9379288786831,650623.8085445046,1284.9379288786831,16.798348254288985,0.0331755993724482,0.3765614555200964,8.494939479747378e-09,14.0,2105.687353515625,26.096899780435358,36.74431410865304,764.1456856901814,0.0
2458245.7940357,758476.376576551,573.4283706246651,651262.1030458112,1115.2475566245837,651262.1030458112,1115.2475566245837,16.814828274203613,0.0287943917819957,0.980157230752496,8.34193014238822e-09,14.0,4976.93046875,47.44919858508005,36.74431410865304,764.1456856901814,0.0
2458246.630472034,753464.1515862641,895.7511624188952,646012.4936172063,1280.0228573957495,646012.4936172063,1280.0228573957495,16.679289478631443,0.0330486979566366,0.2699267911252565,7.764620423446335e-09,14.0,907.844482421875,21.672050311591885,36.74431410865304,764.1456856901814,4.0
2458246.641090222,749481.6586466645,1171.2388536482665,641841.3854715052,1474.731285946125,641841.3854715052,1474.731285946125,16.57159632889175,0.0380758425951821,0.1669053368287506,5.589494365709161e-09,14.0,808.99404296875,18.805690060143174,36.74431410865304,764.1456856901814,4.0
2458246.706775465,754785.9380855012,634.8505677341772,647396.8813656502,1109.8776531438994,647396.8813656502,1109.8776531438994,16.715032756408743,0.0286557471342349,0.3952292503845755,3.914995143043565e-09,14.0,826.8952758789062,21.66701218872268,36.74431410865304,764.1456856901814,0.0
2458246.71643684,754861.087305335,424.4534780480293,647475.5897344399,994.565956355754,647475.5897344399,994.565956355754,16.717064914734483,0.0256785335508993,0.9908949157271586,8.033180892864091e-09,14.0,2090.054541015625,38.41094862442991,36.74431410865304,764.1456856901814,0.0
2458246.7310629617,757633.3688651914,852.51979223592,650379.1695704549,1287.7426039525271,650379.1695704549,1287.7426039525271,16.79203196117354,0.0332480128132289,0.3888986559255029,4.5780235925940474e-09,14.0,1083.8314697265623,27.53773832972262,36.74431410865304,764.1456856901814,0.0
2458246.809780952,757312.2177694291,734.2121135941416,650042.8084087777,1201.693505054665,650042.8084087777,1201.693505054665,16.783347508101166,0.0310263253937542,0.4155067682291457,5.630564760908562e-09,14.0,1168.2317626953125,25.2595081666976,36.74431410865304,764.1456856901814,0.0
2458246.8855144745,753296.7904710863,745.7636419244421,645837.2060972087,1168.1073753498915,645837.2060972087,1168.1073753498915,16.674763759211274,0.0301591706787175,0.8839928144697748,6.5718692400052045e-09,14.0,2587.866357421875,63.97397583658192,36.74431410865304,764.1456856901814,0.0
2458247.7081406056,754856.2371563913,1623.3643976321796,647470.5098771559,1918.9214509008289,647470.5098771559,1918.9214509008289,16.716933758741384,0.0495443148275947,0.148520269012071,7.794838233210027e-09,14.0,700.5539184570312,20.68898377898002,36.74431410865304,764.1456856901814,4.0
2458247.768186687,755253.455752794,1457.702163604481,647886.5411792092,1769.751108826957,647886.5411792092,1769.751108826957,16.727675201960643,0.0456929104946146,0.1523727989218539,8.134487495370781e-09,14.0,921.1442504882812,18.456735810862664,36.74431410865304,764.1456856901814,4.0
2458247.851539182,756019.9633149521,1025.3700335446333,648689.3513749206,1404.7568339607578,648689.3513749206,1404.7568339607578,16.74840282531618,0.0362691838195329,0.2666020233910022,5.1002470295432415e-09,14.0,1004.1145874023435,23.157957774410423,36.74431410865304,764.1456856901814,4.0
2458247.8615426486,758827.2896554724,2022.6313382202454,651629.6357506074,2319.5057518034523,651629.6357506074,2319.5057518034523,16.824317540180246,0.0598869344848999,0.1824944104901494,6.885582866764384e-09,14.0,3109.587646484375,30.22619414086365,36.74431410865304,764.1456856901814,4.0
2458247.9267858947,753475.6345039983,808.3231420112031,646024.5203784393,1214.617989959397,646024.5203784393,1214.617989959397,16.679599995585964,0.031360020526926,0.3410747559297052,7.140007724502691e-09,14.0,1068.094970703125,25.149325584409237,36.74431410865304,764.1456856901814,0.0
2458247.9327548165,756326.9161550985,1156.767632913294,649010.8418361215,1515.1078983795699,649010.8418361215,1515.1078983795699,16.75670333423817,0.0391183196580839,0.2648070188750668,7.54377608399977e-09,14.0,1161.76083984375,26.17919527333719,36.74431410865304,764.1456856901814,4.0
2458248.859667728,754852.8758944048,721.0441417527821,647466.9894221378,1166.8975153752342,647466.9894221378,1166.8975153752342,16.716842864696897,0.0301279335045989,0.3571462966342385,5.039077912163337e-09,14.0,902.2844970703125,22.27042915419941,36.74431410865304,764.1456856901814,0.0
2458248.918025021,754175.6955894694,703.1714765602876,646757.7371199088,1147.8094554171905,646757.7371199088,1147.8094554171905,16.69853079708342,0.0296351020489052,0.3687940448872594,6.065471242298242e-09,14.0,1023.4651977539062,22.961367024691626,36.74431410865304,764.1456856901814,0.0
2458248.93290214,756743.2897182353,1035.1848331267981,649446.9353050103,1419.0545050667342,649446.9353050103,1419.0545050667342,16.767962759217102,0.0366383330195918,0.3669120227452338,8.23083979444475e-09,14.0,1139.1407958984375,32.89836506343217,36.74431410865304,764.1456856901814,0.0
2458249.7263869136,753740.1341093186,451.5087709140282,646301.5469733437,994.1769946433125,646301.5469733437,994.1769946433125,16.68675249931514,0.0256684910129267,1.0182891729139267,6.795303368592496e-09,14.0,1854.380712890625,43.56676767454356,36.74431410865304,764.1456856901814,0.0
2458250.7093557343,758184.8496022786,1891.7664384102734,650956.769036304,2191.162833320912,650956.769036304,2191.162833320912,16.80694490602954,0.0565732699489147,0.8056691056840355,6.901102417616734e-09,14.0,1783.9359130859375,132.8878568187568,36.74431410865304,764.1456856901814,2.0
2458254.699165025,752973.2451295366,407.4022224132089,645498.3372956535,963.8233612657182,645498.3372956535,963.8233612657182,16.666014561800612,0.0248847955846876,1.0216327841235266,4.334401589374545e-09,14.0,1700.0679931640625,40.03643010252419,36.74431410865304,764.1456856901814,0.0
2458256.752802418,754943.7639235927,379.4962506187514,647562.1820074472,975.4579297807385,647562.1820074472,975.4579297807385,16.719300626276233,0.025185186580432,1.0232342967951789,7.281285145603606e-09,14.0,1807.86298828125,35.12583601017749,36.74431410865304,764.1456856901814,0.0
2458257.827818281,753951.0308331155,932.2953184763546,646522.4319958341,1312.7044928620269,646522.4319958341,1312.7044928620269,16.692455493093128,0.033892499684874,0.7542517367311721,8.174632925040148e-09,14.0,1781.426123046875,67.13345137351602,36.74431410865304,764.1456856901814,0.0
2458258.796093624,754102.8490447046,644.7364821695706,646681.4404833887,1108.7522163342467,646681.4404833887,1108.7522163342467,16.69656090687334,0.0286266896678181,0.9449930484777792,7.692832477430454e-09,14.0,1728.7318359375,57.547320160736064,36.74431410865304,764.1456856901814,0.0
2458259.8764804224,754637.6975377733,463.3265776399977,647241.6199840158,1010.7534756184035,647241.6199840158,1010.7534756184035,16.71102408853511,0.0260964764272218,0.9894784414482798,7.679832245115404e-09,14.0,2037.635595703125,42.388225087701095,36.74431410865304,764.1456856901814,0.0
2458264.67189735,754530.5941578957,498.3047680380072,647129.4440713361,1027.5913218870487,647129.4440713361,1027.5913218870487,16.708127837241825,0.0265312099887028,1.0284966765103432,3.6161804103003917e-09,14.0,3369.6456054687496,47.827676222373775,36.74431410865304,764.1456856901814,0.0
2458271.687160633,756113.636719042,683.3449506535028,648787.4612535222,1155.2433699461233,648787.4612535222,1155.2433699461233,16.750935908007417,0.029827037055755,1.0560970053184555,8.502221344833957e-09,14.0,7461.230664062499,65.44903025304356,36.74431410865304,764.1456856901814,0.0
2458272.676048415,759285.0412437796,735.84690451628,652109.0669530365,1224.1771791875494,652109.0669530365,1224.1771791875494,16.836695894917042,0.0316068276489131,1.0665380290090989,8.42768788323748e-09,14.0,8781.96953125,65.8252022099844,36.74431410865304,764.1456856901814,0.0
2458273.844029633,762504.4934230052,830.7251826896143,655480.9958963213,1323.419069431891,655480.9958963213,1323.419069431891,16.923755169315143,0.0341691375611,1.0128913411804656,7.935098918840484e-09,14.0,3805.7650878906247,65.23708202349545,36.74431410865304,764.1456856901814,0.0
2458274.81104517,754698.2061475969,425.4948185486837,647304.9943475489,993.073500017838,647304.9943475489,993.073500017838,16.712660340721143,0.0256400000681257,1.030746377699758,7.0050057372080835e-09,14.0,2257.1529296875,40.344161094300354,36.74431410865304,764.1456856901814,0.0
2458277.8096865984,754760.7197334678,437.83712198565047,647370.4686449794,999.6964281467527,647370.4686449794,999.6964281467527,16.714350810752375,0.0258109963515564,1.0267961374629386,8.224333786693343e-09,14.0,1844.5708251953129,41.3976714798381,36.74431410865304,764.1456856901814,0.0
2458278.757603425,752367.5733744514,2160.699352352651,644863.9802661317,2419.57342478781,644863.9802661317,2419.57342478781,16.64963620281724,0.0624705651447554,0.1459123129093724,3.298044167981416e-09,14.0,1433.4509033203126,30.166702913270317,36.74431410865304,764.1456856901814,4.0
2458282.788952726,753406.556404506,441.2062901076148,645952.1706648674,985.1292523954762,645952.1706648674,985.1292523954762,16.67773201032517,0.0254348888557382,1.0128769833217004,8.438858198471572e-09,14.0,1665.0674072265624,42.609818492928845,36.74431410865304,764.1456856901814,0.0
2458285.616676871,754389.837893092,414.4912798503175,646982.0214364224,984.1980395090764,646982.0214364224,984.1980395090764,16.70432155667028,0.025410846024598,0.9616670635647284,7.993764488035737e-09,14.0,1680.169677734375,36.75297844151597,36.74431410865304,764.1456856901814,0.0
2458286.762093474,753509.9732664236,455.79470232539705,646060.4854620794,993.605183276589,646060.4854620794,993.605183276589,16.680528572118266,0.0256537275100425,1.009498493110665,7.475861616785087e-09,14.0,1496.4496337890623,43.85222763443503,36.74431410865304,764.1456856901814,0.0
2458287.727167656,754959.0267781501,487.6302917640343,647578.1677274304,1027.0085926781073,647578.1677274304,1027.0085926781073,16.719713358930424,0.0265161645998603,0.9862047123376944,5.9626406385347024e-09,14.0,1571.6896240234375,44.11125417241436,36.74431410865304,764.1456856901814,0.0
2458288.643400925,754201.38244794,465.2532062433007,646784.6405359918,1006.5452549622019,646784.6405359918,1006.5452549622019,16.699225411923297,0.0259878250757259,1.0123015265406643,4.4378704200628545e-09,14.0,1541.7170654296874,44.14208767865548,36.74431410865304,764.1456856901814,0.0
2458288.689717317,753888.2705678435,391.17616503082866,646456.6993359958,967.5281659321666,646456.6993359958,967.5281659321666,16.690758352445744,0.0249804493221989,1.015371835985564,5.7335420226778925e-09,14.0,1516.48203125,37.12030605382641,36.74431410865304,764.1456856901814,0.0
2458289.783443054,753411.8998861496,409.901741936768,645957.7672196262,970.2460072572729,645957.7672196262,970.2460072572729,16.677876506844697,0.025050620816816,1.0042453885325502,4.624501960789305e-09,14.0,1721.3236816406252,39.07014798846269,36.74431410865304,764.1456856901814,0.0
2458291.6246157265,754709.0226490629,471.14696660360306,647316.3231303135,1015.5583242815516,647316.3231303135,1015.5583242815516,16.71295283668529,0.0262205320183218,0.9073653537691392,4.881605865305034e-09,14.0,2638.685791015625,39.28662947689087,36.74431410865304,764.1456856901814,0.0
2458291.6930721286,753972.9584459192,582.4367637849388,646545.3981242785,1068.8238038541263,646545.3981242785,1068.8238038541263,16.693048451756187,0.0275957846052099,0.8741634689619714,5.618362364491622e-09,14.0,2284.605224609375,48.20239286763945,36.74431410865304,764.1456856901814,0.0
2458291.727790572,754615.3636112049,523.2280351587942,647218.2282983442,1042.070585222706,647218.2282983442,1042.070585222706,16.710420142480544,0.026905047688436,0.9216780646183028,8.503479132978936e-09,14.0,2960.051611328125,44.74108912145724,36.74431410865304,764.1456856901814,0.0
2458291.8007031186,753622.6273925388,384.4784715240413,646178.4750103876,961.3301672542169,646178.4750103876,961.3301672542169,16.683574924706072,0.0248204242218191,0.9443237242835524,8.448859722684633e-09,14.0,1986.9818359375,33.8986726396515,36.74431410865304,764.1456856901814,0.0
2458291.827266837,754837.6388850989,455.19994325913876,647451.0307714647,1009.0898876599748,647451.0307714647,1009.0898876599748,16.716430830940748,0.0260535245255079,0.96811055000298,6.967032756537274e-09,14.0,2136.25771484375,40.4181974413821,36.74431410865304,764.1456856901814,0.0
2458291.8693284253,753773.2584025387,640.0552914704513,646336.2400691921,1102.2409548565483,646336.2400691921,1102.2409548565483,16.687648234605525,0.0284585764871434,0.9062257093287216,3.773903153967779e-09,14.0,2202.398486328125,55.40857507821013,36.74431410865304,764.1456856901814,0.0
2458292.5113136503,757565.8740102574,791.7157425305708,650308.4780856295,1243.7296503548366,650308.4780856295,1243.7296503548366,16.790206789445865,0.0321116496606295,0.6705758213508665,7.964158342623605e-09,14.0,5745.53251953125,45.91493054272158,36.74431410865304,764.1456856901814,4.0
2458292.5247495724,755179.8749619136,870.2820565420658,647809.4755218776,1276.7597989890828,647809.4755218776,1276.7597989890828,16.725685456529717,0.0329644495925752,0.6785012883115656,3.4082972705422123e-09,14.0,6052.740527343751,54.50959341868686,36.74431410865304,764.1456856901814,4.0
2458292.5809831144,753769.2609910476,762.5919183808932,646332.0533359362,1184.6444887332266,646332.0533359362,1184.6444887332266,16.687540138033658,0.0305861396676873,0.7214633117758826,6.741584418852311e-09,14.0,5194.2396484375,52.06339612266191,36.74431410865304,764.1456856901814,0.0
2458292.7932012114,760286.8459608334,656.0520095496782,653158.3182333474,1184.920607407836,653158.3182333474,1184.920607407836,16.863786339781573,0.0305932687299729,0.9795155947358184,4.915680764441421e-09,14.0,3910.209033203125,52.10103214906686,36.74431410865304,764.1456856901814,0.0
2458293.5891672666,775252.2060230336,12945.731860204147,668832.4540587013,13610.815698621192,668832.4540587013,13610.815698621192,17.268474254243767,0.3514153941612833,0.1423920458388292,7.709221060319586e-09,14.0,23976.625390625,107.2893067967522,36.74431410865304,764.1456856901814,6.0
2458299.757583652,769433.3855767169,2585.9820380356537,662738.047934168,2923.138736826297,662738.047934168,2923.138736826297,17.111123792827353,0.0754720344566851,0.6604411394415025,7.278198847372544e-09,14.0,27784.80390625,113.6782805698549,36.74431410865304,764.1456856901814,4.0
2458301.670438624,755104.4458874444,500.5233411761536,647730.4740442318,1035.4998089570659,647730.4740442318,1035.4998089570659,16.72364573047502,0.0267353979053176,0.9476160313702064,7.633573984439392e-09,14.0,2534.983984375,43.40879062738628,36.74431410865304,764.1456856901814,0.0
2458302.6460130983,0.0,0.0,0.0,0.0,0.0,0.0,0.0,0.0,0.0,0.0,14.0,0.0,0.0,0.0,0.0,5.0
2458303.5741486195,755222.9191149769,528.499776067302,647854.5582929438,1052.0129508007276,647854.5582929438,1052.0129508007276,16.726849441122184,0.0271617479770785,0.9131647934926236,5.633547629680148e-09,14.0,1862.8064697265625,44.016340706012166,36.74431410865304,764.1456856901814,0.0
2458303.7592633176,755323.9599604036,690.6724725272958,647960.3845429327,1151.560731616665,647960.3845429327,1151.560731616665,16.729581751527085,0.0297319556272238,0.7183449656781068,8.475645945431858e-09,14.0,2743.910888671875,45.30427150429319,36.74431410865304,764.1456856901814,0.0
2458308.552217598,754367.095252688,355.94347950037536,646958.2016797826,958.4469003504715,646958.2016797826,958.4469003504715,16.703706558322367,0.0247459816316109,0.96901193750492,6.256977098187417e-09,14.0,1590.03515625,31.38229750418513,36.74431410865304,764.1456856901814,0.0
2458310.5466268845,753013.7539195364,95.17936557809523,645540.764626098,870.4928235543221,645540.764626098,870.4928235543221,16.66710998601188,0.022475109903582,0.9999979067219466,4.3114136317849726e-09,14.0,1537.034130859375,0.135198221514136,36.74431410865304,764.1456856901814,0.0
2458310.5817642547,754530.3353345807,391.0925646100055,647129.1729898665,975.3652705017001,647129.1729898665,975.3652705017001,16.708120838234297,0.0251827942258673,1.0015852479886609,2.9536230053832436e-09,14.0,1580.053125,35.91442488910466,36.74431410865304,764.1456856901814,0.0
2458311.710388005,755457.8896956249,440.1461927869691,648100.6573363838,1009.2617777586789,648100.6573363838,1009.2617777586789,16.733203431527173,0.0260579625274709,0.969883666414136,5.925777224503983e-09,14.0,1636.9888183593748,38.413516172353006,36.74431410865304,764.1456856901814,0.0
2458312.720034822,754299.462509098,385.4274007925503,646887.3657757433,970.0422303470311,646887.3657757433,970.0422303470311,16.701877657858944,0.025045359534552,0.9775985885788044,8.076467413358807e-09,14.0,1605.8703857421874,34.68412723167062,36.74431410865304,764.1456856901814,0.0
2458313.485904608,754160.0538853201,531.7334690870478,646741.3546076035,1041.564267925266,646741.3546076035,1041.564267925266,16.69810781971405,0.0268919751660692,0.459652146008232,8.475649219233145e-09,14.0,996.71865234375,21.5488950153003,36.74431410865304,764.1456856901814,0.0
2458313.6383932265,754720.3492689208,506.4870465493952,647328.186191232,1034.1817276812394,647328.186191232,1034.1817276812394,16.713259127088524,0.0267013665833647,0.4624670217015438,2.675825666807289e-09,14.0,750.4463256835937,19.95981257461401,36.74431410865304,764.1456856901814,0.0
2458313.652322225,753732.176853084,633.48022308049,646293.2128527813,1097.6256832176002,646293.2128527813,1097.6256832176002,16.686537322037932,0.0283394155538037,0.4690548575297046,3.8913385278306955e-09,14.0,754.2126831054688,27.21813770970816,36.74431410865304,764.1456856901814,0.0
2458313.7599146133,753658.1184347826,563.460201431293,646215.6469470727,1054.089301034803,646215.6469470727,1054.089301034803,16.6845346607771,0.0272153569195608,0.4606434211263671,4.589294159415902e-09,14.0,985.0584838867188,23.357028901270336,36.74431410865304,764.1456856901814,0.0
2458313.8050429,753847.2976168914,606.5508457164552,646413.7858614313,1082.0649339452034,646413.7858614313,1082.0649339452034,16.689650376560024,0.0279376551479554,0.4443503111861522,5.561060949121504e-09,14.0,1100.2621337890623,24.27347686645134,36.74431410865304,764.1456856901814,0.0
2458313.8224270856,754574.312062029,783.1344997403676,647175.2325030573,1207.21921879796,647175.2325030573,1207.21921879796,16.70931004116976,0.0311689928808556,0.4384417085134353,6.7198778308225106e-09,14.0,1198.653076171875,31.196149157856887,36.74431410865304,764.1456856901814,0.0
2458328.490073482,777837.6090488955,1686.6565244078754,671540.3045896742,2151.5265027133387,671540.3045896742,2151.5265027133387,17.33838779820338,0.0555499060997533,1.1326832411852736,7.047942707296156e-09,14.0,8496.2884765625,103.58775196279753,36.74431410865304,764.1456856901814,0.0
2458329.504418951,754326.0028435077,512.5384462305926,646915.1630893166,1032.8722545962992,646915.1630893166,1032.8722545962992,16.70259535208994,0.0266675575148653,1.1152119815264805,7.865913226447363e-09,14.0,2748.69326171875,53.84068893223786,36.74431410865304,764.1456856901814,0.0
2458330.490099085,754534.722823616,657.0238966518014,647133.7682751644,1121.247811013309,647133.7682751644,1121.247811013309,16.708239483143622,0.0289493113553535,0.5824092009768589,8.500374579111342e-09,14.0,2036.0263671875,35.28932524272855,36.74431410865304,764.1456856901814,4.0
2458330.525338869,753864.4702937958,331.18098432696837,646431.7718550297,942.3418995581228,646431.7718550297,942.3418995581228,16.690114753947082,0.0243301692859934,1.1209908448808772,7.286382167563436e-09,14.0,2055.694384765625,34.53204979121365,36.74431410865304,764.1456856901814,0.0
2458331.657604732,753824.113967901,383.24034984578475,646389.5042095578,963.2519512327117,646389.5042095578,963.2519512327117,16.689023452615633,0.0248700424437721,1.2488842993213092,2.501288213314512e-09,14.0,2298.53466796875,45.32431024195667,36.74431410865304,764.1456856901814,0.0
2458333.5869941013,757847.7339607503,4516.211995793614,650603.6872305741,4820.837655871134,650603.6872305741,4820.837655871134,16.797828745420272,0.1244684082524995,0.0666188955895701,4.3518137151632166e-09,14.0,1131.717919921875,24.682710295716127,36.74431410865304,764.1456856901814,4.0
2458335.523395727,757254.4230056207,1033.3459011231996,649982.2764219661,1422.1770912893633,649982.2764219661,1422.1770912893633,16.781784642768486,0.0367189545556206,0.9497862862210716,8.375948077214481e-09,14.0,2574.0577148437496,86.95447843717457,36.74431410865304,764.1456856901814,0.0
2458339.510085107,754086.3781390045,367.72299967692635,646664.189497643,959.8332641078963,646664.189497643,959.8332641078963,16.696115506532188,0.0247817759276365,1.212447229783721,8.379753277350035e-09,14.0,2056.381689453125,41.70314737539872,36.74431410865304,764.1456856901814,0.0
2458340.59740113,754369.724960978,439.45786848325093,646960.9559339233,995.767033714905,646960.9559339233,995.767033714905,16.703777669953432,0.0257095439681241,1.200284648703462,8.501566734696688e-09,14.0,1886.093579101563,49.42923677614421,36.74431410865304,764.1456856901814,0.0
2458347.5466683856,756639.9163867446,546.5020912696231,649338.6660998748,1078.5198395696757,649338.6660998748,1078.5198395696757,16.765167374558263,0.0278461249439691,1.2256379531907993,8.269893915182392e-09,14.0,2591.9056640625004,59.73894357312182,36.74431410865304,764.1456856901814,0.0
2458348.5877401214,0.0,0.0,0.0,0.0,0.0,0.0,0.0,0.0,0.0,0.0,14.0,0.0,0.0,0.0,0.0,5.0
2458349.5870693284,755725.7357474859,527.4054193790855,648381.1888691833,1057.2750588012095,648381.1888691833,1057.2750588012095,16.74044642866683,0.027297609471206,1.091315359105877,7.331267876376563e-09,14.0,5018.31025390625,52.27187822265464,36.74431410865304,764.1456856901814,0.0
2458354.5574350148,754505.7014406129,1016.7166709158186,647103.3724078326,1384.5245737019632,647103.3724078326,1384.5245737019632,16.70745469728391,0.0357468104459563,1.0328964436572885,8.35440180299903e-09,14.0,5544.194140625001,99.76863936903628,36.74431410865304,764.1456856901814,0.0
2458355.614116354,772361.2240255488,1218.7076645181123,665804.552002961,1713.9732053036894,665804.552002961,1713.9732053036894,17.1902973530234,0.0442527900502459,1.1780931572617377,8.503916881423831e-09,14.0,8051.1275390625,88.45651629409637,36.74431410865304,764.1456856901814,0.0
2458357.5979488795,757098.5066739137,1065.2424686251538,649818.9757228569,1446.3817249545414,649818.9757228569,1446.3817249545414,16.777568409089707,0.0373438899796481,1.0903198446833384,7.857223779745729e-09,14.0,3798.4285644531255,103.5773598415354,36.74431410865304,764.1456856901814,0.0
2458366.570864212,753736.4943143887,407.53244986620945,646297.7347937592,973.0681570516222,646297.7347937592,973.0681570516222,16.68665407328241,0.0251234854345085,1.241603752278911,5.727467232737327e-09,14.0,1827.143896484375,48.15305952989859,36.74431410865304,764.1456856901814,0.0
2458670.560830028,754561.6033940536,323.1885833946213,647161.9219387154,948.094526293334,647161.9219387154,948.094526293334,16.70896637791561,0.0244786954020161,2.244456384895718,8.501868560212158e-09,14.0,2489.822900390625,68.13616313098933,36.74431410865304,764.1456856901814,0.0
2458671.63542872,754334.9225354204,391.1151222627162,646924.5052275601,972.9718308423344,646924.5052275601,972.9718308423344,16.70283655520853,0.0251209984040796,1.9466220063030997,6.4863133226986226e-09,14.0,2443.3796875,72.01968240024367,36.74431410865304,764.1456856901814,0.0
2458672.7449510684,755997.7121018483,1075.8086141461558,648666.0463201128,1445.3526063898992,648666.0463201128,1445.3526063898992,16.74780111596954,0.0373173193380319,0.3030874013611597,8.451049167027876e-09,14.0,1912.3973144531249,28.34403917777493,36.74431410865304,764.1456856901814,4.0
2458683.625741721,754200.7015930461,348.0512629558,646783.9274350684,953.1807043255384,646783.9274350684,953.1807043255384,16.699207000488776,0.0246100145894578,2.1855519435042208,8.080842938057201e-09,14.0,3863.323339843751,72.17836444725886,36.74431410865304,764.1456856901814,0.0
2458684.5981238056,741642.5540303607,968.9848187650947,633631.012316805,1246.7479396520475,633631.012316805,1246.7479396520475,16.35961406550232,0.032189578371631,1.7559699590783358,7.965687675168359e-09,14.0,5876.71435546875,220.59373471641365,36.74431410865304,764.1456856901814,2.0
2458685.6287009246,754483.7642665695,902.8688956430052,647080.3962653172,1294.855363460779,647080.3962653172,1294.855363460779,16.70686148006923,0.0334316559718399,0.7198887514717052,6.24523037904005e-09,14.0,5622.30556640625,61.25434465824389,36.74431410865304,764.1456856901814,0.0
2458690.62935655,754109.5627994422,306.3361828413382,646688.4722088686,936.183815119523,646688.4722088686,936.183815119523,16.696742457827803,0.0241711747247425,2.1919958543841624,5.6713818472405115e-09,14.0,2411.7271484375,63.58465018476634,36.74431410865304,764.1456856901814,0.0
2458691.572931574,754057.1286827918,356.39578554517857,646633.5547553062,954.7710896654527,646633.5547553062,954.7710896654527,16.69532455319833,0.0246510764848996,2.2305537153484667,8.432994292501753e-09,14.0,2284.02685546875,75.88446470824036,36.74431410865304,764.1456856901814,0.0
2458692.4976308043,754737.1250018432,560.1587611371117,647345.7564411492,1064.3010366903711,647345.7564411492,1064.3010366903711,16.71371277045839,0.0274790120295801,1.0220177315064138,3.603150193734553e-09,14.0,2898.037060546875,53.17733472780464,36.74431410865304,764.1456856901814,0.0
2458692.5868348223,754656.7801066297,390.83119982759325,647261.6063241315,976.8088459515714,647261.6063241315,976.8088459515714,16.711540112537268,0.0252200656610958,2.0200993797015827,6.297447516441859e-09,14.0,2541.65634765625,74.09610045428028,36.74431410865304,764.1456856901814,0.0
2458696.51110067,754068.7572786247,587.4781425590274,646645.7340941116,1072.9053218320753,646645.7340941116,1072.9053218320753,16.695639009527895,0.0277011646412604,0.7508186078267507,7.343611996238073e-09,14.0,2942.36025390625,41.2167875817938,36.74431410865304,764.1456856901814,0.0
2458698.608023172,753729.7604716687,291.20878540130064,646290.6820289078,926.0354469223205,646290.6820289078,926.0354469223205,16.686471979115893,0.0239091556886259,2.2731209404672144,7.304071800444351e-09,14.0,2119.040283203125,63.355629977482906,36.74431410865304,764.1456856901814,0.0
2458699.654892126,753677.4405672377,342.5076387723155,646235.8841967804,944.44283109874,646235.8841967804,944.44283109874,16.68505716297243,0.0243844128891543,2.2027782572538523,8.499116950726348e-09,14.0,2480.843994140625,72.55418705109834,36.74431410865304,764.1456856901814,0.0
2458704.521993249,758472.4113089028,521.6273176798683,651257.9499787656,1086.9438648270286,651257.9499787656,1086.9438648270286,16.814721046854043,0.0280636234555783,2.172751207536663,6.139511517771055e-09,14.0,5614.1818359375,97.63944756390994,36.74431410865304,764.1456856901814,0.0
2458711.630342005,755518.809435688,413.0492377439677,648164.4623017317,997.3702680017561,648164.4623017317,997.3702680017561,16.7348508013501,0.0257509376083968,2.0721535144169634,5.547654484115187e-09,14.0,8129.8408203125,78.8717211894976,36.74431410865304,764.1456856901814,0.0
2458715.59106472,754458.4869334514,319.2214200696054,647053.9217701535,945.310417935323,647053.9217701535,945.310417935323,16.706177939467455,0.024406812969862,2.192189942006289,8.207058135531344e-09,14.0,2442.911474609375,65.84618798413247,36.74431410865304,764.1456856901814,0.0
2458718.5274638413,754730.9587418196,592.4060147329425,647339.29814033,1083.2168617539617,647339.29814033,1083.2168617539617,16.71354602466018,0.0279673965810865,2.0896734384801494,4.32323824271573e-09,14.0,2549.934375,116.87179290796205,36.74431410865304,764.1456856901814,0.0
2458724.5766230286,753735.9110780027,271.1742055151802,646297.1239346619,919.416550821057,646297.1239346619,919.416550821057,16.686638301612643,0.0237382635074487,2.2640441654642145,7.764803628941876e-09,14.0,2311.73310546875,58.59304341529764,36.74431410865304,764.1456856901814,0.0
2458730.579806504,754577.1929181226,297.5474268231425,647178.2497996358,939.0411940649799,647178.2497996358,939.0411940649799,16.709387944249915,0.0242449489180473,2.2437466004769093,7.0590517193622795e-09,14.0,3082.928759765625,62.54819673781828,36.74431410865304,764.1456856901814,0.0
2458740.499304581,753090.7564546048,443.42520727925705,645621.4140851522,982.4930721261561,645621.4140851522,982.4930721261561,16.669192261025362,0.0253668257543829,2.091682194111662,5.072689559963642e-09,14.0,3910.953369140625,90.80794978703402,36.74431410865304,764.1456856901814,0.0
2458740.5030944142,752983.1889557041,471.5201038218682,645508.7520722661,995.4918612959543,645508.7520722661,995.4918612959543,16.666283459191437,0.0257024393370565,2.0534990660100685,6.001433414808614e-09,14.0,3948.164111328125,95.1213746190165,36.74431410865304,764.1456856901814,0.0
2458644.7027638205,762628.3137136637,263.3419644761497,692974.1804917828,857.308365488646,692974.1804917828,857.308365488646,17.891785486874348,0.0221347025664654,2.161421334197787,3.405950561747752e-08,14.0,1374.5088623046877,36.88354685857946,37.83732751456182,770.4137922709306,0.0
2458552.871814847,762035.6900149276,265.2565139182132,692321.7528081241,850.8846878106959,692321.7528081241,850.8846878106959,17.874940564667526,0.021968850697397,2.0522600205857637,3.099868932107582e-08,14.0,1440.02021484375,35.757004200985705,37.83732751456182,770.4137922709306,0.0
2458642.6336463047,761790.7141824478,329.3736687621591,692052.0555022653,874.7675055864514,692052.0555022653,874.7675055864514,17.867977294637193,0.0225854772103252,2.1195066012335944,3.631447165036792e-08,14.0,1412.1891357421875,46.92316044315591,37.83732751456182,770.4137922709306,0.0
2458559.853414912,761390.034327638,349.6122869160814,691610.9414696672,879.6374128413389,691610.9414696672,879.6374128413389,17.856588244556143,0.0227112125384201,2.134192705801988,1.8573228909066024e-08,14.0,1423.693505859375,50.86753080616371,37.83732751456182,770.4137922709306,0.0
2458645.6890265997,762510.4518902964,355.6428087844717,692844.4247689256,895.4239950113401,692844.4247689256,895.4239950113401,17.88843534537643,0.0231188036864137,2.1446370501531398,2.7029459258398012e-08,14.0,1741.412841796875,50.56114417016182,37.83732751456182,770.4137922709306,0.0
2458562.841609053,748759.3316439402,618.7072613329624,677705.6249720537,933.692336873745,677705.6249720537,933.692336873745,17.49756918308715,0.0241068476609448,1.8045141108775256,3.4833424037444165e-08,14.0,4648.580859375,104.3187891311599,37.83732751456182,770.4137922709306,2.0
2458645.7835784284,761889.6516325519,414.5646032465699,692160.9771190282,918.7196871738967,692160.9771190282,918.7196871738967,17.870789523803687,0.0237202713004667,1.3621023660029103,1.7235660148883534e-08,14.0,1436.0461669921874,37.497892059512125,37.83732751456182,770.4137922709306,0.0
2458573.8126538964,756651.2961530255,714.8229158643967,686393.9986148286,1074.5232288260838,686393.9986148286,1074.5232288260838,17.721892861836665,0.0277429371137268,1.640973222441552,2.3115790750477418e-08,14.0,1766.6716064453126,90.75822750604698,37.83732751456182,770.4137922709306,2.0
2458647.62034974,762148.8104313678,432.35930243265176,692446.2886500584,931.455518703708,692446.2886500584,931.455518703708,17.87815593492524,0.0240490956234258,2.0768597001105715,3.5575661003002283e-08,14.0,4027.075048828125,60.41251180435266,37.83732751456182,770.4137922709306,0.0
2458575.8799212724,762087.3609984699,315.76207685638457,692378.638113549,872.1399360081587,692378.638113549,872.1399360081587,17.876409276938013,0.0225176364269741,2.1069793091561744,3.644557387705385e-08,14.0,1368.2269775390623,44.2837983044996,37.83732751456182,770.4137922709306,0.0
2458653.785724488,760791.541348335,507.72488366935085,690952.0522132885,962.3299812160801,690952.0522132885,962.3299812160801,17.839576492074443,0.0248462382527542,2.1302904643321368,3.6415119361462986e-08,14.0,12387.726171875,75.61803567184695,37.83732751456182,770.4137922709306,0.0
2458580.8757536914,754604.3854177777,1106.7603715329976,684140.5260782043,1408.5790515469578,684140.5260782043,1408.5790515469578,17.663710827987686,0.0363678690217549,1.6056254905693976,3.627361490048977e-08,14.0,1654.47802734375,144.67856069802508,37.83732751456182,770.4137922709306,2.0
2458656.660082475,764197.0571556789,787.5302467156506,694701.2319956496,1198.204599362634,694701.2319956496,1198.204599362634,17.936375943347116,0.0309362459160723,1.044115707817523,3.649623974268487e-08,14.0,6702.58369140625,52.50361178722039,37.83732751456182,770.4137922709306,0.0
2458582.7934868326,761723.7794959808,349.86038828677795,691978.3661737054,883.5855910025992,691978.3661737054,883.5855910025992,17.866074722079105,0.0228131498958482,2.083609249137554,2.0482082678927292e-08,14.0,1404.3423095703124,49.26972175603659,37.83732751456182,770.4137922709306,0.0
2458661.633507722,761194.3484758044,937.2272639914974,691395.5081899844,1298.5797988891134,691395.5081899844,1298.5797988891134,17.85102600842191,0.033527816552738,0.4837665070261751,2.585198949940541e-08,14.0,1257.2906982421875,30.170131877870546,37.83732751456182,770.4137922709306,4.0
2458583.7902215766,762713.1023178993,363.41248910331785,693067.525447073,901.5282632652393,693067.525447073,901.5282632652393,17.89419554480053,0.0232764087765133,2.157673434678173,3.2818460538900126e-08,14.0,1430.8976562500002,51.72123288246186,37.83732751456182,770.4137922709306,0.0
2458661.645333824,761545.2742159008,829.3310843599679,691781.8472247476,1209.2818772101139,691781.8472247476,1209.2818772101139,17.861000831914296,0.0312222483164575,0.4236810566650509,3.6303010738651e-08,14.0,1311.8949951171876,22.362670515379303,37.83732751456182,770.4137922709306,4.0
2458585.7849066663,762225.0436447011,293.0085620906049,692530.2148563497,864.0965256052119,692530.2148563497,864.0965256052119,17.880322811732427,0.0223099649471936,2.153458138512588,3.2060528771301644e-08,14.0,1495.9674560546875,41.7024021935078,37.83732751456182,770.4137922709306,0.0
2458661.657180235,760871.5738040698,1130.0506778395165,691040.1610584516,1470.7105860440527,691040.1610584516,1470.7105860440527,17.84185135974129,0.0379720328109504,0.3174283732618354,2.9872406119451446e-08,14.0,1292.9095703125,23.3290990714504,37.83732751456182,770.4137922709306,4.0
2458587.77968206,761642.8953795113,266.24402994552753,691889.3197233777,846.5483683605769,691889.3197233777,846.5483683605769,17.86377564653995,0.0218568919843768,2.1643887692506154,3.4419250472092515e-08,14.0,1511.352490234375,38.44193587440082,37.83732751456182,770.4137922709306,0.0
2458661.6689993683,763378.2006386461,1169.3323447045505,693799.741451488,1524.4093957679918,693799.741451488,1524.4093957679918,17.913100508433885,0.0393584734771804,0.3360206764089975,2.7774585627463616e-08,14.0,1239.2764404296877,24.185309111969342,37.83732751456182,770.4137922709306,4.0
2458589.8164426475,762361.1955223471,382.4967871753307,692680.1063546942,907.0440707751716,692680.1063546942,907.0440707751716,17.88419283547961,0.0234188204962177,2.157268784167196,2.720507793323533e-08,14.0,2104.733984375,55.04459734442037,37.83732751456182,770.4137922709306,0.0
2458661.6808166304,758466.9490972622,1840.603114243692,688392.876228504,2162.118909104608,688392.876228504,2162.118909104608,17.77350155157604,0.0558233896843912,0.2235332868242663,3.250010887714062e-08,14.0,1233.4389892578124,29.11605684320793,37.83732751456182,770.4137922709306,4.0
2458590.771941144,761693.9625830869,385.497622681546,691945.5403190282,901.0440509267595,691945.5403190282,901.0440509267595,17.865227196778974,0.0232639069784174,2.1652930763374565,3.645425471007998e-08,14.0,3564.100830078125,56.72946062078188,37.83732751456182,770.4137922709306,0.0
2457821.8976806644,762767.7978233618,356.3935104512726,693127.7404908036,898.7580234335153,693127.7404908036,898.7580234335153,17.895750227032337,0.0232048844135403,1.3298423402784032,1.7458531287204732e-08,14.0,1421.441455078125,30.30362856699027,37.83732751456182,770.4137922709306,0.0
2458601.7388531603,739647.26775815,723.1825414755207,667674.0269326249,964.4678651672396,667674.0269326249,964.4678651672396,17.238565016316272,0.024901435924077,1.6441215131611266,3.4643988319680755e-08,14.0,1785.6343994140625,138.5719479670076,37.83732751456182,770.4137922709306,2.0
2457844.729581457,761513.0867460682,391.0886266841632,691746.4115909202,901.9312992332251,691746.4115909202,901.9312992332251,17.860085925158927,0.0232868146953566,1.2186732259269393,3.3346217897258864e-08,14.0,1220.70537109375,31.51719274411883,37.83732751456182,770.4137922709306,0.0
2458601.913359296,749534.5421407206,1043.9073942492507,678559.0650046435,1319.0361789031936,678559.0650046435,1319.0361789031936,17.5196040098078,0.0340559764371224,1.630508410251779,3.651348292471617e-08,14.0,2065.09619140625,156.4877398687976,37.83732751456182,770.4137922709306,2.0
2457844.742610609,762119.2084114901,400.58649840223256,692413.6993740957,913.7432883116705,692413.6993740957,913.7432883116705,17.877314517811712,0.0235917864832158,1.2133747152042251,3.627570620916208e-08,14.0,1224.8017578125,31.64890058800631,37.83732751456182,770.4137922709306,0.0
2458604.734761808,761937.2566736996,316.28438299296556,692213.3861718434,870.6091561376862,692213.3861718434,870.6091561376862,17.872142664450102,0.0224781134752666,2.115658242204371,3.245359852746892e-08,14.0,1413.5164794921875,44.693961477859816,37.83732751456182,770.4137922709306,0.0
2457844.7719857614,761690.0404812675,378.0935672416271,691941.2224225109,897.1892132974342,691941.2224225109,897.1892132974342,17.86511571372459,0.0231643795647096,1.2196772134606466,3.5079215438184806e-08,14.0,1237.4001708984376,30.21381797449296,37.83732751456182,770.4137922709306,0.0
2458605.732127586,761673.7356207074,304.1453982382939,691923.2721744356,862.2478486114757,691923.2721744356,862.2478486114757,17.864652259245275,0.0222622342623606,2.031901915411084,3.4922582888478164e-08,14.0,1460.179833984375,41.394599472301614,37.83732751456182,770.4137922709306,0.0
2457845.7271169964,762006.0217224399,351.38158236087605,692289.0905717219,887.5616987879316,692289.0905717219,887.5616987879316,17.874097263800493,0.0229158083636101,1.215880021338122,3.258134842780838e-08,14.0,1253.623095703125,27.493028573721016,37.83732751456182,770.4137922709306,0.0
2458606.7295040386,761523.1672858141,350.32187359058105,691757.5093975224,881.5048945733964,691757.5093975224,881.5048945733964,17.860372457587836,0.0227594287396744,2.1292278485397755,3.0851140561455095e-08,14.0,1394.982275390625,50.68033130735909,37.83732751456182,770.4137922709306,0.0
2457846.8568904856,761978.4222844056,314.34900973738075,692258.7059660007,870.2421224480162,692258.7059660007,870.2421224480162,17.873312768702462,0.0224686370932788,1.2966602909444929,3.629170755492108e-08,14.0,1195.930908203125,26.175081142792774,37.83732751456182,770.4137922709306,0.0
2458608.82228736,762436.3671131323,357.1347331035068,692762.8638059363,895.289393046062,692762.8638059363,895.289393046062,17.88632953639395,0.0231153284205861,2.162456145332506,3.642856190265282e-08,14.0,1486.0202880859374,51.31927636936861,37.83732751456182,770.4137922709306,0.0
2457847.7364619663,0.0,0.0,0.0,0.0,0.0,0.0,0.0,0.0,0.0,0.0,14.0,0.0,0.0,0.0,0.0,5.0
2458611.716154701,761757.2984837051,318.47329896081584,692015.2676941239,869.4710737387054,692015.2676941239,869.4710737387054,17.867027476317368,0.0224487295144753,2.1028832033285707,3.597366320822739e-08,14.0,1376.127270507813,44.991257950228814,37.83732751456182,770.4137922709306,0.0
2457848.9131829925,761766.9179057971,407.06902939737284,692025.857849879,913.2817113989324,692025.857849879,913.2817113989324,17.867300901793207,0.0235798691054247,1.2879785195828188,3.612845227243594e-08,14.0,1248.233544921875,34.74394675995265,37.83732751456182,770.4137922709306,0.0
2458613.7643298614,762171.5674190408,284.65586773348167,692471.3421347337,860.0681604461373,692471.3421347337,860.0681604461373,17.87880278669278,0.0222059572549621,2.131224984602868,3.029519724751439e-08,14.0,1438.172412109375,40.03649774665051,37.83732751456182,770.4137922709306,0.0
2457849.7858323567,761772.7614582423,482.4507177948022,692032.2910981522,956.8029452662865,692032.2910981522,956.8029452662865,17.86746700076388,0.0247035366278224,1.298026898271591,2.1520919206778707e-08,14.0,1189.0436279296875,42.02509967111216,37.83732751456182,770.4137922709306,0.0
2458617.8528534826,762561.5147311419,322.84260467421217,692900.6405615873,880.8333680539837,692900.6405615873,880.8333680539837,17.889886771607863,0.0227420907077934,2.1411080035394017,2.6088693773339044e-08,14.0,1597.2505126953124,45.53814333741945,37.83732751456182,770.4137922709306,0.0
2457851.8305679527,761995.8407523105,369.14814986237303,692277.8821999112,896.1434661692216,692277.8821999112,896.1434661692216,17.873807876706813,0.0231373795929672,1.3153366718142,3.652799946892717e-08,14.0,1917.426416015625,31.742324143145595,37.83732751456182,770.4137922709306,0.0
2458618.697622888,762120.0652763745,337.2734095203036,692414.642708581,882.2266113940601,692414.642708581,882.2266113940601,17.87733887360841,0.022778062626623,2.115167894631947,2.6242413436280493e-08,14.0,3535.9034179687496,47.58794385205722,37.83732751456182,770.4137922709306,0.0
2457864.880693162,761898.5810345021,455.590779680275,692170.8076219991,942.0698788711636,692170.8076219991,942.0698788711636,17.87104333593021,0.0243231460289716,1.2731130436524685,1.9664466316934076e-08,14.0,1419.142578125,38.64002739275417,37.83732751456182,770.4137922709306,0.0
2458618.885815346,762397.3400402096,367.00717831968643,692719.8983578093,899.6682230900134,692719.8983578093,899.6682230900134,17.885220218611437,0.0232283847075812,2.1002620011426054,2.72914660017123e-08,14.0,2090.505712890625,51.22655905244357,37.83732751456182,770.4137922709306,0.0
2457867.790685161,762831.4899839173,493.4744734487247,693197.860077427,974.8287286193633,693197.860077427,974.8287286193633,17.897560633015154,0.0251689413399536,1.2571986867485578,3.641721685575261e-08,14.0,1164.758837890625,40.46030301621892,37.83732751456182,770.4137922709306,0.0
2458625.694211842,758294.8179571921,2290.0368784953653,688203.374659058,2630.8868417411654,688203.374659058,2630.8868417411654,17.768608841969524,0.0679264312261508,0.1036730921062997,3.65101702381373e-08,14.0,537.2486694335937,15.044258143612115,37.83732751456182,770.4137922709306,0.0
2457954.5702548465,761396.2580188704,482.21400054656266,691617.7932180247,952.6668878981214,691617.7932180247,952.6668878981214,17.85676514871112,0.0245967484482973,0.9060670420587388,1.853560243199214e-08,14.0,1139.770458984375,28.768849840765032,37.83732751456182,770.4137922709306,0.0
2458625.696380625,761810.5719228876,509.35337465431905,692073.9171652817,973.9506690907004,692073.9171652817,973.9506690907004,17.868541737290457,0.0251462708665452,2.164351139126921,2.9323067843748338e-08,14.0,11182.934375,75.20924131732801,37.83732751456182,770.4137922709306,0.0
2457954.7682001246,763407.0211659905,948.6000824835284,693831.470371437,1325.828357307345,693831.470371437,1325.828357307345,17.913919712158126,0.0342313425653516,0.3563091421574688,2.142845767905218e-08,14.0,1154.80078125,20.232522450667744,37.83732751456182,770.4137922709306,4.0
2458626.672460061,761091.4819155532,487.9198287592085,691282.2609611384,952.9753108874181,691282.2609611384,952.9753108874181,17.848102096994126,0.0246047115703285,2.123536285439919,3.609073512173942e-08,14.0,6293.460742187501,71.81039247704032,37.83732751456182,770.4137922709306,0.0
2457955.6188473417,761681.5562708105,480.84752915672345,691931.882037055,954.8549661182788,691931.882037055,954.8549661182788,17.864874555860943,0.0246532420771303,0.8687163704499548,2.2643164857906133e-08,14.0,1068.4264892578126,27.137735630412138,37.83732751456182,770.4137922709306,0.0
2458627.7939480217,-387313769.23000604,-387313769.23000604,-387313769.23000604,-387313769.23000604,-387313769.23000604,-387313769.23000604,-9999.99,-9999.99,-9999.99,-9999.99,14.0,-9999.99,-9999.99,-9999.99,-9999.99,5.0
2457956.5631980146,761886.2312023899,417.3378363035861,692157.2115198245,920.2023332660989,692157.2115198245,920.2023332660989,17.8706923004221,0.0237585514941325,1.2100999662137046,1.6553498801629995e-08,14.0,1134.478662109375,33.269734389650374,37.83732751456182,770.4137922709306,0.0
2458627.796092052,742450.4838124303,6419.150988889728,670760.1265283567,7089.999455299158,670760.1265283567,7089.999455299158,17.318244510173855,0.1830555205768921,0.1507125419256012,2.935159919023276e-08,14.0,15091.36015625,105.2065793709592,37.83732751456182,770.4137922709306,4.0
2457958.5700916494,0.0,0.0,0.0,0.0,0.0,0.0,0.0,0.0,0.0,0.0,14.0,0.0,0.0,0.0,0.0,5.0
2458629.66819276,0.0,0.0,0.0,0.0,0.0,0.0,0.0,0.0,0.0,0.0,14.0,0.0,0.0,0.0,0.0,5.0
2457960.652415336,762370.2260840001,521.2772173534917,692690.048225791,987.3869113119733,692690.048225791,987.3869113119733,17.884449523001322,0.0254931789770351,1.2013139479834694,2.1700067263931477e-08,14.0,1022.0195922851562,41.39100016443277,37.83732751456182,770.4137922709306,0.0
2458631.752334596,761465.1634054017,322.7573371449506,691693.6521177319,867.981929458345,691693.6521177319,867.981929458345,17.858723737067002,0.0224102815451667,1.8929882953677104,3.6251382717694266e-08,14.0,1455.564282226563,40.9852652676693,37.83732751456182,770.4137922709306,0.0
2457965.5860123383,739613.9962990227,10949.327692341292,667637.3979198862,12066.538405899515,667637.3979198862,12066.538405899515,17.23761929790863,0.311543954746298,0.0360128356110652,2.3373865426009177e-08,14.0,6732.735644531251,45.01419382931776,37.83732751456182,770.4137922709306,6.0
2458635.814679356,763102.2574948733,273.77684701308993,693495.9518013314,866.9737384877207,693495.9518013314,866.9737384877207,17.90525701381786,0.0223842512296311,2.111006483777892,2.684516416380096e-08,14.0,1533.907470703125,36.97720357495877,37.83732751456182,770.4137922709306,0.0
2457968.538156412,0.0,0.0,0.0,0.0,0.0,0.0,0.0,0.0,0.0,0.0,14.0,0.0,0.0,0.0,0.0,5.0
2458637.715650966,761303.4428313823,266.2696690580641,691515.6116854426,842.5005285331704,691515.6116854426,842.5005285331704,17.85412694066074,0.0217523814789121,2.156759510598654,2.5199481379173092e-08,14.0,1437.0417724609374,38.67363969701264,37.83732751456182,770.4137922709306,0.0
2457968.69991766,759714.6905077558,704.2282229232347,689766.532125138,1092.51379975014,689766.532125138,1092.51379975014,17.808967745450552,0.0282074326819905,1.1814396324355034,2.7464243143023953e-08,14.0,10935.8583984375,59.473887422881866,37.83732751456182,770.4137922709306,0.0
2458638.643989451,761233.2175467161,310.79450397887274,691438.2996914971,859.9633482713185,691438.2996914971,859.9633482713185,17.85213083510562,0.0222032511267959,1.7950479728340476,3.4067483777344094e-08,14.0,1367.1890380859377,37.49646796902936,37.83732751456182,770.4137922709306,0.0
2457969.749929613,756380.2926133064,1185.0374271704502,686095.6470435709,1494.1512520574456,686095.6470435709,1494.1512520574456,17.71418977207822,0.0385772434808248,1.1164400212546797,3.640268365239179e-08,14.0,27128.088671875,103.13058292530712,37.83732751456182,770.4137922709306,2.0
2458639.803465252,761053.6193866895,544.0290890614081,691240.5775757846,988.7275863505109,691240.5775757846,988.7275863505109,17.84702588057784,0.0255277936436019,0.7266719610272176,3.6399417059424e-08,14.0,1485.5939208984375,25.890103055062134,37.83732751456182,770.4137922709306,0.0
2457970.554457886,761630.2188453109,1084.0813374581162,691875.3639503255,1433.481019319093,691875.3639503255,1433.481019319093,17.863415324749056,0.0370108087994879,1.1734618659021931,3.6453809293510646e-08,14.0,14811.6234375,87.42586764802638,37.83732751456182,770.4137922709306,0.0
2458641.757848639,761543.5086999809,359.91621769584276,691779.9035436822,886.40910858492,691779.9035436822,886.40910858492,17.8609506483351,0.0228860498282316,2.056704323609539,3.3991924429924264e-08,14.0,1466.5547119140624,50.14461833422606,37.83732751456182,770.4137922709306,0.0
2458654.606840713,761592.695034216,605.1635802349404,691834.0534640801,1036.1366588568924,691834.0534640801,1036.1366588568924,17.86234873615303,0.0267518406273061,2.0447079658474934,3.4852546926631984e-08,14.0,11103.7326171875,85.007096138318,37.83732751456182,770.4137922709306,0.0
2457971.500056308,763056.9760970974,849.85740098719,693446.100879867,1239.046170844898,693446.100879867,1239.046170844898,17.903969921140707,0.031990727679576,1.2118081325642105,3.2479492942460824e-08,14.0,12007.1234375,67.95600214992342,37.83732751456182,770.4137922709306,0.0
2458655.6573912688,757611.6032532438,1543.2198731660433,687451.2140760612,1854.5090110852268,687451.2140760612,1854.5090110852268,17.74918893256813,0.0478812607221025,1.094935331570594,2.2987139063732288e-08,14.0,12454.91796875,128.31508140583492,37.83732751456182,770.4137922709306,0.0
2457972.473804821,773640.2760652569,1973.0563182105984,705097.4032129021,2371.78001804298,705097.4032129021,2371.78001804298,18.20479296455835,0.0612365950990625,1.209671580668244,3.522652012229567e-08,14.0,23731.870312500003,123.49303118430976,37.83732751456182,770.4137922709306,2.0
2458655.7610167903,762123.1170818144,1118.934475621985,692418.0024836938,1469.0036504453374,692418.0024836938,1469.0036504453374,17.877425619085066,0.037927961723698,1.0870436313609493,3.5590509867308775e-08,14.0,11028.60390625,82.52598719200813,37.83732751456182,770.4137922709306,0.0
2458668.695788637,762218.3448238351,287.9397142085665,692522.8400311614,861.949064812598,692522.8400311614,861.949064812598,17.880132402343463,0.0222545200129889,2.1453756691794954,3.636681720507565e-08,14.0,1322.11923828125,40.76624822446743,37.83732751456182,770.4137922709306,0.0
2457973.554517448,764301.6665482668,2140.896043924396,694816.3979328888,2498.2839541142894,694816.3979328888,2498.2839541142894,17.93934939358882,0.0645027792530333,1.1755467937776392,3.484883946653919e-08,14.0,12477.9216796875,163.41572416365412,37.83732751456182,770.4137922709306,0.0
2457973.6866679583,753550.4153959587,2568.28123219891,682980.195802097,2911.408688506093,682980.195802097,2911.408688506093,17.633752452945053,0.075169178283679,0.6795549568741107,2.57924544119511e-08,14.0,25365.8140625,146.28375204383175,37.83732751456182,770.4137922709306,6.0
2457974.484702161,760961.4879448201,395.5476639142309,691139.1487882767,898.139471670363,691139.1487882767,898.139471670363,17.844407107527744,0.0231889141281092,1.1882036335041954,1.9282951811643612e-08,14.0,1935.016650390625,31.573288141417805,37.83732751456182,770.4137922709306,0.0
2457979.567752234,762898.8125089419,520.0147953455422,693271.9763828556,992.1161909115084,693271.9763828556,992.1161909115084,17.899474229618214,0.0256152834630093,1.1788810035116697,2.267380947046101e-08,14.0,1173.3008056640624,39.90907715257293,37.83732751456182,770.4137922709306,0.0
2457980.498664601,762406.1168105196,465.19772241004415,692729.5608264804,953.2171651104628,692729.5608264804,953.2171651104628,17.885469692288247,0.0246109559644194,1.1581835497655064,3.2352032225929966e-08,14.0,1331.0814941406252,35.1867863533556,37.83732751456182,770.4137922709306,0.0
2457980.6137618544,762769.01190487,421.96985847960985,693129.0770900456,932.5529401994024,693129.0770900456,932.5529401994024,17.89578473646658,0.0240774297670958,1.144942592440113,2.8213037975309332e-08,14.0,1337.5609619140623,30.89078298171694,37.83732751456182,770.4137922709306,0.0
2457981.620559268,761841.690362629,431.98292300777126,692108.1758889935,927.8687908172016,692108.1758889935,927.8687908172016,17.869426257598654,0.0239564904907214,1.1577197228487488,1.7833306663289574e-08,14.0,1213.215771484375,32.99844698884776,37.83732751456182,770.4137922709306,0.0
2457983.6725961776,758955.0934957927,691.7860738900285,688930.2811954395,1076.0790981293603,688930.2811954395,1076.0790981293603,17.787376721327917,0.0277831078453406,0.98565983214903,3.54968631556213e-08,14.0,1216.7262939453126,49.11786829782385,37.83732751456182,770.4137922709306,0.0
2457986.6058055074,762166.5032581831,494.88616885545116,692465.7669295149,968.628866864232,692465.7669295149,968.628866864232,17.87865884139348,0.0250088681370929,1.1111913193786254,2.456379011496865e-08,14.0,1160.942431640625,36.06003193447,37.83732751456182,770.4137922709306,0.0
2457989.6933442326,-387313769.23000604,-387313769.23000604,-387313769.23000604,-387313769.23000604,-387313769.23000604,-387313769.23000604,-9999.99,-9999.99,-9999.99,-9999.99,14.0,-9999.99,-9999.99,-9999.99,-9999.99,5.0
2457990.6510736723,762555.2089538233,462.2113469144232,692893.698443514,953.0716314656142,692893.698443514,953.0716314656142,17.889707534212164,0.0246071984553692,1.1633633490918336,1.9788310099820607e-08,14.0,1132.5595703125,34.981190750164984,37.83732751456182,770.4137922709306,0.0
2457993.58783492,762273.8253079905,455.66834262318014,692583.9192688676,946.1836211915604,692583.9192688676,946.1836211915604,17.881709397056262,0.0244293580599777,1.1721914041582455,2.2916064884801162e-08,14.0,2223.063037109375,35.00332407934038,37.83732751456182,770.4137922709306,0.0
2457995.4930316824,763106.9853324809,1045.0149451481768,693501.1567436006,1408.716557865939,693501.1567436006,1408.716557865939,17.905391399359445,0.0363714192746093,0.819400172898238,2.108088784829161e-08,14.0,7084.20830078125,56.29490068189902,37.83732751456182,770.4137922709306,0.0
2457996.667900017,760147.9353293794,1356.6998062932728,690243.4973832475,1682.7994947302627,690243.4973832475,1682.7994947302627,17.821282432379775,0.0434479211848376,1.0362404113135864,2.1195604390586853e-08,14.0,16406.8,100.23562461220136,37.83732751456182,770.4137922709306,0.0
2457998.6146285394,762400.5446717942,843.9427771901281,692723.4263813535,1228.6009602476206,692723.4263813535,1228.6009602476206,17.885311308066456,0.0317210445187415,1.1689180918777389,3.650559731572821e-08,14.0,7475.52431640625,66.24718167326444,37.83732751456182,770.4137922709306,0.0
2457999.4813984707,760991.0685800288,1368.2048600509484,691171.71452156,1698.9652385269571,691171.71452156,1698.9652385269571,17.845247916796723,0.0438653018440145,0.9284085538564274,3.0052040152879735e-08,14.0,12476.144140625,88.59330867048354,37.83732751456182,770.4137922709306,0.0
2458000.661817428,762399.3859255485,1543.7474171881418,692722.1507014731,1880.0549505312467,692722.1507014731,1880.0549505312467,17.885278371499105,0.0485408270977278,1.0759787113696555,2.8071164633716275e-08,14.0,10589.641796875,112.34071886074256,37.83732751456182,770.4137922709306,0.0
2458003.566541668,761980.6057902239,592.9890102292746,692261.1098179662,1031.4007439889358,692261.1098179662,1031.4007439889358,17.873374833357865,0.0266295648264365,1.1523899773534532,2.0310375062981365e-08,14.0,3066.148388671875,45.80535479284374,37.83732751456182,770.4137922709306,0.0
2458004.552554255,762513.9046914028,393.8052698577678,692848.2260057536,914.6146578975186,692848.2260057536,914.6146578975186,17.888533488879915,0.0236142842300997,1.1575797450611258,1.7104711331816962e-08,14.0,2294.6624023437503,29.27222555593365,37.83732751456182,770.4137922709306,0.0
2458005.647937656,763138.3987476843,677.0739258130774,693535.7402099057,1103.2574870639828,693535.7402099057,1103.2574870639828,17.90628430414283,0.0284848221636894,0.9714939732066018,3.160988730680636e-08,14.0,3390.680029296875,42.71217989035522,37.83732751456182,770.4137922709306,0.0
2458008.538278402,761469.2029302075,416.5247261900369,691698.0992868501,915.1456045000672,691698.0992868501,915.1456045000672,17.858838557789227,0.0236279926524121,1.1102635219816923,3.1207658605679175e-08,14.0,1221.590576171875,30.551729534684416,37.83732751456182,770.4137922709306,0.0
2458019.505473424,762232.6519785492,395.43412363068865,692538.5909770482,912.2954558812689,692538.5909770482,912.2954558812689,17.880539073404172,0.0235544051377127,1.1290016308026414,3.49861726433574e-08,14.0,1343.6807861328125,28.782532159771065,37.83732751456182,770.4137922709306,0.0
2458032.53029078,0.0,0.0,0.0,0.0,0.0,0.0,0.0,0.0,0.0,0.0,14.0,0.0,0.0,0.0,0.0,5.0
2458036.518928627,762408.4371931219,442.1389852806691,692732.1153680056,939.8473597811775,692732.1153680056,939.8473597811775,17.885535647572397,0.02426576317703,1.0778505703451533,2.2233345946439293e-08,14.0,1490.454907226563,30.68398628809963,37.83732751456182,770.4137922709306,0.0
2458042.494842958,761863.8998599354,546.1381311024301,692132.6266338989,998.360202201555,692132.6266338989,998.360202201555,17.870057547328003,0.025776496555393,1.081282639866512,3.5796835384931175e-08,14.0,1906.6675048828129,39.35377271199016,37.83732751456182,770.4137922709306,0.0
2458045.520124967,762081.1214784073,493.7369243405389,692371.7689390113,967.0136444149359,692371.7689390113,967.0136444149359,17.876231922859375,0.0249671649764414,1.0589189632255422,3.3844117143779657e-08,14.0,1541.8197753906252,34.33631449326159,37.83732751456182,770.4137922709306,0.0
2458166.8436979405,759680.1189427961,752.7160014441503,689728.4718077809,1130.724546848449,689728.4718077809,1130.724546848449,17.80798507242625,0.0291939896268553,0.4146561801437291,1.78526042395504e-08,14.0,1156.0617431640626,20.49307236967733,37.83732751456182,770.4137922709306,4.0
2458173.886592628,762168.0650104217,484.4139574867058,692467.4862843052,962.207983910098,692467.4862843052,962.207983910098,17.878703233129777,0.0248430884245354,1.0458942302334873,3.6354556523952354e-08,14.0,1362.8344482421876,33.14339346584019,37.83732751456182,770.4137922709306,0.0
2458174.861666435,761399.7373475534,412.63661781135875,691621.6236594301,912.2405597665734,691621.6236594301,912.2405597665734,17.85686404624277,0.0235529877840279,1.0457138273926754,2.088586469300403e-08,14.0,1342.5485107421875,28.397313792569843,37.83732751456182,770.4137922709306,0.0
2458175.836981044,762139.6057279436,428.6141904320565,692436.1550638614,929.2538053918316,692436.1550638614,929.2538053918316,17.87789429754313,0.0239922499524201,1.039212687656464,1.78157269387169e-08,14.0,1246.0374755859375,28.834703989077287,37.83732751456182,770.4137922709306,0.0
2458178.864484112,762336.3486045953,741.8168613777137,692652.7520368885,1145.3627903228057,692652.7520368885,1145.3627903228057,17.883486578882902,0.0295719320084343,1.0344871509238205,2.3562263803119613e-08,14.0,3793.814599609375,51.20950887036604,37.83732751456182,770.4137922709306,0.0
2458180.8934964603,761870.1826613962,644.669324172954,692139.5434575301,1067.2668009969823,692139.5434575301,1067.2668009969823,17.870236131650678,0.0275555846065567,1.0514625598477951,2.9411581884998024e-08,14.0,3961.97841796875,45.55810943400861,37.83732751456182,770.4137922709306,0.0
2458186.880387079,762133.3945200962,893.5345444099256,692429.3170586359,1268.2276383717442,692429.3170586359,1268.2276383717442,17.8777177482198,0.0327441591520329,0.9516837732160994,3.652521373051748e-08,14.0,5057.0123046875,57.1219022098362,37.83732751456182,770.4137922709306,0.0
2458195.850074288,761285.2297573846,511.24616706165904,691495.5606586175,969.6888726299233,691495.5606586175,969.6888726299233,17.853609246523156,0.0250362362502326,1.0851682607869513,1.988215854979905e-08,14.0,1168.4175537109377,37.42226090441121,37.83732751456182,770.4137922709306,0.0
2458203.829149154,761803.1158019443,613.8448242719816,692065.7086178914,1044.3540935390222,692065.7086178914,1044.3540935390222,17.868329802166173,0.0269640052111016,0.9832312019377948,3.3129962325528235e-08,14.0,1273.4199462890624,40.128611884230274,37.83732751456182,770.4137922709306,0.0
2458208.816456907,761207.2773995632,651.971376905033,691409.7418222169,1066.3629045845682,691409.7418222169,1066.3629045845682,17.851393504212915,0.0275322470549299,1.0327514143364276,1.9808179139207355e-08,14.0,5809.524707031251,46.05292390854365,37.83732751456182,770.4137922709306,0.0
2458208.8305545254,761179.5208285856,670.864665072345,691379.18422665,1080.2150165150224,691379.18422665,1080.2150165150224,17.850604542718727,0.0278898924364995,1.03594770331117,2.3571693816956848e-08,14.0,5225.29462890625,47.588532701738416,37.83732751456182,770.4137922709306,0.0
2458209.813150804,762375.9875998255,807.140533631801,692696.3911588066,1198.043412664998,692696.3911588066,1198.043412664998,17.88461329013733,0.0309320842634471,1.036924896602898,2.2937843179339453e-08,14.0,4986.54228515625,56.00926352950663,37.83732751456182,770.4137922709306,0.0
2458213.802947455,761756.4512593796,750.9666402333243,692014.3349730647,1147.4097483506398,692014.3349730647,1147.4097483506398,17.86700339454697,0.0296247820784162,1.0567108917566663,2.263733097681329e-08,14.0,8195.36328125,53.83429352391192,37.83732751456182,770.4137922709306,0.0
2458221.8995318064,762239.3288255546,415.3334089997894,692545.9416109067,923.0245786986414,692545.9416109067,923.0245786986414,17.880728858201195,0.0238314185810917,1.054857408380073,2.3312728855217083e-08,14.0,1143.0173095703126,28.21591277931047,37.83732751456182,770.4137922709306,0.0
2458223.776382317,762952.6317552403,402.4755396853561,693331.2267406688,924.1212943466618,693331.2267406688,924.1212943466618,17.901004004784248,0.0238597345005976,1.0386525535420366,1.7920333553403495e-08,14.0,1158.4597656249998,26.175265317281248,37.83732751456182,770.4137922709306,0.0
2458224.8511393066,762506.3984456077,552.1596408439518,692839.9622752146,1008.9208798596369,692839.9622752146,1008.9208798596369,17.888320128991076,0.0260491609411286,1.061927912118423,2.3506512396372945e-08,14.0,1195.8666748046876,38.461793745043984,37.83732751456182,770.4137922709306,0.0
2458225.9176829457,763032.6451354321,483.6433302125457,693419.3145853024,971.0019146827093,693419.3145853024,971.0019146827093,17.903278330241896,0.0250701374653212,1.02814679008397,2.3513951874665887e-08,14.0,1265.76708984375,31.741142269347133,37.83732751456182,770.4137922709306,0.0
2458226.863118391,762545.1331961579,470.7107544243749,692882.6059015703,957.9913841525225,692882.6059015703,957.9913841525225,17.889421137710627,0.0247342207344102,1.0426586031917755,2.2417084194854667e-08,14.0,1104.81015625,31.693587779016628,37.83732751456182,770.4137922709306,0.0
2458229.8490675758,762397.2391936393,369.12430597229724,692719.7873344154,900.7162336207562,692719.7873344154,900.7162336207562,17.88521735211684,0.0232554431177383,1.0461467241900877,3.36607850657135e-08,14.0,1114.139501953125,24.288668989508096,37.83732751456182,770.4137922709306,0.0
2458230.7997896965,762177.4210153939,356.7820337340707,692477.7864404845,892.1380877590477,692477.7864404845,892.1380877590477,17.878969171154644,0.0230339653917949,1.0238644984703302,3.4134539635690216e-08,14.0,1111.2381591796875,22.891515291317532,37.83732751456182,770.4137922709306,0.0
2458231.8253758973,763128.0256999476,1363.2689728901523,693524.320377183,1707.004538732853,693524.320377183,1707.004538732853,17.905989457374908,0.0440728672032987,0.2458324569430972,2.736447286969417e-08,14.0,1109.8264892578125,20.18001868286475,37.83732751456182,770.4137922709306,4.0
2458237.735405837,758214.6649471646,5841.029564959722,688115.1330939939,6474.172278033246,688115.1330939939,6474.172278033246,17.766330547629572,0.1671555807771008,0.2070996408590818,1.8808950885785992e-08,14.0,28748.953515625,90.20583451967974,37.83732751456182,770.4137922709306,4.0
2458237.921299932,762280.6209748714,803.8255716151837,692591.4007131828,1194.5176910759724,692591.4007131828,1194.5176910759724,17.881902559226788,0.0308410542422239,1.034058945651546,2.3576630237946465e-08,14.0,6136.19384765625,55.71382378794236,37.83732751456182,770.4137922709306,0.0
2458238.7326415847,769368.7680073584,2447.374456632064,700394.8405008654,2839.1157080251387,700394.8405008654,2839.1157080251387,18.08337827747343,0.0733026578051612,1.0626479909962594,2.301648068584832e-08,14.0,16706.866796875,149.62532552162764,37.83732751456182,770.4137922709306,2.0
2458239.9136560564,767205.6954485206,2921.181858312233,698013.483794816,3330.6252761888773,698013.483794816,3330.6252761888773,18.021894423454317,0.0859928618645549,0.5699286557006248,2.326647253871872e-08,14.0,25959.9125,100.39447896476116,37.83732751456182,770.4137922709306,6.0
2458245.7899165363,759369.3572509921,670.6008157724777,689386.3499331649,1063.4319985040504,689386.3499331649,1063.4319985040504,17.799151884461487,0.0274565744767141,0.9986041238456116,3.1380189902242433e-08,14.0,4448.76083984375,47.86259984615419,37.83732751456182,770.4137922709306,0.0
2458246.7123092194,762796.1958509142,408.86935433449787,693159.0042748478,925.7581705907335,693159.0042748478,925.7581705907335,17.896557421489746,0.0239019967369867,1.01386190299199,3.0986197094418415e-08,14.0,1411.9573242187498,26.04829586300161,37.83732751456182,770.4137922709306,0.0
2458246.881393527,763256.7635811743,774.2250444663997,693666.0497036127,1179.2153379850017,693666.0497036127,1179.2153379850017,17.909648743358517,0.0304459653245477,0.9490807670094048,3.283329873091235e-08,14.0,1911.3947265625,47.77647082661533,37.83732751456182,770.4137922709306,0.0
2458247.857419525,761637.0907392752,1614.3908494456027,691882.9293140976,1946.6449018605997,691882.9293140976,1946.6449018605997,17.86361065362214,0.050260102012012,0.2747999753970778,3.544740245186913e-08,14.0,2582.823291015625,29.08495721581889,37.83732751456182,770.4137922709306,4.0
2458249.722265457,762193.8915939705,548.1393968955016,692495.9191298326,1003.057483589225,692495.9191298326,1003.057483589225,17.879437336054927,0.0258977748848396,1.0268404286146182,2.358384691200853e-08,14.0,1202.0499511718751,37.12489388212938,37.83732751456182,770.4137922709306,0.0
2458250.7052307166,761077.8484128844,666.2753991330271,691267.2516481702,1075.8207787537365,691267.2516481702,1075.8207787537365,17.847714574030803,0.0277764383402048,0.9312127229755486,2.9818206848728795e-08,14.0,1181.5059814453125,42.085539503760295,37.83732751456182,770.4137922709306,0.0
2458254.6950384555,762499.6367577798,578.8160316894032,692832.5182389123,1026.8013491217603,692832.5182389123,1026.8013491217603,17.888127932651834,0.0265108138128352,1.0353299101874636,2.351551332578281e-08,14.0,1087.5423583984375,39.37990565998949,37.83732751456182,770.4137922709306,0.0
2458256.748684103,761530.874561857,384.44485112588904,691765.9944450599,898.6627572147552,691765.9944450599,898.6627572147552,17.860591531623584,0.0232024247508311,1.0364681026184055,3.4127958890593145e-08,14.0,1134.3134521484376,25.795184876186827,37.83732751456182,770.4137922709306,0.0
2458257.823661177,761053.0431368425,568.2479902692879,691239.943174302,1005.0970291768289,691239.943174302,1005.0970291768289,17.847009501071128,0.025950433574256,0.8529233500580297,2.8738529653725813e-08,14.0,1156.35751953125,32.44622490856521,37.83732751456182,770.4137922709306,0.0
2458258.791970033,762748.0747932121,526.9514287238839,693106.0271322211,994.9671060939643,693106.0271322211,994.9671060939643,17.89518961342668,0.0256888907694887,1.0061089605618738,3.3811005281007325e-08,14.0,1105.1877685546874,34.26346584338849,37.83732751456182,770.4137922709306,0.0
2458259.872361714,762851.1307554333,427.87503425537034,693219.4828763339,936.7208686239754,693219.4828763339,936.7208686239754,17.898118908475553,0.0241850408201428,1.0049846580690234,2.988677180517675e-08,14.0,1269.675830078125,27.05061087634944,37.83732751456182,770.4137922709306,0.0
2458264.667775121,761487.512974536,564.0703561422215,691718.2570696644,1006.5873407349753,691718.2570696644,1006.5873407349753,17.859359008241995,0.0259889116813163,1.0325142562812204,2.178857576653425e-08,14.0,3286.51171875,39.19867451957629,37.83732751456182,770.4137922709306,0.0
2458271.6830260884,760846.4548466007,637.1499883489396,691012.5072483328,1052.027385407952,691012.5072483328,1052.027385407952,17.841137370602183,0.0271621206618095,1.0689546052841248,3.5178315585226674e-08,14.0,7636.21005859375,46.96644153518528,37.83732751456182,770.4137922709306,0.0
2458272.67193315,762852.2197445342,970.9507107968869,693220.6817596023,1340.968040515751,693220.6817596023,1340.968040515751,17.89814986224392,0.0346222315362968,1.0753888070879436,2.3531787561258632e-08,14.0,7876.640625,69.39048638534003,37.83732751456182,770.4137922709306,0.0
2458273.839860876,761469.2294025689,647.263337652426,691698.1284306425,1065.3584792394147,691698.1284306425,1065.3584792394147,17.85883931024796,0.0275063139634541,1.030781622114173,3.6447619976446046e-08,14.0,3113.8677734375,45.2287416402542,37.83732751456182,770.4137922709306,0.0
2458274.806927489,761073.5818513989,457.8137356332931,691262.5545312087,934.5025173725437,691262.5545312087,934.5025173725437,17.847593299946652,0.0241277655769339,1.0602530970269983,2.0984381010784652e-08,14.0,1749.680981445313,32.61733438463814,37.83732751456182,770.4137922709306,0.0
2458277.8055521585,762471.6129285926,461.23782182095124,692801.6664150603,951.5923932654827,692801.6664150603,951.5923932654827,17.887331374526326,0.0245690062495038,1.0481663097391252,2.346488787537394e-08,14.0,1222.46943359375,31.26911040084705,37.83732751456182,770.4137922709306,0.0
2458278.7534798253,762865.8822609655,925.4335685285035,693235.7230142253,1301.484327193097,693235.7230142253,1301.484327193097,17.898538209903528,0.0336028080875143,0.3920951286194403,2.350293402174761e-08,14.0,1082.0882568359375,22.3675894881395,37.83732751456182,770.4137922709306,4.0
2458282.784826769,763109.4755801327,393.4551745204201,693503.8982919232,921.1827362643537,693503.8982919232,921.1827362643537,17.9054621829411,0.0237838643566161,1.0273432926886692,1.8638015699771253e-08,14.0,1092.7708740234375,25.093458148490026,37.83732751456182,770.4137922709306,0.0
2458285.612549944,762680.4616116594,473.8474222097679,693031.5908389727,961.3228929821298,693031.5908389727,961.3228929821298,17.89326775511112,0.024820236408594,0.9730189769252928,3.533102500482956e-08,14.0,1108.9719482421874,29.48195799063683,37.83732751456182,770.4137922709306,0.0
2458286.7579702637,761599.8290226993,453.9523403871653,691841.9073713599,937.8804279239858,691841.9073713599,937.8804279239858,17.862551514883087,0.0242149792894814,1.0247524992077586,2.2013629492290336e-08,14.0,1023.2192016601564,30.67487569486916,37.83732751456182,770.4137922709306,0.0
2458287.723050886,762958.8766802468,397.2579263826507,693338.1018655841,921.4516565825121,693338.1018655841,921.4516565825121,17.901181512494702,0.0237908075657298,1.0161426758683272,1.8484795292185147e-08,14.0,1054.3911621093748,25.11047057493701,37.83732751456182,770.4137922709306,0.0
2458288.6392648863,762709.1637866282,545.9512645886924,693063.1894631421,1006.905285990901,693063.1894631421,1006.905285990901,17.894083594750228,0.025997120657171,1.028897135574031,2.28136102827405e-08,14.0,1063.1480224609377,36.543592756757626,37.83732751456182,770.4137922709306,0.0
2458288.6855662926,762487.7141010757,435.5590260017117,692819.3924200949,936.9896610853967,692819.3924200949,936.9896610853967,17.88778903931175,0.0241919807281446,1.0289990301204153,2.19772410449296e-08,14.0,1008.043701171875,28.724516166984397,37.83732751456182,770.4137922709306,0.0
2458289.7793129086,762115.5079189083,493.5846812697107,692409.6254502739,967.2835002264975,692409.6254502739,967.2835002264975,17.877209333847915,0.0249741323389042,1.0090678854774904,1.8219782988355015e-08,14.0,1081.6514404296877,32.62040291800534,37.83732751456182,770.4137922709306,0.0
2458291.620494654,762339.8038325417,648.6745121509626,692656.5559454565,1074.6883498179848,692656.5559454565,1074.6883498179848,17.883584791367625,0.0277472003452434,0.9233633868962215,2.1221808826243064e-08,14.0,2185.33544921875,39.539067403680185,37.83732751456182,770.4137922709306,0.0
2458292.789082392,761199.8969465006,768.0884713267683,691401.6165786491,1156.215476601916,691401.6165786491,1156.215476601916,17.85118371989622,0.0298521357163479,1.0123657000887705,3.5110376726889895e-08,14.0,3039.61630859375,53.38653607316186,37.83732751456182,770.4137922709306,0.0
2458293.584997672,766373.1353963192,4928.108167754883,697096.9068379315,5492.446548100563,697096.9068379315,5492.446548100563,17.99822947495199,0.1418085669036034,0.414672509417351,2.3582655080549504e-08,14.0,19465.062109375,126.20780560723946,37.83732751456182,770.4137922709306,6.0
2458299.753437452,760238.6204123411,2271.3583354635443,690343.3338540889,2618.3147441155397,690343.3338540889,2618.3147441155397,17.823860093669822,0.0676018343217205,0.7571066283524573,2.35765499493504e-08,14.0,25922.178125,122.54285824140756,37.83732751456182,770.4137922709306,2.0
2458301.6663164035,763488.5365883398,783.312253368741,693921.2118352009,1188.5223888157188,693921.2118352009,1188.5223888157188,17.91623673213396,0.0306862625270502,0.9618194491457168,3.6528607897869694e-08,14.0,3915.944970703125,48.775261357051576,37.83732751456182,770.4137922709306,0.0
2458302.6419010097,-387313769.23000604,-387313769.23000604,-387313769.23000604,-387313769.23000604,-387313769.23000604,-387313769.23000604,-9999.99,-9999.99,-9999.99,-9999.99,14.0,-9999.99,-9999.99,-9999.99,-9999.99,5.0
2458303.569971492,761362.1351228883,371.832717471239,691580.2268465942,890.2974090945582,691580.2268465942,890.2974090945582,17.855795228794804,0.0229864412144988,0.9877773175102972,3.49807420002592e-08,14.0,1117.9866943359375,23.639953016379103,37.83732751456182,770.4137922709306,0.0
2458303.755144374,0.0,0.0,0.0,0.0,0.0,0.0,0.0,0.0,0.0,0.0,14.0,0.0,0.0,0.0,0.0,5.0
2458308.548092579,760977.5201501879,399.0025347584514,691156.7988664532,900.1675045908518,691156.7988664532,900.1675045908518,17.84486281197021,0.0232412755738819,0.977471288118888,3.057641980390883e-08,14.0,1029.1371337890623,25.61950525923607,37.83732751456182,770.4137922709306,0.0
2458310.5425069937,762363.5452673647,137.74248888904134,692682.6932217104,817.5885031004395,692682.6932217104,817.5885031004395,17.884259625370255,0.0211091820241075,0.9999985686809212,1.5820278279392797e-08,14.0,1000.0871948242188,0.0194675628980716,37.83732751456182,770.4137922709306,0.0
2458310.577595463,762996.8680609408,508.65181265410973,693379.9271057114,985.9888477719439,693379.9271057114,985.9888477719439,17.902261391435886,0.025457082606262,1.0071850519975905,1.9891473792174585e-08,14.0,992.0786010742188,32.834798917105374,37.83732751456182,770.4137922709306,0.0
2458311.706271672,762704.2694173657,386.64964493452237,693057.8011838554,913.0686566813957,693057.8011838554,913.0686566813957,17.893944475660575,0.0235743682809922,0.987426632665049,3.59275246708867e-08,14.0,1054.256518554687,23.76588361642556,37.83732751456182,770.4137922709306,0.0
2458312.7159165405,762693.0465781854,458.6400192027451,693045.445803897,952.4786836303856,693045.445803897,952.4786836303856,17.89362547415366,0.0245918892335086,0.9938702837355846,2.076844391032389e-08,14.0,1041.802099609375,29.148682584085048,37.83732751456182,770.4137922709306,0.0
2458328.4859486413,766667.3191578542,1005.4322104167009,697420.7778382278,1401.2828595903309,697420.7778382278,1401.2828595903309,18.00659144661823,0.0361794898511682,1.199204650188324,3.5696095522296494e-08,14.0,6197.77255859375,73.247957028625,37.83732751456182,770.4137922709306,0.0
2458329.500305217,761927.3655356946,347.7293556114156,692202.4968802552,884.9097016573315,692202.4968802552,884.9097016573315,17.871861515635786,0.0228473368893355,1.2372681155817122,3.5492164635724846e-08,14.0,1501.8761962890626,27.84156631579892,37.83732751456182,770.4137922709306,0.0
2458330.485980996,761308.8647371631,712.0712629909935,691521.5807370304,1112.8926653187493,691521.5807370304,1112.8926653187493,17.854281054614155,0.0287335912337574,0.5975965885360565,3.256495129464812e-08,14.0,1311.931396484375,27.57739641151453,37.83732751456182,770.4137922709306,4.0
2458330.5212276992,762104.4568020367,443.31825995333776,692397.459121796,937.1934803456527,692397.459121796,937.1934803456527,17.87689521342984,0.0241972431038366,1.0310214923937384,3.650641400394544e-08,14.0,1247.9445556640626,29.665280107401536,37.83732751456182,770.4137922709306,0.0
2458331.653452961,763218.2103428795,459.5800276979145,693623.6059066266,958.7613748898174,693623.6059066266,958.7613748898174,17.908552894000337,0.0247541009976096,1.251875108011697,1.4756554236663465e-08,14.0,1807.4694335937504,36.947761096437176,37.83732751456182,770.4137922709306,0.0
2458335.5192754515,762210.4620450374,518.8253137184306,692514.1617701954,984.1525498370808,692514.1617701954,984.1525498370808,17.879908339762245,0.0254096715342979,1.1472107572496844,3.5372382924623485e-08,14.0,1383.8396240234374,39.16295594837644,37.83732751456182,770.4137922709306,0.0
2458339.5059471554,763316.3904157757,415.43869678084224,693731.6937162724,935.1328388604577,693731.6937162724,935.1328388604577,17.911343595239117,0.0241440397429375,1.224955553842769,2.2692987054787176e-08,14.0,1192.1049560546876,32.27055573269016,37.83732751456182,770.4137922709306,0.0
2458340.593281378,763414.005756216,398.14128343646234,693839.1598040938,927.0776165291934,693839.1598040938,927.0776165291934,17.914118244345147,0.0239360632929379,1.2237494812721672,2.3172053297105096e-08,14.0,1086.1663330078125,30.638746962945657,37.83732751456182,770.4137922709306,0.0
2458347.542550837,763077.1824171608,431.46671579257963,693468.3462990473,941.2258180702053,693468.3462990473,941.2258180702053,17.90454427193074,0.0243013533630776,1.2480544660370685,2.0656098297027923e-08,14.0,1499.565478515625,34.53575212513642,37.83732751456182,770.4137922709306,0.0
2458348.583620548,728821.4834036375,7429.1268574877095,655755.7701614711,8191.874269058827,655755.7701614711,8191.874269058827,16.930849520515785,0.2115046437277531,0.0375922730452394,3.221047710266822e-08,14.0,6270.42958984375,41.14161427667221,37.83732751456182,770.4137922709306,6.0
2458349.5829426656,-387313769.23000604,-387313769.23000604,-387313769.23000604,-387313769.23000604,-387313769.23000604,-387313769.23000604,-9999.99,-9999.99,-9999.99,-9999.99,14.0,-9999.99,-9999.99,-9999.99,-9999.99,5.0
2458352.598042359,761598.4358129017,1450.7592849535092,691840.3735672897,1783.4664457750605,691840.3735672897,1783.4664457750605,17.862511913850078,0.046047024505589,0.946795266490714,3.39800130570923e-08,14.0,21610.101171875,94.56820320662624,37.83732751456182,770.4137922709306,0.0
2458354.553317053,762173.772176646,821.1207522779752,692473.7693830885,1207.7831711168283,692473.7693830885,1207.7831711168283,17.878865455415664,0.0311835534722861,1.1285823968863282,3.5518627055670267e-08,14.0,5287.2279296875,62.42357695179332,37.83732751456182,770.4137922709306,0.0
2458355.6099793776,764978.1112923423,1024.4139237138734,695561.1053727738,1404.565264370714,695561.1053727738,1404.565264370714,17.958576871523775,0.0362642377160454,1.2059273067070964,3.05618663771096e-08,14.0,7513.868261718751,78.1881688376152,37.83732751456182,770.4137922709306,0.0
2458357.593825523,763570.657775448,732.7979905713592,694011.6201938251,1149.5647606740586,694011.6201938251,1149.5647606740586,17.91857097055764,0.0296804219843429,1.153910052686092,3.644691988668799e-08,14.0,4309.667578125,54.87919659521392,37.83732751456182,770.4137922709306,0.0
2458366.5667426363,762277.244160676,427.9857077381087,692587.6831314047,930.4223045873539,692587.6831314047,930.4223045873539,17.881806575599157,0.0240224192394389,1.2473716198867295,2.0088090568187325e-08,14.0,1188.9156005859377,34.99447356693894,37.83732751456182,770.4137922709306,0.0
2458670.556887105,762061.9619497879,300.39831245404713,692350.6759471116,865.236769064597,692350.6759471116,865.236769064597,17.875687326398257,0.0223394047040452,2.1311899667734155,2.3397341444402613e-08,14.0,1401.016455078125,42.55779346872615,37.83732751456182,770.4137922709306,0.0
2458671.6314803325,761632.9802128327,268.42973272547823,691878.4039782879,847.2659576222934,691878.4039782879,847.2659576222934,17.863493814727065,0.0218754193025652,2.017990277330941,1.6910213576676447e-08,14.0,1357.582177734375,35.94451451872487,37.83732751456182,770.4137922709306,0.0
2458672.741011175,763447.0517790819,1329.8748669747831,693875.5406309131,1676.7736269556533,693875.5406309131,1676.7736269556533,17.91505755488169,0.0432923403037158,0.2527470705240235,2.963637276534817e-08,14.0,1321.385498046875,20.03269553383616,37.83732751456182,770.4137922709306,4.0
2458682.5481151324,-387313769.23000604,-387313769.23000604,-387313769.23000604,-387313769.23000604,-387313769.23000604,-387313769.23000604,-9999.99,-9999.99,-9999.99,-9999.99,14.0,-9999.99,-9999.99,-9999.99,-9999.99,5.0
2458684.5941680865,0.0,0.0,0.0,0.0,0.0,0.0,0.0,0.0,0.0,0.0,14.0,0.0,0.0,0.0,0.0,5.0
2458685.6247581327,760728.5051337377,2240.3587186654095,690882.6547667063,2587.6100678594003,690882.6547667063,2587.6100678594003,17.83778473090564,0.0668090753755951,0.2573382528647084,1.5137082307981257e-08,14.0,5444.048632812501,39.551326007257565,37.83732751456182,770.4137922709306,4.0
2458690.625397963,761803.1942694869,315.621817332297,692065.7950039011,868.7471576265004,692065.7950039011,868.7471576265004,17.86833203255224,0.022430038844383,2.1204557712792744,2.4893518905892148e-08,14.0,1380.6578857421875,44.88870243316372,37.83732751456182,770.4137922709306,0.0
2458691.5689825835,762178.143750018,319.08538746882726,692478.5821090975,874.6688770369352,692478.5821090975,874.6688770369352,17.878989714390663,0.0225829307361556,2.1391537550178783,3.075740130244006e-08,14.0,1320.0650146484377,45.38011139116782,37.83732751456182,770.4137922709306,0.0
2458692.493694766,762748.2398149447,466.83018447251413,693106.2088069442,957.8874944869226,693106.2088069442,957.8874944869226,17.89519430405624,0.0247315384243566,1.0112760908551093,3.6254484421447493e-08,14.0,1661.62236328125,30.0668698731818,37.83732751456182,770.4137922709306,0.0
2458692.5828966536,761903.3320594619,302.1334513226816,692176.0380915465,864.0959658190008,692176.0380915465,864.0959658190008,17.871178380556373,0.0223099504941662,2.007079335053701,3.5923339422845527e-08,14.0,1409.592626953125,40.28687508465388,37.83732751456182,770.4137922709306,0.0
2458696.5071584624,761196.7368428152,444.1573836229521,691398.1375764906,927.8109549425021,691398.1375764906,927.8109549425021,17.851093896116218,0.0239549972358604,0.9190559546077632,2.9142447745263372e-08,14.0,1690.892407226563,26.75423055807972,37.83732751456182,770.4137922709306,0.0
2458698.604078526,762118.7864442043,286.46549572519183,692413.234824433,860.1673630399333,692413.234824433,860.1673630399333,17.87730252368099,0.0222085185502858,2.170015563201711,3.57660533220719e-08,14.0,1284.3603027343752,41.176545317098935,37.83732751456182,770.4137922709306,0.0
2458699.6509509347,761279.4981802687,311.9591856668598,691489.2506855448,861.0144186343678,691489.2506855448,861.0144186343678,17.85344633037443,0.0222303885382561,2.114886955145613,3.418482475793041e-08,14.0,1398.10234375,44.83477376821745,37.83732751456182,770.4137922709306,0.0
2458704.5180535223,0.0,0.0,0.0,0.0,0.0,0.0,0.0,0.0,0.0,0.0,14.0,0.0,0.0,0.0,0.0,5.0
2458711.626398,-387313769.23000604,-387313769.23000604,-387313769.23000604,-387313769.23000604,-387313769.23000604,-387313769.23000604,-9999.99,-9999.99,-9999.99,-9999.99,14.0,-9999.99,-9999.99,-9999.99,-9999.99,5.0
2458715.5871163933,762733.2140671911,337.7920382367706,693089.6667519727,889.6048806992351,693089.6667519727,889.6048806992351,17.894767207481216,0.0229685609386653,2.113897039320209,3.409282268616617e-08,14.0,1430.0036376953126,46.87397788201884,37.83732751456182,770.4137922709306,0.0
2458718.523516809,761682.675058682,334.214504688465,691933.1137262052,875.7380528935398,691933.1137262052,875.7380528935398,17.86490635663891,0.0226105356103524,2.0919492997442317,3.5290305362694394e-08,14.0,1434.0798583984374,47.03167265017465,37.83732751456182,770.4137922709306,0.0
2458724.5726842773,761864.6884664384,300.55976431373637,692133.4948217807,862.9743793467352,692133.4948217807,862.9743793467352,17.870079962926987,0.0222809924389721,2.1476400196290317,3.1784107676630214e-08,14.0,1350.12412109375,43.1653674567152,37.83732751456182,770.4137922709306,0.0
2458730.5758726816,762041.0805882016,337.0675883860254,692327.687365318,881.2143773376479,692327.687365318,881.2143773376479,17.875093788015903,0.0227519279233257,2.1228552223202493,3.566749825165594e-08,14.0,2054.4337890625,47.86558416389928,37.83732751456182,770.4137922709306,0.0
2458740.4915788104,0.0,0.0,0.0,0.0,0.0,0.0,0.0,0.0,0.0,0.0,14.0,0.0,0.0,0.0,0.0,5.0
2458740.49536059,762015.3106589715,358.43974713096077,692299.31689132,891.0823941502779,692299.31689132,891.0823941502779,17.874361295450925,0.0230067086135199,2.019405656487424,2.8314025221013583e-08,14.0,4024.40400390625,48.35227909101753,37.83732751456182,770.4137922709306,0.0
2458647.616406504,0.0,0.0,0.0,0.0,0.0,0.0,0.0,0.0,0.0,0.0,0.0,0.0,0.0,0.0,0.0,0.0
2458552.867885764,0.0,0.0,0.0,0.0,0.0,0.0,0.0,0.0,0.0,0.0,0.0,0.0,0.0,0.0,0.0,0.0
2458647.614069744,0.0,0.0,0.0,0.0,0.0,0.0,0.0,0.0,0.0,0.0,0.0,0.0,0.0,0.0,0.0,0.0
2458555.8599296613,0.0,0.0,0.0,0.0,0.0,0.0,0.0,0.0,0.0,0.0,0.0,0.0,0.0,0.0,0.0,0.0
2458657.588504917,0.0,0.0,0.0,0.0,0.0,0.0,0.0,0.0,0.0,0.0,0.0,0.0,0.0,0.0,0.0,0.0
2458559.849460519,0.0,0.0,0.0,0.0,0.0,0.0,0.0,0.0,0.0,0.0,0.0,0.0,0.0,0.0,0.0,0.0
2458661.63745112,0.0,0.0,0.0,0.0,0.0,0.0,0.0,0.0,0.0,0.0,0.0,0.0,0.0,0.0,0.0,0.0
2458575.8759615063,0.0,0.0,0.0,0.0,0.0,0.0,0.0,0.0,0.0,0.0,0.0,0.0,0.0,0.0,0.0,0.0
2458661.6492815814,0.0,0.0,0.0,0.0,0.0,0.0,0.0,0.0,0.0,0.0,0.0,0.0,0.0,0.0,0.0,0.0
2458580.8718094463,0.0,0.0,0.0,0.0,0.0,0.0,0.0,0.0,0.0,0.0,0.0,0.0,0.0,0.0,0.0,0.0
2458661.6611185623,0.0,0.0,0.0,0.0,0.0,0.0,0.0,0.0,0.0,0.0,0.0,0.0,0.0,0.0,0.0,0.0
2458582.7888955697,0.0,0.0,0.0,0.0,0.0,0.0,0.0,0.0,0.0,0.0,0.0,0.0,0.0,0.0,0.0,0.0
2457844.7254559137,0.0,0.0,0.0,0.0,0.0,0.0,0.0,0.0,0.0,0.0,0.0,0.0,0.0,0.0,0.0,0.0
2458582.789531801,0.0,0.0,0.0,0.0,0.0,0.0,0.0,0.0,0.0,0.0,0.0,0.0,0.0,0.0,0.0,0.0
2457844.738526806,0.0,0.0,0.0,0.0,0.0,0.0,0.0,0.0,0.0,0.0,0.0,0.0,0.0,0.0,0.0,0.0
2458583.7862710366,0.0,0.0,0.0,0.0,0.0,0.0,0.0,0.0,0.0,0.0,0.0,0.0,0.0,0.0,0.0,0.0
2457844.76789507,0.0,0.0,0.0,0.0,0.0,0.0,0.0,0.0,0.0,0.0,0.0,0.0,0.0,0.0,0.0,0.0
2458585.780962623,0.0,0.0,0.0,0.0,0.0,0.0,0.0,0.0,0.0,0.0,0.0,0.0,0.0,0.0,0.0,0.0
2457845.7229971485,0.0,0.0,0.0,0.0,0.0,0.0,0.0,0.0,0.0,0.0,0.0,0.0,0.0,0.0,0.0,0.0
2458587.775719412,0.0,0.0,0.0,0.0,0.0,0.0,0.0,0.0,0.0,0.0,0.0,0.0,0.0,0.0,0.0,0.0
2457846.852803362,0.0,0.0,0.0,0.0,0.0,0.0,0.0,0.0,0.0,0.0,0.0,0.0,0.0,0.0,0.0,0.0
2458589.812496925,0.0,0.0,0.0,0.0,0.0,0.0,0.0,0.0,0.0,0.0,0.0,0.0,0.0,0.0,0.0,0.0
2457847.7323333286,0.0,0.0,0.0,0.0,0.0,0.0,0.0,0.0,0.0,0.0,0.0,0.0,0.0,0.0,0.0,0.0
2458590.767999832,0.0,0.0,0.0,0.0,0.0,0.0,0.0,0.0,0.0,0.0,0.0,0.0,0.0,0.0,0.0,0.0
2457848.9091042355,0.0,0.0,0.0,0.0,0.0,0.0,0.0,0.0,0.0,0.0,0.0,0.0,0.0,0.0,0.0,0.0
2458604.730806024,0.0,0.0,0.0,0.0,0.0,0.0,0.0,0.0,0.0,0.0,0.0,0.0,0.0,0.0,0.0,0.0
2457849.781741467,0.0,0.0,0.0,0.0,0.0,0.0,0.0,0.0,0.0,0.0,0.0,0.0,0.0,0.0,0.0,0.0
2458605.7281495314,0.0,0.0,0.0,0.0,0.0,0.0,0.0,0.0,0.0,0.0,0.0,0.0,0.0,0.0,0.0,0.0
2457851.8264822424,0.0,0.0,0.0,0.0,0.0,0.0,0.0,0.0,0.0,0.0,0.0,0.0,0.0,0.0,0.0,0.0
2458606.725546228,0.0,0.0,0.0,0.0,0.0,0.0,0.0,0.0,0.0,0.0,0.0,0.0,0.0,0.0,0.0,0.0
2457864.876610231,0.0,0.0,0.0,0.0,0.0,0.0,0.0,0.0,0.0,0.0,0.0,0.0,0.0,0.0,0.0,0.0
2458608.8183278125,0.0,0.0,0.0,0.0,0.0,0.0,0.0,0.0,0.0,0.0,0.0,0.0,0.0,0.0,0.0,0.0
2457867.7865980207,0.0,0.0,0.0,0.0,0.0,0.0,0.0,0.0,0.0,0.0,0.0,0.0,0.0,0.0,0.0,0.0
2458611.7122057187,0.0,0.0,0.0,0.0,0.0,0.0,0.0,0.0,0.0,0.0,0.0,0.0,0.0,0.0,0.0,0.0
2457954.5661281967,0.0,0.0,0.0,0.0,0.0,0.0,0.0,0.0,0.0,0.0,0.0,0.0,0.0,0.0,0.0,0.0
2458613.7603766457,0.0,0.0,0.0,0.0,0.0,0.0,0.0,0.0,0.0,0.0,0.0,0.0,0.0,0.0,0.0,0.0
2457954.7640607674,0.0,0.0,0.0,0.0,0.0,0.0,0.0,0.0,0.0,0.0,0.0,0.0,0.0,0.0,0.0,0.0
2458617.848902221,0.0,0.0,0.0,0.0,0.0,0.0,0.0,0.0,0.0,0.0,0.0,0.0,0.0,0.0,0.0,0.0
2457955.614728736,0.0,0.0,0.0,0.0,0.0,0.0,0.0,0.0,0.0,0.0,0.0,0.0,0.0,0.0,0.0,0.0
2458618.693635182,0.0,0.0,0.0,0.0,0.0,0.0,0.0,0.0,0.0,0.0,0.0,0.0,0.0,0.0,0.0,0.0
2457956.559080869,0.0,0.0,0.0,0.0,0.0,0.0,0.0,0.0,0.0,0.0,0.0,0.0,0.0,0.0,0.0,0.0
2458618.881865384,0.0,0.0,0.0,0.0,0.0,0.0,0.0,0.0,0.0,0.0,0.0,0.0,0.0,0.0,0.0,0.0
2457958.5659726616,0.0,0.0,0.0,0.0,0.0,0.0,0.0,0.0,0.0,0.0,0.0,0.0,0.0,0.0,0.0,0.0
2458629.6642391016,0.0,0.0,0.0,0.0,0.0,0.0,0.0,0.0,0.0,0.0,0.0,0.0,0.0,0.0,0.0,0.0
2457960.648296416,0.0,0.0,0.0,0.0,0.0,0.0,0.0,0.0,0.0,0.0,0.0,0.0,0.0,0.0,0.0,0.0
2458631.748380803,0.0,0.0,0.0,0.0,0.0,0.0,0.0,0.0,0.0,0.0,0.0,0.0,0.0,0.0,0.0,0.0
2457965.581897168,0.0,0.0,0.0,0.0,0.0,0.0,0.0,0.0,0.0,0.0,0.0,0.0,0.0,0.0,0.0,0.0
2458635.808488004,0.0,0.0,0.0,0.0,0.0,0.0,0.0,0.0,0.0,0.0,0.0,0.0,0.0,0.0,0.0,0.0
2457968.53403497,0.0,0.0,0.0,0.0,0.0,0.0,0.0,0.0,0.0,0.0,0.0,0.0,0.0,0.0,0.0,0.0
2458635.810710518,0.0,0.0,0.0,0.0,0.0,0.0,0.0,0.0,0.0,0.0,0.0,0.0,0.0,0.0,0.0,0.0
2457968.6957984925,0.0,0.0,0.0,0.0,0.0,0.0,0.0,0.0,0.0,0.0,0.0,0.0,0.0,0.0,0.0,0.0
2458637.7116864463,0.0,0.0,0.0,0.0,0.0,0.0,0.0,0.0,0.0,0.0,0.0,0.0,0.0,0.0,0.0,0.0
2457969.745802142,0.0,0.0,0.0,0.0,0.0,0.0,0.0,0.0,0.0,0.0,0.0,0.0,0.0,0.0,0.0,0.0
2458638.6400454603,0.0,0.0,0.0,0.0,0.0,0.0,0.0,0.0,0.0,0.0,0.0,0.0,0.0,0.0,0.0,0.0
2457970.5503331604,0.0,0.0,0.0,0.0,0.0,0.0,0.0,0.0,0.0,0.0,0.0,0.0,0.0,0.0,0.0,0.0
2458639.799520174,0.0,0.0,0.0,0.0,0.0,0.0,0.0,0.0,0.0,0.0,0.0,0.0,0.0,0.0,0.0,0.0
2457971.4959249976,0.0,0.0,0.0,0.0,0.0,0.0,0.0,0.0,0.0,0.0,0.0,0.0,0.0,0.0,0.0,0.0
2458641.751783125,0.0,0.0,0.0,0.0,0.0,0.0,0.0,0.0,0.0,0.0,0.0,0.0,0.0,0.0,0.0,0.0
2457972.469630553,0.0,0.0,0.0,0.0,0.0,0.0,0.0,0.0,0.0,0.0,0.0,0.0,0.0,0.0,0.0,0.0
2458641.753898972,0.0,0.0,0.0,0.0,0.0,0.0,0.0,0.0,0.0,0.0,0.0,0.0,0.0,0.0,0.0,0.0
2457973.5503942897,0.0,0.0,0.0,0.0,0.0,0.0,0.0,0.0,0.0,0.0,0.0,0.0,0.0,0.0,0.0,0.0
2458642.6276331954,0.0,0.0,0.0,0.0,0.0,0.0,0.0,0.0,0.0,0.0,0.0,0.0,0.0,0.0,0.0,0.0
2457973.6825493667,0.0,0.0,0.0,0.0,0.0,0.0,0.0,0.0,0.0,0.0,0.0,0.0,0.0,0.0,0.0,0.0
2458642.6296929945,0.0,0.0,0.0,0.0,0.0,0.0,0.0,0.0,0.0,0.0,0.0,0.0,0.0,0.0,0.0,0.0
2457974.480565328,0.0,0.0,0.0,0.0,0.0,0.0,0.0,0.0,0.0,0.0,0.0,0.0,0.0,0.0,0.0,0.0
2458644.698821045,0.0,0.0,0.0,0.0,0.0,0.0,0.0,0.0,0.0,0.0,0.0,0.0,0.0,0.0,0.0,0.0
2457979.563621352,0.0,0.0,0.0,0.0,0.0,0.0,0.0,0.0,0.0,0.0,0.0,0.0,0.0,0.0,0.0,0.0
2458645.685081077,0.0,0.0,0.0,0.0,0.0,0.0,0.0,0.0,0.0,0.0,0.0,0.0,0.0,0.0,0.0,0.0
2457980.494535679,0.0,0.0,0.0,0.0,0.0,0.0,0.0,0.0,0.0,0.0,0.0,0.0,0.0,0.0,0.0,0.0
2458645.779636251,0.0,0.0,0.0,0.0,0.0,0.0,0.0,0.0,0.0,0.0,0.0,0.0,0.0,0.0,0.0,0.0
2458661.672934435,0.0,0.0,0.0,0.0,0.0,0.0,0.0,0.0,0.0,0.0,0.0,0.0,0.0,0.0,0.0,0.0
2457980.609630231,0.0,0.0,0.0,0.0,0.0,0.0,0.0,0.0,0.0,0.0,0.0,0.0,0.0,0.0,0.0,0.0
2458661.684762808,0.0,0.0,0.0,0.0,0.0,0.0,0.0,0.0,0.0,0.0,0.0,0.0,0.0,0.0,0.0,0.0
2457981.616437163,0.0,0.0,0.0,0.0,0.0,0.0,0.0,0.0,0.0,0.0,0.0,0.0,0.0,0.0,0.0,0.0
2457821.893601164,0.0,0.0,0.0,0.0,0.0,0.0,0.0,0.0,0.0,0.0,0.0,0.0,0.0,0.0,0.0,0.0
2458668.6918426817,0.0,0.0,0.0,0.0,0.0,0.0,0.0,0.0,0.0,0.0,0.0,0.0,0.0,0.0,0.0,0.0
2457983.6684725047,0.0,0.0,0.0,0.0,0.0,0.0,0.0,0.0,0.0,0.0,0.0,0.0,0.0,0.0,0.0,0.0
2457986.6016851203,0.0,0.0,0.0,0.0,0.0,0.0,0.0,0.0,0.0,0.0,0.0,0.0,0.0,0.0,0.0,0.0
2457989.689173711,0.0,0.0,0.0,0.0,0.0,0.0,0.0,0.0,0.0,0.0,0.0,0.0,0.0,0.0,0.0,0.0
2457990.646939025,0.0,0.0,0.0,0.0,0.0,0.0,0.0,0.0,0.0,0.0,0.0,0.0,0.0,0.0,0.0,0.0
2457993.583691772,0.0,0.0,0.0,0.0,0.0,0.0,0.0,0.0,0.0,0.0,0.0,0.0,0.0,0.0,0.0,0.0
2457995.4889002047,0.0,0.0,0.0,0.0,0.0,0.0,0.0,0.0,0.0,0.0,0.0,0.0,0.0,0.0,0.0,0.0
2457996.6637773025,0.0,0.0,0.0,0.0,0.0,0.0,0.0,0.0,0.0,0.0,0.0,0.0,0.0,0.0,0.0,0.0
2457997.5436212784,0.0,0.0,0.0,0.0,0.0,0.0,0.0,0.0,0.0,0.0,0.0,0.0,0.0,0.0,0.0,0.0
2457998.610497511,0.0,0.0,0.0,0.0,0.0,0.0,0.0,0.0,0.0,0.0,0.0,0.0,0.0,0.0,0.0,0.0
2457999.4772749497,0.0,0.0,0.0,0.0,0.0,0.0,0.0,0.0,0.0,0.0,0.0,0.0,0.0,0.0,0.0,0.0
2458000.6576469336,0.0,0.0,0.0,0.0,0.0,0.0,0.0,0.0,0.0,0.0,0.0,0.0,0.0,0.0,0.0,0.0
2458003.5624131686,0.0,0.0,0.0,0.0,0.0,0.0,0.0,0.0,0.0,0.0,0.0,0.0,0.0,0.0,0.0,0.0
2458004.548419162,0.0,0.0,0.0,0.0,0.0,0.0,0.0,0.0,0.0,0.0,0.0,0.0,0.0,0.0,0.0,0.0
2458005.4817873947,0.0,0.0,0.0,0.0,0.0,0.0,0.0,0.0,0.0,0.0,0.0,0.0,0.0,0.0,0.0,0.0
2458005.643804492,0.0,0.0,0.0,0.0,0.0,0.0,0.0,0.0,0.0,0.0,0.0,0.0,0.0,0.0,0.0,0.0
2458008.534154151,0.0,0.0,0.0,0.0,0.0,0.0,0.0,0.0,0.0,0.0,0.0,0.0,0.0,0.0,0.0,0.0
2458019.501346168,0.0,0.0,0.0,0.0,0.0,0.0,0.0,0.0,0.0,0.0,0.0,0.0,0.0,0.0,0.0,0.0
2458032.526174611,0.0,0.0,0.0,0.0,0.0,0.0,0.0,0.0,0.0,0.0,0.0,0.0,0.0,0.0,0.0,0.0
2458036.5148026748,0.0,0.0,0.0,0.0,0.0,0.0,0.0,0.0,0.0,0.0,0.0,0.0,0.0,0.0,0.0,0.0
2458042.49071956,0.0,0.0,0.0,0.0,0.0,0.0,0.0,0.0,0.0,0.0,0.0,0.0,0.0,0.0,0.0,0.0
2458045.515996936,0.0,0.0,0.0,0.0,0.0,0.0,0.0,0.0,0.0,0.0,0.0,0.0,0.0,0.0,0.0,0.0
2458047.508935201,0.0,0.0,0.0,0.0,0.0,0.0,0.0,0.0,0.0,0.0,0.0,0.0,0.0,0.0,0.0,0.0
2458166.839588701,0.0,0.0,0.0,0.0,0.0,0.0,0.0,0.0,0.0,0.0,0.0,0.0,0.0,0.0,0.0,0.0
2458173.882463368,0.0,0.0,0.0,0.0,0.0,0.0,0.0,0.0,0.0,0.0,0.0,0.0,0.0,0.0,0.0,0.0
2458174.8575385977,0.0,0.0,0.0,0.0,0.0,0.0,0.0,0.0,0.0,0.0,0.0,0.0,0.0,0.0,0.0,0.0
2458175.832851104,0.0,0.0,0.0,0.0,0.0,0.0,0.0,0.0,0.0,0.0,0.0,0.0,0.0,0.0,0.0,0.0
2458178.860311557,0.0,0.0,0.0,0.0,0.0,0.0,0.0,0.0,0.0,0.0,0.0,0.0,0.0,0.0,0.0,0.0
2458180.889368589,0.0,0.0,0.0,0.0,0.0,0.0,0.0,0.0,0.0,0.0,0.0,0.0,0.0,0.0,0.0,0.0
2458186.8762674425,0.0,0.0,0.0,0.0,0.0,0.0,0.0,0.0,0.0,0.0,0.0,0.0,0.0,0.0,0.0,0.0
2458195.845944459,0.0,0.0,0.0,0.0,0.0,0.0,0.0,0.0,0.0,0.0,0.0,0.0,0.0,0.0,0.0,0.0
2458203.8249883573,0.0,0.0,0.0,0.0,0.0,0.0,0.0,0.0,0.0,0.0,0.0,0.0,0.0,0.0,0.0,0.0
2458208.8123318357,0.0,0.0,0.0,0.0,0.0,0.0,0.0,0.0,0.0,0.0,0.0,0.0,0.0,0.0,0.0,0.0
2458208.826434181,0.0,0.0,0.0,0.0,0.0,0.0,0.0,0.0,0.0,0.0,0.0,0.0,0.0,0.0,0.0,0.0
2458209.8090363373,0.0,0.0,0.0,0.0,0.0,0.0,0.0,0.0,0.0,0.0,0.0,0.0,0.0,0.0,0.0,0.0
2458213.798826636,0.0,0.0,0.0,0.0,0.0,0.0,0.0,0.0,0.0,0.0,0.0,0.0,0.0,0.0,0.0,0.0
2458221.8954156586,0.0,0.0,0.0,0.0,0.0,0.0,0.0,0.0,0.0,0.0,0.0,0.0,0.0,0.0,0.0,0.0
2458223.772262026,0.0,0.0,0.0,0.0,0.0,0.0,0.0,0.0,0.0,0.0,0.0,0.0,0.0,0.0,0.0,0.0
2458224.8470144807,0.0,0.0,0.0,0.0,0.0,0.0,0.0,0.0,0.0,0.0,0.0,0.0,0.0,0.0,0.0,0.0
2458225.913556989,0.0,0.0,0.0,0.0,0.0,0.0,0.0,0.0,0.0,0.0,0.0,0.0,0.0,0.0,0.0,0.0
2458226.858986996,0.0,0.0,0.0,0.0,0.0,0.0,0.0,0.0,0.0,0.0,0.0,0.0,0.0,0.0,0.0,0.0
2458229.844929598,0.0,0.0,0.0,0.0,0.0,0.0,0.0,0.0,0.0,0.0,0.0,0.0,0.0,0.0,0.0,0.0
2458230.7956569446,0.0,0.0,0.0,0.0,0.0,0.0,0.0,0.0,0.0,0.0,0.0,0.0,0.0,0.0,0.0,0.0
2458231.821257727,0.0,0.0,0.0,0.0,0.0,0.0,0.0,0.0,0.0,0.0,0.0,0.0,0.0,0.0,0.0,0.0
2458249.7181413434,0.0,0.0,0.0,0.0,0.0,0.0,0.0,0.0,0.0,0.0,0.0,0.0,0.0,0.0,0.0,0.0
2458250.7011056184,0.0,0.0,0.0,0.0,0.0,0.0,0.0,0.0,0.0,0.0,0.0,0.0,0.0,0.0,0.0,0.0
2458251.6981181465,0.0,0.0,0.0,0.0,0.0,0.0,0.0,0.0,0.0,0.0,0.0,0.0,0.0,0.0,0.0,0.0
2458254.690923407,0.0,0.0,0.0,0.0,0.0,0.0,0.0,0.0,0.0,0.0,0.0,0.0,0.0,0.0,0.0,0.0
2458256.744556564,0.0,0.0,0.0,0.0,0.0,0.0,0.0,0.0,0.0,0.0,0.0,0.0,0.0,0.0,0.0,0.0
2458257.8195387283,0.0,0.0,0.0,0.0,0.0,0.0,0.0,0.0,0.0,0.0,0.0,0.0,0.0,0.0,0.0,0.0
2458258.7878457583,0.0,0.0,0.0,0.0,0.0,0.0,0.0,0.0,0.0,0.0,0.0,0.0,0.0,0.0,0.0,0.0
2458259.86824281,0.0,0.0,0.0,0.0,0.0,0.0,0.0,0.0,0.0,0.0,0.0,0.0,0.0,0.0,0.0,0.0
2458264.663624965,0.0,0.0,0.0,0.0,0.0,0.0,0.0,0.0,0.0,0.0,0.0,0.0,0.0,0.0,0.0,0.0
2458274.802803138,0.0,0.0,0.0,0.0,0.0,0.0,0.0,0.0,0.0,0.0,0.0,0.0,0.0,0.0,0.0,0.0
2458277.80143037,0.0,0.0,0.0,0.0,0.0,0.0,0.0,0.0,0.0,0.0,0.0,0.0,0.0,0.0,0.0,0.0
2458278.7493462823,0.0,0.0,0.0,0.0,0.0,0.0,0.0,0.0,0.0,0.0,0.0,0.0,0.0,0.0,0.0,0.0
2458282.7807068955,0.0,0.0,0.0,0.0,0.0,0.0,0.0,0.0,0.0,0.0,0.0,0.0,0.0,0.0,0.0,0.0
2458285.60837576,0.0,0.0,0.0,0.0,0.0,0.0,0.0,0.0,0.0,0.0,0.0,0.0,0.0,0.0,0.0,0.0
2458286.728118793,0.0,0.0,0.0,0.0,0.0,0.0,0.0,0.0,0.0,0.0,0.0,0.0,0.0,0.0,0.0,0.0
2458286.753856549,0.0,0.0,0.0,0.0,0.0,0.0,0.0,0.0,0.0,0.0,0.0,0.0,0.0,0.0,0.0,0.0
2458287.718929631,0.0,0.0,0.0,0.0,0.0,0.0,0.0,0.0,0.0,0.0,0.0,0.0,0.0,0.0,0.0,0.0
2458288.635127142,0.0,0.0,0.0,0.0,0.0,0.0,0.0,0.0,0.0,0.0,0.0,0.0,0.0,0.0,0.0,0.0
2458288.681447073,0.0,0.0,0.0,0.0,0.0,0.0,0.0,0.0,0.0,0.0,0.0,0.0,0.0,0.0,0.0,0.0
2458289.7751929364,0.0,0.0,0.0,0.0,0.0,0.0,0.0,0.0,0.0,0.0,0.0,0.0,0.0,0.0,0.0,0.0
2458303.565839518,0.0,0.0,0.0,0.0,0.0,0.0,0.0,0.0,0.0,0.0,0.0,0.0,0.0,0.0,0.0,0.0
2458303.75102337,0.0,0.0,0.0,0.0,0.0,0.0,0.0,0.0,0.0,0.0,0.0,0.0,0.0,0.0,0.0,0.0
2458308.543967887,0.0,0.0,0.0,0.0,0.0,0.0,0.0,0.0,0.0,0.0,0.0,0.0,0.0,0.0,0.0,0.0
2458310.5383696994,0.0,0.0,0.0,0.0,0.0,0.0,0.0,0.0,0.0,0.0,0.0,0.0,0.0,0.0,0.0,0.0
2458310.573454238,0.0,0.0,0.0,0.0,0.0,0.0,0.0,0.0,0.0,0.0,0.0,0.0,0.0,0.0,0.0,0.0
2458311.702150837,0.0,0.0,0.0,0.0,0.0,0.0,0.0,0.0,0.0,0.0,0.0,0.0,0.0,0.0,0.0,0.0
2458312.711798861,0.0,0.0,0.0,0.0,0.0,0.0,0.0,0.0,0.0,0.0,0.0,0.0,0.0,0.0,0.0,0.0
2458329.4961920567,0.0,0.0,0.0,0.0,0.0,0.0,0.0,0.0,0.0,0.0,0.0,0.0,0.0,0.0,0.0,0.0
2458330.4818714405,0.0,0.0,0.0,0.0,0.0,0.0,0.0,0.0,0.0,0.0,0.0,0.0,0.0,0.0,0.0,0.0
2458330.5171005665,0.0,0.0,0.0,0.0,0.0,0.0,0.0,0.0,0.0,0.0,0.0,0.0,0.0,0.0,0.0,0.0
2458331.5922895693,0.0,0.0,0.0,0.0,0.0,0.0,0.0,0.0,0.0,0.0,0.0,0.0,0.0,0.0,0.0,0.0
2458331.64932692,0.0,0.0,0.0,0.0,0.0,0.0,0.0,0.0,0.0,0.0,0.0,0.0,0.0,0.0,0.0,0.0
2458333.5787552414,0.0,0.0,0.0,0.0,0.0,0.0,0.0,0.0,0.0,0.0,0.0,0.0,0.0,0.0,0.0,0.0
2458335.5151353283,0.0,0.0,0.0,0.0,0.0,0.0,0.0,0.0,0.0,0.0,0.0,0.0,0.0,0.0,0.0,0.0
2458339.501819744,0.0,0.0,0.0,0.0,0.0,0.0,0.0,0.0,0.0,0.0,0.0,0.0,0.0,0.0,0.0,0.0
2458340.589167612,0.0,0.0,0.0,0.0,0.0,0.0,0.0,0.0,0.0,0.0,0.0,0.0,0.0,0.0,0.0,0.0
2458366.5626248294,0.0,0.0,0.0,0.0,0.0,0.0,0.0,0.0,0.0,0.0,0.0,0.0,0.0,0.0,0.0,0.0
2458670.552940308,0.0,0.0,0.0,0.0,0.0,0.0,0.0,0.0,0.0,0.0,0.0,0.0,0.0,0.0,0.0,0.0
2458671.548511097,0.0,0.0,0.0,0.0,0.0,0.0,0.0,0.0,0.0,0.0,0.0,0.0,0.0,0.0,0.0,0.0
2458671.6275488595,0.0,0.0,0.0,0.0,0.0,0.0,0.0,0.0,0.0,0.0,0.0,0.0,0.0,0.0,0.0,0.0
2458672.7370745023,0.0,0.0,0.0,0.0,0.0,0.0,0.0,0.0,0.0,0.0,0.0,0.0,0.0,0.0,0.0,0.0
2458685.62081297,0.0,0.0,0.0,0.0,0.0,0.0,0.0,0.0,0.0,0.0,0.0,0.0,0.0,0.0,0.0,0.0
2458690.6214458174,0.0,0.0,0.0,0.0,0.0,0.0,0.0,0.0,0.0,0.0,0.0,0.0,0.0,0.0,0.0,0.0
2458691.565042328,0.0,0.0,0.0,0.0,0.0,0.0,0.0,0.0,0.0,0.0,0.0,0.0,0.0,0.0,0.0,0.0
2458692.489750894,0.0,0.0,0.0,0.0,0.0,0.0,0.0,0.0,0.0,0.0,0.0,0.0,0.0,0.0,0.0,0.0
2458692.578948617,0.0,0.0,0.0,0.0,0.0,0.0,0.0,0.0,0.0,0.0,0.0,0.0,0.0,0.0,0.0,0.0
2458696.503214508,0.0,0.0,0.0,0.0,0.0,0.0,0.0,0.0,0.0,0.0,0.0,0.0,0.0,0.0,0.0,0.0
2458698.6001349757,0.0,0.0,0.0,0.0,0.0,0.0,0.0,0.0,0.0,0.0,0.0,0.0,0.0,0.0,0.0,0.0
2458699.647006623,0.0,0.0,0.0,0.0,0.0,0.0,0.0,0.0,0.0,0.0,0.0,0.0,0.0,0.0,0.0,0.0
2458715.583164916,0.0,0.0,0.0,0.0,0.0,0.0,0.0,0.0,0.0,0.0,0.0,0.0,0.0,0.0,0.0,0.0
2458718.517323599,0.0,0.0,0.0,0.0,0.0,0.0,0.0,0.0,0.0,0.0,0.0,0.0,0.0,0.0,0.0,0.0
2458718.519570709,0.0,0.0,0.0,0.0,0.0,0.0,0.0,0.0,0.0,0.0,0.0,0.0,0.0,0.0,0.0,0.0
2458724.5687172613,0.0,0.0,0.0,0.0,0.0,0.0,0.0,0.0,0.0,0.0,0.0,0.0,0.0,0.0,0.0,0.0
2457925.545794676,756763.9125304411,571.5652765843729,642586.7602775582,971.4473545012306,642586.7602775582,971.4473545012306,16.979390675560815,0.0883545856791859,1.4961461497149526,3.1093494855438654e-09,14.0,1759.585131835937,48.555480929124464,25.11676280519441,672.2147004666435,0.0
2457872.8842171347,756588.7045078828,528.8542964586359,642390.0878916167,938.9324615414371,642390.0878916167,938.9324615414371,16.974249472249415,0.0881140571860993,1.9618494358809588,1.4798999044641347e-09,14.0,1964.2052734375,54.69283943260882,25.11676280519441,672.2147004666435,0.0
2457925.508507837,754496.4224227386,3311.3610746745053,640041.4847640985,3783.1249448101826,640041.4847640985,3783.1249448101826,16.912854751691285,0.1301606073144469,0.0893153401865842,2.225411098225154e-09,14.0,1134.540234375,22.497890083511862,25.11676280519441,672.2147004666435,4.0
2457873.724371676,756904.2669993684,522.3223728157924,642744.3092749062,937.105392557073,642744.3092749062,937.105392557073,16.983509156266674,0.0881007543192498,1.9579749853470745,2.4829301853222486e-09,14.0,1986.319860839844,51.817860753826,25.11676280519441,672.2147004666435,0.0
2457925.643029889,756726.5707945208,963.7411474020372,642544.8438847386,1304.5171518500217,642544.8438847386,1304.5171518500217,16.978294941167125,0.0912389689112742,0.3897412574240244,1.4310889254444476e-09,14.0,1260.0831298828125,25.283423436124963,25.11676280519441,672.2147004666435,4.0
2457874.91860366,757096.0197156027,538.3014391534202,642959.5532098683,950.1149112106517,642959.5532098683,950.1149112106517,16.98913583754116,0.0881959141709089,1.947845301621856,2.9478448160740358e-09,14.0,2405.336083984376,54.99527248780304,25.11676280519441,672.2147004666435,0.0
2457925.670795958,746391.9028232849,9553.200241698309,630944.0976510209,10741.506229664637,630944.0976510209,10741.506229664637,16.675040395969692,0.2932687560832298,0.0264225318646533,1.6159361395987954e-09,14.0,798.3111022949219,23.634183591598944,25.11676280519441,672.2147004666435,4.0
2457889.8991530123,753935.6404103277,623.2928192397619,639412.0025362686,988.2440366173811,639412.0025362686,988.2440366173811,16.896399487274273,0.0884818938723044,1.7067294259831496,2.300629787961903e-09,14.0,9779.105859375,74.119649350241,25.11676280519441,672.2147004666435,0.0
2457925.715946326,758877.7598957472,1480.226721301386,644959.5706019907,1824.5384104087411,644959.5706019907,1824.5384104087411,17.041418195280542,0.0971414811330272,0.1965355530218906,2.946063205605206e-09,14.0,1033.4445556640626,18.114870780904877,25.11676280519441,672.2147004666435,4.0
2457890.7727167187,753208.1822669576,528.2274962407574,638595.4250380486,909.7997484079534,638595.4250380486,909.7997484079534,16.87505337445945,0.0879051022774023,1.896012011228204,1.577902161638785e-09,14.0,6636.021484375,63.099515209246505,25.11676280519441,672.2147004666435,0.0
2457925.7680382943,756792.511502331,840.0747279589793,642618.8628488615,1192.3848548069843,642618.8628488615,1192.3848548069843,16.980229867321764,0.0901843811926377,0.6302597750633161,2.281939339228645e-09,14.0,1495.4652099609375,36.31763531013543,25.11676280519441,672.2147004666435,4.0
2457893.683691638,756762.8406853495,545.2452373117899,642585.5571229964,952.1840373240101,642585.5571229964,952.1840373240101,16.979359223955715,0.0882111724804414,1.8156663617864048,2.8581628593936562e-09,14.0,2067.1851318359377,53.67112727405484,25.11676280519441,672.2147004666435,0.0
2457957.6724166176,756042.9160903312,644.8340905761949,641777.4360921648,1021.8557784499711,641777.4360921648,1021.8557784499711,16.958234171245138,0.0887423219622622,0.5864036740775967,2.445727713398722e-09,14.0,566.5421936035157,21.89015844513971,25.11676280519441,672.2147004666435,0.0
2457894.846685908,755405.7763699305,563.325558910891,641062.2417354258,953.8694200699783,641062.2417354258,953.8694200699783,16.939538310219383,0.0882236636267381,1.90268268359946,1.2254432017344574e-09,14.0,1912.6724609375,64.77954946478728,25.11676280519441,672.2147004666435,0.0
2457957.7820219686,755731.4156678873,715.580862700445,641427.7744133844,1077.2322949059244,641427.7744133844,1077.2322949059244,16.94909368224251,0.089188757081901,0.5204215381875047,3.06158549052962e-09,14.0,570.9438293457032,23.27538449243465,25.11676280519441,672.2147004666435,0.0
2457895.723393817,756582.6875804272,593.4812701969619,642383.3338431352,986.3511154973515,642383.3338431352,986.3511154973515,16.974072914995322,0.0884673558363719,1.356793547492446,1.8044686981120358e-09,14.0,1804.0301513671875,47.67931717828241,25.11676280519441,672.2147004666435,0.0
2457958.790465685,757621.2282077234,644.9827973195572,643549.1038808565,1034.7088416855622,643549.1038808565,1034.7088416855622,17.004547253065606,0.0888439838916587,0.597312005945156,2.3147565078558634e-09,14.0,682.8309204101562,20.55946157741798,25.11676280519441,672.2147004666435,0.0
2457917.5718970187,750702.7631166374,610.0953753263744,635783.0722993966,953.5882066715955,635783.0722993966,953.5882066715955,16.80153579778703,0.0882218084133153,1.678589628266308,2.3346055870751275e-09,14.0,11010.01416015625,79.44670569944954,25.11676280519441,672.2147004666435,0.0
2457959.4884785367,756621.8028683122,650.9472852974285,642427.2410620106,1031.3295645348194,642427.2410620106,1031.3295645348194,16.975220691476462,0.0888171618156108,0.6240342511817546,1.8434401944904654e-09,14.0,678.6098449707031,23.40588313829837,25.11676280519441,672.2147004666435,0.0
2457917.616974608,751461.96591624,649.2136099368897,636635.2834243822,990.9324214322892,636635.2834243822,990.9324214322892,16.82381340751256,0.088502557526984,1.704345408482113,1.930727502497283e-09,14.0,11048.08623046875,86.23328095325519,25.11676280519441,672.2147004666435,0.0
2457959.654937097,757653.3647160303,650.5340382196953,643585.1773646642,1039.3409445670193,643585.1773646642,1039.3409445670193,17.005490248257917,0.0888809224910144,0.6413208939740603,2.898962391563627e-09,14.0,592.0439514160156,23.02283355089958,25.11676280519441,672.2147004666435,0.0
2457917.6290966566,753292.6870582196,652.7267459634074,638690.2823321279,1007.1018982422742,638690.2823321279,1007.1018982422742,16.8775330343878,0.0886271048341781,1.710855270662929,1.98322686471289e-09,14.0,11040.44228515625,81.84365498778233,25.11676280519441,672.2147004666435,0.0
2457959.727932119,757580.4647585127,660.6993525173993,643503.3465879069,1046.7988938522174,643503.3465879069,1046.7988938522174,17.003351113887707,0.0889407136660557,0.6121744247608106,3.2806062248031463e-09,14.0,615.2973510742188,22.446430153726467,25.11676280519441,672.2147004666435,0.0
2457917.684207624,751946.463053037,721.6722772675886,637179.135278219,1055.4524539785514,637179.135278219,1055.4524539785514,16.838030212472116,0.0890108014156344,1.7033757394289009,1.924310112232869e-09,14.0,11083.75771484375,98.38672837466102,25.11676280519441,672.2147004666435,0.0
2457960.4675069824,757088.9344789718,933.3058309529923,642951.5999759198,1278.687177519185,642951.5999759198,1278.687177519185,16.988927932437875,0.0909887435691896,0.6048217773693542,2.475324068957376e-09,14.0,1657.7039184570312,39.85425948919085,25.11676280519441,672.2147004666435,0.0
2457917.709011806,752795.6784314789,658.4791778710584,638132.3862322402,1008.1646696987544,638132.3862322402,1008.1646696987544,16.862949099472726,0.0886353847705467,1.7222567318956588,1.8615685170079079e-09,14.0,11120.5201171875,84.99110803274877,25.11676280519441,672.2147004666435,0.0
2457960.4746388923,757039.6126539444,755.2706061440471,642896.2358386758,1120.455697190805,642896.2358386758,1120.455697190805,16.987480661208775,0.089551877196108,0.4864427803344772,2.1328577045531273e-09,14.0,897.938543701172,22.2501491681965,25.11676280519441,672.2147004666435,0.0
2457917.7645391044,755902.3040160756,596.7229382082206,641619.5979308052,983.1825840285093,641619.5979308052,983.1825840285093,16.95410813151688,0.0884432748159236,1.6976195324694343,3.0153006447788003e-09,14.0,5554.609814453125,62.99105656683161,25.11676280519441,672.2147004666435,0.0
2457960.595935764,755827.4979529012,624.9352416307225,641535.6275354296,1004.4243975152021,641535.6275354296,1004.4243975152021,16.951913065480017,0.0886062335005183,0.6682415878733456,1.835485133463405e-09,14.0,587.2746337890626,24.42293704053702,25.11676280519441,672.2147004666435,0.0
2457917.806207211,752488.2127232238,652.4529034431931,637787.2535519295,1000.9722747360913,637787.2535519295,1000.9722747360913,16.853927002799644,0.0885796778848764,1.7085346368385617,2.2626713435641754e-09,14.0,11498.8892578125,84.0191706028854,25.11676280519441,672.2147004666435,0.0
2457960.602890779,756933.8193690717,582.486593091684,642777.4820427678,981.0259371398442,642777.4820427678,981.0259371398442,16.984376323983994,0.0884268723822638,0.6838417001381802,1.9319933070821507e-09,14.0,605.2920837402344,20.06113804547816,25.11676280519441,672.2147004666435,0.0
2457917.8513232307,751312.0934588269,595.223081007959,636467.0504099583,946.142494057654,636467.0504099583,946.142494057654,16.819415636434005,0.0881669763723165,1.6775249126095333,2.7251355256133654e-09,14.0,11785.837109375,74.62121053446808,25.11676280519441,672.2147004666435,0.0
2457960.7587699327,757493.4873976844,669.8049615485575,643405.7138150057,1053.3665007343452,643405.7138150057,1053.3665007343452,17.00079890030195,0.0889936879791773,0.6751473470461352,2.400375796034711e-09,14.0,609.7372619628906,26.24003108874603,25.11676280519441,672.2147004666435,0.0
2457918.52859258,756886.2263065598,534.2143949758575,642724.0584550695,945.356014984587,642724.0584550695,945.356014984587,16.98297978056654,0.0881609689313033,1.3873689301503636,2.4167360284910062e-09,14.0,2076.554833984375,37.88425529745292,25.11676280519441,672.2147004666435,0.0
2457960.786915736,757114.778850645,631.6071636462887,642980.6104867742,1020.0858905638078,642980.6104867742,1020.0858905638078,16.98968629479645,0.0887283696335805,0.6403584336142378,2.843527604009736e-09,14.0,691.6762512207032,22.06796157375029,25.11676280519441,672.2147004666435,0.0
2457918.69531597,753292.4632913474,747.3645533232047,638690.0311520512,1086.8330340282098,638690.0311520512,1086.8330340282098,16.87752646830158,0.0892684161608684,1.318676671112598,1.919861638099765e-09,14.0,6334.303124999999,76.12230815074084,25.11676280519441,672.2147004666435,0.0
2457961.470934918,755346.807383745,933.1790279520226,640996.0485837642,1267.4131427545706,640996.0485837642,1267.4131427545706,16.937807958249103,0.0908809496166535,0.5712005992186124,1.560762248610572e-09,14.0,1035.7098266601563,39.40525686611644,25.11676280519441,672.2147004666435,0.0
2457918.8202344025,746200.0410863785,1465.5350955686722,630728.731339495,1757.734056190925,630728.731339495,1757.734056190925,16.66941051565537,0.0962966456761403,0.5497590786223695,2.313379034814956e-09,14.0,10356.65166015625,83.00740391846745,25.11676280519441,672.2147004666435,4.0
2457961.56121768,757090.6474879461,662.035246988506,642953.5228419919,1043.9205421446077,642953.5228419919,1043.9205421446077,16.9889781979867,0.08891760793676,0.6783620625068175,2.149924415085553e-09,14.0,697.1886291503906,26.311022858771445,25.11676280519441,672.2147004666435,0.0
2457918.8374368995,744358.1990399407,1341.5378865579798,628661.2491288636,1621.8809879800854,628661.2491288636,1621.8809879800854,16.615364563364256,0.094653693206003,0.5826672503867386,3.2817045479434583e-09,14.0,10514.636425781251,83.9796654590131,25.11676280519441,672.2147004666435,4.0
2457961.599624541,758459.5348273083,737.495277913899,644490.1096671021,1116.3166430865858,644490.1096671021,1116.3166430865858,17.029146039728698,0.0895165048451981,0.538145044011691,2.2866876156542717e-09,14.0,658.9860656738282,22.67923070213057,25.11676280519441,672.2147004666435,0.0
2457918.8791044634,-387313769.23000604,-387313769.23000604,-387313769.23000604,-387313769.23000604,-387313769.23000604,-387313769.23000604,0.0,0.0,-9999.99,-9999.99,14.0,-9999.99,-9999.99,-9999.99,-9999.99,5.0
2457961.644529401,757517.8350791793,889.2511486709122,643433.0442793402,1241.4037893168652,643433.0442793402,1241.4037893168652,17.00151334464587,0.090635220743378,0.4309319970295565,1.8480771255535702e-09,14.0,635.3530822753905,24.667292299514617,25.11676280519441,672.2147004666435,0.0
2457919.657867042,756856.4221191924,1936.6282491265306,642690.6030198963,2293.331026424852,642690.6030198963,2293.331026424852,16.982105223656713,0.1037093718980207,0.2163126888410849,2.7908851699580883e-09,14.0,3968.36943359375,31.45979517823372,25.11676280519441,672.2147004666435,4.0
2457919.6739402525,757369.8764154067,2503.34440048698,643266.9595133584,2904.898139932719,643266.9595133584,2904.898139932719,16.997171730825738,0.1137015548046164,0.1944468353032956,3.262618405312069e-09,14.0,4835.351123046875,37.20291165121574,25.11676280519441,672.2147004666435,4.0
2457919.722388083,761007.9445214673,5577.319734003386,647350.719629974,6308.845681051185,647350.719629974,6308.845681051185,17.103925106161217,0.1853644571706368,0.125875072828201,2.3431718826655142e-09,14.0,7004.787841796875,50.890292395777074,25.11676280519441,672.2147004666435,4.0
2457919.754151633,746427.6360886303,3207.4425239042507,630984.2085229455,3653.5929806196627,630984.2085229455,3653.5929806196627,16.676088932329154,0.1276072060024374,0.1318549726246494,2.672491679762598e-09,14.0,7864.404833984375,42.76651196682887,25.11676280519441,672.2147004666435,4.0
2457920.8393583377,0.0,0.0,0.0,0.0,0.0,0.0,0.0,0.0,0.0,0.0,14.0,0.0,0.0,0.0,0.0,5.0
2457920.878733733,725995.9943671129,7182.775853459115,608049.5296915343,8077.909542850041,608049.5296915343,8077.909542850041,16.07655460426553,0.2274917018473363,0.044800140201821,3.266061998724562e-09,14.0,7321.400537109375,53.9784413527718,25.11676280519441,672.2147004666435,6.0
2457923.5475267908,756385.9619170171,520.0685743341255,642162.5077357814,930.9408155837733,642162.5077357814,930.9408155837733,16.96830031042281,0.0880561001650068,1.671773045192166,1.5152552445920792e-09,14.0,2178.9471435546875,44.75301153697996,25.11676280519441,672.2147004666435,0.0
2457923.7423015493,757272.3719744107,555.0127003428753,643157.5100100168,963.6884964280291,643157.5100100168,963.6884964280291,16.99431061666212,0.0882964878156754,1.6412437618969886,1.4723881185451302e-09,14.0,1873.1862182617188,48.82506563186447,25.11676280519441,672.2147004666435,0.0
2457923.8251690078,756865.6657978803,515.8675297793269,642700.9791220629,932.2452034456938,642700.9791220629,932.2452034456938,16.982376464840687,0.0880655133277194,1.655566024507913,2.051857730704831e-09,14.0,1874.281628417969,41.880717522115496,25.11676280519441,672.2147004666435,0.0
2457923.834044492,756950.4760115901,521.5983568960605,642796.179255247,937.0075045134662,642796.179255247,937.0075045134662,16.984865086909466,0.0881000413118471,1.6550215229300531,2.5588574092398502e-09,14.0,1902.7756591796876,42.89509018709995,25.11676280519441,672.2147004666435,0.0
2457923.876467616,756553.9049380259,553.026087335074,642351.0251002356,956.0187338264358,642351.0251002356,956.0187338264358,16.973228333712644,0.0882395179747658,1.5683392528551947,2.4186394461570463e-09,14.0,2129.4717041015624,47.94907312148632,25.11676280519441,672.2147004666435,0.0
2457924.6777271274,755779.1283733082,418.8689634349352,641481.3323011888,858.5260420765875,641481.3323011888,858.5260420765875,16.950493736392538,0.0875518681670523,1.0000808399649104,1.5759373795719836e-09,14.0,1477.79560546875,0.1004718406645246,25.11676280519441,672.2147004666435,0.0
2457924.785151554,757081.2418882312,596.4112633971187,642942.964982197,992.7510924589244,642942.964982197,992.7510924589244,16.988702205485364,0.0885162445671457,1.2373245914839397,1.258744618533354e-09,14.0,1726.6146728515623,42.54426917029781,25.11676280519441,672.2147004666435,0.0
2457924.879134137,754263.1918880682,575.0913541149266,639779.681651101,953.339902956503,639779.681651101,953.339902956503,16.90601096919972,0.0882197989272071,1.386325005605323,1.8528167555713381e-09,14.0,2312.1880615234377,51.10734252708397,25.11676280519441,672.2147004666435,0.0
2457925.827111456,756959.4348116509,1185.3562075916902,642806.2355789087,1518.4679894149128,642806.2355789087,1518.4679894149128,16.985127968779043,0.0934734049816899,0.2899821216386734,2.0259825676976132e-09,14.0,1383.9641357421874,23.53769152133696,25.11676280519441,672.2147004666435,4.0
2457957.623866266,756631.5503977961,913.9190639200659,642438.1827406656,1257.9034553871245,642438.1827406656,1257.9034553871245,16.97550671736802,0.0907905727999305,0.4981693374642,2.1267718658787016e-09,14.0,620.2254333496094,31.5735069625612,25.11676280519441,672.2147004666435,0.0
2457957.661142568,756530.6143628716,630.399102981093,642324.8812460982,1014.3780409583709,642324.8812460982,1014.3780409583709,16.972544908488405,0.0886836607982985,0.5753670937699552,3.017611332729608e-09,14.0,573.9764465332031,19.707955715517357,25.11676280519441,672.2147004666435,0.0
2458667.064288003,0.0,0.0,0.0,0.0,0.0,0.0,0.0,0.0,0.0,0.0,0.0,0.0,0.0,0.0,0.0,0.0
2458667.076156004,0.0,0.0,0.0,0.0,0.0,0.0,0.0,0.0,0.0,0.0,0.0,0.0,0.0,0.0,0.0,0.0
2458667.088008404,0.0,0.0,0.0,0.0,0.0,0.0,0.0,0.0,0.0,0.0,0.0,0.0,0.0,0.0,0.0,0.0
2458667.0998631534,0.0,0.0,0.0,0.0,0.0,0.0,0.0,0.0,0.0,0.0,0.0,0.0,0.0,0.0,0.0,0.0
2458667.1117123645,0.0,0.0,0.0,0.0,0.0,0.0,0.0,0.0,0.0,0.0,0.0,0.0,0.0,0.0,0.0,0.0
2458667.060334397,0.0,0.0,0.0,0.0,0.0,0.0,0.0,0.0,0.0,0.0,0.0,0.0,0.0,0.0,0.0,0.0
2458667.072207451,0.0,0.0,0.0,0.0,0.0,0.0,0.0,0.0,0.0,0.0,0.0,0.0,0.0,0.0,0.0,0.0
2458667.0840552254,0.0,0.0,0.0,0.0,0.0,0.0,0.0,0.0,0.0,0.0,0.0,0.0,0.0,0.0,0.0,0.0
2458667.095901708,0.0,0.0,0.0,0.0,0.0,0.0,0.0,0.0,0.0,0.0,0.0,0.0,0.0,0.0,0.0,0.0
2458667.1077680383,0.0,0.0,0.0,0.0,0.0,0.0,0.0,0.0,0.0,0.0,0.0,0.0,0.0,0.0,0.0,0.0
2457961.102907989,0.0,0.0,0.0,0.0,0.0,0.0,0.0,0.0,0.0,0.0,0.0,0.0,0.0,0.0,0.0,0.0
2458667.056375964,0.0,0.0,0.0,0.0,0.0,0.0,0.0,0.0,0.0,0.0,0.0,0.0,0.0,0.0,0.0,0.0
2457961.092487512,0.0,0.0,0.0,0.0,0.0,0.0,0.0,0.0,0.0,0.0,0.0,0.0,0.0,0.0,0.0,0.0
2458667.068244759,0.0,0.0,0.0,0.0,0.0,0.0,0.0,0.0,0.0,0.0,0.0,0.0,0.0,0.0,0.0,0.0
2457961.154997666,0.0,0.0,0.0,0.0,0.0,0.0,0.0,0.0,0.0,0.0,0.0,0.0,0.0,0.0,0.0,0.0
2458667.080103366,0.0,0.0,0.0,0.0,0.0,0.0,0.0,0.0,0.0,0.0,0.0,0.0,0.0,0.0,0.0,0.0
2457961.859800487,0.0,0.0,0.0,0.0,0.0,0.0,0.0,0.0,0.0,0.0,0.0,0.0,0.0,0.0,0.0,0.0
2458667.0919504,0.0,0.0,0.0,0.0,0.0,0.0,0.0,0.0,0.0,0.0,0.0,0.0,0.0,0.0,0.0,0.0
2457961.932771697,0.0,0.0,0.0,0.0,0.0,0.0,0.0,0.0,0.0,0.0,0.0,0.0,0.0,0.0,0.0,0.0
2458667.10381651,0.0,0.0,0.0,0.0,0.0,0.0,0.0,0.0,0.0,0.0,0.0,0.0,0.0,0.0,0.0,0.0
2457918.0544062774,0.0,0.0,0.0,0.0,0.0,0.0,0.0,0.0,0.0,0.0,0.0,0.0,0.0,0.0,0.0,0.0
2457918.1950666616,0.0,0.0,0.0,0.0,0.0,0.0,0.0,0.0,0.0,0.0,0.0,0.0,0.0,0.0,0.0,0.0
2457918.2437122758,0.0,0.0,0.0,0.0,0.0,0.0,0.0,0.0,0.0,0.0,0.0,0.0,0.0,0.0,0.0,0.0
2457918.281545358,0.0,0.0,0.0,0.0,0.0,0.0,0.0,0.0,0.0,0.0,0.0,0.0,0.0,0.0,0.0,0.0
2457919.188215997,0.0,0.0,0.0,0.0,0.0,0.0,0.0,0.0,0.0,0.0,0.0,0.0,0.0,0.0,0.0,0.0
2457919.2159212544,0.0,0.0,0.0,0.0,0.0,0.0,0.0,0.0,0.0,0.0,0.0,0.0,0.0,0.0,0.0,0.0
2457919.257568409,0.0,0.0,0.0,0.0,0.0,0.0,0.0,0.0,0.0,0.0,0.0,0.0,0.0,0.0,0.0,0.0
2457920.058972657,0.0,0.0,0.0,0.0,0.0,0.0,0.0,0.0,0.0,0.0,0.0,0.0,0.0,0.0,0.0,0.0
2457920.129116964,0.0,0.0,0.0,0.0,0.0,0.0,0.0,0.0,0.0,0.0,0.0,0.0,0.0,0.0,0.0,0.0
2457920.1917839805,0.0,0.0,0.0,0.0,0.0,0.0,0.0,0.0,0.0,0.0,0.0,0.0,0.0,0.0,0.0,0.0
2457920.209164163,0.0,0.0,0.0,0.0,0.0,0.0,0.0,0.0,0.0,0.0,0.0,0.0,0.0,0.0,0.0,0.0
2457921.077040384,0.0,0.0,0.0,0.0,0.0,0.0,0.0,0.0,0.0,0.0,0.0,0.0,0.0,0.0,0.0,0.0
2457921.090470438,0.0,0.0,0.0,0.0,0.0,0.0,0.0,0.0,0.0,0.0,0.0,0.0,0.0,0.0,0.0,0.0
2457925.043812232,0.0,0.0,0.0,0.0,0.0,0.0,0.0,0.0,0.0,0.0,0.0,0.0,0.0,0.0,0.0,0.0
2457927.931231646,0.0,0.0,0.0,0.0,0.0,0.0,0.0,0.0,0.0,0.0,0.0,0.0,0.0,0.0,0.0,0.0
2457927.966925558,0.0,0.0,0.0,0.0,0.0,0.0,0.0,0.0,0.0,0.0,0.0,0.0,0.0,0.0,0.0,0.0
2457928.028538984,0.0,0.0,0.0,0.0,0.0,0.0,0.0,0.0,0.0,0.0,0.0,0.0,0.0,0.0,0.0,0.0
2457957.8564394726,0.0,0.0,0.0,0.0,0.0,0.0,0.0,0.0,0.0,0.0,0.0,0.0,0.0,0.0,0.0,0.0
2457958.09252814,0.0,0.0,0.0,0.0,0.0,0.0,0.0,0.0,0.0,0.0,0.0,0.0,0.0,0.0,0.0,0.0
2457958.8951746845,0.0,0.0,0.0,0.0,0.0,0.0,0.0,0.0,0.0,0.0,0.0,0.0,0.0,0.0,0.0,0.0
2457958.9154650806,0.0,0.0,0.0,0.0,0.0,0.0,0.0,0.0,0.0,0.0,0.0,0.0,0.0,0.0,0.0,0.0
2457959.0302013746,0.0,0.0,0.0,0.0,0.0,0.0,0.0,0.0,0.0,0.0,0.0,0.0,0.0,0.0,0.0,0.0
2457959.075158868,0.0,0.0,0.0,0.0,0.0,0.0,0.0,0.0,0.0,0.0,0.0,0.0,0.0,0.0,0.0,0.0
2457960.0429078573,0.0,0.0,0.0,0.0,0.0,0.0,0.0,0.0,0.0,0.0,0.0,0.0,0.0,0.0,0.0,0.0
2457960.0578549034,0.0,0.0,0.0,0.0,0.0,0.0,0.0,0.0,0.0,0.0,0.0,0.0,0.0,0.0,0.0,0.0
2457960.0994971413,0.0,0.0,0.0,0.0,0.0,0.0,0.0,0.0,0.0,0.0,0.0,0.0,0.0,0.0,0.0,0.0
2457960.15809082,0.0,0.0,0.0,0.0,0.0,0.0,0.0,0.0,0.0,0.0,0.0,0.0,0.0,0.0,0.0,0.0
2457960.8534526937,0.0,0.0,0.0,0.0,0.0,0.0,0.0,0.0,0.0,0.0,0.0,0.0,0.0,0.0,0.0,0.0
2457960.9082133346,0.0,0.0,0.0,0.0,0.0,0.0,0.0,0.0,0.0,0.0,0.0,0.0,0.0,0.0,0.0,0.0
2457961.016264793,0.0,0.0,0.0,0.0,0.0,0.0,0.0,0.0,0.0,0.0,0.0,0.0,0.0,0.0,0.0,0.0
2457936.9625569247,0.0,0.0,0.0,0.0,0.0,0.0,0.0,0.0,0.0,0.0,0.0,0.0,0.0,0.0,0.0,0.0
2458580.2239173013,0.0,0.0,0.0,0.0,0.0,0.0,0.0,0.0,0.0,0.0,0.0,0.0,0.0,0.0,0.0,0.0
2457934.122537027,0.0,0.0,0.0,0.0,0.0,0.0,0.0,0.0,0.0,0.0,0.0,0.0,0.0,0.0,0.0,0.0
2458585.170564867,0.0,0.0,0.0,0.0,0.0,0.0,0.0,0.0,0.0,0.0,0.0,0.0,0.0,0.0,0.0,0.0
2457937.0563059305,0.0,0.0,0.0,0.0,0.0,0.0,0.0,0.0,0.0,0.0,0.0,0.0,0.0,0.0,0.0,0.0
2458586.1679184963,0.0,0.0,0.0,0.0,0.0,0.0,0.0,0.0,0.0,0.0,0.0,0.0,0.0,0.0,0.0,0.0
2457938.938438536,0.0,0.0,0.0,0.0,0.0,0.0,0.0,0.0,0.0,0.0,0.0,0.0,0.0,0.0,0.0,0.0
2458587.165161679,0.0,0.0,0.0,0.0,0.0,0.0,0.0,0.0,0.0,0.0,0.0,0.0,0.0,0.0,0.0,0.0
2457939.078512546,0.0,0.0,0.0,0.0,0.0,0.0,0.0,0.0,0.0,0.0,0.0,0.0,0.0,0.0,0.0,0.0
2458591.154711792,0.0,0.0,0.0,0.0,0.0,0.0,0.0,0.0,0.0,0.0,0.0,0.0,0.0,0.0,0.0,0.0
2457939.923857785,0.0,0.0,0.0,0.0,0.0,0.0,0.0,0.0,0.0,0.0,0.0,0.0,0.0,0.0,0.0,0.0
2458603.191183506,0.0,0.0,0.0,0.0,0.0,0.0,0.0,0.0,0.0,0.0,0.0,0.0,0.0,0.0,0.0,0.0
2457941.974876046,0.0,0.0,0.0,0.0,0.0,0.0,0.0,0.0,0.0,0.0,0.0,0.0,0.0,0.0,0.0,0.0
2458610.1682757377,0.0,0.0,0.0,0.0,0.0,0.0,0.0,0.0,0.0,0.0,0.0,0.0,0.0,0.0,0.0,0.0
2457942.215405522,0.0,0.0,0.0,0.0,0.0,0.0,0.0,0.0,0.0,0.0,0.0,0.0,0.0,0.0,0.0,0.0
2458611.155641441,0.0,0.0,0.0,0.0,0.0,0.0,0.0,0.0,0.0,0.0,0.0,0.0,0.0,0.0,0.0,0.0
2457942.8828340285,0.0,0.0,0.0,0.0,0.0,0.0,0.0,0.0,0.0,0.0,0.0,0.0,0.0,0.0,0.0,0.0
2458616.2558833933,0.0,0.0,0.0,0.0,0.0,0.0,0.0,0.0,0.0,0.0,0.0,0.0,0.0,0.0,0.0,0.0
2457943.1793097504,0.0,0.0,0.0,0.0,0.0,0.0,0.0,0.0,0.0,0.0,0.0,0.0,0.0,0.0,0.0,0.0
2458618.082963518,0.0,0.0,0.0,0.0,0.0,0.0,0.0,0.0,0.0,0.0,0.0,0.0,0.0,0.0,0.0,0.0
2457944.9861494647,0.0,0.0,0.0,0.0,0.0,0.0,0.0,0.0,0.0,0.0,0.0,0.0,0.0,0.0,0.0,0.0
2458619.0802510246,0.0,0.0,0.0,0.0,0.0,0.0,0.0,0.0,0.0,0.0,0.0,0.0,0.0,0.0,0.0,0.0
2457946.1463383017,0.0,0.0,0.0,0.0,0.0,0.0,0.0,0.0,0.0,0.0,0.0,0.0,0.0,0.0,0.0,0.0
2458630.1831860854,0.0,0.0,0.0,0.0,0.0,0.0,0.0,0.0,0.0,0.0,0.0,0.0,0.0,0.0,0.0,0.0
2457947.989530697,0.0,0.0,0.0,0.0,0.0,0.0,0.0,0.0,0.0,0.0,0.0,0.0,0.0,0.0,0.0,0.0
2458631.087592088,0.0,0.0,0.0,0.0,0.0,0.0,0.0,0.0,0.0,0.0,0.0,0.0,0.0,0.0,0.0,0.0
2457948.1289136466,0.0,0.0,0.0,0.0,0.0,0.0,0.0,0.0,0.0,0.0,0.0,0.0,0.0,0.0,0.0,0.0
2458639.0266503035,0.0,0.0,0.0,0.0,0.0,0.0,0.0,0.0,0.0,0.0,0.0,0.0,0.0,0.0,0.0,0.0
2457948.172270147,0.0,0.0,0.0,0.0,0.0,0.0,0.0,0.0,0.0,0.0,0.0,0.0,0.0,0.0,0.0,0.0
2458641.173491283,0.0,0.0,0.0,0.0,0.0,0.0,0.0,0.0,0.0,0.0,0.0,0.0,0.0,0.0,0.0,0.0
2457956.0104826195,0.0,0.0,0.0,0.0,0.0,0.0,0.0,0.0,0.0,0.0,0.0,0.0,0.0,0.0,0.0,0.0
2458642.0284965187,0.0,0.0,0.0,0.0,0.0,0.0,0.0,0.0,0.0,0.0,0.0,0.0,0.0,0.0,0.0,0.0
2457957.1453660387,0.0,0.0,0.0,0.0,0.0,0.0,0.0,0.0,0.0,0.0,0.0,0.0,0.0,0.0,0.0,0.0
2458647.005110478,0.0,0.0,0.0,0.0,0.0,0.0,0.0,0.0,0.0,0.0,0.0,0.0,0.0,0.0,0.0,0.0
2457957.8710208223,0.0,0.0,0.0,0.0,0.0,0.0,0.0,0.0,0.0,0.0,0.0,0.0,0.0,0.0,0.0,0.0
2458667.9473700933,0.0,0.0,0.0,0.0,0.0,0.0,0.0,0.0,0.0,0.0,0.0,0.0,0.0,0.0,0.0,0.0
2457958.9230573303,0.0,0.0,0.0,0.0,0.0,0.0,0.0,0.0,0.0,0.0,0.0,0.0,0.0,0.0,0.0,0.0
2457845.1135790427,0.0,0.0,0.0,0.0,0.0,0.0,0.0,0.0,0.0,0.0,0.0,0.0,0.0,0.0,0.0,0.0
2457959.044572547,0.0,0.0,0.0,0.0,0.0,0.0,0.0,0.0,0.0,0.0,0.0,0.0,0.0,0.0,0.0,0.0
2457845.1271590097,0.0,0.0,0.0,0.0,0.0,0.0,0.0,0.0,0.0,0.0,0.0,0.0,0.0,0.0,0.0,0.0
2457960.037595801,0.0,0.0,0.0,0.0,0.0,0.0,0.0,0.0,0.0,0.0,0.0,0.0,0.0,0.0,0.0,0.0
2457852.129122042,0.0,0.0,0.0,0.0,0.0,0.0,0.0,0.0,0.0,0.0,0.0,0.0,0.0,0.0,0.0,0.0
2457960.1612487924,0.0,0.0,0.0,0.0,0.0,0.0,0.0,0.0,0.0,0.0,0.0,0.0,0.0,0.0,0.0,0.0
2457871.26996304,0.0,0.0,0.0,0.0,0.0,0.0,0.0,0.0,0.0,0.0,0.0,0.0,0.0,0.0,0.0,0.0
2457960.967109791,0.0,0.0,0.0,0.0,0.0,0.0,0.0,0.0,0.0,0.0,0.0,0.0,0.0,0.0,0.0,0.0
2457888.996774582,0.0,0.0,0.0,0.0,0.0,0.0,0.0,0.0,0.0,0.0,0.0,0.0,0.0,0.0,0.0,0.0
2457961.065827573,0.0,0.0,0.0,0.0,0.0,0.0,0.0,0.0,0.0,0.0,0.0,0.0,0.0,0.0,0.0,0.0
2457890.190124734,0.0,0.0,0.0,0.0,0.0,0.0,0.0,0.0,0.0,0.0,0.0,0.0,0.0,0.0,0.0,0.0
2457967.0059994785,0.0,0.0,0.0,0.0,0.0,0.0,0.0,0.0,0.0,0.0,0.0,0.0,0.0,0.0,0.0,0.0
2457895.1470477087,0.0,0.0,0.0,0.0,0.0,0.0,0.0,0.0,0.0,0.0,0.0,0.0,0.0,0.0,0.0,0.0
2457967.88324862,0.0,0.0,0.0,0.0,0.0,0.0,0.0,0.0,0.0,0.0,0.0,0.0,0.0,0.0,0.0,0.0
2457896.0265440303,0.0,0.0,0.0,0.0,0.0,0.0,0.0,0.0,0.0,0.0,0.0,0.0,0.0,0.0,0.0,0.0
2457968.120086344,0.0,0.0,0.0,0.0,0.0,0.0,0.0,0.0,0.0,0.0,0.0,0.0,0.0,0.0,0.0,0.0
2457900.107550699,0.0,0.0,0.0,0.0,0.0,0.0,0.0,0.0,0.0,0.0,0.0,0.0,0.0,0.0,0.0,0.0
2457971.915781674,0.0,0.0,0.0,0.0,0.0,0.0,0.0,0.0,0.0,0.0,0.0,0.0,0.0,0.0,0.0,0.0
2457900.981291658,0.0,0.0,0.0,0.0,0.0,0.0,0.0,0.0,0.0,0.0,0.0,0.0,0.0,0.0,0.0,0.0
2457973.943420429,0.0,0.0,0.0,0.0,0.0,0.0,0.0,0.0,0.0,0.0,0.0,0.0,0.0,0.0,0.0,0.0
2457902.1478920267,0.0,0.0,0.0,0.0,0.0,0.0,0.0,0.0,0.0,0.0,0.0,0.0,0.0,0.0,0.0,0.0
2457976.0876485566,0.0,0.0,0.0,0.0,0.0,0.0,0.0,0.0,0.0,0.0,0.0,0.0,0.0,0.0,0.0,0.0
2457902.1636012094,0.0,0.0,0.0,0.0,0.0,0.0,0.0,0.0,0.0,0.0,0.0,0.0,0.0,0.0,0.0,0.0
2457977.914858011,0.0,0.0,0.0,0.0,0.0,0.0,0.0,0.0,0.0,0.0,0.0,0.0,0.0,0.0,0.0,0.0
2457903.0525816567,0.0,0.0,0.0,0.0,0.0,0.0,0.0,0.0,0.0,0.0,0.0,0.0,0.0,0.0,0.0,0.0
2457978.0988751333,0.0,0.0,0.0,0.0,0.0,0.0,0.0,0.0,0.0,0.0,0.0,0.0,0.0,0.0,0.0,0.0
2457918.053941553,0.0,0.0,0.0,0.0,0.0,0.0,0.0,0.0,0.0,0.0,0.0,0.0,0.0,0.0,0.0,0.0
2457979.9292340865,0.0,0.0,0.0,0.0,0.0,0.0,0.0,0.0,0.0,0.0,0.0,0.0,0.0,0.0,0.0,0.0
2457920.158336769,0.0,0.0,0.0,0.0,0.0,0.0,0.0,0.0,0.0,0.0,0.0,0.0,0.0,0.0,0.0,0.0
2457980.940957155,0.0,0.0,0.0,0.0,0.0,0.0,0.0,0.0,0.0,0.0,0.0,0.0,0.0,0.0,0.0,0.0
2457927.986949532,0.0,0.0,0.0,0.0,0.0,0.0,0.0,0.0,0.0,0.0,0.0,0.0,0.0,0.0,0.0,0.0
2457984.970118601,0.0,0.0,0.0,0.0,0.0,0.0,0.0,0.0,0.0,0.0,0.0,0.0,0.0,0.0,0.0,0.0
2457931.042491137,0.0,0.0,0.0,0.0,0.0,0.0,0.0,0.0,0.0,0.0,0.0,0.0,0.0,0.0,0.0,0.0
2457940.090572787,0.0,0.0,0.0,0.0,0.0,0.0,0.0,0.0,0.0,0.0,0.0,0.0,0.0,0.0,0.0,0.0
2457985.9171786644,0.0,0.0,0.0,0.0,0.0,0.0,0.0,0.0,0.0,0.0,0.0,0.0,0.0,0.0,0.0,0.0
2457940.916385328,0.0,0.0,0.0,0.0,0.0,0.0,0.0,0.0,0.0,0.0,0.0,0.0,0.0,0.0,0.0,0.0
2457987.958689592,0.0,0.0,0.0,0.0,0.0,0.0,0.0,0.0,0.0,0.0,0.0,0.0,0.0,0.0,0.0,0.0
2457940.986776967,0.0,0.0,0.0,0.0,0.0,0.0,0.0,0.0,0.0,0.0,0.0,0.0,0.0,0.0,0.0,0.0
2458673.93125104,0.0,0.0,0.0,0.0,0.0,0.0,0.0,0.0,0.0,0.0,0.0,0.0,0.0,0.0,0.0,0.0
2457989.025557646,0.0,0.0,0.0,0.0,0.0,0.0,0.0,0.0,0.0,0.0,0.0,0.0,0.0,0.0,0.0,0.0
2457989.0701884767,0.0,0.0,0.0,0.0,0.0,0.0,0.0,0.0,0.0,0.0,0.0,0.0,0.0,0.0,0.0,0.0
2457990.962404484,0.0,0.0,0.0,0.0,0.0,0.0,0.0,0.0,0.0,0.0,0.0,0.0,0.0,0.0,0.0,0.0
2457991.9398426902,0.0,0.0,0.0,0.0,0.0,0.0,0.0,0.0,0.0,0.0,0.0,0.0,0.0,0.0,0.0,0.0
2457991.983090832,0.0,0.0,0.0,0.0,0.0,0.0,0.0,0.0,0.0,0.0,0.0,0.0,0.0,0.0,0.0,0.0
2457996.0179780326,0.0,0.0,0.0,0.0,0.0,0.0,0.0,0.0,0.0,0.0,0.0,0.0,0.0,0.0,0.0,0.0
2457997.000529866,0.0,0.0,0.0,0.0,0.0,0.0,0.0,0.0,0.0,0.0,0.0,0.0,0.0,0.0,0.0,0.0
2457998.0093841194,0.0,0.0,0.0,0.0,0.0,0.0,0.0,0.0,0.0,0.0,0.0,0.0,0.0,0.0,0.0,0.0
2457998.878956649,0.0,0.0,0.0,0.0,0.0,0.0,0.0,0.0,0.0,0.0,0.0,0.0,0.0,0.0,0.0,0.0
2458000.024830103,0.0,0.0,0.0,0.0,0.0,0.0,0.0,0.0,0.0,0.0,0.0,0.0,0.0,0.0,0.0,0.0
2458000.941678299,0.0,0.0,0.0,0.0,0.0,0.0,0.0,0.0,0.0,0.0,0.0,0.0,0.0,0.0,0.0,0.0
2458001.9976222483,0.0,0.0,0.0,0.0,0.0,0.0,0.0,0.0,0.0,0.0,0.0,0.0,0.0,0.0,0.0,0.0
2458003.010373791,0.0,0.0,0.0,0.0,0.0,0.0,0.0,0.0,0.0,0.0,0.0,0.0,0.0,0.0,0.0,0.0
2458003.913090908,0.0,0.0,0.0,0.0,0.0,0.0,0.0,0.0,0.0,0.0,0.0,0.0,0.0,0.0,0.0,0.0
2458004.97894146,0.0,0.0,0.0,0.0,0.0,0.0,0.0,0.0,0.0,0.0,0.0,0.0,0.0,0.0,0.0,0.0
2458007.023153397,0.0,0.0,0.0,0.0,0.0,0.0,0.0,0.0,0.0,0.0,0.0,0.0,0.0,0.0,0.0,0.0
2458007.9369797097,0.0,0.0,0.0,0.0,0.0,0.0,0.0,0.0,0.0,0.0,0.0,0.0,0.0,0.0,0.0,0.0
2458011.9616815336,0.0,0.0,0.0,0.0,0.0,0.0,0.0,0.0,0.0,0.0,0.0,0.0,0.0,0.0,0.0,0.0
2458013.009408121,0.0,0.0,0.0,0.0,0.0,0.0,0.0,0.0,0.0,0.0,0.0,0.0,0.0,0.0,0.0,0.0
2458013.8877972914,0.0,0.0,0.0,0.0,0.0,0.0,0.0,0.0,0.0,0.0,0.0,0.0,0.0,0.0,0.0,0.0
2458016.9634929723,0.0,0.0,0.0,0.0,0.0,0.0,0.0,0.0,0.0,0.0,0.0,0.0,0.0,0.0,0.0,0.0
2458018.9011812177,0.0,0.0,0.0,0.0,0.0,0.0,0.0,0.0,0.0,0.0,0.0,0.0,0.0,0.0,0.0,0.0
2458020.9560668287,0.0,0.0,0.0,0.0,0.0,0.0,0.0,0.0,0.0,0.0,0.0,0.0,0.0,0.0,0.0,0.0
2458022.8869151277,0.0,0.0,0.0,0.0,0.0,0.0,0.0,0.0,0.0,0.0,0.0,0.0,0.0,0.0,0.0,0.0
2458027.941998476,0.0,0.0,0.0,0.0,0.0,0.0,0.0,0.0,0.0,0.0,0.0,0.0,0.0,0.0,0.0,0.0
2458033.9240542785,0.0,0.0,0.0,0.0,0.0,0.0,0.0,0.0,0.0,0.0,0.0,0.0,0.0,0.0,0.0,0.0
2458036.933688563,0.0,0.0,0.0,0.0,0.0,0.0,0.0,0.0,0.0,0.0,0.0,0.0,0.0,0.0,0.0,0.0
2458039.921029467,0.0,0.0,0.0,0.0,0.0,0.0,0.0,0.0,0.0,0.0,0.0,0.0,0.0,0.0,0.0,0.0
2458041.9259146564,0.0,0.0,0.0,0.0,0.0,0.0,0.0,0.0,0.0,0.0,0.0,0.0,0.0,0.0,0.0,0.0
2458044.895612405,0.0,0.0,0.0,0.0,0.0,0.0,0.0,0.0,0.0,0.0,0.0,0.0,0.0,0.0,0.0,0.0
2458178.1985063865,0.0,0.0,0.0,0.0,0.0,0.0,0.0,0.0,0.0,0.0,0.0,0.0,0.0,0.0,0.0,0.0
2458187.2788760136,0.0,0.0,0.0,0.0,0.0,0.0,0.0,0.0,0.0,0.0,0.0,0.0,0.0,0.0,0.0,0.0
2458195.272720963,0.0,0.0,0.0,0.0,0.0,0.0,0.0,0.0,0.0,0.0,0.0,0.0,0.0,0.0,0.0,0.0
2458202.290294262,0.0,0.0,0.0,0.0,0.0,0.0,0.0,0.0,0.0,0.0,0.0,0.0,0.0,0.0,0.0,0.0
2458207.253066556,0.0,0.0,0.0,0.0,0.0,0.0,0.0,0.0,0.0,0.0,0.0,0.0,0.0,0.0,0.0,0.0
2458208.20112667,0.0,0.0,0.0,0.0,0.0,0.0,0.0,0.0,0.0,0.0,0.0,0.0,0.0,0.0,0.0,0.0
2458210.270712837,0.0,0.0,0.0,0.0,0.0,0.0,0.0,0.0,0.0,0.0,0.0,0.0,0.0,0.0,0.0,0.0
2458211.294159046,0.0,0.0,0.0,0.0,0.0,0.0,0.0,0.0,0.0,0.0,0.0,0.0,0.0,0.0,0.0,0.0
2458214.298403596,0.0,0.0,0.0,0.0,0.0,0.0,0.0,0.0,0.0,0.0,0.0,0.0,0.0,0.0,0.0,0.0
2458215.229510459,0.0,0.0,0.0,0.0,0.0,0.0,0.0,0.0,0.0,0.0,0.0,0.0,0.0,0.0,0.0,0.0
2458215.2885603686,0.0,0.0,0.0,0.0,0.0,0.0,0.0,0.0,0.0,0.0,0.0,0.0,0.0,0.0,0.0,0.0
2458224.160903838,0.0,0.0,0.0,0.0,0.0,0.0,0.0,0.0,0.0,0.0,0.0,0.0,0.0,0.0,0.0,0.0
2458230.251486007,0.0,0.0,0.0,0.0,0.0,0.0,0.0,0.0,0.0,0.0,0.0,0.0,0.0,0.0,0.0,0.0
2458231.141027427,0.0,0.0,0.0,0.0,0.0,0.0,0.0,0.0,0.0,0.0,0.0,0.0,0.0,0.0,0.0,0.0
2458232.2126906663,0.0,0.0,0.0,0.0,0.0,0.0,0.0,0.0,0.0,0.0,0.0,0.0,0.0,0.0,0.0,0.0
2458235.1299714018,0.0,0.0,0.0,0.0,0.0,0.0,0.0,0.0,0.0,0.0,0.0,0.0,0.0,0.0,0.0,0.0
2458251.1527270377,0.0,0.0,0.0,0.0,0.0,0.0,0.0,0.0,0.0,0.0,0.0,0.0,0.0,0.0,0.0,0.0
2458252.2463375097,0.0,0.0,0.0,0.0,0.0,0.0,0.0,0.0,0.0,0.0,0.0,0.0,0.0,0.0,0.0,0.0
2458254.0798993423,0.0,0.0,0.0,0.0,0.0,0.0,0.0,0.0,0.0,0.0,0.0,0.0,0.0,0.0,0.0,0.0
2458255.1770653846,0.0,0.0,0.0,0.0,0.0,0.0,0.0,0.0,0.0,0.0,0.0,0.0,0.0,0.0,0.0,0.0
2458264.0527368784,0.0,0.0,0.0,0.0,0.0,0.0,0.0,0.0,0.0,0.0,0.0,0.0,0.0,0.0,0.0,0.0
2458265.052733758,0.0,0.0,0.0,0.0,0.0,0.0,0.0,0.0,0.0,0.0,0.0,0.0,0.0,0.0,0.0,0.0
2458304.02368238,0.0,0.0,0.0,0.0,0.0,0.0,0.0,0.0,0.0,0.0,0.0,0.0,0.0,0.0,0.0,0.0
2458305.9387936587,0.0,0.0,0.0,0.0,0.0,0.0,0.0,0.0,0.0,0.0,0.0,0.0,0.0,0.0,0.0,0.0
2458309.927752703,0.0,0.0,0.0,0.0,0.0,0.0,0.0,0.0,0.0,0.0,0.0,0.0,0.0,0.0,0.0,0.0
2458311.0560593377,0.0,0.0,0.0,0.0,0.0,0.0,0.0,0.0,0.0,0.0,0.0,0.0,0.0,0.0,0.0,0.0
2458312.0516006025,0.0,0.0,0.0,0.0,0.0,0.0,0.0,0.0,0.0,0.0,0.0,0.0,0.0,0.0,0.0,0.0
2458312.920613721,0.0,0.0,0.0,0.0,0.0,0.0,0.0,0.0,0.0,0.0,0.0,0.0,0.0,0.0,0.0,0.0
2458313.097183276,0.0,0.0,0.0,0.0,0.0,0.0,0.0,0.0,0.0,0.0,0.0,0.0,0.0,0.0,0.0,0.0
2458313.916857118,0.0,0.0,0.0,0.0,0.0,0.0,0.0,0.0,0.0,0.0,0.0,0.0,0.0,0.0,0.0,0.0
2458314.9139549443,0.0,0.0,0.0,0.0,0.0,0.0,0.0,0.0,0.0,0.0,0.0,0.0,0.0,0.0,0.0,0.0
2458317.0208146214,0.0,0.0,0.0,0.0,0.0,0.0,0.0,0.0,0.0,0.0,0.0,0.0,0.0,0.0,0.0,0.0
2458317.906420188,0.0,0.0,0.0,0.0,0.0,0.0,0.0,0.0,0.0,0.0,0.0,0.0,0.0,0.0,0.0,0.0
2458330.0366029595,0.0,0.0,0.0,0.0,0.0,0.0,0.0,0.0,0.0,0.0,0.0,0.0,0.0,0.0,0.0,0.0
2458330.871330614,0.0,0.0,0.0,0.0,0.0,0.0,0.0,0.0,0.0,0.0,0.0,0.0,0.0,0.0,0.0,0.0
2458332.0131753925,0.0,0.0,0.0,0.0,0.0,0.0,0.0,0.0,0.0,0.0,0.0,0.0,0.0,0.0,0.0,0.0
2458332.8642773377,0.0,0.0,0.0,0.0,0.0,0.0,0.0,0.0,0.0,0.0,0.0,0.0,0.0,0.0,0.0,0.0
2458335.9109124457,0.0,0.0,0.0,0.0,0.0,0.0,0.0,0.0,0.0,0.0,0.0,0.0,0.0,0.0,0.0,0.0
2458337.897892475,0.0,0.0,0.0,0.0,0.0,0.0,0.0,0.0,0.0,0.0,0.0,0.0,0.0,0.0,0.0,0.0
2458338.9429549626,0.0,0.0,0.0,0.0,0.0,0.0,0.0,0.0,0.0,0.0,0.0,0.0,0.0,0.0,0.0,0.0
2458339.939406267,0.0,0.0,0.0,0.0,0.0,0.0,0.0,0.0,0.0,0.0,0.0,0.0,0.0,0.0,0.0,0.0
2458339.9711400988,0.0,0.0,0.0,0.0,0.0,0.0,0.0,0.0,0.0,0.0,0.0,0.0,0.0,0.0,0.0,0.0
2458340.870585536,0.0,0.0,0.0,0.0,0.0,0.0,0.0,0.0,0.0,0.0,0.0,0.0,0.0,0.0,0.0,0.0
2458341.8703006567,0.0,0.0,0.0,0.0,0.0,0.0,0.0,0.0,0.0,0.0,0.0,0.0,0.0,0.0,0.0,0.0
2458343.0294540795,0.0,0.0,0.0,0.0,0.0,0.0,0.0,0.0,0.0,0.0,0.0,0.0,0.0,0.0,0.0,0.0
2458344.860176432,0.0,0.0,0.0,0.0,0.0,0.0,0.0,0.0,0.0,0.0,0.0,0.0,0.0,0.0,0.0,0.0
2458390.876143351,0.0,0.0,0.0,0.0,0.0,0.0,0.0,0.0,0.0,0.0,0.0,0.0,0.0,0.0,0.0,0.0
2458398.877090202,0.0,0.0,0.0,0.0,0.0,0.0,0.0,0.0,0.0,0.0,0.0,0.0,0.0,0.0,0.0,0.0
2458686.023548548,0.0,0.0,0.0,0.0,0.0,0.0,0.0,0.0,0.0,0.0,0.0,0.0,0.0,0.0,0.0,0.0
2458687.9896472422,0.0,0.0,0.0,0.0,0.0,0.0,0.0,0.0,0.0,0.0,0.0,0.0,0.0,0.0,0.0,0.0
2458688.8896788494,0.0,0.0,0.0,0.0,0.0,0.0,0.0,0.0,0.0,0.0,0.0,0.0,0.0,0.0,0.0,0.0
2458689.887335599,0.0,0.0,0.0,0.0,0.0,0.0,0.0,0.0,0.0,0.0,0.0,0.0,0.0,0.0,0.0,0.0
2458691.9561366807,0.0,0.0,0.0,0.0,0.0,0.0,0.0,0.0,0.0,0.0,0.0,0.0,0.0,0.0,0.0,0.0
2458692.878520262,0.0,0.0,0.0,0.0,0.0,0.0,0.0,0.0,0.0,0.0,0.0,0.0,0.0,0.0,0.0,0.0
2458694.069251671,0.0,0.0,0.0,0.0,0.0,0.0,0.0,0.0,0.0,0.0,0.0,0.0,0.0,0.0,0.0,0.0
2458694.927836291,0.0,0.0,0.0,0.0,0.0,0.0,0.0,0.0,0.0,0.0,0.0,0.0,0.0,0.0,0.0,0.0
2458696.867566004,0.0,0.0,0.0,0.0,0.0,0.0,0.0,0.0,0.0,0.0,0.0,0.0,0.0,0.0,0.0,0.0
2458697.864766312,0.0,0.0,0.0,0.0,0.0,0.0,0.0,0.0,0.0,0.0,0.0,0.0,0.0,0.0,0.0,0.0
2458697.9466047864,0.0,0.0,0.0,0.0,0.0,0.0,0.0,0.0,0.0,0.0,0.0,0.0,0.0,0.0,0.0,0.0
2458699.953493158,0.0,0.0,0.0,0.0,0.0,0.0,0.0,0.0,0.0,0.0,0.0,0.0,0.0,0.0,0.0,0.0
2458700.0451025297,0.0,0.0,0.0,0.0,0.0,0.0,0.0,0.0,0.0,0.0,0.0,0.0,0.0,0.0,0.0,0.0
2458717.9215847813,0.0,0.0,0.0,0.0,0.0,0.0,0.0,0.0,0.0,0.0,0.0,0.0,0.0,0.0,0.0,0.0
2458724.899117632,0.0,0.0,0.0,0.0,0.0,0.0,0.0,0.0,0.0,0.0,0.0,0.0,0.0,0.0,0.0,0.0
2458727.8651252324,0.0,0.0,0.0,0.0,0.0,0.0,0.0,0.0,0.0,0.0,0.0,0.0,0.0,0.0,0.0,0.0
2458749.871774115,0.0,0.0,0.0,0.0,0.0,0.0,0.0,0.0,0.0,0.0,0.0,0.0,0.0,0.0,0.0,0.0
2458749.8755697296,0.0,0.0,0.0,0.0,0.0,0.0,0.0,0.0,0.0,0.0,0.0,0.0,0.0,0.0,0.0,0.0
2458751.872498225,0.0,0.0,0.0,0.0,0.0,0.0,0.0,0.0,0.0,0.0,0.0,0.0,0.0,0.0,0.0,0.0
2458751.8762789294,0.0,0.0,0.0,0.0,0.0,0.0,0.0,0.0,0.0,0.0,0.0,0.0,0.0,0.0,0.0,0.0
2458753.873222834,0.0,0.0,0.0,0.0,0.0,0.0,0.0,0.0,0.0,0.0,0.0,0.0,0.0,0.0,0.0,0.0
2458753.877006993,0.0,0.0,0.0,0.0,0.0,0.0,0.0,0.0,0.0,0.0,0.0,0.0,0.0,0.0,0.0,0.0
2457889.0008545164,743032.1396050259,1022.1033154889188,697251.3847182632,1345.724504457257,697251.3847182632,1345.724504457257,17.811638416124026,0.0446020910681571,0.494261180427771,7.286417848282008e-09,14.0,10492.408984375,60.79785075730383,4.962239173304624,649.2817614210603,4.0
2458565.2761287848,744624.4912567618,707.5262722497357,698928.1729781029,1113.115843312684,698928.1729781029,1113.115843312684,17.852692910131235,0.0405766496252824,0.870417786580288,5.100854275097855e-09,14.0,5375.60615234375,71.68544730728864,4.962239173304624,649.2817614210603,0.0
2457871.274066617,741703.6243812309,530.4894521519999,695852.4231711382,969.0893885220324,695852.4231711382,969.0893885220324,17.7773862330498,0.0382978605827223,0.514673941039232,6.4894955813139025e-09,14.0,1299.43828125,32.8289118709309,4.962239173304624,649.2817614210603,4.0
2458573.202060757,745622.5796614992,384.81864442279306,699979.1863755025,931.823190999968,699979.1863755025,931.823190999968,17.878425928579947,0.0377387497095674,0.8210968109106441,7.26078931880935e-09,14.0,1817.461279296875,34.62510264868452,4.962239173304624,649.2817614210603,0.0
2457890.194210506,745473.0169188943,1466.59908881874,699821.6928654253,1756.7343880359354,699821.6928654253,1756.7343880359354,17.874569856516167,0.0524759395202292,0.3465872955337858,2.9294979988612557e-09,14.0,6937.638281250001,57.72242399487642,4.962239173304624,649.2817614210603,4.0
2458580.227870861,738343.2862439543,312.8327347232261,692313.89854215,821.0249046007318,692313.89854215,821.0249046007318,17.690748974396136,0.0361648437856016,1.0093074171728804,8.051702285588478e-09,14.0,1459.958740234375,41.62826262365044,4.962239173304624,649.2817614210603,0.0
2457895.151137891,745829.8939025624,557.8402374834261,700197.4937356473,1026.3442041080737,700197.4937356473,1026.3442041080737,17.88377096732065,0.0391811879190911,0.4629090533096209,5.479219966068687e-09,14.0,1143.0375244140623,27.74889256993582,4.962239173304624,649.2817614210603,4.0
2458585.1745243184,744146.9548138613,265.28135854271727,698425.314517016,867.4449835258256,698425.314517016,867.4449835258256,17.840380920495083,0.0368074659737252,0.9932553816314068,7.009715726946561e-09,14.0,1376.7311767578126,29.433897209983357,4.962239173304624,649.2817614210603,0.0
2457896.030634552,743906.2644972152,439.1389066414418,698171.8612695698,939.9468596744143,698171.8612695698,939.9468596744143,17.83417536963478,0.0378595557736351,0.532800165549155,5.833977876651669e-09,14.0,1341.2052734375002,25.99574440216896,4.962239173304624,649.2817614210603,4.0
2458586.171876702,745858.0601692344,539.5020785527539,700227.1535568476,1015.6990930615141,700227.1535568476,1015.6990930615141,17.884497158564287,0.0390145380393321,0.6054999783255282,7.792007938551251e-09,14.0,1218.1103759765624,35.871331851906056,4.962239173304624,649.2817614210603,4.0
2457900.1116444576,745376.4500496766,430.65063210268517,699720.0054068678,951.175225976402,699720.0054068678,951.175225976402,17.87208014015905,0.0380270944811889,0.5739339192093704,7.6526909720859e-09,14.0,1108.647412109375,26.718769740400045,4.962239173304624,649.2817614210603,4.0
2458587.1691205557,747242.3107490445,348.6953563676953,701684.8059029061,934.0225096991605,701684.8059029061,934.0225096991605,17.920186327518483,0.0377711670789889,0.9481505249555994,6.732642395330965e-09,14.0,1298.7345947265626,34.95070563613086,4.962239173304624,649.2817614210603,0.0
2457918.058025528,775321.9079591425,2522.5340360488285,731253.361875832,2920.269393202569,731253.361875832,2920.269393202569,18.644143032766557,0.0775653464798884,0.5449453045372105,2.1599651574892503e-09,14.0,9389.445703125,76.78659392755237,4.962239173304624,649.2817614210603,4.0
2458591.158676648,745639.9597552188,434.14996191550216,699997.4880722868,955.7445438820845,699997.4880722868,955.7445438820845,17.87887402743593,0.0380956807876086,1.0491753847232397,6.518499970653605e-09,14.0,3990.62451171875,51.18628843525221,4.962239173304624,649.2817614210603,0.0
2457920.150145301,748392.2558988384,818.5580863735448,702895.7284554297,1226.7496962063874,702895.7284554297,1226.7496962063874,17.949834562699063,0.0424950310056839,0.4140829137691665,2.460251144081647e-09,14.0,2585.1611328125,35.00861748937581,4.962239173304624,649.2817614210603,4.0
2458592.216668576,745955.3446055184,539.8539356495568,700329.5966324399,1016.8864569713338,700329.5966324399,1016.8864569713338,17.88700537545349,0.039033064589984,1.0580465051990398,8.089135917578805e-09,14.0,4211.54775390625,64.21603145530327,4.962239173304624,649.2817614210603,0.0
2457927.9910324514,744232.1370118081,1916.7068431300904,698515.0136166519,2179.40898846727,698515.0136166519,2179.40898846727,17.842577113799063,0.0612460111215387,0.1109830201382713,7.088543983843578e-09,14.0,787.3792480468751,23.22444161556764,4.962239173304624,649.2817614210603,4.0
2458593.149448904,748817.0893494594,713.38827352982,703343.0892765219,1155.5882370174145,703343.0892765219,1155.5882370174145,17.96078774777823,0.0412819332397972,1.0217698983019472,6.014520766991528e-09,14.0,9942.4197265625,76.76902067684881,4.962239173304624,649.2817614210603,0.0
2457931.0465760604,740421.343872377,469.4137982090869,694502.1479974833,920.5707023730723,694502.1479974833,920.5707023730723,17.744326087441305,0.037573733133213,0.5341824511540196,6.9182596046317345e-09,14.0,1170.846630859375,30.68128984351035,4.962239173304624,649.2817614210603,4.0
2458594.249424912,743348.5404618981,551.1319436448836,697584.5631601154,997.7599005902476,697584.5631601154,997.7599005902476,17.819795959131664,0.0387363876857223,0.978305603681792,8.086808482940786e-09,14.0,5844.280078125001,64.29750412546238,4.962239173304624,649.2817614210603,0.0
2457934.126702268,742746.2062763802,483.9125585534726,696950.2893866836,952.195544571829,696950.2893866836,952.195544571829,17.804266396184484,0.0380427895951887,0.5079120361999543,5.526446189636007e-09,14.0,1109.15546875,28.36526452501726,4.962239173304624,649.2817614210603,4.0
2458595.144156329,700881.3527832674,995.0870755057878,652865.4952015223,1122.5777280488674,652865.4952015223,1122.5777280488674,16.724894025783573,0.0407570820259499,0.5253431517774704,4.3103715270940995e-09,14.0,32595.702343750003,174.281420631697,4.962239173304624,649.2817614210603,6.0
2457936.9666828127,744881.120879773,591.1895901916077,699198.4107352737,1037.6110070349762,699198.4107352737,1037.6110070349762,17.859309413030267,0.0393587898458447,0.5594511955051061,8.079421066176637e-09,14.0,1880.039794921875,37.17455624413994,4.962239173304624,649.2817614210603,4.0
2458600.130712778,747138.8488838272,602.5514440491338,701575.8578318268,1066.7701515856616,701575.8578318268,1066.7701515856616,17.91751884227997,0.0398231130462709,0.8983168909222639,5.288607630835744e-09,14.0,2929.8865234375,58.34964280753877,4.962239173304624,649.2817614210603,2.0
2457937.060429991,746954.6681776549,560.1299267455945,701381.9106936658,1038.9691787943923,701381.9106936658,1038.9691787943923,17.912770239363287,0.0393800431406396,0.5693680479257235,7.6509662578229e-09,14.0,1619.6078369140623,33.97860549794251,4.962239173304624,649.2817614210603,4.0
2458602.185730501,739098.9836394311,447.0631341997319,693109.6678179537,894.7948287756129,693109.6678179537,894.7948287756129,17.71023259421091,0.0371989099799834,0.9504555785507132,7.287539954657169e-09,14.0,1867.9178955078123,55.71058655423867,4.962239173304624,649.2817614210603,0.0
2457938.942556409,761903.7250605596,1699.3516719054662,717123.6616125731,2070.489636976855,717123.6616125731,2070.489636976855,18.298191365120083,0.0589375889458699,0.60389634720376,8.088075794990662e-09,14.0,7074.6673828125,79.28912482929896,4.962239173304624,649.2817614210603,4.0
2458603.195146498,738678.7464371108,503.4716828475196,692667.1469674681,923.3614435956972,692667.1469674681,923.3614435956972,17.699397911001682,0.03761519091194,0.7716503808052225,7.174569988888535e-09,14.0,1726.436572265625,51.2188591698804,4.962239173304624,649.2817614210603,2.0
2457939.0826386744,766421.5314145199,2144.136359114694,721881.0307818106,2511.0835079152594,721881.0307818106,2511.0835079152594,18.41467082095024,0.0684384792430956,0.6135005689592787,2.2314882497771157e-09,14.0,7391.77275390625,91.4099830173746,4.962239173304624,649.2817614210603,4.0
2458610.172238317,745665.0055585592,368.4485956990729,700023.8619633516,924.9247270709167,700023.8619633516,924.9247270709167,17.879519765946025,0.0376368764066948,1.0472006819110362,6.300535936074431e-09,14.0,1401.872021484375,43.02083692478258,4.962239173304624,649.2817614210603,0.0
2457939.9279895755,761204.9986045583,1566.8240283463008,716387.884237654,1946.4322449236536,716387.884237654,1946.4322449236536,18.280176587373408,0.0563462167599433,0.5854869505905247,7.993039508875362e-09,14.0,9332.2419921875,71.70459584791612,4.962239173304624,649.2817614210603,4.0
2458611.1596000157,746478.24557518,304.89620985802634,700880.2251359051,908.1510982766694,700880.2251359051,908.1510982766694,17.900486967099347,0.0373911206617747,1.0462928934796738,7.333209461053929e-09,14.0,1325.1991699218752,34.30362171011708,4.962239173304624,649.2817614210603,0.0
2457940.094700545,761608.6353041569,1271.448518303288,716812.9243212246,1693.9751627550133,716812.9243212246,1693.9751627550133,18.2905832713786,0.0512246534971959,0.6147237629813568,2.5399247784779867e-09,14.0,10015.290625,60.282990470535616,4.962239173304624,649.2817614210603,4.0
2458616.2598420302,743722.1908489082,345.44623663598185,697978.0268661627,893.5100465185013,697978.0268661627,893.5100465185013,17.82942952691651,0.0371794243829075,1.014546295740167,7.198737676274449e-09,14.0,1641.3887451171877,40.701528620315926,4.962239173304624,649.2817614210603,0.0
2457940.990907581,745473.6277303376,1405.98613686468,699822.3360659749,1700.8989423423307,699822.3360659749,1700.8989423423307,17.87458560464235,0.0513613873468423,0.6169034219565764,6.4115639952275705e-09,14.0,19566.911328125,99.43332598319704,4.962239173304624,649.2817614210603,4.0
2458618.086926837,743445.8466419757,310.57595356368444,697687.0291324938,876.1118425688549,697687.0291324938,876.1118425688549,17.822304736625945,0.0369304266427386,1.00915858346606,7.836527516527612e-09,14.0,2520.47900390625,36.39781557603925,4.962239173304624,649.2817614210603,0.0
2457941.9789959714,867848.885425334,42386.58870494429,828686.7079364641,44700.833315018695,828686.7079364641,44700.833315018695,21.0297016735043,1.0948732495743694,0.6476510665200679,7.586179181153679e-09,14.0,60536.369531250006,171.69758435565114,4.962239173304624,649.2817614210603,6.0
2458619.0842119227,746341.6265297892,386.8187633761649,700736.3616801596,940.6121846438847,700736.3616801596,940.6121846438847,17.896964613369175,0.0378691515323944,1.025579561806799,3.311433920027437e-09,14.0,3405.205224609376,43.5547745130195,4.962239173304624,649.2817614210603,0.0
2457942.219538256,-387313769.23000604,-387313769.23000604,-387313769.23000604,-387313769.23000604,-387313769.23000604,-387313769.23000604,0.0,0.0,0.590773001456695,-9999.99,14.0,-9999.99,-9999.99,-9999.99,-9999.99,7.0
2458626.190344814,-387313769.23000604,-387313769.23000604,-387313769.23000604,-387313769.23000604,-387313769.23000604,-387313769.23000604,0.0,0.0,1.0450162540420482,-9999.99,14.0,-9999.99,-9999.99,-9999.99,-9999.99,3.0
2457942.886956347,-387313769.23000604,-387313769.23000604,-387313769.23000604,-387313769.23000604,-387313769.23000604,-387313769.23000604,0.0,0.0,0.2842669804686989,-9999.99,14.0,-9999.99,-9999.99,-9999.99,-9999.99,5.0
2458627.183064791,748255.8706011183,482.9136136032542,702752.1111421416,1008.7679345574048,702752.1111421416,1008.7679345574048,17.946318235522323,0.0389063872961309,1.0460843995378504,3.747572971224403e-09,14.0,4280.998828125001,53.46443728532717,4.962239173304624,649.2817614210603,0.0
2457943.1834906638,758697.968701953,3483.316155731742,713747.915670928,3802.1648173902176,713747.915670928,3802.1648173902176,18.21553958084271,0.097825788863958,0.5551905080329732,6.361218822905784e-09,14.0,46514.86328125,162.47753112548685,4.962239173304624,649.2817614210603,4.0
2458628.056220164,747815.0932734131,444.00241355866274,702287.960998237,983.9947185593124,702287.960998237,983.9947185593124,17.934953980560763,0.0385242156031287,1.030387129439062,2.031823110475127e-09,14.0,3392.221337890625,48.72649508228408,4.962239173304624,649.2817614210603,0.0
2457944.9902814496,-387313769.23000604,-387313769.23000604,-387313769.23000604,-387313769.23000604,-387313769.23000604,-387313769.23000604,0.0,0.0,0.56608878944031,-9999.99,14.0,-9999.99,-9999.99,-9999.99,-9999.99,7.0
2458629.0537230712,746316.0857754394,344.08975160164124,700709.4665926363,921.7338568230422,700709.4665926363,921.7338568230422,17.89630611388179,0.0375898497033462,1.0054889468156496,7.997234900855772e-09,14.0,2007.6724853515625,37.55469804678397,4.962239173304624,649.2817614210603,0.0
2457946.1504629627,-387313769.23000604,-387313769.23000604,-387313769.23000604,-387313769.23000604,-387313769.23000604,-387313769.23000604,0.0,0.0,-9999.99,-9999.99,14.0,-9999.99,-9999.99,-9999.99,-9999.99,5.0
2458629.2475106274,747055.0214337289,417.83278510480903,701487.5853173829,962.9339398296245,701487.5853173829,962.9339398296245,17.915357577496565,0.038203916392117,1.0184644025931977,2.422227334865676e-09,14.0,2474.0623046875,46.09810749645373,4.962239173304624,649.2817614210603,0.0
2457947.99365303,750174.1035280261,1842.2578642178937,704772.0609741849,2136.360842327822,704772.0609741849,2136.360842327822,17.99577469956174,0.0603296304761864,0.4248602864007185,7.927164408928472e-09,14.0,2455.60322265625,80.01546626353817,4.962239173304624,649.2817614210603,4.0
2458630.187146616,742860.0304401387,324.5053239945952,697070.149231253,875.2029041574959,697070.149231253,875.2029041574959,17.807201045351842,0.0369176060658387,1.0503069853102944,7.885692789397962e-09,14.0,1667.7412109375,40.43430209880313,4.962239173304624,649.2817614210603,0.0
2457948.176398199,0.0,0.0,0.0,0.0,0.0,0.0,0.0,0.0,0.0,0.0,14.0,0.0,0.0,0.0,0.0,5.0
2458631.0915452675,746477.139702893,310.8074884247854,700879.06062324,910.3578174354271,700879.06062324,910.3578174354271,17.90045845516413,0.0374232753102182,1.0211178816398807,8.081530025398746e-09,14.0,1341.830078125,34.135855300025,4.962239173304624,649.2817614210603,0.0
2457956.014613976,744330.7758503624,508.83767054955047,698618.8829135324,982.435297973046,698618.8829135324,982.435297973046,17.84512025029903,0.0385007148187738,0.595000246884277,6.510774036462736e-09,14.0,1115.4992431640626,34.38321499724288,4.962239173304624,649.2817614210603,4.0
2458639.0306101707,739712.5765137667,414.60481193974067,693755.7972874619,883.5934074086296,693755.7972874619,883.5934074086296,17.726052432093343,0.0370378956183754,0.9030455716180996,6.0934088841685315e-09,14.0,1511.70859375,48.063795872273445,4.962239173304624,649.2817614210603,0.0
2457957.1494937656,745166.5791981223,543.4736709386918,699499.0058684911,1011.1151552445431,699499.0058684911,1011.1151552445431,17.866669186110045,0.0389431747947893,0.5671665185691208,8.023650722498203e-09,14.0,1118.424951171875,34.22331248974037,4.962239173304624,649.2817614210603,4.0
2458641.1774530974,744546.688821803,333.63244390021435,698846.2449634055,897.6689921525956,698846.2449634055,897.6689921525956,17.850686984118415,0.0372393078538698,1.0230818923367822,7.681595346532833e-09,14.0,1339.6060791015625,38.82725908666021,4.962239173304624,649.2817614210603,0.0
2457957.8751489324,744513.8850891789,451.61747798830817,698811.7017683251,952.831724296595,698811.7017683251,952.831724296595,17.849841228318837,0.0380520583861798,0.570454052512013,5.591790032550972e-09,14.0,1176.1953857421877,28.543559494949207,4.962239173304624,649.2817614210603,4.0
2458647.009073411,-387313769.23000604,-387313769.23000604,-387313769.23000604,-387313769.23000604,-387313769.23000604,-387313769.23000604,0.0,0.0,-9999.99,-9999.99,14.0,-9999.99,-9999.99,-9999.99,-9999.99,5.0
2457958.927188262,747325.0786085086,401.4760751364068,701771.9626404837,958.1441350808468,701771.9626404837,958.1441350808468,17.92232027361428,0.0381316337097132,0.596239170341727,8.042813548140987e-09,14.0,1106.3868408203125,23.723115230306757,4.962239173304624,649.2817614210603,4.0
2458653.986029724,875401.1910314352,26730.235902655815,836639.4848003116,28262.13476414976,836639.4848003116,28262.13476414976,21.2244175108687,0.6926319201472895,0.9117681731078796,7.807464439029004e-09,14.0,10929.862890625,126.3592461570209,4.962239173304624,649.2817614210603,2.0
2457959.0487226937,746589.5973808153,543.561659218906,700997.481522206,1025.4691474377632,700997.481522206,1025.4691474377632,17.903357873178543,0.0391673743108021,0.5950443705039795,7.162219807698975e-09,14.0,1070.8951904296875,34.853857373273904,4.962239173304624,649.2817614210603,4.0
2458655.0028235484,745461.6929680855,526.057610643313,699809.7684467521,1003.8317011481128,699809.7684467521,1003.8317011481128,17.87427789897645,0.0388300204309209,0.9636707240168504,8.0282509553708e-09,14.0,6757.34453125,57.23776064576214,4.962239173304624,649.2817614210603,0.0
2457960.0417241952,747795.7732456631,457.619981549371,702267.6164997871,990.6820548144093,702267.6164997871,990.6820548144093,17.934455865736318,0.0386268228320717,0.6004218875600186,2.332351037734127e-09,14.0,1067.162158203125,28.206485973383767,4.962239173304624,649.2817614210603,4.0
2458656.036420499,745804.1261931801,435.1228474912505,700170.359658493,957.9854819153461,700170.359658493,957.9854819153461,17.88310661640968,0.0381293891895546,0.9907332378590104,8.087958248162145e-09,14.0,4288.26484375,48.03680600607154,4.962239173304624,649.2817614210603,0.0
2457960.165368032,740586.6303998987,685.9794690052585,694676.1990675182,1062.0564742731974,694676.1990675182,1062.0564742731974,17.74858755490436,0.0397484728065449,0.3412514997611426,7.804394434228514e-09,14.0,1079.686279296875,28.48283811948247,4.962239173304624,649.2817614210603,4.0
2457845.1176809967,828549.3304993534,69123.7709214076,787303.2407575973,72814.31401115641,787303.2407575973,72814.31401115641,20.01646861004368,1.7830408898839016,0.0169836881728624,4.490796036581465e-09,14.0,456.4075866699219,15.866636570298484,4.962239173304624,649.2817614210603,4.0
2457960.971258143,744931.7829409615,452.5050847360742,699251.7592210348,957.6813683414094,699251.7592210348,957.6813683414094,17.86061559768186,0.0381249145629796,0.5912255866396264,6.498120672853994e-09,14.0,1132.715869140625,29.53165360609716,4.962239173304624,649.2817614210603,4.0
2457845.131237089,0.0,0.0,0.0,0.0,0.0,0.0,0.0,0.0,0.0,0.0,14.0,0.0,0.0,0.0,0.0,5.0
2457961.0699617467,743738.2627033187,504.2509276541673,697994.9509524726,973.8080131265036,697994.9509524726,973.8080131265036,17.8298438963492,0.0383691872138232,0.5576255405041289,8.032046859763469e-09,14.0,1208.1250732421877,32.155939557788564,4.962239173304624,649.2817614210603,4.0
2457852.1332072737,747351.4341811687,820.988549483607,701799.7157531644,1219.5339270442123,701799.7157531644,1219.5339270442123,17.92299978099487,0.0423704067827341,0.5383651322988561,2.892333472620992e-09,14.0,4003.2274414062495,47.59927631853033,4.962239173304624,649.2817614210603,4.0
2457902.151984747,742293.8874494976,437.242303557328,696473.985739939,922.1216680324891,696473.985739939,922.1216680324891,17.792604574785077,0.0375961348254843,0.5429753288007317,5.3022193194464385e-09,14.0,1234.2440185546875,27.63343753750556,4.962239173304624,649.2817614210603,4.0
2457967.010659812,748311.4797823305,787.7277895633782,702810.6690756823,1203.4426291926409,702810.6690756823,1203.4426291926409,17.947751968325207,0.0420936317885087,0.5513461528809341,7.418624309498127e-09,14.0,5400.5892578125,45.41524107539112,4.962239173304624,649.2817614210603,4.0
2457902.1676869127,743690.6473439562,499.779136699828,697944.8107240376,970.7661339550499,697944.8107240376,970.7661339550499,17.82861626268959,0.0383229585492075,0.5490907469380959,8.014938995170094e-09,14.0,1182.015625,31.382165061098775,4.962239173304624,649.2817614210603,4.0
2457967.887399615,753882.1110391966,1053.488318848081,708676.6906176127,1454.519215958533,708676.6906176127,1454.519215958533,18.09137567562762,0.0466039603091914,0.5799460485624011,4.869873499708253e-09,14.0,8451.2791015625,56.37475232494352,4.962239173304624,649.2817614210603,4.0
2457903.05667311,745507.6393096497,439.972220362133,699858.1511554541,957.2865393972335,699858.1511554541,957.2865393972335,17.87546250151216,0.038118898543326,0.5644822984805669,7.317477431680071e-09,14.0,1175.38662109375,26.78785261646216,4.962239173304624,649.2817614210603,4.0
2458673.935192556,735167.4019141574,467.6973819977196,688969.6086341959,868.2238029832959,688969.6086341959,868.2238029832959,17.608867359839998,0.0368207147717206,0.9589961019447398,8.022430093652665e-09,14.0,1865.2650146484373,65.13124743062586,4.962239173304624,649.2817614210603,0.0
2457968.1242179917,-387313769.23000604,-387313769.23000604,-387313769.23000604,-387313769.23000604,-387313769.23000604,-387313769.23000604,0.0,0.0,-9999.99,-9999.99,14.0,-9999.99,-9999.99,-9999.99,-9999.99,5.0
2457971.9199035265,831480.475799784,12956.893631957393,790389.8140168953,13783.034396064064,790389.8140168953,13783.034396064064,20.092040288598245,0.3388078478323449,0.6164915362189295,3.6657483537942204e-09,14.0,23995.053515625,117.9936123119447,4.962239173304624,649.2817614210603,6.0
2457973.947545953,767564.5876167028,2398.0647491109967,723084.6990909232,2759.8566220364246,723084.6990909232,2759.8566220364246,18.444141443190805,0.0739588812669671,0.6052473580930582,3.35511021148689e-09,14.0,9985.1021484375,98.20994622681528,4.962239173304624,649.2817614210603,4.0
2457976.09177685,742689.8547838707,679.7333448116036,696890.9497797812,1076.2254759072248,696890.9497797812,1076.2254759072248,17.802813524886233,0.0399758845349243,0.5543967705968177,5.810464126334103e-09,14.0,3204.77392578125,45.22565003097263,4.962239173304624,649.2817614210603,4.0
2457977.918987385,741178.2850347254,414.2977543784792,695299.2269925855,898.6184173064534,695299.2269925855,898.6184173064534,17.76384177443141,0.0372536304365677,0.5705295430242737,7.106671161323683e-09,14.0,1144.749267578125,28.48378023053927,4.962239173304624,649.2817614210603,4.0
2457978.10301369,745181.2499666754,506.3409887792285,699514.454574463,989.658573814393,699514.454574463,989.658573814393,17.867047432321527,0.0386113424461332,0.560713064109789,7.083974712478728e-09,14.0,2005.6642822265624,31.31597219283941,4.962239173304624,649.2817614210603,4.0
2457979.9333540234,746499.0834604423,368.4481792429498,700902.167978323,934.1416210950256,700902.167978323,934.1416210950256,17.901024215787288,0.0377729995930533,0.608602026097417,6.405408189401016e-09,14.0,1074.6790283203125,23.021031108694984,4.962239173304624,649.2817614210603,4.0
2457980.945103949,745078.7222856319,379.54559924219814,699406.4902239414,923.4712481286648,699406.4902239414,923.4712481286648,17.86440403250317,0.037615546356549,0.5881741657526676,8.065280586843017e-09,14.0,1106.1065185546877,23.841859086604952,4.962239173304624,649.2817614210603,4.0
2457984.974239867,742508.4144244376,378.0431844569141,696699.8882989663,894.9332342647973,696699.8882989663,894.9332342647973,17.798135574421647,0.0372001476227404,0.5721531831369215,7.2390395281857274e-09,14.0,1146.7614990234374,24.72207708849268,4.962239173304624,649.2817614210603,4.0
2457985.921308683,746468.8622100508,475.274300918219,700870.3442051015,985.8696437785285,700870.3442051015,985.8696437785285,17.90024504232913,0.0385530514098473,0.6097360543969775,5.899665702918545e-09,14.0,1181.706396484375,30.95892272906636,4.962239173304624,649.2817614210603,4.0
2457987.9628133527,746686.2975247403,426.2777020481629,701099.3093225417,963.0492469764109,701099.3093225417,963.0492469764109,17.905851025664624,0.0382056914445216,0.5878953743931915,3.6301329319388334e-09,14.0,1079.767822265625,26.152860445353628,4.962239173304624,649.2817614210603,4.0
2457989.0296905986,745911.5607187671,458.8056587191377,700283.4910456522,971.2928944484852,700283.4910456522,971.2928944484852,17.885876525984653,0.038330665822763,0.5771024314134598,7.397472433918299e-09,14.0,1106.8013671875,28.505334084774628,4.962239173304624,649.2817614210603,4.0
2457989.074309016,741910.3082705134,434.9365915127822,696070.0667542442,916.9308028894075,696070.0667542442,916.9308028894075,17.782715019869407,0.037520024356186,0.5410290614998595,5.9232428334072325e-09,14.0,1149.7774169921877,27.63908276547136,4.962239173304624,649.2817614210603,4.0
2457990.9665426854,744601.9947601662,393.4241648494882,698904.4835742338,924.7267373686873,698904.4835742338,924.7267373686873,17.85211289862204,0.0376340951445125,0.5775781004474443,7.2612155124633905e-09,14.0,1111.64755859375,24.747355859868893,4.962239173304624,649.2817614210603,4.0
2457991.9439655044,0.0,0.0,0.0,0.0,0.0,0.0,0.0,0.0,0.0,0.0,14.0,0.0,0.0,0.0,0.0,5.0
2457996.0221062684,743184.373839468,919.3348677789846,697411.6913796583,1262.020456812788,697411.6913796583,1262.020456812788,17.815563365401882,0.0431102508432603,0.5288244680031022,6.882858501926156e-09,14.0,8427.5724609375,58.14980270115476,4.962239173304624,649.2817614210603,4.0
2457997.0046556992,762461.5123624437,2463.8471098867103,717711.0263433906,2798.3813006838104,717711.0263433906,2798.3813006838104,18.312572406781065,0.0748208871573301,0.5934664368204206,7.939823010245502e-09,14.0,19872.541015625,111.80743892746402,4.962239173304624,649.2817614210603,4.0
2457997.865732924,745595.020468659,1062.924621962848,699950.1658190484,1398.6891363936386,699950.1658190484,1398.6891363936386,17.87771538909826,0.0455681376602611,0.5972531404503086,7.358371596770104e-09,14.0,11867.7212890625,72.12385570928845,4.962239173304624,649.2817614210603,4.0
2457998.013515408,747543.4206060386,974.7402366654671,702001.8825188534,1340.692870784318,702001.8825188534,1340.692870784318,17.927949633322196,0.0445106886008352,0.5852068346296746,2.311780042446277e-09,14.0,11355.3369140625,61.63380067700435,4.962239173304624,649.2817614210603,4.0
2457998.883092405,755854.5604791059,1199.6875852102112,710753.7318668641,1589.9127539370231,710753.7318668641,1589.9127539370231,18.14222996627505,0.0491837277977015,0.5961385505387614,3.807893612666178e-09,14.0,8467.56484375,63.32125995585695,4.962239173304624,649.2817614210603,4.0
2458000.0289634718,-387313769.23000604,-387313769.23000604,-387313769.23000604,-387313769.23000604,-387313769.23000604,-387313769.23000604,0.0,0.0,-9999.99,-9999.99,14.0,-9999.99,-9999.99,-9999.99,-9999.99,5.0
2458000.9458059305,748258.6177758408,682.3079490502647,702755.0039895338,1129.2933166165976,702755.0039895338,1129.2933166165976,17.946389064015563,0.0408434068822263,0.5869871805020637,2.2464921263617635e-09,14.0,5277.77578125,41.99912307746856,4.962239173304624,649.2817614210603,4.0
2458002.001748652,748843.7162450327,835.4774982116544,703371.1280993809,1243.2394381096499,703371.1280993809,1243.2394381096499,17.96147425048856,0.0427813257082143,0.5636223874316748,6.036888131073531e-09,14.0,7019.35966796875,48.96473783381493,4.962239173304624,649.2817614210603,4.0
2458003.014511082,749174.1930880852,916.7360577954001,703719.1289256916,1307.9271933215368,703719.1289256916,1307.9271933215368,17.969994704847917,0.0439223204721143,0.5473757730711819,8.071816160238203e-09,14.0,7190.3271484375,51.86926020265622,4.962239173304624,649.2817614210603,4.0
2458003.9172199904,747280.166458287,601.9773274336577,701724.6689625245,1067.7985684962057,701724.6689625245,1067.7985684962057,17.921162334913934,0.0398396211807569,0.5739805846397701,3.435731289309573e-09,14.0,2569.141259765625,36.74367820552575,4.962239173304624,649.2817614210603,4.0
2458004.9830842526,741534.3046549144,633.5877582274579,695674.1250364665,1033.9316046003619,695674.1250364665,1033.9316046003619,17.773020780430233,0.0393012418734901,0.5225481685498097,8.065429244123972e-09,14.0,2651.1988769531254,40.56877087311126,4.962239173304624,649.2817614210603,4.0
2458013.013538368,737998.2537940159,495.54555017092036,691950.5702781383,912.0209592668862,691950.5702781383,912.0209592668862,17.681853242958386,0.0374491545162216,0.4824298133814175,7.670214858864665e-09,14.0,1217.7074462890623,31.131624619959368,4.962239173304624,649.2817614210603,4.0
2458013.891921784,744200.7083759905,529.7178590667581,698481.9184347523,993.2976742996867,698481.9184347523,993.2976742996867,17.841766811163065,0.0386674503152874,0.5650944049391926,6.545614641409641e-09,14.0,1179.353271484375,34.04899565292742,4.962239173304624,649.2817614210603,4.0
2458016.967626299,747572.7931188305,498.07546178874065,702032.8125490122,1009.7575332633654,702032.8125490122,1009.7575332633654,17.928706924369745,0.0389218179502802,0.5102503783747705,2.6560899356566882e-09,14.0,1167.5761962890624,26.021191126693942,4.962239173304624,649.2817614210603,4.0
2458018.90529948,749474.4461209748,516.9854567431979,704035.3032832721,1040.0369087325953,704035.3032832721,1040.0369087325953,17.97773591975228,0.0393967873793992,0.5146201650709874,2.764141050507917e-09,14.0,1100.7424072265626,25.9678082100206,4.962239173304624,649.2817614210603,4.0
2458020.960186848,-387313769.23000604,-387313769.23000604,-387313769.23000604,-387313769.23000604,-387313769.23000604,-387313769.23000604,0.0,0.0,-9999.99,-9999.99,14.0,-9999.99,-9999.99,-9999.99,-9999.99,5.0
2458022.8910403405,749291.0564750432,1262.121263069288,703842.1891523957,1596.1456335110272,703842.1891523957,1596.1456335110272,17.97300771219104,0.0493044399019986,0.4354441689023021,8.045048299434965e-09,14.0,4214.4927734375,56.88311482020716,4.962239173304624,649.2817614210603,4.0
2458027.9461280163,795470.1805072852,2902.071354692953,752470.0239290633,3393.7328849886435,752470.0239290633,3393.7328849886435,19.16361191621435,0.0883717726170516,0.5560808511755448,8.086121102338608e-09,14.0,7545.019433593749,54.788754824143886,4.962239173304624,649.2817614210603,4.0
2458033.9288587384,740293.7062092636,643.3344234802602,694367.742174003,1029.4156157876196,694367.742174003,1029.4156157876196,17.741035294437353,0.0392303716369001,0.4985484653189208,7.288634485566166e-09,14.0,2915.158251953125,40.19797272558947,4.962239173304624,649.2817614210603,4.0
2458036.937830227,0.0,0.0,0.0,0.0,0.0,0.0,0.0,0.0,0.0,0.0,14.0,0.0,0.0,0.0,0.0,5.0
2458039.925183801,741028.456197789,566.7054204552115,695141.453278164,985.1403471448606,695141.453278164,985.1403471448606,17.75997884184275,0.0385427076050384,0.5250101354268779,7.894491910471614e-09,14.0,1355.8832275390623,36.65897343480599,4.962239173304624,649.2817614210603,4.0
2458041.9300438664,749509.2418907897,2686.2626552659895,704071.9441460216,2964.3952068362755,704071.9441460216,2964.3952068362755,17.97863303485987,0.0785593620473387,0.0656084340882921,7.577892859393377e-09,14.0,898.96015625,15.61482919463784,4.962239173304624,649.2817614210603,4.0
2458044.8997350736,747585.0938194373,510.35668502690413,702045.7655109685,1016.662590723663,702045.7655109685,1016.662590723663,17.929024064769482,0.0390294236096577,0.5567793112790804,2.9048468806259033e-09,14.0,1344.8301513671877,29.465922289502423,4.962239173304624,649.2817614210603,4.0
2458178.202639773,743692.754175095,1179.1934748544545,697947.0292727572,1485.7086147466066,697947.0292727572,1485.7086147466066,17.828670581650023,0.0471904680043818,0.3337561776990868,7.599124759952121e-09,14.0,5476.9634765625,46.11540754765799,4.962239173304624,649.2817614210603,4.0
2458187.2830096544,737114.3706856924,986.683541491356,691019.8180680391,1274.2202246809209,691019.8180680391,1274.2202246809209,17.65906470015492,0.0433260773308208,0.4699988182912103,7.668663992280742e-09,14.0,8901.6490234375,64.5166254225809,4.962239173304624,649.2817614210603,4.0
2458195.276851372,746675.6324707436,441.5670331837345,701088.0787395776,970.5439995538958,701088.0787395776,970.5439995538958,17.905576056002666,0.0383192156179843,0.4979530062514525,7.160654069507484e-09,14.0,1156.0036865234374,22.47747687663782,4.962239173304624,649.2817614210603,4.0
2458202.29443824,0.0,0.0,0.0,0.0,0.0,0.0,0.0,0.0,0.0,0.0,14.0,0.0,0.0,0.0,0.0,5.0
2458207.25718994,746475.2729703579,649.8254257444327,700877.0949046771,1090.7972418944269,700877.0949046771,1090.7972418944269,17.90041032649882,0.0402114571863351,0.4970767524550234,2.699255361892286e-09,14.0,2024.7742919921875,34.91552573875182,4.962239173304624,649.2817614210603,4.0
2458208.2052563047,747621.8802624493,759.5679830644985,702084.5026050614,1176.9928622017233,702084.5026050614,1176.9928622017233,17.929972504018135,0.041642931071275,0.4872840378165187,2.3414559100359254e-09,14.0,3923.262548828125,39.219463796346005,4.962239173304624,649.2817614210603,4.0
2458210.2748407377,742241.9540132564,3602.541015616144,696419.2984627364,3876.6608319664883,696419.2984627364,3876.6608319664883,17.791265611155637,0.0995631523865587,0.159103587695631,7.740880415489797e-09,14.0,16449.425,70.55924764304648,4.962239173304624,649.2817614210603,4.0
2458211.298277393,746721.3435445634,874.3249084697169,701136.2137051441,1254.7358329945482,701136.2137051441,1254.7358329945482,17.906754592793927,0.0429821872681392,0.4806842084570211,2.0411104071930963e-09,14.0,3416.713916015625,45.876496067779954,4.962239173304624,649.2817614210603,4.0
2458214.302530721,742932.1017353628,1315.514020930333,697146.0422047497,1602.9921922627987,697146.0422047497,1602.9921922627987,17.809059209379026,0.0494379294882041,0.4834762921389554,8.048711796199362e-09,14.0,12756.6486328125,77.23912398849026,4.962239173304624,649.2817614210603,4.0
2458215.233639596,766132.9253597478,2820.5038337803876,721577.1209991737,3165.586558509581,721577.1209991737,3165.586558509581,18.40722989197381,0.0831328764955978,0.4830816602984782,7.958936691772865e-09,14.0,20280.6078125,95.25182445159128,4.962239173304624,649.2817614210603,6.0
2458215.2926964154,767146.029202269,2883.42711847086,722643.9460483309,3232.2478191550395,722643.9460483309,3232.2478191550395,18.433350043000832,0.0846567517668782,0.4665100524330527,7.389148402292033e-09,14.0,20611.74296875,91.72786543228406,4.962239173304624,649.2817614210603,6.0
2458224.165028906,746808.9610443247,618.3698115821886,701228.4772417799,1073.5586671686874,701228.4772417799,1073.5586671686874,17.90901357378909,0.0399323497769091,0.457501489379866,3.087211183919733e-09,14.0,1072.2441650390624,29.97331421690207,4.962239173304624,649.2817614210603,4.0
2458230.255612092,746369.8183639932,498.98275984642027,700766.0484246454,997.7497563875027,700766.0484246454,997.7497563875027,17.897691463802687,0.0387358402398496,0.4067760938360653,7.989469676611484e-09,14.0,1011.5724243164065,20.55537775755504,4.962239173304624,649.2817614210603,4.0
2458231.1451516147,744715.7707618057,505.1440950557668,699024.2927028232,984.2325959601347,699024.2927028232,984.2325959601347,17.855046306059037,0.0385281702491617,0.4121728232740699,6.813515673192071e-09,14.0,972.2804809570312,22.292730799887245,4.962239173304624,649.2817614210603,4.0
2458232.2168134046,747857.1134329537,584.9190675236504,702332.2093337836,1062.9735450075095,702332.2093337836,1062.9735450075095,17.936037357078856,0.0397621556040687,0.4409268266968936,2.785031855288002e-09,14.0,1059.1114990234375,26.2279775583542,4.962239173304624,649.2817614210603,4.0
2458235.1341198534,741041.7112080305,690.8473058275804,695155.411153318,1069.5136513993068,695155.411153318,1069.5136513993068,17.760320586543372,0.0398680622360826,0.4033784446263693,6.170950616578961e-09,14.0,2196.02294921875,34.04248671308151,4.962239173304624,649.2817614210603,6.0
2458245.1035190504,752333.7327958846,1089.1316018294444,707046.2075158766,1471.2180831443347,707046.2075158766,1471.2180831443347,18.05145491739456,0.0469170749346566,0.4968326782462694,7.278390120584482e-09,14.0,6109.17578125,51.670786305622045,4.962239173304624,649.2817614210603,4.0
2458246.122200826,754287.6302646967,914.3046326747109,709103.713050577,1349.6127842980293,709103.713050577,1349.6127842980293,18.10183089548748,0.0446719722757051,0.5381656084515297,2.5073631164677193e-09,14.0,2752.625927734375,44.66532318805675,4.962239173304624,649.2817614210603,4.0
2458248.0960896336,746075.5788668261,525.8694362002782,700456.2064786822,1009.9500485043322,700456.2064786822,1009.9500485043322,17.890105291703094,0.0389249440617803,0.503644557958667,7.944133799762873e-09,14.0,1226.9876708984375,28.32970403158501,4.962239173304624,649.2817614210603,4.0
2458248.2599620274,747451.7474508476,598.1306837614009,701905.3482701532,1067.0900279601822,701905.3482701532,1067.0900279601822,17.92558608818674,0.0398282262001915,0.4689768407147187,2.2718348059651707e-09,14.0,1570.3638671875,29.172355416031635,4.962239173304624,649.2817614210603,4.0
2458251.1568436925,743545.1707288844,515.8075022570026,697791.6200139531,978.5606507580208,697791.6200139531,978.5606507580208,17.82486554040715,0.0384416340884853,0.4865815325661242,7.967409431786828e-09,14.0,1145.6102783203123,28.5989650720488,4.962239173304624,649.2817614210603,4.0
2458252.2504740097,744201.3084891421,420.3757431993826,698482.5503697185,933.5188913411152,698482.5503697185,933.5188913411152,17.841782283462642,0.0377640503823515,0.4913686789281343,6.4056092234166005e-09,14.0,1260.1339111328125,22.416688631982318,4.962239173304624,649.2817614210603,4.0
2458254.0840251334,741922.0210244637,762.5883178956426,696082.4005928732,1129.633167359398,696082.4005928732,1129.633167359398,17.783017001649835,0.04084978872575,0.2456776519165186,7.66145741525145e-09,14.0,1020.6413940429688,21.16040588383321,4.962239173304624,649.2817614210603,4.0
2458255.181194779,745153.7641175031,523.0880893221807,699485.5112508239,998.99223375075,699485.5112508239,998.99223375075,17.866338783808576,0.0387551668819611,0.5164854028523671,7.644225244556745e-09,14.0,1112.478759765625,29.72649348336496,4.962239173304624,649.2817614210603,4.0
2458264.056864737,744257.0207561374,729.5610735453911,698541.2168553068,1125.528148111238,698541.2168553068,1125.528148111238,17.84321867405452,0.040781437455811,0.5041573995549531,7.562885220315525e-09,14.0,2579.937939453125,42.43035459123166,4.962239173304624,649.2817614210603,4.0
2458265.0568644474,744629.8626487318,675.2945281618609,698933.8291954248,1090.738945390947,698933.8291954248,1090.738945390947,17.85283139699073,0.0402107135704585,0.5475141835988053,6.3998651295476635e-09,14.0,3799.5240234375,42.23637931874659,4.962239173304624,649.2817614210603,4.0
2458293.1534498623,0.0,0.0,0.0,0.0,0.0,0.0,0.0,0.0,0.0,0.0,14.0,0.0,0.0,0.0,0.0,5.0
2458294.1460067546,763943.4329676518,912.4931702102049,719271.5278005394,1436.1868063175484,719271.5278005394,1436.1868063175484,18.350779734000117,0.0462632456163819,1.0192597761798872,2.8209095391295987e-09,14.0,6732.81083984375,67.78832239976691,4.962239173304624,649.2817614210603,0.0
2458295.112056775,-387313769.23000604,-387313769.23000604,-387313769.23000604,-387313769.23000604,-387313769.23000604,-387313769.23000604,0.0,0.0,0.8710524279392746,-9999.99,14.0,-9999.99,-9999.99,-9999.99,-9999.99,3.0
2458295.975132976,-387313769.23000604,-387313769.23000604,-387313769.23000604,-387313769.23000604,-387313769.23000604,-387313769.23000604,0.0,0.0,-9999.99,-9999.99,14.0,-9999.99,-9999.99,-9999.99,-9999.99,5.0
2458296.1356969327,-387313769.23000604,-387313769.23000604,-387313769.23000604,-387313769.23000604,-387313769.23000604,-387313769.23000604,0.0,0.0,-9999.99,-9999.99,14.0,-9999.99,-9999.99,-9999.99,-9999.99,5.0
2458300.011133071,759794.7833432618,1338.8652882990243,714902.8903976247,1737.133048352929,714902.8903976247,1737.133048352929,18.24381798911363,0.052083641402155,0.8675688979672059,8.061829154925661e-09,14.0,11918.93203125,94.21908837213536,4.962239173304624,649.2817614210603,0.0
2458300.9526173025,751846.3693329827,692.1548456597562,706533.0009437113,1170.1616532564026,706533.0009437113,1170.1616532564026,18.038889564543485,0.0415272527359661,0.7562744367903135,7.327558571186104e-09,14.0,5450.3775390625,50.28112632448217,4.962239173304624,649.2817614210603,0.0
2458302.961952505,743617.2609564312,292.571416854106,697867.5329236849,871.1431615797898,697867.5329236849,871.1431615797898,17.826724192553215,0.0368598701513248,0.9546293849046392,6.851703345241518e-09,14.0,1397.640869140625,31.824694172051885,4.962239173304624,649.2817614210603,0.0
2458304.0278223148,746781.8305782021,310.01264004473785,701199.9081458586,913.5235636491733,701199.9081458586,913.5235636491733,17.908314087869858,0.0374694627221533,1.014846820960007,4.251185953962911e-09,14.0,1313.125390625,33.59135830598478,4.962239173304624,649.2817614210603,0.0
2458305.9429226187,741916.4564916358,307.64752803305333,696076.5409931375,857.9428418667447,696076.5409931375,857.9428418667447,17.782873535174073,0.03667410912506,0.9250378428678,5.947596789779038e-09,14.0,1398.77646484375,33.79683627657932,4.962239173304624,649.2817614210603,0.0
2458309.9318791083,746715.0050255894,302.67662070739584,701129.5390775962,910.0285643936014,701129.5390775962,910.0285643936014,17.90659117117223,0.0374184515319004,0.987355491101822,8.078176132245584e-09,14.0,1245.5579345703125,31.6420088292558,4.962239173304624,649.2817614210603,0.0
2458311.0601815665,746570.1204758794,325.79219171621446,700976.9718279432,917.1992398804989,700976.9718279432,917.1992398804989,17.902855713698802,0.0375232732631664,1.0060619089829077,3.930159179391051e-09,14.0,1184.7799072265625,35.309517035310435,4.962239173304624,649.2817614210603,0.0
2458312.0557241347,746060.1196178333,274.3680348950531,700439.9274820242,892.4744145650891,700439.9274820242,892.4744145650891,17.88970671664938,0.0371641965057086,1.0084175254277632,7.2941312924868545e-09,14.0,1192.362841796875,29.663532953698173,4.962239173304624,649.2817614210603,0.0
2458312.924730061,744445.5775296314,324.43188241028025,698739.7721076986,892.7922163548152,698739.7721076986,892.7922163548152,17.84808010206822,0.0371689759462035,0.977939658027841,6.212209095551911e-09,14.0,1270.2714599609376,35.87816172069424,4.962239173304624,649.2817614210603,0.0
2458313.1013006475,745272.6344183462,250.98813538942156,699610.6848107472,875.6903433134175,699610.6848107472,875.6903433134175,17.869403534015145,0.0369241655264534,0.9913805130727444,7.583482894405788e-09,14.0,1200.8189453125,26.809691699133783,4.962239173304624,649.2817614210603,0.0
2458313.9209882887,739907.5908438672,274.42495547300075,693961.1525171669,822.914821179079,693961.1525171669,822.914821179079,17.731080350793153,0.0361901686468303,0.982469804615438,7.1563989691935436e-09,14.0,1242.4027099609375,33.86943449205368,4.962239173304624,649.2817614210603,0.0
2458314.918063685,739230.7250764057,290.77942386059414,693248.3950234758,821.6820874287483,693248.3950234758,821.6820874287483,17.713629191959214,0.036173547270773,0.9718084271637568,7.931901792888018e-09,14.0,1272.8710205078123,36.18571027150912,4.962239173304624,649.2817614210603,0.0
2458317.0249600224,745786.1067883577,321.43441959185304,700151.3847502671,906.6380016374245,700151.3847502671,906.6380016374245,17.88264203464064,0.0373691760258106,0.9920060459287406,6.013180016710311e-09,14.0,1209.4902099609376,34.83553122919717,4.962239173304624,649.2817614210603,0.0
2458317.9105333406,747213.1219588001,390.99156824990285,701654.0693374325,952.0913470998022,701654.0693374325,952.0913470998022,17.91943377326148,0.0380406492427807,0.977291868677634,6.863834673259431e-09,14.0,1577.456201171875,40.92710061724832,4.962239173304624,649.2817614210603,0.0
2458327.944227847,786304.3769135256,3631.284851741379,742818.1911562819,4057.1308918482937,742818.1911562819,4057.1308918482937,18.92729638358616,0.1037886285296167,0.7463203276817447,7.867170011311915e-09,14.0,20965.8484375,117.42074812443832,4.962239173304624,649.2817614210603,0.0
2458328.0589822344,740047.4701636474,607.6890632135185,694108.4491277788,1002.8597537871111,694108.4491277788,1002.8597537871111,17.73468676190806,0.0388158972419643,0.8614219228031814,7.564304573375836e-09,14.0,12184.712109375,67.66524039392247,4.962239173304624,649.2817614210603,0.0
2458330.0407216707,739976.50054076,682.3656941975757,694033.7162442892,1054.1600540868362,694033.7162442892,1054.1600540868362,17.732857001531723,0.0396223963380957,0.6386116230272466,7.814634613522585e-09,14.0,6299.044140624999,56.09788077066949,4.962239173304624,649.2817614210603,4.0
2458330.87544986,747317.9171513779,464.72576189382227,701764.4214373667,989.2629254638173,701764.4214373667,989.2629254638173,17.922135634751054,0.0386050485918925,0.819468985657946,4.0040056165610235e-09,14.0,1275.2250732421876,40.69867663976326,4.962239173304624,649.2817614210603,0.0
2458332.017301899,746759.0711432907,374.5800668161702,701175.9418610133,939.7161324631131,701175.9418610133,939.7161324631131,17.907727297205156,0.0378557732155537,1.0062850241280048,3.334456389652415e-09,14.0,1771.653076171875,40.81685281657706,4.962239173304624,649.2817614210603,0.0
2458332.868409696,743532.664722325,262.0302590729619,697778.4508594179,859.3303584937598,697778.4508594179,859.3303584937598,17.82454310674698,0.0366932815226453,0.9780185457134596,6.096521158665027e-09,14.0,1379.5300781249998,28.886098219018216,4.962239173304624,649.2817614210603,0.0
2458335.9150463515,745110.7593971733,284.7183187977661,699440.2261468156,885.2106391480374,699440.2261468156,885.2106391480374,17.86523002304512,0.0370600212028899,0.9914206697316942,8.048276079781084e-09,14.0,1217.4246337890625,31.10403524373036,4.962239173304624,649.2817614210603,0.0
2458337.9020184106,744042.9664869951,269.4315435752629,698315.812067943,867.6759430076756,698315.812067943,867.6759430076756,17.8376998618624,0.0368107450775542,0.9951142139176028,8.059696339869015e-09,14.0,1236.6258544921875,30.170706939336373,4.962239173304624,649.2817614210603,0.0
2458338.9470829046,747236.0150492956,408.2286098612394,701678.1763651315,960.3300657082806,701678.1763651315,960.3300657082806,17.92002400987506,0.0381645907714113,1.0101954416013124,3.807657312778888e-09,14.0,1180.2409423828124,44.37042349095258,4.962239173304624,649.2817614210603,0.0
2458339.943551521,748090.2151885193,304.66812379600833,702577.6716263961,926.5074256272497,702577.6716263961,926.5074256272497,17.94204725735214,0.037659987125209,1.0026998369069906,4.094214027886497e-09,14.0,1171.6262451171874,31.34260398982309,4.962239173304624,649.2817614210603,0.0
2458339.9752682745,745237.8547392122,312.91858911977886,699574.0608919103,897.1368705005925,699574.0608919103,897.1368705005925,17.8685068337624,0.0372315274509604,0.9958584671288484,5.024263787605292e-09,14.0,1185.412109375,34.544959561530504,4.962239173304624,649.2817614210603,0.0
2458340.874712359,745992.8917617921,313.8234209440356,700369.1347776474,906.0157925392216,700369.1347776474,906.0157925392216,17.887973427642542,0.0373601054499966,0.9973034702016929,7.366709243864371e-09,14.0,1299.0365234375,34.040833969178024,4.962239173304624,649.2817614210603,0.0
2458341.8744127885,-387313769.23000604,-387313769.23000604,-387313769.23000604,-387313769.23000604,-387313769.23000604,-387313769.23000604,0.0,0.0,0.0010593157075447,-9999.99,14.0,-9999.99,-9999.99,-9999.99,-9999.99,7.0
2458343.033569966,746292.2945257504,236.09448936801516,700684.4137796337,882.9633617988403,700684.4137796337,882.9633617988403,17.895692720655045,0.037027731576338,0.9559645740205582,7.958060202447406e-09,14.0,1175.7367919921876,23.309299658696027,4.962239173304624,649.2817614210603,0.0
2458344.864310277,745170.127647713,420.78272228843343,699502.7424794382,944.0554820264178,699502.7424794382,944.0554820264178,17.86676067331533,0.0379206132395479,0.9494924156129876,6.232553515229925e-09,14.0,1585.11962890625,45.15732364485953,4.962239173304624,649.2817614210603,0.0
2458346.0284890654,746404.5248494986,310.45635746176356,700802.5952686624,909.3998310522603,700802.5952686624,909.3998310522603,17.898586276955086,0.0374093173684396,0.9726629617903514,6.567568216241321e-09,14.0,1153.5089599609375,32.379004199652805,4.962239173304624,649.2817614210603,0.0
2458347.899656635,746269.745258977,340.0582197096344,700660.6688073763,919.553832733075,700660.6688073763,919.553832733075,17.895111348609102,0.0375578336512297,0.985899031277456,7.379503424180393e-09,14.0,1643.1174072265626,36.40231247640825,4.962239173304624,649.2817614210603,0.0
2458347.973900866,745990.8530863762,403.3491592803526,700366.9879987012,944.4669907894574,700366.9879987012,944.4669907894574,17.887920865893676,0.0379266595923616,0.9902063287721692,7.946762098260492e-09,14.0,2316.4095703125,44.07703312718901,4.962239173304624,649.2817614210603,0.0
2458353.0118637346,741050.6941526267,497.63319188143885,695164.8704307468,943.0786776498624,695164.8704307468,943.0786776498624,17.76055218754978,0.0379067374982185,0.919522435182596,8.058244139821372e-09,14.0,7840.50625,57.55176117620542,4.962239173304624,649.2817614210603,0.0
2458353.977022094,757344.6425826628,764.8060762755196,712322.8275968923,1271.5720381831463,712322.8275968923,1271.5720381831463,18.180647715723836,0.0432779615246343,0.965262427746864,7.326878132078937e-09,14.0,8565.793359375,62.60715104224998,4.962239173304624,649.2817614210603,0.0
2458381.880057115,735374.5501074484,506.82893571761616,689187.74114166,894.1629152832429,689187.74114166,894.1629152832429,17.61420811748659,0.0371909159163248,0.8488586674651393,3.952183470858887e-09,14.0,4880.27587890625,62.14672620339271,4.962239173304624,649.2817614210603,0.0
2458390.8802764467,744628.0238633514,382.1108010777299,698931.8929059532,919.7342532831077,698931.8929059532,919.7342532831077,17.852783988867458,0.0375606801480598,0.9278399936436348,7.611956500790897e-09,14.0,1580.932373046875,40.08562026177577,4.962239173304624,649.2817614210603,0.0
2458398.88121171,745593.4003391417,303.18392022617013,699948.4597799646,897.4524216307541,699948.4597799646,897.4524216307541,17.8776736184269,0.0372360424906896,0.9411138829392366,5.086588281482095e-09,14.0,1745.042529296875,31.06323302656508,4.962239173304624,649.2817614210603,0.0
2458683.95987839,746332.4789029924,512.042665243938,700726.7289880326,1004.676615470528,700726.7289880326,1004.676615470528,17.89672876647624,0.0388430240798341,1.0112963872885223,5.489414004712384e-09,14.0,5137.55712890625,57.19343148641368,4.962239173304624,649.2817614210603,0.0
2458684.001649403,746278.4108977515,448.12520884447935,700669.7939534117,969.6428266356098,700669.7939534117,969.6428266356098,17.89533476874043,0.0383055752947277,1.0704941935293788,8.088349177707391e-09,14.0,5329.72568359375,53.0641126784037,4.962239173304624,649.2817614210603,0.0
2458685.014103376,740314.1049966785,361.73194194116144,694389.2226348136,863.8466480326504,694389.2226348136,863.8466480326504,17.74156122217119,0.0367574432472286,1.0288851093367628,7.990048236837577e-09,14.0,2320.7435546875,47.31053207666679,4.962239173304624,649.2817614210603,0.0
2458686.027501211,745315.7440819094,427.57652615040104,699656.0804227461,948.9879774034827,699656.0804227461,948.9879774034827,17.870515000456923,0.0379943287213153,0.7224670311961571,7.945757102222751e-09,14.0,2579.908740234375,34.21515400908178,4.962239173304624,649.2817614210603,0.0
2458687.9936070875,748521.113289371,375.27049482087,703031.4186840316,959.6111379613676,703031.4186840316,959.6111379613676,17.953156803085882,0.0381536618216949,1.0797418703165111,3.5166382384051197e-09,14.0,1293.5048095703123,42.12732602550679,4.962239173304624,649.2817614210603,0.0
2458688.893640899,744044.6441697208,293.49453952182324,698317.5787120736,876.3076388542859,698317.5787120736,876.3076388542859,17.837743116388083,0.0369331155662291,1.055414154388516,7.710079349440529e-09,14.0,1439.5008056640625,35.3168070886759,4.962239173304624,649.2817614210603,0.0
2458689.89128779,745323.2841325129,318.83428292761033,699664.020294769,900.4045950438651,699664.020294769,900.4045950438651,17.870709400332082,0.0372787744833221,1.035661314813688,7.999328347910556e-09,14.0,1329.7604736328126,36.6942559792812,4.962239173304624,649.2817614210603,0.0
2458691.960091004,744700.0842104552,267.9227697766212,699007.7743507912,874.6697188109405,699007.7743507912,874.6697188109405,17.854641870626878,0.03690973715816,1.0535717591044158,5.024930159356915e-09,14.0,1249.447509765625,31.4058635946578,4.962239173304624,649.2817614210603,0.0
2458692.882470164,743805.0897446302,334.7472138280626,698065.3215883734,889.9003453854959,698065.3215883734,889.9003453854959,17.831566851428903,0.0371274764501533,1.0168241069199684,5.170807349285134e-09,14.0,1328.1968261718748,39.256212417269005,4.962239173304624,649.2817614210603,0.0
2458694.0731958835,750159.4892413811,2292.6439051280486,704756.6717451504,2574.6370624608335,704756.6717451504,2574.6370624608335,17.995397909583957,0.069838341440165,0.0975542320537219,3.267501891447559e-09,14.0,887.2414916992187,20.81440896183552,4.962239173304624,649.2817614210603,4.0
2458694.931796272,744302.3710643413,300.7878733233782,698588.9719251699,881.9491254689385,698588.9719251699,881.9491254689385,17.844387909477067,0.0370134891117818,1.0324608919163305,6.875572642221801e-09,14.0,1303.6476806640626,35.157189644205694,4.962239173304624,649.2817614210603,0.0
2458696.8715228806,0.0,0.0,0.0,0.0,0.0,0.0,0.0,0.0,0.0,0.0,14.0,0.0,0.0,0.0,0.0,5.0
2458697.8687286936,745495.6411159053,266.65028446583796,699845.5167411978,883.3727629565593,699845.5167411978,883.3727629565593,17.87515316043625,0.0370336746902134,1.022221453538022,7.749756809498284e-09,14.0,1404.3048583984375,29.55749334534502,4.962239173304624,649.2817614210603,0.0
2458697.950557228,745658.6822716896,375.35331925008853,700017.2033756112,927.9287012823737,700017.2033756112,927.9287012823737,17.879356737043082,0.0376811770794356,1.034141530623035,7.646977201727223e-09,14.0,1232.3511962890625,43.24911727946456,4.962239173304624,649.2817614210603,0.0
2458699.9574479107,748146.4134025631,89.29597331532177,702636.849827034,874.9439255611632,702636.849827034,874.9439255611632,17.943496176778435,0.0369132825805384,0.9999997862604816,3.7281991774559825e-09,14.0,1231.943505859375,0.1638016703939525,4.962239173304624,649.2817614210603,0.0
2458700.049072216,746091.7434747878,340.76042230593555,700473.2282369266,917.8485938658401,700473.2282369266,917.8485938658401,17.890522052536035,0.037532839211245,0.9721657476267042,4.797053052367679e-09,14.0,1257.0739501953126,36.22088945246467,4.962239173304624,649.2817614210603,0.0
2458701.87067415,745402.7915133054,282.2606878355014,699747.7436623677,887.6729150493287,699747.7436623677,887.6729150493287,17.872759283776315,0.0370952732873252,1.0489875646282822,7.894979340083363e-09,14.0,1653.4318603515626,32.551115480079346,4.962239173304624,649.2817614210603,0.0
2458701.94519847,746106.8350631072,318.805361788656,700489.1200772043,909.2298520368325,700489.1200772043,909.2298520368325,17.890911148450567,0.0374068713993939,1.070435288717815,7.539512007464165e-09,14.0,1467.5490478515626,37.260333913005056,4.962239173304624,649.2817614210603,0.0
2458702.953737819,745727.3532847497,599.8197003921483,700089.5157623662,1051.2734527890614,700089.5157623662,1051.2734527890614,17.88112723396256,0.0395754317986546,0.6753105198701586,7.805440395617403e-09,14.0,3771.092626953125,45.17650853012046,4.962239173304624,649.2817614210603,4.0
2458703.9509309726,742838.0250670023,345.9093677368272,697046.9769933318,884.0056959136252,697046.9769933318,884.0056959136252,17.806633696136878,0.0370431267120695,1.0061816209168613,8.082510125914686e-09,14.0,2533.605419921875,41.30216423709338,4.962239173304624,649.2817614210603,0.0
2458704.03026897,744205.5743956176,340.4860426415467,698487.0424816763,896.7384496514404,698487.0424816763,896.7384496514404,17.841892268359288,0.0372259151698542,1.0087832222595654,6.484461499270481e-09,14.0,3253.811474609375,39.0679165195387,4.962239173304624,649.2817614210603,0.0
2458704.052236747,740907.0133773317,383.20398393105756,695013.570787281,880.3125064534022,695013.570787281,880.3125064534022,17.756847766153996,0.0369907524389092,1.0153581045539084,8.056306084755271e-09,14.0,3245.278759765625,48.92019917461426,4.962239173304624,649.2817614210603,0.0
2458709.945232063,741408.9123083049,837.0488842351994,695542.0835904452,1182.5580667216739,695542.0835904452,1182.5580667216739,17.769787876858434,0.0417381268339695,0.2573864440653163,7.0716495858483116e-09,14.0,1384.3531005859377,25.44189196306978,4.962239173304624,649.2817614210603,0.0
2458709.947752894,742989.0095079445,457.07223106613424,697205.9675892305,939.8778378274211,697205.9675892305,939.8778378274211,17.810526422859073,0.0378586774518151,1.0479728553410366,7.828185463556264e-09,14.0,5618.76708984375,57.55367763387318,4.962239173304624,649.2817614210603,0.0
2458710.0229370915,749745.7825549602,932.9473410334554,704321.027700035,1325.2846537206726,704321.027700035,1325.2846537206726,17.984731598119463,0.0442331084080132,1.0356131084351563,7.183893273973061e-09,14.0,11463.419921875,99.9934295198813,4.962239173304624,649.2817614210603,0.0
2458711.9638633817,748728.9930473913,530.08106711428,703250.3215484372,1039.5843650905233,703250.3215484372,1039.5843650905233,17.958516422156542,0.0393896568673427,0.9709574436446976,2.1859320130940006e-09,14.0,4597.78994140625,53.83801705315154,4.962239173304624,649.2817614210603,0.0
2458714.9634998217,0.0,0.0,0.0,0.0,0.0,0.0,0.0,0.0,0.0,0.0,14.0,0.0,0.0,0.0,0.0,5.0
2458717.925540876,746493.2547785486,402.6389675157249,700896.0302226593,949.5968213026287,700896.0302226593,949.5968213026287,17.900873938940087,0.0380033175355477,0.983222795962083,3.232026887546075e-09,14.0,1262.9380615234377,43.26392766767967,4.962239173304624,649.2817614210603,0.0
2458724.903081949,744505.7410229802,318.50442175144457,698803.1258519599,891.0961653252874,698803.1258519599,891.0961653252874,17.84963125553011,0.0371445609394998,0.9959625538468202,6.1727614563014554e-09,14.0,1383.30517578125,35.92588924395435,4.962239173304624,649.2817614210603,0.0
2458727.8690695893,744936.9538155784,309.82340150727646,699257.2042882986,892.5503362909562,699257.2042882986,892.5503362909562,17.860748914742036,0.0371654253714385,0.9994426682169376,8.078508126413309e-09,14.0,1618.8579833984377,34.563854062078654,4.962239173304624,649.2817614210603,0.0
2458728.93854045,746029.7283062348,320.3475672556855,700407.9246298692,908.959988570692,700407.9246298692,908.959988570692,17.888923158621527,0.037402947939012,1.0101777821122158,2.3908906519110263e-09,14.0,1359.15029296875,35.31626171400871,4.962239173304624,649.2817614210603,0.0
2458734.884355881,0.0,0.0,0.0,0.0,0.0,0.0,0.0,0.0,0.0,0.0,14.0,0.0,0.0,0.0,0.0,5.0
2458734.8881464624,0.0,0.0,0.0,0.0,0.0,0.0,0.0,0.0,0.0,0.0,14.0,0.0,0.0,0.0,0.0,5.0
2458736.8701765398,747456.5714687278,445.4189427837098,701910.4280881304,980.8524351098102,701910.4280881304,980.8524351098102,17.925710462481163,0.0384761745566307,0.986360997967811,2.7996531263792303e-09,14.0,5072.2708984375,47.1378744302946,4.962239173304624,649.2817614210603,0.0
2458736.873974359,-387313769.23000604,-387313769.23000604,-387313769.23000604,-387313769.23000604,-387313769.23000604,-387313769.23000604,0.0,0.0,-9999.99,-9999.99,14.0,-9999.99,-9999.99,-9999.99,-9999.99,5.0
2458739.8952823174,748026.4775683014,514.0164338318272,702510.5542323363,1023.283251859963,702510.5542323363,1023.283251859963,17.940403954665566,0.0391329764541151,1.0148645387576152,2.799060059021921e-09,14.0,4024.749853515625,55.57828215643505,4.962239173304624,649.2817614210603,0.0
2458739.899066556,748825.4858591618,528.6004013631293,703351.9310225503,1039.747965319896,703351.9310225503,1039.747965319896,17.961004229142063,0.0393922408034098,1.0153558518197785,3.1652177497427932e-09,14.0,4064.4443359375,56.11620262211997,4.962239173304624,649.2817614210603,0.0
2458749.879510217,745123.8326269231,388.3654379416982,699453.9926023211,928.0192453914001,699453.9926023211,928.0192453914001,17.865567081025905,0.037682578806663,0.9448867464474098,6.433696679866333e-09,14.0,1547.7007568359377,41.23475311171715,4.962239173304624,649.2817614210603,0.0
2458749.883298716,746504.6518779154,346.3895062576012,700908.0316686928,924.7977301120427,700908.0316686928,924.7977301120427,17.901167782418153,0.0376349157960128,0.9579411919005424,4.424058604902689e-09,14.0,1471.5096435546875,35.683078410559794,4.962239173304624,649.2817614210603,0.0
2458751.880238783,742584.115158322,1219.3700617671989,696779.6031670363,1514.138903052535,696779.6031670363,1514.138903052535,17.800087313738928,0.0477292454581161,0.1508631514105378,6.9406889830277205e-09,14.0,1387.2289794921876,20.44550313129501,4.962239173304624,649.2817614210603,4.0
2458751.884020771,749305.9891606339,2418.297454864127,703857.9136639126,2695.637126433645,703857.9136639126,2695.637126433645,17.973392711227167,0.0725236356276409,0.0861200794068598,6.7497617957345565e-09,14.0,1244.54482421875,19.512538397006587,4.962239173304624,649.2817614210603,4.0
2458753.8809705013,747736.1132626991,1330.3053467945629,702204.792965232,1646.312650085319,702204.792965232,1646.312650085319,17.932917693932104,0.0502836567532336,0.1942122545745753,3.515314130183999e-09,14.0,1363.2976562499998,26.377099927318216,4.962239173304624,649.2817614210603,4.0
2458753.8847568664,752249.6546559746,2252.7473673935997,706957.6710184537,2544.5162577864453,706957.6710184537,2544.5162577864453,18.04928718925027,0.0691734108699328,0.1098566484494261,2.797271828995971e-09,14.0,1171.5250244140625,22.107414941021304,4.962239173304624,649.2817614210603,4.0
2458591.162630231,727726.6058745619,406.2014133435531,656502.2041384378,868.2422680195552,656502.2041384378,868.2422680195552,16.724708526293817,0.0448331416844809,1.0485165250308277,2.2470864184876406e-10,14.0,3609.13798828125,65.87771611021378,4.07370564492976,650.082901696484,0.0
2458565.280096771,727003.8936795475,442.0078870975684,655709.5119585521,888.9411366489127,655709.5119585521,888.9411366489127,16.705885924297153,0.0450615788877716,0.8497752451242319,3.0885025234992163e-10,14.0,4497.482031250001,60.97556268710064,4.07370564492976,650.082901696484,0.0
2458587.1731587616,727853.4721968501,405.2314397245051,656641.3548851148,867.7439900188666,656641.3548851148,867.7439900188666,16.72801268292446,0.0448276502423696,0.9585398021750802,2.2249174887414617e-10,14.0,2017.3308349609372,59.59299609276191,4.07370564492976,650.082901696484,0.0
2458573.2060149047,726527.9954051636,493.43925959676136,655187.5326103016,921.0132964277165,655187.5326103016,921.0132964277165,16.693491441581312,0.0454235107538607,0.8211339242002658,3.4319130864851057e-10,14.0,2629.02587890625,68.72760226011165,4.07370564492976,650.082901696484,0.0
2458592.2206372973,727888.0939989785,393.2664123002389,656679.3291049914,861.1102423883782,656679.3291049914,861.1102423883782,16.728914386820385,0.0447554521304622,1.0654375900183193,1.8058194771543852e-10,14.0,3579.14541015625,63.601891615397086,4.07370564492976,650.082901696484,0.0
2458580.231848519,0.0,0.0,0.0,0.0,0.0,0.0,0.0,0.0,0.0,0.0,14.0,0.0,0.0,0.0,0.0,5.0
2458593.1534094466,727168.5390817327,559.6344633081263,655890.0999210444,965.3758850475017,655890.0999210444,965.3758850475017,16.710174014213564,0.0459396753868245,1.0048229921311689,3.4107732739698475e-10,14.0,7875.05283203125,96.69979115361836,4.07370564492976,650.082901696484,0.0
2458585.178480116,727345.2652086508,387.22298374870365,656083.9383808852,857.6584829686282,656083.9383808852,857.6584829686282,16.714776739298795,0.0447182924879589,1.0118691749423412,3.25978589832353e-10,14.0,2091.698681640625,60.04178107548852,4.07370564492976,650.082901696484,0.0
2458586.175836738,726642.8786574673,503.0843590228861,655313.539970257,927.2364034167739,655313.539970257,927.2364034167739,16.696483506402007,0.0454947873206431,0.5300495161923543,3.3925107329921577e-10,14.0,1701.4353271484374,44.57027704142264,4.07370564492976,650.082901696484,4.0
2458594.253389277,724315.6284188378,545.4280221110746,652760.942854107,957.5682358240398,652760.942854107,957.5682358240398,16.635871681542056,0.0458488499950023,0.9562716763607731,3.3748955107146737e-10,14.0,4955.06923828125,96.65520271170462,4.07370564492976,650.082901696484,0.0
2458595.148103528,701875.3805563743,898.9243558998775,628147.8131490872,1356.1602297438324,628147.8131490872,1356.1602297438324,16.051428998637945,0.0512276703892405,0.6144330840695833,1.759202541991554e-10,14.0,24074.444140625,185.8858011818932,4.07370564492976,650.082901696484,6.0
2458600.134669745,727523.8657311616,704.1199619517879,656279.8327334295,1073.1695690224053,656279.8327334295,1073.1695690224053,16.719428281883534,0.0472687845105254,0.919584994274233,3.310334345825101e-10,14.0,3815.508642578125,113.6146183650447,4.07370564492976,650.082901696484,0.0
2458602.1896979986,721286.3679076174,436.226145985228,649438.360040853,894.8733865026926,649438.360040853,894.8733865026926,16.556976423733655,0.0451310006045428,1.00066519581807,3.405609037126789e-10,14.0,2706.39443359375,84.08578932925754,4.07370564492976,650.082901696484,0.0
2458603.199102357,722078.7740239474,693.7268071095099,650307.4945816043,1070.801749793985,650307.4945816043,1070.801749793985,16.57761416175759,0.0472413148818064,0.802625892713379,3.4110769851095264e-10,14.0,2635.281689453125,112.43893471251876,4.07370564492976,650.082901696484,0.0
2458610.1762066293,728061.8802634614,405.37339701880666,656869.9430364809,867.9209181253974,656869.9430364809,867.9209181253974,16.733440544966623,0.0448294978454743,1.0558340067918033,2.0100265408238644e-10,14.0,2207.288671875,65.53503470376329,4.07370564492976,650.082901696484,0.0
2458611.1635579737,726827.3178669364,389.5031411596938,655515.8383679029,858.9126557647558,655515.8383679029,858.9126557647558,16.701287114057124,0.0447320916104025,1.0458383300082783,3.3426758864437566e-10,14.0,2124.283203125,63.79301902023327,4.07370564492976,650.082901696484,0.0
2458616.2637964017,726111.4804117151,401.37560802057556,654730.6866066089,865.7307032590223,654730.6866066089,865.7307032590223,16.682643560500274,0.0448064734457131,1.0156818765778792,3.370066951752582e-10,14.0,2739.571142578125,66.08734649572644,4.07370564492976,650.082901696484,0.0
2458618.0908732787,726020.6847866466,396.327234993046,654631.0992709369,862.9828445582235,654631.0992709369,862.9828445582235,16.68027884336185,0.0447766197829641,0.9996673179999288,3.2886567722794676e-10,14.0,3044.835400390625,63.923646514428434,4.07370564492976,650.082901696484,0.0
2458619.088185861,728882.6911723983,413.25501001508707,657770.2327965935,872.998372015875,657770.2327965935,872.998372015875,16.75481806863375,0.0448847418186805,1.0266949133499548,2.1567065475178224e-10,14.0,3374.31708984375,63.57875969762155,4.07370564492976,650.082901696484,0.0
2458626.1943083266,-387313769.23000604,-387313769.23000604,-387313769.23000604,-387313769.23000604,-387313769.23000604,-387313769.23000604,0.0,0.0,1.0322423789691657,-9999.99,14.0,-9999.99,-9999.99,-9999.99,-9999.99,3.0
2458627.1870316765,729003.2535481555,410.6452381246037,657902.469187664,871.6381905776738,657902.469187664,871.6381905776738,16.75795804278986,0.0448697917417091,1.0395915413906784,1.7035017635667132e-10,14.0,4558.27578125,63.69509543608688,4.07370564492976,650.082901696484,0.0
2458628.0601830976,728826.6197793618,470.20415120716234,657708.7320289542,906.9503841099395,657708.7320289542,906.9503841099395,16.75335772311612,0.0452627425622028,1.0286053772199024,2.133800534677444e-10,14.0,4011.332470703125,76.14986691463572,4.07370564492976,650.082901696484,0.0
2458629.0576769784,727414.4319352474,405.1466698613693,656159.8024989389,867.57172120603,656159.8024989389,867.57172120603,16.716578144858456,0.0448259528092909,1.004295218933639,3.4274093566722154e-10,14.0,3130.273876953125,63.320061134988045,4.07370564492976,650.082901696484,0.0
2458629.251473928,727563.4371596779,375.923240248425,656323.2358503938,851.6296352357516,656323.2358503938,851.6296352357516,16.72045889580501,0.0446531865726724,1.0158384180474085,3.304349351722053e-10,14.0,3228.53232421875,57.19898508820906,4.07370564492976,650.082901696484,0.0
2458630.1911054133,0.0,0.0,0.0,0.0,0.0,0.0,0.0,0.0,0.0,0.0,14.0,0.0,0.0,0.0,0.0,5.0
2458631.0955069764,727681.7644543857,390.29553648054235,656453.0207382494,859.4057429929429,656453.0207382494,859.4057429929429,16.723540658627037,0.0447370602073644,1.0245210374621492,2.2404436142933268e-10,14.0,2276.28271484375,60.86023749966668,4.07370564492976,650.082901696484,0.0
2458639.0345747788,724552.9248878385,460.4650924540807,653021.2166623937,901.9398785433746,653021.2166623937,901.9398785433746,16.642051924551694,0.0452082013424468,0.9491235085746942,3.3578329666746537e-10,14.0,2505.986376953125,77.40860449212599,4.07370564492976,650.082901696484,0.0
2458641.181412755,726630.7257648531,358.35284044130015,655300.2103170361,842.4857497867481,655300.2103170361,842.4857497867481,16.696166991664395,0.0445556919405658,1.028151555745337,3.0501547579415677e-10,14.0,2144.12880859375,55.58485118686215,4.07370564492976,650.082901696484,0.0
2458647.013042252,729514.6903306345,5593.649346787446,658463.4282260942,6180.583984364518,658463.4282260942,6180.583984364518,16.77127810445405,0.1520628111630053,0.0935585686463508,3.4295883245922945e-10,14.0,10388.737890625,91.56473108334129,4.07370564492976,650.082901696484,4.0
2458653.989989757,751645.0148564472,1619.2434646444337,682736.6248193965,2000.8322504735547,682736.6248193965,2000.8322504735547,17.34764902150794,0.0619876102047985,0.9787290424774964,3.0492500990237366e-10,14.0,10704.7404296875,159.96759631482587,4.07370564492976,650.082901696484,0.0
2458655.006783694,727140.3374790363,445.10225133169064,655859.1675664061,890.792331970443,655859.1675664061,890.792331970443,16.709439520528694,0.0450821263075972,1.0114543389346295,3.2689477100315703e-10,14.0,7074.87236328125,73.1735958855555,4.07370564492976,650.082901696484,0.0
2458656.040377924,727183.486111174,441.3965133162962,655906.494266445,888.5719934407302,655906.494266445,888.5719934407302,16.710563300554853,0.0450573949012077,1.0159166473975891,3.2427441811607113e-10,14.0,4872.89482421875,72.6902180374282,4.07370564492976,650.082901696484,0.0
2458661.927114698,723795.8246333948,560.1815035259091,652190.8066385583,968.5676093527758,652190.8066385583,968.5676093527758,16.622333706346314,0.045979229652225,0.8156408309142853,3.423734800509362e-10,14.0,2398.731005859375,85.713824868068,4.07370564492976,650.082901696484,0.0
2458673.9391435347,0.0,0.0,0.0,0.0,0.0,0.0,0.0,0.0,0.0,0.0,14.0,0.0,0.0,0.0,0.0,5.0
2458684.005597111,727394.7764500165,456.2818033277555,656138.243779518,897.590236386327,656138.243779518,897.590236386327,16.716066229633977,0.0451579771343009,1.082089422699178,3.3609420962998517e-10,14.0,5554.345703125,80.34440973157264,4.07370564492976,650.082901696484,0.0
2458685.0180539647,0.0,0.0,0.0,0.0,0.0,0.0,0.0,0.0,0.0,0.0,14.0,0.0,0.0,0.0,0.0,5.0
2458686.031455878,726152.8936090206,564.6673551036241,654776.1098302313,969.1358302105436,654776.1098302313,969.1358302105436,16.683722142175913,0.0459847454886993,0.5899364466403421,2.9122199416260805e-10,14.0,3680.78486328125,58.269997723326014,4.07370564492976,650.082901696484,4.0
2458687.997552845,729409.3584150199,393.11008677461086,658347.8970556279,862.3352710679043,658347.8970556279,862.3352710679043,16.768534798420426,0.0447681861175405,1.0791895355290326,2.2168768441770855e-10,14.0,2088.89287109375,61.24554496916494,4.07370564492976,650.082901696484,0.0
2458688.897596721,724350.1153704039,393.51452583044306,652798.7691658848,863.275144613813,652798.7691658848,863.275144613813,16.636769873336625,0.044780679022257,1.070105900755583,3.3164015998230407e-10,14.0,2342.087060546875,71.6391967936038,4.07370564492976,650.082901696484,0.0
2458689.895243366,727369.2986262065,369.2121385151618,656110.298946382,848.0526012471703,656110.298946382,848.0526012471703,16.71540267512274,0.0446148679509203,1.0485882711205294,3.3942746160852766e-10,14.0,2185.790966796875,57.91753576933628,4.07370564492976,650.082901696484,0.0
2458691.9640365057,726953.7050569302,347.2428964378228,655654.4635880626,836.8062740902551,655654.4635880626,836.8062740902551,16.704578791976974,0.0444951567683166,1.0515011828830414,3.4397704822083e-10,14.0,1907.3765625,53.44018007824214,4.07370564492976,650.082901696484,0.0
2458692.886415625,726097.3315216675,416.871463030357,654715.1676841778,874.5042343652797,654715.1676841778,874.5042343652797,16.68227506121675,0.044902441779117,1.0374040530889088,3.4171815953498455e-10,14.0,2068.01865234375,71.16465921858773,4.07370564492976,650.082901696484,0.0
2458694.077161752,721602.8911888963,1507.6710283592097,649785.5321676737,1817.881952016814,649785.5321676737,1817.881952016814,16.565220081149846,0.0587244904865783,0.0714454397553301,1.821880599318287e-10,14.0,1207.3160400390625,20.328104300975767,4.07370564492976,650.082901696484,4.0
2458694.9357694057,725721.8962834775,341.4097549438175,654303.3791749763,834.4858739976427,654303.3791749763,834.4858739976427,16.672497077514915,0.0444711688895531,1.0289585705185065,3.3937468435967543e-10,14.0,2065.2728515625,53.11391769657263,4.07370564492976,650.082901696484,0.0
2458696.875474429,0.0,0.0,0.0,0.0,0.0,0.0,0.0,0.0,0.0,0.0,14.0,0.0,0.0,0.0,0.0,5.0
2458697.872682757,726899.5892602168,358.92463911587026,655595.1077764973,842.7215863354838,655595.1077764973,842.7215863354838,16.703169378782757,0.0445580833142775,1.0437841177879192,3.419549508416666e-10,14.0,2251.868359375,56.10857587822559,4.07370564492976,650.082901696484,0.0
2458697.9545110115,726602.2093763486,345.76383237158717,655268.9326959824,836.1415566016371,655268.9326959824,836.1415566016371,16.695424299573528,0.0444882716120703,1.0610918835635024,3.3643324170243355e-10,14.0,1897.6083251953123,54.23410301729469,4.07370564492976,650.082901696484,0.0
2458699.9614029503,730079.581012072,229.19522534615092,659083.0170869926,789.062675985369,659083.0170869926,789.062675985369,16.785990340585773,0.0439993896968158,0.9999248402751092,2.1873168827360252e-10,14.0,1872.1261962890624,0.3592940705055532,4.07370564492976,650.082901696484,0.0
2458700.0530265467,727403.1209512693,371.4218224151875,656147.3962760913,849.2175992077645,656147.3962760913,849.2175992077645,16.71628355712205,0.0446273461248571,1.0488549583679738,1.9634162438235775e-10,14.0,1997.519921875,58.45057332365182,4.07370564492976,650.082901696484,0.0
2458701.874620201,727888.9821955963,390.9688827844466,656680.3033053965,859.8510770516968,656680.3033053965,859.8510770516968,16.728937519364088,0.0447417998317274,1.0721611475891517,2.2495920753565847e-10,14.0,2274.5909179687496,63.56603303256279,4.07370564492976,650.082901696484,0.0
2458701.9491573027,727131.0552708317,380.4975779451787,655848.9865650252,854.0163362845394,655848.9865650252,854.0163362845394,16.709197771030226,0.0446790665649869,1.0875936465272555,2.8700800443074524e-10,14.0,2047.7220703125,63.35648613972961,4.07370564492976,650.082901696484,0.0
2458702.95769909,727334.7358497276,4430.876868985872,656072.3894675899,4916.704815376669,656072.3894675899,4916.704815376669,16.714502508514173,0.123349358929469,0.0961715105809933,3.1467268024283397e-10,14.0,7253.199023437499,78.307935009,4.07370564492976,650.082901696484,4.0
2458703.95489544,725330.5762756048,381.6837927929092,653874.1677790516,855.5788441833904,653874.1677790516,855.5788441833904,16.66230538459436,0.0446967851957984,1.0154722465657149,3.304597085217701e-10,14.0,2815.75712890625,63.12578361966973,4.07370564492976,650.082901696484,0.0
2458704.0561986878,722441.6758333053,402.84238162383133,650705.5360541692,872.4390953712311,650705.5360541692,872.4390953712311,16.587065719886162,0.0448818648880989,1.0295138330016995,3.4271277444476924e-10,14.0,3899.775341796875,75.71375661777688,4.07370564492976,650.082901696484,0.0
2458709.951713852,725050.078114563,357.1032424236265,653566.5090730494,843.0304935233082,653566.5090730494,843.0304935233082,16.654999979645467,0.0445622926154775,1.0717510117959097,3.3302256378966313e-10,14.0,4501.6646484375,60.890303881514114,4.07370564492976,650.082901696484,0.0
2458710.026896933,725330.8802450842,526.1116503420831,653874.501181796,943.2633406343037,653874.501181796,943.2633406343037,16.6623133012956,0.0456808080957139,1.0618627174292845,3.4308018407720865e-10,14.0,10459.620703125,99.7971827407082,4.07370564492976,650.082901696484,0.0
2458711.9678325304,728002.1085416691,397.30638391540015,656804.3836384652,863.3910340003652,656804.3836384652,863.3910340003652,16.73188382662462,0.0447801749791936,1.0373664461752103,2.2500264031200172e-10,14.0,3622.7419921875,62.613521086512485,4.07370564492976,650.082901696484,0.0
2458714.967448322,0.0,0.0,0.0,0.0,0.0,0.0,0.0,0.0,0.0,0.0,14.0,0.0,0.0,0.0,0.0,5.0
2458717.9294874584,726917.3168870828,396.20344297207,655614.5519636602,862.5784598379662,655614.5519636602,862.5784598379662,16.70363108410218,0.0447718051116413,0.98652016612157,2.855458546114569e-10,14.0,2008.1624755859373,61.42333900454504,4.07370564492976,650.082901696484,0.0
2458724.907034078,726979.4497831129,375.4393928156886,655682.7011676404,851.32543882466,655682.7011676404,851.32543882466,16.705249297799057,0.0446501694301962,1.0096743211597192,3.2475343880065383e-10,14.0,2188.65546875,57.94853776135756,4.07370564492976,650.082901696484,0.0
2458727.87302039,726338.5000492934,381.4817244028433,654979.6884812572,854.723655092648,654979.6884812572,854.723655092648,16.688556149651323,0.0446870554049097,1.0149086725646008,3.3203888993342084e-10,14.0,2327.68154296875,61.01581982130446,4.07370564492976,650.082901696484,0.0
2458728.9424985447,726842.2018108813,350.2053792198195,655532.1635192597,838.3052840631051,655532.1635192597,838.3052840631051,16.701674757374825,0.0445111138728481,1.0216905673167445,3.275710032456717e-10,14.0,2248.712060546875,52.87358651955386,4.07370564492976,650.082901696484,0.0
2458734.891497464,0.0,0.0,0.0,0.0,0.0,0.0,0.0,0.0,0.0,0.0,14.0,0.0,0.0,0.0,0.0,5.0
2458736.8779243086,728946.2857744162,401.7510947290187,657839.9852430728,866.5781876659936,657839.9852430728,866.5781876659936,16.756474351578998,0.0448145166310568,0.996540013500942,2.0597133742976376e-10,14.0,3991.6366699218743,59.13416727484272,4.07370564492976,650.082901696484,0.0
2458736.881707732,728723.923186506,405.60237559544794,657596.0913586854,868.5203838272017,657596.0913586854,868.5203838272017,16.750683052469807,0.0448357910618342,0.9963850230443154,1.856133513883455e-10,14.0,4579.3134765625,60.52067963332991,4.07370564492976,650.082901696484,0.0
2458739.9030415327,728225.087900971,462.2061862607568,657048.9540160163,901.5356207705416,657048.9540160163,901.5356207705416,16.737691189171677,0.0452019330966613,1.0277030080003349,2.1016556491482692e-10,14.0,3856.12646484375,75.794937492567,4.07370564492976,650.082901696484,0.0
2458739.906826064,728537.8438394374,460.75762077427885,657391.9940094542,900.855573798528,657391.9940094542,900.855573798528,16.745836728422923,0.0451941694717083,1.0268519002225622,2.1644955566152456e-10,14.0,4071.3736328125,74.67225698510259,4.07370564492976,650.082901696484,0.0
2458749.8872559583,726833.7613816962,354.89728452183755,655522.9058060843,840.6771870412366,655522.9058060843,840.6771870412366,16.70145493150178,0.044536333459631,0.979850138220322,2.88594060970186e-10,14.0,2256.914208984375,51.73472043352825,4.07370564492976,650.082901696484,0.0
2458749.891050808,726891.4663881938,345.93183155680805,655586.1983694397,836.160308186299,655586.1983694397,836.160308186299,16.702957823493925,0.0444883372987851,0.9775876804895058,3.4004081638405686e-10,14.0,2244.6698242187504,49.39098253751368,4.07370564492976,650.082901696484,0.0
2458751.887972704,737501.1046070437,4373.809666312236,667223.1643782116,4860.255349109736,667223.1643782116,4860.255349109736,16.979279433810856,0.1220807220890566,0.0600143276290091,2.5434613012366576e-10,14.0,1886.197607421875,36.722812782995575,4.07370564492976,650.082901696484,4.0
2458751.891760173,882363.7669594456,411384.2300014048,826112.8308269634,451232.10196817695,826112.8308269634,451232.10196817695,20.752139856600124,10.71465407061453,0.0182229872684489,3.4068172413076836e-10,14.0,1638.58076171875,33.245802702785454,4.07370564492976,650.082901696484,6.0
2458753.888711994,730021.8234723393,639.7797583112161,659019.6669036259,1025.5160351243856,659019.6669036259,1025.5160351243856,16.784486080397286,0.0466676301860705,0.3924629832142162,1.9571766197856344e-10,14.0,2122.2431640625,39.530987267670696,4.07370564492976,650.082901696484,4.0
2458753.892497065,728691.8318681428,405.1371666988418,657560.8926484887,868.2306160705665,657560.8926484887,868.2306160705665,16.74984725349304,0.0448326383846534,0.9522586090771544,1.9676315288480567e-10,14.0,2268.424267578125,57.51170394729162,4.07370564492976,650.082901696484,0.0
2457845.121757678,727658.6227778428,2143.0270553399246,656427.6382607545,2465.8314641744187,656427.6382607545,2465.8314641744187,16.722937947658398,0.0708043515331786,0.0543747439882819,3.36906010903848e-10,14.0,762.9839477539062,18.779730464946635,4.07370564492976,650.082901696484,4.0
2457845.1353422287,725478.793361498,511.4402453075335,654036.7366767725,933.3719189013082,654036.7366767725,933.3719189013082,16.666165608949395,0.0455660308775743,0.5078518523710168,3.031711682286451e-10,14.0,1694.2884765625,44.92449713015541,4.07370564492976,650.082901696484,4.0
2457852.13729299,729791.1125063094,514.4223932143811,658766.6162704033,936.478660230951,658766.6162704033,936.478660230951,16.778477352829373,0.0456001948162319,0.6520646078472279,1.3289610126917904e-10,14.0,3461.627392578125,51.82298075160079,4.07370564492976,650.082901696484,4.0
2457871.278150946,724791.2045377656,439.07012569651755,653282.5688526926,888.6898754361844,653282.5688526926,888.6898754361844,16.648257773913873,0.0450598744795892,0.5828822165711318,3.2092737873299666e-10,14.0,2061.948046875,43.55528670813926,4.07370564492976,650.082901696484,4.0
2457889.00495306,726024.6168644184,763.5611235183425,654635.4120905104,1121.2352140940764,654635.4120905104,1121.2352140940764,16.68038125194917,0.0478943596141531,0.5639974303737495,3.2773787271764516e-10,14.0,9921.4626953125,78.67395303419191,4.07370564492976,650.082901696484,4.0
2457890.1982964505,727158.2393146879,768.7299215697577,655878.8028309338,1125.210777836253,655878.8028309338,1125.210777836253,16.70990576301056,0.0479464086352471,0.4468249658138936,2.045511413696516e-10,14.0,6123.394824218751,60.662343805589984,4.07370564492976,650.082901696484,4.0
2457895.1552225137,728144.2178790022,532.563251574771,656960.2533763371,947.038748377272,656960.2533763371,947.038748377272,16.73558497836262,0.0457235703225117,0.5198392227768058,3.2693283110536794e-10,14.0,1783.143798828125,44.82507149827917,4.07370564492976,650.082901696484,4.0
2457896.0347279334,725492.232325968,421.5269505550551,654051.476931766,877.635184054184,654051.476931766,877.635184054184,16.666515618650646,0.0449371728336759,0.6136693937902428,3.3236545352407847e-10,14.0,2208.6625000000004,42.56187792089898,4.07370564492976,650.082901696484,4.0
2457900.11572192,727181.8807197182,527.629688696875,655904.7334254612,943.444959524914,655904.7334254612,943.444959524914,16.710521489105393,0.0456820530983991,0.6341267095196055,3.2003675973595356e-10,14.0,1806.89111328125,56.15686394887835,4.07370564492976,650.082901696484,4.0
2457902.156083203,725777.2585675588,434.1019124143013,654364.1021708726,884.7433169062883,654364.1021708726,884.7433169062883,16.673938954718697,0.0450155506153806,0.6067577630858562,3.3550395728887314e-10,14.0,2026.4346435546877,43.38167513803345,4.07370564492976,650.082901696484,4.0
2457902.1717774514,725056.6972224368,478.9578871441342,653573.7691069682,912.825131688125,653573.7691069682,912.825131688125,16.655172370306566,0.0453309485841185,0.6103813160659471,3.4029421861005616e-10,14.0,1969.2150634765624,50.85298892176079,4.07370564492976,650.082901696484,4.0
2457903.0607678704,728282.2455874634,443.84233451137834,657111.6462625499,890.4002037167048,657111.6462625499,890.4002037167048,16.739179826545325,0.0450772900748671,0.6278594179365218,3.2191092751308633e-10,14.0,2027.5986816406248,42.85464726828464,4.07370564492976,650.082901696484,4.0
2457918.0621215305,745533.6356408898,1020.3218330139007,676033.4827582663,1404.7089209543324,676033.4827582663,1404.7089209543324,17.188481846222,0.0519376397183231,0.5957504355484405,1.9720176571679484e-10,14.0,10247.1103515625,68.19097473898368,4.07370564492976,650.082901696484,4.0
2457920.1542458525,729456.3243735292,733.2271054146112,658399.4107125005,1097.5401643051568,658399.4107125005,1097.5401643051568,16.769757998403094,0.0475825627918648,0.4565937618649619,1.4728973816680082e-10,14.0,3252.992333984376,55.37704785905447,4.07370564492976,650.082901696484,4.0
2457927.995136189,724945.8295809177,691.4345993091796,653452.1661880728,1064.2615985346279,653452.1661880728,1064.2615985346279,16.65228488963995,0.0471562658813276,0.3060910808375551,3.309185510448505e-10,14.0,1617.9375,38.323578443058594,4.07370564492976,650.082901696484,4.0
2457931.0506606214,723810.1896733454,525.7638069429712,652206.5626406168,945.0461056636117,652206.5626406168,945.0461056636117,16.622707835123332,0.0457024079174912,0.6095927974533198,3.4256580256909507e-10,14.0,1872.405737304688,59.06118187826706,4.07370564492976,650.082901696484,4.0
2457934.1308209263,724287.8017830995,483.93866182235297,652730.4217743538,916.9883625366892,652730.4217743538,916.9883625366892,16.635146953644806,0.0453787189136528,0.5624670735853212,3.3493069587002763e-10,14.0,1825.5365234375,48.23684482446172,4.07370564492976,650.082901696484,4.0
2457936.970802996,0.0,0.0,0.0,0.0,0.0,0.0,0.0,0.0,0.0,0.0,14.0,0.0,0.0,0.0,0.0,5.0
2457937.0645583062,728766.3964284455,561.086893702777,657642.6772707155,967.0662964951797,657642.6772707155,967.0662964951797,16.75178924236677,0.0459590926834189,0.6348935128478169,2.0288349162595723e-10,14.0,2576.4312988281254,57.9500756472926,4.07370564492976,650.082901696484,4.0
2457938.9466909305,737796.0611717063,911.316655340194,667546.6814903171,1268.8242221239818,667546.6814903171,1268.8242221239818,16.986961399137094,0.0499252109965265,0.6583966693039155,2.465000866034219e-10,14.0,7614.75517578125,82.20994562277919,4.07370564492976,650.082901696484,4.0
2457939.0872892905,740853.1228632827,1217.7246957074285,670899.7574631034,1559.2236533905973,670899.7574631034,1559.2236533905973,17.066580721872683,0.0543655595069169,0.6697817950961497,1.417026443299663e-10,14.0,7891.9263671875,106.147721820398,4.07370564492976,650.082901696484,4.0
2457939.9321202342,739132.2897215504,965.3478378991587,669012.2966125035,1321.6321614091676,669012.2966125035,1321.6321614091676,17.021762663518402,0.0506918780517029,0.6429765579684401,3.4397762816017147e-10,14.0,9283.921484375,82.45703736183793,4.07370564492976,650.082901696484,4.0
2457940.098828323,736520.6594976914,766.2252767784369,666147.7830904003,1142.1873681801146,666147.7830904003,1142.1873681801146,16.953744333946442,0.0481702556756694,0.665928095315468,1.7440395007601074e-10,14.0,9511.1197265625,70.70949773347373,4.07370564492976,650.082901696484,4.0
2457940.9950310653,725664.7538931973,643.4447416421609,654240.7037057816,1026.7923242057482,654240.7037057816,1026.7923242057482,16.671008838521853,0.046685150915964,0.6780183393910582,3.4293387941500106e-10,14.0,16535.305859375,79.16701912209942,4.07370564492976,650.082901696484,4.0
2457941.983123488,758914.8954575435,3132.8137035216278,690710.4455753657,3585.57952738026,690710.4455753657,3585.57952738026,17.536988664676713,0.0939928385601957,0.705863556843477,1.9348135826047469e-10,14.0,52881.828125,191.60736004924303,4.07370564492976,650.082901696484,2.0
2457942.223666119,759878.2679873457,3260.8500760614984,691767.1011513466,3724.4610592776876,691767.1011513466,3724.4610592776876,17.56207911953284,0.0969905280878213,0.6550212429416246,3.2590423397528713e-10,14.0,60289.3015625,180.8469887303657,4.07370564492976,650.082901696484,6.0
2457942.8911020337,728388.6858363654,1683.2084354352905,657228.3930858527,1991.0733906152955,657228.3930858527,1991.0733906152955,16.741951998449075,0.0618076669814161,0.5373883046649156,3.4398548194669166e-10,14.0,50686.8546875,162.28796120247372,4.07370564492976,650.082901696484,4.0
2457943.187607183,729130.4574013874,1394.3320231189662,658041.990148295,1701.770288608391,658041.990148295,1701.770288608391,16.76127099020979,0.0567255874726563,0.6262646584077037,2.8355658068443785e-10,14.0,38445.925,153.25865672265212,4.07370564492976,650.082901696484,4.0
2457944.994409845,773207.5704883636,3187.7286442371874,706387.0756429738,3717.2707969285775,706387.0756429738,3717.2707969285775,17.90923274112748,0.0968432660536202,0.6431715685815196,3.42124127953645e-10,14.0,19529.13984375,124.35509852518548,4.07370564492976,650.082901696484,6.0
2457946.154597552,762713.5619543844,3033.9139229004404,694876.9357035451,3499.685170303311,694876.9357035451,3499.685170303311,17.635922636016,0.0921514415373137,0.5373308885113703,3.371967251191206e-10,14.0,9211.313671875,127.99434552796828,4.07370564492976,650.082901696484,6.0
2457947.9977859603,0.0,0.0,0.0,0.0,0.0,0.0,0.0,0.0,0.0,0.0,14.0,0.0,0.0,0.0,0.0,5.0
2457956.018743376,727703.8907391416,434.80882283085697,656477.2895039028,884.7460741001017,656477.2895039028,884.7460741001017,16.724116924330723,0.0450147049509341,0.6595822975186605,3.4260698182882024e-10,14.0,1804.7389648437504,44.73462768111511,4.07370564492976,650.082901696484,4.0
2457957.153619914,727040.6802738925,458.3109571204434,655749.8605867649,898.8162040742486,655749.8605867649,898.8162040742486,16.706844008896994,0.0451718768144582,0.6464168573256761,3.1235611647429973e-10,14.0,1803.743505859375,48.008693978026045,4.07370564492976,650.082901696484,4.0
2457957.879266024,726276.9010586038,412.64486793166486,654912.124880497,871.9943619129359,654912.124880497,871.9943619129359,16.686951841196112,0.0448748255124473,0.633958122607531,3.33724822685018e-10,14.0,1942.4723632812504,41.70944000890215,4.07370564492976,650.082901696484,4.0
2457958.931299373,0.0,0.0,0.0,0.0,0.0,0.0,0.0,0.0,0.0,0.0,14.0,0.0,0.0,0.0,0.0,5.0
2457959.0528402813,0.0,0.0,0.0,0.0,0.0,0.0,0.0,0.0,0.0,0.0,14.0,0.0,0.0,0.0,0.0,5.0
2457960.045846961,0.0,0.0,0.0,0.0,0.0,0.0,0.0,0.0,0.0,0.0,14.0,0.0,0.0,0.0,0.0,5.0
2457960.169509377,0.0,0.0,0.0,0.0,0.0,0.0,0.0,0.0,0.0,0.0,14.0,0.0,0.0,0.0,0.0,5.0
2457960.975373177,726410.7478673037,486.843588776725,655058.9320317955,916.8221687077674,655058.9320317955,916.8221687077674,16.6904378003733,0.0453757344997307,0.651433770973528,3.203783148614235e-10,14.0,1826.824389648437,53.34036490191613,4.07370564492976,650.082901696484,4.0
2457961.0740953865,725561.4554531847,448.9892186333143,654127.4029116931,893.8093519600976,654127.4029116931,893.8093519600976,16.668318493130347,0.0451165274942042,0.6256876532259368,2.960527419028581e-10,14.0,2034.3960693359372,47.16130186936197,4.07370564492976,650.082901696484,4.0
2457967.89152123,732178.1988195546,791.6532779313336,661384.8433686553,1149.6046222558998,661384.8433686553,1149.6046222558998,16.84064757206169,0.0482700798520057,0.648818207424174,3.0242505500567286e-10,14.0,7900.24072265625,80.25180661089442,4.07370564492976,650.082901696484,4.0
2457968.128338298,722637.6271530621,1126.2922562591218,650920.4612759681,1446.0742882908269,650920.4612759681,1446.0742882908269,16.592169153490786,0.0525762014311763,0.4963842597950966,3.4341071752437587e-10,14.0,9488.7783203125,114.10783172291464,4.07370564492976,650.082901696484,6.0
2457971.924043896,759117.6242168602,2010.801860486011,690932.8044939737,2433.053149713474,690932.8044939737,2433.053149713474,17.542268612595425,0.0701681730359603,0.6730032330003756,1.9567454064164107e-10,14.0,24004.394921875,114.0650370691343,4.07370564492976,650.082901696484,6.0
2457973.951682822,736859.9673096724,1106.7984709220989,666519.9459665584,1440.5493850180337,666519.9459665584,1440.5493850180337,16.96258140068384,0.052486736546477,0.6633584303431781,2.1404294323950318e-10,14.0,8897.2728515625,105.05702069296647,4.07370564492976,650.082901696484,4.0
2457976.0959006054,724822.9579631772,509.33358111426634,653317.396951875,932.6658403075925,653317.396951875,932.6658403075925,16.6490847726731,0.045558219905447,0.6298173521814133,3.1047114055591394e-10,14.0,3375.3912109375,57.0870675991406,4.07370564492976,650.082901696484,4.0
2457977.923148304,724461.4439070037,421.9892591297469,652920.8776081792,879.1378436172936,652920.8776081792,879.1378436172936,16.639669357736835,0.0449542831183855,0.6597513226657393,3.292334421030488e-10,14.0,1888.603076171875,47.48638298952449,4.07370564492976,650.082901696484,4.0
2457978.1071522324,725959.5384577088,536.3199079796732,654564.0321630173,949.6738322153849,654564.0321630173,949.6738322153849,16.678686324208176,0.0457553230286004,0.5091572229213404,3.3072076359022597e-10,14.0,2899.490966796875,47.10760897396446,4.07370564492976,650.082901696484,4.0
2457979.937498038,728766.6310679287,453.7992070334223,657642.9346302629,896.786127076404,657642.9346302629,896.786127076404,16.751795353410188,0.0451484297767211,0.6517379136826401,3.0419795754135856e-10,14.0,1686.611474609375,45.23949606592124,4.07370564492976,650.082901696484,4.0
2457980.9492272763,725913.0051262396,488.9190669176807,654512.9930243203,918.4065455199169,654512.9930243203,918.4065455199169,16.677474391735114,0.0453940336689174,0.6220573204747127,3.2873961321062686e-10,14.0,1760.262109375,51.99165609261384,4.07370564492976,650.082901696484,4.0
2457984.978362321,726090.5175347698,404.2222083557245,654707.6939011632,867.3347497257735,654707.6939011632,867.3347497257735,16.682097595049356,0.0448239710859174,0.6292161937001911,3.363651408508213e-10,14.0,1746.1656494140625,40.34154680126948,4.07370564492976,650.082901696484,4.0
2457985.925436194,726207.8290620848,446.0780946168781,654836.3646652024,891.6126610804,654836.3646652024,891.6126610804,16.685152902824004,0.0450916950285045,0.657833726862618,3.4382679794200416e-10,14.0,1984.2165771484372,48.39937269865676,4.07370564492976,650.082901696484,4.0
2457987.9669473832,728101.8749497434,475.27551488461,656913.8103951222,909.6053346535961,656913.8103951222,909.6053346535961,16.734482182380603,0.0452930426883137,0.644505492093068,1.9199713481748548e-10,14.0,1687.67470703125,48.63463775366178,4.07370564492976,650.082901696484,4.0
2457989.0338200866,727974.3275212091,447.6985606552124,656773.9125909046,892.5513888315922,656773.9125909046,892.5513888315922,16.731160286749738,0.0451013912915998,0.6414660321262304,2.2066926069244578e-10,14.0,1849.12763671875,44.7978131168554,4.07370564492976,650.082901696484,4.0
2457989.078452483,723306.1567049022,471.42732784725945,651653.7243251068,910.8719744963347,651653.7243251068,910.8719744963347,16.609580601317596,0.0453097843111768,0.585894657900849,3.09918099130347e-10,14.0,2054.321923828125,50.17662518791967,4.07370564492976,650.082901696484,4.0
2457990.97068101,726679.2913263424,403.3697589393808,655353.4784659202,866.6096226950615,655353.4784659202,866.6096226950615,16.697431852339168,0.0448157840051035,0.636767015133944,3.238608466187615e-10,14.0,1762.8436767578123,40.01602883935423,4.07370564492976,650.082901696484,4.0
2457991.9481014884,717945.510768406,9668.442319764667,645774.0088002906,10632.717922260326,645774.0088002906,10632.717922260326,16.469965820214167,0.2555962509562073,0.0147790073594674,2.2321331169101867e-10,14.0,1561.5981689453124,31.48856211333709,4.07370564492976,650.082901696484,6.0
2457996.026242438,724377.8908693116,794.1168239755368,652829.2341572447,1147.8389990268208,652829.2341572447,1147.8389990268208,16.637493269406054,0.0482491842156113,0.601855384706934,3.4331112877268203e-10,14.0,8098.89853515625,91.51557963841066,4.07370564492976,650.082901696484,4.0
2457997.008796168,728352.863987872,759.2289073613773,657189.102619515,1117.7500819519416,657189.102619515,1117.7500819519416,16.741019040071414,0.0478474549642842,0.6523242998398492,3.226213330813531e-10,14.0,18652.762890625003,85.47962438859497,4.07370564492976,650.082901696484,4.0
2457998.017639742,728022.8021980487,590.2925495109309,656827.0810548074,987.2952761671606,656827.0810548074,987.2952761671606,16.73242278038877,0.046201240123257,0.6496641114315246,2.1799527461926478e-10,14.0,10178.9642578125,64.3189275875529,4.07370564492976,650.082901696484,4.0
2457998.8872401435,726874.2570908834,521.2698022487182,655567.3227015139,939.1984907489992,655567.3227015139,939.1984907489992,16.702509617754284,0.0456328237197482,0.6397264041738444,1.8564530311468847e-10,14.0,6002.2408203125,56.29732535774408,4.07370564492976,650.082901696484,4.0
2458000.033089136,745832.5288861189,2556.913573943899,676361.3177384253,2931.1115809868325,676361.3177384253,2931.1115809868325,17.196266340012535,0.0801816103788046,0.4774224452965138,3.4379039089036546e-10,14.0,14948.1953125,144.50103406151456,4.07370564492976,650.082901696484,6.0
2458000.9499369618,729269.9391656291,621.055168572818,658194.9778860329,1010.6588637195659,658194.9778860329,1010.6588637195659,16.76490370839585,0.0464847566851265,0.636497897624283,3.435114813957937e-10,14.0,5355.923046874999,64.59407231211988,4.07370564492976,650.082901696484,4.0
2458002.005881311,727162.2710717916,558.7731922004726,655883.2249817565,964.7753920444156,655883.2249817565,964.7753920444156,16.710010767685784,0.0459325648593499,0.6260555073451093,2.2031463939129956e-10,14.0,6865.8697265625,59.3749927618474,4.07370564492976,650.082901696484,4.0
2458003.018645769,728687.3351153228,692.5059771765833,657555.9604765662,1064.5605007547927,657555.9604765662,1064.5605007547927,16.749730138285624,0.0471584578968949,0.6025287084205619,2.903506320405686e-10,14.0,6438.79140625,70.31353424923888,4.07370564492976,650.082901696484,4.0
2458003.921357082,728771.766833749,485.6292408868316,657648.5676906033,916.6279503636667,657648.5676906033,916.6279503636667,16.751929111324678,0.0453725473487256,0.6301367310644083,1.7367918653618046e-10,14.0,2753.0232421875,47.838493654727166,4.07370564492976,650.082901696484,4.0
2458004.9872109257,724818.4601208916,515.5694545511947,653312.463584996,936.7841407002743,653312.463584996,936.7841407002743,16.64896762909124,0.0456058389139812,0.5932620336063533,3.4393004436527786e-10,14.0,2864.07890625,54.4996273550632,4.07370564492976,650.082901696484,4.0
2458013.0176635017,722539.452574989,520.8025258567967,650812.7804856905,944.3415621593444,650812.7804856905,944.3415621593444,16.589612255984406,0.0456949681302423,0.5851483118091072,3.4394630598455004e-10,14.0,2035.069873046875,58.03397084226805,4.07370564492976,650.082901696484,4.0
2458013.8960405,724160.2902094763,535.1771442607744,652590.5632968667,950.815484774475,652590.5632968667,950.815484774475,16.63182599183339,0.0457696294127884,0.5979790886865698,3.430678591001867e-10,14.0,2032.1753173828129,58.60429570663357,4.07370564492976,650.082901696484,4.0
2458016.9717611084,728998.3314468343,603.1261192884109,657897.0704808853,997.2433728749818,657897.0704808853,997.2433728749818,16.75782984963801,0.0463211950389919,0.5879120549687123,2.2445025093926908e-10,14.0,2062.14248046875,57.96550867530539,4.07370564492976,650.082901696484,4.0
2458018.9094225457,729605.4505201395,471.0848777789735,658562.9766949896,908.374942851014,658562.9766949896,908.374942851014,16.77364189869466,0.0452785816520625,0.5915124008395366,1.9816357743631963e-10,14.0,1804.76806640625,41.8471915784627,4.07370564492976,650.082901696484,4.0
2458020.964319032,0.0,0.0,0.0,0.0,0.0,0.0,0.0,0.0,0.0,0.0,14.0,0.0,0.0,0.0,0.0,5.0
2458022.8951745387,728899.8936737301,712.8285399036916,657789.1010104883,1080.7374919213805,657789.1010104883,1080.7374919213805,16.755266097376243,0.0473653960486095,0.4689105051962119,3.4363411547433557e-10,14.0,5165.641308593749,55.86713435651329,4.07370564492976,650.082901696484,4.0
2458027.9502519,810218.4248365284,8237.70057080073,746981.678882127,9250.324405808036,746981.678882127,9250.324405808036,18.87315805712174,0.2232535687156538,0.3420942386263365,3.2826223098007804e-10,14.0,12730.2865234375,70.04636827137614,4.07370564492976,650.082901696484,4.0
2458033.933005056,724853.9781517974,565.9434133966306,653351.4208151887,971.0954189772085,653351.4208151887,971.0954189772085,16.649892674723596,0.0460086980934841,0.5660079451349881,3.17024028185417e-10,14.0,3149.958447265625,57.78118162903618,4.07370564492976,650.082901696484,4.0
2458036.9419499463,726216.7446378863,729.3567812110641,654846.1435332857,1093.4105370447755,654846.1435332857,1093.4105370447755,16.6853851036033,0.047530168824068,0.2526935912459112,3.439657099452367e-10,14.0,1857.572119140625,31.83574566996561,4.07370564492976,650.082901696484,4.0
2458039.929320537,722670.8758444848,611.4849582118155,650956.9294272796,1007.3357790774891,650956.9294272796,1007.3357790774891,16.593035095548885,0.0464472018331917,0.5734676819007717,3.4382588491679836e-10,14.0,2315.65654296875,68.16616078060842,4.07370564492976,650.082901696484,4.0
2458041.93417196,721490.5227755102,2065.0626320612846,649662.2831576632,2387.6865467479206,649662.2831576632,2387.6865467479206,16.562293513787676,0.0692799701027869,0.0548736809950575,3.148512444414195e-10,14.0,1384.4395751953125,21.80378329169856,4.07370564492976,650.082901696484,4.0
2458044.9038606347,727554.1711080729,509.9009256119784,656313.0725700501,931.6899656981587,656313.0725700501,931.6899656981587,16.720217567095393,0.0455456647483811,0.5945731318874994,2.166852310745657e-10,14.0,2066.087451171875,49.79885564119829,4.07370564492976,650.082901696484,4.0
2458178.2067662235,725556.317254371,506.32983890956285,654121.767182773,929.9481862344453,654121.767182773,929.9481862344453,16.66818467185002,0.045526504721629,0.4806008376956366,3.3982026548543183e-10,14.0,3667.3577148437503,41.82592489362257,4.07370564492976,650.082901696484,4.0
2458187.2872099024,721474.9132558291,707.5410278836503,649645.16217331,1083.0814510342204,649645.16217331,1083.0814510342204,16.561886973288782,0.0473992790470431,0.5213351649001681,3.166666620011815e-10,14.0,9152.7111328125,75.2131908175751,4.07370564492976,650.082901696484,4.0
2458195.280987245,727825.431757436,468.31682713357355,656610.5992991466,905.128284241311,656610.5992991466,905.128284241311,16.7272823866398,0.0452425541587288,0.5281252088760763,2.5511725227780906e-10,14.0,1885.298657226563,38.92156965693962,4.07370564492976,650.082901696484,4.0
2458202.2985629165,727597.4013108015,475.25790634003414,656360.4887391335,909.3991350494339,656360.4887391335,909.3991350494339,16.721343471578265,0.0452909107995793,0.4864090147095899,3.2389733679773805e-10,14.0,2182.34072265625,36.48903027587046,4.07370564492976,650.082901696484,4.0
2458207.2613346498,726920.5408125023,540.7289317539102,655618.0880607212,952.3364323915738,655618.0880607212,952.3364323915738,16.703715049289784,0.0457860728669277,0.5301988726890684,2.1093777281486416e-10,14.0,2473.54765625,48.37543156359624,4.07370564492976,650.082901696484,4.0
2458208.2093710857,728142.5653950112,713.5831959285755,656958.4408828627,1080.8599760768263,656958.4408828627,1080.8599760768263,16.735541940416542,0.047367240943866,0.5302690347230997,1.6134839466616947e-10,14.0,3386.541943359375,64.89600809793366,4.07370564492976,650.082901696484,4.0
2458210.113092556,735962.8322830569,1496.99703401018,665535.9416494794,1813.648328957729,665535.9416494794,1813.648328957729,16.93921606153536,0.0586466466130389,0.1562747309311871,3.3631999508204744e-10,14.0,2375.627001953125,33.0693676382979,4.07370564492976,650.082901696484,4.0
2458210.1377274003,725780.4311092047,1300.0872661137707,654367.5819086856,1609.1811159254407,654367.5819086856,1609.1811159254407,16.674021581646993,0.0551821720349789,0.1503035379456861,3.331490562932935e-10,14.0,2915.68447265625,35.670919883442124,4.07370564492976,650.082901696484,4.0
2458210.1793339616,734878.4948345942,1472.1540126387602,664346.6081614265,1786.558066641461,664346.6081614265,1786.558066641461,16.910975148536668,0.0581759757000238,0.1660396874493782,2.1926071022363715e-10,14.0,2023.7588134765624,35.86369152154736,4.07370564492976,650.082901696484,4.0
2458210.224426634,728347.8735725931,1428.3534540152443,657183.6289839606,1735.027483117548,657183.6289839606,1735.027483117548,16.740889067723842,0.0572910376568096,0.1153846539927004,2.2349930576389523e-10,14.0,2559.668212890625,27.66750597384481,4.07370564492976,650.082901696484,4.0
2458210.2789684776,0.0,0.0,0.0,0.0,0.0,0.0,0.0,0.0,0.0,0.0,14.0,0.0,0.0,0.0,0.0,5.0
2458211.3024124303,727924.7851872717,584.9874119238373,656719.573089017,983.4480901576408,656719.573089017,983.4480901576408,16.729869986627335,0.0461549914151573,0.5138837998574768,2.7445084016023325e-10,14.0,3479.24970703125,50.06294324003246,4.07370564492976,650.082901696484,4.0
2458211.306309173,729811.6280810894,989.3003376350356,658789.118361562,1317.6171930264034,658789.118361562,1317.6171930264034,16.77901166856595,0.050633769417603,0.1658947698420968,2.8936036642814056e-10,14.0,1387.592529296875,26.01010112918436,4.07370564492976,650.082901696484,4.0
2458212.123865528,723122.324307599,1105.1393515362868,651452.0914970512,1425.5986227045005,651452.0914970512,1425.5986227045005,16.60479279771834,0.0522597017613111,0.145721577353719,3.382813049997361e-10,14.0,2361.950244140625,30.800393231926616,4.07370564492976,650.082901696484,4.0
2458212.1391371954,720049.1406293915,1178.0626645788457,648081.3324509528,1499.76615895319,648081.3324509528,1499.76615895319,16.52475358759208,0.0534190996261371,0.1473314252275901,3.2095586597522193e-10,14.0,2588.130712890625,36.324179155196745,4.07370564492976,650.082901696484,4.0
2458212.1901038075,740802.6708733886,1792.6626979461325,670844.4202235708,2124.3115139967294,670844.4202235708,2124.3115139967294,17.06526673031108,0.0642591829052122,0.150437399053736,3.2975714167910177e-10,14.0,3251.088720703125,34.24986034759808,4.07370564492976,650.082901696484,4.0
2458214.306679128,727303.5792534042,845.0363589952597,656038.2159882599,1189.2250800422778,656038.2159882599,1189.2250800422778,16.713691053807565,0.0488097140324119,0.5278319015703486,2.019404464886308e-10,14.0,11780.0478515625,79.50037321842473,4.07370564492976,650.082901696484,4.0
2458215.237782547,733732.4162493827,1207.9178366923338,663089.555162598,1527.0205622359413,663089.555162598,1527.0205622359413,16.88112622497462,0.0538475695163081,0.5219482830180922,3.406415209702417e-10,14.0,19173.6015625,97.95187405970238,4.07370564492976,650.082901696484,4.0
2458215.296808092,733584.2099603432,1396.1737414853876,662926.9981071874,1708.9810972992398,662926.9981071874,1708.9810972992398,16.877266281817132,0.0568468214439092,0.5166092136279469,2.8967380033696165e-10,14.0,19663.629296875,113.14673144081978,4.07370564492976,650.082901696484,4.0
2458223.104252772,725256.7843429049,1069.2661200985742,653793.2305977041,1390.0909680543596,653793.2305977041,1390.0909680543596,16.660383518339223,0.0517164924967311,0.1290193289976506,3.435140753788378e-10,14.0,585.6380249023437,24.25220590787896,4.07370564492976,650.082901696484,4.0
2458223.139060292,724114.9009349935,869.9909425112268,652540.7789938183,1212.507546159783,652540.7789938183,1212.507546159783,16.630643855632567,0.0491330920868084,0.1343100134274005,3.2390368165269507e-10,14.0,573.3245361328125,20.30203595087951,4.07370564492976,650.082901696484,4.0
2458224.1691528247,727394.9018696767,648.6068634432701,656138.381343523,1030.199301508962,656138.381343523,1030.199301508962,16.716069496113168,0.0467266775129078,0.4936671178642449,2.164156870728714e-10,14.0,1667.09287109375,55.159531710978094,4.07370564492976,650.082901696484,4.0
2458226.0741122323,727392.7184598777,995.3980324619151,656135.986514869,1321.8139865617234,656135.986514869,1321.8139865617234,16.71601263052556,0.0506962018138621,0.1267347442163343,3.4385556290422287e-10,14.0,518.057275390625,20.43495890929152,4.07370564492976,650.082901696484,4.0
2458227.136232087,725147.5545520568,3515.2788549643856,653673.4241220234,3927.241152502403,653673.4241220234,3927.241152502403,16.65753869450271,0.1013962176562932,0.0221553670385272,2.2440325826367907e-10,14.0,361.7964111328125,11.485875152642205,4.07370564492976,650.082901696484,4.0
2458227.1394212698,726226.7123549957,1577.8030218475637,654857.0764211742,1884.271923504036,654857.0764211742,1884.271923504036,16.68564470676657,0.0598907763177723,0.0635833699350072,3.41543009595496e-10,14.0,452.775732421875,16.106968098249173,4.07370564492976,650.082901696484,4.0
2458228.094244939,729140.4448922247,1347.633194646934,658052.9447245958,1655.8976905371287,658052.9447245958,1655.8976905371287,16.761531108367866,0.0559548717746166,0.0735641714152339,2.8422289834216107e-10,14.0,436.3587707519531,14.21552707711966,4.07370564492976,650.082901696484,4.0
2458228.1079536704,727274.0661209946,980.9067702102752,656005.845108916,1308.7072723789845,656005.845108916,1308.7072723789845,16.71292240212456,0.0505041574159199,0.1162661653599061,3.330613807206966e-10,14.0,469.2458618164062,18.06639409841542,4.07370564492976,650.082901696484,4.0
2458228.2504742485,728206.1748203024,867.9432226602241,657028.2095879477,1209.137541291779,657028.2095879477,1209.137541291779,16.737198609424976,0.0490844384376419,0.152086967537962,2.2521472911533408e-10,14.0,472.4875732421875,20.90032339466548,4.07370564492976,650.082901696484,4.0
2458228.3026922354,728790.1709346538,814.181854702653,657668.753854564,1163.6152142575875,657668.753854564,1163.6152142575875,16.75240843500128,0.048459890715818,0.1517751204613394,2.1988396270395404e-10,14.0,480.7583740234375,18.786208911690725,4.07370564492976,650.082901696484,4.0
2458228.3130697017,727490.4164078601,786.8248965666438,656243.1445231203,1140.186419543926,656243.1445231203,1140.186419543926,16.718557114489506,0.0481453398768485,0.1518726368344336,2.1164386816241047e-10,14.0,530.851611328125,18.70246719675374,4.07370564492976,650.082901696484,4.0
2458229.0909497766,727233.1102173458,825.689642615655,655960.9234585463,1172.7578538940718,655960.9234585463,1172.7578538940718,16.71185573038564,0.0485845703443779,0.1475826918002873,2.6706845919194153e-10,14.0,541.3735595703125,19.431305135632588,4.07370564492976,650.082901696484,4.0
2458229.1010831865,724889.3467193505,854.0882587997418,653390.2141095408,1197.998306434835,653390.2141095408,1197.998306434835,16.650813827673325,0.0489316064650318,0.1457146791443121,2.8790325601051463e-10,14.0,539.5117065429688,21.48165963008192,4.07370564492976,650.082901696484,4.0
2458229.139895912,727237.7189505484,855.4122557951706,655965.9784538739,1198.112354256816,655965.9784538739,1198.112354256816,16.711975762054372,0.0489321318760868,0.1525943632181322,2.0891213991542414e-10,14.0,488.2024291992187,21.163838785081044,4.07370564492976,650.082901696484,4.0
2458229.187922344,727368.947253121,955.6329363879534,656109.9135499558,1286.02153081634,656109.9135499558,1286.02153081634,16.71539352382326,0.0501744674491265,0.1512035250059374,2.239421589618792e-10,14.0,483.94231567382815,24.013219292646685,4.07370564492976,650.082901696484,4.0
2458230.0874679354,726152.047175193,1004.262138178025,654775.1814364934,1330.0189386935476,654775.1814364934,1330.0189386935476,16.683700097318813,0.0508175508773122,0.1414582974917179,3.052421518388262e-10,14.0,520.1327880859375,24.51084135391243,4.07370564492976,650.082901696484,4.0
2458230.191630796,728481.9984379846,771.4688901639148,657330.74111609,1127.8597140844754,657330.74111609,1127.8597140844754,16.744382268719406,0.0479809841028185,0.1470903814338822,3.2921377506730625e-10,14.0,458.7893127441407,16.870155594613962,4.07370564492976,650.082901696484,4.0
2458230.247146501,728072.1435008945,789.414012165244,656881.2000598294,1142.4995161706363,656881.2000598294,1142.4995161706363,16.73370784477799,0.0481760260666742,0.1440333109245964,3.2607505134086417e-10,14.0,479.5577941894532,17.142207776348847,4.07370564492976,650.082901696484,4.0
2458230.2597290413,726477.4822128838,442.8871108972724,655132.1282421763,889.5801500100613,655132.1282421763,889.5801500100613,16.69217585604058,0.045068927663076,0.4517110676735087,3.052662618198817e-10,14.0,1511.403662109375,31.703925555608947,4.07370564492976,650.082901696484,4.0
2458230.2792908624,724591.9878844819,782.5728514827505,653064.0621161925,1138.0174680306,653064.0621161925,1138.0174680306,16.64306929667254,0.0481177165871027,0.1401001940096131,3.4192998882968076e-10,14.0,498.0116821289063,18.351883726410765,4.07370564492976,650.082901696484,4.0
2458231.066056675,727436.0886091095,973.827235069622,656183.5561814297,1302.344817942412,656183.5561814297,1302.344817942412,16.71714217983045,0.0504112775886179,0.1400046100380353,3.3727126180562665e-10,14.0,598.8663208007813,22.375476229627964,4.07370564492976,650.082901696484,4.0
2458231.129090583,726322.479591258,694.8816800911204,654962.1167675228,1066.0148507160538,654962.1167675228,1066.0148507160538,16.688138906511536,0.0471779257382732,0.148271754334468,3.0852844173004685e-10,14.0,501.0745239257813,15.648091367947837,4.07370564492976,650.082901696484,4.0
2458231.149282176,727514.5452216826,461.13320623265685,656269.6097220728,900.5890556208257,656269.6097220728,900.5890556208257,16.719185534851523,0.0451915784629429,0.460210217855533,3.1933112412223855e-10,14.0,1508.8587158203125,33.16944343859563,4.07370564492976,650.082901696484,4.0
2458232.087496161,728395.0947623483,760.82426474733,657235.4225860377,1119.077302171223,657235.4225860377,1119.077302171223,16.74211891504996,0.0478649285461987,0.1565875905307293,2.2373746134576847e-10,14.0,627.8111694335937,17.989831593178266,4.07370564492976,650.082901696484,4.0
2458232.1256465064,729045.5633538354,849.9794092936103,657948.8758379549,1194.2006393105353,657948.8758379549,1194.2006393105353,16.7590599760883,0.0488775357465976,0.1455218691897111,3.4225794347264875e-10,14.0,557.5599975585938,18.685136167246437,4.07370564492976,650.082901696484,4.0
2458232.181639678,726346.9373821773,1195.687134928472,654988.9427983179,1508.446590939884,654988.9427983179,1508.446590939884,16.688775894883083,0.0535534702337944,0.1049358160748589,2.238184868178912e-10,14.0,513.8462036132812,21.152781643904884,4.07370564492976,650.082901696484,4.0
2458232.22093698,728662.1706622795,552.0907613257543,657528.359357786,960.7331626893819,657528.359357786,960.7331626893819,16.749074745326485,0.0458841779625228,0.487692765992255,2.1846608387438036e-10,14.0,1655.0468017578123,43.21525983349928,4.07370564492976,650.082901696484,4.0
2458232.299315458,728958.109015579,787.8015859263604,657852.9533248004,1141.6854229170706,657852.9533248004,1141.6854229170706,16.756782280743952,0.0481648333957021,0.1633531117398563,2.1298636171407056e-10,14.0,544.504150390625,19.595659987049668,4.07370564492976,650.082901696484,4.0
2458232.316706568,729468.2975038643,890.1310518660827,658412.5431971196,1229.2470922282685,658412.5431971196,1229.2470922282685,16.770069831340876,0.0493648526455549,0.1609395386397751,2.1729128702369547e-10,14.0,616.3080200195312,22.215413703941078,4.07370564492976,650.082901696484,4.0
2458235.053001624,724602.0748187207,1365.1809799822843,653075.125764967,1673.4441974667698,653075.125764967,1673.4441974667698,16.64333200477385,0.0562500597795471,0.1322066836113681,3.4378920600925003e-10,14.0,1302.283837890625,33.82604113538006,4.07370564492976,650.082901696484,6.0
2458235.074016585,722999.4932479012,1237.32326749337,651317.366746118,1550.9104256149503,651317.366746118,1550.9104256149503,16.601593737061176,0.0542345663751562,0.1357508032927291,3.4398125008211936e-10,14.0,1243.158447265625,32.40621046354735,4.07370564492976,650.082901696484,6.0
2458235.1108197374,727048.1854419122,966.0793212533547,655758.0924777435,1295.3677696529944,655758.0924777435,1295.3677696529944,16.707039476458682,0.0503099680631148,0.1617710653538205,3.062270160771928e-10,14.0,1008.1176635742188,26.453264639450293,4.07370564492976,650.082901696484,4.0
2458235.138239889,724897.9312499523,680.3023442752765,653399.6298774255,1055.6444523059736,653399.6298774255,1055.6444523059736,16.6510374065806,0.0470469541522234,0.45910723237085,3.411402256339853e-10,14.0,2336.40830078125,57.58789904410936,4.07370564492976,650.082901696484,4.0
2458237.0945292534,727003.5111272222,1186.0308977640705,655709.0923638099,1499.150113644157,655709.0923638099,1499.150113644157,16.705875960953218,0.0534058266972129,0.1554970397845879,3.4142657307895675e-10,14.0,1738.3835693359374,32.30766897011756,4.07370564492976,650.082901696484,4.0
2458237.1226016586,729548.6940591882,1375.061587635302,658500.7245245345,1683.0694854620488,658500.7245245345,1683.0694854620488,16.772163710997557,0.0564100118174893,0.1586698440029093,3.4396490423789875e-10,14.0,1521.0333251953125,36.306950939369166,4.07370564492976,650.082901696484,4.0
2458237.178245474,726208.9815590857,913.0390119027471,654837.6287581102,1248.3925541308975,654837.6287581102,1248.3925541308975,16.685182918911323,0.0496362085239454,0.159715339919164,2.932026219598476e-10,14.0,1089.2732421875,24.985526757225237,4.07370564492976,650.082901696484,4.0
2458237.2165747806,725624.9413518895,906.0615290553012,654197.0361291529,1242.5405804760205,654197.0361291529,1242.5405804760205,16.669971944963546,0.0495536089648599,0.1541371949646247,3.3679397712313234e-10,14.0,947.4012573242188,24.136305700379676,4.07370564492976,650.082901696484,4.0
2458237.2685192404,726741.7859981318,968.4136685625107,655422.024476287,1297.490182817403,655422.024476287,1297.490182817403,16.699059488266887,0.0503409184909836,0.166170543454482,3.43397967579742e-10,14.0,2220.4384765625,27.689530662842078,4.07370564492976,650.082901696484,4.0
2458238.043073653,727963.2515000463,1485.6454249319302,656761.764082244,1791.864925776743,656761.764082244,1791.864925776743,16.730871818477713,0.0582692212115975,0.1697464234961646,3.1362281231321235e-10,14.0,3123.382177734375,44.390643383958405,4.07370564492976,650.082901696484,4.0
2458238.0741538,723222.8095821233,1026.2379908651858,651562.3067277592,1352.638084443227,651562.3067277592,1352.638084443227,16.607409875916183,0.0511544822466392,0.1721048730930895,3.27347796610042e-10,14.0,3824.611572265625,33.867392823589505,4.07370564492976,650.082901696484,4.0
2458238.108862955,726499.2525928117,1178.5376670892888,655156.0066408544,1492.0865169111623,655156.0066408544,1492.0865169111623,16.69274285241829,0.0532943692484278,0.1705060646696705,3.3209451462154475e-10,14.0,3527.353466796875,35.99698475973004,4.07370564492976,650.082901696484,4.0
2458238.143581942,727619.8421726174,1352.6916214728835,656385.1025422408,1660.2924802361247,656385.1025422408,1660.2924802361247,16.72192793025122,0.0560287159169685,0.1722257442357364,3.329409322199272e-10,14.0,2120.954052734375,41.08463895636366,4.07370564492976,650.082901696484,4.0
2458238.193940623,723317.1329966898,1004.1508052844796,651665.7634476305,1332.4124358270926,651665.7634476305,1332.4124358270926,16.609866472198355,0.050854260972458,0.1683596827173566,3.3127301820117866e-10,14.0,1388.647119140625,32.19514761803411,4.07370564492976,650.082901696484,4.0
2458239.07829174,730849.9780366909,2044.226554976572,659928.0114028992,2364.1605486896165,659928.0114028992,2364.1605486896165,16.806054865127987,0.068820616451351,0.166657074368774,3.3785894575320985e-10,14.0,4887.45244140625,56.496033040679634,4.07370564492976,650.082901696484,4.0
2458240.1990045225,0.0,0.0,0.0,0.0,0.0,0.0,0.0,0.0,0.0,0.0,14.0,0.0,0.0,0.0,0.0,5.0
2458240.2759837145,0.0,0.0,0.0,0.0,0.0,0.0,0.0,0.0,0.0,0.0,14.0,0.0,0.0,0.0,0.0,5.0
2458240.307312266,0.0,0.0,0.0,0.0,0.0,0.0,0.0,0.0,0.0,0.0,14.0,0.0,0.0,0.0,0.0,5.0
2458245.0227076467,728067.1223959074,661.0579801287261,656875.6927628933,1039.8669279966562,656875.6927628933,1039.8669279966562,16.733577073135546,0.046846999508355,0.2242731652252626,3.0507796879268016e-10,14.0,1386.4805419921877,23.28009204645946,4.07370564492976,650.082901696484,4.0
2458245.0260002096,729198.1039341022,884.1707957974509,658116.1868725917,1223.8234546547314,658116.1868725917,1223.8234546547314,16.76303280323928,0.0492888965764586,0.2222114200467856,3.4238570103560187e-10,14.0,1605.3002197265623,32.03717505870883,4.07370564492976,650.082901696484,4.0
2458245.033039453,729144.1890319568,806.5020811932025,658057.05140815,1157.43802994152,658057.05140815,1157.43802994152,16.761628622222588,0.048376293235405,0.2221621486341486,3.3951217360749936e-10,14.0,1986.7874755859373,28.78089901627122,4.07370564492976,650.082901696484,4.0
2458245.040217804,729786.4648253274,1051.9954365593953,658761.5185559957,1374.7774143108625,658761.5185559957,1374.7774143108625,16.778356306789288,0.0514835114917473,0.2166219675271085,3.3165044605883715e-10,14.0,2240.75849609375,37.47049298205429,4.07370564492976,650.082901696484,4.0
2458245.0433572745,728576.8967201338,833.368367436649,657434.8283677837,1179.7055667539626,657434.8283677837,1179.7055667539626,16.74685383708007,0.0486788174903965,0.2221153584513908,3.4361149919784814e-10,14.0,2309.761083984375,30.44565541155817,4.07370564492976,650.082901696484,4.0
2458245.046643392,729705.9558747446,1041.8943218415907,658673.213950126,1365.416429582038,658673.213950126,1365.416429582038,16.77625949986608,0.0513428811166545,0.22283631593355,3.2245171112508917e-10,14.0,2373.1759765625,38.36385117925077,4.07370564492976,650.082901696484,4.0
2458245.0503151338,729963.6129384974,894.8318886925531,658955.8198628793,1233.853878449084,658955.8198628793,1233.853878449084,16.782970022251217,0.0494294671569171,0.2258131968044767,2.301271488546543e-10,14.0,2432.750390625,32.37370523014223,4.07370564492976,650.082901696484,4.0
2458245.0537822843,731329.5184610429,1483.055831757845,660453.9855693032,1791.5955772980294,660453.9855693032,1791.5955772980294,16.818544205436822,0.0582637118996955,0.207313603620298,3.3564642755064044e-10,14.0,2503.84052734375,50.15903161441765,4.07370564492976,650.082901696484,4.0
2458245.0576594896,729180.421060115,932.5603613506385,658096.7917717146,1266.2811997155093,658096.7917717146,1266.2811997155093,16.762572263481527,0.0498899452559933,0.2211997043767761,3.4372609483422865e-10,14.0,2540.452587890625,34.01407207945652,4.07370564492976,650.082901696484,4.0
2458245.060724003,730348.5999035207,1087.0160690788096,659378.0849894915,1407.7451934173878,659378.0849894915,1407.7451934173878,16.7929967749012,0.0519832567203589,0.2218137020771481,3.382297390175011e-10,14.0,2579.918212890625,39.30068864031706,4.07370564492976,650.082901696484,4.0
2458245.064196796,729980.588741873,962.8358815557015,658974.4394277286,1293.9940547880242,658974.4394277286,1293.9940547880242,16.78341214678254,0.0502890497605626,0.2261908518067411,3.1079380610455817e-10,14.0,2601.03974609375,35.34879052920643,4.07370564492976,650.082901696484,4.0
2458245.071234248,733116.8763714539,957.7873045152814,662414.4127601205,1294.7230247081964,662414.4127601205,1294.7230247081964,16.865094861154763,0.0502989644369865,0.2261201579150508,3.2236620183305527e-10,14.0,2652.9162109375,32.132263549519934,4.07370564492976,650.082901696484,4.0
2458245.074609208,730130.5318417473,1058.697671088821,659138.9014687993,1381.2976431750237,659138.9014687993,1381.2976431750237,16.787317324127766,0.0515817274352036,0.2288522755109349,3.4388890045730866e-10,14.0,2656.76455078125,39.67031742634439,4.07370564492976,650.082901696484,4.0
2458245.078081751,733616.8929172867,1102.191303417052,662962.8457441347,1427.3133105222885,662962.8457441347,1427.3133105222885,16.878117489662873,0.0522826440612221,0.2284468754646897,3.43987891332424e-10,14.0,2660.65966796875,37.76567113609227,4.07370564492976,650.082901696484,4.0
2458245.081553698,733393.6335226848,1100.8881151034889,662717.9682155586,1425.6147556545122,662717.9682155586,1425.6147556545122,16.87230283376583,0.0522565362463059,0.2315048145711775,3.4210305879313007e-10,14.0,2699.575634765625,38.49886015883834,4.07370564492976,650.082901696484,4.0
2458245.0850286493,731032.1857304188,1169.9845899701813,660127.8622078664,1486.407403717954,660127.8622078664,1486.407403717954,16.81080035430533,0.0532034248221577,0.231082528205655,3.3633406440490505e-10,14.0,2711.27724609375,43.71533205203278,4.07370564492976,650.082901696484,4.0
2458245.088509546,733786.4387582535,1208.0878308587783,663148.8086532898,1527.2969988537093,663148.8086532898,1527.2969988537093,16.882533208543396,0.0538519836265824,0.2314368292388545,3.199321419691382e-10,14.0,2719.7919921875,42.27507896951165,4.07370564492976,650.082901696484,4.0
2458245.0919855074,732625.9165490885,936.6217037904163,661875.9134591373,1274.877993160469,661875.9134591373,1274.877993160469,16.85230810953152,0.0500124148127058,0.2315162133830368,3.322654723351433e-10,14.0,2737.431494140625,32.57557981307054,4.07370564492976,650.082901696484,4.0
2458245.095458478,733669.2742172832,1416.1374847095028,663020.2991082348,1728.7858039088412,663020.2991082348,1728.7858039088412,16.879481728939187,0.0571834589734446,0.2326303343774484,3.4233176292269967e-10,14.0,2748.61845703125,50.69309643731399,4.07370564492976,650.082901696484,4.0
2458245.107645064,730221.7872601425,723.548098033346,659238.9931194352,1090.7150227008917,659238.9931194352,1090.7150227008917,16.789694016305283,0.0474937650655477,0.5545476534002846,3.143966471698341e-10,14.0,7177.07392578125,65.04076432430914,4.07370564492976,650.082901696484,4.0
2458245.2102177213,727873.1731911196,822.7576915780928,656662.9635201996,1170.3893641278394,656662.9635201996,1170.3893641278394,16.728525783404347,0.0485521089472246,0.2342580244516584,1.9495306430706932e-10,14.0,1446.484033203125,32.484708196885066,4.07370564492976,650.082901696484,4.0
2458245.25178216,725527.370983456,799.3479951646782,654090.0180539368,1151.1362404630265,654090.0180539368,1151.1362404630265,16.66743078373179,0.0482928805183439,0.2209678248610431,2.9432160801521647e-10,14.0,1493.645654296875,31.36435027022065,4.07370564492976,650.082901696484,4.0
2458245.2660621256,731276.0895355656,1073.6494604489171,660395.3831384912,1396.5463802539946,660395.3831384912,1396.5463802539946,16.81715268138852,0.0518124448603096,0.2214710282796223,3.302636547652017e-10,14.0,2627.438720703125,37.70531266722556,4.07370564492976,650.082901696484,4.0
2458245.30385411,729030.2314686094,1018.8577023341758,657932.0593713096,1343.79007180177,657932.0593713096,1343.79007180177,16.758660666410865,0.0510203561417946,0.2266657564377758,3.4388798893753425e-10,14.0,2718.8462890625,38.80336711833348,4.07370564492976,650.082901696484,4.0
2458245.307665494,731499.5365000842,1036.5896195239943,660640.4663993187,1362.7870846003555,660640.4663993187,1362.7870846003555,16.822972222430618,0.0513030384947456,0.2249244793233601,3.4379672770081913e-10,14.0,2715.93818359375,36.667705861562325,4.07370564492976,650.082901696484,4.0
2458245.320082759,731240.2012777105,985.2296063159838,660356.019832396,1315.7467084859734,660356.019832396,1315.7467084859734,16.816217993419205,0.0506059778008126,0.2259389627604369,3.2958695625111763e-10,14.0,2839.294482421875,34.99013813727138,4.07370564492976,650.082901696484,4.0
2458246.0227988563,724982.9906526259,592.269693306041,653492.9255541703,989.6613316625087,653492.9255541703,989.6613316625087,16.653252727276247,0.046231151705664,0.2178536604946545,3.1239380624075927e-10,14.0,716.2807373046875,21.383170434796693,4.07370564492976,650.082901696484,4.0
2458246.0277516297,726545.0987928383,599.614051000423,655206.2921133972,993.9182440864,655206.2921133972,993.9182440864,16.69393688896855,0.0462818554613535,0.218783608643818,3.322626393815408e-10,14.0,714.3352416992187,20.71413124063962,4.07370564492976,650.082901696484,4.0
2458246.040034186,727679.8177040413,673.7045142286566,656450.885484707,1049.451798755624,656450.885484707,1049.451798755624,16.72348995669178,0.0469675063469921,0.2214822850383115,2.6265219044240437e-10,14.0,693.9208374023438,23.943304887887496,4.07370564492976,650.082901696484,4.0
2458246.0434287176,727282.9830446619,685.3804388247146,656015.6254553794,1058.4437777206806,656015.6254553794,1058.4437777206806,16.713154638008206,0.0470812984826589,0.2217248208927084,3.0247225140920256e-10,14.0,704.1602661132813,24.797959232061096,4.07370564492976,650.082901696484,4.0
2458246.0468929303,727498.3080079453,697.0705164438764,656251.8002642536,1067.6142948584525,656251.8002642536,1067.6142948584525,16.71876264644059,0.047197812410185,0.2236137583627915,3.4348860313017013e-10,14.0,710.6445190429688,25.43843432958265,4.07370564492976,650.082901696484,4.0
2458246.049976968,728309.600886813,580.5422441995075,657141.6503665661,980.4635083108658,657141.6503665661,980.4635083108658,16.739892278771418,0.0461190282275385,0.225616607341866,3.085577654774576e-10,14.0,727.8726928710937,19.478093727432167,4.07370564492976,650.082901696484,4.0
2458246.053846393,728438.4763908922,692.4528414418459,657283.0048434484,1064.3551309992874,657283.0048434484,1064.3551309992874,16.743248763326598,0.0471559324903034,0.2248562599598403,3.4348463266518714e-10,14.0,726.1993041992187,24.646183459881737,4.07370564492976,650.082901696484,4.0
2458246.057720528,729041.4164506838,734.44284166387,657944.3273915305,1098.1262740814445,657944.3273915305,1098.1262740814445,16.758951972503898,0.0475903205361351,0.2283048831927165,2.8018718305901047e-10,14.0,794.2286865234375,26.53685580761588,4.07370564492976,650.082901696484,4.0
2458246.060784069,729628.7068489159,810.1393688801257,658588.4849264557,1160.9504559450081,658588.4849264557,1160.9504559450081,16.774247595711376,0.0484235741954658,0.1976230829518467,2.6263643463906147e-10,14.0,963.8678466796875,24.97492418101889,4.07370564492976,650.082901696484,4.0
2458246.0678165136,731176.1477541397,704.9431252405133,660285.7640271401,1077.5049589235332,660285.7640271401,1077.5049589235332,16.814549758139698,0.047323193325388,0.2260224582349863,3.2349221654342124e-10,14.0,991.9658325195312,23.286148725560164,4.07370564492976,650.082901696484,4.0
2458246.071210062,732593.3609854346,708.6903379713291,661840.2055509287,1083.503242174396,661840.2055509287,1083.503242174396,16.851460219566935,0.0474000529558375,0.2224912201862817,2.2369770456215464e-10,14.0,1143.780078125,22.04528644597633,4.07370564492976,650.082901696484,4.0
2458246.074676072,733594.0615325704,874.9544882674243,662937.8036039228,1223.3473005241478,662937.8036039228,1223.3473005241478,16.877522860057198,0.0492812548797207,0.19945760221541,2.857734186629302e-10,14.0,1271.3302001953125,24.71072171561135,4.07370564492976,650.082901696484,4.0
2458246.0958195943,732348.6654384772,868.7618119652028,661571.8162143928,1215.1023681518561,661571.8162143928,1215.1023681518561,16.84508727204714,0.0491663050391339,0.2308105796423151,1.8699781764782136e-10,14.0,1294.64990234375,30.038726566485582,4.07370564492976,650.082901696484,4.0
2458246.102537305,731843.54444606,856.7081629944586,661017.7845219049,1203.7440393791858,661017.7845219049,1203.7440393791858,16.831931701315092,0.0490086155445572,0.2313577649066996,1.6689523501062755e-10,14.0,1302.52578125,30.039146082217687,4.07370564492976,650.082901696484,4.0
2458246.105930137,730113.3575525711,736.5619346045365,659120.0641988337,1100.9981003338212,659120.0641988337,1100.9981003338212,16.786870030153796,0.047627387580973,0.2302984583958079,2.245586955390153e-10,14.0,851.7201416015625,26.113949173901997,4.07370564492976,650.082901696484,4.0
2458246.1263270094,732880.3756418369,623.1199169643779,662155.0117424016,1019.0440587761499,662155.0117424016,1019.0440587761499,16.858935342696093,0.046586961013378,0.5845786571441983,1.7996777862754708e-10,14.0,3282.303076171875,53.6249872698778,4.07370564492976,650.082901696484,4.0
2458246.2275332334,727056.2405081578,585.4422540191238,655766.927513412,983.6180831528786,655766.927513412,983.6180831528786,16.707249265787045,0.0461573901820249,0.225268924140259,2.1525297803603895e-10,14.0,876.9926635742187,20.469222989630044,4.07370564492976,650.082901696484,4.0
2458246.303410591,729370.5088712159,968.0420864673131,658305.2857232367,1298.073785371283,658305.2857232367,1298.073785371283,16.76752298554967,0.0503484724045017,0.2122259694367019,2.24671326885164e-10,14.0,1469.6786865234376,33.80989148714487,4.07370564492976,650.082901696484,4.0
2458247.274617824,728341.5108181835,664.2167011278501,657176.6501261287,1042.4238926780213,657176.6501261287,1042.4238926780213,16.740723353633683,0.0468789271447471,0.2314699354620383,3.058871419356529e-10,14.0,864.2447021484375,24.16762201485064,4.07370564492976,650.082901696484,4.0
2458247.321380866,727256.9844505285,869.795625150568,655987.1094258999,1210.507291657364,655987.1094258999,1210.507291657364,16.712477520348884,0.0491038270192952,0.2318492448234065,2.125008321306268e-10,14.0,1056.0624267578123,34.8677897789836,4.07370564492976,650.082901696484,4.0
2458248.019523832,731256.6960579475,779.3060652368493,660374.1117967941,1137.5946538232176,660374.1117967941,1137.5946538232176,16.816647589993842,0.0481095785488428,0.2328924516083225,2.5272257683237833e-10,14.0,877.7054687499999,27.411164479297312,4.07370564492976,650.082901696484,4.0
2458248.081849347,731278.7426766888,722.0915933238139,660398.2931823994,1091.2690110558005,660398.2931823994,1091.2690110558005,16.81722178084436,0.0475006667578298,0.2415252814178503,2.2307714057341077e-10,14.0,744.3697387695313,25.885540090992865,4.07370564492976,650.082901696484,4.0
2458248.1002134616,729207.8224503824,488.6678443476568,658126.8464296164,919.0002173967279,658126.8464296164,919.0002173967279,16.763285916117674,0.0453994435805146,0.5714480518162367,3.3544341799129106e-10,14.0,1824.6126220703125,42.9615823425578,4.07370564492976,650.082901696484,4.0
2458248.137395428,728560.4095672856,2031.609398037831,657416.7447693304,2349.8133562841494,657416.7447693304,2349.8133562841494,16.746424439156144,0.0685434893396354,0.0497586117215739,1.4518214707765635e-10,14.0,617.7709594726563,15.14663440783716,4.07370564492976,650.082901696484,4.0
2458248.191809044,731455.0037069147,2942.902100256889,660591.621510388,3314.123033076069,660591.621510388,3314.123033076069,16.821812392767562,0.088191068324332,0.0444543400877669,1.2548218819540822e-10,14.0,929.6627319335936,19.484489446462973,4.07370564492976,650.082901696484,4.0
2458248.2640900253,727974.6771490511,464.041859431997,656774.2960730959,902.5378189766188,656774.2960730959,902.5378189766188,16.731169392595415,0.0452133060869517,0.5219659678631494,1.7723783462283188e-10,14.0,2184.827197265625,37.82428891855557,4.07370564492976,650.082901696484,4.0
2458248.2692853766,727550.6498649758,1417.9462527778167,656309.2103661383,1724.5420984487837,656309.2103661383,1724.5420984487837,16.7201258584487,0.0571125092645736,0.0925618613093212,1.7653605468343423e-10,14.0,1046.3525146484376,21.716786574540063,4.07370564492976,650.082901696484,4.0
2458248.3214342115,718480.4045961653,2622.2306522598587,646360.6962220047,2977.23667046892,646360.6962220047,2977.23667046892,16.483896806435013,0.0811373021693099,0.0364663678541029,3.172648939114971e-10,14.0,1375.4170654296877,19.33624782470683,4.07370564492976,650.082901696484,4.0
2458249.047187132,725784.9738219865,705.4714673105675,654372.5644908557,1074.6133467671193,654372.5644908557,1074.6133467671193,16.67413989385379,0.0472880344455116,0.2212285900278575,2.9519309484908516e-10,14.0,837.94208984375,26.708259278767933,4.07370564492976,650.082901696484,4.0
2458249.071497086,725469.7385434726,608.053155051936,654026.8050836868,1000.6573408831954,654026.8050836868,1000.6573408831954,16.6659297816906,0.0463641697365199,0.2202512107451878,3.382676835739324e-10,14.0,825.5583129882813,22.155499269042323,4.07370564492976,650.082901696484,4.0
2458249.113152588,723086.0498598183,720.2956278154119,651412.3046063855,1089.648236041301,651412.3046063855,1089.648236041301,16.603848051665977,0.0474830597108912,0.2015485763177884,3.424667660739448e-10,14.0,798.9914184570312,26.695741925922075,4.07370564492976,650.082901696484,4.0
2458251.1609783256,727205.3854105511,501.741958041813,655930.5140678012,926.2997621068015,655930.5140678012,926.2997621068015,16.711133654561653,0.0454837794715154,0.547771921964936,3.3419326818682046e-10,14.0,1827.3422119140623,45.25448605244319,4.07370564492976,650.082901696484,4.0
2458252.2546089008,726619.9629159793,483.6384338533062,655288.4053050347,914.7103361301474,655288.4053050347,914.7103361301474,16.695886679775235,0.0453516006312375,0.546469725020161,3.3977333297058637e-10,14.0,2115.958544921875,43.67945064177055,4.07370564492976,650.082901696484,4.0
2458254.088166139,725799.7862748378,496.1992384620914,654388.8112286604,923.1682317608509,654388.8112286604,923.1682317608509,16.6745256752292,0.0454485157820093,0.5331749092203639,3.2352766883174307e-10,14.0,1784.90859375,45.12830805461973,4.07370564492976,650.082901696484,4.0
2458264.0609874427,727121.7927400051,522.0967077305448,655838.8271463753,939.7338720178606,655838.8271463753,939.7338720178606,16.70895653401715,0.0456389297717409,0.5636613617650454,3.34046604050301e-10,14.0,2769.3234375,49.07510079810564,4.07370564492976,650.082901696484,4.0
2458265.060973905,728325.3176737631,496.4580635965924,657158.8890048437,923.2451669215659,657158.8890048437,923.2451669215659,16.74030161298146,0.0454482959060423,0.6077292742762677,3.334979859808449e-10,14.0,3654.7098144531246,47.98770669899957,4.07370564492976,650.082901696484,4.0
2458291.894737011,0.0,0.0,0.0,0.0,0.0,0.0,0.0,0.0,0.0,0.0,14.0,0.0,0.0,0.0,0.0,5.0
2458291.9358928693,0.0,0.0,0.0,0.0,0.0,0.0,0.0,0.0,0.0,0.0,14.0,0.0,0.0,0.0,0.0,5.0
2458292.147802652,0.0,0.0,0.0,0.0,0.0,0.0,0.0,0.0,0.0,0.0,14.0,0.0,0.0,0.0,0.0,5.0
2458292.1852597087,0.0,0.0,0.0,0.0,0.0,0.0,0.0,0.0,0.0,0.0,14.0,0.0,0.0,0.0,0.0,5.0
2458292.227134347,0.0,0.0,0.0,0.0,0.0,0.0,0.0,0.0,0.0,0.0,14.0,0.0,0.0,0.0,0.0,5.0
2458293.157614268,0.0,0.0,0.0,0.0,0.0,0.0,0.0,0.0,0.0,0.0,14.0,0.0,0.0,0.0,0.0,5.0
2458294.1501387,738195.8990732474,676.0765074361024,667985.2355647599,1079.3182471902921,667985.2355647599,1079.3182471902921,16.99737493544629,0.0473458609694728,1.031461026883285,2.1449545424001755e-10,14.0,7252.79912109375,90.80507165580526,4.07370564492976,650.082901696484,0.0
2458295.116179733,0.0,0.0,0.0,0.0,0.0,0.0,0.0,0.0,0.0,0.0,14.0,0.0,0.0,0.0,0.0,5.0
2458295.9792675064,0.0,0.0,0.0,0.0,0.0,0.0,0.0,0.0,0.0,0.0,14.0,0.0,0.0,0.0,0.0,5.0
2458296.139843529,0.0,0.0,0.0,0.0,0.0,0.0,0.0,0.0,0.0,0.0,14.0,0.0,0.0,0.0,0.0,5.0
2458300.015262944,737745.6042308806,826.1442062629044,667491.3388204552,1196.3946325834738,667491.3388204552,1196.3946325834738,16.98564727863147,0.0489065585883095,0.8696133783034828,3.347080588948965e-10,14.0,12547.9048828125,97.57005646784113,4.07370564492976,650.082901696484,0.0
2458300.9567418,735933.1493191989,887.1046735548119,665503.3844939634,1240.8852832058642,665503.3844939634,1240.8852832058642,16.938442986695016,0.0495276754049813,0.7176195160380694,3.0648391397845653e-10,14.0,8461.1396484375,91.28650059469976,4.07370564492976,650.082901696484,0.0
2458302.96608126,725599.85248972,409.92208912208866,654169.5179206858,870.9011897212978,654169.5179206858,870.9011897212978,16.669318520722992,0.0448631881097179,0.96500098902889,3.4107384472569327e-10,14.0,2324.77666015625,65.60232925050694,4.07370564492976,650.082901696484,0.0
2458304.031938086,727708.694404221,381.22934466785813,656482.558306297,854.5046106502084,656482.558306297,854.5046106502084,16.724242032882298,0.044684083381282,1.0086698611064309,2.106868283655033e-10,14.0,2198.374365234375,57.74110749748089,4.07370564492976,650.082901696484,0.0
2458305.947057778,724333.6493957536,398.5286139599926,652780.7087963085,866.0638418719175,652780.7087963085,866.0638418719175,16.636341026986088,0.0448110387088975,0.953899917854548,3.431647335397506e-10,14.0,2278.974462890625,64.85270448000803,4.07370564492976,650.082901696484,0.0
2458309.9360522022,728319.9970188555,399.3351576148964,657153.0531526656,864.7016274917852,657153.0531526656,864.7016274917852,16.74016303974252,0.0447943064038448,1.0091575572163256,2.905753282233411e-10,14.0,2130.7560546875,60.62272156506002,4.07370564492976,650.082901696484,0.0
2458311.064298252,727950.331931841,376.61025573816966,656747.5935164861,852.1338674180297,656747.5935164861,852.1338674180297,16.730535336138043,0.0446584507446904,1.017940145213731,2.2395149780094037e-10,14.0,1915.9910400390625,56.76215173237868,4.07370564492976,650.082901696484,0.0
2458312.0598525265,727784.9619218865,371.2706442080581,656566.2107826902,849.2400541546913,656566.2107826902,849.2400541546913,16.726228374250525,0.0446274268252312,1.0229218223127297,2.2520104938032683e-10,14.0,1907.9550048828123,56.14186041127351,4.07370564492976,650.082901696484,0.0
2458312.928867165,726015.0952271557,346.6054064944468,654624.9684762333,836.8425072046908,654624.9684762333,836.8425072046908,16.680133266665685,0.0444959838965733,1.009089962242458,3.044496828567867e-10,14.0,2121.41123046875,52.89919796208896,4.07370564492976,650.082901696484,0.0
2458313.0476606307,725791.63436556,432.5047389651141,654379.8699726801,883.7910787145349,654379.8699726801,883.7910787145349,16.674313363682636,0.0450049955122629,0.4690473016685068,3.401446113424737e-10,14.0,901.0337768554688,32.694603003067435,4.07370564492976,650.082901696484,0.0
2458313.0654949658,720568.5133178142,658.9338557084591,648650.9958264971,1048.1287398671136,648650.9958264971,1048.1287398671136,16.538280335126647,0.0469547569611484,0.4109560897884281,3.439840639877029e-10,14.0,992.2505126953124,55.62502708512384,4.07370564492976,650.082901696484,0.0
2458313.1054173755,725952.8766697809,346.9499731112659,654556.7253163484,837.0559242861024,654556.7253163484,837.0559242861024,16.678512821970887,0.0444982780095544,1.0183082667438326,3.3972065789246626e-10,14.0,1919.0638671875,53.51806328624172,4.07370564492976,650.082901696484,0.0
2458313.145348592,724228.8154618297,499.5677408760747,652665.7238269363,927.1060017437609,652665.7238269363,927.1060017437609,16.633610690584383,0.0454945168797155,0.4672284867525332,3.378328605082654e-10,14.0,998.6495971679688,41.3889147882612,4.07370564492976,650.082901696484,0.0
2458313.17821248,722595.1356131253,414.1577818544723,650873.8552941519,878.3960053555722,650873.8552941519,878.3960053555722,16.591062487033557,0.0449472289559687,0.9616272432194056,3.4268569718984635e-10,14.0,2276.504541015625,72.6728735000019,4.07370564492976,650.082901696484,0.0
2458313.183297398,721886.1476295295,405.62125500136494,650096.2162365756,875.528865782488,650096.2162365756,875.528865782488,16.572597323822393,0.0449161452480744,0.9561672763228184,3.156026606999913e-10,14.0,2349.0919921875,71.77532709192812,4.07370564492976,650.082901696484,0.0
2458313.1885268823,722205.8311276308,445.2764618565255,650446.8545829765,897.5270228962175,650446.8545829765,897.5270228962175,16.580923287174294,0.0451600772580699,0.9482100233271816,3.1196528961218864e-10,14.0,2399.326708984375,79.43489865243455,4.07370564492976,650.082901696484,0.0
2458313.194764151,723240.5807984413,406.31876534068243,651581.7987251261,872.458068431179,651581.7987251261,872.458068431179,16.607872716496516,0.0448815664055563,0.9673534263932124,3.4351339145232845e-10,14.0,2484.251416015625,69.90319419285994,4.07370564492976,650.082901696484,0.0
2458313.2053309144,720665.8237523797,490.32015366241416,648757.7287985352,929.9623082280273,648757.7287985352,929.9623082280273,16.540814726538052,0.0455296641443178,0.9151347778342126,3.4203708511562804e-10,14.0,2535.884033203125,89.94805682615748,4.07370564492976,650.082901696484,0.0
2458313.212175416,721691.915098572,437.00781320638004,649883.1762333334,894.0818130385712,649883.1762333334,894.0818130385712,16.567538655032465,0.0451218733899091,0.9239465694070532,3.411745099093783e-10,14.0,2525.66298828125,76.69073602631933,4.07370564492976,650.082901696484,0.0
2458313.9127017315,720552.0026760955,362.9838487103843,648632.8864647557,857.2269711003962,648632.8864647557,857.2269711003962,16.53785032544933,0.0447176051737927,0.475700619577127,3.4292556496189377e-10,14.0,927.2937377929688,30.29896091349153,4.07370564492976,650.082901696484,0.0
2458313.925148025,721897.7425386152,324.1989083054942,650108.9338769059,833.668172931005,650108.9338769059,833.668172931005,16.5728993062165,0.044464797404691,1.018706518901774,3.3538775810025406e-10,14.0,2002.61611328125,55.61299630526563,4.07370564492976,650.082901696484,0.0
2458314.9221798987,722519.9422389666,335.7541854357167,650791.3809702286,837.3663313985189,650791.3809702286,837.3663313985189,16.589104121083263,0.0445035452386238,1.01690066091525,3.4348777349805764e-10,14.0,2018.8961669921875,57.34016250281636,4.07370564492976,650.082901696484,0.0
2458317.0291253803,728527.6028857355,387.901258567555,657380.7614275634,858.5702095780897,657380.7614275634,858.5702095780897,16.745570008977868,0.0447276793979593,1.023913355236996,3.4164465055816256e-10,14.0,1826.95703125,58.550672008447904,4.07370564492976,650.082901696484,0.0
2458317.914648285,728964.3287144448,414.7221814618555,657859.7752750679,873.9169069918788,657859.7752750679,873.9169069918788,16.75694426903901,0.0448947899208806,0.9965979952177764,1.9433902801887883e-10,14.0,2441.409814453125,61.83466717883509,4.07370564492976,650.082901696484,0.0
2458327.9483610494,-387313769.23000604,-387313769.23000604,-387313769.23000604,-387313769.23000604,-387313769.23000604,-387313769.23000604,0.0,0.0,0.1588291518764974,-9999.99,14.0,-9999.99,-9999.99,-9999.99,-9999.99,7.0
2458328.063096186,727851.6085954042,1082.193118084558,656639.3108317523,1401.5527062967174,656639.3108317523,1401.5527062967174,16.727964146551983,0.0518895786567331,0.6889678408607666,3.3085568643695597e-10,14.0,16846.9015625,133.84453380208308,4.07370564492976,650.082901696484,4.0
2458330.0448452565,0.0,0.0,0.0,0.0,0.0,0.0,0.0,0.0,0.0,0.0,14.0,0.0,0.0,0.0,0.0,5.0
2458330.8795832493,727809.4162684876,489.0889054152223,656593.0330356546,918.2437475288452,656593.0330356546,918.2437475288452,16.726865272916886,0.0453913316883678,0.5341084785524266,2.13695414314489e-10,14.0,2025.619384765625,41.766671676897616,4.07370564492976,650.082901696484,4.0
2458332.021427281,727866.0243735674,364.46468222383413,656655.1224849877,845.7184679863071,656655.1224849877,845.7184679863071,16.728339596775054,0.0445896712427199,1.0185565528443137,2.2240695278983828e-10,14.0,2236.95908203125,54.14323534825406,4.07370564492976,650.082901696484,0.0
2458332.8725310965,727777.3969325703,371.1276894122941,656557.9132779392,849.1620434191252,656557.9132779392,849.1620434191252,16.726031348679374,0.044626592950512,1.0049835037847026,3.436894154738509e-10,14.0,2341.6869140625,54.67737764710482,4.07370564492976,650.082901696484,0.0
2458335.9191805595,727767.0046945895,361.88349860512665,656546.5147629622,844.3445795948543,656546.5147629622,844.3445795948543,16.725760689126762,0.0445750289328738,1.00799476924179,3.374645194629357e-10,14.0,1939.492504882813,53.08462497947632,4.07370564492976,650.082901696484,0.0
2458337.906148835,726483.3915097669,363.316667151531,655138.6097343392,845.0883866296339,655138.6097343392,845.0883866296339,16.69232976010375,0.044583542487029,1.0089822948856515,2.962455571688973e-10,14.0,1991.1499511718748,55.98346269363966,4.07370564492976,650.082901696484,0.0
2458338.95120977,727871.8191512094,388.58426580579237,656661.4783690493,858.5423212333685,656661.4783690493,858.5423212333685,16.728490518253857,0.0447276339574736,1.01124841159567,2.017277905219425e-10,14.0,1954.820483398437,59.27997282216325,4.07370564492976,650.082901696484,0.0
2458339.9476791243,728531.2704621684,391.8926806048347,657384.784134219,860.7509831241747,657384.784134219,860.7509831241747,16.745665528787754,0.0447513043741432,1.0176741610286868,2.1821253663266028e-10,14.0,1885.471923828125,59.10473013540963,4.07370564492976,650.082901696484,0.0
2458339.9793980625,727049.5688609085,365.5621522774881,655759.6098527474,846.133555924859,655759.6098527474,846.133555924859,16.707075506769694,0.0445944590329817,1.0203845082548446,3.131189875196113e-10,14.0,1879.6314453125,56.12650117954721,4.07370564492976,650.082901696484,0.0
2458340.878835191,726866.88710576,355.86301002798314,655559.2390831471,841.162784143528,655559.2390831471,841.162784143528,16.702317670949377,0.0445414878145186,1.0143440644410948,3.2168926600466187e-10,14.0,2219.8912109375,53.82543319289192,4.07370564492976,650.082901696484,0.0
2458341.878543622,0.0,0.0,0.0,0.0,0.0,0.0,0.0,0.0,0.0,0.0,14.0,0.0,0.0,0.0,0.0,5.0
2458343.037781656,727679.2169793746,381.52054565684534,656450.2265920684,854.6514423728208,656450.2265920684,854.6514423728208,16.723474311181185,0.0446856788923065,0.9792592703828202,2.919831975029962e-10,14.0,1845.647314453125,56.09823620514635,4.07370564492976,650.082901696484,0.0
2458344.868427966,726481.9763338004,411.6053894549224,655137.0575273484,871.3167360677659,655137.0575273484,871.3167360677659,16.692292902701663,0.0448673066086341,0.9809175493753942,3.200702796227901e-10,14.0,2371.01630859375,65.20576659540109,4.07370564492976,650.082901696484,0.0
2458346.0326148355,726820.0870002899,376.8610098639838,655507.9073388105,852.1018356353532,655507.9073388105,852.1018356353532,16.70109879050882,0.0446585908877055,0.9889993409219882,2.143446241205731e-10,14.0,1762.9806640625,57.320233649303006,4.07370564492976,650.082901696484,0.0
2458347.9037850844,726557.0738069392,373.516531200684,655219.4266641876,850.3951789315233,655219.4266641876,850.3951789315233,16.694248770967896,0.0446403663249419,0.9988595020210858,3.4361837782434885e-10,14.0,2171.655859375,57.71180834508985,4.07370564492976,650.082901696484,0.0
2458347.9780426444,0.0,0.0,0.0,0.0,0.0,0.0,0.0,0.0,0.0,0.0,14.0,0.0,0.0,0.0,0.0,5.0
2458353.016001004,721760.6638800713,436.0460287341411,649958.5819368022,893.3133796942145,649958.5819368022,893.3133796942145,16.569329175464862,0.0451132443075537,0.951576076970166,3.4313793128937765e-10,14.0,7137.24609375,78.65678345905718,4.07370564492976,650.082901696484,0.0
2458353.9811396063,729724.2376693146,534.140205767005,658693.2659648705,949.57550122741,658693.2659648705,949.57550122741,16.77673563814818,0.045752673218974,0.9940888944470134,3.4194538284784754e-10,14.0,8481.390625,83.50027523175268,4.07370564492976,650.082901696484,0.0
2458381.884197436,722170.3273075393,618.2756706037803,650407.9129396267,1013.4481955294317,650407.9129396267,1013.4481955294317,16.57999861165399,0.0465224278188419,0.8173137518888083,3.3757350608923795e-10,14.0,5090.09052734375,100.46832973300307,4.07370564492976,650.082901696484,0.0
2458390.884389969,726920.6390959596,387.4875119319799,655618.1958609333,857.8015297791856,655618.1958609333,857.8015297791856,16.703717609022984,0.0447200262423644,0.9823243180424828,3.341763018036059e-10,14.0,2250.9212890625,59.10956250711804,4.07370564492976,650.082901696484,0.0
2458398.8853394086,727765.409975453,363.8735488754759,656544.7656276949,845.3722923624612,656544.7656276949,845.3722923624612,16.725719155631396,0.044586011066677,0.9493889279118852,3.4096352623986553e-10,14.0,2407.222705078125,50.284409401543854,4.07370564492976,650.082901696484,0.0
2457867.4532781574,0.0,0.0,0.0,0.0,0.0,0.0,0.0,0.0,0.0,0.0,0.0,0.0,0.0,0.0,0.0,0.0
2458580.539819603,0.0,0.0,0.0,0.0,0.0,0.0,0.0,0.0,0.0,0.0,0.0,0.0,0.0,0.0,0.0,0.0
2457864.5991871944,0.0,0.0,0.0,0.0,0.0,0.0,0.0,0.0,0.0,0.0,0.0,0.0,0.0,0.0,0.0,0.0
2458580.559513909,0.0,0.0,0.0,0.0,0.0,0.0,0.0,0.0,0.0,0.0,0.0,0.0,0.0,0.0,0.0,0.0
2457867.4949110607,0.0,0.0,0.0,0.0,0.0,0.0,0.0,0.0,0.0,0.0,0.0,0.0,0.0,0.0,0.0,0.0
2458581.585659028,0.0,0.0,0.0,0.0,0.0,0.0,0.0,0.0,0.0,0.0,0.0,0.0,0.0,0.0,0.0,0.0
2457876.6368169067,0.0,0.0,0.0,0.0,0.0,0.0,0.0,0.0,0.0,0.0,0.0,0.0,0.0,0.0,0.0,0.0
2458583.5481344103,0.0,0.0,0.0,0.0,0.0,0.0,0.0,0.0,0.0,0.0,0.0,0.0,0.0,0.0,0.0,0.0
2457887.535271145,0.0,0.0,0.0,0.0,0.0,0.0,0.0,0.0,0.0,0.0,0.0,0.0,0.0,0.0,0.0,0.0
2458583.625648816,0.0,0.0,0.0,0.0,0.0,0.0,0.0,0.0,0.0,0.0,0.0,0.0,0.0,0.0,0.0,0.0
2457890.47225462,0.0,0.0,0.0,0.0,0.0,0.0,0.0,0.0,0.0,0.0,0.0,0.0,0.0,0.0,0.0,0.0
2458585.5556206675,0.0,0.0,0.0,0.0,0.0,0.0,0.0,0.0,0.0,0.0,0.0,0.0,0.0,0.0,0.0,0.0
2457920.2768138587,0.0,0.0,0.0,0.0,0.0,0.0,0.0,0.0,0.0,0.0,0.0,0.0,0.0,0.0,0.0,0.0
2458590.555074898,0.0,0.0,0.0,0.0,0.0,0.0,0.0,0.0,0.0,0.0,0.0,0.0,0.0,0.0,0.0,0.0
2457920.5225103274,0.0,0.0,0.0,0.0,0.0,0.0,0.0,0.0,0.0,0.0,0.0,0.0,0.0,0.0,0.0,0.0
2458604.474238575,0.0,0.0,0.0,0.0,0.0,0.0,0.0,0.0,0.0,0.0,0.0,0.0,0.0,0.0,0.0,0.0
2457921.360170644,0.0,0.0,0.0,0.0,0.0,0.0,0.0,0.0,0.0,0.0,0.0,0.0,0.0,0.0,0.0,0.0
2458605.471613688,0.0,0.0,0.0,0.0,0.0,0.0,0.0,0.0,0.0,0.0,0.0,0.0,0.0,0.0,0.0,0.0
2457929.277748105,0.0,0.0,0.0,0.0,0.0,0.0,0.0,0.0,0.0,0.0,0.0,0.0,0.0,0.0,0.0,0.0
2458605.544146025,0.0,0.0,0.0,0.0,0.0,0.0,0.0,0.0,0.0,0.0,0.0,0.0,0.0,0.0,0.0,0.0
2457929.3966621337,0.0,0.0,0.0,0.0,0.0,0.0,0.0,0.0,0.0,0.0,0.0,0.0,0.0,0.0,0.0,0.0
2458606.564329712,0.0,0.0,0.0,0.0,0.0,0.0,0.0,0.0,0.0,0.0,0.0,0.0,0.0,0.0,0.0,0.0
2457930.3267411264,0.0,0.0,0.0,0.0,0.0,0.0,0.0,0.0,0.0,0.0,0.0,0.0,0.0,0.0,0.0,0.0
2458609.512288608,0.0,0.0,0.0,0.0,0.0,0.0,0.0,0.0,0.0,0.0,0.0,0.0,0.0,0.0,0.0,0.0
2457937.503703962,0.0,0.0,0.0,0.0,0.0,0.0,0.0,0.0,0.0,0.0,0.0,0.0,0.0,0.0,0.0,0.0
2458613.466723453,0.0,0.0,0.0,0.0,0.0,0.0,0.0,0.0,0.0,0.0,0.0,0.0,0.0,0.0,0.0,0.0
2457938.3166658054,0.0,0.0,0.0,0.0,0.0,0.0,0.0,0.0,0.0,0.0,0.0,0.0,0.0,0.0,0.0,0.0
2458614.494579392,0.0,0.0,0.0,0.0,0.0,0.0,0.0,0.0,0.0,0.0,0.0,0.0,0.0,0.0,0.0,0.0
2457939.216476385,0.0,0.0,0.0,0.0,0.0,0.0,0.0,0.0,0.0,0.0,0.0,0.0,0.0,0.0,0.0,0.0
2458616.5293883337,0.0,0.0,0.0,0.0,0.0,0.0,0.0,0.0,0.0,0.0,0.0,0.0,0.0,0.0,0.0,0.0
2457939.5061482512,0.0,0.0,0.0,0.0,0.0,0.0,0.0,0.0,0.0,0.0,0.0,0.0,0.0,0.0,0.0,0.0
2458617.440931057,0.0,0.0,0.0,0.0,0.0,0.0,0.0,0.0,0.0,0.0,0.0,0.0,0.0,0.0,0.0,0.0
2457941.5532857035,0.0,0.0,0.0,0.0,0.0,0.0,0.0,0.0,0.0,0.0,0.0,0.0,0.0,0.0,0.0,0.0
2458618.485188828,0.0,0.0,0.0,0.0,0.0,0.0,0.0,0.0,0.0,0.0,0.0,0.0,0.0,0.0,0.0,0.0
2457942.4588423176,0.0,0.0,0.0,0.0,0.0,0.0,0.0,0.0,0.0,0.0,0.0,0.0,0.0,0.0,0.0,0.0
2458630.474117989,0.0,0.0,0.0,0.0,0.0,0.0,0.0,0.0,0.0,0.0,0.0,0.0,0.0,0.0,0.0,0.0
2457943.205474523,0.0,0.0,0.0,0.0,0.0,0.0,0.0,0.0,0.0,0.0,0.0,0.0,0.0,0.0,0.0,0.0
2458637.553656601,0.0,0.0,0.0,0.0,0.0,0.0,0.0,0.0,0.0,0.0,0.0,0.0,0.0,0.0,0.0,0.0
2457945.4643331133,0.0,0.0,0.0,0.0,0.0,0.0,0.0,0.0,0.0,0.0,0.0,0.0,0.0,0.0,0.0,0.0
2458637.568375636,0.0,0.0,0.0,0.0,0.0,0.0,0.0,0.0,0.0,0.0,0.0,0.0,0.0,0.0,0.0,0.0
2457946.218361312,0.0,0.0,0.0,0.0,0.0,0.0,0.0,0.0,0.0,0.0,0.0,0.0,0.0,0.0,0.0,0.0
2458638.383354136,0.0,0.0,0.0,0.0,0.0,0.0,0.0,0.0,0.0,0.0,0.0,0.0,0.0,0.0,0.0,0.0
2457946.281756224,0.0,0.0,0.0,0.0,0.0,0.0,0.0,0.0,0.0,0.0,0.0,0.0,0.0,0.0,0.0,0.0
2458641.375441686,0.0,0.0,0.0,0.0,0.0,0.0,0.0,0.0,0.0,0.0,0.0,0.0,0.0,0.0,0.0,0.0
2457946.549807948,0.0,0.0,0.0,0.0,0.0,0.0,0.0,0.0,0.0,0.0,0.0,0.0,0.0,0.0,0.0,0.0
2458645.4169332343,0.0,0.0,0.0,0.0,0.0,0.0,0.0,0.0,0.0,0.0,0.0,0.0,0.0,0.0,0.0,0.0
2457947.350856945,0.0,0.0,0.0,0.0,0.0,0.0,0.0,0.0,0.0,0.0,0.0,0.0,0.0,0.0,0.0,0.0
2458648.388044897,0.0,0.0,0.0,0.0,0.0,0.0,0.0,0.0,0.0,0.0,0.0,0.0,0.0,0.0,0.0,0.0
2457947.5555169885,0.0,0.0,0.0,0.0,0.0,0.0,0.0,0.0,0.0,0.0,0.0,0.0,0.0,0.0,0.0,0.0
2458661.2729757065,0.0,0.0,0.0,0.0,0.0,0.0,0.0,0.0,0.0,0.0,0.0,0.0,0.0,0.0,0.0,0.0
2457948.3026955123,0.0,0.0,0.0,0.0,0.0,0.0,0.0,0.0,0.0,0.0,0.0,0.0,0.0,0.0,0.0,0.0
2458661.2847877275,0.0,0.0,0.0,0.0,0.0,0.0,0.0,0.0,0.0,0.0,0.0,0.0,0.0,0.0,0.0,0.0
2457949.225592498,0.0,0.0,0.0,0.0,0.0,0.0,0.0,0.0,0.0,0.0,0.0,0.0,0.0,0.0,0.0,0.0
2458661.2966126204,0.0,0.0,0.0,0.0,0.0,0.0,0.0,0.0,0.0,0.0,0.0,0.0,0.0,0.0,0.0,0.0
2457949.520265053,0.0,0.0,0.0,0.0,0.0,0.0,0.0,0.0,0.0,0.0,0.0,0.0,0.0,0.0,0.0,0.0
2458661.3084382755,0.0,0.0,0.0,0.0,0.0,0.0,0.0,0.0,0.0,0.0,0.0,0.0,0.0,0.0,0.0,0.0
2457954.5383254318,0.0,0.0,0.0,0.0,0.0,0.0,0.0,0.0,0.0,0.0,0.0,0.0,0.0,0.0,0.0,0.0
2458661.320265464,0.0,0.0,0.0,0.0,0.0,0.0,0.0,0.0,0.0,0.0,0.0,0.0,0.0,0.0,0.0,0.0
2457956.388940464,0.0,0.0,0.0,0.0,0.0,0.0,0.0,0.0,0.0,0.0,0.0,0.0,0.0,0.0,0.0,0.0
2458668.3290721555,0.0,0.0,0.0,0.0,0.0,0.0,0.0,0.0,0.0,0.0,0.0,0.0,0.0,0.0,0.0,0.0
2457957.4234840414,0.0,0.0,0.0,0.0,0.0,0.0,0.0,0.0,0.0,0.0,0.0,0.0,0.0,0.0,0.0,0.0
2457844.6174118635,0.0,0.0,0.0,0.0,0.0,0.0,0.0,0.0,0.0,0.0,0.0,0.0,0.0,0.0,0.0,0.0
2457958.367533369,0.0,0.0,0.0,0.0,0.0,0.0,0.0,0.0,0.0,0.0,0.0,0.0,0.0,0.0,0.0,0.0
2457844.63106672,0.0,0.0,0.0,0.0,0.0,0.0,0.0,0.0,0.0,0.0,0.0,0.0,0.0,0.0,0.0,0.0
2457958.4652533056,0.0,0.0,0.0,0.0,0.0,0.0,0.0,0.0,0.0,0.0,0.0,0.0,0.0,0.0,0.0,0.0
2457846.561121053,0.0,0.0,0.0,0.0,0.0,0.0,0.0,0.0,0.0,0.0,0.0,0.0,0.0,0.0,0.0,0.0
2457959.277201117,0.0,0.0,0.0,0.0,0.0,0.0,0.0,0.0,0.0,0.0,0.0,0.0,0.0,0.0,0.0,0.0
2457847.4702764065,0.0,0.0,0.0,0.0,0.0,0.0,0.0,0.0,0.0,0.0,0.0,0.0,0.0,0.0,0.0,0.0
2457965.3978970693,0.0,0.0,0.0,0.0,0.0,0.0,0.0,0.0,0.0,0.0,0.0,0.0,0.0,0.0,0.0,0.0
2457848.635839628,0.0,0.0,0.0,0.0,0.0,0.0,0.0,0.0,0.0,0.0,0.0,0.0,0.0,0.0,0.0,0.0
2457892.541712026,0.0,0.0,0.0,0.0,0.0,0.0,0.0,0.0,0.0,0.0,0.0,0.0,0.0,0.0,0.0,0.0
2457967.4612850766,0.0,0.0,0.0,0.0,0.0,0.0,0.0,0.0,0.0,0.0,0.0,0.0,0.0,0.0,0.0,0.0
2457914.367702042,0.0,0.0,0.0,0.0,0.0,0.0,0.0,0.0,0.0,0.0,0.0,0.0,0.0,0.0,0.0,0.0
2457968.3639381514,0.0,0.0,0.0,0.0,0.0,0.0,0.0,0.0,0.0,0.0,0.0,0.0,0.0,0.0,0.0,0.0
2457917.277393777,0.0,0.0,0.0,0.0,0.0,0.0,0.0,0.0,0.0,0.0,0.0,0.0,0.0,0.0,0.0,0.0
2458670.296212926,0.0,0.0,0.0,0.0,0.0,0.0,0.0,0.0,0.0,0.0,0.0,0.0,0.0,0.0,0.0,0.0
2457969.329152828,0.0,0.0,0.0,0.0,0.0,0.0,0.0,0.0,0.0,0.0,0.0,0.0,0.0,0.0,0.0,0.0
2457971.2465710603,0.0,0.0,0.0,0.0,0.0,0.0,0.0,0.0,0.0,0.0,0.0,0.0,0.0,0.0,0.0,0.0
2457972.301558064,0.0,0.0,0.0,0.0,0.0,0.0,0.0,0.0,0.0,0.0,0.0,0.0,0.0,0.0,0.0,0.0
2457972.443513577,0.0,0.0,0.0,0.0,0.0,0.0,0.0,0.0,0.0,0.0,0.0,0.0,0.0,0.0,0.0,0.0
2457973.4851306286,0.0,0.0,0.0,0.0,0.0,0.0,0.0,0.0,0.0,0.0,0.0,0.0,0.0,0.0,0.0,0.0
2457974.4018228506,0.0,0.0,0.0,0.0,0.0,0.0,0.0,0.0,0.0,0.0,0.0,0.0,0.0,0.0,0.0,0.0
2457978.4014685755,0.0,0.0,0.0,0.0,0.0,0.0,0.0,0.0,0.0,0.0,0.0,0.0,0.0,0.0,0.0,0.0
2457979.452478756,0.0,0.0,0.0,0.0,0.0,0.0,0.0,0.0,0.0,0.0,0.0,0.0,0.0,0.0,0.0,0.0
2457980.3382895226,0.0,0.0,0.0,0.0,0.0,0.0,0.0,0.0,0.0,0.0,0.0,0.0,0.0,0.0,0.0,0.0
2457984.414033991,0.0,0.0,0.0,0.0,0.0,0.0,0.0,0.0,0.0,0.0,0.0,0.0,0.0,0.0,0.0,0.0
2457985.4078017417,0.0,0.0,0.0,0.0,0.0,0.0,0.0,0.0,0.0,0.0,0.0,0.0,0.0,0.0,0.0,0.0
2457986.331336334,0.0,0.0,0.0,0.0,0.0,0.0,0.0,0.0,0.0,0.0,0.0,0.0,0.0,0.0,0.0,0.0
2457986.43201779,0.0,0.0,0.0,0.0,0.0,0.0,0.0,0.0,0.0,0.0,0.0,0.0,0.0,0.0,0.0,0.0
2457989.337659108,0.0,0.0,0.0,0.0,0.0,0.0,0.0,0.0,0.0,0.0,0.0,0.0,0.0,0.0,0.0,0.0
2457991.3438159614,0.0,0.0,0.0,0.0,0.0,0.0,0.0,0.0,0.0,0.0,0.0,0.0,0.0,0.0,0.0,0.0
2457992.2197811017,0.0,0.0,0.0,0.0,0.0,0.0,0.0,0.0,0.0,0.0,0.0,0.0,0.0,0.0,0.0,0.0
2457992.4161394243,0.0,0.0,0.0,0.0,0.0,0.0,0.0,0.0,0.0,0.0,0.0,0.0,0.0,0.0,0.0,0.0
2458000.330072832,0.0,0.0,0.0,0.0,0.0,0.0,0.0,0.0,0.0,0.0,0.0,0.0,0.0,0.0,0.0,0.0
2458001.244864189,0.0,0.0,0.0,0.0,0.0,0.0,0.0,0.0,0.0,0.0,0.0,0.0,0.0,0.0,0.0,0.0
2458001.3861358,0.0,0.0,0.0,0.0,0.0,0.0,0.0,0.0,0.0,0.0,0.0,0.0,0.0,0.0,0.0,0.0
2458003.293674702,0.0,0.0,0.0,0.0,0.0,0.0,0.0,0.0,0.0,0.0,0.0,0.0,0.0,0.0,0.0,0.0
2458006.2532190457,0.0,0.0,0.0,0.0,0.0,0.0,0.0,0.0,0.0,0.0,0.0,0.0,0.0,0.0,0.0,0.0
2458007.2947045537,0.0,0.0,0.0,0.0,0.0,0.0,0.0,0.0,0.0,0.0,0.0,0.0,0.0,0.0,0.0,0.0
2458010.256291161,0.0,0.0,0.0,0.0,0.0,0.0,0.0,0.0,0.0,0.0,0.0,0.0,0.0,0.0,0.0,0.0
2458011.321199931,0.0,0.0,0.0,0.0,0.0,0.0,0.0,0.0,0.0,0.0,0.0,0.0,0.0,0.0,0.0,0.0
2458013.272291965,0.0,0.0,0.0,0.0,0.0,0.0,0.0,0.0,0.0,0.0,0.0,0.0,0.0,0.0,0.0,0.0
2458014.3664247696,0.0,0.0,0.0,0.0,0.0,0.0,0.0,0.0,0.0,0.0,0.0,0.0,0.0,0.0,0.0,0.0
2458016.34193349,0.0,0.0,0.0,0.0,0.0,0.0,0.0,0.0,0.0,0.0,0.0,0.0,0.0,0.0,0.0,0.0
2458019.2687283945,0.0,0.0,0.0,0.0,0.0,0.0,0.0,0.0,0.0,0.0,0.0,0.0,0.0,0.0,0.0,0.0
2458020.345561828,0.0,0.0,0.0,0.0,0.0,0.0,0.0,0.0,0.0,0.0,0.0,0.0,0.0,0.0,0.0,0.0
2458021.255930853,0.0,0.0,0.0,0.0,0.0,0.0,0.0,0.0,0.0,0.0,0.0,0.0,0.0,0.0,0.0,0.0
2458024.2304402096,0.0,0.0,0.0,0.0,0.0,0.0,0.0,0.0,0.0,0.0,0.0,0.0,0.0,0.0,0.0,0.0
2458028.2762237126,0.0,0.0,0.0,0.0,0.0,0.0,0.0,0.0,0.0,0.0,0.0,0.0,0.0,0.0,0.0,0.0
2458032.2471268326,0.0,0.0,0.0,0.0,0.0,0.0,0.0,0.0,0.0,0.0,0.0,0.0,0.0,0.0,0.0,0.0
2458036.2511471985,0.0,0.0,0.0,0.0,0.0,0.0,0.0,0.0,0.0,0.0,0.0,0.0,0.0,0.0,0.0,0.0
2458047.25438402,0.0,0.0,0.0,0.0,0.0,0.0,0.0,0.0,0.0,0.0,0.0,0.0,0.0,0.0,0.0,0.0
2458053.2578003597,0.0,0.0,0.0,0.0,0.0,0.0,0.0,0.0,0.0,0.0,0.0,0.0,0.0,0.0,0.0,0.0
2458165.6206522696,0.0,0.0,0.0,0.0,0.0,0.0,0.0,0.0,0.0,0.0,0.0,0.0,0.0,0.0,0.0,0.0
2458249.605311571,0.0,0.0,0.0,0.0,0.0,0.0,0.0,0.0,0.0,0.0,0.0,0.0,0.0,0.0,0.0,0.0
2458249.652410622,0.0,0.0,0.0,0.0,0.0,0.0,0.0,0.0,0.0,0.0,0.0,0.0,0.0,0.0,0.0,0.0
2458251.63813242,0.0,0.0,0.0,0.0,0.0,0.0,0.0,0.0,0.0,0.0,0.0,0.0,0.0,0.0,0.0,0.0
2458252.508768533,0.0,0.0,0.0,0.0,0.0,0.0,0.0,0.0,0.0,0.0,0.0,0.0,0.0,0.0,0.0,0.0
2458252.622858022,0.0,0.0,0.0,0.0,0.0,0.0,0.0,0.0,0.0,0.0,0.0,0.0,0.0,0.0,0.0,0.0
2458255.541785501,0.0,0.0,0.0,0.0,0.0,0.0,0.0,0.0,0.0,0.0,0.0,0.0,0.0,0.0,0.0,0.0
2458256.5625467924,0.0,0.0,0.0,0.0,0.0,0.0,0.0,0.0,0.0,0.0,0.0,0.0,0.0,0.0,0.0,0.0
2458257.579474227,0.0,0.0,0.0,0.0,0.0,0.0,0.0,0.0,0.0,0.0,0.0,0.0,0.0,0.0,0.0,0.0
2458262.4271676824,0.0,0.0,0.0,0.0,0.0,0.0,0.0,0.0,0.0,0.0,0.0,0.0,0.0,0.0,0.0,0.0
2458275.5699907844,0.0,0.0,0.0,0.0,0.0,0.0,0.0,0.0,0.0,0.0,0.0,0.0,0.0,0.0,0.0,0.0
2458276.374391487,0.0,0.0,0.0,0.0,0.0,0.0,0.0,0.0,0.0,0.0,0.0,0.0,0.0,0.0,0.0,0.0
2458276.458121303,0.0,0.0,0.0,0.0,0.0,0.0,0.0,0.0,0.0,0.0,0.0,0.0,0.0,0.0,0.0,0.0
2458277.3717103405,0.0,0.0,0.0,0.0,0.0,0.0,0.0,0.0,0.0,0.0,0.0,0.0,0.0,0.0,0.0,0.0
2458277.5563291484,0.0,0.0,0.0,0.0,0.0,0.0,0.0,0.0,0.0,0.0,0.0,0.0,0.0,0.0,0.0,0.0
2458278.3690041816,0.0,0.0,0.0,0.0,0.0,0.0,0.0,0.0,0.0,0.0,0.0,0.0,0.0,0.0,0.0,0.0
2458278.5034386097,0.0,0.0,0.0,0.0,0.0,0.0,0.0,0.0,0.0,0.0,0.0,0.0,0.0,0.0,0.0,0.0
2458281.510320205,0.0,0.0,0.0,0.0,0.0,0.0,0.0,0.0,0.0,0.0,0.0,0.0,0.0,0.0,0.0,0.0
2458281.525148452,0.0,0.0,0.0,0.0,0.0,0.0,0.0,0.0,0.0,0.0,0.0,0.0,0.0,0.0,0.0,0.0
2458282.3584912163,0.0,0.0,0.0,0.0,0.0,0.0,0.0,0.0,0.0,0.0,0.0,0.0,0.0,0.0,0.0,0.0
2458304.4524611738,0.0,0.0,0.0,0.0,0.0,0.0,0.0,0.0,0.0,0.0,0.0,0.0,0.0,0.0,0.0,0.0
2458305.302435546,0.0,0.0,0.0,0.0,0.0,0.0,0.0,0.0,0.0,0.0,0.0,0.0,0.0,0.0,0.0,0.0
2458306.292851421,0.0,0.0,0.0,0.0,0.0,0.0,0.0,0.0,0.0,0.0,0.0,0.0,0.0,0.0,0.0,0.0
2458310.281989465,0.0,0.0,0.0,0.0,0.0,0.0,0.0,0.0,0.0,0.0,0.0,0.0,0.0,0.0,0.0,0.0
2458320.254078468,0.0,0.0,0.0,0.0,0.0,0.0,0.0,0.0,0.0,0.0,0.0,0.0,0.0,0.0,0.0,0.0
2458673.485269354,0.0,0.0,0.0,0.0,0.0,0.0,0.0,0.0,0.0,0.0,0.0,0.0,0.0,0.0,0.0,0.0
2458674.285277789,0.0,0.0,0.0,0.0,0.0,0.0,0.0,0.0,0.0,0.0,0.0,0.0,0.0,0.0,0.0,0.0
2458700.2745761788,0.0,0.0,0.0,0.0,0.0,0.0,0.0,0.0,0.0,0.0,0.0,0.0,0.0,0.0,0.0,0.0
2458720.3237178423,0.0,0.0,0.0,0.0,0.0,0.0,0.0,0.0,0.0,0.0,0.0,0.0,0.0,0.0,0.0,0.0
2458721.219258449,0.0,0.0,0.0,0.0,0.0,0.0,0.0,0.0,0.0,0.0,0.0,0.0,0.0,0.0,0.0,0.0
2458724.233793505,0.0,0.0,0.0,0.0,0.0,0.0,0.0,0.0,0.0,0.0,0.0,0.0,0.0,0.0,0.0,0.0
2458725.322885458,0.0,0.0,0.0,0.0,0.0,0.0,0.0,0.0,0.0,0.0,0.0,0.0,0.0,0.0,0.0,0.0
2458661.316323797,765417.1309657256,493.9440253122266,701056.9155899693,855.336487317705,701056.9155899693,855.336487317705,17.8676127402224,0.036990559825886,1.4840704473948256,1.9810455032021448e-08,13.0,1326.7132202148437,44.9722991554283,970.707882147623,612.2838234195756,0.0
2458580.5437641456,765906.116331865,539.2931524052631,701587.4327393626,890.5697431300524,701587.4327393626,890.5697431300524,17.88139641064269,0.0375476525230316,1.3308882368354786,6.634662833256945e-09,13.0,1317.9932983398437,43.49462580185275,970.707882147623,612.2838234195756,0.0
2458661.304501836,766136.463092246,535.516270607468,701837.3439128882,889.5798161158497,701837.3439128882,889.5798161158497,17.8878894962181,0.0375318102384266,1.4679488504602305,1.4710087258862262e-08,13.0,1390.1556274414063,47.42390437997741,970.707882147623,612.2838234195756,0.0
2458580.563461325,765518.1465720035,2279.658606963208,701166.5109177589,2561.804182490401,701166.5109177589,2561.804182490401,17.870460199309417,0.0728329222657746,0.1748856175564814,2.035678074118217e-08,13.0,989.1818481445312,23.01930852525738,970.707882147623,612.2838234195756,4.0
2458668.3330237023,765564.0489553963,499.3454909389952,701216.3120023609,860.1282810494071,701216.3120023609,860.1282810494071,17.87175410985974,0.0370654893606826,1.5298469834403532,1.805661521684185e-08,13.0,1273.6301513671874,46.75494557350287,970.707882147623,612.2838234195756,0.0
2458581.5896142027,766821.3935967245,517.2216004592525,702580.448725282,881.8878412295559,702580.448725282,881.8878412295559,17.90719652867404,0.0374090796371071,1.5507847134660564,1.674386770879156e-08,13.0,1479.1300659179688,47.50954456562972,970.707882147623,612.2838234195756,0.0
2457844.621532202,763111.5589607125,595.3574973569984,698555.5207169963,912.3723277691495,698555.5207169963,912.3723277691495,17.80262256495757,0.0378993742969975,0.8917243935785183,1.5031792781485e-08,13.0,1172.8820068359375,33.69455177740856,970.707882147623,612.2838234195756,0.0
2458583.5520763644,766256.7083238396,573.3515591442442,701967.8021267954,917.7774908973851,701967.8021267954,917.7774908973851,17.891279005918538,0.0379873561506389,1.0629423523406123,2.1434183534620823e-08,13.0,1441.3738525390625,36.083492299566345,970.707882147623,612.2838234195756,0.0
2457844.635186139,764136.1093637857,662.0550334749947,699667.0909129287,971.5772843251123,699667.0909129287,971.5772843251123,17.83150290793475,0.038880009024707,0.7821187533622815,1.9305473436200585e-08,13.0,1144.7073486328125,31.90204363697053,970.707882147623,612.2838234195756,0.0
2458583.629591521,762931.3132647029,737.0782604766079,698359.9659223966,1025.8981160713774,698359.9659223966,1025.8981160713774,17.797541743647734,0.0398108227330729,1.440559895132396,7.0114869514425075e-09,13.0,1461.214758300781,70.36430029873982,970.707882147623,612.2838234195756,0.0
2457846.565251793,764907.9589070149,153.59372389127265,700504.4971990656,682.3652324045107,700504.4971990656,682.3652324045107,17.85326004108152,0.0344783267122512,0.999994720389859,1.0675956659278e-08,13.0,1180.2504638671876,0.1319665913836441,970.707882147623,612.2838234195756,0.0
2458585.559559274,767055.0765143442,518.5608767504616,702833.9794112743,884.5736465659671,702833.9794112743,884.5736465659671,17.91378365487937,0.0374518649040084,1.538715278732469,1.9601813448744608e-08,13.0,1508.6093139648435,46.87678098856044,970.707882147623,612.2838234195756,0.0
2457867.4574162783,760596.8554990472,1029.720816474121,695827.2318878552,1277.8503964335994,695827.2318878552,1277.8503964335994,17.731737327646655,0.0444603765008805,0.7278319907998797,1.914176365356768e-08,13.0,1168.0639770507812,51.736483168357225,970.707882147623,612.2838234195756,2.0
2458591.6234329,766163.0510851805,616.9344792895507,701866.1901467358,949.8144426948185,701866.1901467358,949.8144426948185,17.888638966769005,0.0385152988921424,1.5911440526845704,6.130868814624392e-09,13.0,3042.334033203125,59.847844062549306,970.707882147623,612.2838234195756,0.0
2457867.499043928,762956.1231552889,790.7160464740115,698386.88303146,1072.02256004619,698386.88303146,1072.02256004619,17.79824109250086,0.0406229283846448,0.8153962850085995,1.9855959030792843e-08,13.0,1158.8004638671875,41.67370666090288,970.707882147623,612.2838234195756,0.0
2458592.5083428454,765157.1758368915,690.9365606326506,700774.8812726476,1001.4933550279562,700774.8812726476,1001.4933550279562,17.860285044818745,0.0393890864213641,1.6002293447203737,2.0633508572724103e-08,13.0,6043.624267578125,69.38906676377736,970.707882147623,612.2838234195756,0.0
2457876.640910507,766013.2240814386,524.3572563172586,701703.6376442865,880.8038839763211,701703.6376442865,880.8038839763211,17.884415596945203,0.0373918270001218,0.925727946426562,2.0721280864328064e-08,13.0,1289.948486328125,28.30813044914203,970.707882147623,612.2838234195756,0.0
2458598.524753493,766261.964017655,623.7638948299177,701973.5042109356,955.7305501480031,701973.5042109356,955.7305501480031,17.891427155037913,0.0386139657279857,1.577671309287929,2.0482538924481395e-08,13.0,5366.348291015625,59.86899976498103,970.707882147623,612.2838234195756,0.0
2457887.539416314,781050.4122375179,3337.0244446759534,718018.0035698619,3712.686059642929,718018.0035698619,3712.686059642929,18.308288497739014,0.100892696692693,1.0010422785480428,1.6065213626214654e-08,13.0,34552.913671874994,145.05351931979243,970.707882147623,612.2838234195756,2.0
2458601.663460056,765791.3675957618,494.0232793717256,701462.9378636674,858.2278616471766,701462.9378636674,858.2278616471766,17.87816183785356,0.0370357417910547,1.5872905522962708,1.993928802814168e-08,13.0,1925.7548706054688,47.757038261571125,970.707882147623,612.2838234195756,0.0
2457890.47636911,764359.6311920625,668.4800242232949,699909.5974813784,978.1900854435261,699909.5974813784,978.1900854435261,17.837803610217584,0.0389917755965608,0.9842695510430884,7.296525548676707e-09,13.0,2674.82890625,41.32846758054642,970.707882147623,612.2838234195756,0.0
2458604.4781881585,765876.3576495919,464.28358319205233,701555.1465149006,839.1170705688568,701555.1465149006,839.1170705688568,17.88055756372209,0.0367389365659639,1.5779884811198897,1.9934337074296585e-08,13.0,1335.8209716796875,44.38469659543564,970.707882147623,612.2838234195756,0.0
2457892.5458247666,766298.4146817102,596.8730721436623,702013.0507980669,935.5554170484195,702013.0507980669,935.5554170484195,17.89245463760636,0.0382789868004298,0.9970425395443792,1.1387999237212024e-08,13.0,1478.5588500976562,35.21543885220174,970.707882147623,612.2838234195756,0.0
2458605.475571621,765601.8411845211,497.397024387169,701257.3140998724,859.084080286625,701257.3140998724,859.084080286625,17.872819408878414,0.0370491386595498,1.570029204111631,6.366242318822739e-09,13.0,1338.720654296875,47.84442630963944,970.707882147623,612.2838234195756,0.0
2457917.281511636,765118.8605043391,879.8612605985078,700733.3116421207,1162.6734575651442,700733.3116421207,1162.6734575651442,17.85920500039919,0.0422725533232311,0.886367043999386,1.3395489259930536e-08,13.0,2882.7102294921874,48.4269838049668,970.707882147623,612.2838234195756,0.0
2458605.5480926703,765591.2943262594,543.2378203425601,701245.8714482766,891.0889194615085,701245.8714482766,891.0889194615085,17.87252211078257,0.0375559647456843,1.2839482452246898,1.7286371846194033e-08,13.0,1406.733312988281,42.49502651989663,970.707882147623,612.2838234195756,0.0
2457920.268532557,765916.928978733,661.9378734498677,701599.1637542166,983.1933218506164,701599.1637542166,983.1933218506164,17.881701200869795,0.0390766287888525,0.8626346274311056,1.8156269259777905e-08,13.0,1311.604833984375,33.80420913197286,970.707882147623,612.2838234195756,0.0
2458606.5676491084,763941.1549756471,1389.4954598822662,699455.5781491146,1642.6074896298662,699455.5781491146,1642.6074896298662,17.82600747347154,0.0519212111916862,0.2663801727897849,2.055491556240229e-08,13.0,813.6453552246094,21.976165217513135,970.707882147623,612.2838234195756,4.0
2457920.5142538897,766380.1440245849,661.4534443444783,702101.7217911198,985.8975013625617,702101.7217911198,985.8975013625617,17.894758449548114,0.0391225982142351,0.9403114404521962,2.143313768128615e-08,13.0,1704.017578125,36.74926852703528,970.707882147623,612.2838234195756,0.0
2458609.516244652,767892.5454392047,1286.7399898061128,703742.5784358833,1557.59501608283,703742.5784358833,1557.59501608283,17.93739048740821,0.0501214950748233,0.3448651820901897,2.107285164264407e-08,13.0,1210.6264770507812,24.31218902444201,970.707882147623,612.2838234195756,4.0
2457921.3642894328,764529.3471096131,632.6030583782427,700093.7281548514,950.8251214237266,700093.7281548514,950.8251214237266,17.842587614882316,0.0385321260376023,0.8413034684221454,1.2904033924663244e-08,13.0,1214.556237792969,32.606438625194414,970.707882147623,612.2838234195756,0.0
2458613.470666297,764534.5599387896,482.67699388331016,700099.3837336609,841.0203643136883,700099.3837336609,841.0203643136883,17.84273455572002,0.0367683023170708,1.5810203665053544,9.678918444004345e-09,13.0,1404.2181030273437,48.00349244530546,970.707882147623,612.2838234195756,0.0
2457929.281848458,765493.4876726354,602.8735027008843,701139.7576242953,934.4638825224649,701139.7576242953,934.4638825224649,17.86976510664336,0.0382609790512148,0.8887524227034945,2.111204726382767e-08,13.0,1358.0193481445312,31.95085786324284,970.707882147623,612.2838234195756,0.0
2458614.498531647,763481.7485138073,772.020210110777,698957.1521768359,1058.9468060128404,698957.1521768359,1058.9468060128404,17.81305758233482,0.040390743963802,1.6073727083437137,9.316983091688841e-09,13.0,1360.210888671875,81.3933070146772,970.707882147623,612.2838234195756,0.0
2457929.400769427,765625.2879696802,560.2153640304253,701282.752328675,903.6219095077189,701282.752328675,903.6219095077189,17.87348033409505,0.0377575725552773,0.9351217418879202,1.0206353669541798e-08,13.0,1206.3112426757812,31.224587540361675,970.707882147623,612.2838234195756,0.0
2458616.53332617,765203.2342687203,481.2188770987503,700824.8516595988,845.1213226663442,700824.8516595988,845.1213226663442,17.861583354110525,0.036831721403778,1.5732804099630353,2.0000815285316397e-08,13.0,1449.2725952148437,46.77347243666991,970.707882147623,612.2838234195756,0.0
2457930.3308662456,764566.4470729346,512.3989062168141,700133.9791892313,861.704316380309,700133.9791892313,861.704316380309,17.843633400098884,0.0370901928159032,0.9180913282214868,2.090197196831225e-08,13.0,1181.0451904296874,28.46236037410052,970.707882147623,612.2838234195756,0.0
2458617.4448756645,0.0,0.0,0.0,0.0,0.0,0.0,0.0,0.0,0.0,0.0,13.0,0.0,0.0,0.0,0.0,5.0
2457937.5078282906,765306.6175352796,647.7671291675779,700937.0157439818,967.9319515768398,700937.0157439818,967.9319515768398,17.864497553536314,0.0388185792242233,0.8457883206674968,1.1894229561156724e-08,13.0,2175.5562255859377,33.09185111349157,970.707882147623,612.2838234195756,0.0
2458618.489133425,765917.6558385676,548.2745941312892,701599.9523496102,897.0857913732739,701599.9523496102,897.0857913732739,17.881721689819145,0.0376522165479533,1.43419686124825,2.052244714867157e-08,13.0,2594.003369140625,47.72136080327198,970.707882147623,612.2838234195756,0.0
2457938.320787105,766562.2529157584,739.2979492076126,702299.2980306444,1050.1181946658205,702299.2980306444,1050.1181946658205,17.89989179117827,0.0402348425372098,0.863905312242801,2.1434130012040018e-08,13.0,3452.599267578125,37.726809924504806,970.707882147623,612.2838234195756,0.0
2458627.4767297106,0.0,0.0,0.0,0.0,0.0,0.0,0.0,0.0,0.0,0.0,13.0,0.0,0.0,0.0,0.0,5.0
2457939.2205914864,765487.8318884654,1410.0091137748075,701133.6214682808,1668.987762448371,701133.6214682808,1668.987762448371,17.869605679653585,0.0524860353808616,0.781541420237098,1.7511203035419257e-08,13.0,7193.316845703125,68.59488956388098,970.707882147623,612.2838234195756,0.0
2458627.4787909323,767091.8854807242,827.3492845820789,702873.9147330006,1127.9004002017352,702873.9147330006,1127.9004002017352,17.914821237384345,0.0416317524277148,1.548712808869483,8.037066418974563e-09,13.0,6700.119140625,76.94234493522937,970.707882147623,612.2838234195756,0.0
2457939.51027184,772381.8796067913,2399.135195142098,708613.2124674581,2704.7302435041847,708613.2124674581,2704.7302435041847,18.063937224504038,0.0762415509334037,0.6956385067338589,2.1415101982005443e-08,13.0,10992.966796875,88.64340381559637,970.707882147623,612.2838234195756,4.0
2458629.407768317,766392.9446063066,481.03838943750014,702115.6095853071,854.130573590881,702115.6095853071,854.130573590881,17.895119276296438,0.036971752135139,1.3891366694013,2.1373705264671626e-08,13.0,1333.4558471679688,39.68210597904314,970.707882147623,612.2838234195756,0.0
2457941.557422048,767297.4944721999,1978.6784285977908,703096.9870447718,2253.3678920977322,703096.9870447718,2253.3678920977322,17.920617007094844,0.065590252218903,0.8557985928344863,1.6335415645613555e-08,13.0,30460.416015625,101.7078122650553,970.707882147623,612.2838234195756,0.0
2458630.4780625715,770354.096469669,2292.6270532015187,706413.2003526033,2588.0868931706827,706413.2003526033,2588.0868931706827,18.006777447583552,0.0734575599452889,0.233782558638367,2.1281541224832615e-08,13.0,1879.826342773437,28.280865520596585,970.707882147623,612.2838234195756,4.0
2457942.463006235,786438.3968450483,5162.965106566783,723863.6145694876,5669.792790948256,723863.6145694876,5669.792790948256,18.46016667079379,0.1502493834969792,0.9150029647209004,1.6718887916610916e-08,13.0,65958.45390625,180.59682668554532,970.707882147623,612.2838234195756,2.0
2458638.387311093,765604.6282921274,463.7931980521157,701260.3379293873,836.6852892834926,701260.3379293873,836.6852892834926,17.87289797272784,0.0367014771564667,1.4905398799411702,2.1280544974746547e-08,13.0,1315.9852172851563,42.01113810272471,970.707882147623,612.2838234195756,0.0
2457943.209657143,765978.4970591473,2051.4010718877016,701665.9610957664,2324.9036757988733,701665.9610957664,2324.9036757988733,17.883436700922775,0.0672544647592169,0.8197413826642854,1.7002950179509122e-08,13.0,24903.265039062502,104.24644748645852,970.707882147623,612.2838234195756,0.0
2458641.379389222,764784.1560722524,461.0173306673481,700370.1792183388,828.5176686579308,700370.1792183388,828.5176686579308,17.849770248564955,0.0365761851946182,1.535907267825936,1.8598505955366305e-08,13.0,1291.3889404296874,44.05498555694591,970.707882147623,612.2838234195756,0.0
2457945.46849369,779922.106490736,3838.7523886360837,716793.8656101668,4243.012908460333,716793.8656101668,4243.012908460333,18.276483467110506,0.1141376733952876,0.9135378789672433,9.095540401501091e-09,13.0,16574.0025390625,156.55214954897085,970.707882147623,612.2838234195756,0.0
2458645.420886237,766692.6678489419,514.9318716637849,702440.7897058183,879.3383516816276,702440.7897058183,879.3383516816276,17.903567967565863,0.0373685429258411,1.523933471793374,2.1386424984668816e-08,13.0,1593.1555053710938,46.71600993705755,970.707882147623,612.2838234195756,0.0
2457946.2225232264,759965.410468922,760.9001477963357,695142.1553179261,1029.035288715056,695142.1553179261,1029.035288715056,17.713937960249456,0.039865538178652,0.8027442339063129,1.9421567949332506e-08,13.0,1302.583935546875,42.4912474442415,970.707882147623,612.2838234195756,0.0
2458648.3919947343,765155.6506340012,611.8187945976454,700773.2265272385,938.9600868507023,700773.2265272385,938.9600868507023,17.860242051928918,0.0383352130208021,1.554797250142442,1.5056871317765987e-08,13.0,4664.516845703125,59.42224435518295,970.707882147623,612.2838234195756,0.0
2457946.285901074,772261.2008964835,1295.8261115518042,708482.2839574893,1585.9399467213707,708482.2839574893,1585.9399467213707,18.06053549577182,0.0507181221805712,0.8726694645683598,2.1053000759356507e-08,13.0,5444.34931640625,59.56821318052792,970.707882147623,612.2838234195756,0.0
2458654.4029523274,764234.4505852046,1257.4272430930898,699773.7847080143,1513.4016504441147,699773.7847080143,1513.4016504441147,17.834274980635954,0.0491990524139686,1.2864252433707724,8.114292817560811e-09,13.0,16723.1046875,104.57641191233482,970.707882147623,612.2838234195756,0.0
2457946.5539573054,0.0,0.0,0.0,0.0,0.0,0.0,0.0,0.0,0.0,0.0,13.0,0.0,0.0,0.0,0.0,5.0
2458654.534325801,765956.1605389802,1194.0564138614438,701641.7274318838,1459.342260165285,701641.7274318838,1459.342260165285,17.882807072198393,0.0480839289672948,1.1716195696706615,2.0507640223017685e-08,13.0,20293.0037109375,86.53285664295603,970.707882147623,612.2838234195756,0.0
2457947.355011532,766972.3150339237,917.730837031401,702744.1886164718,1206.7384315521513,702744.1886164718,1206.7384315521513,17.91145074872592,0.0430981413300986,0.915732805600414,2.0977049870204942e-08,13.0,3876.0372070312496,49.95362988348862,970.707882147623,612.2838234195756,0.0
2458655.355112031,767602.5493041396,1098.4349363312078,703427.9515910668,1376.0481431606952,703427.9515910668,1376.0481431606952,17.92921598684912,0.0463965569955998,1.2336461731882515,2.1103309098986043e-08,13.0,10795.19375,80.34593353914208,970.707882147623,612.2838234195756,0.0
2457947.559679398,765972.0009146663,873.3954128008036,701658.9132037626,1161.696341030839,701658.9132037626,1161.696341030839,17.88325358559718,0.0422544182214308,0.8607220900018893,1.7811791718394196e-08,13.0,4672.657177734375,45.57265455223919,970.707882147623,612.2838234195756,0.0
2458655.4558485434,765253.8456276198,838.5598949398337,700879.7616747228,1126.9465342185824,700879.7616747228,1126.9465342185824,17.863010002715786,0.0416142955058732,1.3353042071917356,1.4786746121785941e-08,13.0,6866.108837890625,70.08907232242409,970.707882147623,612.2838234195756,0.0
2457948.3068485176,764759.0347329515,570.2621868061618,700342.9242077849,904.8384949310819,700342.9242077849,904.8384949310819,17.84906212049934,0.0377772345735265,0.9365284759401138,2.1327856198943784e-08,13.0,1176.640673828125,32.61522385140648,970.707882147623,612.2838234195756,0.0
2458661.2690360844,765708.6952476621,507.1597893537732,701373.2437716053,866.5789409473903,701373.2437716053,866.5789409473903,17.87583144418948,0.0371667787340125,1.4283096117193872,2.1336577704730716e-08,13.0,1408.601171875,44.00633838176562,970.707882147623,612.2838234195756,0.0
2457949.229750251,762976.5484841551,677.8660886453191,698409.043177746,976.9377751942959,698409.043177746,976.9377751942959,17.798816847974987,0.03897059429629,0.860601022945161,1.5117675936862263e-08,13.0,1237.958740234375,37.42838891332502,970.707882147623,612.2838234195756,0.0
2458661.280856016,766425.2746552184,519.4936850276002,702150.6855744383,880.4854038141181,702150.6855744383,880.4854038141181,17.896030605693436,0.0373867674655736,1.4512086169987128,2.1044088309603143e-08,13.0,1409.2079833984376,45.052116300246375,970.707882147623,612.2838234195756,0.0
2457949.524419063,765558.7419487153,736.745499859547,701210.5542471162,1041.7122743612194,701210.5542471162,1041.7122743612194,17.871604514317458,0.0400870568985431,0.8890571962415468,1.648804296568623e-08,13.0,2000.0392456054688,39.741327821053446,970.707882147623,612.2838234195756,0.0
2458661.2926716423,770352.6574942843,593.0868489523282,706411.6391584001,961.9264665160723,706411.6391584001,961.9264665160723,18.00673688530129,0.0387178003604585,1.4528302369371502,1.846969230386968e-08,13.0,1437.1440185546876,46.48522482902082,970.707882147623,612.2838234195756,0.0
2457847.474401702,764850.8932328488,614.3447366259117,700442.5846738997,938.8164484516221,700442.5846738997,938.8164484516221,17.851651456245474,0.0383328386144951,0.9458091963103372,2.1018285701756373e-08,13.0,1145.1377197265624,35.668857670488634,970.707882147623,612.2838234195756,0.0
2457954.54251522,763417.0080727537,866.1492860304122,698886.9130314202,1141.0812300827108,698886.9130314202,1141.0812300827108,17.811232658801035,0.0418735127521919,0.7793088731650604,1.9548525275356213e-08,13.0,1285.7112060546874,43.22912063692445,970.707882147623,612.2838234195756,2.0
2457848.6399638266,764380.4592768708,746.8781565929654,699932.1945915273,1042.9434705565805,699932.1945915273,1042.9434705565805,17.838390718700506,0.0401086631375894,0.6820446680167153,7.60356952133935e-09,13.0,1151.0256835937498,31.32062951153595,970.707882147623,612.2838234195756,4.0
2457956.393108671,767280.5880542496,567.0998499931327,703078.6446867418,920.6054245510627,703078.6446867418,920.6054245510627,17.9201404437677,0.0380335354831782,0.9309039945949392,1.9352532460506976e-08,13.0,1122.0333374023437,30.03360602899973,970.707882147623,612.2838234195756,0.0
2457864.6033046963,765115.8752043942,651.9650223599947,700730.0727868773,969.9765055017474,700730.0727868773,969.9765055017474,17.85912084984296,0.0388530141546024,1.00279899934451,2.1403930891910293e-08,13.0,1357.5984985351563,40.22004202266017,970.707882147623,612.2838234195756,0.0
2458670.300158869,766703.7066052309,476.7600799471833,702452.7660346102,853.7120121134648,702452.7660346102,853.7120121134648,17.903879131435115,0.0369652298376052,1.4992843250935122,2.012405831840042e-08,13.0,1376.20205078125,42.20685641036481,970.707882147623,612.2838234195756,0.0
2457957.427631184,767019.8598852226,604.9335831021405,702795.7716713565,946.6911049458448,702795.7716713565,946.6911049458448,17.91279095766849,0.0384633664124689,0.9401143511378556,1.3628402600883896e-08,13.0,1120.0666015625,32.80611562972448,970.707882147623,612.2838234195756,0.0
2457958.371690423,764696.3267437496,610.5867773765469,700274.8901397345,934.8693449761496,700274.8901397345,934.8693449761496,17.847294488345646,0.0382676651251024,0.93648559201787,1.8419540265305305e-08,13.0,1144.534228515625,35.16671363356716,970.707882147623,612.2838234195756,0.0
2457958.46966393,765817.8741570936,564.0662430407979,701491.6957495512,907.8195868315398,701491.6957495512,907.8195868315398,17.878909012985325,0.0378254845316473,0.9229606848198646,1.985528508176533e-08,13.0,1147.506640625,30.793655157369525,970.707882147623,612.2838234195756,0.0
2457959.281365053,764901.7579433195,549.089445344232,700497.7695589137,890.316699309856,700497.7695589137,890.316699309856,17.853085246403026,0.0375435990345502,0.8919923692243052,1.9338473953361985e-08,13.0,1163.9339721679687,29.521101334554547,970.707882147623,612.2838234195756,0.0
2457965.402054788,766483.4603454185,863.0571393285389,702213.8132437681,1155.4781859819504,702213.8132437681,1155.4781859819504,17.897670761887134,0.0421391726107656,0.8053433005770818,1.4796446983081204e-08,13.0,2827.119287109375,41.29366242778761,970.707882147623,612.2838234195756,0.0
2457967.465456381,771180.2172073112,1432.0621190312604,707309.4873360944,1713.7707133472381,707309.4873360944,1713.7707133472381,18.0300643939086,0.0534514617577258,0.8027342076898255,6.648281957800774e-09,13.0,6663.776269531249,62.359692193498525,970.707882147623,612.2838234195756,0.0
2457968.3680965863,767990.3730149741,1903.9668020420863,703848.7149590252,2178.43154562114,703848.7149590252,2178.43154562114,17.940148081307328,0.0638584291182314,0.9091481887689564,1.7409426510308493e-08,13.0,12533.91923828125,102.20805621499213,970.707882147623,612.2838234195756,0.0
2457969.33330532,781794.8113878608,3983.3802252202026,718825.6279745933,4400.684570168779,718825.6279745933,4400.684570168779,18.32927185073887,0.1180992013423582,0.9359553657935372,2.104886584750093e-08,13.0,37612.080468750006,159.07870786029758,970.707882147623,612.2838234195756,2.0
2457971.250735761,768073.5779183665,1939.2236190729486,703938.9868387579,2214.991435830811,703938.9868387579,2214.991435830811,17.942493486804374,0.0647018274788156,0.8846181603898894,2.0654735267382312e-08,13.0,17337.9451171875,101.11855629715208,970.707882147623,612.2838234195756,0.0
2457972.3057088405,783533.3282491637,3686.192782984872,720711.80509419,4088.1356214861735,720711.80509419,4088.1356214861735,18.37827770059793,0.1102562468001618,0.9275873343610982,1.7520029680785847e-08,13.0,24319.659765625,139.99320080641036,970.707882147623,612.2838234195756,2.0
2457972.447663879,783950.0438681605,4865.320017824159,721163.9142933743,5346.868344929931,721163.9142933743,5346.868344929931,18.39002420908057,0.1420329057940617,0.8937138057570467,6.349928140493831e-09,13.0,28547.945898437498,176.4853534925489,970.707882147623,612.2838234195756,2.0
2457973.489284946,825310.3926453199,9815.750926315131,766037.1883228143,10726.789639009317,766037.1883228143,10726.789639009317,19.555902485793517,0.2802655524496935,0.8412817953881812,2.14339320422883e-08,13.0,19969.3349609375,125.01764510843714,970.707882147623,612.2838234195756,0.0
2457974.405988326,764873.2615258271,1123.3415786222365,700466.852809206,1386.6382740420297,700466.852809206,1386.6382740420297,17.852281980591677,0.0466088860673601,0.927645708355411,8.78237549341049e-09,13.0,5273.387255859375,65.81533527669417,970.707882147623,612.2838234195756,0.0
2457979.4565962977,764731.7689772424,669.7318708626029,700313.3426456434,981.6148285088592,700313.3426456434,981.6148285088592,17.848293544962164,0.0390498293512981,0.8524776692859626,1.514392867999429e-08,13.0,1621.231555175781,35.1011584204404,970.707882147623,612.2838234195756,0.0
2457980.342410183,769810.3630267082,15224.94216114686,705823.2851196249,16533.304495609387,705823.2851196249,16533.304495609387,17.991450521476484,0.43057790480925,0.0206474907304015,9.827660697001697e-09,13.0,557.9064575195313,14.84865482006134,970.707882147623,612.2838234195756,4.0
2457984.4181637745,763582.5867694579,615.204107853704,699066.5550907924,930.8954883732457,699066.5550907924,930.8954883732457,17.81590004220764,0.0382022255373551,0.6200099265121253,1.6119616841650342e-08,13.0,1100.83076171875,23.01872802600637,970.707882147623,612.2838234195756,4.0
2457985.411923606,765003.1024761113,595.7443181608338,700607.7217504646,925.6538581193236,700607.7217504646,925.6538581193236,17.85594197737215,0.0381161397244041,0.8298515143926616,2.1213055328836968e-08,13.0,1177.2954223632812,29.59066887964952,970.707882147623,612.2838234195756,0.0
2457986.335461361,757529.8415200125,5408.893432724781,692499.7222608242,5898.025406129559,692499.7222608242,5898.025406129559,17.645283391008043,0.1560671419906423,0.0527147849483233,2.1374351482221392e-08,13.0,745.2464477539062,19.29503597040097,970.707882147623,612.2838234195756,4.0
2457986.436139132,0.0,0.0,0.0,0.0,0.0,0.0,0.0,0.0,0.0,0.0,13.0,0.0,0.0,0.0,0.0,5.0
2457989.341793312,766302.2953751141,534.9541074873795,702017.2610966663,890.4061897902377,702017.2610966663,890.4061897902377,17.89256402778976,0.0375450375801559,0.8686323257558886,2.077141736454793e-08,13.0,1198.180126953125,26.475712730024988,970.707882147623,612.2838234195756,0.0
2457991.347971377,765398.7382911745,550.7193867909049,701036.9607407071,895.0846614190232,701036.9607407071,895.0846614190232,17.867094281835477,0.0376200515307091,0.8699766533076532,1.7855984683903096e-08,13.0,1183.8634033203125,28.15021261515889,970.707882147623,612.2838234195756,0.0
2457992.223905595,-387313769.23000604,-387313769.23000604,-387313769.23000604,-387313769.23000604,-387313769.23000604,-387313769.23000604,0.0,0.0,-9999.99,-9999.99,13.0,-9999.99,-9999.99,-9999.99,-9999.99,5.0
2457992.420261081,764512.2441068231,544.8596390547211,700075.172515124,884.4437786625845,700075.172515124,884.4437786625845,17.842105510161037,0.0374497792708417,0.8693224034775641,1.9363233833254776e-08,13.0,1138.4589721679688,28.59866487588852,970.707882147623,612.2838234195756,0.0
2458000.3341853563,0.0,0.0,0.0,0.0,0.0,0.0,0.0,0.0,0.0,0.0,13.0,0.0,0.0,0.0,0.0,5.0
2458001.2489980594,765202.0604937915,1188.4469246536282,700823.5781905488,1450.5706631575927,700823.5781905488,1450.5706631575927,17.861550267380554,0.0479044238782324,0.8114696823952201,2.1089497169775152e-08,13.0,6175.161865234375,60.28458515229593,970.707882147623,612.2838234195756,0.0
2458001.3902694248,0.0,0.0,0.0,0.0,0.0,0.0,0.0,0.0,0.0,0.0,13.0,0.0,0.0,0.0,0.0,5.0
2458003.297798593,765589.9590154795,760.4489884023039,701244.4227233921,1061.764108710007,701244.4227233921,1061.764108710007,17.872484470630205,0.0404406286655311,0.8684000221188958,1.9045139899177332e-08,13.0,3869.7405517578127,40.11024843886187,970.707882147623,612.2838234195756,0.0
2458006.2573504504,765929.4669620573,621.5748929630734,701612.7666463127,951.76285835573,701612.7666463127,951.76285835573,17.882054625413435,0.0385477518810103,0.8606951565921177,2.0096761783379865e-08,13.0,1173.2309326171876,31.6147570456114,970.707882147623,612.2838234195756,0.0
2458007.2988764485,-387313769.23000604,-387313769.23000604,-387313769.23000604,-387313769.23000604,-387313769.23000604,-387313769.23000604,0.0,0.0,-9999.99,-9999.99,13.0,-9999.99,-9999.99,-9999.99,-9999.99,5.0
2458010.2604249176,0.0,0.0,0.0,0.0,0.0,0.0,0.0,0.0,0.0,0.0,13.0,0.0,0.0,0.0,0.0,5.0
2458011.32532236,0.0,0.0,0.0,0.0,0.0,0.0,0.0,0.0,0.0,0.0,13.0,0.0,0.0,0.0,0.0,5.0
2458013.2764047696,763846.5705564023,512.0709379954995,699352.9602387449,856.1709734752244,699352.9602387449,856.1709734752244,17.823341298669508,0.0370035972122961,0.8281028707735808,2.1165613814503045e-08,13.0,1198.5549926757812,25.77445228342232,970.707882147623,612.2838234195756,0.0
2458014.3705527075,762896.3250479881,713.4549373376337,698322.0059950058,1005.8333242989733,698322.0059950058,1005.8333242989733,17.796555484996276,0.039463688519907,0.6174244646761599,1.940326010689237e-08,13.0,1245.04580078125,27.48637907515062,970.707882147623,612.2838234195756,4.0
2458016.3460558387,766442.1906055609,811.9422100448704,702169.0382744913,1110.7682854461002,702169.0382744913,1110.7682854461002,17.8965074377226,0.0413196332318849,0.5447809840432486,1.6261040438962267e-08,13.0,1089.5810668945312,24.99644383670704,970.707882147623,612.2838234195756,4.0
2458019.2728536697,765468.0148504447,599.095363871361,701112.1212777881,931.4221212743681,701112.1212777881,931.4221212743681,17.869047070869563,0.0382108787698189,0.8872572996513357,1.210499548645181e-08,13.0,1293.8625,31.67877176090856,970.707882147623,612.2838234195756,0.0
2458020.349691239,-387313769.23000604,-387313769.23000604,-387313769.23000604,-387313769.23000604,-387313769.23000604,-387313769.23000604,0.0,0.0,-9999.99,-9999.99,13.0,-9999.99,-9999.99,-9999.99,-9999.99,5.0
2458021.2600582764,0.0,0.0,0.0,0.0,0.0,0.0,0.0,0.0,0.0,0.0,13.0,0.0,0.0,0.0,0.0,5.0
2458024.234558592,0.0,0.0,0.0,0.0,0.0,0.0,0.0,0.0,0.0,0.0,13.0,0.0,0.0,0.0,0.0,5.0
2458028.2803547904,0.0,0.0,0.0,0.0,0.0,0.0,0.0,0.0,0.0,0.0,13.0,0.0,0.0,0.0,0.0,5.0
2458032.2512581176,763724.0848753805,831.3020271298561,699220.0712837024,1111.880842696622,699220.0712837024,1111.880842696622,17.819888634489104,0.0413398292432436,0.8145231566465595,1.6607150123978435e-08,13.0,4254.598291015625,43.11801134290004,970.707882147623,612.2838234195756,0.0
2458036.25526954,788518.3234514975,36775.77640943702,726120.1989391014,39909.43691189122,726120.1989391014,39909.43691189122,18.518796283921134,1.0373316406895183,0.0141539068554736,2.1015683685610612e-08,13.0,668.3241638183594,16.14527913453367,970.707882147623,612.2838234195756,6.0
2458047.2585074967,764552.828258527,782.35463566165,700119.2036660813,1074.1425110007506,700119.2036660813,1074.1425110007506,17.84324950875508,0.0406606938026112,0.7883751905848944,1.8442549110202507e-08,13.0,1538.7674682617187,38.09923160798846,970.707882147623,612.2838234195756,0.0
2458053.261919596,766236.2521697978,1016.6052073202263,701945.608537209,1292.9040031120842,701945.608537209,1292.9040031120842,17.890702381534847,0.0447531196720281,0.7660267613301776,1.9391614133028247e-08,13.0,3904.394287109375,46.87057080808259,970.707882147623,612.2838234195756,0.0
2458165.624770011,764875.3958134243,676.6471999904982,700469.1683716953,988.1120467569258,700469.1683716953,988.1120467569258,17.852342142549183,0.0391602879840642,0.816406625269133,1.8356013176199946e-08,13.0,1781.9478515625,33.69463614500305,970.707882147623,612.2838234195756,0.0
2458245.6588727683,0.0,0.0,0.0,0.0,0.0,0.0,0.0,0.0,0.0,0.0,13.0,0.0,0.0,0.0,0.0,5.0
2458249.6094268835,775963.1524412654,13447.703589877652,712498.6593272366,14610.23510021134,712498.6593272366,14610.23510021134,18.164887248479683,0.3807470132792619,0.0347032443766127,1.842729962974092e-08,13.0,1245.7016479492188,20.60183905114286,970.707882147623,612.2838234195756,4.0
2458249.6565267816,759871.1290292817,5508.298671733364,695039.866120616,6007.546863998115,695039.866120616,6007.546863998115,17.711280325930026,0.1588620162193476,0.0663974732966606,1.8762305225603967e-08,13.0,1531.5252319335937,24.361179685377323,970.707882147623,612.2838234195756,4.0
2458251.64226252,764369.0065296593,756.238264544508,699919.769109654,1050.7837336193052,699919.769109654,1050.7837336193052,17.83806788512735,0.0402465642431045,0.5817912125074653,1.6293214098098056e-08,13.0,1373.0222290039062,26.59811649789172,970.707882147623,612.2838234195756,4.0
2458252.5128877084,764392.0263218847,657.7362739041051,699944.7440790425,969.7914310689036,699944.7440790425,969.7914310689036,17.83871677413537,0.0388498979489517,0.8810107577944091,2.1421768654055046e-08,13.0,1191.4698608398437,36.03656666368822,970.707882147623,612.2838234195756,0.0
2458252.6269856244,766039.3394630428,610.4196872556079,701731.9711257424,943.9880038941609,701731.9711257424,943.9880038941609,17.885151745382064,0.0384184807976042,0.8562922678815696,2.117946418217041e-08,13.0,1332.782312011719,30.721566929917834,970.707882147623,612.2838234195756,0.0
2458255.545914813,766406.2849325269,609.6538284537511,702130.0829669839,945.9577062081552,702130.0829669839,945.9577062081552,17.895495317529264,0.0384511752310821,0.8942711471462854,1.713827492320054e-08,13.0,1299.8269531249998,31.929675805484948,970.707882147623,612.2838234195756,0.0
2458256.5666726194,766566.1867322774,639.8636553976726,702303.565964351,970.2473000320986,702303.565964351,970.2473000320986,17.90000267881244,0.0388575871991004,0.8717805573457057,1.7380887065685998e-08,13.0,1269.3823486328124,32.470908576131656,970.707882147623,612.2838234195756,0.0
2458257.584414819,769429.4058428169,1504.4238910139263,705409.9714844243,1778.3113138152592,705409.9714844243,1778.3113138152592,17.98071198279902,0.0548561220636052,0.2749937756537238,1.989407672785776e-08,13.0,1132.8663330078125,21.351209776576127,970.707882147623,612.2838234195756,4.0
2458275.574120163,765413.2709324278,672.285281950161,701052.7277062337,988.113496039639,701052.7277062337,988.113496039639,17.867503932412447,0.0391603126359369,0.879998468587338,1.332350698041384e-08,13.0,1714.4200317382813,35.8443748078429,970.707882147623,612.2838234195756,0.0
2458276.3785189395,765512.8265535913,582.4558116533146,701160.7390456378,919.2312788272599,701160.7390456378,919.2312788272599,17.870310236988466,0.0380110723922905,0.8423019022964628,2.1369012845947013e-08,13.0,1120.5636596679688,29.0053779619308,970.707882147623,612.2838234195756,0.0
2458276.462250938,766433.9116042001,580.1963878987426,702160.0560993471,924.0907322821936,702160.0560993471,924.0907322821936,17.896274066677027,0.038090535229241,0.841957337856445,2.083118276288164e-08,13.0,1282.2152709960938,27.99925701603668,970.707882147623,612.2838234195756,0.0
2458277.3758365232,823988.5919727029,54042.890431604916,764603.1210204747,58646.79207049984,764603.1210204747,58646.79207049984,19.51864316047564,1.524023264008319,0.0219508028821984,1.4236586888418738e-08,13.0,524.204248046875,15.641742885267076,970.707882147623,612.2838234195756,4.0
2458277.5604625684,764106.8562915315,771.5599279125958,699635.3532422786,1062.2525941650201,699635.3532422786,1062.2525941650201,17.830678313305427,0.0404492911504066,0.7143949784347151,1.901446860234388e-08,13.0,1399.996984863281,34.25017396052483,970.707882147623,612.2838234195756,0.0
2458278.3731292933,765400.4913743295,1479.937419823658,701038.8627213034,1738.466093179606,701038.8627213034,1738.466093179606,17.867143698284526,0.053987000426238,0.2971231338021632,1.8991053430092654e-08,13.0,980.9847351074218,25.827206337675435,970.707882147623,612.2838234195756,4.0
2458278.507567356,764481.7822696774,646.5340609543329,700042.1234136025,961.4771245908162,700042.1234136025,961.4771245908162,17.84124684249388,0.0387101442279983,0.6941885973617152,1.8729154768536404e-08,13.0,1173.604931640625,26.948658381932013,970.707882147623,612.2838234195756,4.0
2458281.52926847,766754.7045288521,693.3990770671486,702508.0954471821,1013.8509348566729,702508.0954471821,1013.8509348566729,17.90531667664606,0.0396019293865968,0.8703712424662916,1.6177931236530263e-08,13.0,1118.392004394531,35.279750974548136,970.707882147623,612.2838234195756,0.0
2458282.36260925,764741.4644070539,631.0210459145177,700323.8615530424,951.0108761946664,700323.8615530424,951.0108761946664,17.848566842730087,0.0385352194153893,0.8067614967619163,1.7440114567122366e-08,13.0,1128.2241943359377,30.79467635264136,970.707882147623,612.2838234195756,0.0
2458292.3310748525,766198.8841263244,1035.352231018922,701905.0666533924,1310.110625856817,701905.0666533924,1310.110625856817,17.889649039592218,0.0450896464542911,0.8481397389451742,2.1308751812183688e-08,13.0,2694.1560791015627,53.34080095111052,970.707882147623,612.2838234195756,0.0
2458292.4348528185,764514.302362324,640.1506291555936,700077.4055877601,956.6525841664591,700077.4055877601,956.6525841664591,17.842163528902343,0.0386293715615005,0.868111679147643,1.823816232291692e-08,13.0,1756.0533935546875,34.29742472050666,970.707882147623,612.2838234195756,0.0
2458300.37233397,767772.6808259663,1810.7048532729293,703612.5331680045,2082.025461916267,703612.5331680045,2082.025461916267,17.93401170669546,0.0616492967971557,0.835075577300048,1.9542212278215924e-08,13.0,13691.3353515625,89.62514972391908,970.707882147623,612.2838234195756,0.0
2458303.386133644,765854.7101620523,729.5519118010822,701531.6604063666,1037.5940689056702,701531.6604063666,1037.5940689056702,17.879947357662097,0.0400148953936929,0.8606373409606601,1.1866351558350012e-08,13.0,1670.1118041992188,37.72434674594914,970.707882147623,612.2838234195756,0.0
2458304.456580722,764890.114703962,685.8607832729042,700485.1374055175,995.6559138858441,700485.1374055175,995.6559138858441,17.85275704317847,0.0392890614372109,0.8693109344466419,2.0671161688925604e-08,13.0,1367.7375610351562,36.66116069975366,970.707882147623,612.2838234195756,0.0
2458305.306583637,765085.8234366993,600.7383717624091,700697.4685838969,930.0172461280838,700697.4685838969,930.0172461280838,17.85827374134004,0.0381877719503463,0.845719412872425,1.2192401530261766e-08,13.0,1114.9536010742188,30.46193898971231,970.707882147623,612.2838234195756,0.0
2458306.2970073363,765646.132790313,644.0045632355456,701305.3675960993,967.2496921910434,701305.3675960993,967.2496921910434,17.874067914332553,0.0388070987766144,0.8341228234707906,2.1348020507358584e-08,13.0,1045.3646728515623,32.03876376087251,970.707882147623,612.2838234195756,0.0
2458308.295095597,766172.514836743,606.6084876416273,701876.457698383,942.0191666500115,701876.457698383,942.0191666500115,17.88890573391893,0.03838584585605,0.8377506445252081,2.075599043316421e-08,13.0,1054.0128784179688,29.685932401755657,970.707882147623,612.2838234195756,0.0
2458310.286114429,765918.465622974,599.690045477879,701600.8309127424,935.0126298533972,701600.8309127424,935.0126298533972,17.881744516271922,0.0382700299176153,0.8061123392774342,1.6833271070156066e-08,13.0,1108.6702636718749,28.13089154922628,970.707882147623,612.2838234195756,0.0
2458320.2581903823,766857.7078558434,760.7403627618253,702619.8473219771,1069.8253016653573,702619.8473219771,1069.8253016653573,17.908220166218054,0.0405837992204357,0.8160976410975044,2.1336574656628395e-08,13.0,2853.5585693359376,36.328562404001154,970.707882147623,612.2838234195756,0.0
2458674.2892283723,766241.9119709139,542.1396276335748,701951.7490513467,895.0636276388019,701951.7490513467,895.0636276388019,17.89086192175553,0.0376197189952382,1.45419697630764,2.087340329628853e-08,13.0,2147.912255859375,47.30810573112757,970.707882147623,612.2838234195756,0.0
2458700.2785239825,765518.3870168393,501.8568600567639,701166.7717846849,861.5031760307457,701166.7717846849,861.5031760307457,17.87046697704267,0.0370870375733594,1.4468010524032209,2.138229836912229e-08,13.0,1361.8298461914062,44.186698883009,970.707882147623,612.2838234195756,0.0
2458702.314620388,764459.9380210608,573.9547021388793,700018.4238321644,905.4787157971704,700018.4238321644,905.4787157971704,17.8406310900719,0.0377875897898623,1.4699487811790153,2.028335617015773e-08,13.0,1512.5902587890623,53.42517624632718,970.707882147623,612.2838234195756,0.0
2458705.331297047,764888.7859078445,709.5306842372405,700483.6957486144,1014.9833891745734,700483.6957486144,1014.9833891745734,17.852719586663394,0.0396214951784895,1.484732303348262,1.9048951203354805e-08,13.0,6751.893798828125,66.47580500428283,970.707882147623,612.2838234195756,0.0
2458710.2488079933,772763.3526276631,1730.0582580528187,709027.0857520535,2017.220923793171,709027.0857520535,2017.220923793171,18.074690303753503,0.0601774792539989,1.4608632803882606,1.9415405556177396e-08,13.0,14516.9083984375,133.56557512015215,970.707882147623,612.2838234195756,0.0
2458710.311108535,765358.6725957354,812.912635385852,700993.4920808972,1105.21794655172,700993.4920808972,1105.21794655172,17.865964897646627,0.0412190350916671,1.4657558992876272,7.625963245405519e-09,13.0,5941.795068359375,74.55533799269244,970.707882147623,612.2838234195756,0.0
2458711.290968925,766164.8847896617,728.004632910045,701868.1795961995,1038.2712928634774,701868.1795961995,1038.2712928634774,17.888690655796882,0.0400267539634745,1.4349812858477378,1.9025357280247893e-08,13.0,5716.777099609375,63.812274363244,970.707882147623,612.2838234195756,0.0
2458712.3256003177,765800.6900952425,767.8642777683289,701473.0521660416,1069.3107121295761,701473.0521660416,1069.3107121295761,17.878424623346202,0.0405746325936644,1.3580412705467124,1.5357962529124434e-08,13.0,4762.62412109375,64.35832956325275,970.707882147623,612.2838234195756,0.0
2458713.2737512034,765794.757292979,576.2802703081552,701466.615463509,916.6403857954729,701466.615463509,916.6403857954729,17.87825738768491,0.0379688142353883,1.309472041150927,2.1240504882271697e-08,13.0,2581.052978515625,45.94636254271427,970.707882147623,612.2838234195756,0.0
2458715.2174431877,766160.5327008452,617.7645818730081,701863.4578643995,950.4319225947035,701863.4578643995,950.4319225947035,17.888567977774088,0.0385255800358164,1.4259228132223103,2.143501305751448e-08,13.0,2260.708251953125,53.40648341955184,970.707882147623,612.2838234195756,0.0
2458720.3276619185,766946.66212984,452.4735386394198,702716.3568928862,839.9335050415987,702716.3568928862,839.9335050415987,17.910727636748163,0.0367515412276203,1.3830999178901848,1.7946014795536122e-08,13.0,1289.1090087890625,36.30339256178731,970.707882147623,612.2838234195756,0.0
2458721.2232029005,766996.7677500126,519.5020189050534,702770.7182145597,884.7840863726866,702770.7182145597,884.7840863726866,17.91214002943408,0.0374552193308564,1.382541531899706,1.9844231804863064e-08,13.0,1618.3493774414062,42.0885430763592,970.707882147623,612.2838234195756,0.0
2458724.237747651,767157.7917457377,512.1800369888812,702945.4187211831,880.9657839849739,702945.4187211831,880.9657839849739,17.916679023523727,0.0373944170543925,1.3954567508351243,1.5341884368034904e-08,13.0,1351.2292602539062,41.591266719284526,970.707882147623,612.2838234195756,0.0
2458725.326824634,765710.4512028012,594.7588699643455,701375.148868116,929.8399296183263,701375.148868116,929.8399296183263,17.875880941594897,0.0381848584858402,1.404587489113457,2.0323620769076123e-08,13.0,1264.2560302734375,51.23944152222136,970.707882147623,612.2838234195756,0.0
2458730.2594076246,767710.5575621767,548.3996061356983,703545.1334887937,910.3533788898603,703545.1334887937,910.3533788898603,17.93226055696215,0.0378665982920299,1.433025862879681,1.9422164498460155e-08,13.0,1933.8619873046875,45.59645248090689,970.707882147623,612.2838234195756,0.0
2457844.6256494867,733519.5862883809,439.6447398365603,642568.0288947445,875.0125215011196,642568.0288947445,875.0125215011196,16.660199910745945,0.0377340718989822,0.9023555762331318,1.1827332270089366e-08,13.0,2015.794775390625,51.32760211548115,974.9742816381724,613.2220219804362,0.0
2458580.5477209063,734120.2347742254,457.9829063489144,643216.1497441002,891.7372265828827,643216.1497441002,891.7372265828827,16.67758613500717,0.0380147182438339,1.237713058626731,7.518424660474673e-09,13.0,2140.978857421875,73.39503866716528,974.9742816381724,613.2220219804362,0.0
2458668.3369767014,735192.7203012019,385.00224957832336,644373.3993618845,861.690534494325,644373.3993618845,861.690534494325,16.708630038934945,0.0375126497487524,1.5234205069616562,1.0746013324759076e-08,13.0,2165.915576171875,73.96274733979091,974.9742816381724,613.2220219804362,0.0
2458580.5674088714,735079.0797189623,560.8994569994571,644250.777175334,966.5397578299276,644250.777175334,966.5397578299276,16.70534062641739,0.0393082818288612,0.6986939790826814,1.1160283922966109e-08,13.0,1992.948046875,49.005159135345096,974.9742816381724,613.2220219804362,4.0
2457844.6393091064,735040.8870387344,368.04691965526837,644209.565929603,851.4284649717666,644209.565929603,851.4284649717666,16.70423511043055,0.0373436601714583,0.853257918491576,1.4101481624159568e-08,13.0,2006.1156982421876,38.396232792257415,974.9742816381724,613.2220219804362,0.0
2458581.5935702887,735236.0793793919,336.3127230530738,644420.1853327911,838.0907691563175,644420.1853327911,838.0907691563175,16.709885100214446,0.0371258909727706,1.5044434619784337,1.4365036578386556e-08,13.0,2614.53037109375,63.159922662322245,974.9742816381724,613.2220219804362,0.0
2457846.5693664835,734696.9248679095,77.4979193714336,643838.4186453673,753.7222065950301,643838.4186453673,753.7222065950301,16.694278865504813,0.0358007273090719,1.0000021382055604,1.1492107254527128e-08,13.0,2036.5768798828128,0.5558108938269721,974.9742816381724,613.2220219804362,0.0
2458583.55602196,735457.9184037669,384.6598547169104,644659.5574452443,864.2737282987657,644659.5574452443,864.2737282987657,16.716306398392298,0.0375553682900545,1.0829689134162646,8.864785109851873e-09,13.0,2500.070068359375,51.47002578867955,974.9742816381724,613.2220219804362,0.0
2457847.4785421803,735120.8597691426,360.4407810039096,644295.8593194623,848.4734122525203,644295.8593194623,848.4734122525203,16.70654998153806,0.037295222498894,0.95108852907604,1.7167512875112588e-08,13.0,1939.789013671875,42.41262689994455,974.9742816381724,613.2220219804362,0.0
2458583.633548034,733440.310088744,622.0963418979154,642482.487086093,994.9050321594262,642482.487086093,994.9050321594262,16.657905201247875,0.0398144456278383,1.4287252711877247,7.0290851644011105e-09,13.0,2628.0947265625,117.73962892675137,974.9742816381724,613.2220219804362,0.0
2457848.644086064,735381.2232821754,457.5408520412502,644576.8007106171,903.9103592490593,644576.8007106171,903.9103592490593,16.71408640014847,0.0382209375355341,0.6213892503581613,1.1128463264970611e-08,13.0,1972.1979736328128,34.48164034474893,974.9742816381724,613.2220219804362,4.0
2458585.5635011964,735692.7909034352,349.16814892552384,644912.9931361064,849.0534293445158,644912.9931361064,849.0534293445158,16.723104960360338,0.0373046748502034,1.497079120594014,1.6728102517391526e-08,13.0,2600.82900390625,64.50046137257483,974.9742816381724,613.2220219804362,0.0
2457876.64502801,735278.6883817964,453.3017528426784,644466.1619455349,900.3975082220279,644466.1619455349,900.3975082220279,16.7111184499836,0.0381612314936158,0.9290028708495156,1.1256866958869018e-08,13.0,2159.54384765625,52.45483902711646,974.9742816381724,613.2220219804362,0.0
2458591.627385281,734354.7755636146,506.9711479149406,643469.2275079004,924.3012805234922,643469.2275079004,924.3012805234922,16.684375095370555,0.0385703668415374,1.5899950255455273,1.064211420880632e-08,13.0,3988.1369140625,104.14242661466054,974.9742816381724,613.2220219804362,0.0
2457887.543517807,748053.1504567995,1792.3561273807047,658250.2559793022,2139.66839091913,658250.2559793022,2139.66839091913,17.080884906882673,0.0645555466375077,1.01694470059194,1.1366179727296234e-08,13.0,34658.90703125,170.7598479558527,974.9742816381724,613.2220219804362,2.0
2458592.5122987675,735261.8875962521,378.7055507713167,644448.033306816,859.1573505645497,644448.033306816,859.1573505645497,16.710632138551656,0.0374708088422875,1.5791651741210762,1.6779037701668726e-08,13.0,5115.57626953125,75.10609679431545,974.9742816381724,613.2220219804362,0.0
2457890.480495799,735695.3654977775,436.62408427913795,644915.7712139859,894.9596829475805,644915.7712139859,894.9596829475805,16.72317948393889,0.0380690387124019,0.989446653404619,7.897621085547028e-09,13.0,3228.896337890625,53.2939016182569,974.9742816381724,613.2220219804362,0.0
2458598.5287038027,733558.5305787948,541.9848220230431,642610.0511543108,939.8310871403033,642610.0511543108,939.8310871403033,16.661327182657526,0.0388395655800158,1.5564368730939029,9.767432283008724e-09,13.0,6034.0634765625,111.33698368353808,974.9742816381724,613.2220219804362,0.0
2457892.5499388035,734927.8989685432,411.94403747135914,644087.64782651,873.3745437650924,644087.64782651,873.3745437650924,16.70096458536724,0.0377066164508964,1.005688902257584,8.34558792594627e-09,13.0,2196.851220703125,52.08124407803006,974.9742816381724,613.2220219804362,0.0
2458601.667416367,734337.6858262104,345.36676722285546,643450.7870799587,832.8616674888103,643450.7870799587,832.8616674888103,16.683880420008716,0.0370411949290146,1.5683745107413058,1.5900477090240984e-08,13.0,3195.6270996093745,69.4525588584312,974.9742816381724,613.2220219804362,0.0
2457917.285651154,735297.158550454,464.30936067303963,644486.0919073676,907.087464745806,644486.0919073676,907.087464745806,16.711653082971093,0.0382750705543176,0.922247857324606,1.76589178004546e-08,13.0,4557.198046875,53.3115226161185,974.9742816381724,613.2220219804362,0.0
2458604.482127509,734874.3173780799,330.1538384220782,644029.8314051933,831.3608330502237,644029.8314051933,831.3608330502237,16.69941362574606,0.0370168747670025,1.5623403128291184,1.46437188181742e-08,13.0,2227.786474609375,65.18171930096422,974.9742816381724,613.2220219804362,0.0
2457920.272670621,735467.9488568073,375.36795491544194,644670.3806569846,859.6088734059744,644670.3806569846,859.6088734059744,16.71659673743436,0.0374782436873093,0.9162108203017236,1.62181042986398e-08,13.0,2552.026220703125,41.9769407887876,974.9742816381724,613.2220219804362,0.0
2458605.479514167,734907.2581508823,354.7455210073519,644065.3756580305,843.4196109611271,644065.3756580305,843.4196109611271,16.700367121304247,0.0372126584794395,1.4424373283244762,9.6895515876908e-09,13.0,2325.7966796875,64.63084498695518,974.9742816381724,613.2220219804362,0.0
2457920.518385048,735519.4022950636,345.6297867130606,644725.9007271937,845.5126336316449,644725.9007271937,845.5126336316449,16.71808609608192,0.0372467715795767,0.9701346681902454,1.0165409119917814e-08,13.0,2372.775048828125,40.9400083194481,974.9742816381724,613.2220219804362,0.0
2458605.552046745,734703.7931348273,415.8601730287997,643845.8297470231,873.2596581339643,643845.8297470231,873.2596581339643,16.694477672680268,0.0377047214002634,1.4788337737379662,1.1462850408005782e-08,13.0,2380.0578125,78.47369165181316,974.9742816381724,613.2220219804362,0.0
2457921.356053173,734517.4923780012,320.4198004132712,643644.8046756288,823.0903317078307,643644.8046756288,823.0903317078307,16.68908505650867,0.0368836669781478,0.9194668352778717,9.617639331097972e-09,13.0,2219.454736328125,36.54282823901687,974.9742816381724,613.2220219804362,0.0
2458609.520190235,734004.7103463924,1420.0424004127867,643091.4948218733,1702.0108520379708,643091.4948218733,1702.0108520379708,16.67424219315549,0.0543828071936197,0.1364273007717064,1.6899861998374572e-08,13.0,1671.543505859375,23.26413019369633,974.9742816381724,613.2220219804362,4.0
2457929.285980765,734829.9663368161,334.6846935672034,643981.9750712286,832.995001470402,643981.9750712286,832.995001470402,16.69812985134588,0.0370433062684783,0.9167443340922388,1.1986922320743478e-08,13.0,2549.374755859375,37.85158673014273,974.9742816381724,613.2220219804362,0.0
2458613.474623938,734007.844547891,372.3405244859788,643094.8767355634,842.8786817413481,643094.8767355634,842.8786817413481,16.674332914986017,0.0372039236321699,1.5538407236941438,1.0403184377804792e-08,13.0,2426.046240234375,75.00642408231622,974.9742816381724,613.2220219804362,0.0
2457929.4048855733,734414.7164555455,386.196529655192,643533.9058392456,854.275816880982,643533.9058392456,854.275816880982,16.68611012977767,0.0373904822281279,0.9592374315873397,1.1169332267608609e-08,13.0,2147.55966796875,46.93273820117659,974.9742816381724,613.2220219804362,0.0
2458614.502471317,733454.5673746237,651.262273861563,642497.8711991837,1016.5241114768689,642497.8711991837,1016.5241114768689,16.658317889160198,0.0402055030898871,1.5897979176975168,1.0209042127334358e-08,13.0,2345.547607421875,137.17570003819648,974.9742816381724,613.2220219804362,0.0
2457930.3349543903,735037.7571442479,465.51349638770745,644206.1886633296,905.2450977653556,644206.1886633296,905.2450977653556,16.70414451326974,0.0382436905320283,0.9568804423291768,1.1323104936873282e-08,13.0,2047.1802246093748,55.99417218131964,974.9742816381724,613.2220219804362,0.0
2458616.53728144,734374.1530100224,384.0792972792318,643490.1364543482,852.7464997855972,643490.1364543482,852.7464997855972,16.684935990198046,0.0373653562588073,1.5534839315850988,1.6444867008081813e-08,13.0,2690.9734375,76.69714071504222,974.9742816381724,613.2220219804362,0.0
2457937.51194528,734836.8643164927,526.8514660081383,643989.4182339977,941.6824250993961,643989.4182339977,941.6824250993961,16.698329518579612,0.0388716991358989,0.8860438928805282,1.0233997822611272e-08,13.0,3436.7732421875,59.03898111357806,974.9742816381724,613.2220219804362,0.0
2458617.4488295107,734656.62195287,486.76766551493984,643794.9303820272,914.4771662987675,643794.9303820272,914.4771662987675,16.69311226717688,0.0384014547882065,0.834026213797332,9.573582977739688e-09,13.0,4229.64853515625,51.313505588444144,974.9742816381724,613.2220219804362,0.0
2457938.324913888,734818.5797132859,397.6702836505458,643969.6885038146,864.5149195300015,643969.6885038146,864.5149195300015,16.6978002569243,0.037559416118654,0.8977860504399393,1.7040023858673152e-08,13.0,3818.307177734375,44.64246103213521,974.9742816381724,613.2220219804362,0.0
2458618.493078466,736488.5657853248,1276.6969223610572,645771.6622320943,1578.385220766424,645771.6622320943,1578.385220766424,16.74613926558883,0.0516298578346284,0.4007714234559846,1.30773075752414e-08,13.0,6981.6072265625,62.24610505286643,974.9742816381724,613.2220219804362,4.0
2457939.2247257736,734176.8789581023,895.376957871599,643277.2708114638,1218.7707278286714,643277.2708114638,1218.7707278286714,16.67922574370873,0.0440658561250284,0.7556315142084294,1.1978260399772332e-08,13.0,8885.2279296875,87.69419582885833,974.9742816381724,613.2220219804362,0.0
2458627.48273309,733583.148949044,639.5477798109749,642636.6152419795,1008.9204599145453,642636.6152419795,1008.9204599145453,16.662039779985573,0.0400674285049021,1.5465066927746185,8.717616662069292e-09,13.0,7332.4822265625,130.5717400496114,974.9742816381724,613.2220219804362,0.0
2457939.514383561,738097.779120365,857.4450164016791,647508.0600389338,1216.5065405553887,647508.0600389338,1216.5065405553887,16.792719161462255,0.0440205883452072,0.6692271615930729,1.054526205418426e-08,13.0,12768.2482421875,67.34792975621657,974.9742816381724,613.2220219804362,4.0
2458629.411726972,734766.3187261466,351.12791508674746,643913.2970599473,840.1679489415769,643913.2970599473,840.1679489415769,16.69628752316412,0.0371597012675001,1.4303535681602606,1.4014168688244693e-08,13.0,2467.655029296875,63.6268034479285,974.9742816381724,613.2220219804362,0.0
2457941.5615749788,736997.2885682286,1148.9026593061544,646320.5920136771,1462.8246834498816,646320.5920136771,1462.8246834498816,16.760864630921162,0.0491196167749842,0.880592021505019,1.3064385395819824e-08,13.0,27775.076953125,123.07048571932084,974.9742816381724,613.2220219804362,0.0
2458630.4820207856,737340.8294694986,3084.3349551736865,646691.2847332412,3418.440244981687,646691.2847332412,3418.440244981687,16.770808681881316,0.0963434809448045,0.0991761083331872,1.650478682351285e-08,13.0,2807.1400390625,35.55442601571145,974.9742816381724,613.2220219804362,4.0
2457942.467166608,735422.6222441192,1707.7132664238206,644621.4716471293,1992.3695605107323,644621.4716471293,1992.3695605107323,16.715284724382187,0.0610688544148179,0.935989429466082,1.5190839457383337e-08,13.0,59562.246875,202.4087426604686,974.9742816381724,613.2220219804362,2.0
2458638.391270046,735212.0787861433,330.34819780750894,644394.2878482426,835.0666336213515,644394.2878482426,835.0666336213515,16.70919038490849,0.0370768228722077,1.3156906154379662,6.660755624264061e-09,13.0,2367.33125,54.22912427266856,974.9742816381724,613.2220219804362,0.0
2457943.2138223667,739111.4565060999,1243.1852485237216,648601.8536032209,1563.027332240138,648601.8536032209,1563.027332240138,16.82206081930751,0.0512924610377861,0.8732394099884788,1.7608027274855332e-08,13.0,32572.7234375,125.58128219426736,974.9742816381724,613.2220219804362,0.0
2458641.383334027,734180.1696950423,332.49730240263295,643280.8216324028,825.0740388213865,643280.8216324028,825.0740388213865,16.679320996575882,0.0369155805443387,1.5314913843516056,1.76654738030328e-08,13.0,2251.285986328125,65.45736938958689,974.9742816381724,613.2220219804362,0.0
2457945.4726590468,741964.6897702744,1187.6138569578761,651680.5926830149,1530.945297857633,651680.5926830149,1530.945297857633,16.904649811987287,0.0505913893028011,0.936641363018614,1.0705788977187172e-08,13.0,17262.743359375,120.18365582994122,974.9742816381724,613.2220219804362,0.0
2458645.4248342896,734561.3473877854,352.0709605385166,643692.1257741743,838.470453100978,643692.1257741743,838.470453100978,16.690354472902875,0.03713211924187,1.5146717415058146,8.454936237247403e-09,13.0,2303.995166015625,68.11912579352722,974.9742816381724,613.2220219804362,0.0
2457946.2266863934,732522.4034105719,621.5257602149968,641492.0334848493,986.6571280112778,641492.0334848493,986.6571280112778,16.631335698895537,0.0396665747197379,0.794145265586006,1.0250840893189552e-08,13.0,2444.71328125,65.95847587940672,974.9742816381724,613.2220219804362,0.0
2458648.395952338,734484.5893948638,359.14265825227284,643609.3011991704,841.1523662869325,643609.3011991704,841.1523662869325,16.688132654800906,0.0371757499692851,1.5470681531293482,1.647095206816164e-08,13.0,4953.828125,71.06732577730237,974.9742816381724,613.2220219804362,0.0
2457946.29006351,741959.6179445687,788.2491487414025,651675.1200046319,1193.706959955818,651675.1200046319,1193.706959955818,16.90450300416005,0.0435691144110539,0.8895611242503276,9.88153977099052e-09,13.0,7570.38271484375,75.01755743355736,974.9742816381724,613.2220219804362,0.0
2458654.406901687,735301.5837638229,649.001370833428,644490.8668682892,1030.6762393990111,644490.8668682892,1030.6762393990111,16.711781174115668,0.0404637857005586,1.3251189306179658,1.1497970562174972e-08,13.0,16230.351171875,108.73293567787758,974.9742816381724,613.2220219804362,0.0
2457946.5581340897,735224.7363443879,694.9162059524816,644407.9457989304,1064.3119207251061,644407.9457989304,1064.3119207251061,16.709556767495684,0.0410856042388325,0.8358502927739837,1.1587990435838774e-08,13.0,8247.287109375,73.08922537231302,974.9742816381724,613.2220219804362,0.0
2458654.5382666388,734797.5437178544,576.5639615642459,643946.9899246165,974.6461945324369,643946.9899246165,974.6461945324369,16.69719135414213,0.0394520815963527,1.4280571894750471,9.262571104857144e-09,13.0,16227.590234375,105.34148661481493,974.9742816381724,613.2220219804362,0.0
2457947.359176254,736171.7714414876,513.7483097402305,645429.8299890475,946.0367128340549,645429.8299890475,946.0367128340549,16.73696941394276,0.0389476089212136,0.9373376899279148,1.608067748484281e-08,13.0,4773.5697265625,58.92185699801541,974.9742816381724,613.2220219804362,0.0
2458655.359063696,737558.0164096048,554.5524887622938,646925.6370830899,985.7064144835686,646925.6370830899,985.7064144835686,16.777095321964975,0.0396491572910915,1.156015396051822,8.903500102793195e-09,13.0,12505.5505859375,76.23390298246184,974.9742816381724,613.2220219804362,0.0
2457947.563845476,734162.8897540787,551.5823599152038,643262.1759681288,951.819668021311,643262.1759681288,951.819668021311,16.678820815628306,0.039049028480838,0.9086124045631878,1.492980983547554e-08,13.0,5132.6515625,64.48945578540332,974.9742816381724,613.2220219804362,0.0
2458655.4597943854,734993.1318738468,490.7099776795215,644158.0364264777,920.1768981264156,644158.0364264777,920.1768981264156,16.70285280109997,0.0384992792913627,1.1543851572604065,1.3006431207980952e-08,13.0,7909.249707031249,71.66618705111767,974.9742816381724,613.2220219804362,0.0
2457948.3109961264,734832.951572951,345.3483593075021,643985.1962460505,838.0792673052946,643985.1962460505,838.0792673052946,16.6982162612614,0.0371257387695782,0.9625744477040148,1.1147667076222076e-08,13.0,2105.474365234375,41.402523154066536,974.9742816381724,613.2220219804362,0.0
2458661.265094811,735933.4714606815,334.4201395324691,645172.6959254456,844.7080189467438,645172.6959254456,844.7080189467438,16.730071640943446,0.037233601155794,1.4218114908205088,1.7562585045563824e-08,13.0,2890.4421875,58.231553000106416,974.9742816381724,613.2220219804362,0.0
2457949.2338970103,735199.1924546561,368.9915843979375,644380.3830431766,853.5636635479632,644380.3830431766,853.5636635479632,16.70881738030692,0.0373787066140768,0.9126839761488692,1.3193092808819594e-08,13.0,2275.7382324218747,41.27503519538339,974.9742816381724,613.2220219804362,0.0
2458661.2769119875,735994.7566133242,377.22223201087394,645238.824761395,866.0920685795031,645238.824761395,866.0920685795031,16.731845585992556,0.0375854614432571,1.4451718266134208,1.6752368712307938e-08,13.0,2823.62216796875,67.01253347073855,974.9742816381724,613.2220219804362,0.0
2457949.5286355787,734569.9223891252,365.53746377482037,643701.3785023213,845.2428114681247,643701.3785023213,845.2428114681247,16.69060268279576,0.0372424455368772,0.9000589928109514,1.677005505777375e-08,13.0,2663.680419921875,41.01738389046024,974.9742816381724,613.2220219804362,0.0
2458661.288732786,736027.9450655432,345.2877010870386,645274.636269037,850.7983669000628,645274.636269037,850.7983669000628,16.732806250818598,0.0373332484787747,1.4449460320194154,1.5969732907817604e-08,13.0,2779.405615234374,60.98224990046266,974.9742816381724,613.2220219804362,0.0
2457954.5466874936,733184.5290350452,493.052198518557,642206.4903297877,904.3917159921481,642206.4903297877,904.3917159921481,16.650501425385304,0.038229341245778,0.82482545772274,8.43030320170428e-09,13.0,2339.242529296875,53.06174561843784,974.9742816381724,613.2220219804362,0.0
2458661.300560111,734692.4027304166,360.22983583466316,643833.539099906,843.8676473822775,643833.539099906,843.8676473822775,16.694147968818246,0.0372199864020977,1.4537690703020991,1.750201507028659e-08,13.0,2719.313037109375,66.34067780233012,974.9742816381724,613.2220219804362,0.0
2457956.3972719093,734973.7244188713,356.161056013226,644137.09509973,844.8141986929716,644137.09509973,844.8141986929716,16.70229103765181,0.0372354101262332,0.9436392434402204,1.3322311923430942e-08,13.0,1939.2850341796875,41.67920326588763,974.9742816381724,613.2220219804362,0.0
2458661.312378998,734561.2061714333,395.0451424731084,643691.973396762,860.4723065675353,643691.973396762,860.4723065675353,16.69035038528887,0.0374925767081261,1.492113873464889,8.704942255937942e-09,13.0,2578.6672851562503,75.3553051152488,974.9742816381724,613.2220219804362,0.0
2457864.607423779,735222.0380095221,340.1899819296682,644405.0342006717,839.7609287848433,644405.0342006717,839.7609287848433,16.70947866215418,0.0371530405474623,1.0021625009607371,1.1464068436621871e-08,13.0,2299.0369140625,42.08803525141855,974.9742816381724,613.2220219804362,0.0
2457957.431793813,734956.063783989,450.11392125784397,644118.0386533233,895.3187869257719,644118.0386533233,895.3187869257719,16.70177983723112,0.0380751728990972,0.9554698084856386,5.525688835527537e-09,13.0,1766.3477050781248,54.00906715635667,974.9742816381724,613.2220219804362,0.0
2457867.461633925,0.0,0.0,0.0,0.0,0.0,0.0,0.0,0.0,0.0,0.0,13.0,0.0,0.0,0.0,0.0,5.0
2457958.375841024,734921.6900242568,350.73026090138194,644080.94815717,841.6146096107931,644080.94815717,841.6146096107931,16.700784862783507,0.0371832376746437,0.9415228915129844,1.7382332822765542e-08,13.0,1942.570703125,40.91056940515716,974.9742816381724,613.2220219804362,0.0
2457867.503143137,733406.7188507852,478.8856988660729,642446.2409584672,897.5972536874119,642446.2409584672,897.5972536874119,16.65693287748428,0.0381139085288637,0.8258570696465574,1.5654057442919908e-08,13.0,1932.81865234375,51.21090201469399,974.9742816381724,613.2220219804362,0.0
2458670.304111639,735802.6592029831,345.33556316540097,645031.5448969093,848.4031394173511,645031.5448969093,848.4031394173511,16.72628518130513,0.0372940186487453,1.505900578790871,9.797890126883564e-09,13.0,2519.079736328125,64.26954865340295,974.9742816381724,613.2220219804362,0.0
2457958.4738268424,735008.3431676988,375.1312426406491,644174.449947736,854.681297900493,644174.449947736,854.681297900493,16.70329310349389,0.0373970959857517,0.951619214644397,1.1327244511425022e-08,13.0,1891.04169921875,44.4560858120015,974.9742816381724,613.2220219804362,0.0
2457959.285541668,734232.5360383996,353.8843310998395,643337.3267593354,835.9146669004245,643337.3267593354,835.9146669004245,16.68083677995136,0.0370906612629118,0.9132088256727716,1.3751928564880542e-08,13.0,1908.5194091796875,40.87071563670547,974.9742816381724,613.2220219804362,0.0
2457965.4062059973,737062.5772329632,454.6158410169424,646391.0407800332,919.1537628273228,646391.0407800332,919.1537628273228,16.762754460652765,0.0384815495385631,0.8237823745548258,1.5822496411046372e-08,13.0,3708.53310546875,44.15779343451731,974.9742816381724,613.2220219804362,0.0
2457968.372264526,736721.1194610794,639.0737266170304,646022.5958303692,1036.0280865692985,646022.5958303692,1036.0280865692985,16.75287070744665,0.0405619284739172,0.9270364201197004,1.2385586265139576e-08,13.0,11901.7435546875,71.88156953904755,974.9742816381724,613.2220219804362,0.0
2457969.337479158,743711.4668958314,1666.1188544489073,653565.4266598459,1992.746898291613,653565.4266598459,1992.746898291613,16.955211595717753,0.061077666517021,0.9523198692895508,1.766632031294073e-08,13.0,36700.5734375,164.82344903951585,974.9742816381724,613.2220219804362,2.0
2457971.25488241,737907.4857111117,881.561623037663,647302.7267550941,1234.9363675356396,647302.7267550941,1234.9363675356396,16.78721097494939,0.0443883379755388,0.906833711929338,1.127766410321899e-08,13.0,16230.7689453125,94.83093864493448,974.9742816381724,613.2220219804362,0.0
2457972.309856973,744085.5567351896,1329.3899945863598,653969.0827584373,1674.7539861366226,653969.0827584373,1674.7539861366226,16.96603990877308,0.0537702799196953,0.9385058099583838,1.1911868188578329e-08,13.0,20452.176171875,128.06805818298986,974.9742816381724,613.2220219804362,0.0
2457972.451811716,743719.6907406138,1812.2352775615382,653574.300477713,2136.112625656765,653574.300477713,2136.112625656765,16.95544964111877,0.0644705086468651,0.9329772347167018,9.137687542459413e-09,13.0,28298.408984375,175.7948042195219,974.9742816381724,613.2220219804362,2.0
2457973.4934385763,739288.2662191666,872.4770427075379,648792.6375044684,1238.2957330893228,648792.6375044684,1238.2957330893228,16.82717871004627,0.0444556048762403,0.8754524566010378,1.7665874897599852e-08,13.0,18502.794140625,87.50359046968853,974.9742816381724,613.2220219804362,0.0
2457974.410120264,734491.2582930854,582.0134849476196,643616.4971749879,975.642020587963,643616.4971749879,975.642020587963,16.688325691098793,0.0394698168210409,0.951614101645098,1.1005188322792664e-08,13.0,5059.7646484375,71.02460391328225,974.9742816381724,613.2220219804362,0.0
2457979.4607127523,734770.8725471627,450.53364982592853,643918.2107930455,893.7264639413659,643918.2107930455,893.7264639413659,16.69641933695424,0.0380482591699979,0.7413216316767237,7.305558787590873e-09,13.0,2321.983447265625,41.64688361238967,974.9742816381724,613.2220219804362,0.0
2457980.3465413232,735811.0376288955,1082.30587951766,645040.5855132536,1394.6154667099709,645040.5855132536,1394.6154667099709,16.726527701173733,0.0476706109208207,0.2180077968292771,1.0385529075877334e-08,13.0,1175.8188232421876,27.817563410326148,974.9742816381724,613.2220219804362,4.0
2457984.422287377,734409.2906513811,493.8137893292158,643528.0512056517,916.4920852772412,643528.0512056517,916.4920852772412,16.685953075776514,0.0384360286268177,0.5886394677355261,1.0232369986528468e-08,13.0,1721.3913818359374,36.31663526731296,974.9742816381724,613.2220219804362,4.0
2457985.416067456,734774.0336519371,361.50403348880843,643921.6217363169,845.3568708379195,643921.6217363169,845.3568708379195,16.6965108375204,0.03724428971428,0.8373253442552301,1.0205096703023446e-08,13.0,1959.986865234375,37.338619328606896,974.9742816381724,613.2220219804362,0.0
2457986.3395736446,0.0,0.0,0.0,0.0,0.0,0.0,0.0,0.0,0.0,0.0,13.0,0.0,0.0,0.0,0.0,5.0
2457986.4402559525,0.0,0.0,0.0,0.0,0.0,0.0,0.0,0.0,0.0,0.0,13.0,0.0,0.0,0.0,0.0,5.0
2457989.3459140854,736153.0334349598,387.6736430095028,645409.6110207292,873.1100337660648,645409.6110207292,873.1100337660648,16.736427028185737,0.037702114678628,0.8805128058636481,1.3993346932181685e-08,13.0,1994.4495849609373,40.80525327996297,974.9742816381724,613.2220219804362,0.0
2457991.35228685,733630.9987363799,387.5734703174451,642688.246846055,846.9995675222168,642688.246846055,846.9995675222168,16.66342482823439,0.0372712509222736,0.8742259357462906,8.751518288543773e-09,13.0,2119.20859375,43.34718153644173,974.9742816381724,613.2220219804362,0.0
2457992.228028134,727204.7554206117,629.9217223930741,635754.104208319,950.4483037482005,635754.104208319,950.4483037482005,16.477412359913497,0.0390260394757844,0.8246705641155518,1.6138291216171992e-08,13.0,2354.96396484375,79.32193738414101,974.9742816381724,613.2220219804362,2.0
2457992.424424709,735140.1056929107,387.49456043254446,644316.6263483538,862.4445511326485,644316.6263483538,862.4445511326485,16.70710706934339,0.0375251213620477,0.9004215152521353,1.6366687293512103e-08,13.0,2019.219775390625,43.033526384554015,974.9742816381724,613.2220219804362,0.0
2458000.338311576,743461.7111856142,1045.4652786372924,653295.9314611534,1416.377012630063,653295.9314611534,1416.377012630063,16.94798222797491,0.0481300561769152,0.895527430370993,1.4108187648314872e-08,13.0,12066.8458984375,97.32540366069074,974.9742816381724,613.2220219804362,0.0
2458001.2531239213,735159.4800014703,634.6949229074742,644337.5319089529,1019.0011436414721,644337.5319089529,1019.0011436414721,16.70766787334351,0.0402504456324495,0.8449286151612916,6.694371077447098e-09,13.0,5359.59521484375,67.54406106173305,974.9742816381724,613.2220219804362,0.0
2458001.39438287,0.0,0.0,0.0,0.0,0.0,0.0,0.0,0.0,0.0,0.0,13.0,0.0,0.0,0.0,0.0,5.0
2458003.301929356,735377.1803438491,579.9288936866621,644572.4382379168,982.2520254117542,644572.4382379168,982.2520254117542,16.71396937424384,0.0395875444340971,0.8694066092737489,1.352615832557885e-08,13.0,4111.0435546875,63.01413432502424,974.9742816381724,613.2220219804362,0.0
2458006.261478247,734966.2573673724,440.1611105222384,644129.0378884427,889.6406609000034,644129.0378884427,889.6406609000034,16.702074898204213,0.037979274520543,0.8917189208381061,1.2675830118166464e-08,13.0,1918.7679199218749,49.14446428576824,974.9742816381724,613.2220219804362,0.0
2458007.30300085,735407.4451416455,313.2437491875422,644605.095019571,829.4747121878537,644605.095019571,829.4747121878537,16.71484541168356,0.0369863687770872,0.9363628608353626,8.719786327834764e-09,13.0,2013.1227783203128,35.612318731021254,974.9742816381724,613.2220219804362,0.0
2458011.3294492178,0.0,0.0,0.0,0.0,0.0,0.0,0.0,0.0,0.0,0.0,13.0,0.0,0.0,0.0,0.0,5.0
2458013.2805298613,735502.6296019729,333.7141270814569,644707.8024012205,839.7403551888737,644707.8024012205,839.7403551888737,16.71760059780728,0.037152683375958,0.8446177108340915,1.5957412453233666e-08,13.0,1954.4675048828128,33.95578381213329,974.9742816381724,613.2220219804362,0.0
2458014.3746758066,730130.0140174087,604.0107689318337,638910.5611561416,953.861862055452,638910.5611561416,953.861862055452,16.562086180266977,0.0390853878033109,0.6965199801018268,1.1236954994500477e-08,13.0,2224.150927734375,59.40316557444783,974.9742816381724,613.2220219804362,6.0
2458016.350169125,735109.917670676,450.6979629471205,644284.0524102316,897.1914374299492,644284.0524102316,897.1914374299492,16.70623325423031,0.0381068676805541,0.6976555692873192,8.770598003923207e-09,13.0,1915.498291015625,38.48976358865881,974.9742816381724,613.2220219804362,4.0
2458019.2769672326,734527.9070379237,378.17407570925013,643656.0424601134,851.2564150625476,643656.0424601134,851.2564150625476,16.68938651670924,0.0373408835049204,0.8941716602146595,1.7369139292442135e-08,13.0,2158.011328125,42.28711046337351,974.9742816381724,613.2220219804362,0.0
2458020.353819292,733014.021223235,518.8716285872073,642022.5064017224,919.4852958101948,642022.5064017224,919.4852958101948,16.645565947940035,0.0384875839813235,0.8051350925807358,8.278765628878494e-09,13.0,2440.8494140625,54.88886594523484,974.9742816381724,613.2220219804362,0.0
2458021.264199345,734623.4256093804,465.62114668197347,643759.1103594264,901.2398704054721,643759.1103594264,901.2398704054721,16.692151373932056,0.0381755935726461,0.7881231550422805,1.1386148100910462e-08,13.0,2636.8709472656246,46.20933678564694,974.9742816381724,613.2220219804362,0.0
2458024.2386872573,735835.0453332907,875.8373834217441,645066.4906709797,1214.356506713259,645066.4906709797,1214.356506713259,16.727222622317214,0.0439779506195505,0.6259710502946367,7.964340131368737e-09,13.0,14084.481640625,67.8812978534517,974.9742816381724,613.2220219804362,4.0
2458028.2844797974,0.0,0.0,0.0,0.0,0.0,0.0,0.0,0.0,0.0,0.0,13.0,0.0,0.0,0.0,0.0,5.0
2458032.255386229,732013.2175269698,533.6208532788078,640942.6040013193,920.2287087671582,640942.6040013193,920.2287087671582,16.616596928763606,0.0385004917176329,0.8214687591334576,1.5035827290740718e-08,13.0,3857.9447753906247,59.21100785722521,974.9742816381724,613.2220219804362,0.0
2458036.259397605,735419.4554705515,448.0050269670132,644618.0545870304,898.714752589093,644618.0545870304,898.714752589093,16.715193059728517,0.0381326650601563,0.683260817556891,1.7434483671768653e-08,13.0,1982.6416748046877,37.18686412808171,974.9742816381724,613.2220219804362,4.0
2458047.2626314773,735443.8808119015,522.08353939545,644644.4103897244,944.3512385910503,644644.4103897244,944.3512385910503,16.715900069689198,0.0389182135985824,0.86107802939533,1.6926024476815062e-08,13.0,2468.627978515625,55.72923413892614,974.9742816381724,613.2220219804362,0.0
2458053.2660810044,732582.9900349427,559.4786092944845,641557.4085842152,942.9665836652495,641557.4085842152,942.9665836652495,16.63308942451602,0.0388943275815586,0.7762044572884771,8.290887645429927e-09,13.0,4680.165234375,57.83097147938788,974.9742816381724,613.2220219804362,0.0
2458165.628898226,735617.065875831,435.14120464342096,644831.2831670231,893.3246759995927,644831.2831670231,893.3246759995927,16.72091304221996,0.0380413998599724,0.8175149243349404,1.4674070873366332e-08,13.0,4086.8171875,43.48218723809701,974.9742816381724,613.2220219804362,0.0
2458244.5503346254,735638.2499813457,703.4898390920048,644854.1415622114,1074.3228919520589,644854.1415622114,1074.3228919520589,16.72152623216037,0.0412726447752951,0.3477499949885333,8.84658201772885e-09,13.0,2501.7505859375,29.066296233827718,974.9742816381724,613.2220219804362,0.0
2458244.569635066,737715.573400547,713.3961713517838,647095.6466197788,1099.5969763351086,647095.6466197788,1099.5969763351086,16.78165592811483,0.0417487783335085,0.3442450349028016,9.961576717864903e-09,13.0,1998.7224853515625,27.5176049791004,974.9742816381724,613.2220219804362,0.0
2458244.6371524567,0.0,0.0,0.0,0.0,0.0,0.0,0.0,0.0,0.0,0.0,13.0,0.0,0.0,0.0,0.0,5.0
2458244.680648196,0.0,0.0,0.0,0.0,0.0,0.0,0.0,0.0,0.0,0.0,13.0,0.0,0.0,0.0,0.0,5.0
2458245.376903666,735237.1918463364,804.8727103724908,644421.385723765,1151.0831633388827,644421.385723765,1151.0831633388827,16.70991730141072,0.0427359301842377,0.287135977112826,5.686211440382431e-09,13.0,793.9159423828124,27.49035057331383,974.9742816381724,613.2220219804362,0.0
2458245.38150642,735994.8767080492,823.9400967724333,645238.9543478285,1172.5474932396241,645238.9543478285,1172.5474932396241,16.731849062225123,0.0431537511232412,0.2947733045588092,9.1184724924111e-09,13.0,855.7561645507812,28.448968304019505,974.9742816381724,613.2220219804362,0.0
2458245.387137588,737156.7900009933,650.4583507591803,646492.699671506,1048.1387693186782,646492.699671506,1048.1387693186782,16.765481520408752,0.0407851910505347,0.3242097655922994,6.855023112475395e-09,13.0,843.0861083984374,23.33069140663951,974.9742816381724,613.2220219804362,0.0
2458245.394157284,0.0,0.0,0.0,0.0,0.0,0.0,0.0,0.0,0.0,0.0,13.0,0.0,0.0,0.0,0.0,5.0
2458245.3975464413,0.0,0.0,0.0,0.0,0.0,0.0,0.0,0.0,0.0,0.0,13.0,0.0,0.0,0.0,0.0,5.0
2458245.4010269926,0.0,0.0,0.0,0.0,0.0,0.0,0.0,0.0,0.0,0.0,13.0,0.0,0.0,0.0,0.0,5.0
2458245.404493001,0.0,0.0,0.0,0.0,0.0,0.0,0.0,0.0,0.0,0.0,13.0,0.0,0.0,0.0,0.0,5.0
2458245.407971752,0.0,0.0,0.0,0.0,0.0,0.0,0.0,0.0,0.0,0.0,13.0,0.0,0.0,0.0,0.0,5.0
2458245.411440575,0.0,0.0,0.0,0.0,0.0,0.0,0.0,0.0,0.0,0.0,13.0,0.0,0.0,0.0,0.0,5.0
2458245.414915477,0.0,0.0,0.0,0.0,0.0,0.0,0.0,0.0,0.0,0.0,13.0,0.0,0.0,0.0,0.0,5.0
2458245.41839352,0.0,0.0,0.0,0.0,0.0,0.0,0.0,0.0,0.0,0.0,13.0,0.0,0.0,0.0,0.0,5.0
2458245.421856613,0.0,0.0,0.0,0.0,0.0,0.0,0.0,0.0,0.0,0.0,13.0,0.0,0.0,0.0,0.0,5.0
2458245.425334478,0.0,0.0,0.0,0.0,0.0,0.0,0.0,0.0,0.0,0.0,13.0,0.0,0.0,0.0,0.0,5.0
2458245.428797099,0.0,0.0,0.0,0.0,0.0,0.0,0.0,0.0,0.0,0.0,13.0,0.0,0.0,0.0,0.0,5.0
2458245.432624212,0.0,0.0,0.0,0.0,0.0,0.0,0.0,0.0,0.0,0.0,13.0,0.0,0.0,0.0,0.0,5.0
2458245.435748233,0.0,0.0,0.0,0.0,0.0,0.0,0.0,0.0,0.0,0.0,13.0,0.0,0.0,0.0,0.0,5.0
2458245.43921886,740272.5040279188,959.3164255095691,649854.664729393,1318.4315234372843,649854.664729393,1318.4315234372843,16.85566821709176,0.0460840363776301,0.3386435033717861,7.026370686246997e-09,13.0,2140.395361328125,35.03532871553588,974.9742816381724,613.2220219804362,0.0
2458245.4426962445,738202.0816617183,751.6288366172316,647620.6061508199,1132.9838524970958,647620.6061508199,1132.9838524970958,16.795738277330738,0.0423862982768216,0.3398746505075404,8.50066171376085e-09,13.0,2153.306689453125,28.38918013590452,974.9742816381724,613.2220219804362,0.0
2458245.4457722,739104.4326945083,909.2621476242053,648594.2746633898,1267.3046834067343,648594.2746633898,1267.3046834067343,16.821857509773942,0.0450400479587914,0.342246038993291,6.3069505923525025e-09,13.0,2202.540966796875,34.50523368891335,974.9742816381724,613.2220219804362,0.0
2458245.4496421674,737173.8135813714,738.2399652892858,646511.068713689,1113.9334632593761,646511.068713689,1113.9334632593761,16.765974280805484,0.0420214072430302,0.3425523780682741,8.379414522913055e-09,13.0,2233.010009765625,28.904568352768724,974.9742816381724,613.2220219804362,0.0
2458245.452861729,736645.8605192974,858.5266176305295,645941.3887842862,1206.0727272348852,645941.3887842862,1206.0727272348852,16.75069228051255,0.0438135567009218,0.3353026055147211,7.562227357148668e-09,13.0,2245.164013671875,33.8037377648127,974.9742816381724,613.2220219804362,0.0
2458245.522762181,737072.3815149143,1050.975922320079,646401.6199452104,1374.932151898741,646401.6199452104,1374.932151898741,16.763038253001763,0.0472573006957423,0.3054807944245463,6.535268539292041e-09,13.0,2689.03134765625,37.68273948683335,974.9742816381724,613.2220219804362,0.0
2458245.6629959457,736384.6587606596,569.5869778908254,645659.5428966313,984.5479827151554,645659.5428966313,984.5479827151554,16.74313159824977,0.0396284980982304,0.8839341141937443,1.1051610812987111e-08,13.0,7020.576953125,61.37648131695303,974.9742816381724,613.2220219804362,0.0
2458248.3703063037,736534.2691963678,656.692689571316,645820.9778206326,1047.123535749273,645820.9778206326,1047.123535749273,16.747462185354113,0.0407664521490768,0.357551475938636,8.158379527061273e-09,13.0,894.4391845703125,27.047421345912845,974.9742816381724,613.2220219804362,0.0
2458248.5540916105,734185.2861638343,676.5809423531192,643286.3424822461,1041.679321741579,643286.3424822461,1041.679321741579,16.679469096630957,0.0406661320736127,0.3799498526393473,1.639073782891417e-08,13.0,815.8108642578125,31.958335444781664,974.9742816381724,613.2220219804362,0.0
2458248.561047844,734274.7759515329,495.3179667655444,643382.9051117696,916.1511755106144,643382.9051117696,916.1511755106144,16.682059446152675,0.0384301923293998,0.377286580749858,1.4726937232154467e-08,13.0,823.9766967773437,22.118416657900305,974.9742816381724,613.2220219804362,0.0
2458248.6088403044,734823.1886791872,634.9067221144479,643974.6617401828,1016.2108930262419,643974.6617401828,1016.2108930262419,16.697933666924744,0.0401996770889561,0.2950634922311657,1.2565200291873346e-08,13.0,878.1719848632813,21.812180316034432,974.9742816381724,613.2220219804362,0.0
2458248.647842827,735455.2487710456,653.2627287683174,644656.6768176095,1035.14235114057,644656.6768176095,1035.14235114057,16.716229123856042,0.0405457310844888,0.2875843971859588,1.3540307128404121e-08,13.0,1005.35947265625,21.52484764690823,974.9742816381724,613.2220219804362,0.0
2458249.3877370623,0.0,0.0,0.0,0.0,0.0,0.0,0.0,0.0,0.0,0.0,13.0,0.0,0.0,0.0,0.0,5.0
2458249.6135519724,738382.8825000657,4149.383583706108,647815.6966166672,4547.071622675205,647815.6966166672,4547.071622675205,16.800971694206332,0.1255048562679869,0.0557554415174642,6.101710411412093e-09,13.0,1787.9089599609374,25.341902362485463,974.9742816381724,613.2220219804362,4.0
2458249.660658689,734565.9916626302,2938.79633316058,643697.1371101359,3257.9815552954865,643697.1371101359,3257.9815552954865,16.690488904947397,0.0922559887260312,0.0773424026958537,8.717145102188475e-09,13.0,2141.359912109375,27.58626034380962,974.9742816381724,613.2220219804362,4.0
2458251.6463890783,734603.3413085074,491.11475515389816,643737.4386921418,916.6664309403261,643737.4386921418,916.6664309403261,16.691570018667978,0.038439002592036,0.8007763994049615,9.542714064853392e-09,13.0,2503.67509765625,49.72013107104616,974.9742816381724,613.2220219804362,0.0
2458252.5170176453,734320.9003008044,475.64100406679086,643432.6749074664,904.3756928387122,643432.6749074664,904.3756928387122,16.68339455029302,0.0382289497335132,0.8933329109003634,1.0676557820609848e-08,13.0,2002.2806152343749,54.26915259005958,974.9742816381724,613.2220219804362,0.0
2458252.6311107883,734365.4869267343,510.02470491587343,643480.7854455743,926.3565035016667,643480.7854455743,926.3565035016667,16.68468514386936,0.0386058308624072,0.8709622507766391,1.1014558819167257e-08,13.0,2344.548388671875,56.7093818068316,974.9742816381724,613.2220219804362,0.0
2458255.550055437,734757.3966100013,387.66187570628216,643903.669782713,858.5744721584156,643903.669782713,858.5744721584156,16.696029265770953,0.0374612366767967,0.9074443270201502,1.1134858801573852e-08,13.0,2349.3193359375,44.039388817526834,974.9742816381724,613.2220219804362,0.0
2458256.570790551,735592.4071728883,367.9634587308675,644804.67555896,857.1854963188993,644804.67555896,857.1854963188993,16.720199277431647,0.0374382709185487,0.8885417165456275,1.1013379260998691e-08,13.0,2218.8498046875,39.73761759718625,974.9742816381724,613.2220219804362,0.0
2458275.5782391657,734961.4138133299,464.9778687375783,644123.8115232168,904.172477763155,644123.8115232168,904.172477763155,16.701934697872762,0.038225432892905,0.902100950881998,7.103750232629679e-09,13.0,2803.646044921875,52.68497816917043,974.9742816381724,613.2220219804362,0.0
2458276.3826346206,735633.6336395136,335.3313685020454,644849.160366955,841.8979170342283,644849.160366955,841.8979170342283,16.72139260865804,0.0371877944890468,0.8537036731288431,8.28910201678189e-09,13.0,1959.59755859375,34.37807384859959,974.9742816381724,613.2220219804362,0.0
2458276.466373237,736105.3600107112,418.2034965776805,645358.1697186286,888.8718422445745,645358.1697186286,888.8718422445745,16.735047084899723,0.0379662320667867,0.8247064878769177,8.717192086492815e-09,13.0,2252.0455078125,41.2638237003383,974.9742816381724,613.2220219804362,0.0
2458277.3799642385,712107.6169426045,5626.17960877496,619463.7606149974,6093.650566128922,619463.7606149974,6093.650566128922,16.040414279559805,0.1661156676469861,0.0160938777880121,7.622189889866442e-09,13.0,878.2518920898438,17.356282461654235,974.9742816381724,613.2220219804362,6.0
2458277.5645917086,734738.0738907432,478.3036126083685,643882.8198887851,910.0539879098624,643882.8198887851,910.0539879098624,16.69546995506213,0.0383257581967558,0.7244711024173687,7.297573801370537e-09,13.0,2206.78388671875,43.23782266912473,974.9742816381724,613.2220219804362,0.0
2458278.3772553224,735354.7791980301,804.6743770963218,644548.2666134189,1151.8385840077983,644548.2666134189,1151.8385840077983,16.713320956152238,0.0427505661754466,0.3679628090678627,9.617395003707597e-09,13.0,1742.7297119140626,36.07444605467778,974.9742816381724,613.2220219804362,4.0
2458278.511707504,734915.591961671,452.739196144967,644074.3681330868,896.4571125636122,644074.3681330868,896.4571125636122,16.70060834975439,0.0380944457020024,0.8053422872567948,1.0127781999351584e-08,13.0,2181.395458984375,45.3391604344815,974.9742816381724,613.2220219804362,0.0
2458281.533399981,735632.8070133458,366.20651665354296,644848.2684082347,856.7358627770443,644848.2684082347,856.7358627770443,16.72136868133901,0.0374308608156038,0.8957037528812362,9.69030691013899e-09,13.0,1860.32880859375,39.8751357991664,974.9742816381724,613.2220219804362,0.0
2458282.366727623,735715.336369962,418.65260935323016,644937.3204877255,885.1095427654255,644937.3204877255,885.1095427654255,16.72375755592388,0.0379029545736907,0.8395967183453995,8.694976657507388e-09,13.0,1921.1993408203125,42.7119459195539,974.9742816381724,613.2220219804362,0.0
2458292.2573339967,735532.3685302978,469.06007733516793,644739.8917512133,912.253514157105,644739.8917512133,912.253514157105,16.718461413557804,0.0383633045146132,0.836051996424001,7.90241709408414e-09,13.0,3904.495166015625,48.25020133249369,974.9742816381724,613.2220219804362,0.0
2458292.3205451025,737248.6045773122,645.2033727180988,646591.7708297448,1045.177233985094,646591.7708297448,1045.177233985094,16.768139162693632,0.0407304589655241,0.8737432322173685,1.346960371872654e-08,13.0,3484.720068359374,67.47739602612597,974.9742816381724,613.2220219804362,0.0
2458292.335195611,735902.5112125515,497.9473369954968,645139.2887284119,933.5136108423002,645139.2887284119,933.5136108423002,16.729175473168343,0.0387295691883767,0.8788496641420804,5.7104326162863435e-09,13.0,3247.893896484375,53.73919378432032,974.9742816381724,613.2220219804362,0.0
2458292.4291676264,735939.469482391,411.61591364833293,645179.1680019036,883.5694979715585,645179.1680019036,883.5694979715585,16.730245258213806,0.0378770728289248,0.8903183535090644,6.899651121245284e-09,13.0,2221.4107421875,44.59085376245041,974.9742816381724,613.2220219804362,0.0
2458292.438991618,735094.3056343851,440.4455289102841,644267.2064737813,891.0869044952343,644267.2064737813,891.0869044952343,16.705781352043697,0.038003654302256,0.8938282765060199,8.274352865843701e-09,13.0,2208.11025390625,49.15024532753703,974.9742816381724,613.2220219804362,0.0
2458292.4539471027,734970.1795295393,472.16101473731237,644133.2700394181,908.5822320468153,644133.2700394181,908.5822320468153,16.702188428151658,0.0383006018478234,0.8925986032556337,7.249568832196795e-09,13.0,3238.2106445312497,52.92775298431493,974.9742816381724,613.2220219804362,0.0
2458292.5442784973,736295.4164338916,435.4277286082882,645563.2472861588,900.3903864501451,645563.2472861588,900.3903864501451,16.74054841167167,0.0381610381579728,0.8601042021874564,9.984709888398054e-09,13.0,3105.998779296875,45.02974862288922,974.9742816381724,613.2220219804362,0.0
2458292.5602166457,735566.5896555631,415.48871538842354,644776.8175494055,881.8457844128027,644776.8175494055,881.8457844128027,16.719451969885434,0.0378481817031768,0.8440963821311956,1.3218069849327502e-08,13.0,1935.0570068359373,42.786947898069215,974.9742816381724,613.2220219804362,0.0
2458300.3764654133,739274.7939015727,1328.9607325945858,648778.1003997759,1644.127711766122,648778.1003997759,1644.127711766122,16.826788743634076,0.0530856722506009,0.859760633652937,4.849173374130348e-09,13.0,15066.8634765625,131.69118564712844,974.9742816381724,613.2220219804362,0.0
2458303.3902546847,735765.7750433312,424.07924672512854,644991.7455909176,888.6278131668053,644991.7455909176,888.6278131668053,16.72521754143504,0.0379621445635411,0.8844427816798951,1.1192237691700553e-08,13.0,2471.63212890625,45.86970197720939,974.9742816381724,613.2220219804362,0.0
2458304.460700609,734886.4638261738,440.9005827032347,644042.9378500456,889.2692061442779,644042.9378500456,889.2692061442779,16.699765213863763,0.0379730207434769,0.8939029519809208,1.5124369948986788e-08,13.0,2059.820458984375,49.49284952441396,974.9742816381724,613.2220219804362,0.0
2458305.310702689,734657.2103815872,412.1243786918883,643795.5653173166,870.722444413502,643795.5653173166,870.722444413502,16.6931292996907,0.0376624767312465,0.8742056930730737,1.4376615815818271e-08,13.0,1888.8621582031249,45.22109349535762,974.9742816381724,613.2220219804362,0.0
2458306.3011274,736018.9811171992,426.17452992967765,645264.9638533877,892.3836869596335,645264.9638533877,892.3836869596335,16.7325467825608,0.0380254749683289,0.8698871337782446,9.884395610352756e-09,13.0,1761.19013671875,45.06669054747056,974.9742816381724,613.2220219804362,0.0
2458308.299214352,735785.9939130917,409.5050034695092,645013.5624627669,880.8414799831979,645013.5624627669,880.8414799831979,16.725802791897248,0.0378313325655777,0.8560811559781671,9.368759781255337e-09,13.0,1746.211376953125,42.71646458550718,974.9742816381724,613.2220219804362,0.0
2458310.2902359487,734610.739738782,409.5288401437366,643745.421858713,868.8233792065771,643745.421858713,868.8233792065771,16.691784171822384,0.0376309078594323,0.8458995609878702,7.314409543696641e-09,13.0,1858.025048828125,43.465375524414085,974.9742816381724,613.2220219804362,0.0
2458320.262301332,735920.0328824918,463.7383862497592,645158.1952267578,912.9420385378155,645158.1952267578,912.9420385378155,16.72968265114381,0.0383750612647911,0.8439132613909655,8.809062144556075e-09,13.0,3302.926171875,47.7511579396069,974.9742816381724,613.2220219804362,0.0
2458673.493156136,733386.1286687667,383.22360583555303,642424.0234276264,842.2032271306857,642424.0234276264,842.2032271306857,16.65633687910819,0.0371929816485268,1.45775852301556,1.3661114996098104e-08,13.0,2394.99013671875,73.45931715029965,974.9742816381724,613.2220219804362,0.0
2458674.293169077,735050.9525486069,340.1423082312986,644220.4269688982,837.9147253782538,644220.4269688982,837.9147253782538,16.704526464219107,0.0371230469456723,1.4356562897230265,1.0916329114666992e-08,13.0,2934.4619628906253,61.151208926842266,974.9742816381724,613.2220219804362,0.0
2458700.2824814324,734711.5679275686,373.64565660864463,643854.2190219382,850.8318843004081,643854.2190219382,850.8318843004081,16.694702719930657,0.0373339032206852,1.4602818572962173,1.4585149010188148e-08,13.0,2221.598681640625,69.20702506962967,974.9742816381724,613.2220219804362,0.0
2458702.3185701845,734829.9012824178,381.58752526868074,643981.9048752441,856.1512557742424,643981.9048752441,856.1512557742424,16.698127968297175,0.03742129969385,1.4919642425273354,1.2190170633227544e-08,13.0,2339.63916015625,72.42391580796067,974.9742816381724,613.2220219804362,0.0
2458705.3352435925,735383.9703673194,423.37305298565974,644579.76491214,884.3408420202118,644579.76491214,884.3408420202118,16.714165916603594,0.0378900655154376,1.495102969021265,9.029288905672109e-09,13.0,7044.474804687499,79.55140618682758,974.9742816381724,613.2220219804362,0.0
2458710.252768423,741741.5576678833,863.0424620769471,651439.8252938868,1250.668610598902,651439.8252938868,1250.668610598902,16.898191084689245,0.0447041715442641,1.4840057846877963,1.0027014942468962e-08,13.0,15131.9423828125,139.20435149509473,974.9742816381724,613.2220219804362,0.0
2458710.315049884,734762.2046149214,515.9059344509527,643908.8577891861,933.891361277118,643908.8577891861,933.891361277118,16.696168437106195,0.0387362104856441,1.484370767719232,7.95288435345273e-09,13.0,5101.5404296875,98.0266473905217,974.9742816381724,613.2220219804362,0.0
2458711.294911447,735213.9385969879,427.38765590895633,644396.2946495789,884.8627873583299,644396.2946495789,884.8627873583299,16.709244218538615,0.0378988469883095,1.4476793560506316,1.2988401923848741e-08,13.0,4867.7166015625,77.92678958874686,974.9742816381724,613.2220219804362,0.0
2458712.329617274,733074.8261884289,599.1679271134125,642088.1170985204,975.1967890134094,642088.1170985204,975.1967890134094,16.64732599360065,0.0394620408057239,1.3850095265605415,1.1400741276155592e-08,13.0,4663.63359375,110.78416705393852,974.9742816381724,613.2220219804362,0.0
2458713.2776971417,735108.5743202338,379.54658702071595,644282.6028878405,857.9910988017541,644282.6028878405,857.9910988017541,16.706194369936753,0.0374515867382186,1.3267188505454364,1.1165733492471751e-08,13.0,3444.067236328125,63.360084412823554,974.9742816381724,613.2220219804362,0.0
2458715.2213979037,736223.5230416432,360.2099245416683,645485.6717864363,860.0585320299956,645485.6717864363,860.0585320299956,16.738467403111777,0.037485612546496,1.4469405857290678,6.6417833542065844e-09,13.0,3323.931396484375,63.69264663434831,974.9742816381724,613.2220219804362,0.0
2458720.331608325,735555.08261405,305.72590262254283,644764.4010467512,827.8125977824396,644764.4010467512,827.8125977824396,16.71911888987434,0.0369595504748005,1.4027765784042907,6.548781122640016e-09,13.0,2210.889404296875,52.78199502305729,974.9742816381724,613.2220219804362,0.0
2458721.2271488667,735966.9825215215,304.95629252046206,645208.8555391402,831.9911813609217,645208.8555391402,831.9911813609217,16.731041643919763,0.0370269777657959,1.388261385536073,1.0604850861889697e-08,13.0,2505.70693359375,51.42613246100837,974.9742816381724,613.2220219804362,0.0
2458724.241694077,736351.5755532195,330.9317509217596,645623.8449518086,847.6421283811605,645623.8449518086,847.6421283811605,16.742173979813373,0.0372815266949327,1.413842032857536,9.143649230882968e-09,13.0,2330.685791015625,56.48414249328742,974.9742816381724,613.2220219804362,0.0
2458725.330755036,734938.0183996921,401.5554611712409,644098.5670487602,867.8268069973029,644098.5670487602,867.8268069973029,16.70125749994789,0.0376143270612193,1.4245766639350592,6.0456124560201185e-09,13.0,2161.82177734375,72.49893968890375,974.9742816381724,613.2220219804362,0.0
2458730.263355776,734926.892006789,383.38817207261906,644086.5612793483,858.092019859855,644086.5612793483,858.092019859855,16.700935438098426,0.0374532660941338,1.4466171790186375,9.225091227419189e-09,13.0,2923.575830078125,70.22161293638904,974.9742816381724,613.2220219804362,0.0
2458686.28140584,783011.0234682955,677.9434392468708,749837.20823587,746.0492396155907,749837.20823587,746.0492396155907,19.467552368143743,0.0191345803418827,1.006027639377381,9.784139379011158e-08,14.0,436.75904541015626,20.94086734273973,7.6870737023373295,622.8835196227792,0.0
2458687.359370948,784581.2352932446,618.0005634686527,751565.1626200001,680.0845376864877,751565.1626200001,680.0845376864877,19.511716734130918,0.0174567741011704,0.9363132087920512,9.545076725239157e-08,14.0,409.8231079101563,16.17064931544133,7.6870737023373295,622.8835196227792,0.0
2458690.319398819,781962.4278028619,695.7479503600604,748683.2712647713,765.6423814748592,748683.2712647713,765.6423814748592,19.43805917365562,0.0196327273544981,1.0041356518497575,9.97196638256566e-08,14.0,427.9998413085938,22.269101167131893,7.6870737023373295,622.8835196227792,0.0
2458691.239322507,786060.4443212997,272.85666009210905,753192.9721196227,300.267680165045,753192.9721196227,300.267680165045,19.55332152136317,0.0078461828921266,0.9999854819980736,6.460225398261815e-08,14.0,422.4003051757812,0.1770679134503711,7.6870737023373295,622.8835196227792,0.0
2458692.2359629823,780983.9358618847,739.0955513476758,747606.4805971792,813.3446570391691,747606.4805971792,813.3446570391691,19.41053774278229,0.0208474538680908,0.6526700647126845,1.0657366248020385e-07,14.0,379.533837890625,14.542858352571754,7.6870737023373295,622.8835196227792,4.0
2458692.4018155043,784689.6899668028,952.4768592023191,751684.5125864678,1048.1621259566111,751684.5125864678,1048.1621259566111,19.514767170906364,0.0268383057475836,0.688690863908308,9.980430825000289e-08,14.0,377.34026489257815,19.14072646816789,7.6870737023373295,622.8835196227792,4.0
2458693.2325073606,781642.8884964577,725.9110100830028,748331.6312270199,798.8356044903052,748331.6312270199,798.8356044903052,19.429071691424827,0.0204782024912169,0.6885931037582173,1.054157517679009e-07,14.0,389.342626953125,14.905493213109157,7.6870737023373295,622.8835196227792,4.0
2458697.22176838,783195.3340662557,667.0101858114995,750040.0345684241,734.0176379512351,750040.0345684241,734.0176379512351,19.47273635706441,0.0188283335447985,0.9927649577810108,1.012181693833057e-07,14.0,539.6415649414063,20.2269027995471,7.6870737023373295,622.8835196227792,0.0
2458686.2853442347,720484.9344008191,262.3489574233312,673021.347826046,687.0726053473891,673021.347826046,687.0726053473891,17.836102954235525,0.0639524837003163,0.99026436863858,3.699064153573921e-08,14.0,1288.125170898437,36.44375216169077,8.684474158750845,622.4996548771055,0.0
2458687.363336373,722252.3081034046,288.789827721028,674996.9408330753,717.9761181346591,674996.9408330753,717.9761181346591,17.888560556776156,0.0641908307908705,0.9412359066520296,1.829888781398337e-08,14.0,1165.5921142578125,36.36463052797174,8.684474158750845,622.4996548771055,0.0
2458690.3233370697,718868.8556452753,273.71188367601906,671214.8742525226,676.7384290804049,671214.8742525226,676.7384290804049,17.788135952741335,0.0638753091248205,0.96259841434484,3.7072858363602046e-08,14.0,1307.9775390625,38.51742077854643,8.684474158750845,622.4996548771055,0.0
2458691.243268137,724600.6886591092,65.34004228682996,677621.9907570989,672.6825061695913,677621.9907570989,672.6825061695913,17.958263084105315,0.0638433191098994,1.0000081140665416,2.1498851071778093e-08,14.0,1178.8265380859375,0.4999997779279928,8.684474158750845,622.4996548771055,0.0
2458692.2399123167,717685.4372310566,257.27925353232223,669892.0339612481,657.2638270074174,669892.0339612481,657.2638270074174,17.753010787802232,0.0637322131116132,0.741720137249288,3.697624873383181e-08,14.0,1088.99189453125,28.139180181674064,8.684474158750845,622.4996548771055,0.0
2458692.405769706,719675.6444905865,264.39827853340114,672116.7131780508,679.9906082443266,672116.7131780508,679.9906082443266,17.812082336304503,0.0638993692122421,0.7558409349975257,3.694391421621269e-08,14.0,1059.529150390625,28.095391326605476,8.684474158750845,622.4996548771055,0.0
2458693.2364349067,718528.9675136148,257.43552019918917,670834.9429368654,665.4110694753655,670834.9429368654,665.4110694753655,17.778047697782668,0.0637914734866098,0.7653979819970249,3.7064897163598456e-08,14.0,1112.1340576171874,28.497758492854494,8.684474158750845,622.4996548771055,0.0
2458697.2257099785,721154.4630619398,263.80270168243874,673769.7555561039,694.5460842115732,673769.7555561039,694.5460842115732,17.85597530400696,0.0640091574825897,0.9878353142329284,3.7056981144451314e-08,14.0,1296.1977050781252,36.088883208331886,8.684474158750845,622.4996548771055,0.0
2458686.289289057,689680.3132424684,168.54525964247472,621772.4116846998,520.5557328287385,621772.4116846998,520.5557328287385,16.68754305762722,0.0610393537565212,0.993274956552623,1.2071415341268854e-08,14.0,2388.014208984375,59.42382620775835,7.439270870679593,619.7120164256335,0.0
2458687.366476315,691282.4697416185,313.9923185103143,623821.2860809653,633.3471869336894,623821.2860809653,633.3471869336894,16.740020782714865,0.0617311331950347,0.1852592292729392,1.205061929190289e-08,14.0,422.46610717773433,17.996118054241443,7.439270870679593,619.7120164256335,0.0
2458690.3272815244,688202.5979823342,201.11581062803802,619882.6755927097,526.9201127977727,619882.6755927097,526.9201127977727,16.639141334561913,0.0610787949105018,0.940784778379076,1.0836018793639762e-08,14.0,2498.200634765625,69.70103876521266,7.439270870679593,619.7120164256335,0.0
2458691.2472144035,692622.210243691,26.387345469400103,625534.5768948095,504.8642377683143,625534.5768948095,504.8642377683143,16.783903221037097,0.0609462124027777,1.0000892504173524,8.595475089509956e-09,14.0,2153.905517578125,1.532758126426419,7.439270870679593,619.7120164256335,0.0
2458692.243852184,687893.0450441042,240.05228785064486,619486.8122112214,550.5896466506267,619486.8122112214,550.5896466506267,16.62900210409279,0.0612163912164795,0.786987535836796,1.2270772200183912e-08,14.0,2119.236328125,70.25803865819228,7.439270870679593,619.7120164256335,0.0
2458692.4097199533,687994.4719812752,186.11705580390748,619616.5192996181,516.1406995864302,619616.5192996181,516.1406995864302,16.63232428574493,0.0610189117033419,0.7711855341578449,1.2310716947211683e-08,14.0,2010.70400390625,52.795007986483725,7.439270870679593,619.7120164256335,0.0
2458693.240378745,689169.0641611343,258.5491658545723,621118.614659618,573.7696559928238,621118.614659618,573.7696559928238,16.670797384682164,0.0613527143284902,0.8081736995228156,1.1210191284709438e-08,14.0,2153.933203125,75.50171388539368,7.439270870679593,619.7120164256335,0.0
2458697.229659527,691321.4425590311,170.21064049386675,623871.1254117598,536.3431047647962,623871.1254117598,536.3431047647962,16.7412973151879,0.0611251721761888,0.9938124400032086,1.0999813182454857e-08,14.0,2426.265185546875,57.75438638107675,7.439270870679593,619.7120164256335,0.0
2458205.652798068,782507.9743425058,711.7519875963325,701626.2154718644,724.0500411847692,701626.2154718644,724.0500411847692,17.85919035559701,0.0507091079425765,0.8356367449681895,5.2948316466988484e-09,13.0,1269.7918701171875,28.87072139540249,999.457155867033,649.8773232566423,0.0
2458223.52255063,782789.494420888,595.1549992605057,701912.5998134594,605.438424107759,701912.5998134594,605.438424107759,17.866324440278724,0.0497348571558829,0.8697211326527977,4.274680146123183e-09,13.0,1050.0138549804688,24.558384282563114,999.457155867033,649.8773232566423,0.0
2458224.5194690176,781520.5156602432,8064.3194847644845,700621.6949197336,8203.659360038784,700621.6949197336,8203.659360038784,17.834166869174886,0.2097837992953915,0.0454930481710114,5.596212027758133e-09,13.0,643.1383666992188,17.195553549474525,999.457155867033,649.8773232566423,4.0
2458229.6193792643,779732.4212519762,592.3351099645167,698802.7048044832,602.5698111688735,698802.7048044832,602.5698111688735,17.78885423285857,0.0497134156988783,0.9926213214811904,4.973932172100248e-09,13.0,1041.754931640625,30.77231942945771,999.457155867033,649.8773232566423,0.0
2458230.665573424,782618.4813998839,535.2543712250357,701738.6319327102,544.5027991261654,701738.6319327102,544.5027991261654,17.861990748058506,0.0492957718596014,1.016137111838055,5.9457395443225214e-09,13.0,1146.639794921875,26.1506011097695,999.457155867033,649.8773232566423,0.0
2458231.498728465,782439.8756829589,157.83447460291183,701556.9401651437,160.56162796615783,701556.9401651437,160.56162796615783,17.85746464705533,0.0475614178811059,1.0000005711410378,4.845391852773984e-09,13.0,1008.9396484375,0.0546604114676154,999.457155867033,649.8773232566423,0.0
2458333.3159887022,783768.6338356514,639.8214557937283,702908.65735308,650.8766529515973,702908.65735308,650.8766529515973,17.89113710564977,0.0500896912678116,0.9300215821096453,3.3432940459845253e-09,13.0,966.4776000976562,27.85156805273254,999.457155867033,649.8773232566423,0.0
2458334.3507070728,782506.7642533024,756.986896213797,701624.9844740552,770.0665441496179,701624.9844740552,770.0665441496179,17.859159690363835,0.0511280652745178,0.6296424659861046,6.862610850832025e-09,13.0,889.6797241210938,22.517914603476807,999.457155867033,649.8773232566423,4.0
2458353.249066632,788643.8046090205,1475.7427454411804,707868.0640856994,1501.241463649855,707868.0640856994,1501.241463649855,18.01468026937328,0.0603709090486208,0.9481011206643394,3.193601405893066e-09,13.0,11283.05400390625,60.64326899251024,999.457155867033,649.8773232566423,0.0
2458354.3507838915,791426.8340133171,2942.159066908194,710699.1802468282,2992.995356094733,710699.1802468282,2992.995356094733,18.085205851619666,0.0883460707926669,0.933189499732018,5.405566078015799e-09,13.0,17710.9830078125,112.49483922216396,999.457155867033,649.8773232566423,0.0
2458359.3440173524,782114.4139520423,695.3368131757802,701225.8549222775,707.351236092007,701225.8549222775,707.351236092007,17.84921702378683,0.0505626590497839,0.898948285588422,5.123918618756847e-09,13.0,1904.081103515625,30.816771509903276,999.457155867033,649.8773232566423,0.0
2458366.2266469877,782932.237862937,690.1853942111785,702057.8096574721,702.1108079955891,702057.8096574721,702.1108079955891,17.869941744625848,0.0505172808790698,0.7375469058022065,5.273113255724346e-09,13.0,1136.440234375,24.0308272915293,999.457155867033,649.8773232566423,0.0
2458392.2378212907,782778.7636088177,849.7782158163043,701901.6835883461,864.4611646784301,701901.6835883461,864.4611646784301,17.866052507553885,0.0520559633079845,0.8727865773467286,6.341078712860006e-09,13.0,1169.1046875,36.37046456661375,999.457155867033,649.8773232566423,0.0
2457959.26848149,760326.8842799535,652.4715882078127,650711.4183535918,887.2135082970444,650711.4183535918,887.2135082970444,16.789119111288837,0.0340130748063918,0.2770702869033222,5.559701517657581e-09,14.0,427.21982421875,17.785190429920274,2.149709334227282,646.5946265548473,0.0
2457917.584255421,762094.0300642925,770.1828247939407,652613.5194270425,999.3639367925427,652613.5194270425,999.3639367925427,16.83363306846521,0.0356757396624496,0.7843369509451733,4.108306671528324e-09,14.0,8544.120703125001,62.14963123697095,2.149709334227282,646.5946265548473,0.0
2457959.2140675774,757951.7840684742,536.383138255603,648154.9339357006,777.7314229569655,648154.9339357006,777.7314229569655,16.729290935232108,0.0325126423143142,0.2786000476139927,5.2587472240218815e-09,14.0,608.9819458007812,15.144829276673816,2.149709334227282,646.5946265548473,0.0
2457917.6440747976,762939.956288841,652.9011571723191,653524.0482549599,902.2432644057524,653524.0482549599,902.2432644057524,16.85494173697894,0.0342287399185227,0.7686130508778325,4.617688610365457e-09,14.0,8703.81015625,50.30977535521746,2.149709334227282,646.5946265548473,0.0
2457959.426954712,756246.767547197,636.0493247253206,646319.7068796685,851.4936765228293,646319.7068796685,851.4936765228293,16.686341998542364,0.033509718856228,0.2851333441794437,4.196865552278165e-09,14.0,402.5073486328125,20.16704383213013,2.149709334227282,646.5946265548473,0.0
2457918.431209703,761968.0120039539,654.3917484287883,652477.8774839904,897.9646089146819,652477.8774839904,897.9646089146819,16.830458705268313,0.0341671246517755,0.6651445848881553,3.3395863370317383e-09,14.0,3761.62958984375,44.50807185265957,2.149709334227282,646.5946265548473,0.0
2457961.216593971,757321.4330279985,456.920328811457,647476.4435692764,712.5403032794179,647476.4435692764,712.5403032794179,16.713412551303342,0.0316838744937993,0.3135761902389877,3.541530304968148e-09,14.0,614.9208740234375,14.655139660894802,2.149709334227282,646.5946265548473,0.0
2457918.4950431297,758319.8841470625,370.6135938029067,648551.1454768329,658.8245809250268,648551.1454768329,658.8245809250268,16.738563283490016,0.0310405730924309,0.6556693572355101,5.2703553385986265e-09,14.0,1758.415283203125,26.38533832636542,2.149709334227282,646.5946265548473,0.0
2457961.241870827,757055.6091705009,428.9154775033408,647190.3189896436,690.359064377112,647190.3189896436,690.359064377112,16.70671651529208,0.0314138041751399,0.3177457157902663,5.005990165783675e-09,14.0,514.6078369140625,13.861114401333422,2.149709334227282,646.5946265548473,0.0
2457918.644912304,759622.2727417754,618.8647500216031,649952.9962839411,854.903692636294,649952.9962839411,854.903692636294,16.77137012412865,0.0335569037549472,0.6584470924563531,7.356429061049051e-09,14.0,4290.318457031251,44.1858139147054,2.149709334227282,646.5946265548473,0.0
2457961.2695889114,756858.8128986547,536.0575273596106,646978.4935685337,771.1233003237253,646978.4935685337,771.1233003237253,16.70175926677581,0.032426438740528,0.3238453153602654,3.5602497283755883e-09,14.0,488.8830261230469,18.7585680408805,2.149709334227282,646.5946265548473,0.0
2457919.271156578,757304.1482841949,380.6286132941605,647457.8388055756,658.4286097603089,647457.8388055756,658.4286097603089,16.71297715296084,0.0310360804615582,0.646091459333912,5.654786556253683e-09,14.0,1605.7148681640624,27.488194527290077,2.149709334227282,646.5946265548473,0.0
2457961.4813785376,755560.1493186471,437.19468189366626,645580.6522520592,686.9208778026687,645580.6522520592,686.9208778026687,16.66904625831931,0.0313726751559238,0.3169928017334747,5.142033909925641e-09,14.0,527.5643920898438,14.85185765592715,2.149709334227282,646.5946265548473,0.0
2457919.358336585,758612.3778598664,413.3081435504033,648865.9766639561,689.5897522337976,648865.9766639561,689.5897522337976,16.745931126438528,0.0314043834532722,0.7348055540584553,7.610283680337235e-09,14.0,2236.6408203125,33.33340966462818,2.149709334227282,646.5946265548473,0.0
2457961.5290685077,758003.0684470407,626.5188155500168,648210.134854825,852.5109102355585,648210.134854825,852.5109102355585,16.730582775810035,0.0335236970923265,0.310252384192089,3.662685869221059e-09,14.0,546.2499877929688,20.736723085799305,2.149709334227282,646.5946265548473,0.0
2457919.39672299,760179.2224716337,397.36475789040145,650552.4797495435,689.5117836806626,650552.4797495435,689.5117836806626,16.785399547532194,0.0314032990000437,0.7301187392936793,6.200697269744003e-09,14.0,2487.55927734375,30.45973708030069,2.149709334227282,646.5946265548473,0.0
2457966.397733604,760438.8899096914,1061.8110998957177,650831.9777496787,1265.398844957824,650831.9777496787,1265.398844957824,16.791940504888544,0.0400343078902188,0.225135260140431,5.582330583465361e-09,14.0,2437.30546875,24.500113834557684,2.149709334227282,646.5946265548473,4.0
2457919.428972504,778799.0897004795,698.3513520258665,670594.3290170819,1039.6380634473746,670594.3290170819,1039.6380634473746,17.25442931281807,0.0363005045860524,0.7458004741718685,6.1096415109014055e-09,14.0,2459.345703125,33.561675095026224,2.149709334227282,646.5946265548473,0.0
2457966.435136967,764801.5817009216,3735.6206970435032,655527.8442779372,4062.953291262573,655527.8442779372,4062.953291262573,16.901835612179376,0.0988261535217897,0.0870582889178305,6.0279529156650606e-09,14.0,1872.7905761718748,30.618061031590564,2.149709334227282,646.5946265548473,4.0
2457919.4377928763,761947.8184133841,407.28282364391566,652456.1417275855,708.6507631038747,652456.1417275855,708.6507631038747,16.829950033808473,0.0316356409699004,0.7395198605392417,4.371141454384961e-09,14.0,2467.6810546875,30.099047546925625,2.149709334227282,646.5946265548473,0.0
2458205.6569166663,757284.959956156,397.26911956979524,647437.1850826716,669.5919812849475,647437.1850826716,669.5919812849475,16.712493803810936,0.0311666143653205,0.9412087568429068,6.810177682756261e-09,14.0,2638.412841796875,42.816131040545535,2.149709334227282,646.5946265548473,0.0
2457919.462436926,756839.4091096257,291.58189834714597,646957.6079300835,600.0307238812553,646957.6079300835,600.0307238812553,16.70127049021785,0.0303807828347622,0.7375543835095412,5.225514329978016e-09,14.0,1284.6748046875,23.99848535640904,2.149709334227282,646.5946265548473,0.0
2458212.4631295414,0.0,0.0,0.0,0.0,0.0,0.0,0.0,0.0,0.0,0.0,14.0,0.0,0.0,0.0,0.0,5.0
2457919.519795672,757245.3071530724,293.9645403040985,647394.5040316915,604.3735770768311,647394.5040316915,604.3735770768311,16.711494959689507,0.0304278451257661,0.6890010314001522,7.571599817631533e-09,14.0,1443.1952880859376,22.24113934612074,2.149709334227282,646.5946265548473,0.0
2458222.4477322963,758108.2824951403,516.4111842659165,648323.3840024649,762.8482848613764,648323.3840024649,762.8482848613764,16.73323309117901,0.0323189319432822,0.2932855161396104,5.878170449851999e-09,14.0,478.420654296875,15.31047469297218,2.149709334227282,646.5946265548473,0.0
2457920.299691576,758155.3183199493,307.14189060914083,648374.0119097111,618.6242455698382,648374.0119097111,618.6242455698382,16.734417911757966,0.0305841929810396,0.7496200395349862,3.7828068751335515e-09,14.0,1311.8994384765624,24.9801679759332,2.149709334227282,646.5946265548473,0.0
2458222.496318109,759070.1158724177,511.98390828637326,649358.6717051623,765.2425794594583,649358.6717051623,765.2425794594583,16.757461431673814,0.03234982386558,0.2964345190665465,7.832917290737693e-09,14.0,470.0924926757813,14.870925491377845,2.149709334227282,646.5946265548473,0.0
2457920.352419193,757219.883300735,282.5381855919277,647367.1385832657,597.8360670665601,647367.1385832657,597.8360670665601,16.710854539253216,0.0303570335286773,0.7831693487336294,4.166614313314834e-09,14.0,1126.7444091796874,24.534572803468084,2.149709334227282,646.5946265548473,0.0
2458222.5241020336,759172.2489971202,950.5064324010016,649468.6046421343,1153.0784922508662,649468.6046421343,1153.0784922508662,16.760034139358474,0.0381310826234668,0.259174403235378,2.9831970138288502e-09,14.0,501.7094299316407,26.270840997655714,2.149709334227282,646.5946265548473,0.0
2457920.3999710027,758049.9923135603,286.04557284076196,648260.6422536301,605.9966688043347,648260.6422536301,605.9966688043347,16.731764776187873,0.0304454308503824,0.786022987386939,3.760677267386494e-09,14.0,1585.8338134765625,24.386421491651507,2.149709334227282,646.5946265548473,0.0
2458223.4651654824,757397.0219767063,578.4606357441379,647557.8051760849,808.8187589886518,647557.8051760849,808.8187589886518,16.71531661788099,0.0329254918162414,0.2756037201835372,5.478289458780064e-09,14.0,492.24859008789065,16.705998561542017,2.149709334227282,646.5946265548473,0.0
2457920.4251067364,756601.5149831673,335.9413034934917,646701.5460492162,624.6504992403362,646701.5460492162,624.6504992403362,16.69527799709615,0.0306513772160269,0.8003359846334267,3.9195195673864055e-09,14.0,1714.7169921875002,30.815866786220912,2.149709334227282,646.5946265548473,0.0
2458223.482546678,757877.9242787871,656.4907585337453,648075.4335421877,877.6016457873777,648075.4335421877,877.6016457873777,16.727430425734624,0.0338764472845161,0.2700675024171524,6.4411726467128455e-09,14.0,493.3856506347656,18.779542211140388,2.149709334227282,646.5946265548473,0.0
2457920.462059586,757566.3478022873,324.9258505060311,647740.0622583557,624.784050716175,647740.0622583557,624.784050716175,16.719581892775437,0.0306527572190671,0.7858468530551713,4.6053710538956366e-09,14.0,1254.027001953125,28.439495122252296,2.149709334227282,646.5946265548473,0.0
2458223.514034936,756061.2219928238,465.7758308846419,646119.9913829194,711.3852765331393,646119.9913829194,711.3852765331393,16.68166815276527,0.0316698005060269,0.2881399802264562,3.1630141964438115e-09,14.0,492.04736328125,14.03016611649414,2.149709334227282,646.5946265548473,0.0
2457920.5041213203,757857.520288892,384.0887850643535,648053.4713184563,664.5262611891986,648053.4713184563,664.5262611891986,16.726916454368787,0.0311071150492748,0.7810279231357963,4.051662940498065e-09,14.0,1221.323388671875,33.55249429924047,2.149709334227282,646.5946265548473,0.0
2458223.5266707456,757714.5063060694,415.7681465333703,647899.5354900393,685.3118246903811,647899.5354900393,685.3118246903811,16.72331396816567,0.0313531472362642,0.9780532918334134,4.537917645487047e-09,14.0,1685.6363037109377,46.18839692612638,2.149709334227282,646.5946265548473,0.0
2457920.549252917,758353.882138801,337.57393949029023,648587.7398637558,638.1652867949495,648587.7398637558,638.1652867949495,16.73941968433806,0.0308032788461276,0.7613165663971099,6.084566953881609e-09,14.0,1327.5840576171877,28.008614914357693,2.149709334227282,646.5946265548473,0.0
2458224.523586805,758625.9004759813,3472.530259420542,648880.5319897557,3774.6960951129468,648880.5319897557,3774.6960951129468,16.746271757732195,0.0923541644409764,0.0568904541833292,5.799014148667416e-09,14.0,991.275146484375,20.763382427038398,2.149709334227282,646.5946265548473,4.0
2457920.590933508,757221.4608267819,415.06419021751657,647368.8365835182,681.5661666689398,647368.8365835182,681.5661666689398,16.710894276736973,0.0313084522653801,0.7538974523073204,8.484706612425226e-09,14.0,1534.27255859375,35.61637008492892,2.149709334227282,646.5946265548473,0.0
2458228.420792835,757732.8204909742,665.5441741267894,647919.2483123067,884.7214180726494,647919.2483123067,884.7214180726494,16.723775297870205,0.0339777360896052,0.295959334687874,4.981274724136223e-09,14.0,502.50104980468745,21.31613677981182,2.149709334227282,646.5946265548473,0.0
2457921.5887723626,757081.9965532002,515.3079293325152,647218.7215523536,755.8701794909939,647218.7215523536,755.8701794909939,16.707381206815484,0.0322291196366605,0.499479192543346,5.413791196666545e-09,14.0,1800.8791015625,29.07618266555721,2.149709334227282,646.5946265548473,4.0
2458228.431468679,757974.296445512,801.478839320046,648179.1655621505,1007.9543781655885,648179.1655621505,1007.9543781655885,16.72985801633898,0.0358081745123676,0.2947494455376391,5.680816565005767e-09,14.0,497.3045166015625,25.876767194263177,2.149709334227282,646.5946265548473,0.0
2457922.295056842,757653.0004966867,316.88839010114344,647833.3325388822,620.6144788199788,647833.3325388822,620.6144788199788,16.721764652320196,0.0306063223528415,0.6722838284697892,8.205609907973979e-09,14.0,1224.2791259765625,23.220361338803663,2.149709334227282,646.5946265548473,0.0
2458228.5109975105,755962.1786455414,984.2606983079024,646013.3841868105,1173.1373147127708,646013.3841868105,1173.1373147127708,16.679173275795527,0.0384650042922081,0.3223205573120706,5.138495295790192e-09,14.0,503.8212707519531,37.300621650660815,2.149709334227282,646.5946265548473,0.0
2457922.338122814,757391.6080167964,397.4368791974414,647551.9777570643,670.4217524003058,647551.9777570643,670.4217524003058,16.7151802415946,0.0311763705366276,0.662810308304407,3.580035933812269e-09,14.0,1107.4302490234377,29.52427571402398,2.149709334227282,646.5946265548473,0.0
2458228.514517209,755913.6600557024,493.2818404754482,645961.16027714,731.6807064841639,645961.16027714,731.6807064841639,16.67795110473896,0.0319220547377153,0.3229112350435724,8.154840845518182e-09,14.0,505.8089965820312,17.363562193219362,2.149709334227282,646.5946265548473,0.0
2457922.5799944964,757139.3793463426,382.85913431110083,647280.4866163353,658.80709335656,647280.4866163353,658.80709335656,16.708826664920434,0.0310404974875658,0.6883518464147208,7.422249762539434e-09,14.0,1351.0041992187498,29.75289717242876,2.149709334227282,646.5946265548473,0.0
2458228.594109955,760812.1414714119,1646.533165531339,651233.7341879465,1854.6253001075345,651233.7341879465,1854.6253001075345,16.801342617708936,0.0510841984657328,0.3078071431430481,8.549626382304041e-09,14.0,533.159033203125,53.38748705998562,2.149709334227282,646.5946265548473,0.0
2457922.5840071426,758615.3533744729,375.244664965225,648869.1794158602,663.9180059293902,648869.1794158602,663.9180059293902,16.746006078901928,0.0310999223070936,0.6934618372512102,4.4301635184712895e-09,14.0,1381.8648681640625,28.211263040378856,2.149709334227282,646.5946265548473,0.0
2458228.5978614404,752571.5182677398,1558.585654082852,642363.782211989,1743.673139569687,642363.782211989,1743.673139569687,16.59376339496132,0.0488978582253534,0.3111304431829491,6.541040945366793e-09,14.0,534.2278930664063,62.671662904996445,2.149709334227282,646.5946265548473,0.0
2457922.6291374764,757660.6946401168,342.35920697039467,647841.6142769288,636.1495391314195,647841.6142769288,636.1495391314195,16.72195846585509,0.0307805088887463,0.7044713087114586,3.56502568172749e-09,14.0,1535.9988281249998,26.639367642993577,2.149709334227282,646.5946265548473,0.0
2458228.6658681585,780577.8795641147,1595.134506084983,672508.963417394,1868.0436099641308,672508.963417394,1868.0436099641308,17.299236581418835,0.0513512180787257,0.2818039133574159,5.900713061621592e-09,14.0,572.5410766601562,28.10951953720362,2.149709334227282,646.5946265548473,0.0
2457923.542367532,757451.2637745342,360.9214004863103,647616.1893698445,646.4667092073878,647616.1893698445,646.4667092073878,16.716682955105163,0.0308980348410964,0.7100504196001599,7.834952356082149e-09,14.0,1174.701904296875,28.687245037763663,2.149709334227282,646.5946265548473,0.0
2458229.431540894,757606.9142626227,464.4282455731556,647783.726741747,719.9304475148728,647783.726741747,719.9304475148728,16.72060375169289,0.0317752066476327,0.3172190933521084,8.297767387244671e-09,14.0,521.8522094726563,15.018936565098414,2.149709334227282,646.5946265548473,0.0
2457923.5875254883,756862.3055193898,361.1336381963899,646982.2529174837,642.5230380884822,646982.2529174837,642.5230380884822,16.70184724501236,0.0308530167034991,0.7160608458773949,6.746230853422517e-09,14.0,1439.5507080078123,29.362705989370365,2.149709334227282,646.5946265548473,0.0
2458229.4762179004,757828.2185368477,525.5396830221526,648021.9318187087,768.3743112350919,648021.9318187087,768.3743112350919,16.726178350615683,0.0323905762164884,0.3287008034541376,8.535877635329799e-09,14.0,498.1450988769532,18.157812445664067,2.149709334227282,646.5946265548473,0.0
2457923.6298041493,757278.1410329433,455.2841668515299,647429.8454046007,711.0529207327025,647429.8454046007,711.0529207327025,16.71232203685285,0.0316655733323885,0.6826163387246393,4.6729075712938e-09,14.0,1749.0574462890625,35.358962997097514,2.149709334227282,646.5946265548473,0.0
2458229.56988865,757111.3198859661,537.0766407905164,647250.2842809219,773.3970368470923,647250.2842809219,773.3970368470923,16.708119854181525,0.0324560548055369,0.3319054566588471,4.6271657680139495e-09,14.0,496.8556823730469,19.2825304799316,2.149709334227282,646.5946265548473,0.0
2457925.2546801404,0.0,0.0,0.0,0.0,0.0,0.0,0.0,0.0,0.0,0.0,14.0,0.0,0.0,0.0,0.0,5.0
2458229.6235028137,757495.8192407666,275.0454911915725,647664.1474958236,595.8575906422425,647664.1474958236,595.8575906422425,16.717805296076364,0.0303356907443151,1.056344754009551,5.372008262650906e-09,14.0,1652.213427734375,32.662943832914216,2.149709334227282,646.5946265548473,0.0
2457925.6093956367,757067.9076262703,288.8498140670585,647203.5566671047,600.1909481157265,647203.5566671047,600.1909481157265,16.707026310295014,0.0303824894357589,0.6723533145670638,8.57866812350325e-09,14.0,1231.8115234375,21.26451626365048,2.149709334227282,646.5946265548473,0.0
2458229.6707326304,758121.5241696151,580.7346584578821,648337.6369313719,814.7526223876137,648337.6369313719,814.7526223876137,16.733566645623544,0.0330054467390086,0.3263516608429549,7.103625922551977e-09,14.0,621.143603515625,20.07215437861595,2.149709334227282,646.5946265548473,0.0
2457925.6307538515,756050.3382974622,345.1836913317757,646108.2765098094,626.6354427157792,646108.2765098094,626.6354427157792,16.68139399522064,0.0306736254075742,0.6397175563964634,5.748665644214848e-09,14.0,1385.8480712890623,25.23693965530351,2.149709334227282,646.5946265548473,0.0
2458230.5014395816,758931.4612670989,6997.635284213874,649209.4281758775,7550.642405520675,649209.4281758775,7550.642405520675,16.75396875709192,0.1787459562981528,0.0210415227349055,3.3093558360936403e-09,14.0,264.74360961914067,14.364915419476128,2.149709334227282,646.5946265548473,4.0
2457958.2119472134,757773.5630412285,986.884555803311,647963.1023334401,1182.4946733299907,647963.1023334401,1182.4946733299907,16.724801592448348,0.0386214422822628,0.2232814986567445,5.993373082311845e-09,14.0,698.2120483398437,24.090541839879428,2.149709334227282,646.5946265548473,0.0
2458230.669704239,757531.0670270723,270.0780725697937,647702.0871229692,593.4871515236899,647702.0871229692,593.4871515236899,16.718693178934746,0.0303102266729159,1.0962323287320062,5.313948988192738e-09,14.0,2048.00146484375,33.23617151977292,2.149709334227282,646.5946265548473,0.0
2457958.4085291508,761562.0657344068,528.1209364694313,652040.9294732987,793.256469004634,652040.9294732987,793.256469004634,16.820233020993317,0.0327171054174018,0.2669568107188334,8.582900544124394e-09,14.0,357.63435058593745,12.366899003009491,2.149709334227282,646.5946265548473,0.0
2458230.6736022187,757615.07254951,512.017988233249,647792.5080694584,756.4463285599594,647792.5080694584,756.4463285599594,16.72080925688458,0.0322364649890983,0.3483680326651486,8.541377856288527e-09,14.0,850.6234252929687,18.94061499115208,2.149709334227282,646.5946265548473,0.0
2457958.4397347565,759511.541720893,491.58637961529223,649833.8088374092,752.3674505783634,649833.8088374092,752.3674505783634,16.76858083760495,0.0321839582965445,0.2613960872199883,5.612222012395346e-09,14.0,342.9978271484375,11.628792999158726,2.149709334227282,646.5946265548473,0.0
2457961.370226658,756172.1982037291,419.70177292581906,646239.4427444091,678.0596055309758,646239.4427444091,678.0596055309758,16.68446361556387,0.0312668458870717,0.3260912521899073,3.978480748991372e-09,14.0,519.2151123046875,14.274282258085464,2.149709334227282,646.5946265548473,0.0
2458231.413109076,757806.3781058786,611.3641062102782,647998.4234542273,838.598167544207,647998.4234542273,838.598167544207,16.725628195661024,0.0333309739315297,0.336396696510618,3.3680711720243438e-09,14.0,555.2284301757812,22.203164053238755,2.149709334227282,646.5946265548473,0.0
2457961.4084371226,756454.5156118869,445.1240543490089,646543.3204719116,698.3549810763877,646543.3204719116,698.3549810763877,16.69157511996167,0.031510519803036,0.3233228099607103,3.76702040609089e-09,14.0,555.6824462890625,15.131023013543189,2.149709334227282,646.5946265548473,0.0
2458231.431592024,757292.5318023342,545.449539035832,647445.3351837395,781.1944935337098,647445.3351837395,781.1944935337098,16.712684536708878,0.0325581495843791,0.3431929892287541,3.262754252448596e-09,14.0,523.3398681640625,20.230480879494134,2.149709334227282,646.5946265548473,0.0
2457961.46051857,756556.6073080924,570.9733228836537,646653.2088165315,797.9645550949595,646653.2088165315,797.9645550949595,16.694146784072935,0.0327802115923462,0.3193954374479726,3.951560237668055e-09,14.0,536.8392822265625,20.07357500912609,2.149709334227282,646.5946265548473,0.0
2458231.476347072,756320.6950584304,596.2866500406316,646399.2801665588,817.8720813398749,646399.2801665588,817.8720813398749,16.688204213928522,0.0330478642684796,0.3490196881228629,4.109619156953441e-09,14.0,509.3962707519531,23.40133865466129,2.149709334227282,646.5946265548473,0.0
2458231.5028491886,768414.5624544995,91.08188055243419,659416.7450300091,624.709044353557,659416.7450300091,624.709044353557,16.992845687278507,0.0306511946597607,0.9999997352906748,3.186821202142234e-09,14.0,1580.150732421875,0.0738637060739121,2.149709334227282,646.5946265548473,0.0
2458231.6430103765,757211.4515418442,601.9077172921158,647358.062898747,827.3984483142502,647358.062898747,827.3984483142502,16.71064214537065,0.0331773857946502,0.3028707571478223,6.887003731039236e-09,14.0,572.5651611328125,19.68675922334114,2.149709334227282,646.5946265548473,0.0
2458235.5618341174,757719.0397482178,553.3560308678593,647904.415146972,790.0486710159746,647904.415146972,790.0486710159746,16.723428164431446,0.0326749066477344,0.3627321791867882,2.965817099939081e-09,14.0,707.8925170898438,21.64428059386254,2.149709334227282,646.5946265548473,0.0
2458238.397251213,771359.7298511321,1140.5273928924557,662586.832136727,1386.8443424238658,662586.832136727,1386.8443424238658,17.067033712133494,0.0421796815564777,0.3548829562825282,6.688634996094564e-09,14.0,2971.3497070312496,32.37197079487148,2.149709334227282,646.5946265548473,0.0
2458238.442685879,754068.7976650888,831.5639198028455,643975.4074520742,1019.366208255289,643975.4074520742,1019.366208255289,16.631479485826766,0.0359850756410856,0.3900382765761264,6.145259684774251e-09,14.0,4753.14091796875,40.09763222994952,2.149709334227282,646.5946265548473,0.0
2458238.4738128376,755659.2068400824,1054.8960021026858,645687.2747047879,1241.1778529353835,645687.2747047879,1241.1778529353835,16.6715414923324,0.0396172518341877,0.3553873838453038,8.113864230430873e-09,14.0,4636.3865234375,44.76027756970719,2.149709334227282,646.5946265548473,0.0
2458239.6433763485,769219.4232145932,1860.8013412184148,660283.0722619324,2098.050006643397,660283.0722619324,2098.050006643397,17.013119927086713,0.0560047625720136,0.3868771716021932,2.878997671606499e-09,14.0,6534.841015625,62.50933557279657,2.149709334227282,646.5946265548473,0.0
2458240.45630565,-387313769.23000604,-387313769.23000604,-387313769.23000604,-387313769.23000604,-387313769.23000604,-387313769.23000604,0.0,0.0,0.0883831800729288,-9999.99,14.0,-9999.99,-9999.99,-9999.99,-9999.99,7.0
2458240.487733107,769583.9774174569,1555.9027201223694,660675.4671320912,1788.6418393803272,660675.4671320912,1788.6418393803272,17.022302955628295,0.0497786075676199,0.3715933587681831,6.61694640671183e-09,14.0,5619.3603515625,49.47782880175364,2.149709334227282,646.5946265548473,0.0
2458240.532678747,766046.6988676597,1428.9355854185383,656868.0498910869,1649.003371703348,656868.0498910869,1649.003371703348,16.93319979997359,0.0470639492610778,0.384258897451033,5.686009550375103e-09,14.0,5099.893359375,51.19863630492495,2.149709334227282,646.5946265548473,0.0
2458240.588373357,808505.5487107927,43927.75885547439,702569.4428264124,47293.586729479866,702569.4428264124,47293.586729479866,18.002727532447476,1.1071170515929945,-0.059989701405166,7.306491769736706e-09,14.0,18041.941796875,90.7177241389897,2.149709334227282,646.5946265548473,6.0
2458240.5992099824,779159.7661019292,9272.045487768006,670982.5499417194,10006.210538678764,670982.5499417194,10006.210538678764,17.263514660518837,0.2357151069415644,0.1221872574084218,6.5210924114748155e-09,14.0,15189.9435546875,78.04681485303267,2.149709334227282,646.5946265548473,6.0
2458240.6437897063,754053.4768251813,4225.187291379167,643958.9165737937,4573.933946096003,643958.9165737937,4573.933946096003,16.631093557728715,0.1103799299866444,0.0929698911768367,5.1508967289060526e-09,14.0,4962.17861328125,48.76726437263485,2.149709334227282,646.5946265548473,4.0
2458333.3201195425,757290.4014579923,308.6466773615233,647443.04214697,613.1248342137471,647443.04214697,613.1248342137471,16.71263087387151,0.0305235770802342,0.995955208499144,8.297844271265924e-09,14.0,1485.9169189453123,34.82283020432802,2.149709334227282,646.5946265548473,0.0
2458334.354839549,757786.590025945,426.2827307394191,647977.1241769312,693.2276550543771,647977.1241769312,693.2276550543771,16.725129738911967,0.0314483032240597,0.6202020180305499,5.6031376218052145e-09,14.0,1193.5667236328125,29.375574253430923,2.149709334227282,646.5946265548473,4.0
2458353.2531780265,757733.9765529849,634.6849281598229,647920.4926617033,858.0535517110287,647920.4926617033,858.0535517110287,16.72380441878105,0.0336010805495035,1.028376157891168,5.263392411829141e-09,14.0,10439.2427734375,74.86691696497246,2.149709334227282,646.5946265548473,0.0
2458354.3549021315,768248.5895728387,1065.8352171202903,659238.0969528839,1301.8634364996512,659238.0969528839,1301.8634364996512,16.98866487219682,0.0406692693207656,1.0018824483129438,4.976530276605331e-09,14.0,17942.7953125,95.49822422898976,2.149709334227282,646.5946265548473,0.0
2458359.3481482724,756938.769922803,278.7520121981904,647064.5568366643,593.6667269087428,647064.5568366643,593.6667269087428,16.703773364073527,0.0303122206272778,0.9773330940552524,5.388397787077236e-09,14.0,2010.3491699218748,30.98782289103775,2.149709334227282,646.5946265548473,0.0
2458366.230769004,757531.1186798395,440.3825651126099,647702.1427204104,701.7180844726497,647702.1427204104,701.7180844726497,16.718694480054936,0.0315512919930451,0.8387986372815641,6.020153066462456e-09,14.0,1743.761376953125,42.1033322893481,2.149709334227282,646.5946265548473,0.0
2458392.241941164,756069.3383129723,328.1450039120573,646128.7275389306,616.071964025049,646128.7275389306,616.071964025049,16.681872600825372,0.0305562041624074,0.9632503482304068,5.4154633523988995e-09,14.0,1673.5734619140626,37.07023810772914,2.149709334227282,646.5946265548473,0.0
2458205.6486717854,0.0,0.0,0.0,0.0,0.0,0.0,0.0,0.0,0.0,0.0,0.0,0.0,0.0,0.0,0.0,0.0
2458223.518424098,0.0,0.0,0.0,0.0,0.0,0.0,0.0,0.0,0.0,0.0,0.0,0.0,0.0,0.0,0.0,0.0
2458224.515344911,0.0,0.0,0.0,0.0,0.0,0.0,0.0,0.0,0.0,0.0,0.0,0.0,0.0,0.0,0.0,0.0
2458229.6152542923,0.0,0.0,0.0,0.0,0.0,0.0,0.0,0.0,0.0,0.0,0.0,0.0,0.0,0.0,0.0,0.0
2458230.66145374,0.0,0.0,0.0,0.0,0.0,0.0,0.0,0.0,0.0,0.0,0.0,0.0,0.0,0.0,0.0,0.0
2458231.494605545,0.0,0.0,0.0,0.0,0.0,0.0,0.0,0.0,0.0,0.0,0.0,0.0,0.0,0.0,0.0,0.0
2458333.3118772204,0.0,0.0,0.0,0.0,0.0,0.0,0.0,0.0,0.0,0.0,0.0,0.0,0.0,0.0,0.0,0.0
2458334.346566356,0.0,0.0,0.0,0.0,0.0,0.0,0.0,0.0,0.0,0.0,0.0,0.0,0.0,0.0,0.0,0.0
2458366.222491097,0.0,0.0,0.0,0.0,0.0,0.0,0.0,0.0,0.0,0.0,0.0,0.0,0.0,0.0,0.0,0.0
2458392.2336996747,0.0,0.0,0.0,0.0,0.0,0.0,0.0,0.0,0.0,0.0,0.0,0.0,0.0,0.0,0.0,0.0
