2458645.7875540005,20.138366898240683,0.020501711708966863,17.396523269983977,0.03901601324955166,17.396523269983977.1,0.03901601324955166.1,17.396523269983977.2,0.03901601324955166.2,1.2734839201606034,6.528223233869758e-09,13.0,2477.491772460937,51.649726024492004,41.61364805045582,761.8944074119895,0.0
2458552.875748662,7359.221240679028,7.385625481534996,6363.9508465706,14.630872312043511,6363.9508465706,14.630872312043511,17.50151844624044,0.0402364015416311,2.1339680569300152,7.821222753397072e-09,13.0,2458.823608398437,78.83325520179686,41.61364805045582,761.8944074119895,0.0
2458645.69297738,7310.700506827465,5.607840432255688,6313.132117881521,13.052880524341756,6313.132117881521,13.052880524341756,17.36176172293927,0.0358967620556724,2.24190417175166,5.1900517718766454e-09,13.0,2559.6599853515627,71.11909382972041,41.61364805045582,761.8944074119895,0.0
2458555.8661880703,7309.731976792168,7.117974590107172,6312.11771720817,13.824152377915812,6312.11771720817,13.824152377915812,17.358972016902158,0.038017838867519,2.1994092912000847,8.293216484639736e-09,13.0,2437.524975585937,89.24136129842431,41.61364805045582,761.8944074119895,0.0
2458647.624302169,7346.193085503465,7.896167705868837,6350.305663766656,14.749735088679833,6350.305663766656,14.749735088679833,17.463992792082653,0.0405632863853431,2.162641429086569,7.343722265441702e-09,13.0,4752.134765625,88.57451446246728,41.61364805045582,761.8944074119895,0.0
2458559.8573736465,7296.435607890541,5.7199563131645785,6298.191617783763,12.909276318648228,6298.191617783763,12.909276318648228,17.320673813186193,0.0355018357409512,2.224843389001781,8.230569097671271e-09,13.0,2429.521630859375,74.77197406738709,41.61364805045582,761.8944074119895,0.0
2458653.789671092,7380.287074433543,12.067934845661023,6386.014381171189,17.95528708472805,6386.014381171189,17.95528708472805,17.562195432457184,0.0493788836050251,2.212748619563091,7.328576945077941e-09,13.0,13100.950292968751,127.65573853411874,41.61364805045582,761.8944074119895,0.0
2458562.845562868,7569.978881482738,41.09146274371621,6584.690198945586,45.85565760201648,6584.690198945586,45.85565760201648,18.10857433660512,0.126107768072824,1.67662525482096,7.198958428875105e-09,13.0,4682.211474609376,203.89569340702505,41.61364805045582,761.8944074119895,2.0
2458654.6107783155,7316.277611707333,9.387500702812078,6318.97336052694,15.316221376945718,6318.97336052694,15.316221376945718,17.37782574014689,0.042121181859814,1.8142754336936344,7.507330384404828e-09,13.0,16943.3390625,95.63141341739296,41.61364805045582,761.8944074119895,0.0
2458573.816595727,8077.175741988445,165.092434569862,7115.908455554035,174.61713810609703,7115.908455554035,174.61713810609703,19.56947910176723,0.4802150640808958,1.6146384936252147,7.454148312393721e-09,13.0,3047.005810546875,218.6413329944392,41.61364805045582,761.8944074119895,2.0
2458655.764973865,7318.890259406137,9.314833753182752,6321.709746068263,15.298890864899159,6321.709746068263,15.298890864899159,17.3853510814297,0.0420735211717323,1.417223430088631,7.857675283617904e-09,13.0,9377.6033203125,73.30606610734205,41.61364805045582,761.8944074119895,0.0
2458575.883880605,7313.937736808273,5.455021270966256,6316.522666602451,13.02699478410235,6316.522666602451,13.02699478410235,17.37108608015271,0.0358255736113841,2.165562624753392,8.254850563207712e-09,13.0,2378.0691406250003,66.16261031863478,41.61364805045582,761.8944074119895,0.0
2458661.6532382253,7385.312704664596,28.667332677559695,6391.278030727371,32.6524956643584,6391.278030727371,32.6524956643584,17.57667100934693,0.089797716695676,0.2337198926539561,7.346475486373783e-09,13.0,1800.308984375,30.135775839976716,41.61364805045582,761.8944074119895,4.0
2458582.797436348,7316.161319480279,6.965082869723698,6318.851560573262,13.823535641738442,6318.851560573262,13.823535641738442,17.37749077776465,0.0380161427796885,2.1578323136154123,8.319225179858381e-09,13.0,2423.296166992188,84.24550847362873,41.61364805045582,761.8944074119895,0.0
2458661.66505442,7313.845336346558,14.716124512274218,6316.425889954165,19.354319864194185,6316.425889954165,19.354319864194185,17.370819934430347,0.0532263674381091,0.447209382151475,8.310815142118208e-09,13.0,1899.737365722656,36.083810476778766,41.61364805045582,761.8944074119895,4.0
2458583.794176527,7342.3582717358,7.2049894723494035,6346.2892290394275,14.305013224748523,6346.2892290394275,14.305013224748523,17.452947184069412,0.039340255583772,2.245840385177957,8.280046438353293e-09,13.0,2539.92978515625,84.72605186840974,41.61364805045582,761.8944074119895,0.0
2458661.676869136,7366.691523638179,16.03063002309347,6371.774930272488,20.954153837894463,6371.774930272488,20.954153837894463,17.523035480003724,0.057626075178895,0.4287438888743488,6.912837657196072e-09,13.0,1864.0027954101563,32.58652965153143,41.61364805045582,761.8944074119895,4.0
2458585.7888663937,7332.500248522942,6.665124862637717,6335.964319103039,13.880825942779461,6335.964319103039,13.880825942779461,17.42455262131052,0.0381736969916291,2.250521815277001,8.044888612323002e-09,13.0,2573.486376953125,80.5160941998419,41.61364805045582,761.8944074119895,0.0
2457821.901764388,7315.617714052728,7.408703754477978,6318.2822094001995,14.067185709031024,6318.2822094001995,14.067185709031024,17.37592500356273,0.0386862054891525,1.2950257351006922,8.34816057404961e-09,13.0,2409.2043212890626,53.27721863530209,41.61364805045582,761.8944074119895,0.0
2458587.783633289,7316.577700992432,6.176450237874979,6319.287662367646,13.411714727115616,6319.287662367646,13.411714727115616,17.378690102489628,0.0368835929678522,2.2677862428182087,7.337512198714785e-09,13.0,2530.6288818359376,78.25446072827656,41.61364805045582,761.8944074119895,0.0
2457844.73369158,7324.717835436671,6.2409582471727765,6327.813322451023,13.555800883128137,6327.813322451023,13.555800883128137,17.40213654335835,0.03727984469545,1.2017952845993398,7.62948847428266e-09,13.0,1876.2187255859376,40.026510676098354,41.61364805045582,761.8944074119895,0.0
2458589.820394095,7330.160657089305,7.900986959512994,6333.513922069208,14.54459188060547,6333.513922069208,14.54459188060547,17.417813777796145,0.0399991214936282,2.237642245190176,8.075108900034284e-09,13.0,3061.655688476563,95.722446417584,41.61364805045582,761.8944074119895,0.0
2457844.746693229,7366.474444688656,9.285891288488555,6371.547570227325,15.864421107936026,6371.547570227325,15.864421107936026,17.522410216528197,0.0436287874236315,1.184487545869433,7.060074874387747e-09,13.0,1853.2525024414065,53.52416832643192,41.61364805045582,761.8944074119895,0.0
2458590.7758862977,7317.705740190034,6.448155094938761,6320.469126731086,13.56654558586923,6320.469126731086,13.56654558586923,17.38193925083298,0.0373093937315372,2.2704033222272444,8.045214151644789e-09,13.0,3871.164331054688,81.57885961268585,41.61364805045582,761.8944074119895,0.0
2457844.7760724565,7393.939376827258,8.418522666011112,6400.313271485789,15.683545971959424,6400.313271485789,15.683545971959424,17.601518849409196,0.0431313622226706,1.1875150418834146,6.553120488774227e-09,13.0,1854.819677734375,44.82092029479404,41.61364805045582,761.8944074119895,0.0
2458601.7428098093,7624.764333196596,98.96873441717969,6642.070349362771,104.99770826677508,6642.070349362771,104.99770826677508,18.266375643558256,0.288754481665142,1.2917724608911771,5.487454263430635e-09,13.0,3373.4445556640626,330.62771574983594,41.61364805045582,761.8944074119895,2.0
2457845.731198966,7324.840651426408,6.155948555619267,6327.941955139886,13.514783351440249,6327.941955139886,13.514783351440249,17.402490296464123,0.0371670422705473,1.1998258468970795,7.230915768963547e-09,13.0,1942.5539916992188,39.3650153910558,41.61364805045582,761.8944074119895,0.0
2458601.917299757,8025.888187365472,247.9342396121334,7062.191866446279,260.73560948023817,7062.191866446279,260.73560948023817,19.421752964686032,0.717049705273758,1.3441394572150838,7.866614141929861e-09,13.0,3615.437109375,311.53302027496227,41.61364805045582,761.8944074119895,2.0
2457846.8609853685,7319.38020572577,5.566893756684471,6322.222896779579,13.154940461593757,6322.222896779579,13.154940461593757,17.386762298589655,0.0361774373653192,1.2516791832014684,7.863999781201057e-09,13.0,1767.4336669921877,37.57082508007832,41.61364805045582,761.8944074119895,0.0
2458604.738709719,7336.563488227371,6.898039414770986,6340.219998268351,14.059798171276965,6340.219998268351,14.059798171276965,17.436256176100414,0.0386658890015818,2.1907016719938075,6.820534543657966e-09,13.0,2449.794360351563,80.19636269748172,41.61364805045582,761.8944074119895,0.0
2457847.7405485627,0.0,0.0,0.0,0.0,0.0,0.0,0.0,0.0,0.0,0.0,13.0,0.0,0.0,0.0,0.0,5.0
2458605.7360795,7331.418220370637,6.509660988808604,6334.831044918147,13.784897092133587,6334.831044918147,13.784897092133587,17.421436000907608,0.0379098827998507,2.0842932431913668,7.183202320788634e-09,13.0,2520.8752197265626,72.81158331704667,41.61364805045582,761.8944074119895,0.0
2457848.91727625,7301.804539233655,5.65402696180106,6303.814827566834,12.951443824242096,6303.814827566834,12.951443824242096,17.33613821762899,0.035617800712205,1.2686960936725182,7.233749720539866e-09,13.0,1939.706774902344,40.73055189363587,41.61364805045582,761.8944074119895,0.0
2458606.733463814,7338.757739305344,7.049926441316003,6342.518171468874,14.17162969486578,6342.518171468874,14.17162969486578,17.442576388438834,0.0389734371772588,2.211313930248658,6.1771773479626764e-09,13.0,2452.979248046875,82.29000557320369,41.61364805045582,761.8944074119895,0.0
2457849.789904132,7298.047180177298,5.223236392345555,6299.879515890462,12.69878105982106,6299.879515890462,12.69878105982106,17.325315706337456,0.0349229521599765,1.278299874269489,6.7855782276987515e-09,13.0,1829.2015380859373,38.16730312712982,41.61364805045582,761.8944074119895,0.0
2458608.8262262885,7310.778898164281,5.976695095446483,6313.2142219174875,13.232290780520668,6313.2142219174875,13.232290780520668,17.361987517470777,0.0363901586867372,2.2521839697995367,8.103956461058557e-09,13.0,2735.0185546875,76.40125312488045,41.61364805045582,761.8944074119895,0.0
2457851.834647825,7300.503677129181,5.157460289367206,6302.452355215298,12.70376199013118,6302.452355215298,12.70376199013118,17.3323912787277,0.0349366502299025,1.2780893708239147,6.8458544313332886e-09,13.0,2245.326831054688,37.34586403857666,41.61364805045582,761.8944074119895,0.0
2458611.7201801976,7329.194105395879,6.7457754653125415,6332.501593434143,13.87883419503974,6332.501593434143,13.87883419503974,17.415029770077133,0.0381682194807797,1.981692256191545,8.290380818287657e-09,13.0,2369.8111328125,72.14890020232376,41.61364805045582,761.8944074119895,0.0
2457864.884784566,7291.17380147112,7.736884733581023,6292.68060647753,13.948647457742869,6292.68060647753,13.948647457742869,17.30551796607818,0.0383602131234788,1.2257222717812384,6.270270089853809e-09,13.0,1927.933337402344,56.14788100926509,41.61364805045582,761.8944074119895,0.0
2458613.7682784777,7330.091760815697,5.72061167379491,6333.441762792989,13.376816588967632,6333.441762792989,13.376816588967632,17.417615332375323,0.0367876195036848,2.222908951035145,8.038981814983183e-09,13.0,2570.948291015625,68.3397878827289,41.61364805045582,761.8944074119895,0.0
2457867.794765722,7288.961440713189,6.891135136176605,6290.363465902869,13.424505713365091,6290.363465902869,13.424505713365091,17.29914559151281,0.0369187694937538,1.2299568400524918,5.879681657341573e-09,13.0,1747.1411499023438,50.3258356694062,41.61364805045582,761.8944074119895,0.0
2458617.8568117856,7320.152949937605,6.54931513418839,6323.032238999492,13.65265237974289,6323.032238999492,13.65265237974289,17.38898807281901,0.0375461962584044,2.217718851134062,7.4401173229911395e-09,13.0,2962.853466796875,80.46785412780177,41.61364805045582,761.8944074119895,0.0
2457914.6605600743,8721.007212132974,929.3449744102498,7790.2324858305965,974.0028640824672,7790.2324858305965,974.0028640824672,21.42393944238852,2.6786079125071085,1.29867851565995,8.085173146679461e-09,13.0,57647.630078125,193.90650897957647,41.61364805045582,761.8944074119895,2.0
2458618.70156257,7355.477433851252,8.22482480671096,6360.029728971121,15.065409541613773,6360.029728971121,15.065409541613773,17.49073497011819,0.0414314235526827,2.186172969251695,7.673851842717353e-09,13.0,4121.124462890625,91.09807102729212,41.61364805045582,761.8944074119895,0.0
2457914.676125683,7754.258284826658,104.53669434067862,6777.6972756763,111.10511914435988,6777.6972756763,111.10511914435988,18.6393636206672,0.3055504888483874,1.3013052863410404,4.062442322957804e-09,13.0,58131.920312500006,253.71909745315648,41.61364805045582,761.8944074119895,2.0
2458618.8897766625,7390.033715896881,8.879675991172384,6396.222634197004,15.90950237320644,6396.222634197004,15.90950237320644,17.590269176730608,0.0437527655332574,2.1362021717245043,5.3817813320171055e-09,13.0,3817.902490234376,87.82116031761785,41.61364805045582,761.8944074119895,0.0
2457915.53601796,7287.837159075527,16.10466928919969,6289.185937061497,20.303718366729807,6289.185937061497,20.303718366729807,17.29590726625935,0.0558373108293382,1.1844364969318104,5.230639118450096e-09,13.0,20951.8619140625,115.2841621548968,41.61364805045582,761.8944074119895,0.0
2458625.7003256227,7357.111400108236,7.639462012719711,6361.74108165088,14.745124887050775,6361.74108165088,14.745124887050775,17.49544136575431,0.0405506078573662,2.2546565067539803,6.977934144738181e-09,13.0,10454.72392578125,86.68292778924257,41.61364805045582,761.8944074119895,0.0
2457915.84461488,7289.037069811352,10.376823433531811,6290.442676877549,15.693022867392681,6290.442676877549,15.693022867392681,17.299363429828656,0.0431574246584494,1.21655343855988,6.646968275068658e-09,13.0,17297.267578125,75.74628377315095,41.61364805045582,761.8944074119895,0.0
2458626.6764046648,7356.011228141531,9.063779582959517,6360.5888043407695,15.591212332543575,6360.5888043407695,15.591212332543575,17.49227248480531,0.0428774352310258,2.213772886538232,7.472720791136467e-09,13.0,7463.334912109374,101.65529583045748,41.61364805045582,761.8944074119895,0.0
2457917.65710363,7465.833148221553,15.346203502241751,6475.612010249672,21.39858302900602,6475.612010249672,21.39858302900602,17.80859811466859,0.0588483011001524,1.2159900970247706,7.011299684169813e-09,13.0,11248.46513671875,71.35992347168232,41.61364805045582,761.8944074119895,0.0
2458627.8000402674,7328.346537811948,6.938550658324651,6331.613884125683,13.971347822322237,6331.613884125683,13.971347822322237,17.412588478305494,0.0384226414575437,2.0935241513840417,8.346299636536313e-09,13.0,3833.172143554688,78.69060682156645,41.61364805045582,761.8944074119895,0.0
2457917.783162222,7447.858094936351,15.028547066986818,6456.78563885004,20.95681573030095,6456.78563885004,20.95681573030095,17.756823659731683,0.0576333956564061,1.2073782707224674,5.756721283854879e-09,13.0,9924.048730468749,72.73011787889314,41.61364805045582,761.8944074119895,0.0
2458629.672143226,-3636224.1951565146,-3636224.1951565146,-3636224.1951565146,-3636224.1951565146,-3636224.1951565146,-3636224.1951565146,-9999.99,-9999.99,0.0282195208704495,-9999.99,13.0,-9999.99,-9999.99,-9999.99,-9999.99,7.0
2457918.644939944,7459.53105997288,19.60064401519987,6469.011448232959,24.862093950193362,6469.011448232959,24.862093950193362,17.790445891202985,0.068373311857987,0.7779157102404944,6.3586031892620245e-09,13.0,6922.385546875,58.956753058908056,41.61364805045582,761.8944074119895,0.0
2458631.7562794965,7421.507378790739,11.965357442464112,6429.18692406837,18.35548584557611,6429.18692406837,18.35548584557611,17.6809243595188,0.0504794713003118,1.4807321360556696,8.049230379447754e-09,13.0,2564.452880859375,75.53555220441339,41.61364805045582,761.8944074119895,0.0
2457919.715205584,7446.794087708413,34.88202536606072,6455.671239080138,39.06013830144992,6455.671239080138,39.06013830144992,17.75375894590852,0.1074193920532734,0.2849503961233596,8.309209779053675e-09,13.0,5671.220361328124,39.00682298820794,41.61364805045582,761.8944074119895,4.0
2458635.818633756,7340.351352871877,6.395907469248109,6344.187260310783,13.849026685381023,6344.187260310783,13.849026685381023,17.44716655418011,0.0380862457677977,2.199463924286123,5.8834336163105125e-09,13.0,2830.827124023437,73.78493515010824,41.61364805045582,761.8944074119895,0.0
2457919.8456720416,8158.406864154483,521.3408221189853,7200.986772198902,546.6380669781058,7200.986772198902,546.6380669781058,19.80345321062409,1.5033108273911306,0.2111870515450486,5.491710741303439e-09,13.0,8388.10673828125,72.87659675882651,41.61364805045582,761.8944074119895,4.0
2458637.7195931133,7329.17087910872,6.044936026794712,6332.477267124713,13.519611092216833,6332.477267124713,13.519611092216833,17.414962870227736,0.0371803190535225,2.24051066115178,8.334002223308013e-09,13.0,2758.7612548828124,73.01854186349217,41.61364805045582,761.8944074119895,0.0
2457920.808129834,0.0,0.0,0.0,0.0,0.0,0.0,0.0,0.0,0.0,0.0,13.0,0.0,0.0,0.0,0.0,5.0
2458638.6479320894,7363.410973926528,8.351452248002827,6368.33901015105,15.244234615443826,6368.33901015105,15.244234615443826,17.51358634677895,0.0419232108721862,1.8528724269222383,7.544355142172982e-09,13.0,2231.7304443359376,76.55667462486464,41.61364805045582,761.8944074119895,0.0
2457922.617183335,7307.195905810296,15.086943390395401,6309.461535140551,19.60350644265873,6309.461535140551,19.60350644265873,17.35166724340944,0.0539116561219309,0.2700844902735359,5.063910502567127e-09,13.0,1613.9884887695312,21.44091372336912,41.61364805045582,761.8944074119895,4.0
2458639.807409977,7670.943623356177,45.25582250359094,6690.4367410346895,50.52594500182316,6690.4367410346895,50.52594500182316,18.39938818819166,0.1389515380904707,0.7172196100205375,6.140903541611172e-09,13.0,2372.843603515625,73.50357958820335,41.61364805045582,761.8944074119895,0.0
2457922.6727261646,7337.262655738101,20.249974964627995,6340.952279114407,24.404291926002497,6340.952279114407,24.404291926002497,17.438270023636957,0.0671143092722866,0.2933083493205798,4.4156693549913246e-09,13.0,1512.9662353515623,30.206508024149645,41.61364805045582,761.8944074119895,4.0
2458641.7617953583,7405.088655423107,10.011774298589048,6411.990592067429,16.817776351744865,6411.990592067429,16.817776351744865,17.63363268034369,0.0462506122597444,2.149557005946513,8.348486365229743e-09,13.0,2665.215185546875,96.41113737425806,41.61364805045582,761.8944074119895,0.0
2457923.8141420176,7351.379920134588,7.882735682897478,6355.738152538995,14.80968758027814,6355.738152538995,14.80968758027814,17.47893269415768,0.0407281618947401,1.1668496744131986,8.311910544653704e-09,13.0,2065.0766845703124,46.18283616881404,41.61364805045582,761.8944074119895,0.0
2458642.6375928437,7342.651186878908,6.449128367068752,6346.596016962959,13.907700617657285,6346.596016962959,13.907700617657285,17.453790882368192,0.0382476051077429,2.1991553438910323,7.739726303722851e-09,13.0,2581.6353759765625,74.01927123419026,41.61364805045582,761.8944074119895,0.0
2457928.51993801,6537.982806643191,44.73622240203323,5503.817665238617,47.2422095818723,5503.817665238617,47.2422095818723,15.136063856436804,0.1299209284251222,0.0092204606072218,2.940249686851071e-09,13.0,1052.8633178710936,13.748449407808044,41.61364805045582,761.8944074119895,6.0
2458644.7067222367,7317.910685260859,5.020552444822945,6320.683778223829,12.89054561352222,6320.683778223829,12.89054561352222,17.3825295644841,0.0354503243780923,2.257363050702965,7.569117223103063e-09,13.0,2419.9852050781246,62.74797017996448,41.61364805045582,761.8944074119895,0.0
2458656.664031166,7441.528110107556,13.623940870889843,6450.155859040762,19.80467252710091,6450.155859040762,19.80467252710091,17.738591084335674,0.0544648835151814,1.1730572302490907,7.471346788575174e-09,13.0,7284.409228515625,64.50687205699175,41.61364805045582,761.8944074119895,0.0
2457928.6362991566,7338.887742067079,10.582842610429173,6342.654331303091,16.407927980448793,6342.654331303091,16.407927980448793,17.442950841967416,0.0451234871446494,0.6533691593198293,8.334830648753564e-09,13.0,1836.6791259765623,35.462232097090755,41.61364805045582,761.8944074119895,4.0
2458661.629563602,7360.216463522107,13.879281018743686,6364.9932042522105,19.12930453916419,6364.9932042522105,19.12930453916419,17.50438503692162,0.0526075521837736,0.3910883956876726,7.916788723242051e-09,13.0,1779.1991943359374,25.5183314102148,41.61364805045582,761.8944074119895,4.0
2457928.66047753,7334.179484565846,9.013300485917398,6337.723085595115,15.28712269501093,6337.723085595115,15.28712269501093,17.429389409800226,0.0420411574958739,0.7063896089364006,8.157928117998045e-09,13.0,1813.65263671875,32.8387204237047,41.61364805045582,761.8944074119895,0.0
2458661.641392995,7369.338235880341,23.488553223926953,6374.546993691068,27.63041985702967,6374.546993691068,27.63041985702967,17.53065893911333,0.0759864924264399,0.3283140567785748,4.339405371946639e-09,13.0,1797.9802001953126,36.72286416421386,41.61364805045582,761.8944074119895,4.0
2458668.699737273,7331.74646384657,6.483723564848082,6335.1748343628515,13.775961917578233,6335.1748343628515,13.775961917578233,17.4223814571899,0.0378853101521243,2.225271500193565,4.700163317962654e-09,13.0,2178.9097167968757,77.39743070163516,41.61364805045582,761.8944074119895,0.0
2457929.5496925926,0.0,0.0,0.0,0.0,0.0,0.0,0.0,0.0,0.0,0.0,13.0,0.0,0.0,0.0,0.0,5.0
2457932.761245984,7451.733916273456,14.971407771047831,6460.845023309893,20.953364396180724,6460.845023309893,20.953364396180724,17.76798738392085,0.0576239041331015,0.9980061450663223,6.458727139188698e-09,13.0,1824.3655151367188,58.62437406498482,41.61364805045582,761.8944074119895,0.0
2457932.820281127,7468.080033818752,16.260259082228437,6477.965310797617,22.149952923737644,6477.965310797617,22.149952923737644,17.815069932874355,0.0609146454811247,0.9741856166074716,8.295812326946067e-09,13.0,1995.156579589844,59.58271429642072,41.61364805045582,761.8944074119895,0.0
2457933.67219274,7331.2691670065,5.554570997910173,6334.674932224237,13.316443112954767,6334.674932224237,13.316443112954767,17.42100667496559,0.03662158624391,1.1507516337906718,4.6595906889905506e-09,13.0,1619.7849243164064,33.10801991045535,41.61364805045582,761.8944074119895,0.0
2457936.722972521,7319.202211969719,7.5384991321531905,6322.036473045245,14.18911449553216,6322.036473045245,14.18911449553216,17.386249614173337,0.0390215221748914,1.1772917825624665,8.348877431403968e-09,13.0,2306.8425537109374,48.60099410531869,41.61364805045582,761.8944074119895,0.0
2457936.787188911,7326.995421635799,6.376445670833892,6330.198777614858,13.655897676959537,6330.198777614858,13.655897676959537,17.408696790060304,0.0375551211590628,1.1468596894617062,7.760094673850186e-09,13.0,1731.260339355469,38.85778645793551,41.61364805045582,761.8944074119895,0.0
2457937.768111161,7360.81442215945,8.382383147282026,6365.619482862327,15.229245381409074,6365.619482862327,15.229245381409074,17.506107367422235,0.0418819889391011,1.1424179087243551,8.326942975782669e-09,13.0,2405.0936767578123,47.07364403064764,41.61364805045582,761.8944074119895,0.0
2457938.5007220856,7329.746902925423,9.069417420025124,6333.080572057177,15.268968864475289,6333.080572057177,15.268968864475289,17.41662202075526,0.0419912325973872,1.140713644037092,7.53440324438522e-09,13.0,5922.08056640625,55.43213672561028,41.61364805045582,761.8944074119895,0.0
2457939.47026248,0.0,0.0,0.0,0.0,0.0,0.0,0.0,0.0,0.0,0.0,13.0,0.0,0.0,0.0,0.0,5.0
2457941.580708092,7480.698252981116,145.56238884221324,6491.181142571989,153.13188779754637,6491.181142571989,153.13188779754637,17.85141482760374,0.4211284190607154,0.3366633836438278,4.295343690132707e-09,13.0,66638.58046875,182.28151009855503,41.61364805045582,761.8944074119895,6.0
2457941.788830149,7528.7742414237655,56.81541585680417,6541.5340622248605,61.40485038858587,6541.5340622248605,61.40485038858587,17.989890528213788,0.1688696452367465,0.8898827269886624,5.93636221558471e-09,13.0,43695.715625,166.2477350287934,41.61364805045582,761.8944074119895,0.0
2457942.48499078,7396.066479412341,28.004062950342384,6402.541115967606,32.08398649583152,6402.541115967606,32.08398649583152,17.60764565054796,0.0882342580927247,1.1469989718798783,6.160066484772206e-09,13.0,32325.1771484375,147.86158021617717,41.61364805045582,761.8944074119895,0.0
2457942.7506021904,7362.274748753175,27.38984873296815,6367.148972115126,31.278996140475407,6367.148972115126,31.278996140475407,17.51031361995569,0.0860204519378732,1.1347348042962928,7.922417975560408e-09,13.0,26619.540820312497,155.9358543475547,41.61364805045582,761.8944074119895,0.0
2457944.685506,7353.525953470512,12.208638980604762,6357.985824352643,17.76237489246982,6357.985824352643,17.76237489246982,17.48511402249539,0.0488483552630076,1.1647003163810208,8.135208538332969e-09,13.0,7983.764892578125,72.23395518700259,41.61364805045582,761.8944074119895,0.0
2457945.632456465,7762.494228663383,40.53172323207067,6786.3232827894135,46.520399377182514,6786.3232827894135,46.520399377182514,18.663086026173985,0.1279358762277328,1.180466496180027,7.882105308232981e-09,13.0,10222.57578125,86.48574564552702,41.61364805045582,761.8944074119895,0.0
2457945.7313681445,7702.949806589071,35.40822546484069,6723.958771988742,41.23643760076142,6723.958771988742,41.23643760076142,18.49157721624079,0.1134044386461404,1.1774681105914548,8.322279687572733e-09,13.0,8679.707324218749,87.74924395584982,41.61364805045582,761.8944074119895,0.0
2457946.529982985,7304.963367091519,5.129767021473936,6307.1232609548315,12.754290862091477,6307.1232609548315,12.754290862091477,17.345236749243103,0.0350756098174294,1.1798579814511332,6.087896577407813e-09,13.0,2193.3592529296875,33.620749638431576,41.61364805045582,761.8944074119895,0.0
2457946.687990557,7314.8643826298,6.63139819671175,6317.493199380032,13.624912242793885,6317.493199380032,13.624912242793885,17.373755144970936,0.0374699080327064,1.1831540792526791,8.01456266887951e-09,13.0,2687.1791015625,43.25030825045907,41.61364805045582,761.8944074119895,0.0
2457947.677525408,7536.050070067342,45.97776052714665,6549.154482042853,50.5185040402529,6549.154482042853,50.5185040402529,18.01084746537878,0.1389310746819185,0.3112523066908514,7.760718155949288e-09,13.0,7274.573486328125,45.034518243057455,41.61364805045582,761.8944074119895,4.0
2457948.575485768,7353.801126513253,9.151475530635947,6358.274029890601,15.619724835076877,6358.274029890601,15.619724835076877,17.485906617325305,0.0429558475414075,1.018049422172606,8.190192022334099e-09,13.0,1692.811437988281,46.60533205893504,41.61364805045582,761.8944074119895,0.0
2457948.5941631044,7360.973882387337,9.118158029965306,6365.786495300397,15.688140261359461,6365.786495300397,15.688140261359461,17.506566668780174,0.0431439969903834,0.881889752153801,8.216573855224166e-09,13.0,1687.3337646484374,39.09251984461744,41.61364805045582,761.8944074119895,0.0
2457954.574370821,7304.39411057564,7.23015161727199,6306.527043829935,13.818286126538277,6306.527043829935,13.818286126538277,17.34359709091434,0.0380017060737295,1.1192071685321965,5.5050090577422094e-09,13.0,1824.2942016601564,46.00495615040284,41.61364805045582,761.8944074119895,0.0
2457954.772326633,7314.605101284054,13.345145799823811,6317.221638187161,18.239122672805127,6317.221638187161,18.239122672805127,17.37300832379949,0.0501594606239547,0.4200507872993075,8.020954625490047e-09,13.0,1773.5775268554687,30.18882527792244,41.61364805045582,761.8944074119895,4.0
2457955.622977011,7340.7638119612375,7.092881053887187,6344.619253912154,14.222018883593629,6344.619253912154,14.222018883593629,17.448354580952355,0.0391120126215501,1.1446524281335757,5.564351956228109e-09,13.0,1765.1083251953123,41.67245955339956,41.61364805045582,761.8944074119895,0.0
2457956.567324613,7305.114711627055,5.176780678403038,6307.281773332518,12.77724304704433,6307.281773332518,12.77724304704433,17.34567267456197,0.0351387306833849,1.2007675869296996,5.557142779921443e-09,13.0,1920.2427490234372,34.6133177745221,41.61364805045582,761.8944074119895,0.0
2457958.574212403,0.0,0.0,0.0,0.0,0.0,0.0,0.0,0.0,0.0,0.0,13.0,0.0,0.0,0.0,0.0,5.0
2457960.656543944,7299.676025220563,6.416890708937678,6301.585504810239,13.307168396216806,6301.585504810239,13.307168396216806,17.330007351082745,0.0365960798203083,1.195432492273071,5.9823978831432044e-09,13.0,1569.2497802734374,43.99692112817844,41.61364805045582,761.8944074119895,0.0
2457965.5901423763,7853.889801635215,786.4976945230071,6882.047449708385,824.00370871514,6882.047449708385,824.00370871514,18.926337316681074,2.2660948293810126,0.0551668915947847,6.547958396111215e-09,13.0,6667.755419921875,61.8999545617849,41.61364805045582,761.8944074119895,4.0
2457968.5422746576,0.0,0.0,0.0,0.0,0.0,0.0,0.0,0.0,0.0,0.0,13.0,0.0,0.0,0.0,0.0,5.0
2457968.704035311,7336.329280773551,11.082244199523995,6339.974698494263,16.7367068231182,6339.974698494263,16.7367068231182,17.435581576527824,0.0460276627296656,1.179548400627015,7.793665361553085e-09,13.0,9872.97470703125,69.2633947375008,41.61364805045582,761.8944074119895,0.0
2457969.754045121,7441.411222119088,38.031139834946984,6450.033435109764,42.13286885596437,6450.033435109764,42.13286885596437,17.73825440595172,0.1158697166671319,1.1098222430920146,8.187401986533673e-09,13.0,24454.3328125,173.06091343445047,41.61364805045582,761.8944074119895,0.0
2457970.558578161,7372.131336530213,15.475109931700258,6377.472378631892,20.54380615716852,6377.472378631892,20.54380615716852,17.538704048156212,0.0564975769115856,1.1706645142257142,5.951156322755191e-09,13.0,12797.10791015625,88.06554085135022,41.61364805045582,761.8944074119895,0.0
2457971.504186619,7348.834843304768,15.149614697887094,6353.072538096653,20.048537563424944,6353.072538096653,20.048537563424944,17.471601980665714,0.0551355374115606,1.1861679103205949,7.968454176970129e-09,13.0,12058.59921875,92.80412349759746,41.61364805045582,761.8944074119895,0.0
2457972.4779339395,7623.908562408657,48.61026322453745,6641.174048337618,53.586944269134804,6641.174048337618,53.586944269134804,18.263910723683296,0.1473696004596438,1.1761918370994235,4.122995284600713e-09,13.0,24029.28203125,147.68995709284033,41.61364805045582,761.8944074119895,2.0
2457973.5586458915,-3636224.1951565146,-3636224.1951565146,-3636224.1951565146,-3636224.1951565146,-3636224.1951565146,-3636224.1951565146,-9999.99,-9999.99,0.9930760111880768,-9999.99,13.0,-9999.99,-9999.99,-9999.99,-9999.99,1.0
2457973.6908085914,-3636224.1951565146,-3636224.1951565146,-3636224.1951565146,-3636224.1951565146,-3636224.1951565146,-3636224.1951565146,-9999.99,-9999.99,0.0934720187757484,-9999.99,13.0,-9999.99,-9999.99,-9999.99,-9999.99,7.0
2457974.488831212,7341.015606197873,7.30464878206563,6344.8829733982675,14.342471956394647,6344.8829733982675,14.342471956394647,17.449079836624847,0.0394432709430485,1.174728243097899,8.006209844588881e-09,13.0,4783.07734375,44.21786420829043,41.61364805045582,761.8944074119895,0.0
2457979.571866205,7318.923117521893,5.916094179531052,6321.744160380189,13.314755274767169,6321.744160380189,13.314755274767169,17.385445724322068,0.0366169445155424,1.1670487890150971,7.1483942333828924e-09,13.0,1905.2177734375,37.27735331167058,41.61364805045582,761.8944074119895,0.0
2457980.5027886257,7350.052455044922,7.617753825662613,6354.347817255883,14.639215180612053,6354.347817255883,14.639215180612053,17.475109129332868,0.0402593452870602,1.1408575578432696,7.0075168750197275e-09,13.0,2247.158447265625,43.68320230012676,41.61364805045582,761.8944074119895,0.0
2457980.6178851826,7351.513220605041,8.803746623751504,6355.877766265008,15.370010328467437,6355.877766265008,15.370010328467437,17.479316646243433,0.0422691070009657,1.1224709209851464,6.493328000435464e-09,13.0,2335.893481445313,49.723156879438505,41.61364805045582,761.8944074119895,0.0
2457981.624695877,7333.43681254892,7.714890062773451,6336.9452398220365,14.477212934239985,6336.9452398220365,14.477212934239985,17.42725025403455,0.0398138224708774,1.1484069884241048,4.296939739835258e-09,13.0,2018.411535644531,46.74538805892104,41.61364805045582,761.8944074119895,0.0
2457983.67671308,7571.427894075494,31.3520893056498,6586.207838353995,36.46268725729993,6586.207838353995,36.46268725729993,18.112748000849454,0.1002761349071415,0.9301626005139502,7.925538379201701e-09,13.0,2011.881494140625,85.02631300747724,41.61364805045582,761.8944074119895,2.0
2457986.609924924,7491.263304683698,18.085509334405387,6502.246566637965,23.878689494621405,6502.246566637965,23.878689494621405,17.8818458802745,0.0656688486032806,1.03316786124238,7.198761678227513e-09,13.0,1863.072839355469,66.2417148933393,41.61364805045582,761.8944074119895,0.0
2457989.697470366,7037.554447918522,154.6587200921651,6027.049563923285,162.16643082837334,6027.049563923285,162.16643082837334,16.575005317058825,0.44597434030044,0.0127608633068137,7.559382179236421e-09,13.0,958.77509765625,20.41567857441516,41.61364805045582,761.8944074119895,6.0
2457990.65519863,7276.788045791152,5.091263325868731,6277.613525729655,12.34268197025237,6277.613525729655,12.34268197025237,17.26408194653663,0.0339436430900244,1.1756304775694346,8.231482507425295e-09,13.0,1919.5932006835935,36.041477312915696,41.61364805045582,761.8944074119895,0.0
2457993.591957973,7377.511213788224,8.746206222069905,6383.107052740315,15.666069175429318,6383.107052740315,15.666069175429318,17.554199980671207,0.0430832992372348,1.1603118149921612,8.31071925433135e-09,13.0,2904.6994140625,47.85361678946856,41.61364805045582,761.8944074119895,0.0
2457995.497142797,7338.164693576513,6.899178999018241,6341.897038447972,14.082006674629639,6341.897038447972,14.082006674629639,17.440868208837045,0.038726964666756,1.1781049437877114,4.479019004310561e-09,13.0,3645.038134765625,42.05164928813407,41.61364805045582,761.8944074119895,0.0
2457996.6720416825,7435.51901989352,33.706764821462585,6443.862171764935,37.84545031277734,6443.862171764935,37.84545031277734,17.721282797925497,0.1040788753282525,0.6530817294597396,3.590480205051776e-09,13.0,22419.1181640625,91.2639583178464,41.61364805045582,761.8944074119895,4.0
2457998.6187601136,7335.4808106485825,9.766299632834015,6339.086043899435,15.801906476963017,6339.086043899435,15.801906476963017,17.433137685121586,0.0434568657678061,1.157383377423127,7.089202176984723e-09,13.0,7563.450244140625,59.85020535890902,41.61364805045582,761.8944074119895,0.0
2457999.4855234814,7239.809276363434,14.378532701735528,6238.88340147902,18.3966539204825,6238.88340147902,18.3966539204825,17.15757012701763,0.0505926877345271,0.9141877972558528,8.207895138820605e-09,13.0,14870.19921875,89.60883691938334,41.61364805045582,761.8944074119895,0.0
2458000.6659434848,-3636224.1951565146,-3636224.1951565146,-3636224.1951565146,-3636224.1951565146,-3636224.1951565146,-3636224.1951565146,-9999.99,-9999.99,1.01979219372707,-9999.99,13.0,-9999.99,-9999.99,-9999.99,-9999.99,1.0
2458003.570667568,7324.0748341693825,7.566620743483631,6327.139867942915,14.268840528406576,6327.139867942915,14.268840528406576,17.400284474293,0.039240776953666,1.1485410813672587,5.315569897133805e-09,13.0,3290.07099609375,46.93339315106781,41.61364805045582,761.8944074119895,0.0
2458004.556674968,7327.127040850253,6.516107011930559,6330.3366304587635,13.72981645776573,6330.3366304587635,13.72981645776573,17.409075899539395,0.0377584053982081,1.146872899118499,6.752098419177144e-09,13.0,2469.7107421875003,39.68038594356747,41.61364805045582,761.8944074119895,0.0
2458005.652066875,7332.094531626391,6.669018623265695,6335.539387012077,13.87737516210414,6335.539387012077,13.87737516210414,17.42338401441715,0.0381642069903549,1.0256019442357265,8.325506893780344e-09,13.0,3137.555737304688,35.57574972748735,41.61364805045582,761.8944074119895,0.0
2458008.5424054526,7319.714347852639,6.4881833546428345,6322.572864241755,13.614653908304584,6322.572864241755,13.614653908304584,17.38772474505453,0.0374416965592647,1.0865854086816211,4.493881153004305e-09,13.0,1920.4156982421875,38.10490446005533,41.61364805045582,761.8944074119895,0.0
2458019.509596778,7327.086457894313,5.826043918221477,6330.2941254497955,13.384693006139235,6330.2941254497955,13.384693006139235,17.4089590063992,0.0368092804598648,1.11819194193676,8.084926300207694e-09,13.0,2038.5071044921876,34.190554799376926,41.61364805045582,761.8944074119895,0.0
2458032.5344161717,7407.277948140794,11.296148029327815,6414.283572074318,17.713866796127167,6414.283572074318,17.713866796127167,17.639938610866245,0.0487149530159757,1.0741932900795648,7.2847032834107134e-09,13.0,3602.143701171875,53.170680816592366,41.61364805045582,761.8944074119895,0.0
2458036.5230566296,0.0,0.0,0.0,0.0,0.0,0.0,0.0,0.0,0.0,0.0,13.0,0.0,0.0,0.0,0.0,5.0
2458042.4989677826,7406.893846793522,11.970301528030774,6413.881279268612,18.188598043826737,6413.881279268612,18.188598043826737,17.638832264332535,0.0500205127050638,1.0516309738958345,5.1103011193928995e-09,13.0,2374.039697265625,55.325295167132495,41.61364805045582,761.8944074119895,0.0
2458045.524245484,7441.067480912934,14.969657781614725,6449.673413945448,20.83821364717453,6449.673413945448,20.83821364717453,17.737264310773387,0.0573072277466212,1.044193425689136,8.199670371832889e-09,13.0,2384.6529541015625,63.29130193014334,41.61364805045582,761.8944074119895,0.0
2458166.847815993,7414.331754829788,25.5603952564805,6421.671454735984,29.89116040049575,6421.671454735984,29.89116040049575,17.660256046968303,0.0822037611133841,0.2550073178620234,7.746988383092894e-09,13.0,1617.955126953125,26.890811276523905,41.61364805045582,761.8944074119895,4.0
2458173.8907121285,7301.659701137854,6.657657946166643,6303.663129780966,13.462636702238138,6303.663129780966,13.462636702238138,17.335721033137524,0.0370236336294494,1.0315330155612998,7.130294160937504e-09,13.0,2333.1579833984374,38.95706718482904,41.61364805045582,761.8944074119895,0.0
2458174.865789967,7309.379523656272,7.112248455755596,6311.748571507615,13.816294095803984,6311.748571507615,13.816294095803984,17.357956828312027,0.037996227784616,1.0334985124303335,7.401979897779748e-09,13.0,2286.55791015625,40.95809394358355,41.61364805045582,761.8944074119895,0.0
2458175.8410926685,7293.131580892601,6.873586462439641,6294.731108466171,13.469144243750556,6294.731108466171,13.469144243750556,17.311157057146524,0.0370415300369744,1.042725529916752,6.024343353936154e-09,13.0,1950.809826660156,41.686239174629314,41.61364805045582,761.8944074119895,0.0
2458178.8686078237,7319.458969673465,6.496066963519564,6322.305391073682,13.615319230221242,6322.305391073682,13.615319230221242,17.38698916637113,0.0374435262628683,1.0186540141142566,6.1199709564382406e-09,13.0,3130.654296875,35.66103228432975,41.61364805045582,761.8944074119895,0.0
2458180.8976174225,7308.6987045682745,9.4517735676421,6311.035508085594,15.269342719280875,6311.035508085594,15.269342719280875,17.355995830665325,0.0419922607364998,1.0418698149375418,7.873986252808346e-09,13.0,3817.353393554688,55.79361997855891,41.61364805045582,761.8944074119895,0.0
2458186.8845094293,7697.4052987953855,66.20501353645183,6718.151670263035,71.62344769524826,6718.151670263035,71.62344769524826,18.475607090068863,0.1969718373449129,0.8206753188239464,5.527111734470175e-09,13.0,5105.8646484375,116.06375016506422,41.61364805045582,761.8944074119895,2.0
2458195.8548368453,7325.497846693168,5.666005964824845,6328.630275890754,13.286844292063416,6328.630275890754,13.286844292063416,17.404383249223923,0.0365401864464719,1.0777127807695694,6.195245699374449e-09,13.0,1776.3194091796877,32.023606975198454,41.61364805045582,761.8944074119895,0.0
2458203.833274608,7495.001963398922,29.23563678179307,6506.162292304664,33.922909438614894,6506.162292304664,33.922909438614894,17.892614528027817,0.0932914850544448,0.8786857267793073,7.921102009772245e-09,13.0,1825.2085449218748,91.28410616024712,41.61364805045582,761.8944074119895,2.0
2458208.8205833314,7309.373481274439,9.268736390719592,6311.742242951995,15.153828691469235,6311.742242951995,15.153828691469235,17.35793942413409,0.0416745852959935,1.0165442437921606,4.616023522422856e-09,13.0,4759.68515625,53.17917612563348,41.61364805045582,761.8944074119895,0.0
2458208.8346759444,7335.965762218673,9.32603191194376,6339.593963304427,15.513317740230793,6339.593963304427,15.513317740230793,17.434534515651855,0.0426632171018963,1.0208707829638255,4.454875931477045e-09,13.0,4178.43671875,50.02396814988513,41.61364805045582,761.8944074119895,0.0
2458209.724878933,7290.710441263401,13.95557773398989,6292.195301025357,18.503546115180487,6292.195301025357,18.503546115180487,17.304183326240754,0.0508866522484539,0.3224003429349146,6.090693195833933e-09,13.0,2108.2892822265626,25.332015927828103,41.61364805045582,761.8944074119895,0.0
2458209.7627819357,7339.899235788404,22.991357658973993,6343.71373046948,26.95565865538168,6343.71373046948,26.95565865538168,17.445864298482,0.0741308298196469,0.329090531036479,7.482820694900535e-09,13.0,2205.3616455078127,38.92838448981392,41.61364805045582,761.8944074119895,0.0
2458209.8042549645,7305.401551108769,13.243072043414777,6307.582197844711,18.06511010588736,6307.582197844711,18.06511010588736,17.346498872825997,0.049680908192735,0.3333379621530629,7.783661927773014e-09,13.0,1601.1504272460938,23.665347415429665,41.61364805045582,761.8944074119895,0.0
2458209.8172699315,7282.769337954663,9.114171371547828,6283.878098408982,14.734016810410457,6283.878098408982,14.734016810410457,17.28131016481619,0.0405200595057353,1.0198225045014293,8.163819809852269e-09,13.0,3927.462109375,56.17788945062973,41.61364805045582,761.8944074119895,0.0
2458209.862792787,7267.085958874018,13.06607900699379,6267.451937401905,17.546711202247945,6267.451937401905,17.546711202247945,17.236136534975667,0.0482552579648667,0.3425384922740225,4.606766755044665e-09,13.0,1112.4019653320313,26.99807661451649,41.61364805045582,761.8944074119895,0.0
2458209.901470352,7294.996518041452,11.492005897643622,6296.684371070971,16.586779128977014,6296.684371070971,16.586779128977014,17.3165287299222,0.0456153461722509,0.3438063633789925,4.70928327002935e-09,13.0,909.0841857910156,21.46221579192484,41.61364805045582,761.8944074119895,0.0
2458210.835086509,7358.3410472523965,16.258900530305862,6363.028966223962,21.068104185775173,6363.028966223962,21.068104185775173,17.49898318060422,0.0579394503389914,0.3313718471705918,7.3929499998310825e-09,13.0,1423.0328735351563,25.467803798976213,41.61364805045582,761.8944074119895,0.0
2458210.880709605,7308.236064364755,13.917097208954297,6310.550956737804,18.64009669685328,6310.550956737804,18.64009669685328,17.35466326469241,0.0512621803726661,0.3315263799542811,8.170209934464903e-09,13.0,1107.028564453125,24.75188961181676,41.61364805045582,761.8944074119895,0.0
2458210.8876891914,7311.172335636247,13.403844950388763,6313.626293016933,18.252016538562945,6313.626293016933,18.252016538562945,17.363120755316572,0.0501949200790706,0.3327895252977295,8.214937755402616e-09,13.0,1046.68662109375,23.573531480293703,41.61364805045582,761.8944074119895,0.0
2458211.755784115,7245.946588796553,14.162189784275123,6245.311383717968,18.26583662017649,6245.311383717968,18.26583662017649,17.175247738369354,0.050232926722918,0.3150692371380671,7.484876870273608e-09,13.0,2751.7615478515627,28.54982966658312,41.61364805045582,761.8944074119895,0.0
2458211.7627013214,7350.899063846471,21.9367290665025,6355.234522372988,26.054928899320117,6355.234522372988,26.054928899320117,17.47754765947515,0.0716537304798109,0.3135855720465267,5.584839778914201e-09,13.0,2812.3287109375,34.111687327227585,41.61364805045582,761.8944074119895,0.0
2458211.8877716493,7355.423259899618,12.4670089383002,6359.972989282092,17.978749890190397,6359.972989282092,17.978749890190397,17.490578930145833,0.0494434087298257,0.3213462479016477,7.510114927174512e-09,13.0,974.2495544433594,17.967079405141693,41.61364805045582,761.8944074119895,0.0
2458213.8070815075,7361.417313992852,11.411140608991788,6366.250928310047,17.260656689110757,6366.250928310047,17.260656689110757,17.507843907256916,0.0474685786741241,1.0426892107492565,4.579152425407097e-09,13.0,7500.073046875,58.94271343638375,41.61364805045582,761.8944074119895,0.0
2458221.90365426,7302.255100713786,6.123529415518863,6304.286728129733,13.18965536653125,6304.286728129733,13.18965536653125,17.33743599264414,0.0362729069193385,1.0362741236943749,7.519920287475658e-09,13.0,1797.9158081054686,35.791756819810125,41.61364805045582,761.8944074119895,0.0
2458222.725520714,7485.689483385232,31.651058840877468,6496.408763087946,36.16201593445681,6496.408763087946,36.16201593445681,17.86579132093244,0.0994492578884684,0.2618981716047379,6.8534039067543755e-09,13.0,535.20703125,28.564489095290565,41.61364805045582,761.8944074119895,0.0
2458222.923436963,7446.208884334548,24.743580154076078,6455.058319836678,29.36504738032826,6455.058319836678,29.36504738032826,17.752073355038302,0.0807568962727748,0.2684416724679277,6.885452117100426e-09,13.0,737.0533996582031,24.756357461989403,41.61364805045582,761.8944074119895,0.0
2458223.711719676,7483.767955323441,28.61245558369198,6494.396229362891,33.25533343881015,6494.396229362891,33.25533343881015,17.860256646488544,0.0914555824906866,0.2740802610851838,4.5625241946958604e-09,13.0,586.0421752929688,27.06976547512217,41.61364805045582,761.8944074119895,0.0
2458223.760321508,7377.1412147223455,15.61588156824902,6382.7195301154225,20.70903214114901,6382.7195301154225,20.70903214114901,17.55313425365171,0.0569519653372899,0.2944747934876076,4.3953800170395825e-09,13.0,543.3745605468749,19.88226542169399,41.61364805045582,761.8944074119895,0.0
2458223.763771026,7410.5091045308745,16.259245602150052,6417.667759552641,21.56777526868166,6417.667759552641,21.56777526868166,17.649245474009177,0.059313597136378,0.2818747398540446,3.347367944651138e-09,13.0,540.5217041015625,17.703540747733012,41.61364805045582,761.8944074119895,0.0
2458223.780509642,7350.677462530121,8.546858508018468,6355.002425776774,15.19946314329206,6355.002425776774,15.19946314329206,17.476909369997767,0.0418000847254543,1.0347762846660495,2.4430949647541303e-09,13.0,1825.2938232421875,44.40195946745819,41.61364805045582,761.8944074119895,0.0
2458223.8861196563,7375.128882398608,18.02425514247959,6380.611891539606,22.736024062437888,6380.611891539606,22.736024062437888,17.547338031100345,0.0625264013057786,0.2938746328973962,4.831731968047589e-09,13.0,548.7962829589844,23.759189726408533,41.61364805045582,761.8944074119895,0.0
2458223.923526829,7449.932883073858,20.037085743836368,6458.958691215034,25.154989831605366,6458.958691215034,25.154989831605366,17.762799776921696,0.0691788056141373,0.2934154122817262,5.8380801333052385e-09,13.0,873.6470336914062,21.308072999579178,41.61364805045582,761.8944074119895,0.0
2458224.855267088,7317.986797755213,8.360876410222785,6320.76349548888,14.670604876538038,6320.76349548888,14.670604876538038,17.382748795150448,0.0403456701747778,1.0459630235063864,4.6940747539087075e-09,13.0,1888.9347778320312,48.11957919203493,41.61364805045582,761.8944074119895,0.0
2458225.718879109,7406.85657427834,20.210724121629553,6413.842241486488,24.93408077388049,6413.842241486488,24.93408077388049,17.63872490642227,0.0685712830166306,0.2784951204866394,7.3506940727154285e-09,13.0,545.0821533203125,23.19604761781854,41.61364805045582,761.8944074119895,0.0
2458225.7258222518,7410.20229482349,17.520614207893022,6417.346419003119,22.622539892517437,6417.346419003119,22.622539892517437,17.648361754494296,0.0622143081829524,0.2859411138643706,5.861928343162558e-09,13.0,536.4127380371094,19.904777612145285,41.61364805045582,761.8944074119895,0.0
2458225.764138365,7413.213318741671,16.580942003373917,6420.500048295757,21.861075995162082,6420.500048295757,21.861075995162082,17.657034558946798,0.0601202042580466,0.2887900253922089,6.179304784442973e-09,13.0,544.6846923828125,18.60487374749385,41.61364805045582,761.8944074119895,0.0
2458225.921803025,7356.598822525233,9.090401393065232,6361.204227834892,15.615564166905047,6361.204227834892,15.615564166905047,17.49396496262205,0.0429444052766079,0.9605383663736876,5.574660818617776e-09,13.0,2296.551953125,43.22591629375305,41.61364805045582,761.8944074119895,0.0
2458226.709119308,7346.200594700743,12.510427883871667,6350.3135286077,17.9122666140076,6350.3135286077,17.9122666140076,17.464014421203295,0.0492605728920683,0.2926296045771357,5.905174016162601e-09,13.0,591.0747436523437,16.49630376873029,41.61364805045582,761.8944074119895,0.0
2458226.7293657023,7366.2928886179325,13.416110287820201,6371.357415463213,18.82721058630122,6371.357415463213,18.82721058630122,17.521887271396796,0.0517767627864328,0.2943960546624622,6.3252465937129985e-09,13.0,566.5624816894531,17.002679909377267,41.61364805045582,761.8944074119895,0.0
2458226.854500475,7329.693818785142,12.884476550480626,6333.024973794154,18.027708561760818,6333.024973794154,18.027708561760818,17.416469119821656,0.0495780501050109,0.3095565624415938,5.787992438914422e-09,13.0,509.7333190917969,19.46955592211452,41.61364805045582,761.8944074119895,0.0
2458226.867243804,7329.528577092595,6.9094838552771956,6332.851906074951,13.971385275030524,6332.851906074951,13.971385275030524,17.415993165818694,0.0384227444563381,1.0207769367509023,8.348779039590432e-09,13.0,1702.9238647460938,37.12809916848268,41.61364805045582,761.8944074119895,0.0
2458227.8238032395,7467.633614873099,20.606487229162553,6477.4977489641515,25.810535668614694,6477.4977489641515,25.810535668614694,17.81378408981075,0.070981623994634,0.2910677227437959,6.836643510568517e-09,13.0,509.5102142333984,20.522981883690065,41.61364805045582,761.8944074119895,0.0
2458228.674746119,7340.043024985115,14.82612950088869,6343.864329679263,19.695993991367803,6343.864329679263,19.695993991367803,17.4462784617764,0.0541660063799395,0.2910797732923591,3.607819791030311e-09,13.0,752.1872924804687,20.758687793033356,41.61364805045582,761.8944074119895,0.0
2458228.7749153557,7286.170139400624,10.748706376320701,6287.439965517928,15.933846743821816,6287.439965517928,15.933846743821816,17.291105665192163,0.0438197150527712,0.3210708045019509,5.358026050699482e-09,13.0,527.1731262207031,18.74846284178229,41.61364805045582,761.8944074119895,0.0
2458228.8649770203,7318.6875943490295,13.123029254455966,6321.497482573169,18.102890924970133,6321.497482573169,18.102890924970133,17.38476733501738,0.0497848093255427,0.3218550138286425,4.194948883949052e-09,13.0,529.4198059082031,21.593928031799383,41.61364805045582,761.8944074119895,0.0
2458228.8929005964,7323.919935701066,9.97782299554994,6326.977633314316,15.809725443616214,6326.977633314316,15.809725443616214,17.399838312401823,0.0434783687291599,0.3243742168912857,4.140176386497341e-09,13.0,549.3593688964844,15.05772524730584,41.61364805045582,761.8944074119895,0.0
2458229.6742760087,7359.046209923766,16.67249605148176,6363.767526168002,21.42621680683308,6363.767526168002,21.42621680683308,17.501014296305126,0.0589242968273413,0.2959968912681276,6.0720456368965635e-09,13.0,604.3538940429687,22.98104618843221,41.61364805045582,761.8944074119895,0.0
2458229.6844948474,7443.642874644142,20.06528879106012,6452.37078113066,25.123868517516577,6452.37078113066,25.123868517516577,17.744682347569466,0.0690932188040365,0.2978282090200873,6.0170303218577885e-09,13.0,601.4191284179688,22.211556087941435,41.61364805045582,761.8944074119895,0.0
2458229.8531858018,7355.469987029688,8.077853348096001,6360.021929459968,14.977826825338038,6360.021929459968,14.977826825338038,17.490713520661462,0.0411905620876232,1.0131025536700289,5.720437446959641e-09,13.0,1667.7734375,40.23863743878379,41.61364805045582,761.8944074119895,0.0
2458230.6776513997,7385.045592256591,15.144786480429644,6390.998267584598,20.40043448995315,6390.998267584598,20.40043448995315,17.575901631970854,0.0561032901015625,0.305415014668264,8.156123551527403e-09,13.0,670.3655639648437,19.515202014293244,41.61364805045582,761.8944074119895,0.0
2458230.7158265742,7333.296235240859,13.098723776984766,6336.798004619457,18.233467965710084,6336.798004619457,18.233467965710084,17.426845342105466,0.050143909598669,0.317392913416838,3.7063446499912973e-09,13.0,577.7837463378906,20.267896915664565,41.61364805045582,761.8944074119895,0.0
2458230.7332284944,7354.282598864068,11.279265041722487,6358.778305296705,17.08364844218493,6358.778305296705,17.08364844218493,17.48729342648438,0.0469817878152069,0.3171395080114509,6.148792962779628e-09,13.0,566.2447875976562,15.52700362027434,41.61364805045582,761.8944074119895,0.0
2458230.803915779,7353.827979179961,7.838770385346022,6358.30215432887,14.816222432186827,6358.30215432887,14.816222432186827,17.48598396241911,0.0407461334086598,0.9857960528995215,6.628901326682996e-09,13.0,1757.1211669921877,38.21122732161092,41.61364805045582,761.8944074119895,0.0
2458230.8541013976,7325.798125710148,12.717021946576109,6328.944776449242,17.856081057088925,6328.944776449242,17.856081057088925,17.40524815806097,0.0491060568399284,0.3313130981168291,6.0834829644700374e-09,13.0,567.7760559082031,21.1075693543471,41.61364805045582,761.8944074119895,0.0
2458231.8294943827,7439.647447022159,23.939701946085002,6448.186125701921,28.573846443818077,6448.186125701921,28.573846443818077,17.73317411534974,0.0785810124360105,0.3322288646685222,3.16142826735336e-09,13.0,1554.8357299804688,31.177559565676408,41.61364805045582,761.8944074119895,4.0
2458237.6575159207,0.0,0.0,0.0,0.0,0.0,0.0,0.0,0.0,0.0,0.0,13.0,0.0,0.0,0.0,0.0,5.0
2458237.713015585,7910.8717884218895,853.7863992828943,6941.728165493414,894.4816938380328,6941.728165493414,894.4816938380328,19.090465414678462,2.4599165270056664,0.0508799869578627,3.021789287566513e-09,13.0,10618.47783203125,53.41909591736948,41.61364805045582,761.8944074119895,6.0
2458237.723913186,7487.4655404631385,608.4990072993417,6498.268936164767,637.4825998876012,6498.268936164767,637.4825998876012,17.870906987945293,1.7531426232027525,0.032514166067097,2.712659963260563e-09,13.0,11245.22822265625,71.91507596092265,41.61364805045582,761.8944074119895,6.0
2458237.739524192,7238.910053231526,77.15009639608336,6237.941590159523,81.49017097793256,6237.941590159523,81.49017097793256,17.15498004915903,0.2241063397474423,0.191309884748652,6.8777762745917804e-09,13.0,27435.08046875,100.87750617327288,41.61364805045582,761.8944074119895,4.0
2458237.84494124,6934.995610413146,247.592085265263,5919.6334280957135,259.39973278711886,5919.6334280957135,259.39973278711886,16.27959991121363,0.7133759071646588,0.019357525958796,4.6934781971649274e-09,13.0,9498.41005859375,70.35678281614432,41.61364805045582,761.8944074119895,6.0
2458237.9254233874,7273.9740745504105,9.226291589712991,6274.666281744029,14.70795242959749,6274.666281744029,14.70795242959749,17.255976722875488,0.0404483797815222,1.0242295071161744,5.3247576180831494e-09,13.0,6295.08818359375,58.49641807649562,41.61364805045582,761.8944074119895,0.0
2458238.6957163136,7269.71343682077,21.502022721643915,6270.203855567884,25.07319922622041,6270.203855567884,25.07319922622041,17.243704592571575,0.068953873048914,0.3733546194295803,7.824797997330002e-09,13.0,5623.743603515625,49.988923266245145,41.61364805045582,761.8944074119895,0.0
2458238.7237720448,-3636224.1951565146,-3636224.1951565146,-3636224.1951565146,-3636224.1951565146,-3636224.1951565146,-3636224.1951565146,-9999.99,-9999.99,0.3791425486114466,-9999.99,13.0,-9999.99,-9999.99,-9999.99,-9999.99,5.0
2458238.736771237,-3636224.1951565146,-3636224.1951565146,-3636224.1951565146,-3636224.1951565146,-3636224.1951565146,-3636224.1951565146,-9999.99,-9999.99,1.0513615092578357,-9999.99,13.0,-9999.99,-9999.99,-9999.99,-9999.99,1.0
2458238.8554717936,-3636224.1951565146,-3636224.1951565146,-3636224.1951565146,-3636224.1951565146,-3636224.1951565146,-3636224.1951565146,-9999.99,-9999.99,0.2820618107189842,-9999.99,13.0,-9999.99,-9999.99,-9999.99,-9999.99,5.0
2458239.646098967,0.0,0.0,0.0,0.0,0.0,0.0,0.0,0.0,0.0,0.0,13.0,0.0,0.0,0.0,0.0,5.0
2458239.6958102537,0.0,0.0,0.0,0.0,0.0,0.0,0.0,0.0,0.0,0.0,13.0,0.0,0.0,0.0,0.0,5.0
2458239.751379933,0.0,0.0,0.0,0.0,0.0,0.0,0.0,0.0,0.0,0.0,13.0,0.0,0.0,0.0,0.0,5.0
2458239.8268959406,0.0,0.0,0.0,0.0,0.0,0.0,0.0,0.0,0.0,0.0,13.0,0.0,0.0,0.0,0.0,5.0
2458239.917798906,8750.256231483527,1677.1019297517973,7820.86677061583,1756.8979804883909,7820.86677061583,1756.8979804883909,21.508186871883527,4.831649890924256,0.4296001195848401,7.103076412266491e-09,13.0,25011.3302734375,107.37736330706429,41.61364805045582,761.8944074119895,4.0
2458239.921764513,0.0,0.0,0.0,0.0,0.0,0.0,0.0,0.0,0.0,0.0,13.0,0.0,0.0,0.0,0.0,5.0
2458240.7167375484,7546.623370843029,39.249050303504596,6560.228545867019,43.91320327638107,6560.228545867019,43.91320327638107,18.04130227827193,0.1207658191749302,0.379972070516986,8.25582880315071e-09,13.0,4405.6791015625,45.9457404818389,41.61364805045582,761.8944074119895,0.0
2458240.727268688,7502.971157857483,31.066264588811762,6514.508916498334,35.716455098792736,6514.508916498334,35.716455098792736,17.915568601811728,0.0982239198284645,0.389658147290126,7.342850032929524e-09,13.0,4386.421630859375,41.40188219898825,41.61364805045582,761.8944074119895,0.0
2458240.7792239366,7539.7374001978305,38.47904980329673,6553.016448147116,43.11891619947169,6553.016448147116,43.11891619947169,18.02146826881394,0.1185814481351019,0.3822824299600277,7.377693950103007e-09,13.0,4454.97275390625,46.12911141711527,41.61364805045582,761.8944074119895,0.0
2458240.8833884373,7632.9295411802295,52.910383491750764,6650.622270495698,57.92633690657904,6650.622270495698,57.92633690657904,18.28989430501043,0.1593033758958,0.3849834301449299,6.177972365010739e-09,13.0,4471.003466796875,50.47022117273739,41.61364805045582,761.8944074119895,0.0
2458240.9253083747,7529.272611577085,32.89036024412796,6542.056035731809,37.63613682584444,6542.056035731809,37.63613682584444,17.991326008967885,0.1035032417413625,0.3871795436564509,5.3914756990404295e-09,13.0,4426.683251953125,40.66432353188754,41.61364805045582,761.8944074119895,0.0
2458244.6442426685,8679.864905781222,985.1365571547656,7747.141635009403,1032.3763389139863,7747.141635009403,1032.3763389139863,21.30543517692617,2.8391409636203986,0.2937177614426673,8.341530782054908e-09,13.0,1716.56005859375,50.31609232970137,41.61364805045582,761.8944074119895,6.0
2458244.647554901,7744.1038353365675,69.3363347149945,6767.061900391119,74.99396540951993,6767.061900391119,74.99396540951993,18.610115246312365,0.2062411072327365,0.3319746920520365,6.378522010389668e-09,13.0,1737.5010375976562,42.62768743226434,41.61364805045582,761.8944074119895,0.0
2458244.671933571,7456.067205485934,20.736539281071053,6465.383541822287,25.82280534687409,6465.383541822287,25.82280534687409,17.780468775964614,0.0710153668700212,0.3716233156333595,7.395351866545791e-09,13.0,1782.3905883789062,28.723479333454243,41.61364805045582,761.8944074119895,0.0
2458244.6857687496,7365.988656337353,15.54182924107219,6371.038774410247,20.53943392604586,6371.038774410247,20.53943392604586,17.52101097577468,0.0564855528269424,0.3886830763431365,6.451182678025857e-09,13.0,1778.524096679687,28.37144024509598,41.61364805045582,761.8944074119895,0.0
2458244.713664635,7341.791241618328,12.722698918006682,6345.6953437575885,18.028688017295487,6345.6953437575885,18.028688017295487,17.451313938548576,0.0495807437083275,0.3969485811913748,5.495478003739636e-09,13.0,1833.5753784179688,24.85116423863976,41.61364805045582,761.8944074119895,0.0
2458244.733248596,7320.18108116975,14.540928548019231,6323.061702557452,19.26897481542904,6323.061702557452,19.26897481542904,17.389069100629488,0.0529916597885264,0.4072596623113643,7.072110888444059e-09,13.0,1865.8827880859376,31.580144955422647,41.61364805045582,761.8944074119895,0.0
2458244.739272706,7285.251143712735,13.987726155600551,6286.477445192657,18.47859090441193,6286.477445192657,18.47859090441193,17.288458635440712,0.0508180228557817,0.4084875298191726,7.822290262520518e-09,13.0,1875.5087524414064,33.529665865406386,41.61364805045582,761.8944074119895,0.0
2458244.74473338,7347.368101920495,17.38535525707802,6351.536330241838,21.93560050646825,6351.536330241838,21.93560050646825,17.467377251286663,0.0603251543182792,0.4051608017232617,6.583680129139716e-09,13.0,1871.77373046875,35.34586838996797,41.61364805045582,761.8944074119895,0.0
2458244.8351802425,7323.877662493808,11.624330409245127,6326.933358001888,16.9984909791621,6326.933358001888,16.9984909791621,17.39971655074529,0.0467475960456818,0.409421948714658,6.384873995240994e-09,13.0,1063.7408325195313,24.462373846285725,41.61364805045582,761.8944074119895,0.0
2458244.83881924,7320.890461302818,12.048678319609108,6323.804679706766,17.287618209198918,6323.804679706766,17.287618209198918,17.391112364098582,0.0475427256234859,0.4109254398471705,4.966685108348221e-09,13.0,1102.8949462890623,25.81969119868717,41.61364805045582,761.8944074119895,0.0
2458245.6333709145,-3636224.1951565146,-3636224.1951565146,-3636224.1951565146,-3636224.1951565146,-3636224.1951565146,-3636224.1951565146,-9999.99,-9999.99,0.2344612889693109,-9999.99,13.0,-9999.99,-9999.99,-9999.99,-9999.99,7.0
2458245.63715097,-3636224.1951565146,-3636224.1951565146,-3636224.1951565146,-3636224.1951565146,-3636224.1951565146,-3636224.1951565146,-9999.99,-9999.99,0.1602982824112774,-9999.99,13.0,-9999.99,-9999.99,-9999.99,-9999.99,7.0
2458245.6409275425,-3636224.1951565146,-3636224.1951565146,-3636224.1951565146,-3636224.1951565146,-3636224.1951565146,-3636224.1951565146,-9999.99,-9999.99,0.1404878910309206,-9999.99,13.0,-9999.99,-9999.99,-9999.99,-9999.99,7.0
2458245.644099067,0.0,0.0,0.0,0.0,0.0,0.0,0.0,0.0,0.0,0.0,13.0,0.0,0.0,0.0,0.0,5.0
2458245.651125137,0.0,0.0,0.0,0.0,0.0,0.0,0.0,0.0,0.0,0.0,13.0,0.0,0.0,0.0,0.0,5.0
2458245.6545129404,0.0,0.0,0.0,0.0,0.0,0.0,0.0,0.0,0.0,0.0,13.0,0.0,0.0,0.0,0.0,5.0
2458245.6577812955,0.0,0.0,0.0,0.0,0.0,0.0,0.0,0.0,0.0,0.0,13.0,0.0,0.0,0.0,0.0,5.0
2458245.661466347,0.0,0.0,0.0,0.0,0.0,0.0,0.0,0.0,0.0,0.0,13.0,0.0,0.0,0.0,0.0,5.0
2458245.6649325406,0.0,0.0,0.0,0.0,0.0,0.0,0.0,0.0,0.0,0.0,13.0,0.0,0.0,0.0,0.0,5.0
2458245.668403596,7995.251976953829,143.14646425144522,7030.10469171942,151.67314870915928,7030.10469171942,151.67314870915928,19.333509938630524,0.4171167367458818,0.3110760632200755,5.2570478311549545e-09,13.0,1349.755993652344,43.507798121039535,41.61364805045582,761.8944074119895,0.0
2458245.67188288,0.0,0.0,0.0,0.0,0.0,0.0,0.0,0.0,0.0,0.0,13.0,0.0,0.0,0.0,0.0,5.0
2458245.6753526623,0.0,0.0,0.0,0.0,0.0,0.0,0.0,0.0,0.0,0.0,13.0,0.0,0.0,0.0,0.0,5.0
2458245.678823022,0.0,0.0,0.0,0.0,0.0,0.0,0.0,0.0,0.0,0.0,13.0,0.0,0.0,0.0,0.0,5.0
2458245.6858452293,7445.008626766067,18.959885870531355,6453.801216761608,24.176318736284397,6453.801216761608,24.176318736284397,17.748616192469385,0.0664873595862673,0.3555244390099087,8.341577199752445e-09,13.0,926.7708801269532,25.42927769788659,41.61364805045582,761.8944074119895,0.0
2458245.692717155,7501.656687521682,32.7262596925901,6513.132191414804,37.29876679639116,6513.132191414804,37.29876679639116,17.911782466433607,0.1025754395103213,0.3658300118721726,5.7508791291612094e-09,13.0,2001.0988647460936,40.90243903227581,41.61364805045582,761.8944074119895,0.0
2458245.6961812177,7522.283870119917,27.16771246173552,6534.736299862269,32.187095756553134,6534.736299862269,32.187095756553134,17.97119598354329,0.0885178191496851,0.364757071634788,6.908883974270022e-09,13.0,2033.5106689453123,31.447391165575493,41.61364805045582,761.8944074119895,0.0
2458245.699951178,7436.443893707307,22.525927731419387,6444.830848610551,27.257863902399215,6444.830848610551,27.257863902399215,17.72394675874021,0.0749619252873434,0.3784794030967316,7.441814162523652e-09,13.0,2062.934765625,33.969032820477935,41.61364805045582,761.8944074119895,0.0
2458245.703130546,7416.634962255927,17.814525152095325,6424.083744576069,22.932736246060003,6424.083744576069,22.932736246060003,17.666890091786023,0.0630673800143301,0.3774870832498876,4.645697054734314e-09,13.0,2048.993798828125,27.62050995123927,41.61364805045582,761.8944074119895,0.0
2458245.7066028523,7394.022251587243,17.545259849701477,6400.4000712847255,22.493329518437147,6400.4000712847255,22.493329518437147,17.601757557771165,0.0618589663835055,0.3784526068203963,7.580610770105347e-09,13.0,2053.962890625,29.02186319062625,41.61364805045582,761.8944074119895,0.0
2458245.709683403,7399.766245240255,16.017929362845745,6406.416106737473,21.26276031582493,6406.416106737473,21.26276031582493,17.618302273151272,0.0584747746890491,0.3778114869780082,8.256143014014197e-09,13.0,2066.721630859375,25.69572559407527,41.61364805045582,761.8944074119895,0.0
2458245.7940357,7371.225440354866,9.249436175515948,6376.523578226351,15.900714851883253,6376.523578226351,15.900714851883253,17.53609474959314,0.0437285989470844,0.9834912374470818,7.017959197152787e-09,13.0,4906.155664062499,43.4114850410021,41.61364805045582,761.8944074119895,0.0
2458246.630472034,7320.341758805441,17.893388639922268,6323.22999006109,22.15019082652879,6323.22999006109,22.15019082652879,17.389531908548697,0.0609152997382345,0.2660814427596926,8.260416391004498e-09,13.0,911.571063232422,24.75699891394765,41.61364805045582,761.8944074119895,4.0
2458246.641090222,7381.4688904120385,27.472234159747966,6387.252169242474,31.48048850735155,6387.252169242474,31.48048850735155,17.565599476781923,0.0865745766413284,0.1669291759916244,5.7316380613440435e-09,13.0,807.2003723144531,19.6831685924219,41.61364805045582,761.8944074119895,4.0
2458246.706775465,7357.932366337367,11.65746488343627,6362.600929735383,17.40096770559352,6362.600929735383,17.40096770559352,17.497806036298563,0.0478544483802843,0.3967056666711736,6.458789678886225e-09,13.0,840.2572082519531,21.283028866192083,41.61364805045582,761.8944074119895,0.0
2458246.71643684,7354.480919015621,7.709232424495845,6358.98601810678,14.75010440541854,6358.98601810678,14.75010440541854,17.487864658045513,0.0405643020443057,0.9950290250352898,6.2111397257334565e-09,13.0,2123.9979736328123,37.838854078663466,41.61364805045582,761.8944074119895,0.0
2458246.7310629617,7482.7443838465415,21.921720517164562,6493.324180425263,27.102439426820553,6493.324180425263,27.102439426820553,17.857308401803834,0.0745344920164213,0.3906431643060003,8.057627594515088e-09,13.0,1100.2102905273437,29.88421884366269,41.61364805045582,761.8944074119895,0.0
2458246.809780952,7336.094477401197,11.63181800898373,6339.728774578283,17.138316014526456,6339.728774578283,17.138316014526456,17.43490526050093,0.047132129253853,0.4164513667606341,7.27518035080461e-09,13.0,1174.8081665039062,24.062686549823955,41.61364805045582,761.8944074119895,0.0
2458246.8855144745,7518.974255341267,23.22332306902396,6531.26993812058,28.571834207337258,6531.26993812058,28.571834207337258,17.961663132736277,0.0785754785790188,0.8889790053621958,8.193881811068799e-09,13.0,2631.141064453125,68.63936847809066,41.61364805045582,761.8944074119895,0.0
2458247.7081406056,7352.519508856463,25.72718160461306,6356.931713424759,29.625576281486424,6356.931713424759,29.625576281486424,17.482215109179823,0.0814733775089326,0.1491768815868458,7.586966920405399e-09,13.0,698.5547546386719,17.238534137974213,41.61364805045582,761.8944074119895,4.0
2458247.768186687,7353.703515106702,24.603916917383184,6358.171795501446,28.567785972686224,6358.171795501446,28.567785972686224,17.48562546225502,0.078564345517949,0.152711513932212,7.389070451912092e-09,13.0,914.607177734375,16.694889521671374,41.61364805045582,761.8944074119895,4.0
2458247.851539182,7398.710147630016,17.41722504605404,6405.30999119338,22.427364878269398,6405.30999119338,22.427364878269398,17.615260341799925,0.0616775568480567,0.2656498786126479,5.513247995204428e-09,13.0,1010.28310546875,18.709748387987634,41.61364805045582,761.8944074119895,4.0
2458247.8615426486,7400.712263410091,44.29472651059291,6407.4069293588855,48.20081087457422,6407.4069293588855,48.20081087457422,17.621027137123928,0.1325571804344936,0.1819594674531283,7.654163800946951e-09,13.0,3094.29404296875,35.36640187378811,41.61364805045582,761.8944074119895,4.0
2458247.9267858947,7396.794494367694,17.363527361117157,6403.303610504704,22.363823493562194,6403.303610504704,22.363823493562194,17.609742588838024,0.0615028115140081,0.3448112903310222,8.105978486054433e-09,13.0,1078.249755859375,25.65150432742411,41.61364805045582,761.8944074119895,0.0
2458247.9327548165,7366.796392275943,18.841469261437915,6371.884765603229,23.38038971857306,6371.884765603229,23.38038971857306,17.52333753844404,0.0642984730405958,0.2669548966219882,7.565889839504853e-09,13.0,1167.1263549804687,22.94006033107027,41.61364805045582,761.8944074119895,4.0
2458248.859667728,7422.057806545602,15.037697740135604,6429.763420681606,20.69222221520783,6429.763420681606,20.69222221520783,17.68250978441506,0.0569057363144655,0.3563541189452868,7.851483297659288e-09,13.0,913.3736877441406,20.735106077065204,41.61364805045582,761.8944074119895,0.0
2458248.918025021,7371.223921460028,17.866730613447594,6376.521987394996,22.564525129218914,6376.521987394996,22.564525129218914,17.536090374643532,0.0620547616253968,0.3695450558600808,8.278065873753744e-09,13.0,1035.6576171875,30.788629901899597,41.61364805045582,761.8944074119895,0.0
2458248.93290214,7399.866022922333,15.336725892232788,6406.520609999321,20.70547417056032,6406.520609999321,20.70547417056032,17.618589667854494,0.0569421805527448,0.3671606936024531,8.136748717656947e-09,13.0,1153.9592651367186,23.613215013548604,41.61364805045582,761.8944074119895,0.0
2458249.7263869136,7318.711048107125,7.305899596895442,6321.522047126808,14.048574221796168,6321.522047126808,14.048574221796168,17.384834890062823,0.0386350219877387,1.0252757864189272,5.046764992156958e-09,13.0,1884.6626708984377,40.745911151070615,41.61364805045582,761.8944074119895,0.0
2458250.7093557343,7612.324199729893,36.76793874872422,6629.0410376167,41.90552120511561,6629.0410376167,41.90552120511561,18.230543698063496,0.1152444872772501,0.8316851559623718,8.211299730291253e-09,13.0,1785.9825805664063,80.18719064620306,41.61364805045582,761.8944074119895,2.0
2458254.699165025,7290.565829249626,6.588008193266057,6292.043840029003,13.277719519956676,6292.043840029003,13.277719519956676,17.303766792944764,0.0365150923860063,1.025874238524172,4.554539441269935e-09,13.0,1731.9928344726563,39.48703725636841,41.61364805045582,761.8944074119895,0.0
2458256.752802418,7349.022545885275,8.121126203061696,6353.2691304759555,14.919746281201444,6353.2691304759555,14.919746281201444,17.472142629900073,0.0410308346260068,1.0260521683631316,5.65394824713074e-09,13.0,1847.785400390625,41.93237790660852,41.61364805045582,761.8944074119895,0.0
2458257.827818281,7495.846136642269,22.515559746076566,6507.046446512875,27.74295232699656,6507.046446512875,27.74295232699656,17.89504604290865,0.0762959682766483,0.7693720126099443,7.509498401869911e-09,13.0,1782.5141479492188,60.78672768805741,41.61364805045582,761.8944074119895,0.0
2458258.796093624,7414.0410452375445,12.825459044238995,6421.3669768206055,18.89750062898559,6421.3669768206055,18.89750062898559,17.659418701429203,0.0519700676230486,0.9499255035699372,4.2227450758193516e-09,13.0,1751.1759521484375,52.152043721641874,41.61364805045582,761.8944074119895,0.0
2458259.8764804224,7374.853550274677,9.545496884493954,6380.323519386209,16.136678729854427,6380.323519386209,16.136678729854427,17.546544978060847,0.0443775238464941,0.9956064060774944,7.121731065946821e-09,13.0,2057.1646728515625,44.899811641979554,41.61364805045582,761.8944074119895,0.0
2458264.67189735,7305.195162279771,7.938196612436567,6307.366034215828,14.248315445938772,6307.366034215828,14.248315445938772,17.345904400645196,0.0391843308688232,1.0307468094418466,3.088417148399945e-09,13.0,3374.2169677734373,46.42807192444712,41.61364805045582,761.8944074119895,0.0
2458271.687160633,7346.405964663933,13.151487339347902,6350.528625116179,18.411255509021306,6350.528625116179,18.411255509021306,17.464605958693383,0.0506328436026847,1.063506855936585,7.54058830949088e-09,13.0,7905.264013671875,72.38979803008236,41.61364805045582,761.8944074119895,0.0
2458272.676048415,7395.085788304882,11.716002402724916,6401.5139782604565,17.86839526841332,6401.5139782604565,17.86839526841332,17.604820916359735,0.0491399221858182,1.07265735889099,7.54052459841543e-09,13.0,8842.78603515625,57.05041236548665,41.61364805045582,761.8944074119895,0.0
2458273.844029633,7531.482207004622,20.553071698385523,6544.3702800070105,26.349491271671642,6544.3702800070105,26.349491271671642,17.997690418412287,0.0724638072572041,1.021751706314775,7.91193364174028e-09,13.0,3881.694848632813,67.82656550537496,41.61364805045582,761.8944074119895,0.0
2458274.81104517,7323.63448705924,6.686939466215156,6326.678665513704,13.772504900645062,6326.678665513704,13.772504900645062,17.399016120244248,0.0378758030005005,1.0379003056419298,7.838893677983209e-09,13.0,2285.679150390625,37.02172934000721,41.61364805045582,761.8944074119895,0.0
2458277.8096865984,7307.588479945464,7.437717025179002,6309.872702014625,13.979855042233586,6309.872702014625,13.979855042233586,17.35279799454259,0.0384460371860454,1.0341891321695127,7.710866174205384e-09,13.0,1880.0547363281248,43.20000323413335,41.61364805045582,761.8944074119895,0.0
2458278.757603425,7382.579656814859,39.810463930989016,6388.415542752746,43.613276801855875,6388.415542752746,43.613276801855875,17.568798873421013,0.1199409905656321,0.1466898170833463,4.608259181334954e-09,13.0,1422.0294189453125,26.085139839485677,41.61364805045582,761.8944074119895,4.0
2458282.788952726,7319.4618518414945,6.268621807145866,6322.308409744324,13.497896047692247,6322.308409744324,13.497896047692247,17.38699746802544,0.0371206004508069,1.0198920255682415,8.25075399423169e-09,13.0,1700.3670166015625,34.28677449352973,41.61364805045582,761.8944074119895,0.0
2458285.616676871,7329.186708264672,6.69313813763064,6332.493845966737,13.850750417991687,6332.493845966737,13.850750417991687,17.415008463746062,0.0380909862095153,0.9681134682961248,8.328211951866737e-09,13.0,1712.4071044921875,33.84006068891717,41.61364805045582,761.8944074119895,0.0
2458286.762093474,7293.869968006408,7.349607934731839,6295.504466398452,13.751562982840255,6295.504466398452,13.751562982840255,17.313283870889062,0.0378182105756693,1.019428652447174,7.491343015203731e-09,13.0,1527.7044311523437,43.63789672736005,41.61364805045582,761.8944074119895,0.0
2458287.727167656,7363.124160419073,8.680882228637834,6368.038612843285,15.441125153996989,6368.038612843285,15.441125153996989,17.512760223329877,0.0424646800751162,0.9951554047008824,5.3790716151831105e-09,13.0,1602.5128295898437,41.7960952786905,41.61364805045582,761.8944074119895,0.0
2458288.643400925,7302.27641904836,6.9513812284800895,6304.309056123865,13.632618772129993,6304.309056123865,13.632618772129993,17.337497396921236,0.0374911017798902,1.020515990426523,3.826782000429237e-09,13.0,1578.5945068359376,40.25739016995161,41.61364805045582,761.8944074119895,0.0
2458288.689717317,7318.095988389148,6.202456962507529,6320.877857510242,13.445632853913377,6320.877857510242,13.445632853913377,17.3830633024549,0.0369768713001531,1.0230576518450791,5.605598907922743e-09,13.0,1552.5065185546875,34.13600902143312,41.61364805045582,761.8944074119895,0.0
2458289.783443054,7316.68176600842,6.513219027720894,6319.396656016211,13.58676353924463,6319.396656016211,13.58676353924463,17.37898984621752,0.0373649951798318,1.0116672613946474,8.052826029014301e-09,13.0,1750.6466064453125,35.75191255924661,41.61364805045582,761.8944074119895,0.0
2458291.6246157265,7306.876618257111,7.324861069438326,6309.127125780852,13.905092356562077,6309.127125780852,13.905092356562077,17.350747583324303,0.0382404321218461,0.9105277881938136,8.244264622831064e-09,13.0,2662.763500976562,37.2077598284652,41.61364805045582,761.8944074119895,0.0
2458291.6930721286,7311.565815869722,9.389300156681877,6314.0384089031195,15.261140873650197,6314.0384089031195,15.261140873650197,17.364254116330507,0.0419697048186338,0.8770596729230009,8.097973208727763e-09,13.0,2311.875732421875,45.963389982635874,41.61364805045582,761.8944074119895,0.0
2458291.727790572,7332.574355003634,8.612118911804922,6336.041935347424,15.011134005937347,6336.041935347424,15.011134005937347,17.424766073954256,0.0412821602551303,0.9257987535203838,8.257702718531011e-09,13.0,2945.9612060546874,41.91528402468148,41.61364805045582,761.8944074119895,0.0
2458291.8007031186,7343.020338266074,7.070078722566008,6346.98265176215,14.23988171755941,6346.98265176215,14.23988171755941,17.454854167775828,0.0391611372495825,0.9493508189933764,6.589923795541636e-09,13.0,2012.3846557617187,33.80063316132645,41.61364805045582,761.8944074119895,0.0
2458291.827266837,7357.739987210646,10.504211503598333,6362.399439323552,16.573533069164235,6362.399439323552,16.573533069164235,17.497251916971678,0.0455789181473113,0.9731869230914594,8.342283985071487e-09,13.0,2164.578125,50.83366987413081,41.61364805045582,761.8944074119895,0.0
2458291.8693284253,7430.871469073972,13.560169989097654,6438.994507873253,19.637691879038943,6438.994507873253,19.637691879038943,17.707896222283367,0.0540056695830379,0.9110574196356546,7.39811606309379e-09,13.0,2237.3038818359373,50.90111405465782,41.61364805045582,761.8944074119895,0.0
2458292.5113136503,7430.491028491785,20.66114210210075,6438.596049210456,25.53508500965101,6438.596049210456,25.53508500965101,17.706800420036444,0.0702241063919517,0.67420659035051,7.104768239515327e-09,13.0,5724.276611328125,57.84191763386005,41.61364805045582,761.8944074119895,4.0
2458292.5247495724,7337.518737669098,17.162031562628304,6341.220489364763,21.654987483723872,6341.220489364763,21.654987483723872,17.43900762937233,0.0595534396849925,0.6815634948101378,7.618762811012987e-09,13.0,5979.957421875,61.73327100688893,41.61364805045582,761.8944074119895,4.0
2458292.5809831144,7359.008995366246,14.652504210538348,6363.728549088477,19.739714033681693,6363.728549088477,19.739714033681693,17.500907105333237,0.0542862409866287,0.687570819992346,6.583555529392327e-09,13.0,5157.727197265624,49.97938546614573,41.61364805045582,761.8944074119895,4.0
2458292.7932012114,7487.872171436331,16.309089547489123,6498.694825624034,22.39570185654126,6498.694825624034,22.39570185654126,17.872078227699827,0.0615904802863109,0.9850153215456656,8.177220469248375e-09,13.0,3697.2958740234376,57.38427659366033,41.61364805045582,761.8944074119895,0.0
2458293.5891672666,-3636224.1951565146,-3636224.1951565146,-3636224.1951565146,-3636224.1951565146,-3636224.1951565146,-3636224.1951565146,-9999.99,-9999.99,0.1028754616947523,-9999.99,13.0,-9999.99,-9999.99,-9999.99,-9999.99,7.0
2458299.757583652,7637.803018140543,55.870411582564074,6655.726560636408,60.92133282512427,6655.726560636408,60.92133282512427,18.3039316271404,0.1675399222769024,0.6604417593320409,5.0850013692369075e-09,13.0,28262.146875,91.51154479007386,41.61364805045582,761.8944074119895,4.0
2458301.670438624,7376.313689930683,9.187838867004425,6381.852812847714,15.92578682821343,6381.852812847714,15.92578682821343,17.55075069214814,0.0437975494570436,0.9493404166432712,6.567691257492913e-09,13.0,2565.0601806640625,40.83987108411414,41.61364805045582,761.8944074119895,0.0
2458302.6460130983,0.0,0.0,0.0,0.0,0.0,0.0,0.0,0.0,0.0,0.0,13.0,0.0,0.0,0.0,0.0,5.0
2458303.5741486195,7467.620960660577,14.382169646046403,6477.484495434333,20.6707593672413,6477.484495434333,20.6707593672413,17.81374764124252,0.0568467112781867,0.9140599778502096,8.155624777210332e-09,13.0,1892.7256103515624,49.14925678442202,41.61364805045582,761.8944074119895,0.0
2458303.7592633176,7384.776668164529,12.978391028444637,6390.716606954436,18.68781071239593,6390.716606954436,18.68781071239593,17.57512703630958,0.0513933988159408,0.7179758481299302,8.217322023926538e-09,13.0,2750.7623291015625,42.910989808280775,41.61364805045582,761.8944074119895,0.0
2458308.552217598,7364.988265558678,6.9530924664493545,6369.991004033978,14.475310787472418,6369.991004033978,14.475310787472418,17.518129499627257,0.039808591371904,0.9717485906682172,5.093872221495638e-09,13.0,1624.2590576171874,31.9178068119587,41.61364805045582,761.8944074119895,0.0
2458310.5466268845,7290.87318337986,1.5640969582126707,6292.365750785829,11.46643258875575,6292.365750785829,11.46643258875575,17.304652080588312,0.0315338672945319,0.9999903048548868,3.8653380605572925e-09,13.0,1577.7341674804686,0.0868337351148368,41.61364805045582,761.8944074119895,0.0
2458310.5817642547,7308.217903215579,6.472608818916595,6310.531935456813,13.451292039230045,6310.531935456813,13.451292039230045,17.35461095421608,0.0369924346410082,1.0003609385534904,3.996743161578001e-09,13.0,1614.3979858398438,35.908457808904615,41.61364805045582,761.8944074119895,0.0
2458311.710388005,7348.146632085828,8.658215970717675,6352.35173244431,15.23634702097272,6352.35173244431,15.23634702097272,17.46961969109045,0.0419015191772846,0.972089721020984,6.579178315455828e-09,13.0,1669.271569824219,42.535881326354655,41.61364805045582,761.8944074119895,0.0
2458312.720034822,7324.775855757786,7.15149394903715,6327.874090677784,14.04129781936949,6327.874090677784,14.04129781936949,17.402303662223225,0.0386150111337326,0.9802709016868576,5.672195041824611e-09,13.0,1638.8921508789062,37.35025940400049,41.61364805045582,761.8944074119895,0.0
2458313.485904608,7294.197673169129,8.309791436289727,6295.84769203484,14.342771609845842,6295.84769203484,14.342771609845842,17.314227776640585,0.0394440950208156,0.4446385273248646,7.902877682502713e-09,13.0,1008.9371459960938,19.911895941799283,41.61364805045582,761.8944074119895,0.0
2458313.6383932265,7320.1369189405805,8.02614077434879,6323.015448756973,14.49143276577933,6323.015448756973,14.49143276577933,17.388941897927612,0.0398529284680776,0.463900344200948,4.6769562487493405e-09,13.0,762.12080078125,18.361080965587107,41.61364805045582,761.8944074119895,0.0
2458313.652322225,7298.154741816597,11.30305740903441,6299.992171766232,16.477772230977987,6299.992171766232,16.477772230977987,17.325625521566298,0.0453155660070528,0.4709186478851871,3.006242388649871e-09,13.0,766.121905517578,29.908034847748333,41.61364805045582,761.8944074119895,0.0
2458313.7599146133,7317.6918693114285,9.66047781379482,6320.454598912553,15.518046393871787,6320.454598912553,15.518046393871787,17.38189929783992,0.0426762213850718,0.4622705962411764,4.046372972541657e-09,13.0,997.5304077148436,23.08257858544178,41.61364805045582,761.8944074119895,0.0
2458313.8050429,7361.727273565945,10.592547713735154,6366.575567906341,16.682142105227978,6366.575567906341,16.682142105227978,17.508736699489276,0.0458776041513244,0.4456940759550383,5.558490544534104e-09,13.0,1113.9656494140625,21.4899310667043,41.61364805045582,761.8944074119895,0.0
2458313.8224270856,7386.004980295291,12.92468102794379,6392.0030932864365,18.66038985391306,6392.0030932864365,18.66038985391306,17.578665005852898,0.0513179886388166,0.4402088537657147,8.247146673227138e-09,13.0,1209.844348144531,24.865011591686365,41.61364805045582,761.8944074119895,0.0
2458328.490073482,-3636224.1951565146,-3636224.1951565146,-3636224.1951565146,-3636224.1951565146,-3636224.1951565146,-3636224.1951565146,-9999.99,-9999.99,1.1419745435464204,-9999.99,13.0,-9999.99,-9999.99,-9999.99,-9999.99,1.0
2458329.504418951,7331.965284055647,9.163901858384536,6335.40401813552,15.357878898750704,6335.40401813552,15.357878898750704,17.423011736103376,0.0422357443232698,1.1284999419061463,8.103043647037805e-09,13.0,2738.002880859375,55.14231993270233,41.61364805045582,761.8944074119895,0.0
2458330.490099085,7328.527927992122,11.214922845491358,6331.803865142482,16.74589331709345,6331.803865142482,16.74589331709345,17.413110945613948,0.0460529265316088,0.5670016445618073,5.987185119019672e-09,13.0,2009.255615234375,33.466051527111816,41.61364805045582,761.8944074119895,4.0
2458330.525338869,7295.038327060996,5.022370500482664,6296.728160211246,12.567182665602704,6296.728160211246,12.567182665602704,17.31664915455538,0.0345610430598851,1.1348077348629042,8.318770978511123e-09,13.0,2037.43125,32.44608712348365,41.61364805045582,761.8944074119895,0.0
2458331.657604732,7304.434542602546,6.933188416202004,6306.569390761699,13.65085135052061,6306.569390761699,13.65085135052061,17.343713549325994,0.037541243243066,1.2663947594876617,3.371455073428174e-09,13.0,2283.4660400390626,50.092584408651135,41.61364805045582,761.8944074119895,0.0
2458333.5869941013,7307.43802448267,57.89594940727185,6309.71512081713,61.738650875155315,6309.71512081713,61.738650875155315,17.3523646300649,0.1697876308582425,0.0670729015512262,6.1681460286619294e-09,13.0,1131.6217041015625,20.200770762597767,41.61364805045582,761.8944074119895,4.0
2458335.523395727,7485.650259200502,17.55298290487078,6496.367681203069,23.382206432960654,6496.367681203069,23.382206432960654,17.865678341529662,0.0643034691917498,0.9705947622311268,7.118424529280547e-09,13.0,2546.7111328125,61.15671115864709,41.61364805045582,761.8944074119895,0.0
2458339.510085107,7338.75098719705,6.980755637667879,6342.511099573376,14.133927270497473,6342.511099573376,14.133927270497473,17.44255693999988,0.0388697516379675,1.232637592410592,3.6977598030018486e-09,13.0,2059.239501953125,44.54659428260178,41.61364805045582,761.8944074119895,0.0
2458340.59740113,7318.643172190932,7.1156724305319035,6321.450956533241,13.940159929065667,6321.450956533241,13.940159929065667,17.38463938362906,0.0383368715478934,1.22482569154298,3.157248475186619e-09,13.0,1875.031298828125,47.74630299168548,41.61364805045582,761.8944074119895,0.0
2458347.5466683856,7396.609984899711,9.743571331919274,6403.110362467217,16.537241984310164,6403.110362467217,16.537241984310164,17.609211136887133,0.0454791139366377,1.2414133597746635,2.57246395782779e-09,13.0,2525.218359375,54.40948190511815,41.61364805045582,761.8944074119895,0.0
2458348.5877401214,0.0,0.0,0.0,0.0,0.0,0.0,0.0,0.0,0.0,0.0,13.0,0.0,0.0,0.0,0.0,5.0
2458349.5870693284,7436.660371221189,13.37862233331253,6445.0575787354355,19.565535489891182,6445.0575787354355,19.565535489891182,17.724570289870258,0.0538072321019621,1.1084225665831615,6.735666539387701e-09,13.0,5301.677148437499,60.585186807871786,41.61364805045582,761.8944074119895,0.0
2458354.5574350148,7807.03186128281,65.67333433260299,6832.970266230846,71.56978445071718,6832.970266230846,71.56978445071718,18.7913700215794,0.1968242579108963,1.0536196023349074,6.3628663750899365e-09,13.0,5530.04951171875,111.88941605336537,41.61364805045582,761.8944074119895,0.0
2458355.614116354,7884.966171069873,66.08728444166509,6914.595629869309,72.35828554028964,6914.595629869309,72.35828554028964,19.01584815502845,0.1989927168912905,1.198660990383556,5.924155518932013e-09,13.0,8059.419091796875,105.61992109558469,41.61364805045582,761.8944074119895,0.0
2458357.5979488795,7451.288603468279,17.108063435027056,6460.37862000492,22.672287911454056,6460.37862000492,22.672287911454056,17.766704726929593,0.0623511203444656,1.0922160352999748,8.319401885841392e-09,13.0,3714.850927734375,73.70609876217699,41.61364805045582,761.8944074119895,0.0
2458366.570864212,7305.192571883065,6.697451195662838,6307.363321135107,13.531210018327121,6307.363321135107,13.531210018327121,17.34589693939457,0.0372122172916092,1.2610858335018342,7.274018432603082e-09,13.0,1823.1539672851563,47.9923230031778,41.61364805045582,761.8944074119895,0.0
2458670.560830028,7314.451692261264,6.3056631525951605,6317.060963545845,13.448591627995636,6317.060963545845,13.448591627995636,17.372566452033567,0.0369850082327642,2.2389310272190506,8.160441325978191e-09,13.0,2490.0224365234376,79.38864646555079,41.61364805045582,761.8944074119895,0.0
2458671.63542872,7372.157741484323,9.397139071776984,6377.500034153408,16.00709959360713,6377.500034153408,16.00709959360713,17.538780103680775,0.0440211679132137,1.940575179488692,7.593232766364559e-09,13.0,2439.072998046875,88.4935471834525,41.61364805045582,761.8944074119895,0.0
2458672.7449510684,7446.148940912209,22.947613889841893,6454.995537428524,27.71862681747989,6454.995537428524,27.71862681747989,17.75190069696773,0.0762290706270931,0.3014951175153891,6.790006073711168e-09,13.0,1918.474658203125,26.118818958273813,41.61364805045582,761.8944074119895,4.0
2458683.625741721,7351.654331165027,8.062031150356148,6356.025559974909,14.91875964170219,6356.025559974909,14.91875964170219,17.479723094125017,0.0410281212660497,2.1854391615035333,6.883639107181792e-09,13.0,3854.0732421875,90.09451620095062,41.61364805045582,761.8944074119895,0.0
2458684.5981238056,7514.635596052359,26.4754675112859,6526.725795199086,31.48856962856793,6526.725795199086,31.48856962856793,17.949166272989828,0.0865968005546559,1.799372421911312,5.136535545608134e-09,13.0,5814.224560546875,161.83770778884303,41.61364805045582,761.8944074119895,2.0
2458685.6287009246,7324.853288086685,14.060496897065407,6327.955190286165,18.919597467426506,6327.955190286165,18.919597467426506,17.40252669447572,0.0520308361982468,0.7212242368096388,8.087060806289856e-09,13.0,5576.603466796875,55.09334020032563,41.61364805045582,761.8944074119895,0.0
2458690.62935655,7336.7626534271685,6.784777282769028,6340.428596149085,14.001907614140123,6340.428596149085,14.001907614140123,17.436829841696756,0.0385066840237276,2.197263823113479,6.973724598083577e-09,13.0,2420.007861328125,78.959499269503,41.61364805045582,761.8944074119895,0.0
2458691.572931574,7329.298592150366,7.425903555238021,6332.611028795201,14.256028325883223,6332.611028795201,14.256028325883223,17.41533072855976,0.0392055420808322,2.227626652759101,8.297514560892795e-09,13.0,2290.921875,89.62416891581286,41.61364805045582,761.8944074119895,0.0
2458692.4976308043,7459.588275866419,15.752171233971405,6469.0713739335715,21.65416327291837,6469.0713739335715,21.65416327291837,17.790610693034424,0.0595511730206257,1.0254506100307976,8.348252023759056e-09,13.0,2853.9450195312497,62.12479669583264,41.61364805045582,761.8944074119895,0.0
2458692.5868348223,7383.049517328552,9.70748643979065,6388.907656372465,16.34415520355673,6388.907656372465,16.34415520355673,17.57015223641844,0.044948105458327,2.0197297411575805,7.925259470643573e-09,13.0,2529.3388427734376,92.57147855489052,41.61364805045582,761.8944074119895,0.0
2458696.51110067,7357.800043834298,11.877633837253683,6362.462340294355,17.562059927362863,6362.462340294355,17.562059927362863,17.497424901101713,0.0482974685353443,0.750379491036773,7.1112611881398865e-09,13.0,2919.5875976562497,43.99380672836306,41.61364805045582,761.8944074119895,0.0
2458698.608023172,7316.977531728847,5.866041520376068,6319.706429523511,13.263494606676616,6319.706429523511,13.263494606676616,17.3798417551783,0.0364759724134972,2.2664031438938905,6.2046468085089165e-09,13.0,2121.780737304688,73.98260319142098,41.61364805045582,761.8944074119895,0.0
2458699.654892126,7353.608722236301,7.743808959668471,6358.072513137389,14.758449182818042,6358.072513137389,14.758449182818042,17.485352425556933,0.040587251039216,2.195047674156988,8.21927129172259e-09,13.0,2502.106030273437,86.38144067949106,41.61364805045582,761.8944074119895,0.0
2458704.521993249,7492.96859351528,15.867482557632986,6504.032619807183,22.099510704914522,6504.032619807183,22.099510704914522,17.88675770992885,0.0607759241986249,2.172285105929893,8.341785589989803e-09,13.0,5788.037207031251,123.93926541853185,41.61364805045582,761.8944074119895,0.0
2458711.630342005,7377.313693321894,8.921048954710663,6382.9001774894305,15.771317816943593,6382.9001774894305,15.771317816943593,17.55363105248386,0.043372743811103,2.06706870309684,8.277203399523811e-09,13.0,8183.215234375,88.19416510169926,41.61364805045582,761.8944074119895,0.0
2458715.59106472,7328.444709437162,6.486468650714937,6331.716705266059,13.732355014877601,6331.716705266059,13.732355014877601,17.41287124700191,0.0377653866909917,2.1905807049678767,7.584519315881281e-09,13.0,2439.705493164063,76.96619760323328,41.61364805045582,761.8944074119895,0.0
2458718.5274638413,7408.876276103199,12.474426568696838,6415.957598591026,18.57903567811338,6415.957598591026,18.57903567811338,17.644542355720358,0.0510942562997769,2.080249363928585,7.282831608991158e-09,13.0,2532.250341796874,115.06636145332918,41.61364805045582,761.8944074119895,0.0
2458724.5766230286,7322.863529968806,5.91875585067915,6325.871195055204,13.37061825061894,6325.871195055204,13.37061825061894,17.39679549355103,0.0367705734366172,2.2630444017218383,7.948367672565305e-09,13.0,2304.507763671875,73.3997147477272,41.61364805045582,761.8944074119895,0.0
2458730.579806504,7332.954383313852,6.740849366474226,6336.43996221261,13.927024572469396,6336.43996221261,13.927024572469396,17.4258606887134,0.0383007479681691,2.2425458466180337,6.556913084189766e-09,13.0,3180.7831542968747,80.95511660546983,41.61364805045582,761.8944074119895,0.0
2458740.499304581,7403.432452607897,12.236761469670355,6410.255949681815,18.342421953991117,6410.255949681815,18.342421953991117,17.628862235624457,0.0504435442567084,2.091775434476152,7.192521254366777e-09,13.0,3921.266943359375,115.34080104511028,41.61364805045582,761.8944074119895,0.0
2458740.5030944142,7420.5357177711585,14.138582502467841,6428.169244123899,19.968381098536746,6428.169244123899,19.968381098536746,17.678125635149314,0.05491509890054,2.055710996936128,7.368082415422966e-09,13.0,3952.692553710938,125.34272699279796,41.61364805045582,761.8944074119895,0.0
2458644.7027638205,7310.742419489568,4.975929565318228,6672.039990096174,11.045119637491414,6672.039990096174,11.045119637491414,18.348795233647564,0.030375213407039,2.157585696250685,1.2447570023701904e-08,13.0,1394.95546875,51.50742980790962,42.55029092981477,768.5964401258666,0.0
2458552.871814847,7301.357678392852,5.005813768532422,6661.708197917541,10.949810017779125,6661.708197917541,10.949810017779125,18.32038174401565,0.0301131021639269,2.039066990238542,1.2430037813780417e-08,13.0,1461.8685791015623,50.12829443383112,42.55029092981477,768.5964401258666,0.0
2458642.6336463047,7325.927928314909,5.902811516490014,6688.757928256986,11.759198964066627,6688.757928256986,11.759198964066627,18.394771280628227,0.032339004895603,2.118573082359361,1.2359090013734481e-08,13.0,1440.5210693359377,57.94324104361253,42.55029092981477,768.5964401258666,0.0
2458559.853414912,7301.948637531718,6.464328257028485,6662.35879306406,11.846016274511866,6662.35879306406,11.846016274511866,18.32217094748883,0.0325777614160166,2.114985020799929,3.7471482775770226e-09,13.0,1438.409497070313,67.7816417317554,42.55029092981477,768.5964401258666,0.0
2458645.6890265997,7315.705832431725,5.93521285699796,6677.504280531738,11.661773487114656,6677.504280531738,11.661773487114656,18.363822593562706,0.0320710748277698,2.138982502014902,1.2222567822044571e-08,13.0,1755.7720947265625,60.49563131317163,42.55029092981477,768.5964401258666,0.0
2458562.841609053,7298.713130237657,12.733178716654901,6658.796778021749,16.892316010265713,6658.796778021749,16.892316010265713,18.312375040280912,0.0464556039763731,1.8062134255470208,8.998816949548586e-09,13.0,4692.9671875,115.73114468749526,42.55029092981477,768.5964401258666,2.0
2458645.7835784284,7318.155527272427,6.5914353496259395,6680.201183699804,12.108421518486791,6680.201183699804,12.108421518486791,18.371239354263963,0.0332994027876328,1.3550364543849007,3.982731972483553e-09,13.0,1429.394189453125,41.713437005390304,42.55029092981477,768.5964401258666,0.0
2458573.8126538964,7413.456573508473,15.357016558618309,6785.119432798991,20.18355659391855,6785.119432798991,20.18355659391855,18.659775315057274,0.05550685361273,1.6484574800221838,1.1385156834242354e-08,13.0,1859.85859375,94.84404825953926,42.55029092981477,768.5964401258666,2.0
2458647.62034974,7318.790566724812,7.747685972336503,6680.900307477399,12.918146507682712,6680.900307477399,12.918146507682712,18.373162016456803,0.0355262296718208,2.0775222683735377,1.1578381506621793e-08,13.0,4044.517578125,76.62222408065468,42.55029092981477,768.5964401258666,0.0
2458575.8799212724,7301.831349204777,5.8368229347336005,6662.229668711401,11.44299112920826,6662.229668711401,11.44299112920826,18.321815842257138,0.0314694008731895,2.091641827391828,1.2304684633783691e-08,13.0,1388.6974853515626,60.37013556766094,42.55029092981477,768.5964401258666,0.0
2458653.785724488,7350.324841403203,9.65419903273518,6715.616829661997,14.68884495794978,6715.616829661997,14.68884495794978,18.468636018071777,0.0403958322720323,2.1327221214800263,1.2413260630699791e-08,13.0,13636.1697265625,90.73062732715697,42.55029092981477,768.5964401258666,0.0
2458580.8757536914,7318.668927857087,19.002886222068653,6680.766393553797,23.05996638116847,6680.766393553797,23.05996638116847,18.372793739413098,0.0634172759532213,1.6458273165002464,1.1970349267781285e-08,13.0,1693.6939697265625,149.815054804973,42.55029092981477,768.5964401258666,2.0
2458656.660082475,7333.998340888143,13.279946659113534,6697.642757858899,17.663454698925076,6697.642757858899,17.663454698925076,18.41920547456192,0.0485763145710274,1.04351570959187,1.2294628749088078e-08,13.0,6832.46279296875,63.24681363450435,42.55029092981477,768.5964401258666,0.0
2458582.7934868326,7322.027872756374,6.716185062005761,6684.46430277487,12.233771636778032,6684.46430277487,12.233771636778032,18.3829633695698,0.033644128487187,2.063292074960311,4.8729937784966654e-09,13.0,1419.8642333984376,65.20815691238569,42.55029092981477,768.5964401258666,0.0
2458661.633507722,7284.723202575777,11.804976582471298,6643.395071815154,15.942819466431132,6643.395071815154,15.942819466431132,18.27001876635973,0.0438443909615024,0.4842495548895314,1.1536508959742476e-08,13.0,1293.636669921875,28.34909032741,42.55029092981477,768.5964401258666,4.0
2458583.7902215766,7315.16094339084,5.840736010209601,6676.904404597731,11.597563136503352,6676.904404597731,11.597563136503352,18.36217287313311,0.0318944897687779,2.143527741500252,1.2443314408180853e-08,13.0,1456.060791015625,59.75122519235645,42.55029092981477,768.5964401258666,0.0
2458661.645333824,7305.185791274216,12.151837824928451,6665.922620704382,16.416440831403204,6665.922620704382,16.416440831403204,18.33197183952745,0.0451468983590979,0.4222856352643055,1.1696382555368589e-08,13.0,1368.76767578125,23.61592394738384,42.55029092981477,768.5964401258666,4.0
2458585.7849066663,7319.562905082863,5.322691166845588,6681.750585532458,11.34328114170938,6681.750585532458,11.34328114170938,18.375500368437173,0.0311951881667186,2.1376060981443725,1.1235762703749444e-08,13.0,1516.282470703125,53.41958592997588,42.55029092981477,768.5964401258666,0.0
2458661.657180235,7307.1721315427385,15.074951764065391,6668.109410370596,19.143673574837017,6668.109410370596,19.143673574837017,18.33798573570673,0.0526470685076651,0.3173777120491304,1.0725832815790923e-08,13.0,1330.386328125,21.618432485421778,42.55029092981477,768.5964401258666,4.0
2458587.77968206,7305.86952362066,4.978019727618617,6666.675351167207,10.98811213578814,6666.675351167207,10.98811213578814,18.33404192561042,0.0302184369223225,2.15355579275236,1.2439762256569949e-08,13.0,1529.0111083984375,52.13600951818485,42.55029092981477,768.5964401258666,0.0
2458661.6689993683,7303.865702459082,16.085168213451635,6664.469316542362,20.093963110398477,6664.469316542362,20.093963110398477,18.32797510381833,0.05526046233123,0.3362611504753872,1.1229045743435488e-08,13.0,1267.4973388671874,25.20534465771106,42.55029092981477,768.5964401258666,4.0
2458589.8164426475,7322.971767995649,6.629962938473437,6685.503450189814,12.187076098179192,6685.503450189814,12.187076098179192,18.385821131687948,0.0335157109601118,2.146085347124689,1.2371793530940736e-08,13.0,2123.424755859375,66.8059429452106,42.55029092981477,768.5964401258666,0.0
2458661.6808166304,7314.391910590664,32.102301506921584,6676.057765677369,36.63331824387512,6676.057765677369,36.63331824387512,18.35984452914693,0.1007453876451093,0.2233228010167213,1.1995405295357925e-08,13.0,1253.8373046875,33.482369120515415,42.55029092981477,768.5964401258666,4.0
2458590.771941144,7299.508377453743,6.746062642753796,6659.672276757687,12.008574741273216,6659.672276757687,12.008574741273216,18.314782751724017,0.0330248138953973,2.1477869930926103,1.2171754821342237e-08,13.0,3591.41767578125,72.43202088599547,42.55029092981477,768.5964401258666,0.0
2457821.8976806644,7310.586888814476,5.834144161443467,6671.868764209818,11.541138341622663,6671.868764209818,11.541138341622663,18.348324344874115,0.0317393157876712,1.328104481719873,3.5199094839172104e-09,13.0,1479.6841064453124,36.70491829875325,42.55029092981477,768.5964401258666,0.0
2458601.7388531603,7232.600867816986,14.601652165901172,6586.012867549433,18.198025692242332,6586.012867549433,18.198025692242332,18.112211811112157,0.0500464397064861,1.62968804853883,1.2124595414269614e-08,13.0,1840.3619873046875,141.9987861196877,42.55029092981477,768.5964401258666,2.0
2457844.729581457,7319.695768296406,6.336483027075143,6681.89685649468,11.959581987193253,6681.89685649468,11.959581987193253,18.37590262860625,0.0328900787898104,1.2210093101514807,1.1475083843610018e-08,13.0,1277.3273193359375,35.70618051769348,42.55029092981477,768.5964401258666,0.0
2458601.913359296,7236.469269438247,16.252430345642864,6590.271644771139,19.84403049285885,6590.271644771139,19.84403049285885,18.12392388587532,0.0545731219633288,1.5900699686112505,1.2340814993072396e-08,13.0,2119.7290527343757,152.49442078595905,42.55029092981477,768.5964401258666,2.0
2457844.742610609,7332.32315801817,5.907733813025172,6695.798525706363,11.836050723297651,6695.798525706363,11.836050723297651,18.414133646728104,0.0325503551266521,1.2157423601156403,1.2447743280668653e-08,13.0,1293.336181640625,31.62617488120865,42.55029092981477,768.5964401258666,0.0
2458604.734761808,7318.570985817517,5.492850408600803,6680.658567798356,11.429559895860711,6680.658567798356,11.429559895860711,18.37249720751124,0.0314324636020108,2.1069095978281043,1.1882846479008142e-08,13.0,1438.266284179687,54.54370394976926,42.55029092981477,768.5964401258666,0.0
2457844.7719857614,7331.160041565524,6.5653321971903535,6694.518034604441,12.235806355104758,6694.518034604441,12.235806355104758,18.41061216468324,0.033649724171564,1.2239872062720114,1.2337311713943828e-08,13.0,1306.9907958984377,35.860762810714355,42.55029092981477,768.5964401258666,0.0
2458605.732127586,7311.794736272807,5.291178358536267,6673.198500298887,11.233686329431416,6673.198500298887,11.233686329431416,18.3519812556914,0.0308937911768709,2.021355297967508,1.1594061606004571e-08,13.0,1477.3845458984374,51.218065729336026,42.55029092981477,768.5964401258666,0.0
2457845.7271169964,7316.6652595982105,7.206835434103548,6678.560527261669,12.510296417553278,6678.560527261669,12.510296417553278,18.366727380553264,0.0344046000351702,1.21838806664733,1.1004077791481832e-08,13.0,1312.2687744140626,41.18693869940653,42.55029092981477,768.5964401258666,0.0
2458606.7295040386,7314.156137379858,5.870097601307494,6675.798199665881,11.604011229996637,6675.798199665881,11.604011229996637,18.359130695956253,0.0319122226881446,2.1137992370148964,1.188666521175663e-08,13.0,1416.10166015625,59.35745636324285,42.55029092981477,768.5964401258666,0.0
2457846.8568904856,7314.164164135179,5.386971813861838,6675.807036432603,11.316518316523796,6675.807036432603,11.316518316523796,18.35915499797234,0.0311215876487461,1.298567301188481,1.2383863305039364e-08,13.0,1261.967431640625,32.534625918785025,42.55029092981477,768.5964401258666,0.0
2458608.82228736,7301.110401823423,5.731904943646749,6661.435967698329,11.370296813757124,6661.435967698329,11.370296813757124,18.31963308295305,0.031269484039531,2.1510769105458136,1.2174785861336049e-08,13.0,1505.4373779296875,61.12104858531406,42.55029092981477,768.5964401258666,0.0
2457847.7364619663,0.0,0.0,0.0,0.0,0.0,0.0,0.0,0.0,0.0,0.0,13.0,0.0,0.0,0.0,0.0,5.0
2458611.716154701,7314.88160344185,5.707079211553641,6676.596875357393,11.513404600443376,6676.596875357393,11.513404600443376,18.361327136136985,0.0316630451509968,2.089738942002404,1.2197288563654064e-08,13.0,1395.835693359375,56.87658862952011,42.55029092981477,768.5964401258666,0.0
2457848.9131829925,7313.005821132263,5.830504222824856,6674.531800487959,11.56660428195444,6674.531800487959,11.56660428195444,18.35564796814974,0.0318093497390974,1.291628178486362,1.244363693839198e-08,13.0,1318.415625,35.293476480405374,42.55029092981477,768.5964401258666,0.0
2458613.7643298614,7312.109215477536,5.285889697213251,6673.544714835267,11.234372585975883,6673.544714835267,11.234372585975883,18.352933381224865,0.0308956784528511,2.114772166940663,1.183636818945091e-08,13.0,1463.5560791015623,53.55536976639216,42.55029092981477,768.5964401258666,0.0
2457849.7858323567,7306.185876890285,7.506684219954883,6667.023628887733,12.612858874305523,6667.023628887733,12.612858874305523,18.33499972511219,0.0346866573250546,1.2965874061180669,5.556217508261085e-09,13.0,1252.1416015625,47.2794757821449,42.55029092981477,768.5964401258666,0.0
2458617.8528534826,7317.743258829673,5.5636826640210915,6679.747311629336,11.461354199990065,6679.747311629336,11.461354199990065,18.36999115945464,0.0315199012038435,2.1268721498523844,1.2045771967103418e-08,13.0,1619.161938476563,55.960738882951176,42.55029092981477,768.5964401258666,0.0
2457851.8305679527,7307.951059196586,5.799563635103825,6668.9669426731725,11.489823763922534,6668.9669426731725,11.489823763922534,18.34034403761283,0.0315981954286628,1.315418414565021,1.1897820976799942e-08,13.0,1977.6731445312496,36.34852714989452,42.55029092981477,768.5964401258666,0.0
2458618.697622888,7337.788926581691,6.386944478584789,6701.8158664420125,12.195796613800837,6701.8158664420125,12.195796613800837,18.430681951770246,0.0335396932737237,2.1060929337503387,8.257389316382903e-09,13.0,3557.3580078125,60.53672921949428,42.55029092981477,768.5964401258666,0.0
2457864.880693162,7293.305920309732,6.806381185232558,6652.843905303597,11.983311794710586,6652.843905303597,11.983311794710586,18.29600402890816,0.032955338197685,1.2699290797313758,4.039132043578268e-09,13.0,1479.5830810546877,43.24342700610807,42.55029092981477,768.5964401258666,0.0
2458618.885815346,7354.393306981976,7.198508706156547,6720.095860080908,12.913378121472336,6720.095860080908,12.913378121472336,18.48095381174865,0.0355131161199987,2.0907373586496423,1.0322296711657891e-08,13.0,2113.885400390625,65.02967654821853,42.55029092981477,768.5964401258666,0.0
2457867.790685161,7294.985351270073,7.554402058580265,6654.692814237985,12.531960172442753,6654.692814237985,12.531960172442753,18.3010887183724,0.0344641775861215,1.256716349909431,1.2447779305441096e-08,13.0,1228.9212890625,47.4629285337459,42.55029092981477,768.5964401258666,0.0
2458625.694211842,7355.810849617383,39.96063238437351,6721.656452510943,45.16366992785489,6721.656452510943,45.16366992785489,18.485245601214004,0.1242047308973504,0.1030798687144001,1.2040007833319209e-08,13.0,519.2374145507813,15.260758784318348,42.55029092981477,768.5964401258666,0.0
2457954.5702548465,7329.015127279548,7.833633684554167,6692.156668593877,13.086767774680037,6692.156668593877,13.086767774680037,18.404118165626905,0.0359899554745385,0.9089817832732836,3.901606732341115e-09,13.0,1212.6525634765624,31.822131902958493,42.55029092981477,768.5964401258666,0.0
2458625.696380625,7315.441830935352,7.620339081379673,6677.2136376075205,12.791106912355046,6677.2136376075205,12.791106912355046,18.36302329567024,0.0351768577368964,2.1506653648392264,1.2336155772995262e-08,13.0,10779.2669921875,78.72780510885784,42.55029092981477,768.5964401258666,0.0
2457954.7682001246,7306.58553181764,16.399527955330658,6667.4636145634095,20.41704096345344,6667.4636145634095,20.41704096345344,18.33620973090964,0.0561489596092786,0.3580684996060836,6.290078702916833e-09,13.0,1184.304638671875,27.4764949002389,42.55029092981477,768.5964401258666,4.0
2458626.672460061,7349.761992351881,9.521040014038002,6714.997181302361,14.577676609819934,6714.997181302361,14.577676609819934,18.466931921440956,0.0400901078969798,2.113082156913652,1.2250076863632581e-08,13.0,6729.45322265625,88.72105464568521,42.55029092981477,768.5964401258666,0.0
2457955.6188473417,7301.874766879309,6.763575343980543,6662.2774678339965,12.046017429868009,6662.2774678339965,12.046017429868009,18.321947294753546,0.0331277851346349,0.876598175036978,1.215330235133452e-08,13.0,1134.898828125,28.107162861227067,42.55029092981477,768.5964401258666,0.0
2458627.7939480217,-3636224.1951565146,-3636224.1951565146,-3636224.1951565146,-3636224.1951565146,-3636224.1951565146,-3636224.1951565146,-9999.99,-9999.99,-9999.99,-9999.99,13.0,-9999.99,-9999.99,-9999.99,-9999.99,5.0
2457956.5631980146,7296.356017860444,6.4850629475463,6656.201800177174,11.798584042489102,6656.201800177174,11.798584042489102,18.305238584687626,0.0324473179063625,1.2136662407800831,2.952635372393918e-09,13.0,1210.0949462890626,38.838864358179656,42.55029092981477,768.5964401258666,0.0
2458627.796092052,7284.374115854638,122.27012160881965,6643.010757381977,134.92491684406383,6643.010757381977,134.92491684406383,18.268961862196957,0.3710573789670837,0.1548976554355002,1.2385562561959024e-08,13.0,14993.5083984375,98.8712225762186,42.55029092981477,768.5964401258666,4.0
2457958.5700916494,0.0,0.0,0.0,0.0,0.0,0.0,0.0,0.0,0.0,0.0,13.0,0.0,0.0,0.0,0.0,5.0
2458629.66819276,0.0,0.0,0.0,0.0,0.0,0.0,0.0,0.0,0.0,0.0,13.0,0.0,0.0,0.0,0.0,5.0
2457960.652415336,7296.2794336115585,7.162300375464961,6656.117487510958,12.263314952829312,6656.117487510958,12.263314952829312,18.305006716196083,0.0337253756406142,1.2090914524507488,5.883648390608904e-09,13.0,1100.78720703125,42.98724215366136,42.55029092981477,768.5964401258666,0.0
2458631.752334596,7357.604519436299,6.2590860442640155,6723.631128595782,12.34291392422937,6723.631128595782,12.34291392422937,18.49067616325909,0.0339442809872843,1.8923623343606368,1.0672666538442144e-08,13.0,1491.1357177734376,50.0229682894928,42.55029092981477,768.5964401258666,0.0
2457965.5860123383,6736.485163842824,69.10150275903747,6039.832179431333,76.18174838864516,6039.832179431333,76.18174838864516,16.610158822561765,0.2095076324181866,0.0361857571730551,6.4842548386497905e-09,13.0,6743.04296875,51.66175743164568,42.55029092981477,768.5964401258666,6.0
2458635.814679356,7302.975771754992,4.635515283533471,6663.489579435791,10.769964641328762,6663.489579435791,10.769964641328762,18.325280726150037,0.029618508907426,2.097887920661988,1.1312709068729608e-08,13.0,1561.1734619140625,47.39832036113143,42.55029092981477,768.5964401258666,0.0
2457968.538156412,0.0,0.0,0.0,0.0,0.0,0.0,0.0,0.0,0.0,0.0,13.0,0.0,0.0,0.0,0.0,5.0
2458637.715650966,7315.158721755275,5.274218563402331,6676.901958768192,11.263705725280351,6676.901958768192,11.263705725280351,18.362166146850683,0.0309763475986381,2.145310456763641,1.2366203514979516e-08,13.0,1464.5929687500002,53.76876400932665,42.55029092981477,768.5964401258666,0.0
2457968.69991766,7305.331260440364,12.445067276666933,6666.082769735404,16.681704126972253,6666.082769735404,16.681704126972253,18.332412265811087,0.045876399666138,1.1904737754931092,1.2384035711753222e-08,13.0,10856.7919921875,73.00088754312785,42.55029092981477,768.5964401258666,0.0
2458638.643989451,7329.19787282648,5.557635150472893,6692.357855711663,11.591936448875806,6692.357855711663,11.591936448875806,18.40467145086401,0.0318790157999056,1.7932903921828058,1.1406528386990912e-08,13.0,1392.4007568359375,45.18452950324441,42.55029092981477,768.5964401258666,0.0
2457969.749929613,7238.818057773356,23.150410957057154,6592.8574585618335,26.902629254893345,6592.8574585618335,26.902629254893345,18.13103513937922,0.0739849935218478,1.1145098850702533,1.2221669775423576e-08,13.0,25625.59453125,151.5103369126397,42.55029092981477,768.5964401258666,2.0
2458639.803465252,7333.25076609822,9.261889992624013,6696.819742360882,14.213203856921378,6696.819742360882,14.213203856921378,18.41694209741346,0.0390877703928422,0.7251067239477479,1.1836558688370882e-08,13.0,1513.825,29.34171754288457,42.55029092981477,768.5964401258666,0.0
2457970.554457886,7302.916615000843,13.35759435897454,6663.424452941242,17.498187584711555,6663.424452941242,17.498187584711555,18.32510162160113,0.0481218130329579,1.1793333774086925,1.2387932830085416e-08,13.0,14783.7861328125,78.271106699301,42.55029092981477,768.5964401258666,0.0
2458641.757848639,7356.02615228517,6.689625896525461,6721.8934822165165,12.595798306638853,6721.8934822165165,12.595798306638853,18.48589745724879,0.0346397390117426,2.059481222587766,1.2435551230814976e-08,13.0,1519.793774414063,58.93524271602871,42.55029092981477,768.5964401258666,0.0
2458654.606840713,7318.4060595669525,9.989866064384904,6680.476998192115,14.662136054208895,6680.476998192115,14.662136054208895,18.37199787244572,0.0403223800435708,2.04642504528792,1.2352964361144364e-08,13.0,12438.709375,97.90747886990934,42.55029092981477,768.5964401258666,0.0
2457971.500056308,7335.9191713877035,13.557582814198012,6699.757426908084,17.93201192771686,6699.757426908084,17.93201192771686,18.42502103163713,0.0493148745327379,1.2162792052452192,1.2057227257259175e-08,13.0,12713.8021484375,75.2791586042413,42.55029092981477,768.5964401258666,0.0
2458655.6573912688,7415.755294189886,29.574404107363407,6787.650126412406,34.385096189154055,6787.650126412406,34.385096189154055,18.66673498241248,0.0945625460879422,1.0905895430394332,5.739003173795798e-09,13.0,13081.3943359375,121.0573711412464,42.55029092981477,768.5964401258666,0.0
2457972.473804821,7449.847856924373,28.177337051503404,6825.1831035483265,33.097809992619105,6825.1831035483265,33.097809992619105,18.769954524411403,0.0910223768350028,1.2106163002002188,1.2275625450719032e-08,13.0,22487.130859375,117.1595434265666,42.55029092981477,768.5964401258666,2.0
2458655.7610167903,7326.941730039502,20.0913982135075,6689.874036695231,24.198537074479052,6689.874036695231,24.198537074479052,18.39784069346484,0.0665484622982671,1.087172808546018,1.1948517854725e-08,13.0,11086.119921875,102.46005961142252,42.55029092981477,768.5964401258666,0.0
2458668.695788637,7320.735984962668,5.150433789212477,6683.042045510107,11.26047588090538,6683.042045510107,11.26047588090538,18.379052016016857,0.0309674651948814,2.1383507529616077,1.11354227431299e-08,13.0,1347.815283203125,51.4448731750884,42.55029092981477,768.5964401258666,0.0
2457973.554517448,7775.677676133893,102.34386250670711,7183.893689485594,113.83964096109133,7183.893689485594,113.83964096109133,19.75644547759434,0.3130707046971574,1.1819199310458868,1.2404585963199684e-08,13.0,13470.3216796875,183.47670178462155,42.55029092981477,768.5964401258666,0.0
2457973.6866679583,7833.934862238041,172.92926142306374,7248.029837040089,191.14864625968838,7248.029837040089,191.14864625968838,19.932826470558894,0.5256784093941558,0.6792354060794971,1.0966152649239216e-08,13.0,26202.9359375,153.3088083379123,42.55029092981477,768.5964401258666,6.0
2457974.484702161,7327.788757010976,6.7405436689006555,6690.806540485027,12.313458532887097,6690.806540485027,12.313458532887097,18.400405174660836,0.0338632756358373,1.1936949693047656,4.2435468916525955e-09,13.0,2012.0904541015625,36.43303380985012,42.55029092981477,768.5964401258666,0.0
2457979.567752234,7301.353565473305,7.02093841892295,6661.70366994713,12.217645430770311,6661.70366994713,12.217645430770311,18.32036929163197,0.033599779764402,1.1808349014903263,5.5896550149664675e-09,13.0,1254.459716796875,40.482213156065015,42.55029092981477,768.5964401258666,0.0
2457980.498664601,7316.947012272763,6.805683888409325,6678.870712705169,12.238047740493085,6678.870712705169,12.238047740493085,18.36758042238091,0.0336558882115864,1.1642842960743491,1.2074642378464438e-08,13.0,1412.1773681640625,36.88779476611807,42.55029092981477,768.5964401258666,0.0
2457980.6137618544,7330.79457540039,7.237237090664089,6694.115687813237,12.682872588751797,6694.115687813237,12.682872588751797,18.409505669683853,0.034879202230635,1.1536044927108904,1.241765769142608e-08,13.0,1415.959033203125,37.48686969565204,42.55029092981477,768.5964401258666,0.0
2457981.620559268,7335.679871135899,6.952016681108917,6699.493977928043,12.541562760651598,6699.493977928043,12.541562760651598,18.42429651988412,0.0344905856899426,1.158671866480917,4.1101241643619366e-09,13.0,1290.0897216796875,35.66747949995828,42.55029092981477,768.5964401258666,0.0
2457983.6725961776,7384.971825947287,13.379705504544104,6753.76017748977,18.161095697674522,6753.76017748977,18.161095697674522,18.57353414216223,0.0499448784284796,1.0158301257561724,1.2099180370356824e-08,13.0,1306.7510498046877,53.96620970665977,42.55029092981477,768.5964401258666,0.0
2457986.6058055074,7366.289405256444,7.6829625740574405,6733.192440353252,13.375583249360211,6733.192440353252,13.375583249360211,18.516970752599576,0.0367842276930926,1.1287116157939467,1.1077458951338944e-08,13.0,1240.6257080078126,35.08715660752175,42.55029092981477,768.5964401258666,0.0
2457989.6933442326,-3636224.1951565146,-3636224.1951565146,-3636224.1951565146,-3636224.1951565146,-3636224.1951565146,-3636224.1951565146,-9999.99,-9999.99,-9999.99,-9999.99,13.0,-9999.99,-9999.99,-9999.99,-9999.99,5.0
2457990.6510736723,7292.312892552939,6.105810745055329,6651.750667215825,11.505738045403413,6651.750667215825,11.505738045403413,18.292997511884288,0.031641961337233,1.1622217646694473,3.774110332030175e-09,13.0,1205.7827392578124,35.15650417641132,42.55029092981477,768.5964401258666,0.0
2457993.58783492,7318.347009568357,8.055938405970487,6680.411989226244,13.140171419147427,6680.411989226244,13.140171419147427,18.371819091112748,0.0361368209817173,1.171104636086481,4.702731237276929e-09,13.0,2259.559716796875,44.23182958343348,42.55029092981477,768.5964401258666,0.0
2457995.4930316824,7278.053395131269,11.570976881194285,6636.052187906265,15.68033033784322,6636.052187906265,15.68033033784322,18.249825081449472,0.043122518898585,0.819771345538284,7.842607799112414e-09,13.0,7144.80498046875,49.58343058103801,42.55029092981477,768.5964401258666,0.0
2457996.667900017,7369.595029837728,18.87034182972925,6736.8316484936195,23.235933596643022,6736.8316484936195,23.235933596643022,18.526978948755374,0.063901203868727,1.0422107004967296,3.622002003657373e-09,13.0,16273.10234375,82.4668180971878,42.55029092981477,768.5964401258666,0.0
2457998.6146285394,7271.728686483003,12.28471452563779,6629.0892280684975,16.277089329881374,6629.0892280684975,16.277089329881374,18.23067622675542,0.0447636674176286,1.1701083790942273,1.2378681709730358e-08,13.0,7991.461132812499,77.26050150931312,42.55029092981477,768.5964401258666,0.0
2457999.4813984707,7222.999076654798,14.547805689401155,6575.442121930775,18.08582540227314,6575.442121930775,18.08582540227314,18.083141174978135,0.0497378773853884,0.9333522118858376,1.075948473800786e-08,13.0,12909.846875,82.73974321531522,42.55029092981477,768.5964401258666,0.0
2458000.661817428,7509.255575401448,39.92401294185382,6890.585888216124,45.66549023748838,6890.585888216124,45.66549023748838,18.94981889952922,0.1255847882889755,1.0736892724517753,8.244530962800563e-09,13.0,11209.4775390625,127.12455179061386,42.55029092981477,768.5964401258666,0.0
2458003.566541668,7315.289611415156,7.823736129240858,6677.046057017711,12.937509930595441,6677.046057017711,12.937509930595441,18.362562431836665,0.0355794810735773,1.1507079247644136,2.9630240967028e-09,13.0,3141.5380859375,42.50519933490519,42.55029092981477,768.5964401258666,0.0
2458004.552554255,7327.442327073361,6.92421654217184,6690.42515094183,12.4325802685632,6690.42515094183,12.4325802685632,18.399356314245917,0.0341908726435054,1.157516034192716,5.554755637680172e-09,13.0,2372.54931640625,36.2888852817415,42.55029092981477,768.5964401258666,0.0
2458005.647937656,7323.174858364766,9.95345109213459,6685.727035205703,14.67580837287163,6685.727035205703,14.67580837287163,18.386436013445238,0.0403599803241273,0.972400132121166,9.008753005114051e-09,13.0,3494.32763671875,44.87242870037695,42.55029092981477,768.5964401258666,0.0
2458008.538278402,7302.980928418272,6.465437516120174,6663.495256478215,11.858083221482747,6663.495256478215,11.858083221482747,18.325296338599777,0.0326109467595386,1.111143728087097,1.2235488878135412e-08,13.0,1302.9314208984374,34.56035672174798,42.55029092981477,768.5964401258666,0.0
2458019.505473424,7332.587475671443,6.820599529763215,6696.089516692116,12.419630079261085,6696.089516692116,12.419630079261085,18.414933901825545,0.0341552582928579,1.1308694418809933,1.238101802774802e-08,13.0,1423.2287353515626,34.287121723736824,42.55029092981477,768.5964401258666,0.0
2458032.53029078,0.0,0.0,0.0,0.0,0.0,0.0,0.0,0.0,0.0,0.0,13.0,0.0,0.0,0.0,0.0,5.0
2458036.518928627,7371.319999898787,9.477352666386466,6738.730692058223,14.754312977073248,6738.730692058223,14.754312977073248,18.53220151360187,0.0405758760486032,1.0835695394151923,1.2147598727074675e-08,13.0,1574.315087890625,41.85184814817217,42.55029092981477,768.5964401258666,0.0
2458042.494842958,7317.8911662769115,6.876290178797007,6679.910144997972,12.296051149320721,6679.910144997972,12.296051149320721,18.370438967942405,0.0338154035431809,1.0828428689253753,1.1267252424620449e-08,13.0,1996.9835449218751,34.33509650840575,42.55029092981477,768.5964401258666,0.0
2458045.520124967,7346.595371875,8.65955796631692,6711.511004716503,13.87930259487503,6711.511004716503,13.87930259487503,18.457344577777363,0.0381695076284344,1.0605579932863174,8.744074247386496e-09,13.0,1627.0615478515624,39.72014394215811,42.55029092981477,768.5964401258666,0.0
2458166.8436979405,7325.297086909937,12.23380779243294,6688.0634261682535,16.651561323628126,6688.0634261682535,16.651561323628126,18.392861328554453,0.0457935038610843,0.4080274688266418,1.174547106540322e-08,13.0,1168.9055908203125,21.52600665201564,42.55029092981477,768.5964401258666,4.0
2458173.886592628,7315.105681653725,7.010279518042193,6676.843566181685,12.357389810919843,6676.843566181685,12.357389810919843,18.3620055612405,0.0339840911624486,1.046545023571703,1.2414601948878509e-08,13.0,1438.2839599609374,34.19233224754283,42.55029092981477,768.5964401258666,0.0
2458174.861666435,7307.8389899989825,6.632788381228124,6668.843564132699,12.022552231429495,6668.843564132699,12.022552231429495,18.34000473395476,0.0330632534289041,1.0435924877162597,3.734301028986287e-09,13.0,1413.721044921875,32.75503713540209,42.55029092981477,768.5964401258666,0.0
2458175.836981044,7313.771952218814,7.328282195872795,6675.375244871385,12.564912892985525,6675.375244871385,12.564912892985525,18.35796752683125,0.0345548009520678,1.0362208483104751,7.377353057161062e-09,13.0,1317.8080810546876,35.58932150444392,42.55029092981477,768.5964401258666,0.0
2458178.864484112,7318.7987223637165,9.663008011815727,6680.90928613385,14.39783816509912,6680.90928613385,14.39783816509912,18.373186708684216,0.0395955337034471,1.034922739088298,5.764275802269501e-09,13.0,3864.6677734375,47.01508770039979,42.55029092981477,768.5964401258666,0.0
2458180.8934964603,7323.753982663863,10.534331136997954,6686.364601212284,15.164423805954538,6686.364601212284,15.164423805954538,18.38818938544541,0.0417037229490136,1.0544031864381649,1.2315628605304822e-08,13.0,4042.250634765626,51.75619842803335,42.55029092981477,768.5964401258666,0.0
2458186.880387079,7415.1978791285965,15.535244988159223,6787.036460408081,20.361532995435127,6787.036460408081,20.361532995435127,18.66504733787319,0.0559963069962074,0.9708126791934528,1.0609277812929741e-08,13.0,5129.09951171875,55.56579439957604,42.55029092981477,768.5964401258666,0.0
2458195.850074288,7299.658084312742,7.17601304856659,6659.837091123783,12.308512930679889,6659.837091123783,12.308512930679889,18.315236008158266,0.0338496747218227,1.087937986687924,1.1773171590095638e-08,13.0,1249.2150146484375,38.15082874992292,42.55029092981477,768.5964401258666,0.0
2458203.829149154,7388.638926227885,10.36065275824169,6757.797339261935,15.622202761124717,6757.797339261935,15.622202761124717,18.58463675167784,0.0429626620925378,0.994918785305833,1.0047845794455134e-08,13.0,1352.6061767578126,39.85366894433894,42.55029092981477,768.5964401258666,0.0
2458208.816456907,7333.908698320194,10.704721563288613,6697.544069107359,15.398441455395114,6697.544069107359,15.398441455395114,18.41893407035922,0.0423472955200741,1.0315301966131312,4.699846564395257e-09,13.0,5885.6341796875,50.04764040206875,42.55029092981477,768.5964401258666,0.0
2458208.8305545254,7336.860360029257,11.310420918545791,6700.793594591902,15.940092639594086,6700.793594591902,15.940092639594086,18.427870599188623,0.0438368919076381,1.0359060886389493,6.450879291008665e-09,13.0,5302.2466796875,52.81193820276491,42.55029092981477,768.5964401258666,0.0
2458209.813150804,7320.825681106712,10.270363987041817,6683.140793244325,14.916931782764697,6683.140793244325,14.916931782764697,18.379323582427983,0.0410230944662389,1.0322119894776116,4.130444967218007e-09,13.0,5060.78017578125,49.69752419614024,42.55029092981477,768.5964401258666,0.0
2458213.802947455,7334.515416401384,12.027032079872056,6698.212013492953,16.544181404958078,6698.212013492953,16.544181404958078,18.420770986021743,0.045498198056142,1.0554547373237002,4.1652559807584126e-09,13.0,8347.1841796875,57.74995603438094,42.55029092981477,768.5964401258666,0.0
2458221.8995318064,7316.4995995536665,6.644601335548545,6678.378149811418,12.125365315497744,6678.378149811418,12.125365315497744,18.36622582383375,0.0333459999696485,1.0534546131100526,3.1071050795144822e-09,13.0,1221.0333740234375,32.35185169939466,42.55029092981477,768.5964401258666,0.0
2458223.776382317,7358.7507792606,7.251940761773758,6724.893062000797,12.997452052425464,6724.893062000797,12.997452052425464,18.49414660973146,0.0357443280650465,1.0457639849235736,1.236855136703948e-08,13.0,1234.8876708984376,31.179857469939027,42.55029092981477,768.5964401258666,0.0
2458224.8511393066,7305.04126062685,8.452768871888512,6665.763504901758,13.307321939313157,6665.763504901758,13.307321939313157,18.331534254728037,0.0365965020795931,1.06342407952467,5.878908629767253e-09,13.0,1272.7081787109375,43.63070794665484,42.55029092981477,768.5964401258666,0.0
2458225.9176829457,7336.13189755009,7.5390924698888435,6699.991620102987,12.950924252961586,6699.991620102987,12.950924252961586,18.42566508697623,0.0356163718378203,1.0306648802685017,5.620349964181476e-09,13.0,1344.8689208984374,34.246629332825904,42.55029092981477,768.5964401258666,0.0
2458226.863118391,7308.593711427574,7.030661816323574,6669.6744474647585,12.301587858629047,6669.6744474647585,12.301587858629047,18.342289748454924,0.033830630062434,1.0408564302064975,3.9039518454996165e-09,13.0,1182.0288330078124,34.73250275743095,42.55029092981477,768.5964401258666,0.0
2458229.8490675758,7348.739952052657,6.583866134615336,6713.872002902553,12.445440090441753,6713.872002902553,12.445440090441753,18.463837565278524,0.0342262384744568,1.0522607428799906,1.2436318972582232e-08,13.0,1188.526416015625,29.0124321371537,42.55029092981477,768.5964401258666,0.0
2458230.7997896965,7311.201581617624,5.983208938066631,6672.545488077889,11.640242865922703,6672.545488077889,11.640242865922703,18.350185405015147,0.0320118634081604,1.0260650149557062,1.2206697536537558e-08,13.0,1193.6424560546875,28.38462516482489,42.55029092981477,768.5964401258666,0.0
2458231.8253758973,7352.374870115574,18.59445780158224,6717.873734823058,22.856852407852102,6717.873734823058,22.856852407852102,18.474842739063185,0.0628586916655062,0.2477260281363024,9.97153084137309e-09,13.0,1133.972509765625,17.85654860578097,42.55029092981477,768.5964401258666,4.0
2458237.735405837,7057.750399311289,45.830460140404924,6393.517551555183,50.849434161397596,6393.517551555183,50.849434161397596,17.58282992163643,0.1398411665036916,0.2069620633474962,7.742191339442255e-09,13.0,28745.662109375,87.81764246976307,42.55029092981477,768.5964401258666,4.0
2458237.921299932,7283.101505233237,10.237757616305045,6641.609722624685,14.556627625103644,6641.609722624685,14.556627625103644,18.26510887271923,0.0400322210271456,1.033689903722731,6.334276607034443e-09,13.0,5857.4609375,54.80754352186336,42.55029092981477,768.5964401258666,0.0
2458238.7326415847,-3636224.1951565146,-3636224.1951565146,-3636224.1951565146,-3636224.1951565146,-3636224.1951565146,-3636224.1951565146,-9999.99,-9999.99,1.0596162297561365,-9999.99,13.0,-9999.99,-9999.99,-9999.99,-9999.99,3.0
2458239.9136560564,7475.927689712923,68.79140809791544,6853.894754690085,76.66445352194803,6853.894754690085,76.66445352194803,18.848914513920175,0.2108351211116526,0.5693226884078012,5.526658499282734e-09,13.0,27227.41875,126.41547048785516,42.55029092981477,768.5964401258666,6.0
2458245.7899165363,7338.102255961348,12.941144007007383,6702.160815119946,17.388556935520445,6702.160815119946,17.388556935520445,18.43163059606298,0.0478203174879184,1.0001616393730184,1.2288478069752036e-08,13.0,4471.2369140625,58.3812635601072,42.55029092981477,768.5964401258666,0.0
2458246.7123092194,7309.113724504062,6.1047132684790855,6670.246937103101,11.692930229987825,6670.246937103101,11.692930229987825,18.343864153758688,0.0321567590706664,1.017659197732708,1.2064596405445692e-08,13.0,1492.06943359375,28.95905632022824,42.55029092981477,768.5964401258666,0.0
2458246.881393527,7344.549215654572,11.0654246689268,6709.258362835752,15.798061137992814,6709.258362835752,15.798061137992814,18.45114958124468,0.0434462906906973,0.95532676794949,1.1634761387748748e-08,13.0,2007.10712890625,46.400551141774805,42.55029092981477,768.5964401258666,0.0
2458247.857419525,7374.844821712424,24.378609767715115,6742.611217484537,28.81279482046527,6742.611217484537,28.81279482046527,18.542873357078847,0.0792381450133062,0.2770346110237063,1.2333563130824442e-08,13.0,2602.76904296875,26.363753041771364,42.55029092981477,768.5964401258666,4.0
2458249.722265457,7338.372986828672,8.385092097869506,6702.458866502365,13.589467513140852,6702.458866502365,13.589467513140852,18.4324502679764,0.0373724313857617,1.031605927488926,5.998293916584449e-09,13.0,1279.7917724609374,38.21818693825471,42.55029092981477,768.5964401258666,0.0
2458250.7052307166,7406.252113415322,11.351714087237214,6777.187942342879,16.597827873662197,6777.187942342879,16.597827873662197,18.63796290168853,0.0456457313549114,0.9455963397653429,1.2382215135146872e-08,13.0,1256.6709716796877,39.5760462654393,42.55029092981477,768.5964401258666,0.0
2458254.6950384555,7290.652338050352,8.011555908057625,6649.922539636691,12.828340907023977,6649.922539636691,12.828340907023977,18.28796997328135,0.0352792550464037,1.0366921556305717,5.0303464327704174e-09,13.0,1161.324169921875,41.76063866676704,42.55029092981477,768.5964401258666,0.0
2458256.748684103,7310.5797231684,6.47802243070746,6671.86087545025,11.950073129734765,6671.86087545025,11.950073129734765,18.348302649975075,0.0328639284551795,1.041477275372536,1.244695652451238e-08,13.0,1220.2052001953125,31.556605240077864,42.55029092981477,768.5964401258666,0.0
2458257.823661177,7415.870336947923,12.36521253846769,6787.776778586973,17.538679061818545,6787.776778586973,17.538679061818545,18.667083288900532,0.048233168753734,0.8645653152237338,1.2440420254573705e-08,13.0,1230.1357666015624,38.51131591209832,42.55029092981477,768.5964401258666,0.0
2458258.791970033,7380.255914786932,10.181860590118209,6748.5683652128455,15.398165847212967,6748.5683652128455,15.398165847212967,18.559256125168595,0.0423465375692665,1.0152922576284331,1.2433139328033364e-08,13.0,1185.6052490234376,41.12066844511801,42.55029092981477,768.5964401258666,0.0
2458259.872361714,7348.54285561841,7.206546486613168,6713.6550166930465,12.854612359965767,6713.6550166930465,12.854612359965767,18.46324083091651,0.0353515042402387,1.0118573142715626,1.2236876375557886e-08,13.0,1346.3031005859375,30.759606135578192,42.55029092981477,768.5964401258666,0.0
2458264.667775121,7292.454450498904,8.064547121984234,6651.906510330079,12.88637947876349,6651.906510330079,12.88637947876349,18.293426096454567,0.0354388670796173,1.03328104765043,5.1434603141140046e-09,13.0,3338.0409179687504,41.70334663091092,42.55029092981477,768.5964401258666,0.0
2458271.6830260884,7336.395894813984,10.797254258447195,6700.282258367607,15.498651345002596,6700.282258367607,15.498651345002596,18.42646437205434,0.0426228830086868,1.0723780953532267,1.1898759686192666e-08,13.0,8143.070703124999,52.25613588904787,42.55029092981477,768.5964401258666,0.0
2458272.67193315,7343.3507578567305,12.66217832392181,6707.938963954679,17.180325532580373,6707.938963954679,17.180325532580373,18.44752109881108,0.0472476597431456,1.0769523808402683,3.6393931887231964e-09,13.0,8084.59091796875,60.75251040133966,42.55029092981477,768.5964401258666,0.0
2458273.839860876,7318.08824337455,9.568361556591606,6680.127109919536,14.314382059339277,6680.127109919536,14.314382059339277,18.371035643760383,0.0393660208411354,1.0352641006940349,1.1284076164964957e-08,13.0,3269.59111328125,46.651625372065325,42.55029092981477,768.5964401258666,0.0
2458274.806927489,7296.797599125395,7.330683081712238,6656.687943141848,12.38870797656245,6656.687943141848,12.38870797656245,18.30657552777045,0.0340702193345403,1.0630279818612294,5.243054646702622e-09,13.0,1823.9749023437496,38.370389169276514,42.55029092981477,768.5964401258666,0.0
2458277.8055521585,7298.520953533092,7.449943975116997,6658.585208011165,12.492447603838412,6658.585208011165,12.492447603838412,18.311793201022223,0.0343555139642678,1.0504480739068331,4.802302500539504e-09,13.0,1301.7087890625,38.38310696628921,42.55029092981477,768.5964401258666,0.0
2458278.7534798253,7280.93675713477,10.93318013299453,6639.22652129372,15.139238925399761,6639.22652129372,15.139238925399761,18.25855482428917,0.0416344619408408,0.3927290591707403,5.269970191902132e-09,13.0,1122.5685791015626,20.63685964149521,42.55029092981477,768.5964401258666,4.0
2458282.784826769,7322.706754156286,7.147261668085928,6685.21169276311,12.533606883531201,6685.21169276311,12.533606883531201,18.38501876879916,0.0344687062107424,1.027889506281631,5.623321748768124e-09,13.0,1171.8957275390626,33.51234425706319,42.55029092981477,768.5964401258666,0.0
2458285.612549944,7330.432716304926,7.7750147147245725,6693.717312095276,13.059144993310648,6693.717312095276,13.059144993310648,18.40841009554375,0.0359139899887376,0.9759171795684992,1.2430194472002473e-08,13.0,1180.34697265625,33.941279972237986,42.55029092981477,768.5964401258666,0.0
2458286.7579702637,7301.026958250657,7.199035609561376,6661.344103506912,12.339186226437896,6661.344103506912,12.339186226437896,18.31938044699163,0.0339340294354995,1.025286671716447,4.26094351916969e-09,13.0,1101.440771484375,35.8065923164132,42.55029092981477,768.5964401258666,0.0
2458287.723050886,7344.02876674653,6.781711823838957,6708.685393384373,12.520884702984347,6708.685393384373,12.520884702984347,18.449573856405785,0.0344337189075898,1.024312420052856,1.24395038823109e-08,13.0,1135.8902099609377,29.548726567690547,42.55029092981477,768.5964401258666,0.0
2458288.6392648863,7323.580196299731,8.028804309844457,6686.17327738362,13.173520603726963,6686.17327738362,13.173520603726963,18.387663225266422,0.0362285346644841,1.0308809189509631,6.261651563208776e-09,13.0,1141.45634765625,38.00679329579658,42.55029092981477,768.5964401258666,0.0
2458288.6855662926,7298.617684238642,6.524702137618854,6658.691700192117,11.849684699817841,6658.691700192117,11.849684699817841,18.312086065457265,0.0325878499623786,1.031232890742917,6.112818479743158e-09,13.0,1089.5221923828126,32.60900504641499,42.55029092981477,768.5964401258666,0.0
2458289.7793129086,7297.612590032073,7.732138458458077,6657.585177981733,12.689338310468306,6657.585177981733,12.689338310468306,18.309043015731845,0.0348969836294261,1.0100274537132463,6.155004621180288e-09,13.0,1157.5077392578123,38.36076531501833,42.55029092981477,768.5964401258666,0.0
2458291.620494654,7294.787102176209,9.012987792008037,6654.47455904945,13.648711679411894,6654.47455904945,13.648711679411894,18.300488494187757,0.0375353589277592,0.9246317521293376,5.078163861585258e-09,13.0,2253.6327148437504,41.42918959279911,42.55029092981477,768.5964401258666,0.0
2458292.789082392,7367.502908825399,12.004915248652534,6734.52840333329,16.804410073698374,6734.52840333329,16.804410073698374,18.52064478800657,0.0462138536223149,1.0138027255011584,1.2197556806515968e-08,13.0,2985.71650390625,50.632038976062894,42.55029092981477,768.5964401258666,0.0
2458293.584997672,7299.871135987158,90.0551712466901,6660.071642679409,99.59154009238269,6660.071642679409,99.59154009238269,18.31588104902618,0.2738869639377553,0.3034443260161269,7.98988995946705e-09,13.0,20053.525,138.03481098678398,42.55029092981477,768.5964401258666,6.0
2458299.753437452,7317.244319197695,33.49201874076257,6679.198022039548,38.12143609186278,6679.198022039548,38.12143609186278,18.368480556667198,0.1048378645662299,0.7599803851263214,7.69203683019261e-09,13.0,26516.503125000003,122.58348793221911,42.55029092981477,768.5964401258666,2.0
2458301.6663164035,7359.157802073108,14.837842390780908,6725.341159083873,19.291141920949034,6725.341159083873,19.291141920949034,18.495378922732336,0.0530526216054089,0.9662887048425116,1.2447804036459491e-08,13.0,4161.875,61.23743713110618,42.55029092981477,768.5964401258666,0.0
2458302.6419010097,-3636224.1951565146,-3636224.1951565146,-3636224.1951565146,-3636224.1951565146,-3636224.1951565146,-3636224.1951565146,-9999.99,-9999.99,-9999.99,-9999.99,13.0,-9999.99,-9999.99,-9999.99,-9999.99,5.0
2458303.569971492,7313.279160036797,6.193554157812685,6674.8327230948735,11.796170964654996,6674.8327230948735,11.796170964654996,18.35647553622541,0.0324406816944803,0.988812183774279,1.1168238573411107e-08,13.0,1195.0860107421877,28.12680135708835,42.55029092981477,768.5964401258666,0.0
2458303.755144374,0.0,0.0,0.0,0.0,0.0,0.0,0.0,0.0,0.0,0.0,13.0,0.0,0.0,0.0,0.0,5.0
2458308.548092579,7338.583604513983,6.9821276515387725,6702.690738445496,12.593703772177328,6702.690738445496,12.593703772177328,18.43308793963473,0.0346339788268514,0.9810361804396645,1.0756308087626904e-08,13.0,1108.4059814453126,29.574497312886084,42.55029092981477,768.5964401258666,0.0
2458310.5425069937,7297.125405302028,1.8692454967295824,6657.048829527196,9.62638293080923,6657.048829527196,9.62638293080923,18.307568002395485,0.0264735417503924,1.0007408323470777,3.870055012992956e-09,13.0,1075.226953125,1.4802920082146938,42.55029092981477,768.5964401258666,0.0
2458310.577595463,7299.649931136701,7.286596797628012,6659.828115178728,12.386919920280498,6659.828115178728,12.386919920280498,18.31521132338748,0.0340653019961202,1.0070203094973953,5.609677967770626e-09,13.0,1068.3215576171874,35.68800507715999,42.55029092981477,768.5964401258666,0.0
2458311.706271672,7317.040576929102,6.093957974042227,6678.973719338447,11.775708043859302,6678.973719338447,11.775708043859302,18.367863701201856,0.0323844065606202,0.990181564519052,1.2087304726653484e-08,13.0,1135.4954345703125,27.365683477025232,42.55029092981477,768.5964401258666,0.0
2458312.7159165405,7319.424332196435,6.543619599106292,6681.598028711821,12.091004818370829,6681.598028711821,12.091004818370829,18.375080821511872,0.0332515050735082,0.9964106736962268,4.7887571614763595e-09,13.0,1119.2640869140623,29.663747735735534,42.55029092981477,768.5964401258666,0.0
2458328.4859486413,7464.922093787731,22.332530936040662,6841.778540856456,27.25166212014405,6841.778540856456,27.25166212014405,18.81559368146557,0.0749448697491793,1.2167617793532153,1.2309886264325397e-08,13.0,6277.3904296875,89.60791740055234,42.55029092981477,768.5964401258666,0.0
2458329.500305217,7318.289493446523,5.949560840481329,6680.348668926674,11.700142059214889,6680.348668926674,11.700142059214889,18.371644953785527,0.0321765923417415,1.2558119319207652,1.1720624583147693e-08,13.0,1535.4116455078124,34.49057963218461,42.55029092981477,768.5964401258666,0.0
2458330.485980996,7304.210229193017,9.404629280465999,6664.848610822121,14.05237287081166,6664.848610822121,14.05237287081166,18.3290182020436,0.0386454686626767,0.5792056631946141,1.2136854933806067e-08,13.0,1322.265673828125,25.40573926735172,42.55029092981477,768.5964401258666,4.0
2458330.5212276992,7304.507083486505,6.499123052020867,6665.175421848238,11.897122546061764,6665.175421848238,11.897122546061764,18.32991696593099,0.0327183089117175,1.0493219773690636,1.2435672774119282e-08,13.0,1275.29697265625,32.51751707746044,42.55029092981477,768.5964401258666,0.0
2458331.653452961,7313.096215268632,7.410208581720475,6674.631316651648,12.615911832708864,6674.631316651648,12.615911832708864,18.35592164782082,0.034695053274222,1.2647223999263884,3.413883989571178e-09,13.0,1832.6497070312496,44.59453861991385,42.55029092981477,768.5964401258666,0.0
2458335.5192754515,7363.545680009444,7.96221055719935,6730.171835015808,13.542835614085293,6730.171835015808,13.542835614085293,18.50866377768625,0.0372441888739667,1.1696836904606451,1.1744935094011306e-08,13.0,1426.7193359375,38.19781808757592,42.55029092981477,768.5964401258666,0.0
2458339.5059471554,7335.273829790916,7.511477604374147,6699.046961356232,12.922316246304591,6699.046961356232,12.922316246304591,18.42306717840021,0.0355376968812896,1.237834275089032,7.475723241396884e-09,13.0,1224.2984375,41.58980850060696,42.55029092981477,768.5964401258666,0.0
2458340.593281378,7326.859660767386,6.778719277028465,6689.783685490547,12.328599028196729,6689.783685490547,12.328599028196729,18.39759221837231,0.0339049135529638,1.2399436393832914,7.951560510855848e-09,13.0,1117.6458740234375,38.21083534356421,42.55029092981477,768.5964401258666,0.0
2458347.542550837,7356.416947330297,7.8308183750428455,6722.323713924466,13.3734549685354,6722.323713924466,13.3734549685354,18.48708063863318,0.0367783747022364,1.260328575202195,7.373335806757158e-09,13.0,1533.466162109375,41.73223544855393,42.55029092981477,768.5964401258666,0.0
2458348.583620548,6900.81155025251,93.84917980401173,6220.741386872737,103.42837674778299,6220.741386872737,103.42837674778299,17.10767772355024,0.2844386588075995,0.0278730937822492,1.1555498063212548e-08,13.0,6300.29658203125,34.945719830783986,42.55029092981477,768.5964401258666,6.0
2458349.5829426656,-3636224.1951565146,-3636224.1951565146,-3636224.1951565146,-3636224.1951565146,-3636224.1951565146,-3636224.1951565146,-9999.99,-9999.99,-9999.99,-9999.99,13.0,-9999.99,-9999.99,-9999.99,-9999.99,5.0
2458352.598042359,7259.212151630596,21.125218889040386,6615.309600526418,24.897389005934198,6615.309600526418,24.897389005934198,18.19278083575942,0.0684703768863007,0.9574215978332404,1.2446162349980612e-08,13.0,21264.8515625,112.74985429431766,42.55029092981477,768.5964401258666,0.0
2458354.553317053,7401.514521808679,13.50931439581403,6771.9722617606885,18.41320582635825,6771.9722617606885,18.41320582635825,18.623619244403983,0.0506382071756713,1.147881483225324,1.2428745307427744e-08,13.0,5340.2794921875,59.22618044135557,42.55029092981477,768.5964401258666,0.0
2458355.6099793776,7407.7776712592,16.813573618246412,6778.8674502202875,21.503673352738925,6778.8674502202875,21.503673352738925,18.642581720847534,0.0591373102838616,1.2243717370756166,1.2431912135653835e-08,13.0,7572.994140625,78.17807754061474,42.55029092981477,768.5964401258666,0.0
2458357.593825523,7382.5779544143625,10.472404688768842,6751.124730978708,15.65456807144245,6751.124730978708,15.65456807144245,18.56628639357972,0.0430516700200345,1.1585947174296412,1.2277219062664751e-08,13.0,4281.746875,48.204872187051045,42.55029092981477,768.5964401258666,0.0
2458366.5667426363,7314.5145487693135,6.690896056039919,6676.192779756279,12.134422283506494,6676.192779756279,12.134422283506494,18.36021583173074,0.0333709075618807,1.25905266320149,4.3862456120519885e-09,13.0,1219.8648925781251,39.69987909996887,42.55029092981477,768.5964401258666,0.0
2458670.556887105,7304.782318688067,5.241055949666278,6665.478432114953,11.12259424213874,6665.478432114953,11.12259424213874,18.33075027528553,0.0305882765269531,2.1241953597893457,1.1424753192232688e-08,13.0,1418.8427001953123,54.42009205640248,42.55029092981477,768.5964401258666,0.0
2458671.6314803325,7308.044448642905,4.831707395035607,6669.069756415306,10.934786218090553,6669.069756415306,10.934786218090553,18.34062678596332,0.0300717851717437,2.0120224627073773,1.1346740988177275e-08,13.0,1386.661474609375,46.72185712516052,42.55029092981477,768.5964401258666,0.0
2458672.741011175,7332.593484436771,19.742871361293215,6696.096131825557,23.880627969883356,6696.096131825557,23.880627969883356,18.414952094121915,0.0656741796093447,0.2518077868076574,1.2400146150582641e-08,13.0,1367.912158203125,20.959099934123277,42.55029092981477,768.5964401258666,4.0
2458682.5481151324,-3636224.1951565146,-3636224.1951565146,-3636224.1951565146,-3636224.1951565146,-3636224.1951565146,-3636224.1951565146,-9999.99,-9999.99,-9999.99,-9999.99,13.0,-9999.99,-9999.99,-9999.99,-9999.99,5.0
2458684.5941680865,0.0,0.0,0.0,0.0,0.0,0.0,0.0,0.0,0.0,0.0,13.0,0.0,0.0,0.0,0.0,5.0
2458685.6247581327,7422.82032209317,42.625557489015854,6795.428114028762,48.2350834104731,6795.428114028762,48.2350834104731,18.68812524720618,0.1326514334282226,0.2556104532894482,4.861965277159056e-09,13.0,5438.3619140625,38.96648325438219,42.55029092981477,768.5964401258666,4.0
2458690.625397963,7329.928495518153,5.269899169365203,6693.162208408625,11.436619510619781,6693.162208408625,11.436619510619781,18.406883503392784,0.0314518782676655,2.114720299922125,1.2066889011604622e-08,13.0,1406.241650390625,50.81531284910536,42.55029092981477,768.5964401258666,0.0
2458691.5689825835,7312.929224549525,5.867630298215457,6674.4474742432385,11.588460362207293,6674.4474742432385,11.588460362207293,18.355416062315904,0.031869456204551,2.1281229949736167,9.931603242276951e-09,13.0,1345.376123046875,59.99388414695188,42.55029092981477,768.5964401258666,0.0
2458692.493694766,7356.141418844131,8.112412093442096,6722.020380776648,13.57247601108372,6722.020380776648,13.57247601108372,18.486246441322443,0.0373257030099694,1.0107237761102383,1.0544659338169133e-08,13.0,1662.5968017578125,34.111418321768674,42.55029092981477,768.5964401258666,0.0
2458692.5828966536,7352.520942068481,6.14698820090615,6718.034547470421,12.215393906303174,6718.034547470421,12.215393906303174,18.47528499035992,0.0335935878408715,2.004097172602251,1.045766966713692e-08,13.0,1435.6289794921877,53.034151323892935,42.55029092981477,768.5964401258666,0.0
2458696.5071584624,7309.657002167506,7.536838001709063,6670.845039049244,12.6706780037217,6670.845039049244,12.6706780037217,18.34550899553945,0.0348456658693409,0.9155864755476776,1.1411430638016108e-08,13.0,1718.5486328124998,32.36837647865007,42.55029092981477,768.5964401258666,0.0
2458698.604078526,7302.928564420727,5.449151847774199,6663.437608224023,11.221617709341388,6663.437608224023,11.221617709341388,18.325137799979903,0.0308606012320994,2.1580899067098813,1.1709998153797974e-08,13.0,1305.788256835937,57.893338720783866,42.55029092981477,768.5964401258666,0.0
2458699.6509509347,7321.121736740168,6.042861064387956,6683.466725014483,11.790208474627725,6683.466725014483,11.790208474627725,18.38021992827117,0.0324242842345197,2.106223783123938,1.2398184840241512e-08,13.0,1429.7434326171874,59.83685667979319,42.55029092981477,768.5964401258666,0.0
2458704.5180535223,0.0,0.0,0.0,0.0,0.0,0.0,0.0,0.0,0.0,0.0,13.0,0.0,0.0,0.0,0.0,5.0
2458711.626398,-3636224.1951565146,-3636224.1951565146,-3636224.1951565146,-3636224.1951565146,-3636224.1951565146,-3636224.1951565146,-9999.99,-9999.99,-9999.99,-9999.99,13.0,-9999.99,-9999.99,-9999.99,-9999.99,5.0
2458715.5871163933,7323.288016078505,5.680717231757408,6685.851612108745,11.595117080634399,6685.851612108745,11.595117080634399,18.38677861272345,0.0318877628639128,2.100186555971543,1.1603754411150584e-08,13.0,1452.0824951171876,55.58249400573351,42.55029092981477,768.5964401258666,0.0
2458718.523516809,7352.570334978961,6.298324862458576,6718.088924813484,12.309044776738736,6718.088924813484,12.309044776738736,18.475434533638243,0.0338511373531085,2.08024192822177,1.1887463796606966e-08,13.0,1467.38994140625,56.480782103500495,42.55029092981477,768.5964401258666,0.0
2458724.5726842773,7323.729123275424,5.349743537409308,6686.337233165323,11.40793630205992,6686.337233165323,11.40793630205992,18.3881141205054,0.0313729964981782,2.1373124742626235,1.2045827461544346e-08,13.0,1365.0518798828125,53.11141075885979,42.55029092981477,768.5964401258666,0.0
2458730.5758726816,7307.343486278286,5.259001624807946,6668.298057185486,11.162941755356856,6668.298057185486,11.162941755356856,18.338504533822903,0.0306992363322488,2.1087909805758747,1.1622762009769578e-08,13.0,2193.35546875,53.82072171249928,42.55029092981477,768.5964401258666,0.0
2458740.4915788104,0.0,0.0,0.0,0.0,0.0,0.0,0.0,0.0,0.0,0.0,13.0,0.0,0.0,0.0,0.0,5.0
2458740.49536059,7330.790040710318,7.072827424013099,6694.110695509783,12.569904642271725,6694.110695509783,12.569904642271725,18.40949194033661,0.0345685287752892,2.012488312317032,1.0622811854248238e-08,13.0,4062.84306640625,65.37683553139755,42.55029092981477,768.5964401258666,0.0
2458647.616406504,0.0,0.0,0.0,0.0,0.0,0.0,0.0,0.0,0.0,0.0,0.0,0.0,0.0,0.0,0.0,0.0
2458552.867885764,0.0,0.0,0.0,0.0,0.0,0.0,0.0,0.0,0.0,0.0,0.0,0.0,0.0,0.0,0.0,0.0
2458647.614069744,0.0,0.0,0.0,0.0,0.0,0.0,0.0,0.0,0.0,0.0,0.0,0.0,0.0,0.0,0.0,0.0
2458555.8599296613,0.0,0.0,0.0,0.0,0.0,0.0,0.0,0.0,0.0,0.0,0.0,0.0,0.0,0.0,0.0,0.0
2458657.588504917,0.0,0.0,0.0,0.0,0.0,0.0,0.0,0.0,0.0,0.0,0.0,0.0,0.0,0.0,0.0,0.0
2458559.849460519,0.0,0.0,0.0,0.0,0.0,0.0,0.0,0.0,0.0,0.0,0.0,0.0,0.0,0.0,0.0,0.0
2458661.63745112,0.0,0.0,0.0,0.0,0.0,0.0,0.0,0.0,0.0,0.0,0.0,0.0,0.0,0.0,0.0,0.0
2458575.8759615063,0.0,0.0,0.0,0.0,0.0,0.0,0.0,0.0,0.0,0.0,0.0,0.0,0.0,0.0,0.0,0.0
2458661.6492815814,0.0,0.0,0.0,0.0,0.0,0.0,0.0,0.0,0.0,0.0,0.0,0.0,0.0,0.0,0.0,0.0
2458580.8718094463,0.0,0.0,0.0,0.0,0.0,0.0,0.0,0.0,0.0,0.0,0.0,0.0,0.0,0.0,0.0,0.0
2458661.6611185623,0.0,0.0,0.0,0.0,0.0,0.0,0.0,0.0,0.0,0.0,0.0,0.0,0.0,0.0,0.0,0.0
2458582.7888955697,0.0,0.0,0.0,0.0,0.0,0.0,0.0,0.0,0.0,0.0,0.0,0.0,0.0,0.0,0.0,0.0
2457844.7254559137,0.0,0.0,0.0,0.0,0.0,0.0,0.0,0.0,0.0,0.0,0.0,0.0,0.0,0.0,0.0,0.0
2458582.789531801,0.0,0.0,0.0,0.0,0.0,0.0,0.0,0.0,0.0,0.0,0.0,0.0,0.0,0.0,0.0,0.0
2457844.738526806,0.0,0.0,0.0,0.0,0.0,0.0,0.0,0.0,0.0,0.0,0.0,0.0,0.0,0.0,0.0,0.0
2458583.7862710366,0.0,0.0,0.0,0.0,0.0,0.0,0.0,0.0,0.0,0.0,0.0,0.0,0.0,0.0,0.0,0.0
2457844.76789507,0.0,0.0,0.0,0.0,0.0,0.0,0.0,0.0,0.0,0.0,0.0,0.0,0.0,0.0,0.0,0.0
2458585.780962623,0.0,0.0,0.0,0.0,0.0,0.0,0.0,0.0,0.0,0.0,0.0,0.0,0.0,0.0,0.0,0.0
2457845.7229971485,0.0,0.0,0.0,0.0,0.0,0.0,0.0,0.0,0.0,0.0,0.0,0.0,0.0,0.0,0.0,0.0
2458587.775719412,0.0,0.0,0.0,0.0,0.0,0.0,0.0,0.0,0.0,0.0,0.0,0.0,0.0,0.0,0.0,0.0
2457846.852803362,0.0,0.0,0.0,0.0,0.0,0.0,0.0,0.0,0.0,0.0,0.0,0.0,0.0,0.0,0.0,0.0
2458589.812496925,0.0,0.0,0.0,0.0,0.0,0.0,0.0,0.0,0.0,0.0,0.0,0.0,0.0,0.0,0.0,0.0
2457847.7323333286,0.0,0.0,0.0,0.0,0.0,0.0,0.0,0.0,0.0,0.0,0.0,0.0,0.0,0.0,0.0,0.0
2458590.767999832,0.0,0.0,0.0,0.0,0.0,0.0,0.0,0.0,0.0,0.0,0.0,0.0,0.0,0.0,0.0,0.0
2457848.9091042355,0.0,0.0,0.0,0.0,0.0,0.0,0.0,0.0,0.0,0.0,0.0,0.0,0.0,0.0,0.0,0.0
2458604.730806024,0.0,0.0,0.0,0.0,0.0,0.0,0.0,0.0,0.0,0.0,0.0,0.0,0.0,0.0,0.0,0.0
2457849.781741467,0.0,0.0,0.0,0.0,0.0,0.0,0.0,0.0,0.0,0.0,0.0,0.0,0.0,0.0,0.0,0.0
2458605.7281495314,0.0,0.0,0.0,0.0,0.0,0.0,0.0,0.0,0.0,0.0,0.0,0.0,0.0,0.0,0.0,0.0
2457851.8264822424,0.0,0.0,0.0,0.0,0.0,0.0,0.0,0.0,0.0,0.0,0.0,0.0,0.0,0.0,0.0,0.0
2458606.725546228,0.0,0.0,0.0,0.0,0.0,0.0,0.0,0.0,0.0,0.0,0.0,0.0,0.0,0.0,0.0,0.0
2457864.876610231,0.0,0.0,0.0,0.0,0.0,0.0,0.0,0.0,0.0,0.0,0.0,0.0,0.0,0.0,0.0,0.0
2458608.8183278125,0.0,0.0,0.0,0.0,0.0,0.0,0.0,0.0,0.0,0.0,0.0,0.0,0.0,0.0,0.0,0.0
2457867.7865980207,0.0,0.0,0.0,0.0,0.0,0.0,0.0,0.0,0.0,0.0,0.0,0.0,0.0,0.0,0.0,0.0
2458611.7122057187,0.0,0.0,0.0,0.0,0.0,0.0,0.0,0.0,0.0,0.0,0.0,0.0,0.0,0.0,0.0,0.0
2457954.5661281967,0.0,0.0,0.0,0.0,0.0,0.0,0.0,0.0,0.0,0.0,0.0,0.0,0.0,0.0,0.0,0.0
2458613.7603766457,0.0,0.0,0.0,0.0,0.0,0.0,0.0,0.0,0.0,0.0,0.0,0.0,0.0,0.0,0.0,0.0
2457954.7640607674,0.0,0.0,0.0,0.0,0.0,0.0,0.0,0.0,0.0,0.0,0.0,0.0,0.0,0.0,0.0,0.0
2458617.848902221,0.0,0.0,0.0,0.0,0.0,0.0,0.0,0.0,0.0,0.0,0.0,0.0,0.0,0.0,0.0,0.0
2457955.614728736,0.0,0.0,0.0,0.0,0.0,0.0,0.0,0.0,0.0,0.0,0.0,0.0,0.0,0.0,0.0,0.0
2458618.693635182,0.0,0.0,0.0,0.0,0.0,0.0,0.0,0.0,0.0,0.0,0.0,0.0,0.0,0.0,0.0,0.0
2457956.559080869,0.0,0.0,0.0,0.0,0.0,0.0,0.0,0.0,0.0,0.0,0.0,0.0,0.0,0.0,0.0,0.0
2458618.881865384,0.0,0.0,0.0,0.0,0.0,0.0,0.0,0.0,0.0,0.0,0.0,0.0,0.0,0.0,0.0,0.0
2457958.5659726616,0.0,0.0,0.0,0.0,0.0,0.0,0.0,0.0,0.0,0.0,0.0,0.0,0.0,0.0,0.0,0.0
2458629.6642391016,0.0,0.0,0.0,0.0,0.0,0.0,0.0,0.0,0.0,0.0,0.0,0.0,0.0,0.0,0.0,0.0
2457960.648296416,0.0,0.0,0.0,0.0,0.0,0.0,0.0,0.0,0.0,0.0,0.0,0.0,0.0,0.0,0.0,0.0
2458631.748380803,0.0,0.0,0.0,0.0,0.0,0.0,0.0,0.0,0.0,0.0,0.0,0.0,0.0,0.0,0.0,0.0
2457965.581897168,0.0,0.0,0.0,0.0,0.0,0.0,0.0,0.0,0.0,0.0,0.0,0.0,0.0,0.0,0.0,0.0
2458635.808488004,0.0,0.0,0.0,0.0,0.0,0.0,0.0,0.0,0.0,0.0,0.0,0.0,0.0,0.0,0.0,0.0
2457968.53403497,0.0,0.0,0.0,0.0,0.0,0.0,0.0,0.0,0.0,0.0,0.0,0.0,0.0,0.0,0.0,0.0
2458635.810710518,0.0,0.0,0.0,0.0,0.0,0.0,0.0,0.0,0.0,0.0,0.0,0.0,0.0,0.0,0.0,0.0
2457968.6957984925,0.0,0.0,0.0,0.0,0.0,0.0,0.0,0.0,0.0,0.0,0.0,0.0,0.0,0.0,0.0,0.0
2458637.7116864463,0.0,0.0,0.0,0.0,0.0,0.0,0.0,0.0,0.0,0.0,0.0,0.0,0.0,0.0,0.0,0.0
2457969.745802142,0.0,0.0,0.0,0.0,0.0,0.0,0.0,0.0,0.0,0.0,0.0,0.0,0.0,0.0,0.0,0.0
2458638.6400454603,0.0,0.0,0.0,0.0,0.0,0.0,0.0,0.0,0.0,0.0,0.0,0.0,0.0,0.0,0.0,0.0
2457970.5503331604,0.0,0.0,0.0,0.0,0.0,0.0,0.0,0.0,0.0,0.0,0.0,0.0,0.0,0.0,0.0,0.0
2458639.799520174,0.0,0.0,0.0,0.0,0.0,0.0,0.0,0.0,0.0,0.0,0.0,0.0,0.0,0.0,0.0,0.0
2457971.4959249976,0.0,0.0,0.0,0.0,0.0,0.0,0.0,0.0,0.0,0.0,0.0,0.0,0.0,0.0,0.0,0.0
2458641.751783125,0.0,0.0,0.0,0.0,0.0,0.0,0.0,0.0,0.0,0.0,0.0,0.0,0.0,0.0,0.0,0.0
2457972.469630553,0.0,0.0,0.0,0.0,0.0,0.0,0.0,0.0,0.0,0.0,0.0,0.0,0.0,0.0,0.0,0.0
2458641.753898972,0.0,0.0,0.0,0.0,0.0,0.0,0.0,0.0,0.0,0.0,0.0,0.0,0.0,0.0,0.0,0.0
2457973.5503942897,0.0,0.0,0.0,0.0,0.0,0.0,0.0,0.0,0.0,0.0,0.0,0.0,0.0,0.0,0.0,0.0
2458642.6276331954,0.0,0.0,0.0,0.0,0.0,0.0,0.0,0.0,0.0,0.0,0.0,0.0,0.0,0.0,0.0,0.0
2457973.6825493667,0.0,0.0,0.0,0.0,0.0,0.0,0.0,0.0,0.0,0.0,0.0,0.0,0.0,0.0,0.0,0.0
2458642.6296929945,0.0,0.0,0.0,0.0,0.0,0.0,0.0,0.0,0.0,0.0,0.0,0.0,0.0,0.0,0.0,0.0
2457974.480565328,0.0,0.0,0.0,0.0,0.0,0.0,0.0,0.0,0.0,0.0,0.0,0.0,0.0,0.0,0.0,0.0
2458644.698821045,0.0,0.0,0.0,0.0,0.0,0.0,0.0,0.0,0.0,0.0,0.0,0.0,0.0,0.0,0.0,0.0
2457979.563621352,0.0,0.0,0.0,0.0,0.0,0.0,0.0,0.0,0.0,0.0,0.0,0.0,0.0,0.0,0.0,0.0
2458645.685081077,0.0,0.0,0.0,0.0,0.0,0.0,0.0,0.0,0.0,0.0,0.0,0.0,0.0,0.0,0.0,0.0
2457980.494535679,0.0,0.0,0.0,0.0,0.0,0.0,0.0,0.0,0.0,0.0,0.0,0.0,0.0,0.0,0.0,0.0
2458645.779636251,0.0,0.0,0.0,0.0,0.0,0.0,0.0,0.0,0.0,0.0,0.0,0.0,0.0,0.0,0.0,0.0
2458661.672934435,0.0,0.0,0.0,0.0,0.0,0.0,0.0,0.0,0.0,0.0,0.0,0.0,0.0,0.0,0.0,0.0
2457980.609630231,0.0,0.0,0.0,0.0,0.0,0.0,0.0,0.0,0.0,0.0,0.0,0.0,0.0,0.0,0.0,0.0
2458661.684762808,0.0,0.0,0.0,0.0,0.0,0.0,0.0,0.0,0.0,0.0,0.0,0.0,0.0,0.0,0.0,0.0
2457981.616437163,0.0,0.0,0.0,0.0,0.0,0.0,0.0,0.0,0.0,0.0,0.0,0.0,0.0,0.0,0.0,0.0
2457821.893601164,0.0,0.0,0.0,0.0,0.0,0.0,0.0,0.0,0.0,0.0,0.0,0.0,0.0,0.0,0.0,0.0
2458668.6918426817,0.0,0.0,0.0,0.0,0.0,0.0,0.0,0.0,0.0,0.0,0.0,0.0,0.0,0.0,0.0,0.0
2457983.6684725047,0.0,0.0,0.0,0.0,0.0,0.0,0.0,0.0,0.0,0.0,0.0,0.0,0.0,0.0,0.0,0.0
2457986.6016851203,0.0,0.0,0.0,0.0,0.0,0.0,0.0,0.0,0.0,0.0,0.0,0.0,0.0,0.0,0.0,0.0
2457989.689173711,0.0,0.0,0.0,0.0,0.0,0.0,0.0,0.0,0.0,0.0,0.0,0.0,0.0,0.0,0.0,0.0
2457990.646939025,0.0,0.0,0.0,0.0,0.0,0.0,0.0,0.0,0.0,0.0,0.0,0.0,0.0,0.0,0.0,0.0
2457993.583691772,0.0,0.0,0.0,0.0,0.0,0.0,0.0,0.0,0.0,0.0,0.0,0.0,0.0,0.0,0.0,0.0
2457995.4889002047,0.0,0.0,0.0,0.0,0.0,0.0,0.0,0.0,0.0,0.0,0.0,0.0,0.0,0.0,0.0,0.0
2457996.6637773025,0.0,0.0,0.0,0.0,0.0,0.0,0.0,0.0,0.0,0.0,0.0,0.0,0.0,0.0,0.0,0.0
2457997.5436212784,0.0,0.0,0.0,0.0,0.0,0.0,0.0,0.0,0.0,0.0,0.0,0.0,0.0,0.0,0.0,0.0
2457998.610497511,0.0,0.0,0.0,0.0,0.0,0.0,0.0,0.0,0.0,0.0,0.0,0.0,0.0,0.0,0.0,0.0
2457999.4772749497,0.0,0.0,0.0,0.0,0.0,0.0,0.0,0.0,0.0,0.0,0.0,0.0,0.0,0.0,0.0,0.0
2458000.6576469336,0.0,0.0,0.0,0.0,0.0,0.0,0.0,0.0,0.0,0.0,0.0,0.0,0.0,0.0,0.0,0.0
2458003.5624131686,0.0,0.0,0.0,0.0,0.0,0.0,0.0,0.0,0.0,0.0,0.0,0.0,0.0,0.0,0.0,0.0
2458004.548419162,0.0,0.0,0.0,0.0,0.0,0.0,0.0,0.0,0.0,0.0,0.0,0.0,0.0,0.0,0.0,0.0
2458005.4817873947,0.0,0.0,0.0,0.0,0.0,0.0,0.0,0.0,0.0,0.0,0.0,0.0,0.0,0.0,0.0,0.0
2458005.643804492,0.0,0.0,0.0,0.0,0.0,0.0,0.0,0.0,0.0,0.0,0.0,0.0,0.0,0.0,0.0,0.0
2458008.534154151,0.0,0.0,0.0,0.0,0.0,0.0,0.0,0.0,0.0,0.0,0.0,0.0,0.0,0.0,0.0,0.0
2458019.501346168,0.0,0.0,0.0,0.0,0.0,0.0,0.0,0.0,0.0,0.0,0.0,0.0,0.0,0.0,0.0,0.0
2458032.526174611,0.0,0.0,0.0,0.0,0.0,0.0,0.0,0.0,0.0,0.0,0.0,0.0,0.0,0.0,0.0,0.0
2458036.5148026748,0.0,0.0,0.0,0.0,0.0,0.0,0.0,0.0,0.0,0.0,0.0,0.0,0.0,0.0,0.0,0.0
2458042.49071956,0.0,0.0,0.0,0.0,0.0,0.0,0.0,0.0,0.0,0.0,0.0,0.0,0.0,0.0,0.0,0.0
2458045.515996936,0.0,0.0,0.0,0.0,0.0,0.0,0.0,0.0,0.0,0.0,0.0,0.0,0.0,0.0,0.0,0.0
2458047.508935201,0.0,0.0,0.0,0.0,0.0,0.0,0.0,0.0,0.0,0.0,0.0,0.0,0.0,0.0,0.0,0.0
2458166.839588701,0.0,0.0,0.0,0.0,0.0,0.0,0.0,0.0,0.0,0.0,0.0,0.0,0.0,0.0,0.0,0.0
2458173.882463368,0.0,0.0,0.0,0.0,0.0,0.0,0.0,0.0,0.0,0.0,0.0,0.0,0.0,0.0,0.0,0.0
2458174.8575385977,0.0,0.0,0.0,0.0,0.0,0.0,0.0,0.0,0.0,0.0,0.0,0.0,0.0,0.0,0.0,0.0
2458175.832851104,0.0,0.0,0.0,0.0,0.0,0.0,0.0,0.0,0.0,0.0,0.0,0.0,0.0,0.0,0.0,0.0
2458178.860311557,0.0,0.0,0.0,0.0,0.0,0.0,0.0,0.0,0.0,0.0,0.0,0.0,0.0,0.0,0.0,0.0
2458180.889368589,0.0,0.0,0.0,0.0,0.0,0.0,0.0,0.0,0.0,0.0,0.0,0.0,0.0,0.0,0.0,0.0
2458186.8762674425,0.0,0.0,0.0,0.0,0.0,0.0,0.0,0.0,0.0,0.0,0.0,0.0,0.0,0.0,0.0,0.0
2458195.845944459,0.0,0.0,0.0,0.0,0.0,0.0,0.0,0.0,0.0,0.0,0.0,0.0,0.0,0.0,0.0,0.0
2458203.8249883573,0.0,0.0,0.0,0.0,0.0,0.0,0.0,0.0,0.0,0.0,0.0,0.0,0.0,0.0,0.0,0.0
2458208.8123318357,0.0,0.0,0.0,0.0,0.0,0.0,0.0,0.0,0.0,0.0,0.0,0.0,0.0,0.0,0.0,0.0
2458208.826434181,0.0,0.0,0.0,0.0,0.0,0.0,0.0,0.0,0.0,0.0,0.0,0.0,0.0,0.0,0.0,0.0
2458209.8090363373,0.0,0.0,0.0,0.0,0.0,0.0,0.0,0.0,0.0,0.0,0.0,0.0,0.0,0.0,0.0,0.0
2458213.798826636,0.0,0.0,0.0,0.0,0.0,0.0,0.0,0.0,0.0,0.0,0.0,0.0,0.0,0.0,0.0,0.0
2458221.8954156586,0.0,0.0,0.0,0.0,0.0,0.0,0.0,0.0,0.0,0.0,0.0,0.0,0.0,0.0,0.0,0.0
2458223.772262026,0.0,0.0,0.0,0.0,0.0,0.0,0.0,0.0,0.0,0.0,0.0,0.0,0.0,0.0,0.0,0.0
2458224.8470144807,0.0,0.0,0.0,0.0,0.0,0.0,0.0,0.0,0.0,0.0,0.0,0.0,0.0,0.0,0.0,0.0
2458225.913556989,0.0,0.0,0.0,0.0,0.0,0.0,0.0,0.0,0.0,0.0,0.0,0.0,0.0,0.0,0.0,0.0
2458226.858986996,0.0,0.0,0.0,0.0,0.0,0.0,0.0,0.0,0.0,0.0,0.0,0.0,0.0,0.0,0.0,0.0
2458229.844929598,0.0,0.0,0.0,0.0,0.0,0.0,0.0,0.0,0.0,0.0,0.0,0.0,0.0,0.0,0.0,0.0
2458230.7956569446,0.0,0.0,0.0,0.0,0.0,0.0,0.0,0.0,0.0,0.0,0.0,0.0,0.0,0.0,0.0,0.0
2458231.821257727,0.0,0.0,0.0,0.0,0.0,0.0,0.0,0.0,0.0,0.0,0.0,0.0,0.0,0.0,0.0,0.0
2458249.7181413434,0.0,0.0,0.0,0.0,0.0,0.0,0.0,0.0,0.0,0.0,0.0,0.0,0.0,0.0,0.0,0.0
2458250.7011056184,0.0,0.0,0.0,0.0,0.0,0.0,0.0,0.0,0.0,0.0,0.0,0.0,0.0,0.0,0.0,0.0
2458251.6981181465,0.0,0.0,0.0,0.0,0.0,0.0,0.0,0.0,0.0,0.0,0.0,0.0,0.0,0.0,0.0,0.0
2458254.690923407,0.0,0.0,0.0,0.0,0.0,0.0,0.0,0.0,0.0,0.0,0.0,0.0,0.0,0.0,0.0,0.0
2458256.744556564,0.0,0.0,0.0,0.0,0.0,0.0,0.0,0.0,0.0,0.0,0.0,0.0,0.0,0.0,0.0,0.0
2458257.8195387283,0.0,0.0,0.0,0.0,0.0,0.0,0.0,0.0,0.0,0.0,0.0,0.0,0.0,0.0,0.0,0.0
2458258.7878457583,0.0,0.0,0.0,0.0,0.0,0.0,0.0,0.0,0.0,0.0,0.0,0.0,0.0,0.0,0.0,0.0
2458259.86824281,0.0,0.0,0.0,0.0,0.0,0.0,0.0,0.0,0.0,0.0,0.0,0.0,0.0,0.0,0.0,0.0
2458264.663624965,0.0,0.0,0.0,0.0,0.0,0.0,0.0,0.0,0.0,0.0,0.0,0.0,0.0,0.0,0.0,0.0
2458274.802803138,0.0,0.0,0.0,0.0,0.0,0.0,0.0,0.0,0.0,0.0,0.0,0.0,0.0,0.0,0.0,0.0
2458277.80143037,0.0,0.0,0.0,0.0,0.0,0.0,0.0,0.0,0.0,0.0,0.0,0.0,0.0,0.0,0.0,0.0
2458278.7493462823,0.0,0.0,0.0,0.0,0.0,0.0,0.0,0.0,0.0,0.0,0.0,0.0,0.0,0.0,0.0,0.0
2458282.7807068955,0.0,0.0,0.0,0.0,0.0,0.0,0.0,0.0,0.0,0.0,0.0,0.0,0.0,0.0,0.0,0.0
2458285.60837576,0.0,0.0,0.0,0.0,0.0,0.0,0.0,0.0,0.0,0.0,0.0,0.0,0.0,0.0,0.0,0.0
2458286.728118793,0.0,0.0,0.0,0.0,0.0,0.0,0.0,0.0,0.0,0.0,0.0,0.0,0.0,0.0,0.0,0.0
2458286.753856549,0.0,0.0,0.0,0.0,0.0,0.0,0.0,0.0,0.0,0.0,0.0,0.0,0.0,0.0,0.0,0.0
2458287.718929631,0.0,0.0,0.0,0.0,0.0,0.0,0.0,0.0,0.0,0.0,0.0,0.0,0.0,0.0,0.0,0.0
2458288.635127142,0.0,0.0,0.0,0.0,0.0,0.0,0.0,0.0,0.0,0.0,0.0,0.0,0.0,0.0,0.0,0.0
2458288.681447073,0.0,0.0,0.0,0.0,0.0,0.0,0.0,0.0,0.0,0.0,0.0,0.0,0.0,0.0,0.0,0.0
2458289.7751929364,0.0,0.0,0.0,0.0,0.0,0.0,0.0,0.0,0.0,0.0,0.0,0.0,0.0,0.0,0.0,0.0
2458303.565839518,0.0,0.0,0.0,0.0,0.0,0.0,0.0,0.0,0.0,0.0,0.0,0.0,0.0,0.0,0.0,0.0
2458303.75102337,0.0,0.0,0.0,0.0,0.0,0.0,0.0,0.0,0.0,0.0,0.0,0.0,0.0,0.0,0.0,0.0
2458308.543967887,0.0,0.0,0.0,0.0,0.0,0.0,0.0,0.0,0.0,0.0,0.0,0.0,0.0,0.0,0.0,0.0
2458310.5383696994,0.0,0.0,0.0,0.0,0.0,0.0,0.0,0.0,0.0,0.0,0.0,0.0,0.0,0.0,0.0,0.0
2458310.573454238,0.0,0.0,0.0,0.0,0.0,0.0,0.0,0.0,0.0,0.0,0.0,0.0,0.0,0.0,0.0,0.0
2458311.702150837,0.0,0.0,0.0,0.0,0.0,0.0,0.0,0.0,0.0,0.0,0.0,0.0,0.0,0.0,0.0,0.0
2458312.711798861,0.0,0.0,0.0,0.0,0.0,0.0,0.0,0.0,0.0,0.0,0.0,0.0,0.0,0.0,0.0,0.0
2458329.4961920567,0.0,0.0,0.0,0.0,0.0,0.0,0.0,0.0,0.0,0.0,0.0,0.0,0.0,0.0,0.0,0.0
2458330.4818714405,0.0,0.0,0.0,0.0,0.0,0.0,0.0,0.0,0.0,0.0,0.0,0.0,0.0,0.0,0.0,0.0
2458330.5171005665,0.0,0.0,0.0,0.0,0.0,0.0,0.0,0.0,0.0,0.0,0.0,0.0,0.0,0.0,0.0,0.0
2458331.5922895693,0.0,0.0,0.0,0.0,0.0,0.0,0.0,0.0,0.0,0.0,0.0,0.0,0.0,0.0,0.0,0.0
2458331.64932692,0.0,0.0,0.0,0.0,0.0,0.0,0.0,0.0,0.0,0.0,0.0,0.0,0.0,0.0,0.0,0.0
2458333.5787552414,0.0,0.0,0.0,0.0,0.0,0.0,0.0,0.0,0.0,0.0,0.0,0.0,0.0,0.0,0.0,0.0
2458335.5151353283,0.0,0.0,0.0,0.0,0.0,0.0,0.0,0.0,0.0,0.0,0.0,0.0,0.0,0.0,0.0,0.0
2458339.501819744,0.0,0.0,0.0,0.0,0.0,0.0,0.0,0.0,0.0,0.0,0.0,0.0,0.0,0.0,0.0,0.0
2458340.589167612,0.0,0.0,0.0,0.0,0.0,0.0,0.0,0.0,0.0,0.0,0.0,0.0,0.0,0.0,0.0,0.0
2458366.5626248294,0.0,0.0,0.0,0.0,0.0,0.0,0.0,0.0,0.0,0.0,0.0,0.0,0.0,0.0,0.0,0.0
2458670.552940308,0.0,0.0,0.0,0.0,0.0,0.0,0.0,0.0,0.0,0.0,0.0,0.0,0.0,0.0,0.0,0.0
2458671.548511097,0.0,0.0,0.0,0.0,0.0,0.0,0.0,0.0,0.0,0.0,0.0,0.0,0.0,0.0,0.0,0.0
2458671.6275488595,0.0,0.0,0.0,0.0,0.0,0.0,0.0,0.0,0.0,0.0,0.0,0.0,0.0,0.0,0.0,0.0
2458672.7370745023,0.0,0.0,0.0,0.0,0.0,0.0,0.0,0.0,0.0,0.0,0.0,0.0,0.0,0.0,0.0,0.0
2458685.62081297,0.0,0.0,0.0,0.0,0.0,0.0,0.0,0.0,0.0,0.0,0.0,0.0,0.0,0.0,0.0,0.0
2458690.6214458174,0.0,0.0,0.0,0.0,0.0,0.0,0.0,0.0,0.0,0.0,0.0,0.0,0.0,0.0,0.0,0.0
2458691.565042328,0.0,0.0,0.0,0.0,0.0,0.0,0.0,0.0,0.0,0.0,0.0,0.0,0.0,0.0,0.0,0.0
2458692.489750894,0.0,0.0,0.0,0.0,0.0,0.0,0.0,0.0,0.0,0.0,0.0,0.0,0.0,0.0,0.0,0.0
2458692.578948617,0.0,0.0,0.0,0.0,0.0,0.0,0.0,0.0,0.0,0.0,0.0,0.0,0.0,0.0,0.0,0.0
2458696.503214508,0.0,0.0,0.0,0.0,0.0,0.0,0.0,0.0,0.0,0.0,0.0,0.0,0.0,0.0,0.0,0.0
2458698.6001349757,0.0,0.0,0.0,0.0,0.0,0.0,0.0,0.0,0.0,0.0,0.0,0.0,0.0,0.0,0.0,0.0
2458699.647006623,0.0,0.0,0.0,0.0,0.0,0.0,0.0,0.0,0.0,0.0,0.0,0.0,0.0,0.0,0.0,0.0
2458715.583164916,0.0,0.0,0.0,0.0,0.0,0.0,0.0,0.0,0.0,0.0,0.0,0.0,0.0,0.0,0.0,0.0
2458718.517323599,0.0,0.0,0.0,0.0,0.0,0.0,0.0,0.0,0.0,0.0,0.0,0.0,0.0,0.0,0.0,0.0
2458718.519570709,0.0,0.0,0.0,0.0,0.0,0.0,0.0,0.0,0.0,0.0,0.0,0.0,0.0,0.0,0.0,0.0
2458724.5687172613,0.0,0.0,0.0,0.0,0.0,0.0,0.0,0.0,0.0,0.0,0.0,0.0,0.0,0.0,0.0,0.0
2457925.545794676,7346.09249087579,8.731398998176322,6303.728966892383,13.93512523404329,6303.728966892383,13.93512523404329,17.72513506141924,0.0425843085762691,1.52075888895586,2.716292596868882e-09,13.0,1639.3962158203126,36.24727487588359,30.01116148822473,669.5135796015334,0.0
2457872.8842171347,7338.898075309796,8.381969955308694,6295.653178728385,13.591526749762021,6295.653178728385,13.591526749762021,17.70264873063804,0.0417143502472767,1.9588019311551068,3.486934213312474e-09,13.0,1828.423828125,44.58108703076406,30.01116148822473,669.5135796015334,0.0
2457925.508507837,7266.578614053177,47.837979879272375,6214.474013598721,54.42198731800594,6214.474013598721,54.42198731800594,17.476612395536375,0.1525456248768868,0.0888830685439108,4.170465112200272e-09,13.0,1120.1583740234375,21.383454518802907,30.01116148822473,669.5135796015334,4.0
2457873.724371676,7333.395467704624,8.12659694666678,6289.476458331661,13.340275591820385,6289.476458331661,13.340275591820385,17.685450189125657,0.0410806483449414,1.9422456012562943,2.8816208478074524e-09,13.0,1844.269921875,41.65777465464661,30.01116148822473,669.5135796015334,0.0
2457925.643029889,7340.717711630931,16.471422821976034,6297.6957348373835,20.941394353222364,6297.6957348373835,20.941394353222364,17.708336050732797,0.0608924092267031,0.4004729036536885,2.860721359605603e-09,13.0,1213.355517578125,26.184833807572048,30.01116148822473,669.5135796015334,4.0
2457874.91860366,7349.232112882308,8.5857985043466,6307.253217334571,13.851268845431798,6307.253217334571,13.851268845431798,17.734948030703418,0.0423717125314931,1.9261541357458036,3.4454780569649143e-09,13.0,2252.61689453125,43.44711900858209,30.01116148822473,669.5135796015334,0.0
2457925.670795958,7670.764105205144,461.28446704915507,6668.175412352403,517.998445889284,6668.175412352403,517.998445889284,18.73990453756539,1.4424286785975726,0.0267495159188038,1.6903323879121376e-09,13.0,788.8207153320312,22.763623006641687,30.01116148822473,669.5135796015334,4.0
2457889.8991530123,7313.244924246746,11.568978466815432,6266.85731451621,16.068200560425648,6266.85731451621,16.068200560425648,17.62246914758603,0.0480580305271213,1.7064384450477812,3.181643735274855e-09,13.0,9711.334375,84.90503122456485,30.01116148822473,669.5135796015334,0.0
2457925.715946326,7300.2448986403115,20.62514777749022,6252.264683334261,24.945886085483732,6252.264683334261,24.945886085483732,17.58183723339243,0.0716414238651785,0.1988041176491462,3.952253004241741e-09,13.0,1014.5428833007812,16.991952870945592,30.01116148822473,669.5135796015334,4.0
2457890.7727167187,7321.8478464741775,8.975955282142818,6276.514162506548,13.901800709136218,6276.514162506548,13.901800709136218,17.649357802142703,0.0424994821382281,1.8876274173077123,4.171572895244766e-09,13.0,6941.04755859375,57.780876965699264,30.01116148822473,669.5135796015334,0.0
2457925.7680382943,7354.357340195499,15.09448722038465,6313.006325379835,19.683868402505944,6313.006325379835,19.683868402505944,17.75096706041281,0.0575484430762123,0.6333837166062941,2.624867735505097e-09,13.0,1448.6130615234374,37.51022389156744,30.01116148822473,669.5135796015334,4.0
2457893.683691638,7346.639377781624,9.195072500952879,6304.342851753595,14.311123899422306,6304.342851753595,14.311123899422306,17.726844370500963,0.0435403793729247,1.8230566384452984,2.508793653708736e-09,13.0,1901.501416015625,50.77766389654936,30.01116148822473,669.5135796015334,0.0
2457957.6724166176,7363.904865432111,12.033742219144264,6323.72349769134,16.89552245360662,6323.72349769134,16.89552245360662,17.78080809595532,0.0502102030513937,0.591417325647896,4.065567550235393e-09,13.0,526.785302734375,22.752733758539307,30.01116148822473,669.5135796015334,0.0
2457894.846685908,7346.405426657271,9.52569072903452,6304.080239773001,14.57889248736159,6304.080239773001,14.57889248736159,17.726113150248178,0.0442237492021427,1.916242281130329,2.233958620797758e-09,13.0,1788.9222412109375,58.174191841858,30.01116148822473,669.5135796015334,0.0
2457957.7820219686,7355.796332253857,13.206707644470432,6314.621605304431,17.90333245474168,6314.621605304431,17.90333245474168,17.755464667079938,0.0528484209325535,0.5293061908792884,3.9802935710834566e-09,13.0,521.611669921875,24.617303728704925,30.01116148822473,669.5135796015334,0.0
2457895.723393817,7340.243390932485,9.9879507826773,6297.163306115792,14.908396702846492,6297.163306115792,14.908396702846492,17.706853549197582,0.0450673086503465,1.3493745932058034,1.6649830348316935e-09,13.0,1694.1097412109375,45.93126382554092,30.01116148822473,669.5135796015334,0.0
2457958.790465685,7364.502915917323,12.145531765735809,6324.394814073561,17.00089689887048,6324.394814073561,17.00089689887048,17.782677318119514,0.050485219464929,0.6055329518589097,2.2277557574819674e-09,13.0,636.3455078125,23.80619225463816,30.01116148822473,669.5135796015334,0.0
2457917.5718970187,7293.322696199869,10.63831125066995,6244.494456548697,15.072724762694804,6244.494456548697,15.072724762694804,17.560201711732265,0.0454886362768947,1.6942609467539032,3.382689284575486e-09,13.0,10969.478125,80.1147186229461,30.01116148822473,669.5135796015334,0.0
2457959.4884785367,7354.177000641701,10.78495891877366,6312.803892809641,15.712328196147595,6312.803892809641,15.712328196147595,17.750403404501846,0.0471373786355441,0.6321041954401566,2.7680864731558304e-09,13.0,630.561279296875,20.64362645806026,30.01116148822473,669.5135796015334,0.0
2457917.616974608,7285.157248297393,12.416319982072615,6235.3286769353745,16.63907353178177,6235.3286769353745,16.63907353178177,17.534680394423365,0.0495410233503685,1.716307440356657,3.863361522703903e-09,13.0,11229.5744140625,103.96353094252166,30.01116148822473,669.5135796015334,0.0
2457959.654937097,7338.750352909299,9.91800956765075,6295.487359169791,14.83607085586258,6295.487359169791,14.83607085586258,17.70218702047814,0.044881864963885,0.6477731534577257,3.635469193030015e-09,13.0,546.49453125,19.08216646581451,30.01116148822473,669.5135796015334,0.0
2457917.6290966566,7309.142732858706,10.798491956179403,6262.252572358327,15.343916802311247,6262.252572358327,15.343916802311247,17.60964764295745,0.0461863720542549,1.7173351417886351,2.7597396284950996e-09,13.0,11199.9408203125,78.1493724635218,30.01116148822473,669.5135796015334,0.0
2457959.727932119,7367.0065890450705,11.86237062168306,6327.205206888119,16.76786871580813,6327.205206888119,16.76786871580813,17.790502612836256,0.0498773695171764,0.6219554436494917,2.0826962892352067e-09,13.0,562.8250732421875,23.24821053025461,30.01116148822473,669.5135796015334,0.0
2457917.684207624,7277.601423178708,11.49707318330867,6226.847203700609,15.727613941778523,6226.847203700609,15.727613941778523,17.51106446879531,0.0471761444229442,1.71907497148873,3.972718349720953e-09,13.0,11039.2193359375,96.32568150333132,30.01116148822473,669.5135796015334,0.0
2457960.4675069824,7340.941709917752,13.334846665870705,6297.947174679422,17.910961067172817,6297.947174679422,17.910961067172817,17.709036163136055,0.0528682961365843,0.6133791065283843,4.0900212964154996e-09,13.0,1617.409228515625,31.65508715693081,30.01116148822473,669.5135796015334,0.0
2457917.709011806,7319.070083384261,11.967816609536925,6273.396101549658,16.477270998252315,6273.396101549658,16.477270998252315,17.640675832203836,0.0491202377501132,1.737593671887982,4.126039781035884e-09,13.0,10990.9544921875,88.92106387766951,30.01116148822473,669.5135796015334,0.0
2457960.4746388923,7329.629163647477,12.475128272020441,6285.248752349468,17.025205960585122,6285.248752349468,17.025205960585122,17.673678508983638,0.0505482981214293,0.4953406522150036,2.1730155815108596e-09,13.0,858.6446533203125,22.92902150436517,30.01116148822473,669.5135796015334,0.0
2457917.7645391044,7320.730895145921,9.080752219949472,6275.260375839127,13.977014585547234,6275.260375839127,13.977014585547234,17.645866742055425,0.0426903020730315,1.7096051556870575,3.653651682085025e-09,13.0,5566.11513671875,53.662627215645024,30.01116148822473,669.5135796015334,0.0
2457960.595935764,7332.880187906636,9.960358042341657,6288.898052698074,14.81954383082653,6288.898052698074,14.81954383082653,17.683839668871975,0.0448394438424219,0.6714576338378231,1.7206607330668923e-09,13.0,546.238720703125,21.039412451634888,30.01116148822473,669.5135796015334,0.0
2457917.806207211,7324.048525389515,12.366742790487734,6278.98444193011,16.88236500971432,6278.98444193011,16.88236500971432,17.656236080660207,0.0501754354144668,1.7167881332518542,3.4117355450082718e-09,13.0,11163.543359375,90.3707178579169,30.01116148822473,669.5135796015334,0.0
2457960.602890779,7331.682722285492,9.558349315321017,6287.553888102446,14.471264455730756,6287.553888102446,14.471264455730756,17.68009695929269,0.0439486472871469,0.6907797203644407,4.127085782155762e-09,13.0,558.6509887695313,19.815706506592228,30.01116148822473,669.5135796015334,0.0
2457917.8513232307,7311.939434625191,11.539608598019276,6265.3918921289005,16.031258876840273,6265.3918921289005,16.031258876840273,17.618388806216757,0.0479622728934504,1.6942623980774516,4.158707488665493e-09,13.0,11464.9494140625,84.42758826060307,30.01116148822473,669.5135796015334,0.0
2457960.7587699327,7345.2576858861685,10.782590506856478,6302.791891713373,15.633239815619309,6302.791891713373,15.633239815619309,17.72252585696586,0.0469329522121508,0.6843861744887045,2.695738502276871e-09,13.0,565.0728759765625,24.05367143598611,30.01116148822473,669.5135796015334,0.0
2457918.52859258,7352.665518631019,9.160926531492164,6311.107242342343,14.34049390892004,6311.107242342343,14.34049390892004,17.745679228625395,0.0436153151668105,1.405544525056068,4.113068596513031e-09,13.0,1949.667163085937,36.42021257241044,30.01116148822473,669.5135796015334,0.0
2457960.786915736,7339.604447723584,10.645082276544516,6296.446087329,15.46526548282928,6296.446087329,15.46526548282928,17.704856515774384,0.046499421934509,0.6508916687204287,3.9343071619414094e-09,13.0,638.1510131835937,22.750140459756885,30.01116148822473,669.5135796015334,0.0
2457918.69531597,7291.420399347726,11.941137012524365,6242.3591133422915,16.24160010900246,6242.3591133422915,16.24160010900246,17.554256034023087,0.0485076545083045,1.3333390083084902,3.1675760314805787e-09,13.0,6242.793359375,74.61785162004274,30.01116148822473,669.5135796015334,0.0
2457961.470934918,7395.193827756159,18.176093069363194,6358.845604453538,22.982119778058735,6358.845604453538,22.982119778058735,17.87860255196994,0.0663543414099635,0.5911488145840547,3.081449822848124e-09,13.0,971.02197265625,38.88542354839152,30.01116148822473,669.5135796015334,0.0
2457918.8202344025,7235.125970205499,26.41256936247727,6179.168173036454,30.82520214145744,6179.168173036454,30.82520214145744,17.378306348712275,0.0876049059686409,0.555462023740056,3.9637811079670336e-09,13.0,10544.18359375,90.61016569485854,30.01116148822473,669.5135796015334,4.0
2457961.56121768,7350.866625508937,11.35250271400082,6309.087970637734,16.18046951977399,6309.087970637734,16.18046951977399,17.74005674193247,0.0483495895663287,0.68963329379443,3.768203506730847e-09,13.0,642.349853515625,26.245379152977936,30.01116148822473,669.5135796015334,0.0
2457918.8374368995,7200.553012289524,24.388471583597784,6140.359755344808,28.520419351263254,6140.359755344808,28.520419351263254,17.270247680061228,0.0813275659849439,0.5894615823442196,3.441685358500402e-09,13.0,10728.03046875,96.94883706568244,30.01116148822473,669.5135796015334,4.0
2457961.599624541,7343.74835738015,11.574169761730644,6301.09765857203,16.3184589191484,6301.09765857203,16.3184589191484,17.71780841192358,0.0487077291562672,0.5466609928892368,4.154408176632779e-09,13.0,613.0840209960937,21.0612501388927,30.01116148822473,669.5135796015334,0.0
2457918.8791044634,-3636224.1951565146,-3636224.1951565146,-3636224.1951565146,-3636224.1951565146,-3636224.1951565146,-3636224.1951565146,0.0,0.0,-9999.99,-9999.99,13.0,-9999.99,-9999.99,-9999.99,-9999.99,5.0
2457961.644529401,7381.207607731299,15.767432029410484,6343.145962265813,20.52122298970108,6343.145962265813,20.52122298970108,17.83488826177181,0.0597734754515678,0.4328479133858573,1.955301487499044e-09,13.0,601.0298583984375,23.02574716464624,30.01116148822473,669.5135796015334,0.0
2457919.657867042,7382.612149424083,34.043952172379434,6344.722571383595,39.605822187627915,6344.722571383595,39.605822187627915,17.839278192935822,0.1116664334388954,0.2192454736136851,2.915365740768186e-09,13.0,3926.328857421875,29.19395623182468,30.01116148822473,669.5135796015334,4.0
2457919.6739402525,7333.1118347498,37.82846045517871,6289.158078104876,43.563276977665964,6289.158078104876,43.563276977665964,17.684563687034675,0.1225606963046718,0.196894473411735,2.8059048225918927e-09,13.0,4795.5697265625,34.070309846294016,30.01116148822473,669.5135796015334,4.0
2457919.722388083,7527.2443582351825,131.6434490614358,6507.073365459373,148.29292240059766,6507.073365459373,148.29292240059766,18.29132987929054,0.4132818246952111,0.1274532339354229,3.501322451006097e-09,13.0,6954.111328125,49.07152699091837,30.01116148822473,669.5135796015334,4.0
2457919.754151633,7347.821393476791,67.79707773592094,6305.669673685566,76.74778067575308,6305.669673685566,76.74778067575308,17.730538790939466,0.2144167220165421,0.1330909618332348,2.933438365464477e-09,13.0,7815.961816406249,40.972918738540194,30.01116148822473,669.5135796015334,4.0
2457920.8393583377,0.0,0.0,0.0,0.0,0.0,0.0,0.0,0.0,0.0,0.0,13.0,0.0,0.0,0.0,0.0,5.0
2457920.878733733,7190.653351259825,125.11668304682196,6129.24730783077,140.66499135012756,6129.24730783077,140.66499135012756,17.23930603504591,0.3920621971057582,0.047033434552787,4.018352668449699e-09,13.0,7310.11953125,39.83601698738301,30.01116148822473,669.5135796015334,6.0
2457923.5475267908,7340.575318393777,8.929907822237874,6297.5358973066395,14.040234286486497,6297.5358973066395,14.040234286486497,17.707890997009915,0.0428510733388755,1.6830132455276063,3.6168684958389367e-09,13.0,2060.793310546875,44.93245300682886,30.01116148822473,669.5135796015334,0.0
2457923.7423015493,7348.211467249047,8.84595841786701,6306.107534568667,14.046212081733685,6306.107534568667,14.046212081733685,17.73175797654136,0.0428663588616111,1.65815725908408,4.115531601504242e-09,13.0,1740.38017578125,40.91188664472008,30.01116148822473,669.5135796015334,0.0
2457923.8251690078,7345.60800507268,8.618621840498022,6303.185127760701,13.841674808823837,6303.185127760701,13.841674808823837,17.723620788588104,0.0423473496541361,1.6692938117365066,3.863489240502421e-09,13.0,1748.3001953125,38.75838998398218,30.01116148822473,669.5135796015334,0.0
2457923.834044492,7351.489615974185,8.561226528703857,6309.7872823440675,13.854190961192472,6309.7872823440675,13.854190961192472,17.742003914645327,0.042379149568417,1.6672292491402216,3.432405624351249e-09,13.0,1775.39052734375,35.96406537009432,30.01116148822473,669.5135796015334,0.0
2457923.876467616,7368.238195751574,9.758311444587601,6328.587695121083,14.972816375795455,6328.587695121083,14.972816375795455,17.7943520312554,0.0452329486331827,1.5921445108693393,3.696869240603879e-09,13.0,1983.421630859375,44.432215711045686,30.01116148822473,669.5135796015334,0.0
2457924.6777271274,7327.882145217228,7.066225695452575,6283.287710395203,12.498831705602374,6283.287710395203,12.498831705602374,17.668218157973445,0.0389749667588817,0.999992201106114,2.136192758942877e-09,13.0,1407.7319091796874,0.071829837186632,30.01116148822473,669.5135796015334,0.0
2457924.785151554,7353.029555084132,9.760104418021367,6311.515876129523,14.833537258048944,6311.515876129523,14.833537258048944,17.746817033917004,0.0448755518751471,1.2381943939561184,2.0176395856293e-09,13.0,1630.61806640625,37.00192618636741,30.01116148822473,669.5135796015334,0.0
2457924.879134137,7345.42813988665,10.129652585760805,6302.983227672068,15.07445244533442,6302.983227672068,15.07445244533442,17.723058615325808,0.0454936112621665,1.4071689711573254,3.13010221429083e-09,13.0,2185.3587890625,48.19402901064127,30.01116148822473,669.5135796015334,0.0
2457925.827111456,7367.606409168978,18.996512564517136,6327.878509703719,23.637367135360673,6327.878509703719,23.637367135360673,17.79237736605167,0.0681152854575052,0.2921401404778816,3.9673905405182376e-09,13.0,1351.7308349609375,19.59594250987113,30.01116148822473,669.5135796015334,4.0
2457957.623866266,7407.325577931001,20.367468228323055,6372.463589621609,25.262269720933592,6372.463589621609,25.262269720933592,17.91652064898341,0.0724967373331803,0.5083128481493874,3.9499213032639856e-09,13.0,563.9349853515625,37.02815197064684,30.01116148822473,669.5135796015334,0.0
2457957.661142568,7363.961893256628,10.856094673283916,6323.787511873731,15.85903818330687,6323.787511873731,15.85903818330687,17.780986337886723,0.0475168905618994,0.583770754288737,2.686264079084409e-09,13.0,531.0046752929687,17.561594340324884,30.01116148822473,669.5135796015334,0.0
2458667.064288003,7432.702165043387,8.648671071005104,7288.377900348911,17.794772814076442,7288.377900348911,17.794772814076442,19.834757142820997,0.0444489717564206,0.9910988558100158,4.185718278074786e-08,13.0,526.1028259277343,21.09374405786141,30.237715829550663,677.5571091416391,0.0
2458667.076156004,7409.238926288002,8.45729954589444,7262.438762735048,17.32887845912556,7262.438762735048,17.32887845912556,19.770046694307634,0.0432846286951165,0.996486065982204,4.187592693341414e-08,13.0,518.2970520019531,22.29112980780181,30.237715829550663,677.5571091416391,0.0
2458667.088008404,7421.106410348487,3.157274736223164,7275.558533001405,15.207136400183805,7275.558533001405,15.207136400183805,19.802776626619437,0.038001099510128,1.000003311500518,2.7464190541052623e-08,13.0,512.615283203125,0.041303541093064,30.237715829550663,677.5571091416391,0.0
2458667.0998631534,7422.872572630114,7.76020356710033,7277.511065085707,17.13494680180815,7277.511065085707,17.13494680180815,19.80764761457566,0.0428035191586198,0.9907448372310556,3.664457189788009e-08,13.0,518.9172729492187,19.190945736197925,30.237715829550663,677.5571091416391,0.0
2458667.1117123645,7417.85361428539,9.349840504612459,7271.962493870143,18.005719558477256,7271.962493870143,18.005719558477256,19.793805576443454,0.0449723525316141,0.9890674626584924,4.1876286363733255e-08,13.0,527.3791748046875,24.178624699519723,30.237715829550663,677.5571091416391,0.0
2458667.060334397,7036.709008736043,5.156845599455739,6653.458019774397,10.754479536595676,6653.458019774397,10.754479536595676,18.40855335285181,0.0300024029661037,0.9767990198352868,6.0760684048316385e-09,13.0,1304.94658203125,39.61461675780205,29.19434994014682,676.6801002853131,0.0
2458667.072207451,7041.701501785655,5.509765523194657,6658.71469722512,11.002113854419656,6658.71469722512,11.002113854419656,18.423196021385905,0.0306915878567543,0.9878182503241112,5.902484663311166e-09,13.0,1281.8565673828125,42.421640215515296,29.19434994014682,676.6801002853131,0.0
2458667.0840552254,7034.063880627136,1.0838941895555263,6650.672921198151,9.318802688200233,6650.672921198151,9.318802688200233,18.4007953582499,0.0260100080211601,0.9999968148100232,5.932222226248468e-09,13.0,1250.9996826171875,0.0589630079125268,29.19434994014682,676.6801002853131,0.0
2458667.095901708,7038.591714824168,6.025595411017867,6655.440351755921,11.264352698309322,6655.440351755921,11.264352698309322,18.41407521155479,0.0314207699103979,0.9936501697425404,6.456941581621669e-09,13.0,1265.29619140625,47.26327305805404,29.19434994014682,676.6801002853131,0.0
2458667.1077680383,7050.510450075798,5.158319977181024,6667.989782714728,10.911327542113469,6667.989782714728,10.911327542113469,18.449032113427474,0.030439857137741,0.9824230033949768,6.7083775302151144e-09,13.0,1325.7773193359374,38.404211477842296,29.19434994014682,676.6801002853131,0.0
2457961.102907989,6906.0270444273865,12.358651080133818,6241.830368504621,14.758019693721442,6241.830368504621,14.758019693721442,17.90807870173228,,0.1627483650761915,6.4697910255099835e-09,13.0,627.2674560546875,21.15008540919984,26.50089153116528,676.3489117414351,4.0
2458667.056375964,6896.184032551682,5.013101520600995,6231.339312983295,8.45620871172579,6231.339312983295,8.45620871172579,17.878983646428658,,0.980770147631146,6.440232546154354e-09,13.0,2224.6959228515625,57.081792507092025,26.50089153116528,676.3489117414351,0.0
2457961.092487512,6902.8708496479685,12.400772017201653,6238.466376356171,14.783583154998636,6238.466376356171,14.783583154998636,17.898749274640686,,0.1644300747166208,6.431148819405241e-09,13.0,601.6934814453125,21.70564511668747,26.50089153116528,676.3489117414351,4.0
2458667.068244759,6905.270988187514,4.891124214132592,6241.024535077837,8.44765679304803,6241.024535077837,8.44765679304803,17.905843867680527,,0.9750147740377764,6.387876260561707e-09,13.0,2273.2530517578125,53.88648531025624,26.50089153116528,676.3489117414351,0.0
2457961.154997666,6906.976054188822,13.188391080894908,6242.8418591157515,15.556647637804573,6242.8418591157515,15.556647637804573,17.910883888990146,,0.1523937572632977,6.4148794981104245e-09,13.0,608.1874389648438,21.073533910288447,26.50089153116528,676.3489117414351,4.0
2458667.080103366,-3636224.1951565146,-3636224.1951565146,-3636224.1951565146,-3636224.1951565146,-3636224.1951565146,-3636224.1951565146,0.0,0.0,-9999.99,-9999.99,13.0,-9999.99,-9999.99,-9999.99,-9999.99,5.0
2457961.859800487,6511.407936198199,31.344235096534735,5821.23035028988,33.569540448948466,5821.23035028988,33.569540448948466,16.741620210897892,,0.0191065178596518,6.500894943607408e-09,13.0,705.7449035644531,16.51276046280619,26.50089153116528,676.3489117414351,4.0
2458667.0919504,-3636224.1951565146,-3636224.1951565146,-3636224.1951565146,-3636224.1951565146,-3636224.1951565146,-3636224.1951565146,0.0,0.0,-9999.99,-9999.99,13.0,-9999.99,-9999.99,-9999.99,-9999.99,5.0
2457961.932771697,-3636224.1951565146,-3636224.1951565146,-3636224.1951565146,-3636224.1951565146,-3636224.1951565146,-3636224.1951565146,0.0,0.0,-9999.99,-9999.99,13.0,-9999.99,-9999.99,-9999.99,-9999.99,5.0
2458667.10381651,6883.643242919172,5.047137422659317,6217.972863569502,8.380779297669786,6217.972863569502,8.380779297669786,17.841914203404837,,0.9923827406224844,6.503397433428005e-09,13.0,2328.088256835937,60.14014846437485,26.50089153116528,676.3489117414351,0.0
2457918.0544062774,6782.054333681457,13.092074278130355,6109.695549610895,14.96979359107956,6109.695549610895,14.96979359107956,17.541626550618105,,0.3837303206368767,6.46260548039364e-09,13.0,7802.491455078125,78.4511692709651,26.50089153116528,676.3489117414351,4.0
2457918.1950666616,6747.726906544723,13.807218226228844,6073.108075315075,15.573433488843529,6073.108075315075,15.573433488843529,17.44015777220081,,0.4742235282081704,6.476658283627119e-09,13.0,7496.676513671875,112.11085112270938,26.50089153116528,676.3489117414351,4.0
2457918.2437122758,6780.647023751276,12.56156854714333,6108.195585291055,14.439119438949632,6108.195585291055,14.439119438949632,17.537466669398302,,0.4814478394877348,6.426846241583429e-09,13.0,7463.722900390625,95.1122973826129,26.50089153116528,676.3489117414351,4.0
2457918.281545358,6761.516377989406,12.8331417379343,6087.805417181844,14.641988198252955,6087.805417181844,14.641988198252955,17.48091820603521,,0.4357968679548917,6.380919414125318e-09,13.0,7132.440185546875,92.27927789346585,26.50089153116528,676.3489117414351,4.0
2457919.188215997,6848.853290369267,9.749795283261225,6180.892412139152,12.037449541573471,6180.892412139152,12.037449541573471,17.739078241584174,,0.4037394346960831,6.117233177490132e-09,13.0,2515.1827392578125,51.50812781778038,26.50089153116528,676.3489117414351,4.0
2457919.2159212544,6802.605469515162,9.44675075686536,6131.599729935001,11.530464348041185,6131.599729935001,11.530464348041185,17.60237385451094,,0.3936714425702021,6.368405745735305e-09,13.0,3592.5281982421875,54.62201291708974,26.50089153116528,676.3489117414351,4.0
2457919.257568409,6716.003124838658,8.086976265057013,6039.29566510694,9.867893342078963,6039.29566510694,9.867893342078963,17.346385134837973,,0.4405713354491832,6.492967638913231e-09,13.0,4003.1689453125,65.68851331415212,26.50089153116528,676.3489117414351,4.0
2457920.058972657,6818.243516275173,13.533485559124289,6148.267353511612,15.536471402272493,6148.267353511612,15.536471402272493,17.64859851024323,,0.2024287016249132,5.463728187756207e-09,13.0,3033.187255859375,38.265278568864254,26.50089153116528,676.3489117414351,4.0
2457920.129116964,-3636224.1951565146,-3636224.1951565146,-3636224.1951565146,-3636224.1951565146,-3636224.1951565146,-3636224.1951565146,0.0,0.0,-9999.99,-9999.99,13.0,-9999.99,-9999.99,-9999.99,-9999.99,5.0
2457920.1917839805,6857.889399302682,65.26051302400447,6190.523439889027,69.82990761257226,6190.523439889027,69.82990761257226,17.765788164569873,,0.0542561601112089,4.207690602205321e-09,13.0,5326.2578125,44.91562521421214,26.50089153116528,676.3489117414351,4.0
2457920.209164163,6777.205057590541,149.13075043708977,6104.52700716164,159.04002798451398,6104.52700716164,159.04002798451398,17.52729252787898,,0.0202803758465532,4.225489595530624e-09,13.0,7103.710205078125,47.19049620724711,26.50089153116528,676.3489117414351,6.0
2457921.077040384,6887.597332946842,8.545402070438502,6222.187282747335,11.170216134348195,6222.187282747335,11.170216134348195,17.853602136883264,,0.3624020315814613,6.496516524667903e-09,13.0,1571.29541015625,35.98460066453607,26.50089153116528,676.3489117414351,4.0
2457921.090470438,6892.580378277914,39.07248794019701,6227.498401528225,42.151847817528264,6227.498401528225,42.151847817528264,17.868331569430826,,0.0685563242529503,6.422403718397267e-09,13.0,2208.072265625,30.4240337509919,26.50089153116528,676.3489117414351,4.0
2457925.043812232,0.0,0.0,0.0,0.0,0.0,0.0,0.0,0.0,0.0,0.0,13.0,0.0,0.0,0.0,0.0,5.0
2457927.931231646,6873.402978077061,18.08290747030629,6207.05840076398,20.284006963123897,6207.05840076398,20.284006963123897,17.811644904163153,,0.1103799399159444,6.504090488771551e-09,13.0,997.328125,23.189497697345303,26.50089153116528,676.3489117414351,4.0
2457927.966925558,0.0,0.0,0.0,0.0,0.0,0.0,0.0,0.0,0.0,0.0,13.0,0.0,0.0,0.0,0.0,5.0
2457928.028538984,0.0,0.0,0.0,0.0,0.0,0.0,0.0,0.0,0.0,0.0,13.0,0.0,0.0,0.0,0.0,5.0
2457957.8564394726,6887.139656891993,15.627854993823412,6221.699474242903,17.866316215307474,6221.699474242903,17.866316215307474,17.85224928774571,,0.1342703587313984,6.2281836199623086e-09,13.0,721.2054748535156,23.605845493005383,26.50089153116528,676.3489117414351,4.0
2457958.09252814,6855.529505229893,11.179544258568923,6188.008175246989,13.405633077298988,6188.008175246989,13.405633077298988,17.758812530543864,,0.1468559955451352,6.449051103653918e-09,13.0,426.3021545410156,19.47917937598168,26.50089153116528,676.3489117414351,4.0
2457958.8951746845,6905.719763728667,16.68893637185212,6241.502857077068,18.990775253181116,6241.502857077068,18.990775253181116,17.90717040770239,,0.1450638637740558,6.498147771791391e-09,13.0,554.3668518066406,26.17938047429944,26.50089153116528,676.3489117414351,4.0
2457958.9154650806,6878.615256951629,15.719391402923735,6212.613845353123,17.92632123513238,6212.613845353123,17.92632123513238,17.827051930389338,,0.1453393861578119,6.503415913164204e-09,13.0,535.9279479980469,26.51774362098788,26.50089153116528,676.3489117414351,4.0
2457959.0302013746,6888.073979504554,12.934085836368608,6222.695310733505,15.229066385596422,6222.695310733505,15.229066385596422,17.855011061116226,,0.1486769592466745,6.498535963108334e-09,13.0,477.75196838378906,21.18248993312782,26.50089153116528,676.3489117414351,4.0
2457959.075158868,6904.904833959207,14.682037938058325,6240.634274008655,17.000502714246252,6240.634274008655,17.000502714246252,17.904761548807322,,0.1473967117405043,6.5040336262204325e-09,13.0,480.5519256591797,23.071670755691933,26.50089153116528,676.3489117414351,4.0
2457960.0429078573,6895.440894546989,10.204698858871895,6230.547248301704,12.694808792756067,6230.547248301704,12.694808792756067,17.876786997514905,,0.1626016890301536,6.412131271455658e-09,13.0,523.2192077636719,17.308646242311642,26.50089153116528,676.3489117414351,4.0
2457960.0578549034,6917.686966241487,10.168360155824299,6254.257955575617,12.781122876253638,6254.257955575617,12.781122876253638,17.942544378935708,,0.1618172012187982,6.43206449526719e-09,13.0,516.2164306640625,15.89365884235662,26.50089153116528,676.3489117414351,4.0
2457960.0994971413,6902.573030464059,13.535206655319262,6238.148949370086,15.872567497694464,6238.148949370086,15.872567497694464,17.89786894799516,,0.1590056855983665,6.4531863429953045e-09,13.0,541.6969299316406,23.134894468917032,26.50089153116528,676.3489117414351,4.0
2457960.15809082,0.0,0.0,0.0,0.0,0.0,0.0,0.0,0.0,0.0,0.0,13.0,0.0,0.0,0.0,0.0,5.0
2457960.8534526937,6840.6333490841325,14.44874593146184,6172.131286835904,16.52523286552188,6172.131286835904,16.52523286552188,17.714780836551675,,0.1693868926405622,6.481144474346595e-09,13.0,1397.7313232421875,31.93462102599536,26.50089153116528,676.3489117414351,4.0
2457960.9082133346,6915.102725558151,11.420722536838898,6251.503573803879,13.918046656756081,6251.503573803879,13.918046656756081,17.93490559656409,,0.1637326823673718,6.490500444519128e-09,13.0,598.927978515625,18.818982981658163,26.50089153116528,676.3489117414351,4.0
2457961.016264793,6874.248363783986,10.622005209700928,6207.959444926108,12.97135413520687,6207.959444926108,12.97135413520687,17.81414378806237,,0.1756459590511682,6.419596457078778e-09,13.0,614.05126953125,21.4170168735446,26.50089153116528,676.3489117414351,4.0
2457936.9625569247,7489.508805639311,22.492958337158512,7383.265083422644,28.790159465767893,7383.265083422644,28.790159465767893,19.943062099222505,0.0681231649126271,0.4276318638694871,3.34153689740209e-08,13.0,1645.0229736328126,25.469321950564,11.790455942175186,645.6077531775231,4.0
2458580.2239173013,0.0,0.0,0.0,0.0,0.0,0.0,0.0,0.0,0.0,0.0,13.0,0.0,0.0,0.0,0.0,5.0
2457934.122537027,7560.015941805528,21.29170998662883,7463.737498437311,28.103285710164794,7463.737498437311,28.103285710164794,20.133414015968636,0.0665033073830196,0.4034105867463859,3.2497438578657034e-08,13.0,539.14453125,17.019087950777003,11.790455942175186,645.6077531775231,4.0
2458585.170564867,7434.17496211172,10.75174613155187,7320.110511235633,17.296098447588392,7320.110511235633,17.296098447588392,19.793674338647797,0.0409446190709181,0.9196798876230384,3.375988850177655e-08,13.0,679.9873168945313,25.60271557596782,11.790455942175186,645.6077531775231,0.0
2457937.0563059305,7532.11760345216,29.21657020872041,7431.896087989161,36.04503858162083,7431.896087989161,36.04503858162083,20.05809536783809,0.0852816327398384,0.4446512020406016,3.072397215131107e-08,13.0,1281.6566162109375,32.2087189559755,11.790455942175186,645.6077531775231,4.0
2458586.1679184963,7398.520961710535,12.266999905895561,7279.417275440986,18.21427977703003,7279.417275440986,18.21427977703003,19.6974173115572,0.0431123258865133,0.6571098686874813,3.3724709446351975e-08,13.0,629.0758422851562,24.98917400373013,11.790455942175186,645.6077531775231,4.0
2457938.938438536,0.0,0.0,0.0,0.0,0.0,0.0,0.0,0.0,0.0,0.0,13.0,0.0,0.0,0.0,0.0,5.0
2458587.165161679,7390.795041111814,9.77710875415248,7270.599395115725,16.04897692931249,7270.599395115725,16.04897692931249,19.676559227190705,0.0379935935316032,0.8587324850442339,3.2926587516125205e-08,13.0,646.6875732421875,24.245753139985972,11.790455942175186,645.6077531775231,0.0
2457939.078512546,0.0,0.0,0.0,0.0,0.0,0.0,0.0,0.0,0.0,0.0,13.0,0.0,0.0,0.0,0.0,5.0
2458591.154711792,7478.508199775432,17.75960509425596,7370.709683095449,24.00677964683508,7370.709683095449,24.00677964683508,19.91336317049816,0.0568120775420964,0.9723240850978048,3.3642798450447126e-08,13.0,5453.245312499999,47.98879747021314,11.790455942175186,645.6077531775231,0.0
2457939.923857785,8070.582495289223,247.59585598036676,8046.4660819339615,283.45822820204825,8046.4660819339615,283.45822820204825,21.511818066488654,0.6705085962212204,0.4536589036089368,3.3027408274146534e-08,13.0,8349.407421875,76.57244230297812,11.790455942175186,645.6077531775231,4.0
2458603.191183506,7557.640580753489,23.532900701370778,7461.0264105846,30.325317709515097,7461.0264105846,30.325317709515097,20.12700112567403,0.0717572508551401,0.7621377767939839,3.23948154139541e-08,13.0,839.808837890625,40.55426095633069,11.790455942175186,645.6077531775231,2.0
2457941.974876046,0.0,0.0,0.0,0.0,0.0,0.0,0.0,0.0,0.0,0.0,13.0,0.0,0.0,0.0,0.0,5.0
2458610.1682757377,7443.442783876627,10.531731234831721,7330.688220669041,17.219201573107444,7330.688220669041,17.219201573107444,19.818695176720883,0.0407636232111529,0.9906167218385236,3.2261607023133924e-08,13.0,642.5416320800781,25.682987174390952,11.790455942175186,645.6077531775231,0.0
2457942.215405522,0.0,0.0,0.0,0.0,0.0,0.0,0.0,0.0,0.0,0.0,13.0,0.0,0.0,0.0,0.0,5.0
2458611.155641441,7406.136554091486,9.729402601463748,7288.109234070789,16.178146751565848,7288.109234070789,16.178146751565848,19.71797753688608,0.0383000743673703,0.9877927212733952,3.2561547246866073e-08,13.0,643.220782470703,26.398162420495925,11.790455942175186,645.6077531775231,0.0
2457942.8828340285,0.0,0.0,0.0,0.0,0.0,0.0,0.0,0.0,0.0,0.0,13.0,0.0,0.0,0.0,0.0,5.0
2458616.2558833933,7443.939335272687,10.501815003271314,7331.25495323247,17.20078846488867,7331.25495323247,17.20078846488867,19.820035743295307,0.0407201444519269,0.9464969966345058,3.230629094404798e-08,13.0,665.0128173828125,24.130631809991375,11.790455942175186,645.6077531775231,0.0
2457943.1793097504,0.0,0.0,0.0,0.0,0.0,0.0,0.0,0.0,0.0,0.0,13.0,0.0,0.0,0.0,0.0,5.0
2458618.082963518,7458.840157593399,16.807563954394194,7348.261815559491,22.93101072342991,7348.261815559491,22.93101072342991,19.8602642966598,0.0542673222731103,0.938492984307326,2.4479396962687416e-08,13.0,2738.103881835937,45.95045164371126,11.790455942175186,645.6077531775231,0.0
2457944.9861494647,0.0,0.0,0.0,0.0,0.0,0.0,0.0,0.0,0.0,0.0,13.0,0.0,0.0,0.0,0.0,5.0
2458619.0802510246,7447.116273262704,15.265136178282397,7334.8809106363515,21.376204435209406,7334.8809106363515,21.376204435209406,19.828612694064628,0.0505905968414396,0.9468828570198284,3.3218365071006495e-08,13.0,4043.557543945312,42.57376816897797,11.790455942175186,645.6077531775231,0.0
2457946.1463383017,0.0,0.0,0.0,0.0,0.0,0.0,0.0,0.0,0.0,0.0,13.0,0.0,0.0,0.0,0.0,5.0
2458630.1831860854,7433.22473837293,12.601188731123354,7319.025985565996,18.843186324745655,7319.025985565996,18.843186324745655,19.79110896839096,0.0446014611851191,0.988803225506118,3.24468576325323e-08,13.0,1148.0024780273436,36.010266494110056,11.790455942175186,645.6077531775231,0.0
2457947.989530697,7505.261771692385,28.5486540556143,7401.244529062671,35.18323749740233,7401.244529062671,35.18323749740233,19.985591230962733,0.0832422741767059,0.3418741476969801,3.378965951410678e-08,13.0,1517.2566772460937,25.351824106866125,11.790455942175186,645.6077531775231,4.0
2458631.087592088,7435.459525673915,10.235088578742646,7321.576631371986,16.89690056962206,7321.576631371986,16.89690056962206,19.7971423441511,0.0400012027849919,0.9647809608146278,3.373495498612452e-08,13.0,625.8578552246094,24.56819014179942,11.790455942175186,645.6077531775231,0.0
2457948.1289136466,0.0,0.0,0.0,0.0,0.0,0.0,0.0,0.0,0.0,0.0,13.0,0.0,0.0,0.0,0.0,5.0
2458639.0266503035,7479.506904346299,11.763458759876631,7371.849541740601,18.604217921139043,7371.849541740601,18.604217921139043,19.916059427071115,0.0440402358420516,0.8856131645941658,3.3657161847426655e-08,13.0,654.8371459960938,23.109601852827048,11.790455942175186,645.6077531775231,0.0
2457948.172270147,0.0,0.0,0.0,0.0,0.0,0.0,0.0,0.0,0.0,0.0,13.0,0.0,0.0,0.0,0.0,5.0
2458641.173491283,7431.907718895572,9.868103919530258,7317.522822287398,16.570575588865704,7317.522822287398,16.570575588865704,19.787553339903702,0.0392296513654171,0.9548498172129029,2.747049378554196e-08,13.0,649.8451782226562,22.88297812952099,11.790455942175186,645.6077531775231,0.0
2457956.0104826195,7489.633833534259,18.824116145854937,7383.407782406003,25.128863577749637,7383.407782406003,25.128863577749637,19.943399643771105,0.0594658412512959,0.4743832986623431,3.0861980867036195e-08,13.0,528.3645874023438,22.667178472035104,11.790455942175186,645.6077531775231,4.0
2458642.0284965187,0.0,0.0,0.0,0.0,0.0,0.0,0.0,0.0,0.0,0.0,13.0,0.0,0.0,0.0,0.0,5.0
2457957.1453660387,7501.987660983784,20.69261749007396,7397.5076648235,27.066790559919028,7397.5076648235,27.066790559919028,19.9767519377662,0.0640488070510131,0.4390881425629445,3.3795028573282614e-08,13.0,522.5770141601563,22.56710770740224,11.790455942175186,645.6077531775231,4.0
2458647.005110478,0.0,0.0,0.0,0.0,0.0,0.0,0.0,0.0,0.0,0.0,13.0,0.0,0.0,0.0,0.0,5.0
2457957.8710208223,0.0,0.0,0.0,0.0,0.0,0.0,0.0,0.0,0.0,0.0,13.0,0.0,0.0,0.0,0.0,5.0
2458667.9473700933,7518.11700431058,24.32649164558016,7415.916683834681,30.859753293334226,7415.916683834681,30.859753293334226,20.02029719552385,0.0730187029205853,0.2069828176471607,3.211448611244032e-08,13.0,152.72029724121094,9.076578869313028,11.790455942175186,645.6077531775231,0.0
2457958.9230573303,0.0,0.0,0.0,0.0,0.0,0.0,0.0,0.0,0.0,0.0,13.0,0.0,0.0,0.0,0.0,5.0
2457845.1135790427,7562.851644730998,25.103295784385733,7466.973991579483,31.959234047126607,7466.973991579483,31.959234047126607,20.14106971603724,0.07562120379522,0.2977988501451029,3.3689190302149383e-08,13.0,507.1392608642578,14.45259623965417,11.790455942175186,645.6077531775231,4.0
2457959.044572547,0.0,0.0,0.0,0.0,0.0,0.0,0.0,0.0,0.0,0.0,13.0,0.0,0.0,0.0,0.0,5.0
2457845.1271590097,7342.09945633268,136.17128685247394,7215.021314359615,155.79270762846375,7215.021314359615,155.79270762846375,19.54509313164643,0.3685196724773728,0.0268140191099491,3.2974397149108734e-08,13.0,277.0518493652344,12.61069866660879,11.790455942175186,645.6077531775231,4.0
2457960.037595801,0.0,0.0,0.0,0.0,0.0,0.0,0.0,0.0,0.0,0.0,13.0,0.0,0.0,0.0,0.0,5.0
2457852.129122042,0.0,0.0,0.0,0.0,0.0,0.0,0.0,0.0,0.0,0.0,13.0,0.0,0.0,0.0,0.0,5.0
2457960.1612487924,0.0,0.0,0.0,0.0,0.0,0.0,0.0,0.0,0.0,0.0,13.0,0.0,0.0,0.0,0.0,5.0
2457871.26996304,7605.043907008444,30.919286454301965,7515.129588658251,38.2723564435508,7515.129588658251,38.2723564435508,20.254978441211293,0.0905526892727629,0.4095640823754441,3.1562773272897664e-08,13.0,597.598486328125,25.07380424584952,11.790455942175186,645.6077531775231,4.0
2457960.967109791,0.0,0.0,0.0,0.0,0.0,0.0,0.0,0.0,0.0,0.0,13.0,0.0,0.0,0.0,0.0,5.0
2457888.996774582,0.0,0.0,0.0,0.0,0.0,0.0,0.0,0.0,0.0,0.0,13.0,0.0,0.0,0.0,0.0,5.0
2457961.065827573,7567.046087660279,20.463880780834767,7471.761265187718,27.34678190502648,7471.761265187718,27.34678190502648,20.15239367974765,0.0647150795963865,0.4393674324774272,3.3770507622639424e-08,13.0,528.7121704101563,17.329687744937704,11.790455942175186,645.6077531775231,4.0
2457890.190124734,0.0,0.0,0.0,0.0,0.0,0.0,0.0,0.0,0.0,0.0,13.0,0.0,0.0,0.0,0.0,5.0
2457967.0059994785,0.0,0.0,0.0,0.0,0.0,0.0,0.0,0.0,0.0,0.0,13.0,0.0,0.0,0.0,0.0,5.0
2457895.1470477087,7509.365094675558,17.763236870226596,7405.927804089803,24.266650570448835,7405.927804089803,24.266650570448835,19.9966691932421,0.0574285657565674,0.4235256772246574,3.3442393306771265e-08,13.0,539.1820251464844,16.715356272794548,11.790455942175186,645.6077531775231,4.0
2457967.88324862,0.0,0.0,0.0,0.0,0.0,0.0,0.0,0.0,0.0,0.0,13.0,0.0,0.0,0.0,0.0,5.0
2457896.0265440303,7531.271196445586,22.878982703395575,7430.930052214516,29.475499331985205,7430.930052214516,29.475499331985205,20.05581027721025,0.06974615835868,0.4114990629653929,3.3688915838755305e-08,13.0,542.5395324707032,21.633480297502302,11.790455942175186,645.6077531775231,4.0
2457968.120086344,0.0,0.0,0.0,0.0,0.0,0.0,0.0,0.0,0.0,0.0,13.0,0.0,0.0,0.0,0.0,5.0
2457900.107550699,7497.1049854107705,59.660090157739454,7391.934885719731,69.34999519710787,7391.934885719731,69.34999519710787,19.963569915282942,0.1640519317220744,0.5776960360352942,3.353907518265038e-08,13.0,538.2347229003906,98.44739198603192,11.790455942175186,645.6077531775231,4.0
2457971.915781674,0.0,0.0,0.0,0.0,0.0,0.0,0.0,0.0,0.0,0.0,13.0,0.0,0.0,0.0,0.0,5.0
2457900.981291658,7485.4796475347,17.018299084578857,7378.666455527885,23.355807864991757,7378.666455527885,23.355807864991757,19.93218436386424,0.0552734341089496,0.4126173135486469,3.3704454752040155e-08,13.0,507.4996978759766,16.600536737976554,11.790455942175186,645.6077531775231,4.0
2457973.943420429,-3636224.1951565146,-3636224.1951565146,-3636224.1951565146,-3636224.1951565146,-3636224.1951565146,-3636224.1951565146,0.0,0.0,0.4675691626897723,-9999.99,13.0,-9999.99,-9999.99,-9999.99,-9999.99,5.0
2457902.1478920267,7593.077657340621,24.85684075532198,7501.472063167951,31.919069465105974,7501.472063167951,31.919069465105974,20.222672511848863,0.0755280656377013,0.4221276188125515,3.379629420322929e-08,13.0,550.3069519042969,19.98637018678924,11.790455942175186,645.6077531775231,4.0
2457976.0876485566,7753.903307544669,66.53534992726111,7685.028355083038,77.84983975246634,7685.028355083038,77.84983975246634,20.65686219026824,0.1841637158487563,0.4310197485719803,2.976284329244929e-08,13.0,3450.8622802734376,42.02691139093072,11.790455942175186,645.6077531775231,4.0
2457902.1636012094,7552.3586573668,25.596150119511258,7454.997955112418,32.39411459344934,7454.997955112418,32.39411459344934,20.11274123234363,0.0766489600135169,0.4319687449324675,2.8819426123039157e-08,13.0,545.1543518066406,24.82265134724113,11.790455942175186,645.6077531775231,4.0
2457977.914858011,7581.176649358702,26.247019225112094,7487.889000438585,33.25671026180664,7487.889000438585,33.25671026180664,20.19054271898324,0.0786904206243509,0.4516052547827322,3.2000930010185486e-08,13.0,557.3959289550781,24.531260737108028,11.790455942175186,645.6077531775231,4.0
2457903.0525816567,7502.623575169717,20.150335406280185,7398.233457318647,26.53332659815812,7398.233457318647,26.53332659815812,19.97846874957789,0.0627874607706502,0.4364811153978844,3.1069527266416324e-08,13.0,541.8160888671874,21.56892828288193,11.790455942175186,645.6077531775231,4.0
2457978.0988751333,7559.030129735427,33.662585520972065,7462.612354482447,40.92614540697457,7462.612354482447,40.92614540697457,20.13075256597506,0.0968264107152737,0.440259286791691,3.3787289128286786e-08,13.0,1978.849719238281,34.7423682534074,11.790455942175186,645.6077531775231,4.0
2457918.053941553,-3636224.1951565146,-3636224.1951565146,-3636224.1951565146,-3636224.1951565146,-3636224.1951565146,-3636224.1951565146,0.0,0.0,0.4169357582168221,-9999.99,13.0,-9999.99,-9999.99,-9999.99,-9999.99,5.0
2457979.9292340865,7491.516507817159,15.846096802170011,7385.556548537613,22.309521965838915,7385.556548537613,22.309521965838915,19.94848240103292,0.0528002098182742,0.4868106647168743,3.3111035002459505e-08,13.0,540.4015502929688,17.949922972745973,11.790455942175186,645.6077531775231,4.0
2457920.158336769,7774.512899279673,109.39092197872154,7708.550848117966,126.0676632353534,7708.550848117966,126.0676632353534,20.712503016196347,0.2982142091441141,0.1957813614958528,3.2988811915346725e-08,13.0,2980.22666015625,29.42169768204985,11.790455942175186,645.6077531775231,4.0
2457980.940957155,7505.046718936861,18.191445449724007,7400.999081360021,24.640687867597904,7400.999081360021,24.640687867597904,19.985010641444543,0.0583126155755589,0.4755884110620573,2.9546505693740777e-08,13.0,531.4306945800781,20.44198096842659,11.790455942175186,645.6077531775231,4.0
2457927.986949532,7561.166353887936,253.71703831531235,7465.050506503826,289.92139304541075,7465.050506503826,289.92139304541075,20.13651984548946,0.6857915672426339,0.0271022607463572,3.3716433542632736e-08,13.0,301.99955444335933,14.19101499473435,11.790455942175186,645.6077531775231,4.0
2457984.970118601,7537.83631829319,21.4562092802554,7438.423069782222,28.096446190571367,7438.423069782222,28.096446190571367,20.073534490606427,0.066485691405143,0.4535270013697912,3.303111086838619e-08,13.0,570.2951110839844,21.70013601987609,11.790455942175186,645.6077531775231,4.0
2457931.042491137,7668.740395368526,29.33258480969331,7587.8287582033845,37.021974878269326,7587.8287582033845,37.021974878269326,20.426943284894005,0.0875994748823077,0.425546116752563,3.376234060622345e-08,13.0,554.9076293945312,19.07632258708781,11.790455942175186,645.6077531775231,6.0
2457940.090572787,0.0,0.0,0.0,0.0,0.0,0.0,0.0,0.0,0.0,0.0,13.0,0.0,0.0,0.0,0.0,5.0
2457985.9171786644,7476.036259351056,15.60008112660063,7367.888365615576,21.94337167131138,7367.888365615576,21.94337167131138,19.906689539665216,0.0519334700090002,0.4829537196652144,2.3540533299487053e-08,13.0,544.5112426757813,18.39889488927182,11.790455942175186,645.6077531775231,4.0
2457940.916385328,0.0,0.0,0.0,0.0,0.0,0.0,0.0,0.0,0.0,0.0,13.0,0.0,0.0,0.0,0.0,5.0
2457987.958689592,7479.1991943192015,17.111165904153104,7371.49834085015,23.391069019690754,7371.49834085015,23.391069019690754,19.91522868572144,0.0553563791256196,0.4626031317061637,2.8598176759596478e-08,13.0,546.7692565917969,19.91360696193357,11.790455942175186,645.6077531775231,4.0
2457940.986776967,0.0,0.0,0.0,0.0,0.0,0.0,0.0,0.0,0.0,0.0,13.0,0.0,0.0,0.0,0.0,5.0
2458673.93125104,0.0,0.0,0.0,0.0,0.0,0.0,0.0,0.0,0.0,0.0,13.0,0.0,0.0,0.0,0.0,5.0
2457989.025557646,7457.058263800189,15.280208443951368,7346.228073946437,21.478092266212556,7346.228073946437,21.478092266212556,19.855453621919377,0.0508321530493739,0.4489912197851009,3.3688686922611656e-08,13.0,530.3316101074219,17.561378749470705,11.790455942175186,645.6077531775231,4.0
2457989.0701884767,7547.679027639506,21.62570311538341,7449.656919778882,28.33947363557004,7449.656919778882,28.33947363557004,20.10010738367684,0.067060964529528,0.4129915905259342,3.2463646074455134e-08,13.0,533.0117980957032,18.848733498142614,11.790455942175186,645.6077531775231,4.0
2457990.962404484,7581.944735532004,23.366306978628007,7488.765645735301,30.334396066548987,7488.765645735301,30.334396066548987,20.19261636263499,0.0717802478123678,0.4465579665196205,2.6165319273713286e-08,13.0,561.2445190429687,20.46723819865783,11.790455942175186,645.6077531775231,4.0
2457991.9398426902,0.0,0.0,0.0,0.0,0.0,0.0,0.0,0.0,0.0,0.0,13.0,0.0,0.0,0.0,0.0,5.0
2457991.983090832,0.0,0.0,0.0,0.0,0.0,0.0,0.0,0.0,0.0,0.0,13.0,0.0,0.0,0.0,0.0,5.0
2457996.0179780326,0.0,0.0,0.0,0.0,0.0,0.0,0.0,0.0,0.0,0.0,13.0,0.0,0.0,0.0,0.0,5.0
2457997.000529866,7434.826704295968,61.1148800331213,7320.854368813538,70.81134312006498,7320.854368813538,70.81134312006498,19.79543388215988,0.1675071280525936,0.4563917504742587,2.5200770163347546e-08,13.0,14521.082421875,95.80679207210208,11.790455942175186,645.6077531775231,6.0
2457998.0093841194,7632.061246799763,60.019132397445546,7545.965482703841,70.17546486968864,7545.965482703841,70.17546486968864,20.327918610026764,0.1660080485440126,0.4527860312534884,2.9475895192881752e-08,13.0,9707.79580078125,55.36814889672076,11.790455942175186,645.6077531775231,4.0
2457998.878956649,7586.463510667914,56.21988262037133,7493.923091745277,65.7893105205202,7493.923091745277,65.7893105205202,20.204815943489304,0.1556323320430413,0.475860487460459,3.3634179430179714e-08,13.0,8167.97822265625,61.49294971746704,11.790455942175186,645.6077531775231,4.0
2458000.024830103,0.0,0.0,0.0,0.0,0.0,0.0,0.0,0.0,0.0,0.0,13.0,0.0,0.0,0.0,0.0,5.0
2458000.941678299,7600.249868811099,38.79830210780363,7509.657974685684,46.67040877366007,7509.657974685684,46.67040877366007,20.242035717829825,0.1104135171879214,0.4677595588381825,3.3664526906662934e-08,13.0,5415.236914062501,38.70862767679758,11.790455942175186,645.6077531775231,4.0
2458001.9976222483,7657.865609957345,65.32102826864913,7575.416961435167,76.17533467242798,7575.416961435167,76.17533467242798,20.39758404042914,0.1802000574000716,0.4438342190704661,3.3773460374015665e-08,13.0,7512.883642578125,55.40786591304741,11.790455942175186,645.6077531775231,4.0
2458003.010373791,7565.301535162006,51.63456813258941,7469.7701425824125,60.61849640334944,7469.7701425824125,60.61849640334944,20.147683817314338,0.1434015022310522,0.4204743771665644,3.379627953873702e-08,13.0,8618.45380859375,52.31726190198657,11.790455942175186,645.6077531775231,4.0
2458003.913090908,7475.421713996416,24.791427469986044,7367.186962161779,31.062567098537887,7367.186962161779,31.062567098537887,19.905030418439413,0.0734960621022502,0.4514931705352007,2.796902899275816e-08,13.0,2893.786791992188,32.02235023379945,11.790455942175186,645.6077531775231,4.0
2458004.97894146,7590.6438504846,37.35710178907946,7498.694268946936,45.06421055852369,7498.694268946936,45.06421055852369,20.216101832266293,0.1066143764197667,0.4105417408220997,3.1460441422823326e-08,13.0,3009.6771484375,33.14887512260482,11.790455942175186,645.6077531775231,4.0
2458007.023153397,7546.870507063015,25.547916700624818,7448.734125195001,32.307916566388506,7448.734125195001,32.307916566388506,20.097924577086868,0.0764448144785886,0.4165145730590118,3.246752329555271e-08,13.0,1798.7546630859376,24.17059114488956,11.790455942175186,645.6077531775231,4.0
2458007.9369797097,7457.9167393472935,30.15701568847391,7347.207883994939,36.63573225682667,7347.207883994939,36.63573225682667,19.857771294636724,0.0866752765908054,0.192817588927692,1.9997166192446826e-08,13.0,554.1705627441406,15.61306024489274,11.790455942175186,645.6077531775231,4.0
2458011.9616815336,7585.9184040792725,26.916471999600915,7493.300941335914,33.977911744991815,7493.300941335914,33.977911744991815,20.203344289843702,0.0803961378316128,0.415669821444756,3.356893202722298e-08,13.0,566.3651611328125,22.635549151095944,11.790455942175186,645.6077531775231,4.0
2458013.009408121,7564.228172662339,24.7135881888263,7468.5450740683455,31.570651211958992,7468.5450740683455,31.570651211958992,20.144786002705985,0.0747024137571305,0.3909853145169851,3.3630921341531655e-08,13.0,563.5148010253906,20.076771477649057,11.790455942175186,645.6077531775231,4.0
2458013.8877972914,7503.228240465997,18.0766284318598,7398.923584294623,24.51529631731981,7398.923584294623,24.51529631731981,19.980101197077456,0.0580160245649504,0.4373494728226751,3.310584045731238e-08,13.0,585.0709838867188,18.330001377033653,11.790455942175186,645.6077531775231,4.0
2458016.9634929723,7470.561002474863,20.243514154544965,7361.63925144628,26.385320947028156,7361.63925144628,26.385320947028156,19.891907693490044,0.0624355709988978,0.375272889017441,2.1550768893829537e-08,13.0,525.59326171875,20.2128571029191,11.790455942175186,645.6077531775231,4.0
2458018.9011812177,7442.38254728372,31.25727314357101,7329.478133240197,37.74029286084533,7329.478133240197,37.74029286084533,19.81583279883068,0.0892869735961872,0.1766771105373457,3.1335151558230454e-08,13.0,456.1346557617188,15.489892870710468,11.790455942175186,645.6077531775231,4.0
2458020.9560668287,0.0,0.0,0.0,0.0,0.0,0.0,0.0,0.0,0.0,0.0,13.0,0.0,0.0,0.0,0.0,5.0
2458022.8869151277,7541.332447396014,55.46729018877447,7442.413331866394,64.79937228017111,7442.413331866394,64.79937228017111,20.082973178831487,0.1532895746983639,0.3398228971723731,2.2021492664540057e-08,13.0,3289.1974609375,48.26422819273967,11.790455942175186,645.6077531775231,4.0
2458027.941998476,-3636224.1951565146,-3636224.1951565146,-3636224.1951565146,-3636224.1951565146,-3636224.1951565146,-3636224.1951565146,0.0,0.0,0.4314734105192488,-9999.99,13.0,-9999.99,-9999.99,-9999.99,-9999.99,5.0
2458033.9240542785,0.0,0.0,0.0,0.0,0.0,0.0,0.0,0.0,0.0,0.0,13.0,0.0,0.0,0.0,0.0,5.0
2458036.933688563,0.0,0.0,0.0,0.0,0.0,0.0,0.0,0.0,0.0,0.0,13.0,0.0,0.0,0.0,0.0,5.0
2458039.921029467,7560.0000525437135,26.87191488195276,7463.719363432248,33.76228463551788,7463.719363432248,33.76228463551788,20.13337111887187,0.0798847628866745,0.3760179758007964,1.877765462949178e-08,13.0,659.9826843261719,21.78780272174956,11.790455942175186,645.6077531775231,4.0
2458041.9259146564,7759.357913967903,288.73753173620184,7691.253900122869,329.9968460240985,7691.253900122869,329.9968460240985,20.67158828530224,0.7805883106711982,0.0342415700462381,3.120158963523498e-08,13.0,408.9967529296876,11.37626224142798,11.790455942175186,645.6077531775231,4.0
2458044.895612405,7488.914212226548,19.66335240719588,7382.586451861661,25.947035301293525,7382.586451861661,25.947035301293525,19.941456843329856,0.0614003292598436,0.4256627786159669,2.0128682525209207e-08,13.0,746.3220153808594,21.235493217363945,11.790455942175186,645.6077531775231,4.0
2458178.1985063865,0.0,0.0,0.0,0.0,0.0,0.0,0.0,0.0,0.0,0.0,13.0,0.0,0.0,0.0,0.0,5.0
2458187.2788760136,7476.2444919555455,58.475228975233314,7368.126029226364,67.96173921433216,7368.126029226364,67.96173921433216,19.90725171645396,0.1607678109176418,0.3659071765832133,3.337128072878627e-08,13.0,6310.519287109375,65.58396762189909,11.790455942175186,645.6077531775231,4.0
2458195.272720963,7519.376080664902,23.275775641113675,7417.353714473406,29.794160904181442,7417.353714473406,29.794160904181442,20.02369639183796,0.0704989804657362,0.3992354946423581,2.6035108513278953e-08,13.0,582.4184875488281,22.27286125154046,11.790455942175186,645.6077531775231,4.0
2458202.290294262,0.0,0.0,0.0,0.0,0.0,0.0,0.0,0.0,0.0,0.0,13.0,0.0,0.0,0.0,0.0,5.0
2458207.253066556,0.0,0.0,0.0,0.0,0.0,0.0,0.0,0.0,0.0,0.0,13.0,0.0,0.0,0.0,0.0,5.0
2458208.20112667,7599.969597325253,52.22973851228265,7509.338090422157,61.40576515523936,7509.338090422157,61.40576515523936,20.241279053789256,0.1452646761103975,0.3865587485011147,3.3744572777900306e-08,13.0,4994.821337890625,44.090696320456985,11.790455942175186,645.6077531775231,4.0
2458210.270712837,0.0,0.0,0.0,0.0,0.0,0.0,0.0,0.0,0.0,0.0,13.0,0.0,0.0,0.0,0.0,5.0
2458211.294159046,7558.308837741297,39.37006485847184,7461.789117121601,47.09163533182612,7461.789117121601,47.09163533182612,20.128805255091628,0.1114080054649719,0.3874274593500748,3.1459542256826535e-08,13.0,3961.6914306640624,36.32130097627794,11.790455942175186,645.6077531775231,4.0
2458214.298403596,7370.2782953740925,34.17318342080472,7247.182870668273,40.58691843365449,7247.182870668273,40.58691843365449,19.621169062607063,0.0960171473104241,0.38495085804715,3.2212125033780634e-08,13.0,10035.7048828125,52.13378205102619,11.790455942175186,645.6077531775231,4.0
2458215.229510459,0.0,0.0,0.0,0.0,0.0,0.0,0.0,0.0,0.0,0.0,13.0,0.0,0.0,0.0,0.0,5.0
2458215.2885603686,0.0,0.0,0.0,0.0,0.0,0.0,0.0,0.0,0.0,0.0,13.0,0.0,0.0,0.0,0.0,5.0
2458224.160903838,7515.062195769614,23.92930243759133,7412.430117310133,30.431805884482767,7412.430117310133,30.431805884482767,20.012049964212487,0.0720065624956035,0.360138336408396,1.6992811906141426e-08,13.0,547.257763671875,20.727973932979296,11.790455942175186,645.6077531775231,4.0
2458230.251486007,7593.79972595337,28.83808878083775,7502.296186912497,36.02257767813915,7502.296186912497,36.02257767813915,20.224621919411465,0.0852317407249711,0.3110997527408727,3.321955984137769e-08,13.0,512.6874694824219,16.905532224254504,11.790455942175186,645.6077531775231,4.0
2458231.141027427,7585.846999766912,29.92737807174805,7493.219444940365,37.11356813062701,7493.219444940365,37.11356813062701,20.20315151577202,0.0878113061803282,0.3166088376806368,3.375135760749152e-08,13.0,502.98058166503904,18.772988096380352,11.790455942175186,645.6077531775231,4.0
2458232.2126906663,7478.17832312171,21.056878062590577,7370.333182610178,27.256563037331283,7370.333182610178,27.256563037331283,19.91247258471153,0.0644961322516062,0.3435637273026382,1.986775276274265e-08,13.0,500.7183258056641,18.657965345893476,11.790455942175186,645.6077531775231,4.0
2458235.1299714018,7780.065995088471,81.44299378080194,7714.888802754053,94.59675868753547,7714.888802754053,94.59675868753547,20.72749500833439,0.2237754178086878,0.337269355515681,3.263183820588322e-08,13.0,2381.3088134765626,37.6499798851501,11.790455942175186,645.6077531775231,6.0
2458251.1527270377,7487.359634621424,17.550465043046895,7380.812154662628,23.878950850775343,7380.812154662628,23.878950850775343,19.937259866357664,0.0565104287820249,0.3912125673622337,3.2604706215018035e-08,13.0,525.5763122558594,16.12650946870716,11.790455942175186,645.6077531775231,4.0
2458252.2463375097,7539.52258263152,21.686786730500522,7440.3476659442185,28.338759123500957,7440.3476659442185,28.338759123500957,20.078086989351878,0.0670587544232549,0.3888986716403649,3.034073072236841e-08,13.0,531.654833984375,18.098492802308726,11.790455942175186,645.6077531775231,4.0
2458254.0798993423,7763.506103449058,113.1572403481205,7695.988382951668,130.30309490346878,7695.988382951668,130.30309490346878,20.68278737608508,0.3082322811834314,0.1193893026495104,2.852743779613092e-08,13.0,477.6064178466797,17.52855647646235,11.790455942175186,645.6077531775231,6.0
2458255.1770653846,7521.339803124529,22.41508107985417,7419.594983901414,28.935780458794046,7419.594983901414,28.935780458794046,20.028997959232044,0.0684693385927775,0.4081759157307558,3.2674744393292556e-08,13.0,528.639080810547,21.544937732056813,11.790455942175186,645.6077531775231,4.0
2458264.0527368784,7580.862517746971,36.768702174587254,7487.530470354928,44.37979827052132,7487.530470354928,44.37979827052132,20.189694640935347,0.104995291329293,0.3919403201568019,3.3749704751005305e-08,13.0,2622.304516601562,31.794193349626795,11.790455942175186,645.6077531775231,4.0
2458265.052733758,7759.315757255023,55.32428493108702,7691.205785099645,65.4513097088377,7691.205785099645,65.4513097088377,20.671474472551697,0.1548389719743788,0.4348878165628728,3.3455668723985224e-08,13.0,4011.99658203125,33.81290239878208,11.790455942175186,645.6077531775231,4.0
2458304.02368238,7423.635920625128,10.943893124030563,7308.081911487005,17.34135253420656,7308.081911487005,17.34135253420656,19.765221520157063,0.0410507507737014,0.9653436603310704,2.037394543294427e-08,13.0,616.3760131835938,29.088293312175267,11.790455942175186,645.6077531775231,0.0
2458305.9387936587,7481.4586754812335,11.90366107941911,7374.077170677531,18.740551331306857,7374.077170677531,18.740551331306857,19.921328728829568,0.0443626443833074,0.8824321284845057,2.8648334382472536e-08,13.0,595.076318359375,23.46530138221272,11.790455942175186,645.6077531775231,0.0
2458309.927752703,7416.907633856016,10.12041235358565,7300.402667730098,16.603956830343435,7300.402667730098,16.603956830343435,19.747056801625607,0.0393073270251775,0.9227691142727557,2.808518287141229e-08,13.0,585.0306030273438,24.937055385410645,11.790455942175186,645.6077531775231,0.0
2458311.0560593377,7405.375160860077,10.186483576221649,7287.2402276774055,16.532421958104546,7287.2402276774055,16.532421958104546,19.715921962530388,0.0391373482790726,0.9570001388975656,3.308676883610646e-08,13.0,576.4945922851562,27.69396288073764,11.790455942175186,645.6077531775231,0.0
2458312.0516006025,7422.4342721839275,9.434661693305296,7306.7104254599135,16.131383945975287,7306.7104254599135,16.131383945975287,19.7619773650761,0.0381908759547265,0.9593442094274032,3.2586541938616686e-08,13.0,577.1196105957031,22.10454442011442,11.790455942175186,645.6077531775231,0.0
2458312.920613721,7457.59466563362,10.270666107109003,7346.840289295141,17.16904932377055,7346.840289295141,17.16904932377055,19.85690177486801,0.0406462822139962,0.9151761618781366,3.37913300456256e-08,13.0,578.1368530273438,20.56164868211617,11.790455942175186,645.6077531775231,0.0
2458313.097183276,7450.100863408528,11.741019560932502,7338.287334296745,18.27813943953228,7338.287334296745,18.27813943953228,19.836670352988957,0.0432670915397189,0.9175546100369696,3.363561474567384e-08,13.0,580.446142578125,27.74509376374041,11.790455942175186,645.6077531775231,0.0
2458313.916857118,7480.509926566904,11.772870340995484,7372.99432827987,18.622576878355485,7372.99432827987,18.622576878355485,19.918767340235828,0.0440837141320315,0.9248323114596266,3.298681268898824e-08,13.0,590.9812744140626,24.42036735023224,11.790455942175186,645.6077531775231,0.0
2458314.9139549443,7472.406793949323,11.76052255115634,7363.745921857804,18.526924379121215,7363.745921857804,18.526924379121215,19.896890876245457,0.0438569487860566,0.9268633748127518,3.368264409062356e-08,13.0,587.6776000976563,25.416000283836773,11.790455942175186,645.6077531775231,0.0
2458317.0208146214,7419.893592254087,9.739164141051374,7303.810653027638,16.33726557939323,7303.810653027638,16.33726557939323,19.755118154494305,0.0386772487060685,0.9555591342368768,2.83418705620998e-08,13.0,576.4743041992188,23.839223991453835,11.790455942175186,645.6077531775231,0.0
2458317.906420188,7421.227338637479,11.412668101073118,7305.332907345778,17.705931121287666,7305.332907345778,17.705931121287666,19.75871894151157,0.0419123161030384,0.9129860932974716,3.3627606301906374e-08,13.0,1033.434484863281,29.758329457998897,11.790455942175186,645.6077531775231,0.0
2458330.0366029595,0.0,0.0,0.0,0.0,0.0,0.0,0.0,0.0,0.0,0.0,13.0,0.0,0.0,0.0,0.0,5.0
2458330.871330614,7412.910883398238,10.36627154767654,7295.841027887138,16.757607366792822,7295.841027887138,16.757607366792822,19.736266558938667,0.0396701721275904,0.8961248014906887,2.7616938648427585e-08,13.0,608.1489074707032,25.68227354611911,11.790455942175186,645.6077531775231,0.0
2458332.0131753925,7393.671215128434,12.410431085092698,7273.882079418411,18.294198715662148,7273.882079418411,18.294198715662148,19.68432418924602,0.0433009187858232,0.9545439558485216,3.3463101232719234e-08,13.0,1545.2929809570314,39.029696902893214,11.790455942175186,645.6077531775231,0.0
2458332.8642773377,7475.785037714311,12.558335691415627,7367.601637024509,19.231230469264478,7367.601637024509,19.231230469264478,19.906011303068425,0.0455220064706263,0.9244401416279286,3.3232447257335375e-08,13.0,848.4973327636719,28.05858635569585,11.790455942175186,645.6077531775231,0.0
2458335.9109124457,7426.06158724874,9.727076742997905,7310.850414958229,16.396374495951243,7310.850414958229,16.396374495951243,19.771770223115343,0.0388174548509044,0.942924749700357,3.375088918787187e-08,13.0,573.7337585449219,22.637126948116773,11.790455942175186,645.6077531775231,0.0
2458337.897892475,7458.113259594413,10.485003311970287,7347.432179856954,17.34270553509362,7347.432179856954,17.34270553509362,19.858301850942837,0.0410567570971514,0.9393347643564564,3.348684828187355e-08,13.0,581.9677978515624,22.246057405065084,11.790455942175186,645.6077531775231,0.0
2458338.9429549626,7404.726925255101,10.005676415682352,7286.500372288755,16.380957340564358,7286.500372288755,16.380957340564358,19.714171885919423,0.0387793056643193,0.9554409740186212,3.3733270250360653e-08,13.0,563.5198303222656,26.87896709496629,11.790455942175186,645.6077531775231,0.0
2458339.939406267,7411.941968404401,9.03425416709626,7294.735169193434,15.71011986291241,7294.735169193434,15.71011986291241,19.73365072689288,0.0371944121482054,0.9445375735185924,3.319749571560779e-08,13.0,566.7454284667969,20.93441187957993,11.790455942175186,645.6077531775231,0.0
2458339.9711400988,7426.647556346671,9.543799984177856,7311.519203268154,16.262049213262323,7311.519203268154,16.262049213262323,19.773352195480257,0.038500038677541,0.944410992619042,3.1616554340023855e-08,13.0,568.9131286621093,21.70475119316709,11.790455942175186,645.6077531775231,0.0
2458340.870585536,7407.971993831223,10.438569029791303,7290.204089662742,16.763500856396497,7290.204089662742,16.763500856396497,19.722932772505168,0.0396837201313294,0.9352772771129364,3.2064051242090673e-08,13.0,645.8610168457031,27.906777670567024,11.790455942175186,645.6077531775231,0.0
2458341.8703006567,0.0,0.0,0.0,0.0,0.0,0.0,0.0,0.0,0.0,0.0,13.0,0.0,0.0,0.0,0.0,5.0
2458343.0294540795,7415.5563513780735,9.684909877999303,7298.8603988154955,16.24713768527219,7298.8603988154955,16.24713768527219,19.743408671468472,0.038463884708218,0.8850270726136122,3.3397528629092774e-08,13.0,562.8496704101562,22.00205231773325,11.790455942175186,645.6077531775231,0.0
2458344.860176432,7478.258144466013,14.655409961441524,7370.424285677116,21.09860762985883,7370.424285677116,21.09860762985883,19.912688082698143,0.049936521052593,0.8724049533609928,3.07377646033894e-08,13.0,2507.481225585938,33.09068797454223,11.790455942175186,645.6077531775231,0.0
2458390.876143351,0.0,0.0,0.0,0.0,0.0,0.0,0.0,0.0,0.0,0.0,13.0,0.0,0.0,0.0,0.0,5.0
2458398.877090202,7416.602983649056,15.650555208069427,7300.054959126088,21.476305594638514,7300.054959126088,21.476305594638514,19.74623432103732,0.0508252966661213,0.8793244312200907,3.37926733184653e-08,13.0,2959.927001953125,44.82981303265614,11.790455942175186,645.6077531775231,0.0
2458686.023548548,7403.959991025267,12.271744909067467,7285.62504174794,18.2708862103633,7285.62504174794,18.2708862103633,19.71210135223157,0.0432465138332776,0.9872964759211692,2.8225343700660065e-08,13.0,1905.7319580078124,38.46858765765549,11.790455942175186,645.6077531775231,0.0
2458687.9896472422,7405.523890352439,8.968826271018397,7287.409978174803,15.588131056457764,7287.409978174803,15.588131056457764,19.71632349555934,0.0369055851610852,1.0230651663918893,3.3796697632121625e-08,13.0,641.3306762695313,23.481350190987666,11.790455942175186,645.6077531775231,0.0
2458688.8896788494,7430.847849156097,11.158267962616602,7316.313153562015,17.593513395455403,7316.313153562015,17.593513395455403,19.784691952427483,0.0416473336248724,0.9897737418115012,3.3262983520336134e-08,13.0,651.8380676269531,30.205951791688356,11.790455942175186,645.6077531775231,0.0
2458689.887335599,7445.124837507031,11.026179929473557,7332.6080109935765,17.635660014199217,7332.6080109935765,17.635660014199217,19.82323630759113,0.0417480888953389,0.9724413087450378,2.632877025313756e-08,13.0,624.6157653808593,27.207078350096925,11.790455942175186,645.6077531775231,0.0
2458691.9561366807,7421.5484234975465,9.95820116629615,7305.699373430195,16.52651888919434,7305.699373430195,16.52651888919434,19.75958579161889,0.039124675178949,0.9970129875391944,3.3220149355643856e-08,13.0,612.2273681640625,25.877631580366696,11.790455942175186,645.6077531775231,0.0
2458692.878520262,7418.760523784479,10.54846531646573,7302.51743987101,16.967164359171058,7302.51743987101,16.967164359171058,19.752059148459992,0.0401659332323091,0.9635891245176398,2.9888701232072646e-08,13.0,607.1909973144532,27.98754941090873,11.790455942175186,645.6077531775231,0.0
2458694.069251671,7405.285318990849,13.685255744279939,7287.137687812944,19.547093349354302,7287.137687812944,19.547093349354302,19.715679411592404,0.0462635526530642,0.5130359070877838,3.1769083558846386e-08,13.0,613.48740234375,21.389911656847683,11.790455942175186,645.6077531775231,4.0
2458694.927836291,7460.035449409178,10.940198883003987,7349.6260465337455,17.725944716188728,7349.6260465337455,17.725944716188728,19.86349129041642,0.0419627136202007,0.9600463908833594,3.234576524224897e-08,13.0,628.9450378417969,24.53712009063421,11.790455942175186,645.6077531775231,0.0
2458696.867566004,0.0,0.0,0.0,0.0,0.0,0.0,0.0,0.0,0.0,0.0,13.0,0.0,0.0,0.0,0.0,5.0
2458697.864766312,7438.848584665435,11.71732724173922,7325.4446903586895,18.14246127984698,7325.4446903586895,18.14246127984698,19.806291969424212,0.0429455042771699,0.9402566022979112,3.12040665598219e-08,13.0,833.6966674804688,29.80884255320265,11.790455942175186,645.6077531775231,0.0
2458697.9466047864,7440.900386936339,10.798660563406774,7327.78648854892,17.405976127287232,7327.78648854892,17.405976127287232,19.811831330633414,0.0412048667612109,0.9453487416600992,3.361378903270848e-08,13.0,590.8162231445312,25.77766128981287,11.790455942175186,645.6077531775231,0.0
2458699.953493158,7439.359869820646,7.090745835998695,7326.028239109046,14.696470013111346,7326.028239109046,14.696470013111346,19.807672313522563,0.0348015076432625,1.000010493959255,2.1491972917375453e-08,13.0,641.3606567382812,0.082854830458413,11.790455942175186,645.6077531775231,0.0
2458700.0451025297,7428.1198577739915,10.853152463773846,7313.199595607549,17.314223430114787,7313.199595607549,17.314223430114787,19.77732704701952,0.0409869781614206,0.9680159595668664,2.0930324289736858e-08,13.0,625.1027038574218,28.340172903742115,11.790455942175186,645.6077531775231,0.0
2458717.9215847813,7412.050008640254,9.308677894299409,7294.858479530092,15.918658682823969,7294.858479530092,15.918658682823969,19.73394240894236,0.0376872703756915,0.9607799422073722,3.349707521045483e-08,13.0,625.6291625976563,22.729860417836605,11.790455942175186,645.6077531775231,0.0
2458724.899117632,7411.581019490035,9.544794128871247,7294.323204782233,16.094562630755597,7294.323204782233,16.094562630755597,19.732676253648982,0.0381029630257488,0.9555024626671228,3.37715899792893e-08,13.0,641.2916870117188,23.87229510701446,11.790455942175186,645.6077531775231,0.0
2458727.8651252324,7456.339579154917,17.103623022405827,7345.407812449742,23.19385291091505,7345.407812449742,23.19385291091505,19.85351335023622,0.0548886078981323,0.9441567378952544,3.3332737306399104e-08,13.0,2200.6181640625,47.58615363108437,11.790455942175186,645.6077531775231,0.0
2458749.871774115,7447.991696205321,15.199621516604886,7335.8800633772225,21.32303268866613,7335.8800633772225,21.32303268866613,19.83097612057932,0.0504649482938327,0.8990723246033288,3.2253212497729364e-08,13.0,2485.5417724609374,39.966099233817005,11.790455942175186,645.6077531775231,0.0
2458749.8755697296,7446.998704398041,12.519178813639888,7334.746724921482,18.90800782549321,7334.746724921482,18.90800782549321,19.82829528706224,0.0447557189249687,0.9022402616377964,3.3147067102051155e-08,13.0,1321.8587280273437,30.589912725059747,11.790455942175186,645.6077531775231,0.0
2458751.872498225,8417.816616142256,1770.9138866287617,8442.777289563548,2021.4000645654226,8442.777289563548,2021.4000645654226,22.449264742924505,4.781483533987139,0.0547816830551534,3.1473279828782093e-08,13.0,2456.145361328125,25.925941264350524,11.790455942175186,645.6077531775231,4.0
2458751.8762789294,7430.440972662721,14.816550007784684,7315.848770297922,20.81259804670789,7315.848770297922,20.81259804670789,19.783593486022458,0.0492570211606259,0.5426213272931647,3.3062625649099214e-08,13.0,1286.204736328125,23.423640946022903,11.790455942175186,645.6077531775231,4.0
2458753.873222834,7482.360356068614,50.09413950637815,7375.106292244282,58.61640772932647,7375.106292244282,58.61640772932647,19.92376304452345,0.1386636799460699,0.2594442310109286,3.3416532429264635e-08,13.0,2700.683740234375,38.23874744286757,11.790455942175186,645.6077531775231,4.0
2458753.877006993,7493.757977181124,41.97517007619033,7388.114820830432,49.66565914170266,7388.114820830432,49.66565914170266,19.954533816718737,0.117493587069609,0.2449354453484896,3.236822136164547e-08,13.0,1403.763623046875,28.433844213895544,11.790455942175186,645.6077531775231,4.0
2457889.0008545164,7226.151411731277,21.727450392466082,6809.621322811043,25.262575640496532,6809.621322811043,25.262575640496532,18.43807337416971,0.0793131794867541,0.4961111391786565,5.438823361249519e-09,13.0,10564.7947265625,70.91922789011042,9.698930250631406,644.7307264598899,4.0
2458565.2761287848,7208.737873609339,11.34198406499037,6791.284408189632,15.89462899022065,6791.284408189632,15.89462899022065,18.390252112867827,0.0605660233484968,0.8739045192365535,3.15695573552458e-09,13.0,5416.23232421875,68.05178734078359,9.698930250631406,644.7307264598899,0.0
2457871.274066617,7286.055976587495,12.526989474398782,6872.702408544986,17.488662301312715,6872.702408544986,17.488662301312715,18.60258398821636,0.0634857673058616,0.5180277124743868,4.812142165016053e-09,13.0,1331.8759521484376,35.29417266382935,9.698930250631406,644.7307264598899,4.0
2458573.202060757,7209.824569177816,7.062318358924856,6792.428727265923,12.868260838370706,6792.428727265923,12.868260838370706,18.393236408900712,0.0554636474997422,0.8252198198299897,4.908548138133492e-09,13.0,1838.3139892578129,38.95644032777616,9.698930250631406,644.7307264598899,0.0
2457890.194210506,7217.689437631395,21.893868200867242,6800.710641046569,25.375887325320946,6800.710641046569,25.375887325320946,18.41483500229338,0.0795586530318547,0.3486568316875227,3.3511815277954847e-09,13.0,6971.131640625001,50.81375460033148,9.698930250631406,644.7307264598899,4.0
2458580.227870861,7225.020935245637,7.320491992945239,6808.430901275021,13.184683731810544,6808.430901275021,13.184683731810544,18.43496884647196,0.0559672236989051,1.0036192121844971,4.28733168119503e-09,13.0,1436.2322265625,47.493607183780895,9.698930250631406,644.7307264598899,0.0
2457895.151137891,7221.778552160409,9.54285069930982,6805.016586424848,14.645974696598085,6805.016586424848,14.645974696598085,18.4260645762614,0.0583859433365721,0.468933641856549,4.029970937243541e-09,13.0,1169.9040283203126,28.256436003205614,9.698930250631406,644.7307264598899,4.0
2458585.1745243184,7202.074728104095,4.946199883650896,6784.267940348105,11.633693438750402,6784.267940348105,11.633693438750402,18.371953705038955,0.0535766816519349,0.9965776938213714,4.017005316881076e-09,13.0,1370.7791748046875,33.06540964689719,9.698930250631406,644.7307264598899,0.0
2457896.030634552,7248.267771544158,9.961189443572646,6832.910432628085,15.19594983114576,6832.910432628085,15.19594983114576,18.49880957919892,0.0593349105938363,0.5377904282956993,4.585266684737946e-09,13.0,1370.2177001953123,31.913373432486463,9.698930250631406,644.7307264598899,4.0
2458586.171876702,7189.10310695502,7.607847594008616,6770.608481377377,12.999129324137765,6770.608481377377,12.999129324137765,18.336330887887435,0.0556703154096057,0.604247860212453,5.25293394316266e-09,13.0,1214.0546875,32.00185033205255,9.698930250631406,644.7307264598899,4.0
2457900.1116444576,7238.471285407721,8.11211401142581,6822.594474514599,13.824107738983194,6822.594474514599,13.824107738983194,18.471906354817403,0.0570073036633637,0.5786701317804682,3.354948445419534e-09,13.0,1136.1901123046875,28.325243339553047,9.698930250631406,644.7307264598899,4.0
2458587.1691205557,7191.560274822528,5.507522822747667,6773.195943906904,11.792989044847683,6773.195943906904,11.792989044847683,18.34307879091735,0.053812764712575,0.949212356194748,4.6396156716687534e-09,13.0,1295.814697265625,36.47547348564297,9.698930250631406,644.7307264598899,0.0
2457918.058025528,7468.266580514337,42.44145282857502,7064.574977113512,46.79146752157833,7064.574977113512,46.79146752157833,19.102972871931023,0.1297778987222906,0.5470640759150315,3.226689120999792e-09,13.0,9113.5158203125,82.86205003129322,9.698930250631406,644.7307264598899,4.0
2458591.158676648,7210.170930407521,6.955065305258459,6792.793454770045,12.806957451260962,6792.793454770045,12.806957451260962,18.39418759014569,0.0553670674693244,1.0503826664881917,4.0668283120826685e-09,13.0,3994.37529296875,49.38877347113153,9.698930250631406,644.7307264598899,0.0
2457920.150145301,7190.935660666823,14.36287740139381,6772.538208737617,18.276383838671745,6772.538208737617,18.276383838671745,18.34136346824464,0.064974834629254,0.4169607465129761,2.586294031880997e-09,13.0,2602.7857910156254,42.34891293031728,9.698930250631406,644.7307264598899,4.0
2458592.216668576,7208.560414198531,9.581858948562235,6791.097538752647,14.551759804884643,6791.097538752647,14.551759804884643,18.38976477176601,0.0582251624769921,1.05999608088247,4.320965555497069e-09,13.0,4226.92626953125,69.81690724354024,9.698930250631406,644.7307264598899,0.0
2457927.9910324514,7246.693478364174,32.279531550623105,6831.252660414982,35.718987259952726,6831.252660414982,35.718987259952726,18.49448623692359,0.1030895888637093,0.1129564832294379,3.78250309800155e-09,13.0,793.1183959960938,20.75378970185152,9.698930250631406,644.7307264598899,4.0
2458593.149448904,7244.550910513903,10.751773000650775,6828.99647999571,15.748837617479982,6828.99647999571,15.748837617479982,18.488602292126888,0.0603073888598931,1.0232807859574415,5.4554420814282635e-09,13.0,9853.233984375,68.893365573255,9.698930250631406,644.7307264598899,0.0
2457931.0465760604,7336.323932849502,16.37765662219292,6925.635891431381,21.087018608382404,6925.635891431381,21.087018608382404,18.740630435450903,0.0705319623979933,0.5393145878342533,4.850616345358232e-09,13.0,1203.051318359375,42.681663947628174,9.698930250631406,644.7307264598899,4.0
2458594.249424912,7266.681272047313,11.540899754090459,6852.300333993525,16.54853282449275,6852.300333993525,16.54853282449275,18.549376948844174,0.0617472832544696,0.9808563879806528,4.203206305026224e-09,13.0,5872.23388671875,66.75147445800539,9.698930250631406,644.7307264598899,0.0
2457934.126702268,7272.571277135856,12.782473247148083,6858.502664598143,17.579922810572427,6858.502664598143,17.579922810572427,18.56555214945168,0.0636565249117269,0.5115603771500894,4.1972977920785835e-09,13.0,1138.1479248046876,37.04515548831916,9.698930250631406,644.7307264598899,4.0
2458595.144156329,7192.049352214941,32.12991370387222,6773.71095529202,35.359346559748616,6773.71095529202,35.359346559748616,18.344421900951385,0.1022420532956626,0.5285530201341545,2.558086442289561e-09,13.0,36234.771875,122.65971890693436,9.698930250631406,644.7307264598899,6.0
2457936.9666828127,7236.0931250570275,10.876897241216298,6820.090208982725,15.768916095062934,6820.090208982725,15.768916095062934,18.4653754231508,0.0603428208118054,0.5640253324346811,2.440533171860657e-09,13.0,1904.8769287109376,38.38011412267048,9.698930250631406,644.7307264598899,4.0
2458600.130712778,7280.552106303762,17.193020944730286,6866.9066880674245,21.40084501984401,6866.9066880674245,21.40084501984401,18.587469195509275,0.0711700980122874,0.9022042670359736,3.223703176099824e-09,13.0,3081.24345703125,88.92554313413916,9.698930250631406,644.7307264598899,2.0
2457937.060429991,7196.385619425138,7.722251112195549,6778.277158957932,13.146601850475996,6778.277158957932,13.146601850475996,18.356330208492416,0.0559055180851739,0.5742108232447638,2.469568991194314e-09,13.0,1651.95673828125,30.177234746450058,9.698930250631406,644.7307264598899,4.0
2458602.185730501,7283.996681193094,10.13286446235338,6870.533916216603,15.65523093131372,6870.533916216603,15.65523093131372,18.59692872720829,0.0601426736724541,0.9522856221532268,5.4537057796553085e-09,13.0,1862.4919921875,53.75882239872422,9.698930250631406,644.7307264598899,0.0
2457938.942556409,8723.387091948684,849.2134163718164,8386.249957613816,894.7695738002897,8386.249957613816,894.7695738002897,22.549799445735573,2.333913351256584,0.5977549906180014,3.833416450460859e-09,13.0,6914.17861328125,75.27953477196174,9.698930250631406,644.7307264598899,4.0
2458603.195146498,7354.53930178473,16.739435029554816,6944.817155033519,21.534968898736402,6944.817155033519,21.534968898736402,18.79065369387559,0.0714472447917538,0.7731894685229965,2.5659201081113474e-09,13.0,1729.2189453125,60.569434679053984,9.698930250631406,644.7307264598899,2.0
2457939.0826386744,7821.8850897405055,83.58106136531788,7436.9445878626375,89.94575257986237,7436.9445878626375,89.94575257986237,20.074084142510927,0.2387027506693222,0.6159938209119568,2.711927477490078e-09,13.0,7398.735546875,74.76068355951334,9.698930250631406,644.7307264598899,4.0
2458610.172238317,7179.384730107933,5.1807813736305635,6760.374774404338,11.490855487738683,6760.374774404338,11.490855487738683,18.309642168146475,0.0533660765727681,1.0484581924640086,5.2051827815758676e-09,13.0,1406.1711669921874,39.32961867107531,9.698930250631406,644.7307264598899,0.0
2457939.9279895755,7487.4828340765835,34.15198791579079,7084.810198608824,38.63248531217117,7084.810198608824,38.63248531217117,19.15574477138125,0.1100098162792564,0.5883673019106759,3.385124695026664e-09,13.0,9990.8955078125,67.86750772733942,9.698930250631406,644.7307264598899,4.0
2458611.1596000157,7170.216871901015,5.173237902998757,6750.720778069742,11.384556929634044,6750.720778069742,11.384556929634044,18.284465289110084,0.0532107073536817,1.0480688657611554,4.304491832151997e-09,13.0,1322.3694580078122,40.26383743278115,9.698930250631406,644.7307264598899,0.0
2457940.094700545,7444.781763176064,35.25105209637294,7039.844845452983,39.51625491152162,7039.844845452983,39.51625491152162,19.03847859289961,0.1121230078794964,0.6101182562318481,2.696246073229724e-09,13.0,10604.2205078125,81.40382540837477,9.698930250631406,644.7307264598899,4.0
2458616.2598420302,7213.007048576783,5.898730496333065,6795.77996195554,12.236260462108046,6795.77996195554,12.236260462108046,18.40197617091002,0.0544822558600744,1.015791942158501,4.608527577752659e-09,13.0,1644.939697265625,39.63467822748938,9.698930250631406,644.7307264598899,0.0
2457940.990907581,7423.504345260838,36.9943366202123,7017.439163566644,41.15469626575488,7017.439163566644,41.15469626575488,18.980046299885487,0.1160619426834827,0.619996670431967,5.455627316813169e-09,13.0,19601.8359375,91.56807496661102,9.698930250631406,644.7307264598899,4.0
2458618.086926837,7218.455845422971,6.354945126014076,6801.51768865177,12.545957952792193,6801.51768865177,12.545957952792193,18.41693972030118,0.0549593683564813,1.0104264871115505,5.420978510109312e-09,13.0,2523.60732421875,42.09879199238719,9.698930250631406,644.7307264598899,0.0
2457941.9789959714,-3636224.1951565146,-3636224.1951565146,-3636224.1951565146,-3636224.1951565146,-3636224.1951565146,-3636224.1951565146,0.0,0.0,0.6480720474879339,-9999.99,13.0,-9999.99,-9999.99,-9999.99,-9999.99,7.0
2458619.0842119227,7203.517331349306,6.204823086562123,6785.787039588871,12.299982934156652,6785.787039588871,12.299982934156652,18.375915398880903,0.0545795097209728,1.0251222030427067,3.339134729347148e-09,13.0,3405.183056640625,43.48459114610961,9.698930250631406,644.7307264598899,0.0
2457942.219538256,7101.778270446824,35.93007875973617,6678.653126861445,38.921958409290596,6678.653126861445,38.921958409290596,18.09651840431513,0.1106938811456771,0.5897256254316408,5.414213096844304e-09,13.0,68972.684375,192.69747872221615,9.698930250631406,644.7307264598899,6.0
2458626.190344814,6535.087787622088,10.939266150062966,6081.913111847942,12.072180334697606,6081.913111847942,12.072180334697606,16.54026639701569,0.0542529674197822,1.03701929190402,3.119616506287072e-09,13.0,18409.94453125,435.646221834807,9.698930250631406,644.7307264598899,2.0
2457942.886956347,7133.827265486566,91.79640515105571,6712.401563372778,97.13323808529913,6712.401563372778,97.13323808529913,18.184531727944517,0.2571357853758604,0.2833192419469758,5.415320473583458e-09,13.0,77499.871875,218.39365016059304,9.698930250631406,644.7307264598899,4.0
2458627.183064791,7179.86416225182,6.837544412499438,6760.879629088531,12.419437260644905,6760.879629088531,12.419437260644905,18.31095879028661,0.0547626275834171,1.0438099892277388,2.98598736941271e-09,13.0,4371.3298828125,52.3202060302848,9.698930250631406,644.7307264598899,0.0
2457943.1834906638,7614.877504708146,97.20730422021876,7218.960144601176,103.57306388653066,7218.960144601176,103.57306388653066,19.50559750033723,0.2737012455978423,0.5595523156387268,2.318461903105832e-09,13.0,46094.87421875,134.59069364350958,9.698930250631406,644.7307264598899,4.0
2458628.056220164,7176.614866978844,7.329568754868185,6757.458035522476,12.69395843020575,6757.458035522476,12.69395843020575,18.30203553774553,0.055189010154211,1.0292072957249256,2.9448747967142503e-09,13.0,3560.269140625,55.96113571827728,9.698930250631406,644.7307264598899,0.0
2457944.9902814496,-3636224.1951565146,-3636224.1951565146,-3636224.1951565146,-3636224.1951565146,-3636224.1951565146,-3636224.1951565146,0.0,0.0,0.5652886108145723,-9999.99,13.0,-9999.99,-9999.99,-9999.99,-9999.99,7.0
2458629.0537230712,7175.7890029492555,5.766582205186128,6756.588378931529,11.757016675932972,6756.588378931529,11.757016675932972,18.29976754032408,0.0537588494397542,1.00788334936614,5.216098285238782e-09,13.0,2020.222412109375,42.709725131864765,9.698930250631406,644.7307264598899,0.0
2457946.1504629627,-3636224.1951565146,-3636224.1951565146,-3636224.1951565146,-3636224.1951565146,-3636224.1951565146,-3636224.1951565146,0.0,0.0,-9999.99,-9999.99,13.0,-9999.99,-9999.99,-9999.99,-9999.99,5.0
2458629.2475106274,7191.193230233569,5.988333448534779,6772.809436280317,12.046058208616136,6772.809436280317,12.046058208616136,18.34207080879017,0.0541926584774775,1.0190200546268886,2.162314258585896e-09,13.0,2503.568505859375,43.07308466251009,9.698930250631406,644.7307264598899,0.0
2457947.99365303,7231.991294684717,11.353899675904689,6815.7708734862945,16.10212202090567,6815.7708734862945,16.10212202090567,18.45411092878575,0.0609382405793917,0.430727224611303,1.6797969628487391e-09,13.0,2473.342919921875,30.34335226258193,9.698930250631406,644.7307264598899,4.0
2458630.187146616,7194.132994900431,6.707385032781756,6775.905085959655,12.490058124200678,6775.905085959655,12.490058124200678,18.35014402477395,0.0548720784307199,1.0495120261056463,4.22397022525587e-09,13.0,1661.790771484375,49.78357636219676,9.698930250631406,644.7307264598899,0.0
2457948.176398199,0.0,0.0,0.0,0.0,0.0,0.0,0.0,0.0,0.0,0.0,13.0,0.0,0.0,0.0,0.0,5.0
2458631.0915452675,7198.89216562179,5.547005563064688,6780.916618169547,11.894926589460965,6780.916618169547,11.894926589460965,18.363213714865225,0.0539653204869022,1.0252972794373734,4.603040004038001e-09,13.0,1339.572607421875,39.07408045941067,9.698930250631406,644.7307264598899,0.0
2457956.014613976,7215.150069095176,7.460356025529392,6798.036619046278,13.16959847295956,6798.036619046278,13.16959847295956,18.4078613588292,0.0559427906421675,0.5998137934493697,2.9782344592058127e-09,13.0,1146.4110595703123,28.78174269126152,9.698930250631406,644.7307264598899,4.0
2458639.0306101707,7300.471576875484,11.739589935960604,6887.882415608818,16.999521180834627,6887.882415608818,16.999521180834627,18.64217227770516,0.0625761279133162,0.9074105843742376,3.6094666411593204e-09,13.0,1514.00283203125,57.092090925721614,9.698930250631406,644.7307264598899,0.0
2457957.1494937656,7234.445505968625,8.61588287299564,6818.355222655357,14.118391854327106,6818.355222655357,14.118391854327106,18.46085071241132,0.0574956179636648,0.5718506435595685,5.079981032743644e-09,13.0,1148.8200439453124,30.314862406177397,9.698930250631406,644.7307264598899,4.0
2458641.1774530974,7194.981476497226,6.608184977900372,6776.798559445016,12.440259977171841,6776.798559445016,12.440259977171841,18.352474134822003,0.054795105181512,1.027716696773627,5.209429853638502e-09,13.0,1344.224462890625,47.73039292900594,9.698930250631406,644.7307264598899,0.0
2457957.8751489324,7251.797381033106,10.884242038177568,6836.627204451977,15.913953898771254,6836.627204451977,15.913953898771254,18.50850263390629,0.0606016869536771,0.5746580342936727,4.692967726633903e-09,13.0,1207.7409912109374,37.51264139644604,9.698930250631406,644.7307264598899,4.0
2458647.009073411,-3636224.1951565146,-3636224.1951565146,-3636224.1951565146,-3636224.1951565146,-3636224.1951565146,-3636224.1951565146,0.0,0.0,-9999.99,-9999.99,13.0,-9999.99,-9999.99,-9999.99,-9999.99,5.0
2457958.927188262,7218.962736231455,9.148727475440722,6802.051458033527,14.337648653988827,6802.051458033527,14.337648653988827,18.41833174974599,0.0578630353135259,0.5986372495846569,4.630851843602093e-09,13.0,1140.0486083984374,35.54463893524369,9.698930250631406,644.7307264598899,4.0
2458653.986029724,6949.903400411056,18.657176984909633,6518.724885657245,20.949947537891454,6518.724885657245,20.949947537891454,17.67943786649957,0.0702489993024956,0.9097730706195538,2.6507425963391276e-09,13.0,10904.6677734375,228.4988152145036,9.698930250631406,644.7307264598899,2.0
2457959.0487226937,7227.307268312459,8.486946422925433,6810.838470256626,13.961018674500309,6810.838470256626,13.961018674500309,18.44124760098158,0.0572334543173926,0.6016183743835732,2.013373983992884e-09,13.0,1103.023486328125,32.15934104310084,9.698930250631406,644.7307264598899,4.0
2458655.0028235484,7218.185257510703,11.837480592392001,6801.232752448102,16.368455388244982,6801.232752448102,16.368455388244982,18.416196628623485,0.0614185860231193,0.9679374200356946,4.4265580218494095e-09,13.0,6276.836132812499,76.99520007485737,9.698930250631406,644.7307264598899,0.0
2457960.0417241952,7183.994048805228,7.237086273082935,6765.228508483158,12.71004553795134,6765.228508483158,12.71004553795134,18.32230033286313,0.0552143434085781,0.6030946849333987,2.593999775218769e-09,13.0,1106.0623779296875,30.686150496892985,9.698930250631406,644.7307264598899,4.0
2458656.036420499,7201.668171399964,8.090284870301753,6783.839825422804,13.44190094347797,6783.839825422804,13.44190094347797,18.370837214280677,0.0563812176863277,0.9950116966625708,4.631355377835072e-09,13.0,4249.1453125,55.95327218399044,9.698930250631406,644.7307264598899,0.0
2457960.165368032,7278.133433887039,17.21452912506715,6864.359762262224,21.403381158765583,6864.359762262224,21.403381158765583,18.580827009134865,0.0711752142047614,0.3429424797954748,3.966587053401187e-09,13.0,1100.1084228515624,32.68921719711434,9.698930250631406,644.7307264598899,4.0
2457845.1176809967,7279.3536839240505,155.62632839682513,6865.644717714045,164.27436423211506,6865.644717714045,164.27436423211506,18.584178074005465,0.4306849723977455,0.0175247267938118,3.845589250167316e-09,13.0,460.7327880859375,12.516430153076143,9.698930250631406,644.7307264598899,4.0
2457960.971258143,7231.003015812116,7.965260735893339,6814.730189784789,13.65328914711222,6814.730189784789,13.65328914711222,18.45139690582987,0.056726404230775,0.595674278536035,4.1835194583161425e-09,13.0,1166.630029296875,29.33732363572413,9.698930250631406,644.7307264598899,4.0
2457845.131237089,0.0,0.0,0.0,0.0,0.0,0.0,0.0,0.0,0.0,0.0,13.0,0.0,0.0,0.0,0.0,5.0
2457961.0699617467,7258.458201554893,11.510246197359502,6843.641224024639,16.45297862154997,6843.641224024639,16.45297862154997,18.5267946568385,0.061573110793302,0.5609962229696698,2.828306343522201e-09,13.0,1239.0307373046876,38.023770791432064,9.698930250631406,644.7307264598899,4.0
2457852.1332072737,7169.777738310807,10.611926352067798,6750.25835882475,14.989771979978014,6750.25835882475,14.989771979978014,18.283259335327653,0.0589752263630238,0.5412964731613424,2.429571685187253e-09,13.0,4045.020556640625,42.91914260377049,9.698930250631406,644.7307264598899,4.0
2457902.151984747,7154.257094269531,7.085569817330726,6733.91471156242,12.312388332034459,6733.91471156242,12.312388332034459,18.24063636180706,0.0545974806314083,0.5472898786723158,4.4974480372711746e-09,13.0,1263.115185546875,29.005641534264164,9.698930250631406,644.7307264598899,4.0
2457967.010659812,7382.614776255236,29.50423774405146,6974.381369652996,33.57824680748545,6974.381369652996,33.57824680748545,18.86775488901623,0.0980773513592829,0.5538000504772475,4.869725360103166e-09,13.0,5820.3388671875,72.17284841409595,9.698930250631406,644.7307264598899,4.0
2457902.1676869127,7264.173254896755,11.19259055216103,6849.6593258286875,16.25878749593893,6849.6593258286875,16.25878749593893,18.542489402920623,0.0612214502626481,0.5530919770193525,3.5528117092796587e-09,13.0,1211.821875,35.780953971861585,9.698930250631406,644.7307264598899,4.0
2457967.887399615,7290.260847956839,24.02447359129404,6877.13024892721,27.80476694013127,6877.13024892721,27.80476694013127,18.614131454968163,0.084902076486073,0.5833692672134818,2.051685944308112e-09,13.0,8639.5263671875,78.53606018416338,9.698930250631406,644.7307264598899,4.0
2457903.05667311,7205.86826362374,7.50348992955638,6788.262633238772,13.101811597063955,6788.262633238772,13.101811597063955,18.38237155648722,0.0558341902456625,0.5698371434975898,2.539416230138317e-09,13.0,1202.1094970703125,28.163151556261507,9.698930250631406,644.7307264598899,4.0
2458673.935192556,7226.883267099476,9.454011553799308,6810.391985803709,14.629842162005053,6810.391985803709,14.629842162005053,18.44008320390981,0.0583585666333395,0.9498887173587336,4.4862380151248554e-09,13.0,1831.2849853515625,58.30189903343442,9.698930250631406,644.7307264598899,0.0
2457968.1242179917,-3636224.1951565146,-3636224.1951565146,-3636224.1951565146,-3636224.1951565146,-3636224.1951565146,-3636224.1951565146,0.0,0.0,-9999.99,-9999.99,13.0,-9999.99,-9999.99,-9999.99,-9999.99,5.0
2457971.9199035265,7082.901436562864,24.59793569898481,6658.775323233664,27.387619537704175,6658.775323233664,27.387619537704175,18.044678623140527,0.083971799865048,0.6165651762594928,2.311297746463023e-09,13.0,26045.874609375,144.6424789299631,9.698930250631406,644.7307264598899,6.0
2457973.947545953,7631.071836828921,52.75471492252399,7236.0132031680205,57.812539998152026,7236.0132031680205,57.812539998152026,19.55007056391192,0.1571133594520676,0.608028522820173,3.408815163367975e-09,13.0,10281.7767578125,75.62543089065966,9.698930250631406,644.7307264598899,4.0
2457976.09177685,7269.631325116471,14.894817629674115,6855.406817631662,19.313874337737698,6855.406817631662,19.313874337737698,18.557478418958222,0.0669868054995248,0.5584091599039246,3.881042452609267e-09,13.0,3242.34443359375,48.29956945827868,9.698930250631406,644.7307264598899,4.0
2457977.918987385,7247.943072719295,8.779309100876485,6832.568516207226,14.36192107757731,6832.568516207226,14.36192107757731,18.497917887502528,0.0579047921438335,0.5752739331659023,3.0201737486267787e-09,13.0,1171.1370849609375,29.88899663290061,9.698930250631406,644.7307264598899,4.0
2457978.10301369,7240.893154596259,8.88063562320961,6825.144766604779,14.36191005561474,6825.144766604779,14.36191005561474,18.47855732020382,0.0579045591169382,0.5630018618581192,4.999270501388001e-09,13.0,2037.6538574218748,30.221249767611308,9.698930250631406,644.7307264598899,4.0
2457979.9333540234,7190.029301785287,7.674744007148797,6771.583788945919,13.051933593351006,6771.583788945919,13.051933593351006,18.338874414922813,0.0557543022498428,0.613500135558753,4.099562137080947e-09,13.0,1101.97392578125,32.78392922364327,9.698930250631406,644.7307264598899,4.0
2457980.945103949,7237.78758730425,8.908805640552051,6821.874522391005,14.351019331619106,6821.874522391005,14.351019331619106,18.470028775118852,0.0578860996182992,0.5928777076544578,3.440155041308552e-09,13.0,1137.8284423828125,32.4102704632112,9.698930250631406,644.7307264598899,4.0
2457984.974239867,7241.400839141342,8.919155709813088,6825.679371812094,14.393298856229732,6825.679371812094,14.393298856229732,18.47995152941732,0.0579575576284557,0.5730527585078932,3.8584467887100755e-09,13.0,1169.007373046875,30.8752525821823,9.698930250631406,644.7307264598899,4.0
2457985.921308683,7220.763121879698,7.0224250883319375,6803.947311574955,12.9588042176903,6803.947311574955,12.9588042176903,18.4232759897922,0.055607134938595,0.6114502557563565,5.392877803355392e-09,13.0,1207.72392578125,27.02028936603,9.698930250631406,644.7307264598899,4.0
2457987.9628133527,7189.333915882295,7.682165614066917,6770.851529261361,13.049814514681561,6770.851529261361,13.049814514681561,18.33696473805301,0.0557509127779522,0.5902444439798784,3.3036682294984483e-09,13.0,1112.5212646484374,31.524083563735456,9.698930250631406,644.7307264598899,4.0
2457989.0296905986,7173.601883009465,7.436434887156137,6754.285283987706,12.732451837388512,6754.285283987706,12.732451837388512,18.29376124606,0.0552492241607883,0.5811367501673342,5.103917762681395e-09,13.0,1137.494482421875,31.22992907549653,9.698930250631406,644.7307264598899,4.0
2457989.074309016,7250.071294862939,9.620474997601548,6834.809590219312,14.967620786777593,6834.809590219312,14.967620786777593,18.50376243595255,0.0589389204138312,0.5441531128841464,3.4796594748963834e-09,13.0,1172.6497314453125,30.910637984975228,9.698930250631406,644.7307264598899,4.0
2457990.9665426854,7251.019533566741,8.743636666593057,6835.808110567708,14.36813883204561,6835.808110567708,14.36813883204561,18.50636650013029,0.0579153781639051,0.5807023361708159,4.155462793171645e-09,13.0,1144.4289306640626,29.824206658092667,9.698930250631406,644.7307264598899,4.0
2457991.9439655044,0.0,0.0,0.0,0.0,0.0,0.0,0.0,0.0,0.0,0.0,13.0,0.0,0.0,0.0,0.0,5.0
2457996.0221062684,7343.574107024303,28.477344472759235,6933.27051593461,32.3847924945575,6933.27051593461,32.3847924945575,18.760540948252466,0.0953075182450109,0.5301902780582401,4.849772941247688e-09,13.0,8472.818164062499,73.71007318209904,9.698930250631406,644.7307264598899,4.0
2457997.0046556992,7247.795808788106,26.195824518771985,6832.413443406164,29.693136504424047,6832.413443406164,29.693136504424047,18.49751346957871,0.0891440215107611,0.5941710371193235,3.9446946787518545e-09,13.0,19876.8765625,97.44913801837956,9.698930250631406,644.7307264598899,4.0
2457997.865732924,7203.082337264344,19.197602454449147,6785.328979352005,22.740984414819135,6785.328979352005,22.740984414819135,18.37472081305601,0.0739408581738889,0.6005255753771223,2.8033479496180006e-09,13.0,11842.532421875,80.69854592902693,9.698930250631406,644.7307264598899,4.0
2457998.013515408,7245.100799895539,20.829657372856218,6829.575528008335,24.517412367043466,6829.575528008335,24.517412367043466,18.490112404754324,0.0777068634989443,0.5866757622081793,2.233895692383044e-09,13.0,11405.06640625,76.68966506670284,9.698930250631406,644.7307264598899,4.0
2457998.883092405,7236.6689315066415,17.531741924137666,6820.696548351041,21.411575475570864,6820.696548351041,21.411575475570864,18.46695670953231,0.0711908799001867,0.597243229494194,2.7449480218829633e-09,13.0,8599.23046875,67.03268937579689,9.698930250631406,644.7307264598899,4.0
2458000.0289634718,-3636224.1951565146,-3636224.1951565146,-3636224.1951565146,-3636224.1951565146,-3636224.1951565146,-3636224.1951565146,0.0,0.0,-9999.99,-9999.99,13.0,-9999.99,-9999.99,-9999.99,-9999.99,5.0
2458000.9458059305,7204.917949230153,11.92594602040781,6787.261927134317,16.330454755310164,6787.261927134317,16.330454755310164,18.379761792025995,0.0613494321639493,0.5899508079363144,2.403173165860406e-09,13.0,5362.6240234375,48.29717603948495,9.698930250631406,644.7307264598899,4.0
2458002.001748652,7223.432594530517,15.371025170305519,6806.758336637159,19.389859858328034,6806.758336637159,19.389859858328034,18.430606926691944,0.0671347122140382,0.5660515943828982,4.649311504864873e-09,13.0,7166.58330078125,57.26974886468008,9.698930250631406,644.7307264598899,4.0
2458003.014511082,7227.936776177198,15.965731345676941,6811.501358630511,19.946638850641566,6811.501358630511,19.946638850641566,18.44297636281507,0.0682352061845178,0.5500220983230486,3.2219929601885797e-09,13.0,7303.441210937501,57.15304931486215,9.698930250631406,644.7307264598899,4.0
2458003.9172199904,7190.037569353801,10.550738933258282,6771.592494913477,15.115482577131418,6771.592494913477,15.115482577131418,18.3388971194158,0.0591934502002142,0.575931706094482,2.621458369008161e-09,13.0,2604.2017578125,43.12769879253649,9.698930250631406,644.7307264598899,4.0
2458004.9830842526,7277.33763836025,13.392286911709007,6863.52176859726,18.114871160547082,6863.52176859726,18.114871160547082,18.57864158618619,0.0646687083403524,0.5242867566456517,4.423864618238681e-09,13.0,2685.869873046875,39.4796654802546,9.698930250631406,644.7307264598899,4.0
2458013.013538368,7310.621724115384,17.196939071473267,6898.5707881859125,21.614310076149042,6898.5707881859125,21.614310076149042,18.670046730330053,0.0716084326775621,0.484073977206905,3.264458978917769e-09,13.0,1242.504833984375,43.065989442489744,9.698930250631406,644.7307264598899,4.0
2458013.891921784,7214.658875494114,7.485440177901593,6797.51937923768,13.180330953924157,6797.51937923768,13.180330953924157,18.406512437238327,0.0559599656630234,0.5673094295048081,3.2847809143634352e-09,13.0,1207.004345703125,27.17415849987462,9.698930250631406,644.7307264598899,4.0
2458016.967626299,7192.896405782872,8.798329646076267,6774.602925025341,13.842971259575204,6774.602925025341,13.842971259575204,18.346748089329918,0.0570372300030929,0.511773882870079,2.854760503794455e-09,13.0,1194.9737060546877,30.9731523433726,9.698930250631406,644.7307264598899,4.0
2458018.90529948,7157.0838850477085,9.873767603155642,6736.891396759251,14.308450017734746,6736.891396759251,14.308450017734746,18.24839932758129,0.0578125231042416,0.5172366538279412,2.5762617835039644e-09,13.0,1129.4219970703125,39.18396073402085,9.698930250631406,644.7307264598899,4.0
2458020.960186848,-3636224.1951565146,-3636224.1951565146,-3636224.1951565146,-3636224.1951565146,-3636224.1951565146,-3636224.1951565146,0.0,0.0,-9999.99,-9999.99,13.0,-9999.99,-9999.99,-9999.99,-9999.99,5.0
2458022.8910403405,7230.7237880443,15.805544800226803,6814.436155585505,19.824077086579603,6814.436155585505,19.824077086579603,18.4506300872802,0.0679919153259788,0.4375447312149544,3.707659437751753e-09,13.0,4257.94990234375,44.216579898639615,9.698930250631406,644.7307264598899,4.0
2458027.9461280163,7834.938776425333,84.79358976935833,7450.690464005561,91.23109803197089,7450.690464005561,91.23109803197089,20.10993232899301,0.2419979983470039,0.5552313325360264,2.245969934991158e-09,13.0,7534.63515625,65.71315631005437,9.698930250631406,644.7307264598899,4.0
2458033.9288587384,7315.132850230124,21.84399097944867,6903.321122887174,25.87930317735885,6903.321122887174,25.87930317735885,18.68243523743229,0.080656384764892,0.4926031156467893,2.3829612106903447e-09,13.0,2937.2115234375,55.66546206267923,9.698930250631406,644.7307264598899,4.0
2458036.937830227,0.0,0.0,0.0,0.0,0.0,0.0,0.0,0.0,0.0,0.0,13.0,0.0,0.0,0.0,0.0,5.0
2458039.925183801,7283.565467237195,13.89542761482697,6870.079836555279,18.5797950938558,6870.079836555279,18.5797950938558,18.595744522417878,0.0655598883670378,0.5261803328351601,5.351563900978189e-09,13.0,1382.2135009765625,40.49871727889279,9.698930250631406,644.7307264598899,4.0
2458041.9300438664,7329.763929368372,63.74612782914853,6918.728034859832,68.19912118848886,6918.728034859832,68.19912118848886,18.72261527745054,0.1832592341476529,0.0625362729158304,2.33038617389132e-09,13.0,880.8293823242188,17.762778417212562,9.698930250631406,644.7307264598899,4.0
2458044.8997350736,7182.796925089822,7.97412706762695,6763.967905657526,13.178279293420188,6763.967905657526,13.178279293420188,18.319012777766385,0.0559559138248753,0.5587528436857945,2.9626261707396742e-09,13.0,1384.7631591796876,31.551075094335715,9.698930250631406,644.7307264598899,4.0
2458178.202639773,7263.564249860997,29.541494614010777,6849.018027474127,33.06004126126353,6849.018027474127,33.06004126126353,18.54081694619499,0.096869567388192,0.3346299111052102,3.1253445137274987e-09,13.0,5520.11484375,58.88476744665464,9.698930250631406,644.7307264598899,4.0
2458187.2830096544,7175.170275936771,17.046705027366542,6755.936843079221,20.577184880627946,6755.936843079221,20.577184880627946,18.29806838499267,0.069495939173072,0.4736809816047694,3.355110367254866e-09,13.0,8994.8755859375,60.16949865282791,9.698930250631406,644.7307264598899,4.0
2458195.276851372,7217.132295370417,8.618040656730479,6800.123955560826,13.950473169162372,6800.123955560826,13.950473169162372,18.41330497172417,0.0572156856614885,0.5018632867510927,3.2813446657928003e-09,13.0,1194.651513671875,27.57822736446968,9.698930250631406,644.7307264598899,4.0
2458202.29443824,0.0,0.0,0.0,0.0,0.0,0.0,0.0,0.0,0.0,0.0,13.0,0.0,0.0,0.0,0.0,5.0
2458207.25718994,7202.55067333484,10.309563408769026,6784.769123220851,15.039918154739645,6784.769123220851,15.039918154739645,18.373260751377583,0.0590626765598385,0.4995030682811033,2.82100644225466e-09,13.0,2062.356591796875,34.92849735301268,9.698930250631406,644.7307264598899,4.0
2458208.2052563047,7198.106446985106,13.745034085416082,6780.089235735461,17.79482416671784,6780.089235735461,17.79482416671784,18.36105596518956,0.0640594017263098,0.490554622795938,3.3478549709446314e-09,13.0,3963.63994140625,47.02558952143688,9.698930250631406,644.7307264598899,4.0
2458210.2748407377,7392.76838965233,121.40235998474212,6985.073392184979,128.48604494792895,6985.073392184979,128.48604494792895,18.895638860442407,0.3379801298344057,0.1578844289907065,5.211591515437643e-09,13.0,16558.687890625,82.94898232030197,9.698930250631406,644.7307264598899,4.0
2458211.298277393,7205.295937299742,12.415090507315844,6787.659958534461,16.73281575864556,6787.659958534461,16.73281575864556,18.38079982726722,0.0620824741879963,0.4837963073708324,3.5244626609680047e-09,13.0,3456.619677734375,40.85579267343813,9.698930250631406,644.7307264598899,4.0
2458214.302530721,7212.241047721254,20.45746319853039,6794.973342864729,23.97926019377257,6794.973342864729,23.97926019377257,18.39987257043475,0.0765555156452286,0.4852651455975658,3.08467145486328e-09,13.0,12825.86640625,67.6149380162462,9.698930250631406,644.7307264598899,4.0
2458215.233639596,7275.622878608761,38.98884471301951,6861.716081381996,42.59560079141371,6861.716081381996,42.59560079141371,18.573932492975388,0.1195421271393459,0.4854778526232221,2.837713973820634e-09,13.0,19961.344921875,110.42987595568084,9.698930250631406,644.7307264598899,6.0
2458215.2926964154,7368.9452897657475,45.48143193191109,6959.987040084756,49.51236624866021,6959.987040084756,49.51236624866021,18.830215585934976,0.1364690161141071,0.4678315722032247,3.247697391681804e-09,13.0,20339.391796875,97.84342713852033,9.698930250631406,644.7307264598899,6.0
2458224.165028906,7179.699661263505,9.654903426168934,6760.706405211985,14.343067805501013,6760.706405211985,14.343067805501013,18.31050703575565,0.0578712532493055,0.4613474243903931,2.964056547118101e-09,13.0,1109.9992919921874,31.769471698817487,9.698930250631406,644.7307264598899,4.0
2458230.255612092,7243.81595737577,10.20601472245111,6828.222554969659,15.334144767277342,6828.222554969659,15.334144767277342,18.486583955254904,0.0595760945180994,0.4094378797028641,3.872324134445463e-09,13.0,1047.4802490234374,24.484661941458256,9.698930250631406,644.7307264598899,4.0
2458231.1451516147,7257.2014861459365,9.943816412949365,6842.317869575014,15.266817048112285,6842.317869575014,15.266817048112285,18.523343450338537,0.0594587847507011,0.41466870039962,3.9302528322951e-09,13.0,1006.883154296875,23.080685696833044,9.698930250631406,644.7307264598899,4.0
2458232.2168134046,7190.7835226444595,9.02047756120557,6772.378003390076,13.980824396530583,6772.378003390076,13.980824396530583,18.34094566503484,0.0572654092502797,0.4439085151012287,2.527683425943854e-09,13.0,1097.3369384765624,27.37637468542972,9.698930250631406,644.7307264598899,4.0
2458235.1341198534,7388.837129578962,26.533871556982774,6980.933671709153,30.74085845342198,6980.933671709153,30.74085845342198,18.88484278821988,0.0915313396408879,0.4056407997345716,3.194624078550348e-09,13.0,2229.597509765625,45.9540134085201,9.698930250631406,644.7307264598899,6.0
2458245.1035190504,7446.562444462159,31.287229914668195,7041.719949781708,35.63298374729217,7041.719949781708,35.63298374729217,19.04336872059688,0.1028921969793202,0.5000189214512025,4.740748627180304e-09,13.0,6715.20146484375,58.31918545434951,9.698930250631406,644.7307264598899,4.0
2458246.122200826,7250.861645631604,12.6689346214451,6835.641850410464,17.30894135666739,6835.641850410464,17.30894135666739,18.505932906443025,0.0631487854402741,0.5407866182917702,2.569366365015661e-09,13.0,2772.15302734375,41.51060787238666,9.698930250631406,644.7307264598899,4.0
2458248.0960896336,7204.731161901993,7.725571151668044,6787.065235154508,13.23268986453017,6787.065235154508,13.23268986453017,18.37924883448888,0.0560436877126367,0.5062605473685058,3.467486715554677e-09,13.0,1255.737939453125,25.52447796976532,9.698930250631406,644.7307264598899,4.0
2458248.2599620274,7185.203445263888,10.794750146142338,6766.5020348309035,15.264140485939528,6766.5020348309035,15.264140485939528,18.3256215915104,0.0594522345728906,0.4714593095084507,2.4323767477573728e-09,13.0,1606.848828125,36.13993820270518,9.698930250631406,644.7307264598899,4.0
2458251.1568436925,7251.32002167027,10.468223912873034,6836.124532460862,15.59705857224166,6836.124532460862,15.59705857224166,18.50719170406163,0.0600387158664216,0.4901423766364115,4.0163796538970295e-09,13.0,1177.4141845703125,30.212685069904055,9.698930250631406,644.7307264598899,4.0
2458252.2504740097,7220.283599324828,8.386408952708791,6803.442361685618,13.824084191931387,6803.442361685618,13.824084191931387,18.421959119364374,0.057006746707874,0.4937777498694731,5.436910432110652e-09,13.0,1288.9872802734374,25.9750240284997,9.698930250631406,644.7307264598899,4.0
2458254.0840251334,7340.719794790016,23.31253495393112,6930.264849919103,27.409191972458625,6930.264849919103,27.409191972458625,18.75270240273478,0.0840241492594016,0.2494538543270222,2.791523279101946e-09,13.0,1030.4714111328126,26.866470851216093,9.698930250631406,644.7307264598899,4.0
2458255.181194779,7210.094882467456,8.310025308824818,6792.713374284719,13.672344735249,6792.713374284719,13.672344735249,18.39397874640655,0.0567570423465652,0.5197361165853914,2.4651358812504203e-09,13.0,1144.1660888671877,28.088823022779277,9.698930250631406,644.7307264598899,4.0
2458264.056864737,7277.927808783194,12.546569641161618,6864.143233608094,17.43550503949799,6864.143233608094,17.43550503949799,18.58026231907864,0.0633859770232682,0.5070369087031918,5.3731556854926115e-09,13.0,2601.424755859375,35.48088885306181,9.698930250631406,644.7307264598899,4.0
2458265.0568644474,7236.178230061734,12.171195013614373,6820.179826795847,16.785739583168212,6820.179826795847,16.785739583168212,18.46560913950641,0.0621803345055127,0.5511159268862532,4.4916498198567186e-09,13.0,3789.964013671875,42.2067344494242,9.698930250631406,644.7307264598899,4.0
2458293.1534498623,0.0,0.0,0.0,0.0,0.0,0.0,0.0,0.0,0.0,0.0,13.0,0.0,0.0,0.0,0.0,5.0
2458294.1460067546,7463.814723647219,24.9648831336421,7059.887054492194,29.69084863643226,7059.887054492194,29.69084863643226,19.09074713072724,0.0891455702359692,1.0197491295291394,2.4499801411228804e-09,13.0,7412.837109375,91.75683114748296,9.698930250631406,644.7307264598899,0.0
2458295.112056775,7672.861577984133,86.34257797378295,7280.018902081586,92.41719265358633,7280.018902081586,92.41719265358633,19.664834038027703,0.2450355745600765,0.8689338460092902,2.701853182996746e-09,13.0,8983.274609375,160.49177666988535,9.698930250631406,644.7307264598899,2.0
2458295.975132976,-3636224.1951565146,-3636224.1951565146,-3636224.1951565146,-3636224.1951565146,-3636224.1951565146,-3636224.1951565146,0.0,0.0,-9999.99,-9999.99,13.0,-9999.99,-9999.99,-9999.99,-9999.99,5.0
2458296.1356969327,-3636224.1951565146,-3636224.1951565146,-3636224.1951565146,-3636224.1951565146,-3636224.1951565146,-3636224.1951565146,0.0,0.0,-9999.99,-9999.99,13.0,-9999.99,-9999.99,-9999.99,-9999.99,5.0
2458300.011133071,7372.848963135852,24.14146548521923,6964.097711034918,28.37710114519425,6964.097711034918,28.37710114519425,18.840935899231543,0.0861828181202569,0.8667161466901402,3.622357655436994e-09,13.0,11884.3740234375,95.17472288453716,9.698930250631406,644.7307264598899,0.0
2458300.9526173025,7300.9060865624115,15.914048172466737,6888.339965761778,20.42354590559487,6888.339965761778,20.42354590559487,18.64336553327053,0.0691901045179599,0.7586941010944332,4.959078105874644e-09,13.0,5487.607226562501,65.39223944402116,9.698930250631406,644.7307264598899,0.0
2458302.961952505,7226.279403520584,6.378426172135287,6809.756101538737,12.644018706202777,6809.756101538737,12.644018706202777,18.438424866712936,0.0551122191973855,0.9583292511060738,3.22987509964579e-09,13.0,1377.0392822265626,38.98133564000186,9.698930250631406,644.7307264598899,0.0
2458304.0278223148,7167.549384808745,4.776653209415472,6747.911843853038,11.16047077782049,6747.911843853038,11.16047077782049,18.27713980497438,0.0528867988027416,1.0187377552271066,2.1482500703946723e-09,13.0,1309.0347900390625,36.15324806661099,9.698930250631406,644.7307264598899,0.0
2458305.9429226187,7271.241759719811,8.335067410080216,6857.102647716162,14.301163960845113,6857.102647716162,14.301163960845113,18.56190101323152,0.0578031934324253,0.9277362000306822,5.4465026400006886e-09,13.0,1378.929296875,44.17987553842877,9.698930250631406,644.7307264598899,0.0
2458309.9318791083,7202.309787516735,5.042327459936193,6784.515464105224,11.682038681091221,6784.515464105224,11.682038681091221,18.37259922793699,0.0536481861638296,0.9914620160143964,5.4523950549628355e-09,13.0,1236.9038818359377,33.65635766485088,9.698930250631406,644.7307264598899,0.0
2458311.0601815665,7181.7541335403575,5.028072159316201,6762.869818670463,11.442122414420849,6762.869818670463,11.442122414420849,18.3161490514621,0.0532948652322317,1.0096796704497033,3.531010471833802e-09,13.0,1179.898095703125,36.357190771841104,9.698930250631406,644.7307264598899,0.0
2458312.0557241347,7204.134331184376,4.693574040773502,6786.436756677836,11.540831988078464,6786.436756677836,11.540831988078464,18.377609811017575,0.0534399669314579,1.0127648337278576,4.310076336388133e-09,13.0,1184.2781005859374,31.66941736657571,9.698930250631406,644.7307264598899,0.0
2458312.924730061,7215.5829766479965,5.8557556130764,6798.492482109801,12.241829579333235,6798.492482109801,12.241829579333235,18.40905021459521,0.054490834258629,0.9827270237349032,4.41130226420852e-09,13.0,1258.931982421875,37.761789693145765,9.698930250631406,644.7307264598899,0.0
2458313.1013006475,7201.979807674804,5.155739140347147,6784.167986634193,11.73306359048359,6784.167986634193,11.73306359048359,18.37169303344998,0.0537238569236051,0.9950541633797032,4.953261188299343e-09,13.0,1186.226806640625,34.620845364032924,9.698930250631406,644.7307264598899,0.0
2458313.9209882887,7232.202034299513,6.498948156014408,6815.9927878552635,12.776000424556663,6815.9927878552635,12.776000424556663,18.45468966437154,0.0553190203346423,0.9850790903981564,5.286210583805147e-09,13.0,1229.355151367187,40.32833884111018,9.698930250631406,644.7307264598899,0.0
2458314.918063685,7231.741059081463,6.747641898528776,6815.507368800458,12.913230551065682,6815.507368800458,12.913230551065682,18.453423728856208,0.0555352971502258,0.9749060141124524,4.5875450244202105e-09,13.0,1260.2771728515625,41.5163790267287,9.698930250631406,644.7307264598899,0.0
2458317.0249600224,7211.3713993075935,5.398300952198544,6794.057580163304,11.958941724142308,6794.057580163304,11.958941724142308,18.39748433182756,0.0540617832690531,0.9965037562778304,3.2700490475333036e-09,13.0,1197.2931884765624,35.445441321375625,9.698930250631406,644.7307264598899,0.0
2458317.9105333406,7188.550318615122,5.836214085843403,6770.026380685291,11.934078269459913,6770.026380685291,11.934078269459913,18.334812814107032,0.0540238295959212,0.982513510110369,3.573329973291365e-09,13.0,1573.4491455078123,40.63197618407399,9.698930250631406,644.7307264598899,0.0
2458327.944227847,7547.8997312946985,50.986898774773024,7148.430783823693,55.72177016630729,7148.430783823693,55.72177016630729,19.32166235853009,0.1518859679000217,0.7465159887877258,4.608428233211206e-09,13.0,20917.258203125,111.36830528003796,9.698930250631406,644.7307264598899,0.0
2458328.0589822344,7331.737238046015,20.1470537949419,6920.805980909054,24.41072687208267,6920.805980909054,24.41072687208267,18.728034400735066,0.0774805093935706,0.8641449692122669,2.998387964887753e-09,13.0,12321.8818359375,87.61066100669923,9.698930250631406,644.7307264598899,0.0
2458330.0407216707,7227.2685493867675,14.347536081893061,6810.797698207332,18.52812870535716,6810.797698207332,18.52812870535716,18.441141270616665,0.0654587637533148,0.6425459626324643,4.2236507652501224e-09,13.0,6276.40810546875,60.1917251228216,9.698930250631406,644.7307264598899,4.0
2458330.87544986,7179.146480503176,6.408654901876876,6760.12389129084,12.155573590172663,6760.12389129084,12.155573590172663,18.30898788430569,0.0543584514046961,0.8213100345150495,2.3818393428444132e-09,13.0,1272.0919189453125,38.067906206058176,9.698930250631406,644.7307264598899,0.0
2458332.017301899,7181.392271958513,6.122059187661861,6762.488768886978,12.014771742461765,6762.488768886978,12.014771742461765,18.31515530296945,0.0541451776705756,1.0063764189755218,3.189664881849586e-09,13.0,1765.517041015625,44.71755062617365,9.698930250631406,644.7307264598899,0.0
2458332.868409696,7224.862002161332,5.564555638542247,6808.263540548154,12.194419650578762,6808.263540548154,12.194419650578762,18.434532382583868,0.0544187486193919,0.9812522149624088,5.192393131815559e-09,13.0,1362.3513916015625,34.58411337226822,9.698930250631406,644.7307264598899,0.0
2458335.9150463515,7181.949990380124,4.7930611985370755,6763.07606108505,11.331965038500535,6763.07606108505,11.331965038500535,18.316686915797693,0.0531345515667482,0.9954215465739374,4.755790936351385e-09,13.0,1210.740673828125,33.9386718372861,9.698930250631406,644.7307264598899,0.0
2458337.9020184106,7195.086254023416,4.700390621471997,6776.90889294177,11.439603348765006,6776.90889294177,11.439603348765006,18.35276187608533,0.0532914999415052,0.9976076790089148,4.28602781199483e-09,13.0,1226.8258056640625,32.02945405863022,9.698930250631406,644.7307264598899,0.0
2458338.9470829046,7167.522039003238,5.6055266459472355,6747.883047999071,11.579789925877135,6747.883047999071,11.579789925877135,18.27706470760466,0.05349641453923,1.0106953065477324,3.1816327128793973e-09,13.0,1174.5406982421875,42.50032275762943,9.698930250631406,644.7307264598899,0.0
2458339.943551521,7175.631788682929,4.8037652104560165,6756.422828165293,11.265075099209556,6756.422828165293,11.265075099209556,18.299335796673944,0.0530375873852487,1.005393346951182,2.945072886495092e-09,13.0,1165.425,35.0602011517173,9.698930250631406,644.7307264598899,0.0
2458339.9752682745,7180.6198749756595,5.218276524596034,6761.675414505506,11.523472923877927,6761.675414505506,11.523472923877927,18.31303413737477,0.0534139169118663,1.0003629981594124,4.816935956139201e-09,13.0,1178.5931396484375,37.53271054881904,9.698930250631406,644.7307264598899,0.0
2458340.874712359,7176.650362601324,5.082643832969516,6757.495413348526,11.411407367516263,6757.495413348526,11.411407367516263,18.302133016237597,0.0532499448876929,1.0012032232041148,4.3090701138197775e-09,13.0,1293.4605712890625,36.96721348336941,9.698930250631406,644.7307264598899,0.0
2458341.8744127885,6437.202067858952,261.7049434442654,5978.836868905059,275.60560947573987,5978.836868905059,275.60560947573987,16.27145149278789,0.7201156537899398,0.0011279852076024,5.3267014882874926e-09,13.0,465.6973327636719,10.807900577013688,9.698930250631406,644.7307264598899,6.0
2458343.033569966,7184.438297660081,4.913325331031676,6765.6963142366485,11.4171814322508,6765.6963142366485,11.4171814322508,18.32352033424494,0.0532585343685399,0.952861754546818,4.681217893141998e-09,13.0,1163.4515380859375,33.03965677484505,9.698930250631406,644.7307264598899,0.0
2458344.864310277,7191.739806862823,6.812812476521038,6773.384995877362,12.528126440039113,6773.384995877362,12.528126440039113,18.3435718238984,0.0549310143141043,0.9519302492940088,4.829623477726501e-09,13.0,1584.8772705078125,45.85883336307231,9.698930250631406,644.7307264598899,0.0
2458346.0284890654,7192.003430191594,5.12156037568919,6773.66259819104,11.60352047757224,6773.66259819104,11.60352047757224,18.344295789355755,0.0535319105209451,0.977155647887204,3.950589245547789e-09,13.0,1149.852490234375,34.7310622724209,9.698930250631406,644.7307264598899,0.0
2458347.899656635,7196.796769475264,5.20621926485573,6778.710110797652,11.69922987013889,6778.710110797652,11.69922987013889,18.357459313551008,0.0536735200418457,0.9905359749244064,4.3150013297464055e-09,13.0,1642.5911621093749,35.36114601952746,9.698930250631406,644.7307264598899,0.0
2458347.973900866,7245.798807949397,7.403093169029633,6830.31054888686,13.452296547348066,6830.31054888686,13.452296547348066,18.492029282605376,0.0563993085276325,0.99097497620435,4.592344755525552e-09,13.0,2370.32705078125,44.960276958419385,9.698930250631406,644.7307264598899,0.0
2458353.0118637346,7234.487429874858,10.937269281771497,6818.399369633632,15.801027297161593,6818.399369633632,15.801027297161593,18.46096584433113,0.060399879194793,0.9215672917617628,5.4014027947581615e-09,13.0,8051.4126953125,64.69243474765943,9.698930250631406,644.7307264598899,0.0
2458353.977022094,7244.426930496283,11.859193450072112,6828.865925769341,16.605926054286712,6828.865925769341,16.605926054286712,18.48826181675782,0.0618513201010617,0.9657312476594916,4.222143029905931e-09,13.0,8548.380664062499,71.78115098829943,9.698930250631406,644.7307264598899,0.0
2458381.880057115,7248.008259416125,13.067889376003794,6832.637159517159,17.611830404116667,6832.637159517159,17.611830404116667,18.49809690396896,0.0637157480799491,0.8524276489276952,3.4096830655383883e-09,13.0,4950.47958984375,69.11980337954546,9.698930250631406,644.7307264598899,0.0
2458390.8802764467,7246.601365088747,7.23557355971376,6831.155662708079,13.359322626978535,6831.155662708079,13.359322626978535,18.49423327437328,0.0562488292821274,0.9313462391240518,4.086337450628572e-09,13.0,1565.5053466796876,40.88891120955645,9.698930250631406,644.7307264598899,0.0
2458398.88121171,7195.544747544315,5.207762081384763,6777.391698704072,11.685874522613876,6777.391698704072,11.685874522613876,18.354020996335034,0.0536536979313465,0.942949621379364,5.4179244701868945e-09,13.0,1740.050634765625,33.696689373947805,9.698930250631406,644.7307264598899,0.0
2458683.95987839,7233.530937169229,11.158871736988687,6817.392157603758,15.963599532586194,6817.392157603758,15.963599532586194,18.4583391129174,0.0606899024015629,1.0139300673899545,3.446378669234837e-09,13.0,5445.70322265625,72.90642551667054,9.698930250631406,644.7307264598899,0.0
2458684.001649403,7212.626064078609,7.830108966274803,6795.378775237127,13.380039659188034,6795.378775237127,13.380039659188034,18.40092990684172,0.0562813284088297,1.0716156744736378,3.836728919119022e-09,13.0,5658.94921875,56.67789051375068,9.698930250631406,644.7307264598899,0.0
2458685.014103376,7213.473071669008,7.133299272865846,6796.270696554902,12.949607713146815,6796.270696554902,12.949607713146815,18.40325596895623,0.0555923636345584,1.0319696491374044,5.076670035934769e-09,13.0,2300.8324707031247,49.25608772881595,9.698930250631406,644.7307264598899,0.0
2458686.027501211,7209.166427784871,7.328166435026387,6791.735687032128,13.025264821612978,6791.735687032128,13.025264821612978,18.39142901333841,0.0557123330735759,0.7222319989713862,4.742845688307228e-09,13.0,2573.2758300781247,35.17439377632881,9.698930250631406,644.7307264598899,0.0
2458687.9936070875,7158.444044334683,5.091801016022694,6738.323680338963,11.212286681600157,6738.323680338963,11.212286681600157,18.252134612864456,0.0529611122431635,1.0793556188306286,3.2910286981901e-09,13.0,1296.0228515625,42.226313379784735,9.698930250631406,644.7307264598899,0.0
2458688.893640899,7209.704912533221,5.724749151390171,6792.302725665302,12.107618420618188,6792.302725665302,12.107618420618188,18.39290780642902,0.0542863465042137,1.0557019586679737,3.461555521416448e-09,13.0,1424.2898193359374,40.49135423690435,9.698930250631406,644.7307264598899,0.0
2458689.89128779,7207.813558257504,5.376828177216387,6790.311079761413,11.908146865512487,6790.311079761413,11.908146865512487,18.387713747278013,0.0539853757643131,1.0364307755577928,5.428532842884924e-09,13.0,1324.9277832031248,37.220805393329535,9.698930250631406,644.7307264598899,0.0
2458691.960091004,7207.984845254268,4.7945990740677695,6790.491449483725,11.63112466495897,6790.491449483725,11.63112466495897,18.388184137624464,0.0535730429274658,1.055023434050378,4.045177061512414e-09,13.0,1245.9993408203125,33.49819933444772,9.698930250631406,644.7307264598899,0.0
2458692.882470164,7232.696263012487,7.167327813670875,6816.513223716706,13.171628010571528,6816.513223716706,13.171628010571528,18.45604692102212,0.0559465339961426,1.0167304021428605,5.4297073300658065e-09,13.0,1323.0057373046875,46.21888800585486,9.698930250631406,644.7307264598899,0.0
2458694.0731958835,7218.359043481005,33.00809556495387,6801.415753655411,36.341971370121165,6801.415753655411,36.341971370121165,18.416673881680172,0.1045595409496342,0.0972513337720925,2.218961276739959e-09,13.0,872.545361328125,19.39663229837709,9.698930250631406,644.7307264598899,4.0
2458694.931796272,7227.326404869194,5.553794564790326,6810.858621555262,12.216720008004348,6810.858621555262,12.216720008004348,18.44130015401667,0.054452828297793,1.032515303348685,4.166701642816389e-09,13.0,1294.1281982421874,36.27694331319036,9.698930250631406,644.7307264598899,0.0
2458696.8715228806,0.0,0.0,0.0,0.0,0.0,0.0,0.0,0.0,0.0,0.0,13.0,0.0,0.0,0.0,0.0,5.0
2458697.8687286936,7203.299993642887,4.7984059337372,6785.558177255511,11.57894076681133,6785.558177255511,11.57894076681133,18.37531854353901,0.053495982182149,1.0220833878386724,4.316268170146779e-09,13.0,1399.483251953125,32.87239321472956,9.698930250631406,644.7307264598899,0.0
2458697.950557228,7185.093879416445,5.719680215886162,6766.386659105655,11.833406585156808,6766.386659105655,11.833406585156808,18.32532070050344,0.0538729260002745,1.034447699245213,5.433902782730392e-09,13.0,1231.252685546875,42.3872902838655,9.698930250631406,644.7307264598899,0.0
2458699.9574479107,7172.0039520026185,1.2636176364778993,6752.602620519875,10.10729952334414,6752.602620519875,10.10729952334414,18.289372989309097,0.0514264943891319,0.9999995139942546,3.049395439303501e-09,13.0,1238.9056396484375,0.062855824149,9.698930250631406,644.7307264598899,0.0
2458700.049072216,7193.996975816963,5.773475369094559,6775.761854279623,11.95996956014398,6775.761854279623,11.95996956014398,18.34977048758196,0.0540628860851003,0.9733029899661512,3.533077941916021e-09,13.0,1264.4419189453124,39.17359616589811,9.698930250631406,644.7307264598899,0.0
2458701.87067415,7200.127949553069,4.744489947751054,6782.217931221475,11.517744833026626,6782.217931221475,11.517744833026626,18.366607439097272,0.0534059766925007,1.0506017941854977,3.5736710857919563e-09,13.0,1658.24716796875,33.789816265912826,9.698930250631406,644.7307264598899,0.0
2458701.94519847,7177.9604753637395,4.825530821906004,6758.874996618771,11.301844278246307,6758.874996618771,11.301844278246307,18.30573086317185,0.0530908134022277,1.0715094683452788,3.0163491913550093e-09,13.0,1469.696142578125,37.41661389798699,9.698930250631406,644.7307264598899,0.0
2458702.953737819,7202.1977327128725,9.99575627354836,6784.397467443259,14.799987584039998,6784.397467443259,14.799987584039998,18.372291501728903,0.0586489992590002,0.6770500658478755,4.2971006575581645e-09,13.0,3779.452197265625,46.61346204614697,9.698930250631406,644.7307264598899,4.0
2458703.9509309726,7244.76849317501,7.7405763081311125,6829.225600272813,13.650678791880381,6829.225600272813,13.650678791880381,18.48919982016621,0.0567225443531929,1.0065329160012937,3.3922334017602753e-09,13.0,2531.8635742187503,48.012608226393866,9.698930250631406,644.7307264598899,0.0
2458704.03026897,7253.499008196112,8.44883409041559,6838.419062705426,14.196070255596796,6838.419062705426,14.196070255596796,18.51317566224957,0.0576261389762089,1.0093374175673606,5.108789262887015e-09,13.0,3788.229638671875,51.64189070984391,9.698930250631406,644.7307264598899,0.0
2458704.052236747,7246.540276652537,8.387998859160286,6831.091334974605,14.086140770668868,6831.091334974605,14.086140770668868,18.494065512597917,0.0574421553595124,1.0160458796245857,3.7797533685382985e-09,13.0,3759.450830078125,52.62326590151456,9.698930250631406,644.7307264598899,0.0
2458709.945232063,7217.78743035876,16.70902021036046,6800.813829971337,20.543196560569367,6800.813829971337,20.543196560569367,18.41510411106313,0.0694283289198534,0.256916142348012,3.029924316060775e-09,13.0,1378.2499755859374,27.333962772848704,9.698930250631406,644.7307264598899,0.0
2458709.947752894,7231.928556764389,8.548524637306011,6815.704808802568,14.04809175113536,6815.704808802568,14.04809175113536,18.453938637177878,0.0573783104479862,1.0474228321393062,4.183204761904307e-09,13.0,5593.60810546875,57.515089071058725,9.698930250631406,644.7307264598899,0.0
2458710.0229370915,7277.901391396644,16.263205807333836,6864.115415403753,20.56018586541776,6864.115415403753,20.56018586541776,18.580189771343857,0.0694640756945487,1.0323016212393028,3.928154298648031e-09,13.0,12520.6171875,97.3945660493828,9.698930250631406,644.7307264598899,0.0
2458711.9638633817,7176.831104402934,7.819130186860212,6757.685739229537,13.015975819727556,6757.685739229537,13.015975819727556,18.302629371479263,0.0556968158832871,0.9736876987957532,2.7964832671852038e-09,13.0,4596.087988281251,56.42326329835277,9.698930250631406,644.7307264598899,0.0
2458714.9634998217,0.0,0.0,0.0,0.0,0.0,0.0,0.0,0.0,0.0,0.0,13.0,0.0,0.0,0.0,0.0,5.0
2458717.925540876,7211.012078895312,6.775589654742282,6793.679206298342,12.70873075939985,6793.679206298342,12.70873075939985,18.39649756192436,0.0552129373670081,0.9812243653584516,3.431805298445075e-09,13.0,1279.5555419921875,44.63479091619413,9.698930250631406,644.7307264598899,0.0
2458724.903081949,7199.2857126885565,5.796892032505813,6781.3310336037985,12.030659008918072,6781.3310336037985,12.030659008918072,18.36429447840577,0.0541695839300679,0.998735214134973,4.6166527366515724e-09,13.0,1386.681323242187,39.85377111140492,9.698930250631406,644.7307264598899,0.0
2458727.8690695893,7212.336242968255,5.923327160559524,6795.073585968938,12.24204001144247,6795.073585968938,12.24204001144247,18.400133996731302,0.0544910674157863,1.0009003299383863,4.817308734372303e-09,13.0,1612.94091796875,39.31791026208319,9.698930250631406,644.7307264598899,0.0
2458728.93854045,7169.980175570434,5.0121086582896,6750.4715305949,11.301689379701825,6750.4715305949,11.301689379701825,18.283815270888944,0.0530904210423768,1.0095946483781957,3.529477773941028e-09,13.0,1366.1831298828124,37.50913280105609,9.698930250631406,644.7307264598899,0.0
2458734.884355881,0.0,0.0,0.0,0.0,0.0,0.0,0.0,0.0,0.0,0.0,13.0,0.0,0.0,0.0,0.0,5.0
2458734.8881464624,0.0,0.0,0.0,0.0,0.0,0.0,0.0,0.0,0.0,0.0,13.0,0.0,0.0,0.0,0.0,5.0
2458736.8701765398,7188.272229179942,7.331754398415683,6769.733545180277,12.813540337328414,6769.733545180277,12.813540337328414,18.33404912165969,0.0553768920031215,0.9858861821185392,2.9075513549318704e-09,13.0,5091.96416015625,51.86921614952521,9.698930250631406,644.7307264598899,0.0
2458736.873974359,-3636224.1951565146,-3636224.1951565146,-3636224.1951565146,-3636224.1951565146,-3636224.1951565146,-3636224.1951565146,0.0,0.0,-9999.99,-9999.99,13.0,-9999.99,-9999.99,-9999.99,-9999.99,5.0
2458739.8952823174,7171.815961762517,7.102131336626135,6752.404661842073,12.500819453726505,6752.404661842073,12.500819453726505,18.28885672832116,0.0548882547371056,1.0125647707468362,3.259026801736709e-09,13.0,4048.367578125,53.90042120659072,9.698930250631406,644.7307264598899,0.0
2458739.899066556,7163.984065857697,6.982652693451194,6744.157469024347,12.345894971527919,6744.157469024347,12.345894971527919,18.2673486845261,0.0546490926055079,1.0129768214204549,2.6106495899855333e-09,13.0,4088.131982421875,54.13958147353151,9.698930250631406,644.7307264598899,0.0
2458749.879510217,7233.896073628997,6.603616135201155,6817.776655920017,12.853663331413824,6817.776655920017,12.853663331413824,18.459341854917984,0.0554412965546088,0.9460282704093352,5.3247158163609535e-09,13.0,1554.046728515625,39.1182936554769,9.698930250631406,644.7307264598899,0.0
2458749.883298716,7199.366022192726,5.477220291382044,6781.415601628458,11.864301971245615,6781.415601628458,11.864301971245615,18.36451502530193,0.0539194619456117,0.959601706653534,5.452252165053656e-09,13.0,1475.9854736328125,35.83952156000758,9.698930250631406,644.7307264598899,0.0
2458751.880238783,7198.587630207937,21.15827660985479,6780.595934351935,24.570268057591818,6780.595934351935,24.570268057591818,18.36237739616309,0.077819395161945,0.1509762302706808,5.159248082163388e-09,13.0,1411.5832763671874,20.514690518195128,9.698930250631406,644.7307264598899,4.0
2458751.884020771,7188.183757065056,34.02358969063565,6769.6403817113915,37.258339641550116,6769.6403817113915,37.258339641550116,18.33380615850687,0.1067301505899578,0.0860702790338286,3.975625541339691e-09,13.0,1265.3435791015625,19.03402762504077,9.698930250631406,644.7307264598899,4.0
2458753.8809705013,7221.647143158926,24.28061829941902,6804.878209282664,27.69870314233935,6804.878209282664,27.69870314233935,18.42570369933029,0.0846644437688615,0.1944882913339854,3.2522569507685583e-09,13.0,1388.4498291015625,30.089598333872363,9.698930250631406,644.7307264598899,4.0
2458753.8847568664,7146.019189575571,30.357094982857532,6725.239980788314,33.40313724234991,6725.239980788314,33.40313724234991,18.218013331944235,0.0976651162877959,0.10973917245106,3.369360316496792e-09,13.0,1191.8378173828123,25.283160748099576,9.698930250631406,644.7307264598899,4.0
2458591.162630231,7024.845059330082,5.627134616682059,6374.828612071491,10.308141281330666,6374.828612071491,10.308141281330666,17.372601327053676,0.0549960302007201,1.046472779517282,1.69709577676467e-10,13.0,3644.1240234375,55.17217924088279,4.922876048115427,643.3366749602033,0.0
2458565.280096771,7068.266987500739,7.4405828406106265,6422.455071309236,12.00459042019754,6422.455071309236,12.00459042019754,17.493059331767725,0.0571573782586604,0.8595702396181416,3.4540461093011345e-10,13.0,4588.046875,57.374511702601474,4.922876048115427,643.3366749602033,0.0
2458587.1731587616,7031.255113017626,5.635062709429959,6381.859349155809,10.374414236196566,6381.859349155809,10.374414236196566,17.390383639121374,0.0550759905887302,0.9571062340911312,1.528422082423285e-10,13.0,2026.951171875,49.114294648277394,4.922876048115427,643.3366749602033,0.0
2458573.2060149047,7046.630685325497,7.162622125582569,6398.7237330887265,11.590549932776932,6398.7237330887265,11.590549932776932,17.433037451136894,0.056606804911262,0.8304034485271712,3.791458637893914e-10,13.0,2699.7265625,56.646279508216246,4.922876048115427,643.3366749602033,0.0
2458592.2206372973,7026.86848659472,5.689619829704591,6377.047967134708,10.368361047033458,6377.047967134708,10.368361047033458,17.378214574121486,0.0550684907641077,1.0637539852846465,2.42057604591297e-10,13.0,3603.232177734375,56.67356536014612,4.922876048115427,643.3366749602033,0.0
2458580.231848519,0.0,0.0,0.0,0.0,0.0,0.0,0.0,0.0,0.0,0.0,13.0,0.0,0.0,0.0,0.0,5.0
2458593.1534094466,7088.44589625782,8.832925262911331,6444.587897184772,13.279249654964287,6444.587897184772,13.279249654964287,17.54903821590737,0.0589345465206983,1.0038214066893545,3.5435852150079647e-10,13.0,7656.888671875,78.69955161692933,4.922876048115427,643.3366749602033,0.0
2458585.178480116,7039.859940261474,6.087147632949062,6391.29737900022,10.759315576567005,6391.29737900022,10.759315576567005,17.414254534873145,0.0555468068113858,1.010567282744033,3.7859319866259926e-10,13.0,2105.927490234375,56.65534378949869,4.922876048115427,643.3366749602033,0.0
2458586.175836738,7075.996372732537,9.188454192269113,6430.932890378633,13.451149131053926,6430.932890378633,13.451149131053926,17.514501638959374,0.0591825895128227,0.5276225144836233,3.714695403078501e-10,13.0,1708.28076171875,44.1942595479398,4.922876048115427,643.3366749602033,4.0
2458594.253389277,7175.682659686575,12.594072306613928,6540.271767812138,17.301946463716202,6540.271767812138,17.301946463716202,17.79104420005066,0.0652771125196179,0.9555042238572308,3.6186014685121496e-10,13.0,5027.22412109375,87.76476441705326,4.922876048115427,643.3366749602033,0.0
2458595.148103528,7053.855423183409,21.81957583911088,6406.648039944488,25.435403369372548,6406.648039944488,25.435403369372548,17.453079801709748,0.080520718054603,0.6152397576817277,1.6632474040007128e-10,13.0,27138.8515625,143.21900445067044,4.922876048115427,643.3366749602033,6.0
2458600.134669745,7202.217672366059,21.461582189507514,6569.3761570687775,25.92422405906792,6569.3761570687775,25.92422405906792,17.86465573268161,0.0815208020666493,0.9197270891622984,3.509758477142179e-10,13.0,4044.99462890625,143.01810748718304,4.922876048115427,643.3366749602033,0.0
2458602.1896979986,7098.744309765486,9.290024736282971,6455.883502695628,13.747513028091511,6455.883502695628,13.747513028091511,17.57760733743459,0.0596181444282506,1.0003879345376532,3.77254146118185e-10,13.0,2716.30078125,80.72880077870389,4.922876048115427,643.3366749602033,0.0
2458603.199102357,7229.795359216808,20.376911094026454,6599.624182294793,25.05941887272293,6599.624182294793,25.05941887272293,17.941159777357235,0.0797745302417443,0.8025498521053104,3.6878611904739286e-10,13.0,2684.615234375,108.44616220450636,4.922876048115427,643.3366749602033,0.0
2458610.1762066293,7023.581532066612,5.511380379242195,6373.4427378774035,10.22068465726192,6373.4427378774035,10.22068465726192,17.369096140170647,0.0548914567369014,1.0546641806293178,2.1910968390097359e-10,13.0,2225.2802734375,54.15466407831527,4.922876048115427,643.3366749602033,0.0
2458611.1635579737,7034.524330466292,5.570341995083275,6385.445123858069,10.364157736898646,6385.445123858069,10.364157736898646,17.39945286813613,0.0550637965238698,1.043844194545947,3.7181480768528375e-10,13.0,2145.671142578125,52.13452494220767,4.922876048115427,643.3366749602033,0.0
2458616.2637964017,7085.0981712540115,6.894807620341355,6440.916013066536,11.781990537903107,6440.916013066536,11.781990537903107,17.539751196853192,0.056861406310125,1.01336834873543,3.5919680649346663e-10,13.0,2773.633544921875,57.41107209531528,4.922876048115427,643.3366749602033,0.0
2458618.0908732787,7112.98971650831,8.133709892372162,6471.508287502411,12.98644329475293,6471.508287502411,12.98644329475293,17.61712592504397,0.0585174564454047,0.9988388604662628,3.749314639561405e-10,13.0,3067.909423828125,64.66173982768572,4.922876048115427,643.3366749602033,0.0
2458619.088185861,7051.3828005187115,5.95868251061076,6403.935994037921,10.787498094097323,6403.935994037921,10.787498094097323,17.446220428919364,0.0555823818982769,1.0265528685036749,2.0910941792797224e-10,13.0,3393.5390625,53.24598567768367,4.922876048115427,643.3366749602033,0.0
2458626.1943083266,6461.464786916566,9.711334905171553,5756.896412607765,15.085003960266414,5756.896412607765,15.085003960266414,15.809712105656752,0.0616851348279596,1.0262997432500334,1.6319600689344354e-10,13.0,18179.826171875,483.0941959052192,4.922876048115427,643.3366749602033,2.0
2458627.1870316765,7019.715145964197,5.905447366524293,6369.201970876448,10.446869028585196,6369.201970876448,10.446869028585196,17.358370288625764,0.0551630039626316,1.039053363032834,1.694101273049051e-10,13.0,4672.55078125,60.20631109034497,4.922876048115427,643.3366749602033,0.0
2458628.0601830976,7028.792421658989,6.833373507365242,6379.1581962004,11.18539231812283,6379.1581962004,11.18539231812283,17.383551817049298,0.056082082009134,1.0271809216582808,2.4242900582879157e-10,13.0,4204.7548828125,70.44098606638906,4.922876048115427,643.3366749602033,0.0
2458629.0576769784,7041.128439473516,6.640007566688268,6392.68870657504,11.157654781662377,6392.68870657504,11.157654781662377,17.417773514579977,0.0560473292781347,1.001082206578065,3.716530983262881e-10,13.0,3176.03125,63.18953436543491,4.922876048115427,643.3366749602033,0.0
2458629.251473928,7043.85484773007,5.6602719085321915,6395.679112049102,10.51528761602684,6395.679112049102,10.51528761602684,17.4253369211917,0.0552472660830457,1.0142478194781703,3.8145555373291067e-10,13.0,3265.371826171875,49.928503273705466,4.922876048115427,643.3366749602033,0.0
2458630.1911054133,0.0,0.0,0.0,0.0,0.0,0.0,0.0,0.0,0.0,0.0,13.0,0.0,0.0,0.0,0.0,5.0
2458631.0955069764,7020.120823536912,5.722969162590989,6369.646930075512,10.327683009868544,6369.646930075512,10.327683009868544,17.359495690307018,0.0550192675670849,1.023184203013386,2.4716732113564954e-10,13.0,2278.1220703125,56.371461306126186,4.922876048115427,643.3366749602033,0.0
2458639.0345747788,7145.016184987893,11.505390416414759,6506.635868423666,16.055602880954623,6506.635868423666,16.055602880954623,17.70597146124232,0.0632044350217764,0.9482475576236464,3.466836877907197e-10,13.0,2540.36962890625,85.84707920029228,4.922876048115427,643.3366749602033,0.0
2458641.181412755,7053.657970459725,5.582047754676856,6406.431467938314,10.56616225024773,6406.431467938314,10.56616225024773,17.452532042498632,0.0553098661043496,1.02590973892137,3.814141852082582e-10,13.0,2158.224609375,47.35649634798196,4.922876048115427,643.3366749602033,0.0
2458647.013042252,7120.803157770591,98.75103550235784,6480.078301720159,108.73360657620609,6480.078301720159,108.73360657620609,17.63880141445813,0.2792435539382273,0.0930136586219129,3.7927047777610915e-10,13.0,10455.017578125,83.20072037575538,4.922876048115427,643.3366749602033,4.0
2458653.989989757,6837.141807039094,11.864350147203185,6168.950115407468,14.776017519291518,6168.950115407468,14.776017519291518,16.85188840153716,0.0611667191995906,0.9758034305023492,3.672179846564504e-10,13.0,10490.7353515625,214.15480376335276,4.922876048115427,643.3366749602033,0.0
2458655.006783694,7040.006752635814,8.38647863092123,6391.458407168629,12.48319330104786,6391.458407168629,12.48319330104786,17.414661811252273,0.0578079388217857,1.0096843958734734,3.7512219342635185e-10,13.0,6561.64599609375,86.60456294039749,4.922876048115427,643.3366749602033,0.0
2458656.040377924,7086.320876499613,8.025101798701842,6442.257112460151,12.6258887234371,6442.257112460151,12.6258887234371,17.543143138216525,0.0580085556553237,1.015559550219748,3.8133051619803477e-10,13.0,4837.37890625,71.00462994923537,4.922876048115427,643.3366749602033,0.0
2458661.927114698,7224.162694868698,22.554030012985894,6593.446108904764,27.17004288204824,6593.446108904764,27.17004288204824,17.92553404314455,0.0840778001473183,0.814547482218538,3.7863482344933047e-10,13.0,2425.955078125,125.19015832367148,4.922876048115427,643.3366749602033,0.0
2458673.9391435347,0.0,0.0,0.0,0.0,0.0,0.0,0.0,0.0,0.0,0.0,13.0,0.0,0.0,0.0,0.0,5.0
2458684.005597111,7047.664862305166,8.563865734160967,6399.858049086241,12.69152602429231,6399.858049086241,12.69152602429231,17.435906390880945,0.0580977907347593,1.0782280758366043,3.8102661031599956e-10,13.0,5902.37841796875,92.58937130458432,4.922876048115427,643.3366749602033,0.0
2458685.0180539647,0.0,0.0,0.0,0.0,0.0,0.0,0.0,0.0,0.0,0.0,13.0,0.0,0.0,0.0,0.0,5.0
2458686.031455878,7055.909515364549,9.049023628295863,6408.9010291980085,13.159446525541629,6408.9010291980085,13.159446525541629,17.45877811719373,0.0587603953123758,0.5887061069306528,3.4153986452748704e-10,13.0,3687.625732421875,51.86095347060545,4.922876048115427,643.3366749602033,4.0
2458687.997552845,7026.10186372182,5.54980842082287,6376.207112420388,10.269496082900348,6376.207112420388,10.269496082900348,17.37608786382721,0.0549498192049632,1.0779655574727114,2.3838540450709527e-10,13.0,2101.385986328125,55.5459351700896,4.922876048115427,643.3366749602033,0.0
2458688.897596721,7029.587335971858,5.746543600275762,6380.030081805546,10.431796165893719,6380.030081805546,10.431796165893719,17.38575701143106,0.0551452019296072,1.0670106949283715,3.376431106735152e-10,13.0,2335.75,57.10581190016904,4.922876048115427,643.3366749602033,0.0
2458689.895243366,7038.988869171515,5.861937654826308,6390.341962382244,10.59924910822131,6390.341962382244,10.59924910822131,17.41183807181218,0.0553495516674265,1.0465991043381722,3.549112332008586e-10,13.0,2184.62060546875,55.6052239534185,4.922876048115427,643.3366749602033,0.0
2458691.9640365057,7050.074846892188,5.521041770973435,6402.501391690608,10.489961618022567,6402.501391690608,10.489961618022567,17.44259199760028,0.055216799416602,1.0508011962667525,3.7762694877792655e-10,13.0,1916.4195556640625,48.42043136838618,4.922876048115427,643.3366749602033,0.0
2458692.886415625,7079.347738855663,7.373472665570155,6434.608768184572,12.066224574796614,6434.608768184572,12.066224574796614,17.523798758946104,0.0572410439086382,1.033295193420876,3.7043164756864553e-10,13.0,2085.771240234375,65.96509021248085,4.922876048115427,643.3366749602033,0.0
2458694.077161752,7078.241676392149,29.652607243136423,6433.395606055389,33.73003999192427,6433.395606055389,33.73003999192427,17.5207303996388,0.0980974441279597,0.0721191944397702,1.9381653089540301e-10,13.0,1194.9588623046875,19.052353659488457,4.922876048115427,643.3366749602033,4.0
2458694.9357694057,7078.76489008382,6.399110412204878,6433.969482357262,11.371267349567633,6433.969482357262,11.371267349567633,17.52218186160726,0.0563235156955324,1.0272300719791156,3.7484239798913666e-10,13.0,2064.43310546875,53.34167779918373,4.922876048115427,643.3366749602033,0.0
2458696.875474429,0.0,0.0,0.0,0.0,0.0,0.0,0.0,0.0,0.0,0.0,13.0,0.0,0.0,0.0,0.0,5.0
2458697.872682757,7049.447444039828,5.559272435394907,6401.813237625767,10.507708678349035,6401.813237625767,10.507708678349035,17.44085150152073,0.0552383460901308,1.0416907427851292,3.5888445816046614e-10,13.0,2257.23583984375,48.86522377768685,4.922876048115427,643.3366749602033,0.0
2458697.9545110115,7012.130648071219,5.078116560455789,6360.883068539385,9.838712170612942,6360.883068539385,9.838712170612942,17.337329917517526,0.0544426651823039,1.0586437850867645,2.823073424698965e-10,13.0,1897.405029296875,49.85451716296697,4.922876048115427,643.3366749602033,0.0
2458699.9614029503,7042.639836478596,3.4554457930760316,6394.346451656547,9.280865899496796,6394.346451656547,9.280865899496796,17.421966323956088,0.0538138610057981,1.0000771128243695,2.4142202343526757e-10,13.0,1881.3914794921875,0.3826622611903337,4.922876048115427,643.3366749602033,0.0
2458700.0530265467,7031.877734282021,5.60206326142003,6382.542258633079,10.35891925759741,6382.542258633079,10.35891925759741,17.392110870461877,0.055057360520381,1.046924632188764,2.122932700011036e-10,13.0,2011.01171875,53.32991186866473,4.922876048115427,643.3366749602033,0.0
2458701.874620201,7035.355172674954,6.023871345133076,6386.356416245374,10.672911688342788,6386.356416245374,10.672911688342788,17.401757731114458,0.0554398447454722,1.068945383144254,2.0879696070956796e-10,13.0,2282.638671875,60.05025638130248,4.922876048115427,643.3366749602033,0.0
2458701.9491573027,7012.069830490058,5.410821762868549,6360.816362011778,10.049252793859305,6360.816362011778,10.049252793859305,17.337161201737576,0.0546881074742229,1.083854491654946,3.8039960264432817e-10,13.0,2051.924072265625,56.59908385611792,4.922876048115427,643.3366749602033,0.0
2458702.95769909,7180.042148669824,102.70799071046308,6545.053384684204,113.14052367262211,6545.053384684204,113.14052367262211,17.803137982308126,0.2902282655144824,0.0933997614393159,3.7811772957375027e-10,13.0,7278.38330078125,74.61307477935831,4.922876048115427,643.3366749602033,4.0
2458703.95489544,7086.216715569262,7.332858649304708,6442.142865661078,12.10770855581231,6442.142865661078,12.10770855581231,17.54285418242007,0.0572975140990519,1.0120318895478893,3.8125218210588737e-10,13.0,2829.822509765625,62.455122884579055,4.922876048115427,643.3366749602033,0.0
2458704.0561986878,7054.224389211421,7.377399755990148,6407.052732832012,11.822034564619832,6407.052732832012,11.822034564619832,17.454103360851743,0.0569126248128612,1.026193689038193,3.7700067601721466e-10,13.0,4441.673828125,71.46223539824787,4.922876048115427,643.3366749602033,0.0
2458709.951713852,7048.157764877158,6.166088703549521,6400.398679252653,10.89455669894991,6400.398679252653,10.89455669894991,17.437273765911062,0.0557156194854517,1.0673242701292125,3.2884098190541436e-10,13.0,4484.7587890625,59.061418009638246,4.922876048115427,643.3366749602033,0.0
2458710.026896933,7007.434367548493,9.48596590456742,6355.732048713509,13.160129855670846,6355.732048713509,13.160129855670846,17.324301832280913,0.0587591746937312,1.0556081272738818,3.4414189802724693e-10,13.0,11370.4326171875,114.99373874396996,4.922876048115427,643.3366749602033,0.0
2458711.9678325304,7019.908568268404,5.692378357659739,6369.414122198947,10.305375683926892,6369.414122198947,10.305375683926892,17.358906866935705,0.054992494586248,1.0348493210694258,2.3194626924235854e-10,13.0,3630.49658203125,56.65056831539365,4.922876048115427,643.3366749602033,0.0
2458714.967448322,0.0,0.0,0.0,0.0,0.0,0.0,0.0,0.0,0.0,0.0,13.0,0.0,0.0,0.0,0.0,5.0
2458717.9294874584,7091.32429671377,7.731641444826791,6447.74501221307,12.455267227267909,6447.74501221307,12.455267227267909,17.55702326839811,0.0577724619995844,0.9876609316476936,3.6083228289821324e-10,13.0,2035.6734619140625,64.44501396579423,4.922876048115427,643.3366749602033,0.0
2458724.907034078,7052.4452818184855,6.071728065505316,6405.101355053572,10.873840697410607,6405.101355053572,10.873840697410607,17.449167888482044,0.0556899639367013,1.010714603511986,3.8118267663245484e-10,13.0,2198.19677734375,53.75928724525443,4.922876048115427,643.3366749602033,0.0
2458727.87302039,7020.218201264083,5.515174897793486,6369.753736856074,10.191669265712143,6369.753736856074,10.191669265712143,17.359765828626827,0.0548567850015184,1.0152207238835864,3.81128904893336e-10,13.0,2335.20849609375,52.85759688354139,4.922876048115427,643.3366749602033,0.0
2458728.9424985447,7044.39398634428,5.564843926653038,6396.270455278551,10.459317441545059,6396.270455278551,10.459317441545059,17.426832560940294,0.0551792882455277,1.0214362497729894,3.1112521997018417e-10,13.0,2267.87939453125,48.829223547316815,4.922876048115427,643.3366749602033,0.0
2458734.891497464,0.0,0.0,0.0,0.0,0.0,0.0,0.0,0.0,0.0,0.0,13.0,0.0,0.0,0.0,0.0,5.0
2458736.8779243086,7041.024924255024,6.141418113609693,6392.575168011883,10.807635122609714,6392.575168011883,10.807635122609714,17.41748635007112,0.0556068409127413,0.9962589359115384,1.5203136905083948e-10,13.0,3988.424072265625,56.280099528060326,4.922876048115427,643.3366749602033,0.0
2458736.881707732,7040.030334693977,6.223046014008271,6391.484272669751,10.854079192685791,6391.484272669751,10.854079192685791,17.41472723090988,0.0556646276730461,0.99652741965491,2.338542914105071e-10,13.0,4630.80712890625,57.910208375314,4.922876048115427,643.3366749602033,0.0
2458739.9030415327,7027.856239384648,6.416751925159378,6378.131363703404,10.875989515817192,6378.131363703404,10.875989515817192,17.380954727201686,0.0556913840173038,1.0277636465807072,2.439355667154856e-10,13.0,3883.025146484375,64.92929419540422,4.922876048115427,643.3366749602033,0.0
2458739.906826064,7042.121217725548,6.565695304325734,6393.777615219691,11.114022698594763,6393.777615219691,11.114022698594763,17.420527608937405,0.0559918971669862,1.0285482843088996,2.366013306847205e-10,13.0,4087.387451171875,63.778618355947685,4.922876048115427,643.3366749602033,0.0
2458749.8872559583,7046.317746665556,5.601417518639187,6398.38049268095,10.50239578559199,6398.38049268095,10.50239578559199,17.432169319108606,0.0552317098710247,0.9764185988085662,3.704349728852171e-10,13.0,2267.352783203125,46.68864834356904,4.922876048115427,643.3366749602033,0.0
2458749.891050808,7037.577336866618,5.610823985272035,6388.793751867086,10.420454366957276,6388.793751867086,10.420454366957276,17.407922299938363,0.0551318756588169,0.9742330022360188,3.8123493470146007e-10,13.0,2256.620849609375,48.5001921023298,4.922876048115427,643.3366749602033,0.0
2458751.887972704,7081.582368187766,59.30536720206875,6437.059775942188,65.66558843752759,6437.059775942188,65.66558843752759,17.529997907670285,0.1729993085489639,0.0589997715046682,3.8135868886623903e-10,13.0,1872.617919921875,33.719253715104685,4.922876048115427,643.3366749602033,4.0
2458751.891760173,6926.143049406662,141.3306835087043,6266.569318890737,155.18907312634406,6266.569318890737,155.18907312634406,17.098789276839923,0.3954833667524711,0.0178974219726136,3.79652844145532e-10,13.0,1626.330810546875,36.348385535670566,4.922876048115427,643.3366749602033,6.0
2458753.888711994,7028.471832460284,10.203579394608328,6378.806564454704,13.932895152515082,6378.806564454704,13.932895152515082,17.382662461444056,0.0598888136911088,0.3915903155392386,1.6926960267616056e-10,13.0,2102.14013671875,42.39908612057167,4.922876048115427,643.3366749602033,4.0
2458753.892497065,7028.872255616328,6.083790030379097,6379.245760453653,10.652718689628182,6379.245760453653,10.652718689628182,17.383773286698727,0.0554146818285592,0.9491703110212932,1.8473802223168766e-10,13.0,2284.19775390625,55.21923122108073,4.922876048115427,643.3366749602033,0.0
2457845.121757678,7208.112413763784,55.72721799582241,6575.84168434321,62.098182973108166,6575.84168434321,62.098182973108166,17.881008502284207,0.164360741524275,0.0551345129049663,3.725117930204279e-10,13.0,769.33642578125,19.927462029432892,4.922876048115427,643.3366749602033,4.0
2457845.1353422287,7072.312980152858,8.11311079472182,6426.89283610321,12.55622561654271,6426.89283610321,12.55622561654271,17.504283434945414,0.057910835421266,0.5124646908690812,3.7766765932679975e-10,13.0,1720.75830078125,36.85229127809246,4.922876048115427,643.3366749602033,4.0
2457852.13729299,6999.6668199314645,7.223542427762584,6347.212372007637,11.241209200483867,6347.212372007637,11.241209200483867,17.302753657732076,0.0561522556997414,0.6566273351520396,2.473028310159265e-10,13.0,3484.167236328125,52.46065588885382,4.922876048115427,643.3366749602033,4.0
2457871.278150946,7082.01346092992,9.142775242040276,6437.532611253208,13.46891683841702,6437.532611253208,13.46891683841702,17.5311938142952,0.0592088163560805,0.585396391722151,3.4529542884312877e-10,13.0,2092.627197265625,48.03109168616512,4.922876048115427,643.3366749602033,4.0
2457889.00495306,7129.321603578458,17.353171527458574,6489.421585842474,21.355023550860704,6489.421585842474,21.355023550860704,17.66243267701393,0.0725456429944674,0.5625696954836602,3.228699234810397e-10,13.0,10059.326171875,84.15542547077345,4.922876048115427,643.3366749602033,4.0
2457890.1982964505,7017.079412377971,11.212401447617653,6366.311020071297,14.762473207757413,6366.311020071297,14.762473207757413,17.35105842519338,0.0611464985622514,0.4458259065890113,2.411203180784692e-10,13.0,6132.115234375,55.99513418257608,4.922876048115427,643.3366749602033,4.0
2457895.1552225137,7040.829152337274,7.531974095597229,6392.360439563526,11.816851642236797,6392.360439563526,11.816851642236797,17.416943253631484,0.0569050245974023,0.521467199818417,3.5528883057055856e-10,13.0,1799.9471435546875,37.888764009299926,4.922876048115427,643.3366749602033,4.0
2457896.0347279334,7056.0366915650375,7.442499023452964,6409.04051982829,11.888074143123097,6409.04051982829,11.888074143123097,17.459130920305043,0.0570006572085646,0.6139241902191617,3.8085976648670304e-10,13.0,2226.20654296875,42.01081393555584,4.922876048115427,643.3366749602033,4.0
2457900.11572192,7030.404332377406,7.059015502858201,6380.926187705152,11.366805880879442,6380.926187705152,11.366805880879442,17.388023464373536,0.0563150082089231,0.6349468037622481,3.6017895631540286e-10,13.0,1827.34814453125,44.37146336419226,4.922876048115427,643.3366749602033,4.0
2457902.156083203,7080.187766106225,8.851999896817459,6435.530134998372,13.215990039902188,6435.530134998372,13.215990039902188,17.52612910241014,0.0588429665945652,0.6081858720615497,3.4954962998017657e-10,13.0,2050.868408203125,48.34481153362451,4.922876048115427,643.3366749602033,4.0
2457902.1717774514,7075.2198235445285,9.323796013096352,6430.08114818737,13.555752978243023,6430.08114818737,13.555752978243023,17.512347391792314,0.0593350216976809,0.612101169226441,2.870397027240945e-10,13.0,1992.3070068359373,52.76445599252928,4.922876048115427,643.3366749602033,4.0
2457903.0607678704,7020.680141651301,7.524134847211047,6370.260406779519,11.639234504725064,6370.260406779519,11.639234504725064,17.361047310580425,0.0566694285839803,0.6302697949005144,2.9457714335682084e-10,13.0,2042.7431640625,49.53627781322128,4.922876048115427,643.3366749602033,4.0
2457918.0621215305,7158.676206352018,17.81915033279615,6521.618585177473,22.019717259397808,6521.618585177473,22.019717259397808,17.74386611463972,0.0738079306544833,0.5976980271372737,1.7937241456394047e-10,13.0,9944.6962890625,84.89123803114364,4.922876048115427,643.3366749602033,4.0
2457920.1542458525,7013.584087581908,9.807679009001056,6362.477244121319,13.481941985248724,6362.477244121319,13.481941985248724,17.34136194536166,0.0592242634868855,0.4589049360954366,1.7493367716951258e-10,13.0,3254.133056640625,50.07148637156487,4.922876048115427,643.3366749602033,4.0
2457927.995136189,7031.291244596513,10.136018176787339,6381.898979343623,13.893634776858406,6381.898979343623,13.893634776858406,17.39048387276098,0.0598305627323253,0.3093080273167096,3.0415641379503103e-10,13.0,1630.905029296875,32.41181461863786,4.922876048115427,643.3366749602033,4.0
2457931.0506606214,7159.529013139733,14.509866760400671,6522.553968966813,18.87955283665706,6522.553968966813,18.87955283665706,17.74623191018087,0.0680150997132505,0.6139447219782339,3.794313522366019e-10,13.0,1908.27392578125,69.2705924106317,4.922876048115427,643.3366749602033,4.0
2457934.1308209263,7139.416751611749,13.135722276718587,6500.4942437497175,17.44658879701704,6500.4942437497175,17.44658879701704,17.69043791401317,0.0655198290015694,0.5648394331571546,3.5237841574774925e-10,13.0,1847.913330078125,60.09511931474973,4.922876048115427,643.3366749602033,4.0
2457936.970802996,0.0,0.0,0.0,0.0,0.0,0.0,0.0,0.0,0.0,0.0,13.0,0.0,0.0,0.0,0.0,5.0
2457937.0645583062,7046.1104731086825,7.41227315604481,6398.153148893531,11.773122561384021,6398.153148893531,11.773122561384021,17.431594315645096,0.0568472863445352,0.6378105758880677,2.0464654336703223e-10,13.0,2580.095458984375,45.16282417859295,4.922876048115427,643.3366749602033,4.0
2457938.9466909305,7379.738247372179,27.554339152562218,6764.08599114526,33.34626587442523,6764.08599114526,33.34626587442523,18.357120603815048,0.0972769565968693,0.657098944667865,3.6954323455225756e-10,13.0,7395.29541015625,81.24664264519795,4.922876048115427,643.3366749602033,4.0
2457939.0872892905,7279.833029796976,29.92864388347762,6654.506984110311,35.02851750780034,6654.506984110311,35.02851750780034,18.079970701066955,0.1009786809438177,0.6727673682026645,1.8140716107536143e-10,13.0,7850.25537109375,120.04647061961272,4.922876048115427,643.3366749602033,4.0
2457939.9321202342,7188.607904012709,20.154495125562764,6554.448559308301,24.529891280592413,6554.448559308301,24.529891280592413,17.826900487589274,0.0787111107960572,0.6439788212965308,3.799013609496333e-10,13.0,10033.9033203125,96.4224173919822,4.922876048115427,643.3366749602033,4.0
2457940.098828323,7129.864551433922,16.202348299693668,6490.017107160759,20.24205944750044,6490.017107160759,20.24205944750044,17.66393888408691,0.0704749663546734,0.6671291004098555,2.3568385683299875e-10,13.0,10184.40234375,92.71884112228516,4.922876048115427,643.3366749602033,4.0
2457940.9950310653,7154.406859065236,17.231401895764026,6516.935838392793,21.41743355135108,6516.935838392793,21.41743355135108,17.73202239702368,0.0726650444929611,0.6788725612999138,3.717268973306397e-10,13.0,16518.078125,94.09527079140926,4.922876048115427,643.3366749602033,4.0
2457941.983123488,7204.913597346645,43.45021645806362,6572.333127581257,48.889446643436216,6572.333127581257,48.889446643436216,17.872134574771337,0.132802118174653,0.7067001163727236,2.26176492091054e-10,13.0,52571.890625,225.4875526258085,4.922876048115427,643.3366749602033,2.0
2457942.223666119,7073.375110868324,33.96140168045597,6428.057812587597,38.29204645922881,6428.057812587597,38.29204645922881,17.50722992194222,0.1082815615119478,0.656246897993519,3.412130688005467e-10,13.0,59864.57421875,228.35243545270657,4.922876048115427,643.3366749602033,6.0
2457942.8911020337,7413.599779487364,69.49594433929522,6801.226324312247,77.63853598875997,6801.226324312247,77.63853598875997,18.451056842185796,0.2022612596538304,0.5362045111659847,3.6702888829667877e-10,13.0,50405.16015625,160.60729637049792,4.922876048115427,643.3366749602033,4.0
2457943.187607183,7265.559762908035,32.069139305690825,6638.851641468605,37.15399275654449,6638.851641468605,37.15399275654449,18.04037482583463,0.1057255690893669,0.6276165692543693,2.2087476298029808e-10,13.0,38051.8359375,124.95612514047068,4.922876048115427,643.3366749602033,4.0
2457944.994409845,7698.05198359611,89.0701312472118,7113.221942075392,99.82284801574484,7113.221942075392,99.82284801574484,19.240163783931617,0.257103185058464,0.6401148850542209,3.809474547090046e-10,13.0,18893.634765625,117.55877108591008,4.922876048115427,643.3366749602033,6.0
2457946.154597552,-3636224.1951565146,-3636224.1951565146,-3636224.1951565146,-3636224.1951565146,-3636224.1951565146,-3636224.1951565146,0.0,0.0,0.5349782052839673,-9999.99,13.0,-9999.99,-9999.99,-9999.99,-9999.99,7.0
2457947.9977859603,0.0,0.0,0.0,0.0,0.0,0.0,0.0,0.0,0.0,0.0,13.0,0.0,0.0,0.0,0.0,5.0
2457956.018743376,7045.015779991205,6.441925281035403,6396.952457000427,11.05436797158307,6396.952457000427,11.05436797158307,17.42855749636366,0.0559164546952885,0.6626475709039144,2.937779588515165e-10,13.0,1826.871337890625,38.776641897928165,4.922876048115427,643.3366749602033,4.0
2457957.153619914,7017.107742656052,6.138520274316456,6366.34209356092,10.584179561859901,6366.34209356092,10.584179561859901,17.351137017022783,0.0553300803920319,0.6493056187789923,2.8445612759795673e-10,13.0,1828.9493408203125,39.18030712904324,4.922876048115427,643.3366749602033,4.0
2457957.879266024,7043.852559656759,7.5301997248226265,6395.676602422404,11.842463014116564,6395.676602422404,11.842463014116564,17.425330573782524,0.0569392279210636,0.6350642840815844,3.8075344430454055e-10,13.0,1972.9217529296875,46.23675274831007,4.922876048115427,643.3366749602033,4.0
2457958.931299373,0.0,0.0,0.0,0.0,0.0,0.0,0.0,0.0,0.0,0.0,13.0,0.0,0.0,0.0,0.0,5.0
2457959.0528402813,0.0,0.0,0.0,0.0,0.0,0.0,0.0,0.0,0.0,0.0,13.0,0.0,0.0,0.0,0.0,5.0
2457960.045846961,0.0,0.0,0.0,0.0,0.0,0.0,0.0,0.0,0.0,0.0,13.0,0.0,0.0,0.0,0.0,5.0
2457960.169509377,0.0,0.0,0.0,0.0,0.0,0.0,0.0,0.0,0.0,0.0,13.0,0.0,0.0,0.0,0.0,5.0
2457960.975373177,7033.525545880097,6.325455903551438,6384.34962728789,10.863681508529522,6384.34962728789,10.863681508529522,17.39668211143645,0.0556762837791841,0.6533423308416795,2.6495356770186476e-10,13.0,1858.6949462890625,38.76809790489072,4.922876048115427,643.3366749602033,4.0
2457961.0740953865,7037.410451124927,7.097155506768622,6388.610706633754,11.45751697439816,6388.610706633754,11.45751697439816,17.407459337460516,0.0564328154549395,0.6266874700325734,3.6673942027428985e-10,13.0,2066.716064453125,43.0167358944699,4.922876048115427,643.3366749602033,4.0
2457967.89152123,7104.602324326543,13.479368020965957,6462.308746885837,17.47359355564903,6462.308746885837,17.47359355564903,17.593858222076037,0.0655633186324831,0.6508273255460134,3.5130476050911356e-10,13.0,8111.4541015625,79.1954463197645,4.922876048115427,643.3366749602033,4.0
2457968.128338298,-3636224.1951565146,-3636224.1951565146,-3636224.1951565146,-3636224.1951565146,-3636224.1951565146,-3636224.1951565146,0.0,0.0,0.4996708429896558,-9999.99,13.0,-9999.99,-9999.99,-9999.99,-9999.99,7.0
2457971.924043896,6881.271868153659,17.156645404791664,6217.353275869882,20.11249368866115,6217.353275869882,20.11249368866115,16.974310857971552,0.0702299757324999,0.6726058057693898,2.0499243948570657e-10,13.0,26678.158203125,191.8461570958537,4.922876048115427,643.3366749602033,6.0
2457973.951682822,7125.377376254331,13.930913980616003,6485.095440279825,18.057604603291175,6485.095440279825,18.057604603291175,17.65149088392413,0.066569370349155,0.6655310622718331,2.0320018215947478e-10,13.0,9144.9287109375,79.24123374122728,4.922876048115427,643.3366749602033,4.0
2457976.0959006054,7060.470390740207,9.30454050066741,6413.903532640825,13.410671892255058,6413.903532640825,13.410671892255058,17.471430571164507,0.0591228751943923,0.6323776337350215,3.8147266159289875e-10,13.0,3410.657470703125,57.05871407416947,4.922876048115427,643.3366749602033,4.0
2457977.923148304,7063.495431822914,6.695767259940111,6417.221487459674,11.416066083586253,6417.221487459674,11.416066083586253,17.47982242358451,0.0563804871929434,0.6634501990703622,3.0401918217697757e-10,13.0,1916.82470703125,38.19952201357005,4.922876048115427,643.3366749602033,4.0
2457978.1071522324,7055.874478036774,10.287457927207372,6408.862599217277,14.21169290029384,6408.862599217277,14.21169290029384,17.45868091914722,0.0603077466858627,0.5105068227241729,3.663433022133988e-10,13.0,2914.110107421875,52.13807477312883,4.922876048115427,643.3366749602033,4.0
2457979.937498038,7012.451532616614,7.35192470629364,6361.235024230088,11.439430713717886,6361.235024230088,11.439430713717886,17.3382200924524,0.0564082286530112,0.6550486139771023,2.660990712543405e-10,13.0,1701.9100341796875,51.38323288434528,4.922876048115427,643.3366749602033,4.0
2457980.9492272763,7089.673765785609,8.523337441702177,6445.934660916331,13.045668326063595,6445.934660916331,13.045668326063595,17.55244448365267,0.0585999618254041,0.6253809319109367,3.8142361496382557e-10,13.0,1797.3839111328125,45.85956655583319,4.922876048115427,643.3366749602033,4.0
2457984.978362321,7068.220555310812,7.183374311361883,6422.404143105588,11.814148736585961,6422.404143105588,11.814148736585961,17.49293052291035,0.0569029732247386,0.6311771103752162,3.814566909208295e-10,13.0,1770.3148193359375,39.46903729706963,4.922876048115427,643.3366749602033,4.0
2457985.925436194,7055.371691539319,6.733789212342396,6408.311128068135,11.361800948466664,6408.311128068135,11.361800948466664,17.45728612483862,0.0563098446203579,0.6604682236545745,2.7362099102644216e-10,13.0,2016.0609130859373,39.702770714464926,4.922876048115427,643.3366749602033,4.0
2457987.9669473832,7031.628546089309,6.591599087449639,6382.268941629367,11.035084945627045,6382.268941629367,11.035084945627045,17.391419590416113,0.0558914088463753,0.6453308828199361,1.8980984032702058e-10,13.0,1714.185546875,40.96947472330122,4.922876048115427,643.3366749602033,4.0
2457989.0338200866,7006.915936417261,6.936046186139704,6355.16341806583,11.077930827741257,6355.16341806583,11.077930827741257,17.322863637749244,0.0559445516009816,0.6431203224700229,2.4023018965640885e-10,13.0,1868.0546875,47.59706687820127,4.922876048115427,643.3366749602033,4.0
2457989.078452483,7106.834623154305,12.496668998082303,6464.757198477145,16.58995268131716,6464.757198477145,16.58995268131716,17.600050905681915,0.0640782312068447,0.5860276049939637,3.791559061623658e-10,13.0,2082.60888671875,64.96381950987858,4.922876048115427,643.3366749602033,4.0
2457990.97068101,7035.682769449342,7.073124446869125,6386.715734108008,11.424105503038197,6386.715734108008,11.424105503038197,17.40266652663451,0.0563893829757794,0.638047434676077,3.8092332640919496e-10,13.0,1782.3555908203125,43.86282009652413,4.922876048115427,643.3366749602033,4.0
2457991.9481014884,7085.368498613547,166.38484252794868,6441.212516135656,182.7195177037547,6441.212516135656,182.7195177037547,17.54050111966226,0.4646691012815671,0.0148255197481957,2.424997761002785e-10,13.0,1571.306884765625,22.43527786033146,4.922876048115427,643.3366749602033,6.0
2457996.026242438,7135.219408177683,17.04637886773978,6495.890472927201,21.097492805433323,6495.890472927201,21.097492805433323,17.67879394433085,0.072062419265699,0.6018825576923447,3.7884758663884444e-10,13.0,8130.2958984375,86.9451638545807,4.922876048115427,643.3366749602033,4.0
2457997.008796168,7065.414388415781,16.033393389369113,6419.326255990226,19.64945188600432,6419.326255990226,19.64945188600432,17.485145855593366,0.0693898783854369,0.6521896752093707,3.6645675041379415e-10,13.0,18655.609375,106.6729884571306,4.922876048115427,643.3366749602033,4.0
2457998.017639742,7047.763089871152,11.832851237487077,6399.965787995232,15.534167248415734,6399.965787995232,15.534167248415734,17.43617888676275,0.0623587892605179,0.6500586204050014,2.2814732337181926e-10,13.0,10243.87890625,80.35134848963915,4.922876048115427,643.3366749602033,4.0
2457998.8872401435,7013.629919895151,9.253381762310593,6362.527514362427,13.002326056990594,6362.527514362427,13.002326056990594,17.341489090084092,0.0585342415023536,0.6411983744404574,2.464554480859128e-10,13.0,6123.5517578125,66.16169185114151,4.922876048115427,643.3366749602033,4.0
2458000.033089136,-3636224.1951565146,-3636224.1951565146,-3636224.1951565146,-3636224.1951565146,-3636224.1951565146,-3636224.1951565146,0.0,0.0,0.4811177731082037,-9999.99,13.0,-9999.99,-9999.99,-9999.99,-9999.99,7.0
2458000.9499369618,7021.052227232287,9.554659065031357,6370.668521285304,13.313994253643928,6370.668521285304,13.313994253643928,17.36207952376294,0.0589810123165308,0.6374638052705891,3.6439295959754455e-10,13.0,5427.96923828125,66.70684654894977,4.922876048115427,643.3366749602033,4.0
2458002.005881311,7020.362249468455,9.9458308906656,6369.911733200839,13.649477017406195,6369.911733200839,13.649477017406195,17.360165436843506,0.0594695058403974,0.6268364409690632,2.0278546475907438e-10,13.0,7007.345703125,68.81077906340838,4.922876048115427,643.3366749602033,4.0
2458003.018645769,7046.6255829691245,9.71247441647557,6398.718136672863,13.64203654093073,6398.718136672863,13.64203654093073,17.43302329654511,0.0594597798090081,0.6029901106742778,2.9759710699122837e-10,13.0,6536.54736328125,59.602389753286346,4.922876048115427,643.3366749602033,4.0
2458003.921357082,7000.698482352787,8.657147811918295,6348.343929962947,12.40681514197961,6348.343929962947,12.40681514197961,17.305615621768368,0.0577010211655724,0.6313598138727192,2.1304778513283992e-10,13.0,2771.42529296875,62.567814832946624,4.922876048115427,643.3366749602033,4.0
2458004.9872109257,7076.117293380809,9.195453377204982,6431.065519733624,13.457998294035109,6431.065519733624,13.457998294035109,17.514837088365535,0.0591925568886251,0.5933072168755044,3.6941529104922304e-10,13.0,2896.91748046875,49.99254942015346,4.922876048115427,643.3366749602033,4.0
2458013.0176635017,7117.254872979993,11.278828570086892,6476.186437676736,15.598155929470341,6476.186437676736,15.598155929470341,17.628958016800766,0.0624651638820467,0.5825146305204224,3.7035667276097276e-10,13.0,2062.81591796875,55.408686691462734,4.922876048115427,643.3366749602033,4.0
2458013.8960405,7129.875496878087,12.444260845277999,6490.02911244869,16.74006242185733,6490.02911244869,16.74006242185733,17.66396924815457,0.0643291566948109,0.5958104496242977,3.3464746172706004e-10,13.0,2063.875732421875,61.36330646966347,4.922876048115427,643.3366749602033,4.0
2458016.9717611084,6981.030964710331,7.458645249702214,6326.772013035981,11.292999617468833,6326.772013035981,11.292999617468833,17.251055402250312,0.056218127200021,0.5884656513296791,1.980997542027908e-10,13.0,2086.6171875,51.635173915872784,4.922876048115427,643.3366749602033,4.0
2458018.9094225457,7007.453587319376,6.713188816017285,6355.753129528507,10.915864940284122,6355.753129528507,10.915864940284122,17.32435515039343,0.0557404112452043,0.5913007471451888,2.2078122331753432e-10,13.0,1827.2947998046875,41.58167454006419,4.922876048115427,643.3366749602033,4.0
2458020.964319032,0.0,0.0,0.0,0.0,0.0,0.0,0.0,0.0,0.0,0.0,13.0,0.0,0.0,0.0,0.0,5.0
2458022.8951745387,7036.318850853002,10.594028733429905,6387.413407065424,14.334382681174983,6387.413407065424,14.334382681174983,17.404431098129805,0.0604922403138222,0.4691193282905553,3.814333856090279e-10,13.0,5179.6533203125,52.39054866425099,4.922876048115427,643.3366749602033,4.0
2458027.9502519,-3636224.1951565146,-3636224.1951565146,-3636224.1951565146,-3636224.1951565146,-3636224.1951565146,-3636224.1951565146,0.0,0.0,0.3388970344736707,-9999.99,13.0,-9999.99,-9999.99,-9999.99,-9999.99,5.0
2458033.933005056,7079.807716373159,11.167476101101546,6435.11328517426,15.17677278200866,6435.11328517426,15.17677278200866,17.525074795647015,0.0617950204540418,0.5616806125228361,3.0560010618652717e-10,13.0,3176.200439453125,58.79199284989081,4.922876048115427,643.3366749602033,4.0
2458036.9419499463,7107.234991207075,15.671432613418103,6465.196334037185,19.568348847710418,6465.196334037185,19.568348847710418,17.601161578073018,0.0692454878831481,0.2529901380498707,3.1698764914282673e-10,13.0,1846.9366455078125,34.47518780106537,4.922876048115427,643.3366749602033,4.0
2458039.929320537,7137.020832218176,14.506521025498568,6497.866328266863,18.687923967195207,6497.866328266863,18.687923967195207,17.683791325946622,0.0676739240838021,0.5740921343346118,3.6824037494990835e-10,13.0,2352.1728515625,69.0002908585189,4.922876048115427,643.3366749602033,4.0
2458041.93417196,7042.739600630702,48.09654196021858,6394.455875938782,53.4298191087827,6394.455875938782,53.4298191087827,17.4222430825251,0.1435502410829088,0.0522193205691317,3.100803472338858e-10,13.0,1357.7431640625,25.937724204344857,4.922876048115427,643.3366749602033,4.0
2458044.9038606347,7005.327522408592,6.588710937506747,6353.4211984495305,10.80694985241964,6353.4211984495305,10.80694985241964,17.318457173315146,0.0556044038472529,0.595680274935007,1.9766579223022399e-10,13.0,2095.516357421875,41.15115751659789,4.922876048115427,643.3366749602033,4.0
2458178.2067662235,7109.441366472256,11.271491270556155,6467.61635189584,15.521332767494725,6467.61635189584,15.521332767494725,17.607282346387354,0.0623420577905443,0.4828222255040421,3.792548691216181e-10,13.0,3701.633056640625,46.60030815787057,4.922876048115427,643.3366749602033,4.0
2458187.2872099024,7101.296570394312,15.482843203324284,6458.682897884276,19.345259222704115,6458.682897884276,19.345259222704115,17.584687636164073,0.0688429541690526,0.5239700484513751,3.7710424638539115e-10,13.0,9146.2587890625,74.69036956347672,4.922876048115427,643.3366749602033,4.0
2458195.280987245,7049.580363695497,7.853900808367428,6401.959027848116,12.143650472516594,6401.959027848116,12.143650472516594,17.441220237714255,0.0573439098966979,0.5327072239998653,3.807639788552146e-10,13.0,1911.0458984375,39.8106788842988,4.922876048115427,643.3366749602033,4.0
2458202.2985629165,7056.851454000923,7.9304181712706106,6409.93417544369,12.269195506940267,6409.93417544369,12.269195506940267,17.461391175928814,0.0575150086057642,0.4908149002042002,3.474216679641508e-10,13.0,2205.4501953125,36.03195160130439,4.922876048115427,643.3366749602033,4.0
2458207.2613346498,7032.023313867274,8.668374232983078,6382.7019346418365,12.648256463354032,6382.7019346418365,12.648256463354032,17.392514726925775,0.0580366266752174,0.5351491810542269,2.4585389097575817e-10,13.0,2495.4404296875,47.976484095462,4.922876048115427,643.3366749602033,4.0
2458208.2093710857,7027.849146201862,9.372806189104073,6378.123583690055,13.207466581138895,6378.123583690055,13.207466581138895,17.380935049801785,0.0588278896286083,0.5364081626085319,2.3008523993154837e-10,13.0,3422.726806640625,53.55483670455144,4.922876048115427,643.3366749602033,4.0
2458210.113092556,7029.965930027131,18.222314271975108,6380.445334999049,21.64812339012289,6380.445334999049,21.64812339012289,17.386807279957033,0.0730941043224178,0.1575990255882209,3.666820168692925e-10,13.0,2379.39208984375,30.83828946278247,4.922876048115427,643.3366749602033,4.0
2458210.1377274003,7335.075383087492,47.243875313295284,6715.098436356457,53.4840783170482,6715.098436356457,53.4840783170482,18.23322008296753,0.1436922888494348,0.1502876088606657,3.1194043749772897e-10,13.0,2930.79296875,35.60892234117773,4.922876048115427,643.3366749602033,4.0
2458210.1793339616,7100.542129303577,18.17647403919937,6457.855404510097,21.979780211792296,6457.855404510097,21.979780211792296,17.582594719697827,0.0737278473014339,0.1678772503436514,2.4763516813856277e-10,13.0,2005.8194580078125,26.756709921182,4.922876048115427,643.3366749602033,4.0
2458210.224426634,7130.704434399658,34.89341794123708,6490.93831571867,39.483296960390334,6490.93831571867,39.483296960390334,17.666268827286302,0.1109867959862811,0.1164164370367068,1.7140020588439135e-10,13.0,2578.139892578125,34.36037155994536,4.922876048115427,643.3366749602033,4.0
2458210.2789684776,0.0,0.0,0.0,0.0,0.0,0.0,0.0,0.0,0.0,0.0,13.0,0.0,0.0,0.0,0.0,5.0
2458211.3024124303,7054.5853401668355,10.188603243133777,6407.448634550082,14.115550279527104,6407.448634550082,14.115550279527104,17.455104685153085,0.0601630629742948,0.5184498159510244,3.7514252909978255e-10,13.0,3508.555419921875,52.607363236899545,4.922876048115427,643.3366749602033,4.0
2458211.306309173,7027.2987846301285,15.66511109624902,6377.519930787792,19.07518341380642,6377.519930787792,19.07518341380642,17.379408276127855,0.0683554523706365,0.1673539016372241,3.5062196193557903e-10,13.0,1404.271484375,27.88173449588125,4.922876048115427,643.3366749602033,4.0
2458212.123865528,7058.773938909582,20.228333696815294,6412.042813935686,23.823766531264393,6412.042813935686,23.823766531264393,17.466724395938755,0.0773031398121077,0.1468811239096598,3.478257185981194e-10,13.0,2475.796875,29.599225814259107,4.922876048115427,643.3366749602033,4.0
2458212.1391371954,7189.584805675764,35.15914838047616,6555.520054039068,40.00669451479917,6555.520054039068,40.00669451479917,17.829610538250094,0.1121823488977062,0.1487908208068574,3.7923693933701566e-10,13.0,2640.629150390625,38.33194836801569,4.922876048115427,643.3366749602033,4.0
2458212.1901038075,-3636224.1951565146,-3636224.1951565146,-3636224.1951565146,-3636224.1951565146,-3636224.1951565146,-3636224.1951565146,0.0,0.0,0.1514008596699916,-9999.99,13.0,-9999.99,-9999.99,-9999.99,-9999.99,5.0
2458214.306679128,7046.192664045066,15.661737306059898,6398.243298351332,19.17341137937026,6398.243298351332,19.17341137937026,17.43182232385705,0.0685317957885546,0.5322994567629925,2.2988162723455487e-10,13.0,11815.55859375,89.32275108642115,4.922876048115427,643.3366749602033,4.0
2458215.237782547,7193.511527715466,29.086470528873466,6559.826999286336,33.653849387858486,6559.826999286336,33.653849387858486,17.840503769432974,0.0979358906675891,0.5253838878451143,3.34493607323842e-10,13.0,18875.458984375,113.98608165641666,4.922876048115427,643.3366749602033,4.0
2458215.296808092,7149.684283018224,25.03519940817133,6511.755976855638,29.223488039000348,6511.755976855638,29.223488039000348,17.71892136462599,0.0883680875346984,0.5207952513665163,3.799365001092503e-10,13.0,19380.35546875,108.59967822071305,4.922876048115427,643.3366749602033,4.0
2458223.104252772,7197.834311837868,27.293848675744755,6564.568357177903,31.820638464304547,6564.568357177903,31.820638464304547,17.852495727693032,0.0939344179890789,0.1298957457692752,3.3768667159638745e-10,13.0,596.6129760742188,24.07345847903036,4.922876048115427,643.3366749602033,4.0
2458223.139060292,7177.3824552873275,23.573064597213943,6542.136154063569,27.886177439044623,6542.136154063569,27.886177439044623,17.795759651324122,0.0855609582764123,0.1355477020868805,3.60817424029167e-10,13.0,584.4363403320312,22.535942162858685,4.922876048115427,643.3366749602033,4.0
2458224.1691528247,7021.543282778672,8.044730078035313,6371.207125579236,12.057641670777107,6371.207125579236,12.057641670777107,17.363441774906864,0.0572263398221731,0.4969469975057637,2.4266124624776244e-10,13.0,1693.5439453125,41.82391403943118,4.922876048115427,643.3366749602033,4.0
2458226.0741122323,7175.441350121736,23.999520822484527,6540.007092321268,28.308681337719637,6540.007092321268,28.308681337719637,17.79037477633036,0.0864438239304317,0.1271453266092838,3.7709461831224605e-10,13.0,529.3489990234375,21.475429999773468,4.922876048115427,643.3366749602033,4.0
2458227.136232087,7308.544973681932,113.39657452578471,6685.999096107249,125.02844259767788,6685.999096107249,125.02844259767788,18.15962132040958,0.3199161955131214,0.0221681089414926,3.381109261648367e-10,13.0,357.52520751953125,10.241307855515425,4.922876048115427,643.3366749602033,4.0
2458227.1394212698,7157.25905656311,37.77672218946161,6520.064213239177,42.65262979740474,6520.064213239177,42.65262979740474,17.739934759143903,0.1182522084127957,0.0642165608279997,3.8122907577119615e-10,13.0,454.0545043945313,17.429822491217593,4.922876048115427,643.3366749602033,4.0
2458228.094244939,7044.945160652185,20.003885674303206,6396.874999613965,23.530003309618582,6396.874999613965,23.530003309618582,17.428361589248734,0.0767248440183582,0.0741286766904925,3.8141327023555004e-10,13.0,438.1393432617188,12.73920670962278,4.922876048115427,643.3366749602033,4.0
2458228.1079536704,7035.580126360449,16.4942256730846,6386.603152122469,19.939899739989222,6386.603152122469,19.939899739989222,17.402381781525126,0.0699165688266774,0.1168868357831523,3.671145527959321e-10,13.0,474.47509765625,18.874578442947566,4.922876048115427,643.3366749602033,4.0
2458228.2504742485,7032.232262333099,11.713013683471193,6382.93111551909,15.319057783686269,6382.93111551909,15.319057783686269,17.3930943768018,0.0620167250939461,0.1530926217156784,2.3156173989466692e-10,13.0,481.5141906738281,16.924312871267926,4.922876048115427,643.3366749602033,4.0
2458228.3026922354,6992.702924351408,10.60275861644092,6339.5741647019695,14.059833709431075,6339.5741647019695,14.059833709431075,17.283434917133697,0.0600769924106418,0.1533741701359099,1.7539690871853495e-10,13.0,490.2201843261719,16.911181580225865,4.922876048115427,643.3366749602033,4.0
2458228.3130697017,7010.950696733478,13.327844093842359,6359.588862900505,16.711093784496295,6359.588862900505,16.711093784496295,17.334056580984765,0.0642743606808029,0.1529322760160769,2.3269194572797119e-10,13.0,538.3418579101562,21.66521803100473,4.922876048115427,643.3366749602033,4.0
2458229.0909497766,7056.636858319628,12.369078998336247,6409.698800532941,16.089792885032782,6409.698800532941,16.089792885032782,17.460795859951887,0.0632540605471404,0.1485666197713519,3.677264800436706e-10,13.0,550.0569458007812,16.014941870338884,4.922876048115427,643.3366749602033,4.0
2458229.1010831865,7073.617820802052,14.684120716789256,6428.324024044623,18.389914834384903,6428.324024044623,18.389914834384903,17.507903230465647,0.0671455248394883,0.1466545096497037,3.7359481019667824e-10,13.0,550.1078491210938,18.93564293315353,4.922876048115427,643.3366749602033,4.0
2458229.139895912,7012.851800981087,11.667790636214457,6361.67405044906,15.155409622944871,6361.67405044906,15.155409622944871,17.33933048829539,0.061758212077854,0.1533184996886927,2.4564064103231287e-10,13.0,495.6675415039063,18.0573266325874,4.922876048115427,643.3366749602033,4.0
2458229.187922344,7009.773629816618,11.86831124937797,6358.297820980031,15.323442174983455,6358.297820980031,15.323442174983455,17.330791246205916,0.062022777907829,0.1519119641306669,2.4968704153464347e-10,13.0,490.5287780761719,18.45328570036236,4.922876048115427,643.3366749602033,4.0
2458230.0874679354,7104.221677018163,17.74475767693583,6461.891241623393,21.574219768129723,6461.891241623393,21.574219768129723,17.59280225756227,0.0729577438629562,0.142320824268519,3.804872146885464e-10,13.0,531.5757446289062,21.11297243332418,4.922876048115427,643.3366749602033,4.0
2458230.191630796,7079.26820944991,13.005344754746245,6434.521537972532,16.841839405487683,6434.521537972532,16.841839405487683,17.523578134161873,0.0644954514401192,0.147858859905226,3.03502419361819e-10,13.0,469.7084045410156,15.773515466972936,4.922876048115427,643.3366749602033,4.0
2458230.247146501,7092.218878209408,15.702402228368918,6448.7262157416035,19.495570746145972,6448.7262157416035,19.495570746145972,17.559504952343488,0.0691131209259497,0.1448941719697398,3.8053359108758906e-10,13.0,487.6759338378906,19.153096085311294,4.922876048115427,643.3366749602033,4.0
2458230.2597290413,7049.4042875527075,7.94463591084848,6401.765902310154,12.212877762686569,6401.765902310154,12.212877762686569,17.440731779883578,0.0574378715872817,0.45385866264149,3.6872840499401654e-10,13.0,1537.070068359375,34.1641261078527,4.922876048115427,643.3366749602033,4.0
2458230.2792908624,7062.7069173334985,14.98409292434365,6416.3566213708,18.60960088302793,6416.3566213708,18.60960088302793,17.47763498313485,0.0675310390601813,0.1409056989110182,3.8098929836799346e-10,13.0,505.9608459472656,19.232437650097207,4.922876048115427,643.3366749602033,4.0
2458231.066056675,7112.491035063499,18.683916226609316,6470.961318896813,22.558473031836854,6470.961318896813,22.558473031836854,17.61574251867856,0.0748383335116352,0.1414641626033279,3.812231763654039e-10,13.0,607.5200805664062,21.834603281606373,4.922876048115427,643.3366749602033,4.0
2458231.129090583,7100.043192479069,15.507448060249269,6457.308155796472,19.36027782652768,6457.308155796472,19.36027782652768,17.581210604876347,0.0688698789194934,0.1491332961958365,3.7986767867657234e-10,13.0,511.1445617675781,19.05235019727211,4.922876048115427,643.3366749602033,4.0
2458231.149282176,7088.457766677673,9.469150106727438,6444.60091701349,13.796736502435103,6444.60091701349,13.796736502435103,17.54907114597637,0.0596901322523087,0.4630001275005889,3.7357196348114895e-10,13.0,1538.620361328125,38.38019422142354,4.922876048115427,643.3366749602033,4.0
2458232.087496161,7024.606852901467,12.808145610857288,6374.567340192501,16.293378250617625,6374.567340192501,16.293378250617625,17.37194051183174,0.0635851056860519,0.1579198301033618,1.762252519064429e-10,13.0,636.240478515625,20.447551746578256,4.922876048115427,643.3366749602033,4.0
2458232.1256465064,7027.189614317322,12.804870385357082,6377.400189549388,16.305729768307774,6377.400189549388,16.305729768307774,17.37910542366116,0.0636054594993911,0.1453085403824849,3.779270500835785e-10,13.0,563.8717041015625,18.264886421968765,4.922876048115427,643.3366749602033,4.0
2458232.181639678,7048.599753364841,16.877942822738646,6400.883465340677,20.389940589049385,6400.883465340677,20.389940589049385,17.438499898733262,0.0707425467750456,0.1053875512755794,2.0209285680348534e-10,13.0,517.2464599609375,16.230468032063577,4.922876048115427,643.3366749602033,4.0
2458232.22093698,7027.0728303124615,7.936635145360052,6377.272097387629,12.015739176174895,6377.272097387629,12.015739176174895,17.378781449835014,0.0571701732862321,0.4908793720022452,2.3027244158973757e-10,13.0,1681.4674072265625,39.86717288972032,4.922876048115427,643.3366749602033,4.0
2458232.299315458,7008.616364735745,10.768313467972975,6357.02849830084,14.305428460332285,6357.02849830084,14.305428460332285,17.327580844262943,0.0604472547003503,0.1645043761196645,2.0564170279929908e-10,13.0,552.39794921875,17.94160424415224,4.922876048115427,643.3366749602033,4.0
2458232.316706568,7012.699233434399,13.81039380366438,6361.5067098368445,17.185223774315823,6361.5067098368445,17.185223774315823,17.33890724632911,0.0650692602329727,0.1622333177031992,1.5643483223376462e-10,13.0,625.2489624023438,24.153073060330147,4.922876048115427,643.3366749602033,4.0
2458235.053001624,7529.497927267035,96.37850162702485,6928.3468517394085,107.07632968438942,6928.3468517394085,107.07632968438942,18.772573187031757,0.2751304928501896,0.1343180633326108,3.812551688595617e-10,13.0,1326.3394775390625,40.25314255638607,4.922876048115427,643.3366749602033,6.0
2458235.074016585,7605.594982167209,122.32193942634791,7011.812359513984,135.44857920665248,7011.812359513984,135.44857920665248,18.983676189226035,0.3460007733054661,0.1381161637634497,3.774174191604024e-10,13.0,1260.415283203125,43.596737591240114,4.922876048115427,643.3366749602033,6.0
2458235.1108197374,7119.871793484553,23.14362807520208,6479.056753735691,27.11804156942642,6479.056753735691,27.11804156942642,17.636217690328756,0.0839629788720039,0.1631036182551691,3.483900470056053e-10,13.0,1020.9752197265624,32.43862770375572,4.922876048115427,643.3366749602033,4.0
2458235.138239889,7195.622799585366,22.174198836921825,6562.142704919133,26.59083982553818,6562.142704919133,26.59083982553818,17.846360708716226,0.0828824233925289,0.4622674147470025,3.8145815399354246e-10,13.0,2371.05126953125,74.86937614757214,4.922876048115427,643.3366749602033,4.0
2458237.0945292534,7105.398104575946,21.760504545282497,6463.181582275864,25.62460557304631,6463.181582275864,25.62460557304631,17.59606581867694,0.0809059620452845,0.1565064430200602,3.2196043958636377e-10,13.0,1708.108642578125,30.085696735639736,4.922876048115427,643.3366749602033,4.0
2458237.1226016586,7143.604998085708,25.49461841283261,6505.088036756453,29.665413972703593,6505.088036756453,29.665413972703593,17.70205664755998,0.0893047162638822,0.1598738747493089,3.7985396396688866e-10,13.0,1511.249267578125,33.064842643820285,4.922876048115427,643.3366749602033,4.0
2458237.178245474,7158.77897107682,22.922973402641546,6521.731300576878,27.112012303731223,6521.731300576878,27.112012303731223,17.74415119718271,0.0839529162555738,0.1612081461753057,3.4256261384279916e-10,13.0,1098.270751953125,28.212477963775925,4.922876048115427,643.3366749602033,4.0
2458237.2165747806,7175.311402083677,24.798883549953388,6539.864561457292,29.124983406546953,6539.864561457292,29.124983406546953,17.790014283785688,0.088161465377134,0.1556626751342276,3.81471777051208e-10,13.0,959.6738891601562,28.29852244204482,4.922876048115427,643.3366749602033,4.0
2458237.2685192404,7165.748836533376,23.2375208711103,6529.3760558202375,27.47393872500753,6529.3760558202375,27.47393872500753,17.763486498985124,0.0847027205102498,0.1676452813758069,3.7513184792844366e-10,13.0,2196.875732421875,29.31654962427124,4.922876048115427,643.3366749602033,4.0
2458238.043073653,7110.464313447116,30.59051742067845,6468.7383504908585,34.84436777886647,6468.7383504908585,34.84436777886647,17.610120132655975,0.1005594105055367,0.1708383551223728,3.7982627021805887e-10,13.0,3114.347900390625,47.46091729763338,4.922876048115427,643.3366749602033,4.0
2458238.0741538,7169.589443183199,26.752076034952427,6533.588547152658,31.104040225975407,6533.588547152658,31.104040225975407,17.77414083501808,0.0923843832714751,0.1734728399659863,3.7759949862293915e-10,13.0,3757.244873046875,35.062409584911855,4.922876048115427,643.3366749602033,4.0
2458238.108862955,7217.768197643127,28.719809063875992,6586.432434609542,33.40772397604577,6586.432434609542,33.40772397604577,17.907794886700035,0.0973970137346354,0.1716729305432956,3.782430359965608e-10,13.0,3315.611328125,32.94293177441765,4.922876048115427,643.3366749602033,4.0
2458238.143581942,7230.44529675875,28.779952578223877,6600.3370530758175,33.54348508402637,6600.3370530758175,33.54348508402637,17.942962787559445,0.0976959755004325,0.1737482522139021,3.7792272361983665e-10,13.0,2098.698974609375,32.16889820696897,4.922876048115427,643.3366749602033,4.0
2458238.193940623,7218.797405430505,28.165626669597664,6587.561300249502,32.84120505178583,6587.561300249502,32.84120505178583,17.910650041266557,0.0961566744067734,0.1697085111792238,3.787572032227631e-10,13.0,1406.0321044921875,31.73147371555798,4.922876048115427,643.3366749602033,4.0
2458239.07829174,6973.526729029906,23.293282122762992,6318.54114467519,26.687792805571835,6318.54114467519,26.687792805571835,17.230237688826442,0.0830711141703324,0.167681884441628,3.6948620085835375e-10,13.0,4938.8525390625,50.37110743469522,4.922876048115427,643.3366749602033,4.0
2458240.1990045225,0.0,0.0,0.0,0.0,0.0,0.0,0.0,0.0,0.0,0.0,13.0,0.0,0.0,0.0,0.0,5.0
2458240.2759837145,0.0,0.0,0.0,0.0,0.0,0.0,0.0,0.0,0.0,0.0,13.0,0.0,0.0,0.0,0.0,5.0
2458240.307312266,0.0,0.0,0.0,0.0,0.0,0.0,0.0,0.0,0.0,0.0,13.0,0.0,0.0,0.0,0.0,5.0
2458245.0227076467,7064.7847239634575,14.260480318906762,6418.635621335441,17.925985165274675,6418.635621335441,17.925985165274675,17.483399085545106,0.0663376409476055,0.2255058267215805,3.1012434848143604e-10,13.0,1446.3919677734375,31.10861513659047,4.922876048115427,643.3366749602033,4.0
2458245.0260002096,7009.253727796866,13.165312175870266,6357.727577018178,16.54617043248903,6357.727577018178,16.54617043248903,17.329348971240602,0.0640007759265537,0.2235226644084324,3.0251676682533193e-10,13.0,1694.2227783203125,33.13545831037309,4.922876048115427,643.3366749602033,4.0
2458245.033039453,7058.296273927008,15.065949351522574,6411.518896809473,18.661919621035207,6411.518896809473,18.661919621035207,17.465399291938393,0.0676231166833575,0.2232813851816631,3.2713088894564625e-10,13.0,2134.388427734375,33.51774544478727,4.922876048115427,643.3366749602033,4.0
2458245.040217804,7107.191317515626,21.51061380718764,6465.1484314365125,25.379175410148,6465.1484314365125,25.379175410148,17.601040421644647,0.0804096634480692,0.2182374202961796,3.13212138521358e-10,13.0,2437.47314453125,42.37981730543829,4.922876048115427,643.3366749602033,4.0
2458245.0433572745,7111.403025155135,20.83749308961142,6469.767957345765,24.717892931585872,6469.767957345765,24.717892931585872,17.61272423947742,0.079081164494385,0.2233889667575431,3.5732923299068637e-10,13.0,2524.9365234375,41.46124653374186,4.922876048115427,643.3366749602033,4.0
2458245.046643392,7078.017555634435,20.452179283187327,6433.149783758192,24.147021241003078,6433.149783758192,24.147021241003078,17.52010865987673,0.0779429751477873,0.2242818286602188,3.76423648759221e-10,13.0,2604.6669921875,44.75950335752458,4.922876048115427,643.3366749602033,4.0
2458245.0503151338,7070.269870192391,19.744903257115944,6424.651892475196,23.388024322193324,6424.651892475196,23.388024322193324,17.49861558555187,0.0764477244671044,0.2270418775016394,3.6061862861875535e-10,13.0,2677.301513671875,44.58046141761252,4.922876048115427,643.3366749602033,4.0
2458245.0537822843,7219.373300207588,33.77579650310159,6588.192958729022,38.68879556685691,6588.192958729022,38.68879556685691,17.912247647330943,0.1091871308110208,0.2088373130188419,3.2969906704855237e-10,13.0,2768.608642578125,48.4976429124133,4.922876048115427,643.3366749602033,4.0
2458245.0576594896,7068.455864545001,17.8304602783122,6422.662237255763,21.448251089619735,6422.662237255763,21.448251089619735,17.493583300942902,0.0727178285228243,0.2226832607372083,3.3324997950427317e-10,13.0,2809.54345703125,39.25222537431394,4.922876048115427,643.3366749602033,4.0
2458245.060724003,7118.830018926722,23.68693807428367,6477.914104489009,27.671272074617264,6477.914104489009,27.671272074617264,17.633327673927244,0.0851097617100117,0.2232459442334813,3.6555905101809305e-10,13.0,2858.6357421875,46.638014392185966,4.922876048115427,643.3366749602033,4.0
2458245.064196796,7053.506442700359,15.086972427440566,6406.265267795693,18.65356340089091,6406.265267795693,18.65356340089091,17.452111685035913,0.0676081378086672,0.2277371731093216,3.708106347605525e-10,13.0,2885.906005859375,34.71993378274139,4.922876048115427,643.3366749602033,4.0
2458245.071234248,7094.944134788461,20.26557610616659,6451.715358021622,24.04664149075499,6451.715358021622,24.04664149075499,17.567065164053954,0.0777450593997308,0.2275205046403519,3.770911665568757e-10,13.0,2950.671875,42.8931172640792,4.922876048115427,643.3366749602033,4.0
2458245.074609208,7048.515390698025,17.45901080575861,6400.790933864491,20.969846108248746,6400.790933864491,20.969846108248746,17.43826586586219,0.0718187816915244,0.2301911315170229,3.5723436682511676e-10,13.0,2960.749755859375,42.00408061795232,4.922876048115427,643.3366749602033,4.0
2458245.078081751,7035.817199355652,16.065456543241858,6386.86318081807,19.51545586897585,6386.86318081807,19.51545586897585,17.403039452457246,0.069146224809592,0.2301116719300314,3.655169033170899e-10,13.0,2966.405029296875,39.6192956064283,4.922876048115427,643.3366749602033,4.0
2458245.081553698,7070.329369382358,15.238454793280603,6424.717152952212,18.903822470863325,6424.717152952212,18.903822470863325,17.498780643945334,0.0680521807058267,0.232798453275587,3.8118540180650785e-10,13.0,3014.825439453125,34.20104614750774,4.922876048115427,643.3366749602033,4.0
2458245.0850286493,7098.449143679429,21.18341647655091,6455.559755774238,24.998695390853506,6455.559755774238,24.998695390853506,17.576788508808505,0.0796430956866596,0.2326235256227816,3.4508299293817133e-10,13.0,3026.515869140625,45.64995736006169,4.922876048115427,643.3366749602033,4.0
2458245.088509546,7073.2827326496845,16.318273591071737,6427.956489416338,19.97641138116725,6427.956489416338,19.97641138116725,17.50697365290109,0.0699849305391423,0.2327114136162475,3.7845454373612174e-10,13.0,3041.481689453125,36.665204368671006,4.922876048115427,643.3366749602033,4.0
2458245.0919855074,7106.922673025681,17.292098820347586,6464.853774188689,21.14483865493527,6464.853774188689,21.14483865493527,17.60029516733191,0.0721492749737337,0.2328507382084547,3.811662750938136e-10,13.0,3061.05810546875,35.537068535744154,4.922876048115427,643.3366749602033,4.0
2458245.095458478,7078.806719637379,17.82398864502789,6434.015362252775,21.500028000708888,6434.015362252775,21.500028000708888,17.522297902160325,0.0728160908599662,0.2342131425819169,3.7836227951699e-10,13.0,3072.847900390625,40.15226051284718,4.922876048115427,643.3366749602033,4.0
2458245.107645064,7208.53263537341,21.46370002593269,6576.302595873512,25.971415099480257,6576.302595873512,25.971415099480257,17.8821742509915,0.081617351245299,0.5590194574476549,3.434158811145005e-10,13.0,8027.7265625,84.68200591705144,4.922876048115427,643.3366749602033,4.0
2458245.2102177213,7022.27740293811,11.225360537278547,6372.012330353001,14.80750743587093,6372.012330353001,14.80750743587093,17.36547831850019,0.0612163190340434,0.2357192778356041,2.4915382373804777e-10,13.0,1470.485595703125,27.817874456552747,4.922876048115427,643.3366749602033,4.0
2458245.25178216,7131.904340363899,17.6373290176393,6492.254408183993,21.651019293346664,6492.254408183993,21.651019293346664,17.669597520515424,0.0731049036558848,0.2221292715300344,3.795959581353064e-10,13.0,1524.3570556640625,32.18559993020579,4.922876048115427,643.3366749602033,4.0
2458245.2660621256,7195.693876859587,27.520362420322197,6562.220664582509,32.0423959335158,6562.220664582509,32.0423959335158,17.846557886202213,0.0944152620730562,0.2227058167943972,2.782112947546467e-10,13.0,2820.798828125,44.28335254965739,4.922876048115427,643.3366749602033,4.0
2458245.30385411,7159.037845765054,23.10940280643491,6522.015242016294,27.30328831956381,6522.015242016294,27.30328831956381,17.744869348810916,0.0843485445851831,0.2280945105174363,3.7668545783361636e-10,13.0,2933.32958984375,41.56630768407569,4.922876048115427,643.3366749602033,4.0
2458245.307665494,7144.796627381384,24.544993850655164,6506.395051126106,28.69216158654339,6506.395051126106,28.69216158654339,17.705362380247664,0.0872468802117092,0.2264414794993167,3.8131064222883744e-10,13.0,2927.724609375,45.86579343032455,4.922876048115427,643.3366749602033,4.0
2458245.320082759,7148.060629830903,20.258072377186227,6509.9751058625825,24.355648324086236,6509.9751058625825,24.355648324086236,17.714417142185134,0.0783611912137978,0.2269406655499188,3.7967760249306254e-10,13.0,3043.646484375,36.75462877581586,4.922876048115427,643.3366749602033,4.0
2458246.0227988563,7055.5742044489725,12.480607046112663,6408.533250236422,16.185703281295346,6408.533250236422,16.185703281295346,17.45784792165542,0.0634103422125393,0.2193003562016772,2.916034162777435e-10,13.0,726.7576293945312,26.419434751067453,4.922876048115427,643.3366749602033,4.0
2458246.0277516297,7084.813290996974,12.259891073235146,6440.603547947622,16.19799686804678,6440.603547947622,16.19799686804678,17.538960902437644,0.0634320614660355,0.220714907557158,3.602859495288612e-10,13.0,723.5423583984375,23.5931885670173,4.922876048115427,643.3366749602033,4.0
2458246.040034186,7075.520994294021,12.579605487161697,6430.411481201787,16.420236049497465,6430.411481201787,16.420236049497465,17.513182878125843,0.0637959869118969,0.2231486323279272,3.1722116145301007e-10,13.0,703.6038818359375,25.50687306652349,4.922876048115427,643.3366749602033,4.0
2458246.0434287176,7065.0763669287235,11.020166832266971,6418.955503993415,14.9284837501723,6418.955503993415,14.9284837501723,17.484208140581693,0.0614060417524355,0.2233354041540946,3.4407616568190846e-10,13.0,716.6119384765625,22.23820589051005,4.922876048115427,643.3366749602033,4.0
2458246.0468929303,7037.0001078114765,10.429373402941145,6388.160629911806,14.193311021542998,6388.160629911806,14.193311021542998,17.406320992415306,0.0602791060268633,0.2252273290769841,2.709268287640374e-10,13.0,721.593994140625,22.995966908794315,4.922876048115427,643.3366749602033,4.0
2458246.049976968,7048.253786457295,9.890671672656046,6400.503998570917,13.807946720448628,6400.503998570917,13.807946720448628,17.437540142104858,0.0597043432348346,0.2271487377122213,2.8410091080029786e-10,13.0,738.5216674804688,20.763578648012533,4.922876048115427,643.3366749602033,4.0
2458246.053846393,7031.831945993395,9.981507544632413,6382.492036679476,13.762340765960158,6382.492036679476,13.762340765960158,17.391983847869383,0.059636157551113,0.2265496297340127,3.0629376101082736e-10,13.0,735.720458984375,22.2316897139023,4.922876048115427,643.3366749602033,4.0
2458246.057720528,7050.124517733298,10.667733584370374,6402.555872142975,14.5012213092788,6402.555872142975,14.5012213092788,17.44272979089193,0.0607467474530398,0.2297507573160987,2.0713234770936215e-10,13.0,803.3946533203125,23.210844733739368,4.922876048115427,643.3366749602033,4.0
2458246.060784069,7055.190642455682,12.448643520076786,6408.112548061085,16.153406330413887,6408.112548061085,16.153406330413887,17.456783871431426,0.0633576173827377,0.1976361518912941,3.639799448544188e-10,13.0,975.31298828125,23.34910044798575,4.922876048115427,643.3366749602033,4.0
2458246.0678165136,7062.044467313538,11.222628416582532,6415.63002653262,15.085571293522914,6415.63002653262,15.085571293522914,17.47579726171185,0.061650969089575,0.2275702121974351,3.2035281852577336e-10,13.0,1000.416259765625,23.55518027430584,4.922876048115427,643.3366749602033,4.0
2458246.071210062,7069.690715999394,11.763752440668236,6424.016658971581,15.630997556057414,6424.016658971581,15.630997556057414,17.497008937449177,0.0625145377778744,0.2242550629155861,2.1498682984330864e-10,13.0,1145.3880615234375,23.999945200801893,4.922876048115427,643.3366749602033,4.0
2458246.074676072,7056.332234081262,12.899792205331927,6409.364679629452,16.58150365467804,6409.364679629452,16.58150365467804,17.459950793196754,0.0640612248260187,0.2006018513805937,2.6918742894385766e-10,13.0,1271.72998046875,24.76368807652023,4.922876048115427,643.3366749602033,4.0
2458246.0958195943,7060.047359005164,12.72517678823082,6413.439538881584,16.443993899401942,6413.439538881584,16.443993899401942,17.47025702680844,0.0638342709133781,0.2326152997013837,2.1045308111955267e-10,13.0,1297.169921875,28.442450701466356,4.922876048115427,643.3366749602033,4.0
2458246.102537305,7038.054950933984,13.87840700892298,6389.317613147996,17.39333893386747,6389.317613147996,17.39333893386747,17.40924726269341,0.0654230168654224,0.2328928292845908,2.1458729864055503e-10,13.0,1307.3243408203125,33.82656309845146,4.922876048115427,643.3366749602033,4.0
2458246.105930137,7022.495756777186,9.92281366657196,6372.251827322717,13.644218603590295,6372.251827322717,13.644218603590295,17.3660840600894,0.059461873359613,0.2321042931298401,2.2080018540045654e-10,13.0,860.0855102539062,23.41559679906445,4.922876048115427,643.3366749602033,4.0
2458246.1263270094,7053.412542892937,8.627065211327103,6406.162275700705,12.792225202750007,6406.162275700705,12.792225202750007,17.45185119491211,0.0582392036947867,0.5885675395327369,2.2802975753159382e-10,13.0,3290.568359375,49.32578045525869,4.922876048115427,643.3366749602033,4.0
2458246.2275332334,7020.952026499862,9.179807140772642,6370.558618148811,12.992108735598338,6370.558618148811,12.992108735598338,17.36180155406404,0.0585200187100377,0.2268764265848459,2.1574387439531176e-10,13.0,884.7278442382812,20.627092987053583,4.922876048115427,643.3366749602033,4.0
2458246.303410591,7085.886720760324,16.83946832252098,6441.7809175629845,20.56615219102587,6441.7809175629845,20.56615219102587,17.54193873444422,0.0710699297974657,0.2133917488844738,2.4575716731929586e-10,13.0,1487.5592041015625,33.3293218026668,4.922876048115427,643.3366749602033,4.0
2458247.274617824,7050.508548094639,11.124771479186204,6402.977088038285,14.911461976835364,6402.977088038285,14.911461976835364,17.443795140429028,0.0613788025764069,0.2327124725067537,2.786341974976617e-10,13.0,873.1769409179688,24.82208232044889,4.922876048115427,643.3366749602033,4.0
2458247.321380866,7000.447707127547,12.064862413618574,6348.068872254876,15.454395926394609,6348.068872254876,15.454395926394609,17.3049199390906,0.0622299734136152,0.2335667809780109,1.3217299214587942e-10,13.0,1072.478759765625,32.16747645638076,4.922876048115427,643.3366749602033,4.0
2458248.019523832,7029.063645366937,10.765671733170949,6379.455682411054,14.436841018555784,6379.455682411054,14.436841018555784,17.38430422644397,0.0606475839897623,0.2343212797924409,3.467719879257933e-10,13.0,889.1575317382812,25.68756165922748,4.922876048115427,643.3366749602033,4.0
2458248.081849347,7008.636703469643,8.456285201691383,6357.0508064276755,12.295389908180452,6357.0508064276755,12.295389908180452,17.327637266522547,0.0575485262323793,0.2432844575107363,2.2848243281931258e-10,13.0,753.4396362304688,20.84110025284613,4.922876048115427,643.3366749602033,4.0
2458248.1002134616,7029.715958774247,7.259680540464546,6380.1711591117155,11.511902323140944,6380.1711591117155,11.511902323140944,17.386113827601807,0.0565032039384932,0.5744383894077769,3.813716791113867e-10,13.0,1846.1026611328125,41.594702987297104,4.922876048115427,643.3366749602033,4.0
2458248.137395428,6998.100911571587,26.894681925300322,6345.494837254718,30.553415658353448,6345.494837254718,30.553415658353448,17.298409626857755,0.0911941137075556,0.0499933314354768,2.491662721588829e-10,13.0,614.1984252929688,13.323528001278913,4.922876048115427,643.3366749602033,4.0
2458248.191809044,7011.0552259181395,35.62776646266714,6359.703513611844,39.907903723864244,6359.703513611844,39.907903723864244,17.334346558366,0.1119502362020174,0.0448374660730638,1.5716098454372128e-10,13.0,930.3615112304688,16.33134394586722,4.922876048115427,643.3366749602033,4.0
2458248.2640900253,7033.772209181589,7.350669456950937,6384.620174915984,11.616248765228965,6384.620174915984,11.616248765228965,17.39736638710972,0.0566398426863238,0.5250769677759529,2.4685154808233303e-10,13.0,2210.53466796875,37.90354876099389,4.922876048115427,643.3366749602033,4.0
2458248.2692853766,7030.678347497544,24.857854590595615,6381.2267356195325,28.507598067768804,6381.2267356195325,28.507598067768804,17.3887836175041,0.0868537835641108,0.0927886967946132,2.3310794576300756e-10,13.0,1062.271484375,24.18248077613385,4.922876048115427,643.3366749602033,4.0
2458248.3214342115,6963.220478247378,42.56226060317173,6307.236943008724,47.30140814845852,6307.236943008724,47.30140814845852,17.201646825692354,0.1290633841548501,0.037761200206925,3.563552033063298e-10,13.0,1380.730712890625,19.32462601153913,4.922876048115427,643.3366749602033,4.0
2458249.047187132,7091.662902883025,13.784905783832816,6448.116405506671,17.661007252830558,6448.116405506671,17.661007252830558,17.557962605393275,0.0658829418726152,0.2229460799444476,3.8132932602628837e-10,13.0,848.8212890625,27.254218630503736,4.922876048115427,643.3366749602033,4.0
2458249.071497086,7094.584153098573,12.934262571820522,6451.3205194227385,16.891702994524014,6451.3205194227385,16.891702994524014,17.56606652861963,0.0645797523646698,0.2221189516959499,3.8028473651263117e-10,13.0,836.4354858398438,24.734401216992588,4.922876048115427,643.3366749602033,4.0
2458249.113152588,7180.723655036079,21.33293069968337,6545.800881088443,25.647044680270636,6545.800881088443,25.647044680270636,17.80502856848285,0.0809563188626341,0.2037780617642043,3.8147098641464565e-10,13.0,811.027099609375,31.53208909661498,4.922876048115427,643.3366749602033,4.0
2458251.1609783256,7050.627507204041,7.654817314049099,6403.107565919246,11.999282982981718,6403.107565919246,11.999282982981718,17.444125148274495,0.0571492266901926,0.5513488394977292,3.813692626375608e-10,13.0,1855.2586669921875,39.75241009422113,4.922876048115427,643.3366749602033,4.0
2458252.2546089008,7042.560996224211,8.001306239194674,6394.259977326175,12.197247632740794,6394.259977326175,12.197247632740794,17.42174761096625,0.0574162641887535,0.5492592333960646,3.6622239571055577e-10,13.0,2141.53564453125,43.12815375339762,4.922876048115427,643.3366749602033,4.0
2458254.088166139,7146.404882264616,12.597094432323388,6508.1590328023485,17.025600123406722,6508.1590328023485,17.025600123406722,17.70982388581564,0.0648080694120081,0.5364717654220627,3.8068967949031134e-10,13.0,1816.27099609375,53.2848838349027,4.922876048115427,643.3366749602033,4.0
2458264.0609874427,7085.350809316146,9.336923523459769,6441.193113989389,13.658962569737222,6441.193113989389,13.658962569737222,17.54045204727973,0.059486886298691,0.5666391647205565,3.8124482920009823e-10,13.0,2786.8125,47.145842592743335,4.922876048115427,643.3366749602033,4.0
2458265.060973905,7052.729005689573,7.499855407301218,6405.41255181407,11.900432986110888,6405.41255181407,11.900432986110888,17.449954974934467,0.057016966748646,0.6107536294187595,3.7632394792506e-10,13.0,3629.276611328125,42.80650328906853,4.922876048115427,643.3366749602033,4.0
2458291.894737011,0.0,0.0,0.0,0.0,0.0,0.0,0.0,0.0,0.0,0.0,13.0,0.0,0.0,0.0,0.0,5.0
2458291.9358928693,0.0,0.0,0.0,0.0,0.0,0.0,0.0,0.0,0.0,0.0,13.0,0.0,0.0,0.0,0.0,5.0
2458292.147802652,0.0,0.0,0.0,0.0,0.0,0.0,0.0,0.0,0.0,0.0,13.0,0.0,0.0,0.0,0.0,5.0
2458292.1852597087,0.0,0.0,0.0,0.0,0.0,0.0,0.0,0.0,0.0,0.0,13.0,0.0,0.0,0.0,0.0,5.0
2458292.227134347,0.0,0.0,0.0,0.0,0.0,0.0,0.0,0.0,0.0,0.0,13.0,0.0,0.0,0.0,0.0,5.0
2458293.157614268,0.0,0.0,0.0,0.0,0.0,0.0,0.0,0.0,0.0,0.0,13.0,0.0,0.0,0.0,0.0,5.0
2458294.1501387,7222.44897167245,16.45721184273672,6591.566446453334,21.246434640602065,6591.566446453334,21.246434640602065,17.92077995493269,0.0723491377225922,1.0313808153259718,2.368236842770228e-10,13.0,8030.30712890625,112.84965675471932,4.922876048115427,643.3366749602033,0.0
2458295.116179733,0.0,0.0,0.0,0.0,0.0,0.0,0.0,0.0,0.0,0.0,13.0,0.0,0.0,0.0,0.0,5.0
2458295.9792675064,0.0,0.0,0.0,0.0,0.0,0.0,0.0,0.0,0.0,0.0,13.0,0.0,0.0,0.0,0.0,5.0
2458296.139843529,0.0,0.0,0.0,0.0,0.0,0.0,0.0,0.0,0.0,0.0,13.0,0.0,0.0,0.0,0.0,5.0
2458300.015262944,7101.954085755223,12.553377206676382,6459.40408024199,16.601483834540634,6459.40408024199,16.601483834540634,17.58651166820919,0.0640970011882935,0.8645063091398406,3.5787719173151707e-10,13.0,12559.8046875,98.24454614241958,4.922876048115427,643.3366749602033,0.0
2458300.9567418,7191.808088958396,18.753724009323292,6557.958617112965,23.17944132518344,6557.958617112965,23.17944132518344,17.835778211576066,0.0760481977105709,0.7132710335263631,3.7996105920650127e-10,13.0,8625.0517578125,97.912575730497,4.922876048115427,643.3366749602033,0.0
2458302.96608126,7061.628146290575,6.899491940348218,6415.17339328152,11.542425112911761,6415.17339328152,11.542425112911761,17.47464233373286,0.0565447116008674,0.9637031283879984,3.6920513437576117e-10,13.0,2334.066162109375,59.58593148081368,4.922876048115427,643.3366749602033,0.0
2458304.031938086,7017.698202662728,5.340036301693657,6366.989727616431,10.05528334161612,6366.989727616431,10.05528334161612,17.352775028904418,0.0546954322047314,1.0080265505095158,1.5215483729601414e-10,13.0,2205.03662109375,50.29988921174282,4.922876048115427,643.3366749602033,0.0
2458305.947057778,7083.126207131798,7.457655818172757,6438.753104304959,12.16704511378632,6438.753104304959,12.16704511378632,17.534280715151038,0.0573776534554677,0.951797468302576,3.7033555876570415e-10,13.0,2282.554931640625,60.60500430103534,4.922876048115427,643.3366749602033,0.0
2458309.9360522022,7044.8018283563215,5.827377844494458,6396.7177884988905,10.634020389608171,6396.7177884988905,10.634020389608171,17.427963967054183,0.0553925045954511,1.0074594503249616,3.812572932517164e-10,13.0,2140.31201171875,51.75765619397564,4.922876048115427,643.3366749602033,0.0
2458311.064298252,7025.456877361143,5.343155400259245,6375.49967224189,10.130585391037592,6375.49967224189,10.130585391037592,17.374298588837625,0.054784593490681,1.0154935514331624,2.462072656744661e-10,13.0,1923.9619140625,49.136898166796925,4.922876048115427,643.3366749602033,0.0
2458312.0598525265,7034.490782447261,5.4545410893578214,6385.408327395358,10.289462437873821,6385.408327395358,10.289462437873821,17.399359801623326,0.0549741094312586,1.019954907516401,2.3977338498359176e-10,13.0,1914.6571044921875,49.20956158210197,4.922876048115427,643.3366749602033,0.0
2458312.928867165,7057.899156399373,5.59593054138683,6411.08332652185,10.61985518519724,6411.08332652185,10.61985518519724,17.46429763692142,0.0553758563305028,1.006017938369279,3.8057713352578217e-10,13.0,2127.81591796875,45.63806996871963,4.922876048115427,643.3366749602033,0.0
2458313.0476606307,7069.087089177347,8.265090425107015,6423.354583162286,12.64448655119062,6423.354583162286,12.64448655119062,17.495334399130886,0.0580333543080614,0.4682103203686965,3.700669146539554e-10,13.0,905.973876953125,34.67786473423839,4.922876048115427,643.3366749602033,0.0
2458313.0654949658,7253.296783560146,23.836050548376306,6625.40124185138,28.661885189667483,6625.40124185138,28.661885189667483,18.006355746389534,0.0871913505603627,0.4111506968848831,3.7993568508569316e-10,13.0,1009.1687622070312,60.82717211824768,4.922876048115427,643.3366749602033,0.0
2458313.1054173755,7030.207268351149,5.235121670281689,6380.710042033849,10.108862515266617,6380.710042033849,10.108862515266617,17.387476783458993,0.0547591424375295,1.0161015351269105,3.8142705123530815e-10,13.0,1924.0123291015625,46.59084052747317,4.922876048115427,643.3366749602033,0.0
2458313.145348592,7065.955141871109,7.631058681994234,6419.919370425333,12.125177150365184,6419.919370425333,12.125177150365184,17.486645975118595,0.0573198327806464,0.4667443369828876,3.1346899969778403e-10,13.0,1003.5372314453124,31.208055055458345,4.922876048115427,643.3366749602033,0.0
2458313.17821248,7089.967677591474,8.09209752723903,6446.257032105989,12.71397281957946,6446.257032105989,12.71397281957946,17.553259832744427,0.0581317455124993,0.9597627415788348,3.794800925215847e-10,13.0,2279.406494140625,66.70863857774488,4.922876048115427,643.3366749602033,0.0
2458313.183297398,7095.8007457381245,8.956262320119501,6452.654914328661,13.449473681340045,6452.654914328661,13.449473681340045,17.56944151282885,0.0591814671279641,0.9539747068124278,3.5547048502484024e-10,13.0,2350.5947265625,74.45308673817925,4.922876048115427,643.3366749602033,0.0
2458313.1885268823,7101.650974212612,9.302838114009056,6459.071618508086,13.786175852073454,6459.071618508086,13.786175852073454,17.585670797866314,0.0596754360386566,0.9466143610193573,3.567677338580505e-10,13.0,2401.020263671875,75.74623636769243,4.922876048115427,643.3366749602033,0.0
2458313.194764151,7075.232073476519,7.6203456319383704,6430.0945842762585,12.20809577483156,6430.0945842762585,12.20809577483156,17.512381374676707,0.0574328871265584,0.9652933555160544,3.7928652599531197e-10,13.0,2481.482177734375,65.13986656963755,4.922876048115427,643.3366749602033,0.0
2458313.2053309144,7123.5024153230215,11.481638847061454,6483.038927496323,15.831964610304402,6483.038927496323,15.831964610304402,17.646289501530088,0.0628407891996875,0.9124404654228798,3.8146446842671137e-10,13.0,2538.951904296875,87.90776897067666,4.922876048115427,643.3366749602033,0.0
2458313.212175416,7107.305208812372,10.44510869629658,6465.273350790178,14.789626322187413,6465.273350790178,14.789626322187413,17.601356370727018,0.0611934342860044,0.9216851064448968,3.794489014770786e-10,13.0,2519.045166015625,83.40686550559009,4.922876048115427,643.3366749602033,0.0
2458313.9127017315,7038.3146728325155,6.736566849499171,6389.602483832796,11.200914823276882,6389.602483832796,11.200914823276882,17.409967764591762,0.0561023567014255,0.4730615903313414,3.637392596018488e-10,13.0,932.6508178710938,29.148042272156243,4.922876048115427,643.3366749602033,0.0
2458313.925148025,7040.380778358757,5.74920863755225,6391.868649679686,10.538480173097163,6391.868649679686,10.538480173097163,17.415699406637728,0.0552753451669129,1.01373814589896,3.6971941210940124e-10,13.0,2013.2164306640625,51.68960886449976,4.922876048115427,643.3366749602033,0.0
2458314.9221798987,7046.496678230296,6.049678242277347,6398.576750130438,10.799162926203884,6398.576750130438,10.799162926203884,17.432665698246467,0.055596600562531,1.0129616474885308,3.8144614711746134e-10,13.0,2021.580810546875,54.70609278616374,4.922876048115427,643.3366749602033,0.0
2458317.0291253803,7031.991552095139,5.4113954213760875,6382.667097387716,10.237372842837983,6382.667097387716,10.237372842837983,17.392426615691225,0.0549117412805554,1.021954831596297,3.25050443965007e-10,13.0,1834.156494140625,49.1985885700452,4.922876048115427,643.3366749602033,0.0
2458317.914648285,7023.229211543486,5.769808343576272,6373.056302273544,10.38758198134298,6373.056302273544,10.38758198134298,17.36811875779673,0.0550914916506582,0.9928387264945624,2.0429598977079736e-10,13.0,2446.40185546875,54.61326598806532,4.922876048115427,643.3366749602033,0.0
2458327.9483610494,-3636224.1951565146,-3636224.1951565146,-3636224.1951565146,-3636224.1951565146,-3636224.1951565146,-3636224.1951565146,0.0,0.0,0.1553554750892194,-9999.99,13.0,-9999.99,-9999.99,-9999.99,-9999.99,7.0
2458328.063096186,7245.79915902735,30.09484848216611,6617.177624793481,34.99253689704844,6617.177624793481,34.99253689704844,17.98555637313816,0.100896138443011,0.6885289341486658,3.5575819571662766e-10,13.0,16855.634765625,135.25833758008534,4.922876048115427,643.3366749602033,4.0
2458330.0448452565,0.0,0.0,0.0,0.0,0.0,0.0,0.0,0.0,0.0,0.0,13.0,0.0,0.0,0.0,0.0,5.0
2458330.8795832493,7041.434167998654,7.669888159562135,6393.024038693023,11.928419099075994,6393.024038693023,11.928419099075994,17.418621644768436,0.0570537657175108,0.5343678688793725,1.9039946531973982e-10,13.0,2002.56884765625,39.80006439681506,4.922876048115427,643.3366749602033,4.0
2458332.021427281,7027.171138861765,5.234671439683561,6377.379925121532,10.078848139084709,6377.379925121532,10.078848139084709,17.37905417037496,0.0547235949559557,1.017351811068165,1.9384117878221954e-10,13.0,2245.086181640625,47.20017468469716,4.922876048115427,643.3366749602033,0.0
2458332.8725310965,7055.247067635857,5.749422651720606,6408.174436872958,10.690167074623604,6408.174436872958,10.690167074623604,17.456940402127007,0.0554621776719436,1.002905777772239,3.4631897596072255e-10,13.0,2299.7646484375,48.175174165048006,4.922876048115427,643.3366749602033,0.0
2458335.9191805595,7049.575965832191,5.325793627842881,6401.954204141151,10.362554468247001,6401.954204141151,10.362554468247001,17.441208037476713,0.0550626609298898,1.0077791415860358,3.5438064945305145e-10,13.0,1947.7852783203125,43.54797178247952,4.922876048115427,643.3366749602033,0.0
2458337.906148835,7023.834339062009,5.398810246133698,6373.720024091274,10.150547873108902,6373.720024091274,10.150547873108902,17.369797459239752,0.0548081513282995,1.009187636471667,3.70074387358053e-10,13.0,1995.3406982421875,49.90300201569736,4.922876048115427,643.3366749602033,0.0
2458338.95120977,7029.726335955286,5.839092314818857,6380.182541111788,10.494756828032887,6380.182541111788,10.494756828032887,17.386142615234576,0.0552215751116572,1.0111986543478082,1.8549267842987618e-10,13.0,1963.218017578125,55.30701076096486,4.922876048115427,643.3366749602033,0.0
2458339.9476791243,7038.6210191248165,5.8741342479444585,6389.938493536136,10.603769156836545,6389.938493536136,10.603769156836545,17.410817608545663,0.0553550708075682,1.018163256774951,2.0148325716325717e-10,13.0,1893.651123046875,54.33970044435977,4.922876048115427,643.3366749602033,0.0
2458339.9793980625,7037.256339156988,5.6006102463740195,6388.441672054491,10.410663139271481,6388.441672054491,10.410663139271481,17.40703181107137,0.0551200251711141,1.0208940310558043,3.7075405167355206e-10,13.0,1890.2352294921875,50.78584822818911,4.922876048115427,643.3366749602033,0.0
2458340.878835191,7028.258389598701,5.083185603853221,6378.572453990823,9.995836168687397,6378.572453990823,9.995836168687397,17.382070343537055,0.054626159224289,1.0145918066512645,3.4703816738377645e-10,13.0,2226.643798828125,44.47633514744559,4.922876048115427,643.3366749602033,0.0
2458341.878543622,0.0,0.0,0.0,0.0,0.0,0.0,0.0,0.0,0.0,0.0,13.0,0.0,0.0,0.0,0.0,5.0
2458343.037781656,7037.938297623948,5.364908437482672,6389.189664336192,10.26709874995905,6389.189664336192,10.26709874995905,17.408923651431483,0.0549475294950074,0.9793076799415938,3.747683835532216e-10,13.0,1849.650390625,45.073048529618646,4.922876048115427,643.3366749602033,0.0
2458344.868427966,7032.048492564646,6.050537621898131,6382.7295513842155,10.65966452751666,6382.7295513842155,10.65966452751666,17.392584575865566,0.0554233766601933,0.9810981723334664,3.5255525186927227e-10,13.0,2387.09033203125,55.95896118146644,4.922876048115427,643.3366749602033,0.0
2458346.0326148355,7031.7929990037965,5.308814260779004,6382.449318465646,10.170592830423656,6382.449318465646,10.170592830423656,17.39187580391891,0.0548322914679359,0.991207356987132,2.4872167308825523e-10,13.0,1775.6951904296875,46.07609567232448,4.922876048115427,643.3366749602033,0.0
2458347.9037850844,7021.461985449838,5.599053819970195,6371.117956256708,10.258070168884291,6371.117956256708,10.258070168884291,17.363216245676984,0.054935955451545,0.9999315914796958,3.69431347561576e-10,13.0,2180.571044921875,52.9923996301595,4.922876048115427,643.3366749602033,0.0
2458347.9780426444,0.0,0.0,0.0,0.0,0.0,0.0,0.0,0.0,0.0,0.0,13.0,0.0,0.0,0.0,0.0,5.0
2458353.016001004,7070.265237144891,8.179341565887471,6424.646810811224,12.58835958968878,6424.646810811224,12.58835958968878,17.49860273288316,0.0579553181401016,0.95141468464284,3.814666614973215e-10,13.0,7416.14208984375,71.6373460319419,4.922876048115427,643.3366749602033,0.0
2458353.9811396063,7033.4552065272,7.9018986548944135,6384.272476998514,12.041085896412918,6384.272476998514,12.041085896412918,17.396486981038983,0.0572045711573079,0.9900648520846616,3.696573331907553e-10,13.0,8434.9482421875,80.43476219096723,4.922876048115427,643.3366749602033,0.0
2458381.884197436,7196.845110504874,20.71416444808947,6563.483371804192,25.14323849280535,6563.483371804192,25.14323849280535,17.84975155616835,0.0799402299181017,0.8200956406429284,3.536069384713597e-10,13.0,5195.982421875,123.84947150940566,4.922876048115427,643.3366749602033,0.0
2458390.884389969,7058.396074180683,6.9173607825026275,6411.628360688986,11.523306906455222,6411.628360688986,11.523306906455222,17.465676150657796,0.0565195719463827,0.9826480464841878,3.8095514092389225e-10,13.0,2257.046630859375,61.70451333644561,4.922876048115427,643.3366749602033,0.0
2458398.8853394086,7025.131476268792,5.729676220237532,6375.142762668466,10.378552640171739,6375.142762668466,10.378552640171739,17.3733958844215,0.0550806905608631,0.956949387903744,3.2879234246477167e-10,13.0,2425.071533203125,51.61959220490657,4.922876048115427,643.3366749602033,0.0
2457867.4532781574,0.0,0.0,0.0,0.0,0.0,0.0,0.0,0.0,0.0,0.0,0.0,0.0,0.0,0.0,0.0,0.0
2458580.539819603,0.0,0.0,0.0,0.0,0.0,0.0,0.0,0.0,0.0,0.0,0.0,0.0,0.0,0.0,0.0,0.0
2457864.5991871944,0.0,0.0,0.0,0.0,0.0,0.0,0.0,0.0,0.0,0.0,0.0,0.0,0.0,0.0,0.0,0.0
2458580.559513909,0.0,0.0,0.0,0.0,0.0,0.0,0.0,0.0,0.0,0.0,0.0,0.0,0.0,0.0,0.0,0.0
2457867.4949110607,0.0,0.0,0.0,0.0,0.0,0.0,0.0,0.0,0.0,0.0,0.0,0.0,0.0,0.0,0.0,0.0
2458581.585659028,0.0,0.0,0.0,0.0,0.0,0.0,0.0,0.0,0.0,0.0,0.0,0.0,0.0,0.0,0.0,0.0
2457876.6368169067,0.0,0.0,0.0,0.0,0.0,0.0,0.0,0.0,0.0,0.0,0.0,0.0,0.0,0.0,0.0,0.0
2458583.5481344103,0.0,0.0,0.0,0.0,0.0,0.0,0.0,0.0,0.0,0.0,0.0,0.0,0.0,0.0,0.0,0.0
2457887.535271145,0.0,0.0,0.0,0.0,0.0,0.0,0.0,0.0,0.0,0.0,0.0,0.0,0.0,0.0,0.0,0.0
2458583.625648816,0.0,0.0,0.0,0.0,0.0,0.0,0.0,0.0,0.0,0.0,0.0,0.0,0.0,0.0,0.0,0.0
2457890.47225462,0.0,0.0,0.0,0.0,0.0,0.0,0.0,0.0,0.0,0.0,0.0,0.0,0.0,0.0,0.0,0.0
2458585.5556206675,0.0,0.0,0.0,0.0,0.0,0.0,0.0,0.0,0.0,0.0,0.0,0.0,0.0,0.0,0.0,0.0
2457920.2768138587,0.0,0.0,0.0,0.0,0.0,0.0,0.0,0.0,0.0,0.0,0.0,0.0,0.0,0.0,0.0,0.0
2458590.555074898,0.0,0.0,0.0,0.0,0.0,0.0,0.0,0.0,0.0,0.0,0.0,0.0,0.0,0.0,0.0,0.0
2457920.5225103274,0.0,0.0,0.0,0.0,0.0,0.0,0.0,0.0,0.0,0.0,0.0,0.0,0.0,0.0,0.0,0.0
2458604.474238575,0.0,0.0,0.0,0.0,0.0,0.0,0.0,0.0,0.0,0.0,0.0,0.0,0.0,0.0,0.0,0.0
2457921.360170644,0.0,0.0,0.0,0.0,0.0,0.0,0.0,0.0,0.0,0.0,0.0,0.0,0.0,0.0,0.0,0.0
2458605.471613688,0.0,0.0,0.0,0.0,0.0,0.0,0.0,0.0,0.0,0.0,0.0,0.0,0.0,0.0,0.0,0.0
2457929.277748105,0.0,0.0,0.0,0.0,0.0,0.0,0.0,0.0,0.0,0.0,0.0,0.0,0.0,0.0,0.0,0.0
2458605.544146025,0.0,0.0,0.0,0.0,0.0,0.0,0.0,0.0,0.0,0.0,0.0,0.0,0.0,0.0,0.0,0.0
2457929.3966621337,0.0,0.0,0.0,0.0,0.0,0.0,0.0,0.0,0.0,0.0,0.0,0.0,0.0,0.0,0.0,0.0
2458606.564329712,0.0,0.0,0.0,0.0,0.0,0.0,0.0,0.0,0.0,0.0,0.0,0.0,0.0,0.0,0.0,0.0
2457930.3267411264,0.0,0.0,0.0,0.0,0.0,0.0,0.0,0.0,0.0,0.0,0.0,0.0,0.0,0.0,0.0,0.0
2458609.512288608,0.0,0.0,0.0,0.0,0.0,0.0,0.0,0.0,0.0,0.0,0.0,0.0,0.0,0.0,0.0,0.0
2457937.503703962,0.0,0.0,0.0,0.0,0.0,0.0,0.0,0.0,0.0,0.0,0.0,0.0,0.0,0.0,0.0,0.0
2458613.466723453,0.0,0.0,0.0,0.0,0.0,0.0,0.0,0.0,0.0,0.0,0.0,0.0,0.0,0.0,0.0,0.0
2457938.3166658054,0.0,0.0,0.0,0.0,0.0,0.0,0.0,0.0,0.0,0.0,0.0,0.0,0.0,0.0,0.0,0.0
2458614.494579392,0.0,0.0,0.0,0.0,0.0,0.0,0.0,0.0,0.0,0.0,0.0,0.0,0.0,0.0,0.0,0.0
2457939.216476385,0.0,0.0,0.0,0.0,0.0,0.0,0.0,0.0,0.0,0.0,0.0,0.0,0.0,0.0,0.0,0.0
2458616.5293883337,0.0,0.0,0.0,0.0,0.0,0.0,0.0,0.0,0.0,0.0,0.0,0.0,0.0,0.0,0.0,0.0
2457939.5061482512,0.0,0.0,0.0,0.0,0.0,0.0,0.0,0.0,0.0,0.0,0.0,0.0,0.0,0.0,0.0,0.0
2458617.440931057,0.0,0.0,0.0,0.0,0.0,0.0,0.0,0.0,0.0,0.0,0.0,0.0,0.0,0.0,0.0,0.0
2457941.5532857035,0.0,0.0,0.0,0.0,0.0,0.0,0.0,0.0,0.0,0.0,0.0,0.0,0.0,0.0,0.0,0.0
2458618.485188828,0.0,0.0,0.0,0.0,0.0,0.0,0.0,0.0,0.0,0.0,0.0,0.0,0.0,0.0,0.0,0.0
2457942.4588423176,0.0,0.0,0.0,0.0,0.0,0.0,0.0,0.0,0.0,0.0,0.0,0.0,0.0,0.0,0.0,0.0
2458630.474117989,0.0,0.0,0.0,0.0,0.0,0.0,0.0,0.0,0.0,0.0,0.0,0.0,0.0,0.0,0.0,0.0
2457943.205474523,0.0,0.0,0.0,0.0,0.0,0.0,0.0,0.0,0.0,0.0,0.0,0.0,0.0,0.0,0.0,0.0
2458637.553656601,0.0,0.0,0.0,0.0,0.0,0.0,0.0,0.0,0.0,0.0,0.0,0.0,0.0,0.0,0.0,0.0
2457945.4643331133,0.0,0.0,0.0,0.0,0.0,0.0,0.0,0.0,0.0,0.0,0.0,0.0,0.0,0.0,0.0,0.0
2458637.568375636,0.0,0.0,0.0,0.0,0.0,0.0,0.0,0.0,0.0,0.0,0.0,0.0,0.0,0.0,0.0,0.0
2457946.218361312,0.0,0.0,0.0,0.0,0.0,0.0,0.0,0.0,0.0,0.0,0.0,0.0,0.0,0.0,0.0,0.0
2458638.383354136,0.0,0.0,0.0,0.0,0.0,0.0,0.0,0.0,0.0,0.0,0.0,0.0,0.0,0.0,0.0,0.0
2457946.281756224,0.0,0.0,0.0,0.0,0.0,0.0,0.0,0.0,0.0,0.0,0.0,0.0,0.0,0.0,0.0,0.0
2458641.375441686,0.0,0.0,0.0,0.0,0.0,0.0,0.0,0.0,0.0,0.0,0.0,0.0,0.0,0.0,0.0,0.0
2457946.549807948,0.0,0.0,0.0,0.0,0.0,0.0,0.0,0.0,0.0,0.0,0.0,0.0,0.0,0.0,0.0,0.0
2458645.4169332343,0.0,0.0,0.0,0.0,0.0,0.0,0.0,0.0,0.0,0.0,0.0,0.0,0.0,0.0,0.0,0.0
2457947.350856945,0.0,0.0,0.0,0.0,0.0,0.0,0.0,0.0,0.0,0.0,0.0,0.0,0.0,0.0,0.0,0.0
2458648.388044897,0.0,0.0,0.0,0.0,0.0,0.0,0.0,0.0,0.0,0.0,0.0,0.0,0.0,0.0,0.0,0.0
2457947.5555169885,0.0,0.0,0.0,0.0,0.0,0.0,0.0,0.0,0.0,0.0,0.0,0.0,0.0,0.0,0.0,0.0
2458661.2729757065,0.0,0.0,0.0,0.0,0.0,0.0,0.0,0.0,0.0,0.0,0.0,0.0,0.0,0.0,0.0,0.0
2457948.3026955123,0.0,0.0,0.0,0.0,0.0,0.0,0.0,0.0,0.0,0.0,0.0,0.0,0.0,0.0,0.0,0.0
2458661.2847877275,0.0,0.0,0.0,0.0,0.0,0.0,0.0,0.0,0.0,0.0,0.0,0.0,0.0,0.0,0.0,0.0
2457949.225592498,0.0,0.0,0.0,0.0,0.0,0.0,0.0,0.0,0.0,0.0,0.0,0.0,0.0,0.0,0.0,0.0
2458661.2966126204,0.0,0.0,0.0,0.0,0.0,0.0,0.0,0.0,0.0,0.0,0.0,0.0,0.0,0.0,0.0,0.0
2457949.520265053,0.0,0.0,0.0,0.0,0.0,0.0,0.0,0.0,0.0,0.0,0.0,0.0,0.0,0.0,0.0,0.0
2458661.3084382755,0.0,0.0,0.0,0.0,0.0,0.0,0.0,0.0,0.0,0.0,0.0,0.0,0.0,0.0,0.0,0.0
2457954.5383254318,0.0,0.0,0.0,0.0,0.0,0.0,0.0,0.0,0.0,0.0,0.0,0.0,0.0,0.0,0.0,0.0
2458661.320265464,0.0,0.0,0.0,0.0,0.0,0.0,0.0,0.0,0.0,0.0,0.0,0.0,0.0,0.0,0.0,0.0
2457956.388940464,0.0,0.0,0.0,0.0,0.0,0.0,0.0,0.0,0.0,0.0,0.0,0.0,0.0,0.0,0.0,0.0
2458668.3290721555,0.0,0.0,0.0,0.0,0.0,0.0,0.0,0.0,0.0,0.0,0.0,0.0,0.0,0.0,0.0,0.0
2457957.4234840414,0.0,0.0,0.0,0.0,0.0,0.0,0.0,0.0,0.0,0.0,0.0,0.0,0.0,0.0,0.0,0.0
2457844.6174118635,0.0,0.0,0.0,0.0,0.0,0.0,0.0,0.0,0.0,0.0,0.0,0.0,0.0,0.0,0.0,0.0
2457958.367533369,0.0,0.0,0.0,0.0,0.0,0.0,0.0,0.0,0.0,0.0,0.0,0.0,0.0,0.0,0.0,0.0
2457844.63106672,0.0,0.0,0.0,0.0,0.0,0.0,0.0,0.0,0.0,0.0,0.0,0.0,0.0,0.0,0.0,0.0
2457958.4652533056,0.0,0.0,0.0,0.0,0.0,0.0,0.0,0.0,0.0,0.0,0.0,0.0,0.0,0.0,0.0,0.0
2457846.561121053,0.0,0.0,0.0,0.0,0.0,0.0,0.0,0.0,0.0,0.0,0.0,0.0,0.0,0.0,0.0,0.0
2457959.277201117,0.0,0.0,0.0,0.0,0.0,0.0,0.0,0.0,0.0,0.0,0.0,0.0,0.0,0.0,0.0,0.0
2457847.4702764065,0.0,0.0,0.0,0.0,0.0,0.0,0.0,0.0,0.0,0.0,0.0,0.0,0.0,0.0,0.0,0.0
2457965.3978970693,0.0,0.0,0.0,0.0,0.0,0.0,0.0,0.0,0.0,0.0,0.0,0.0,0.0,0.0,0.0,0.0
2457848.635839628,0.0,0.0,0.0,0.0,0.0,0.0,0.0,0.0,0.0,0.0,0.0,0.0,0.0,0.0,0.0,0.0
2457892.541712026,0.0,0.0,0.0,0.0,0.0,0.0,0.0,0.0,0.0,0.0,0.0,0.0,0.0,0.0,0.0,0.0
2457967.4612850766,0.0,0.0,0.0,0.0,0.0,0.0,0.0,0.0,0.0,0.0,0.0,0.0,0.0,0.0,0.0,0.0
2457914.367702042,0.0,0.0,0.0,0.0,0.0,0.0,0.0,0.0,0.0,0.0,0.0,0.0,0.0,0.0,0.0,0.0
2457968.3639381514,0.0,0.0,0.0,0.0,0.0,0.0,0.0,0.0,0.0,0.0,0.0,0.0,0.0,0.0,0.0,0.0
2457917.277393777,0.0,0.0,0.0,0.0,0.0,0.0,0.0,0.0,0.0,0.0,0.0,0.0,0.0,0.0,0.0,0.0
2458670.296212926,0.0,0.0,0.0,0.0,0.0,0.0,0.0,0.0,0.0,0.0,0.0,0.0,0.0,0.0,0.0,0.0
2457969.329152828,0.0,0.0,0.0,0.0,0.0,0.0,0.0,0.0,0.0,0.0,0.0,0.0,0.0,0.0,0.0,0.0
2457971.2465710603,0.0,0.0,0.0,0.0,0.0,0.0,0.0,0.0,0.0,0.0,0.0,0.0,0.0,0.0,0.0,0.0
2457972.301558064,0.0,0.0,0.0,0.0,0.0,0.0,0.0,0.0,0.0,0.0,0.0,0.0,0.0,0.0,0.0,0.0
2457972.443513577,0.0,0.0,0.0,0.0,0.0,0.0,0.0,0.0,0.0,0.0,0.0,0.0,0.0,0.0,0.0,0.0
2457973.4851306286,0.0,0.0,0.0,0.0,0.0,0.0,0.0,0.0,0.0,0.0,0.0,0.0,0.0,0.0,0.0,0.0
2457974.4018228506,0.0,0.0,0.0,0.0,0.0,0.0,0.0,0.0,0.0,0.0,0.0,0.0,0.0,0.0,0.0,0.0
2457978.4014685755,0.0,0.0,0.0,0.0,0.0,0.0,0.0,0.0,0.0,0.0,0.0,0.0,0.0,0.0,0.0,0.0
2457979.452478756,0.0,0.0,0.0,0.0,0.0,0.0,0.0,0.0,0.0,0.0,0.0,0.0,0.0,0.0,0.0,0.0
2457980.3382895226,0.0,0.0,0.0,0.0,0.0,0.0,0.0,0.0,0.0,0.0,0.0,0.0,0.0,0.0,0.0,0.0
2457984.414033991,0.0,0.0,0.0,0.0,0.0,0.0,0.0,0.0,0.0,0.0,0.0,0.0,0.0,0.0,0.0,0.0
2457985.4078017417,0.0,0.0,0.0,0.0,0.0,0.0,0.0,0.0,0.0,0.0,0.0,0.0,0.0,0.0,0.0,0.0
2457986.331336334,0.0,0.0,0.0,0.0,0.0,0.0,0.0,0.0,0.0,0.0,0.0,0.0,0.0,0.0,0.0,0.0
2457986.43201779,0.0,0.0,0.0,0.0,0.0,0.0,0.0,0.0,0.0,0.0,0.0,0.0,0.0,0.0,0.0,0.0
2457989.337659108,0.0,0.0,0.0,0.0,0.0,0.0,0.0,0.0,0.0,0.0,0.0,0.0,0.0,0.0,0.0,0.0
2457991.3438159614,0.0,0.0,0.0,0.0,0.0,0.0,0.0,0.0,0.0,0.0,0.0,0.0,0.0,0.0,0.0,0.0
2457992.2197811017,0.0,0.0,0.0,0.0,0.0,0.0,0.0,0.0,0.0,0.0,0.0,0.0,0.0,0.0,0.0,0.0
2457992.4161394243,0.0,0.0,0.0,0.0,0.0,0.0,0.0,0.0,0.0,0.0,0.0,0.0,0.0,0.0,0.0,0.0
2458000.330072832,0.0,0.0,0.0,0.0,0.0,0.0,0.0,0.0,0.0,0.0,0.0,0.0,0.0,0.0,0.0,0.0
2458001.244864189,0.0,0.0,0.0,0.0,0.0,0.0,0.0,0.0,0.0,0.0,0.0,0.0,0.0,0.0,0.0,0.0
2458001.3861358,0.0,0.0,0.0,0.0,0.0,0.0,0.0,0.0,0.0,0.0,0.0,0.0,0.0,0.0,0.0,0.0
2458003.293674702,0.0,0.0,0.0,0.0,0.0,0.0,0.0,0.0,0.0,0.0,0.0,0.0,0.0,0.0,0.0,0.0
2458006.2532190457,0.0,0.0,0.0,0.0,0.0,0.0,0.0,0.0,0.0,0.0,0.0,0.0,0.0,0.0,0.0,0.0
2458007.2947045537,0.0,0.0,0.0,0.0,0.0,0.0,0.0,0.0,0.0,0.0,0.0,0.0,0.0,0.0,0.0,0.0
2458010.256291161,0.0,0.0,0.0,0.0,0.0,0.0,0.0,0.0,0.0,0.0,0.0,0.0,0.0,0.0,0.0,0.0
2458011.321199931,0.0,0.0,0.0,0.0,0.0,0.0,0.0,0.0,0.0,0.0,0.0,0.0,0.0,0.0,0.0,0.0
2458013.272291965,0.0,0.0,0.0,0.0,0.0,0.0,0.0,0.0,0.0,0.0,0.0,0.0,0.0,0.0,0.0,0.0
2458014.3664247696,0.0,0.0,0.0,0.0,0.0,0.0,0.0,0.0,0.0,0.0,0.0,0.0,0.0,0.0,0.0,0.0
2458016.34193349,0.0,0.0,0.0,0.0,0.0,0.0,0.0,0.0,0.0,0.0,0.0,0.0,0.0,0.0,0.0,0.0
2458019.2687283945,0.0,0.0,0.0,0.0,0.0,0.0,0.0,0.0,0.0,0.0,0.0,0.0,0.0,0.0,0.0,0.0
2458020.345561828,0.0,0.0,0.0,0.0,0.0,0.0,0.0,0.0,0.0,0.0,0.0,0.0,0.0,0.0,0.0,0.0
2458021.255930853,0.0,0.0,0.0,0.0,0.0,0.0,0.0,0.0,0.0,0.0,0.0,0.0,0.0,0.0,0.0,0.0
2458024.2304402096,0.0,0.0,0.0,0.0,0.0,0.0,0.0,0.0,0.0,0.0,0.0,0.0,0.0,0.0,0.0,0.0
2458028.2762237126,0.0,0.0,0.0,0.0,0.0,0.0,0.0,0.0,0.0,0.0,0.0,0.0,0.0,0.0,0.0,0.0
2458032.2471268326,0.0,0.0,0.0,0.0,0.0,0.0,0.0,0.0,0.0,0.0,0.0,0.0,0.0,0.0,0.0,0.0
2458036.2511471985,0.0,0.0,0.0,0.0,0.0,0.0,0.0,0.0,0.0,0.0,0.0,0.0,0.0,0.0,0.0,0.0
2458047.25438402,0.0,0.0,0.0,0.0,0.0,0.0,0.0,0.0,0.0,0.0,0.0,0.0,0.0,0.0,0.0,0.0
2458053.2578003597,0.0,0.0,0.0,0.0,0.0,0.0,0.0,0.0,0.0,0.0,0.0,0.0,0.0,0.0,0.0,0.0
2458165.6206522696,0.0,0.0,0.0,0.0,0.0,0.0,0.0,0.0,0.0,0.0,0.0,0.0,0.0,0.0,0.0,0.0
2458249.605311571,0.0,0.0,0.0,0.0,0.0,0.0,0.0,0.0,0.0,0.0,0.0,0.0,0.0,0.0,0.0,0.0
2458249.652410622,0.0,0.0,0.0,0.0,0.0,0.0,0.0,0.0,0.0,0.0,0.0,0.0,0.0,0.0,0.0,0.0
2458251.63813242,0.0,0.0,0.0,0.0,0.0,0.0,0.0,0.0,0.0,0.0,0.0,0.0,0.0,0.0,0.0,0.0
2458252.508768533,0.0,0.0,0.0,0.0,0.0,0.0,0.0,0.0,0.0,0.0,0.0,0.0,0.0,0.0,0.0,0.0
2458252.622858022,0.0,0.0,0.0,0.0,0.0,0.0,0.0,0.0,0.0,0.0,0.0,0.0,0.0,0.0,0.0,0.0
2458255.541785501,0.0,0.0,0.0,0.0,0.0,0.0,0.0,0.0,0.0,0.0,0.0,0.0,0.0,0.0,0.0,0.0
2458256.5625467924,0.0,0.0,0.0,0.0,0.0,0.0,0.0,0.0,0.0,0.0,0.0,0.0,0.0,0.0,0.0,0.0
2458257.579474227,0.0,0.0,0.0,0.0,0.0,0.0,0.0,0.0,0.0,0.0,0.0,0.0,0.0,0.0,0.0,0.0
2458262.4271676824,0.0,0.0,0.0,0.0,0.0,0.0,0.0,0.0,0.0,0.0,0.0,0.0,0.0,0.0,0.0,0.0
2458275.5699907844,0.0,0.0,0.0,0.0,0.0,0.0,0.0,0.0,0.0,0.0,0.0,0.0,0.0,0.0,0.0,0.0
2458276.374391487,0.0,0.0,0.0,0.0,0.0,0.0,0.0,0.0,0.0,0.0,0.0,0.0,0.0,0.0,0.0,0.0
2458276.458121303,0.0,0.0,0.0,0.0,0.0,0.0,0.0,0.0,0.0,0.0,0.0,0.0,0.0,0.0,0.0,0.0
2458277.3717103405,0.0,0.0,0.0,0.0,0.0,0.0,0.0,0.0,0.0,0.0,0.0,0.0,0.0,0.0,0.0,0.0
2458277.5563291484,0.0,0.0,0.0,0.0,0.0,0.0,0.0,0.0,0.0,0.0,0.0,0.0,0.0,0.0,0.0,0.0
2458278.3690041816,0.0,0.0,0.0,0.0,0.0,0.0,0.0,0.0,0.0,0.0,0.0,0.0,0.0,0.0,0.0,0.0
2458278.5034386097,0.0,0.0,0.0,0.0,0.0,0.0,0.0,0.0,0.0,0.0,0.0,0.0,0.0,0.0,0.0,0.0
2458281.510320205,0.0,0.0,0.0,0.0,0.0,0.0,0.0,0.0,0.0,0.0,0.0,0.0,0.0,0.0,0.0,0.0
2458281.525148452,0.0,0.0,0.0,0.0,0.0,0.0,0.0,0.0,0.0,0.0,0.0,0.0,0.0,0.0,0.0,0.0
2458282.3584912163,0.0,0.0,0.0,0.0,0.0,0.0,0.0,0.0,0.0,0.0,0.0,0.0,0.0,0.0,0.0,0.0
2458304.4524611738,0.0,0.0,0.0,0.0,0.0,0.0,0.0,0.0,0.0,0.0,0.0,0.0,0.0,0.0,0.0,0.0
2458305.302435546,0.0,0.0,0.0,0.0,0.0,0.0,0.0,0.0,0.0,0.0,0.0,0.0,0.0,0.0,0.0,0.0
2458306.292851421,0.0,0.0,0.0,0.0,0.0,0.0,0.0,0.0,0.0,0.0,0.0,0.0,0.0,0.0,0.0,0.0
2458310.281989465,0.0,0.0,0.0,0.0,0.0,0.0,0.0,0.0,0.0,0.0,0.0,0.0,0.0,0.0,0.0,0.0
2458320.254078468,0.0,0.0,0.0,0.0,0.0,0.0,0.0,0.0,0.0,0.0,0.0,0.0,0.0,0.0,0.0,0.0
2458673.485269354,0.0,0.0,0.0,0.0,0.0,0.0,0.0,0.0,0.0,0.0,0.0,0.0,0.0,0.0,0.0,0.0
2458674.285277789,0.0,0.0,0.0,0.0,0.0,0.0,0.0,0.0,0.0,0.0,0.0,0.0,0.0,0.0,0.0,0.0
2458700.2745761788,0.0,0.0,0.0,0.0,0.0,0.0,0.0,0.0,0.0,0.0,0.0,0.0,0.0,0.0,0.0,0.0
2458720.3237178423,0.0,0.0,0.0,0.0,0.0,0.0,0.0,0.0,0.0,0.0,0.0,0.0,0.0,0.0,0.0,0.0
2458721.219258449,0.0,0.0,0.0,0.0,0.0,0.0,0.0,0.0,0.0,0.0,0.0,0.0,0.0,0.0,0.0,0.0
2458724.233793505,0.0,0.0,0.0,0.0,0.0,0.0,0.0,0.0,0.0,0.0,0.0,0.0,0.0,0.0,0.0,0.0
2458725.322885458,0.0,0.0,0.0,0.0,0.0,0.0,0.0,0.0,0.0,0.0,0.0,0.0,0.0,0.0,0.0,0.0
2458661.316323797,7299.536500592581,7.590712990049946,6704.94747068262,11.061414636414005,6704.94747068262,11.061414636414005,18.370113302816826,0.0500281363681998,1.4872705395565156,1.5464069546221714e-08,12.0,1336.4618408203123,55.72194229659296,965.8642960667512,609.6503124297847,0.0
2458580.5437641456,7290.086102415079,7.818939014837555,6694.694406585137,11.18468973059552,6694.694406585137,11.18468973059552,18.34173859424966,0.0502375275718949,1.3416291659029735,1.0262036005171402e-08,12.0,1334.164501953125,53.017276329660405,965.8642960667512,609.6503124297847,0.0
2458661.304501836,7297.994513878393,6.933850156692458,6703.274515922295,10.530683713847885,6703.274515922295,10.530683713847885,18.36548350597571,0.0491431310268722,1.4739973693687,1.5835037801890658e-08,12.0,1393.6038818359375,50.308386657553,965.8642960667512,609.6503124297847,0.0
2458580.563461325,7263.66053894696,30.626612687024586,6666.024398087958,33.962247810035706,6666.024398087958,33.962247810035706,18.26239615300566,0.1019780442075123,0.1764179757376719,1.5608542318779408e-08,12.0,1027.8714599609375,28.07709642046827,965.8642960667512,609.6503124297847,4.0
2458668.3330237023,7308.37114625394,6.973791824239429,6714.53248356177,10.635053974261986,6714.53248356177,10.635053974261986,18.39663922174921,0.0493150678222476,1.5379278054343717,1.5895694048222377e-08,12.0,1286.252392578125,51.43050392460909,965.8642960667512,609.6503124297847,0.0
2458581.5896142027,7301.354458528248,7.028445331381205,6706.919836173554,10.627825653261755,6706.919836173554,10.627825653261755,18.37557169998095,0.0493030627303342,1.5613243234975307,1.5853704891179973e-08,12.0,1464.74755859375,53.61139653461988,965.8642960667512,609.6503124297847,0.0
2457844.621532202,7268.811177155382,8.09245576644171,6671.612503763722,11.276231291008111,6671.612503763722,11.276231291008111,18.277860883205808,0.0503938484976469,0.8980676328519801,1.5892377791484575e-08,12.0,1202.109423828125,37.95692297224412,965.8642960667512,609.6503124297847,0.0
2458583.5520763644,7300.355349738841,7.531332019721323,6705.835868464917,11.019074542221963,6705.835868464917,11.019074542221963,18.372571887677385,0.0499565325334054,1.0710149886616611,1.4041443546794301e-08,12.0,1432.9257324218752,38.970723402714455,965.8642960667512,609.6503124297847,0.0
2457844.635186139,7271.759299288095,8.859975231038707,6674.8110235113745,11.95354411570626,6674.8110235113745,11.95354411570626,18.28671258498227,0.0515756025046548,0.7870926479456434,1.5780749133541342e-08,12.0,1169.7864501953125,36.029979681458975,965.8642960667512,609.6503124297847,0.0
2458583.629591521,7280.200001627398,9.381532219810227,6683.9686336445275,12.461763446144845,6683.9686336445275,12.461763446144845,18.3120556937573,0.0524888635718766,1.4424490481789838,6.970960552640402e-09,12.0,1471.0145019531249,70.80645243889812,965.8642960667512,609.6503124297847,0.0
2457846.565251793,7242.598737323769,1.6857187024536204,6643.173720476819,7.055898526720689,6643.173720476819,7.055898526720689,18.199158343155485,0.0441246907779428,1.0000332915199244,1.0122846295081648e-08,12.0,1218.1764404296875,0.3259057011935022,965.8642960667512,609.6503124297847,0.0
2458585.559559274,7304.101397681238,6.907510599889251,6709.900085542786,10.553591355672422,6709.900085542786,10.553591355672422,18.38381935224425,0.0491808108839606,1.5484060941647044,1.5870888993809795e-08,12.0,1494.221337890625,51.66112279962928,965.8642960667512,609.6503124297847,0.0
2457867.4574162783,7451.302432962795,30.565914468184946,6869.603583914984,34.34599250706608,6869.603583914984,34.34599250706608,18.825788716756467,0.1029589232994509,0.755711090342357,1.5640338789389257e-08,12.0,1207.700439453125,78.25218771523097,965.8642960667512,609.6503124297847,2.0
2458591.6234329,7331.942819600327,9.420120297576233,6740.106207881738,12.803932121037231,6740.106207881738,12.803932121037231,18.467412891713323,0.0531163070504729,1.5986793274033333,6.32235978540177e-09,12.0,3056.559375,68.89314687938295,965.8642960667512,609.6503124297847,0.0
2457867.499043928,7337.385036228103,14.232266875374854,6746.010657077308,17.28501859223595,6746.010657077308,17.28501859223595,18.483753082663167,0.0620804420360312,0.831860464314522,1.5008867638116443e-08,12.0,1194.3659423828126,52.81435761129761,965.8642960667512,609.6503124297847,0.0
2458592.5083428454,7290.585828305766,9.448674570294758,6695.23657650138,12.581561269144556,6695.23657650138,12.581561269144556,18.34323901531609,0.0527073659999645,1.6063047833072734,1.4657698432965956e-08,12.0,6057.0814453125,77.35290419751631,965.8642960667512,609.6503124297847,0.0
2457876.640910507,7257.97320938634,6.3967043224188105,6659.8540173872525,9.834240784583214,6659.8540173872525,9.834240784583214,18.24532001337888,0.048024926418644,0.9268181334608064,1.5850720739204072e-08,12.0,1326.1182373046877,31.524979337727277,965.8642960667512,609.6503124297847,0.0
2458598.524753493,7314.356298526276,9.735931869507164,6721.025982431221,12.974630358378464,6721.025982431221,12.974630358378464,18.414609570539582,0.0534324194838353,1.5865360034417804,1.582952945735063e-08,12.0,5314.271289062501,74.15805412835556,965.8642960667512,609.6503124297847,0.0
2457887.539416314,7459.332978272972,43.56908157194062,6878.316200490127,48.12319650785919,6878.316200490127,48.12319650785919,18.849900333910774,0.1389328655406052,1.0044389793941992,1.5812125560781842e-08,12.0,34474.46640625,146.91002989421887,965.8642960667512,609.6503124297847,2.0
2458601.663460056,7321.153162981941,8.06975043572257,6728.400135944844,11.595798498569001,6728.400135944844,11.595798498569001,18.435017075543872,0.0509466909015147,1.603051510836261,1.5769912257352565e-08,12.0,1940.0928466796877,60.419750348005245,965.8642960667512,609.6503124297847,0.0
2457890.47636911,7258.670526283546,8.503011092897784,6660.610560625855,11.565037008754116,6660.610560625855,11.565037008754116,18.24741369910147,0.0508925884909677,0.9835745149881993,6.919999051777267e-09,12.0,2692.531689453125,45.57198724282304,965.8642960667512,609.6503124297847,0.0
2458604.4781881585,7299.971782224917,6.483014492138187,6705.419722792318,10.201455626341161,6705.419722792318,10.201455626341161,18.37142023076105,0.048608372344402,1.5872266174401348,1.551687016453472e-08,12.0,1339.95859375,50.383434352007214,965.8642960667512,609.6503124297847,0.0
2457892.5458247666,7257.319341627917,7.487885907406954,6659.1446136232535,10.698364982488076,6659.1446136232535,10.698364982488076,18.2433567831807,0.0494194241249412,0.9971349986324328,1.033210644010658e-08,12.0,1521.44873046875,40.5802719834706,965.8642960667512,609.6503124297847,0.0
2458605.475571621,7303.886016043206,7.883315196492233,6709.666410548499,11.328493117225323,6709.666410548499,11.328493117225323,18.383172671427733,0.0504838247430566,1.5812732273857906,9.810406879814542e-09,12.0,1347.964404296875,61.09825562307916,965.8642960667512,609.6503124297847,0.0
2457917.281511636,7292.1328621423145,9.882558174075259,6696.91500705946,12.976745288819703,6696.91500705946,12.976745288819703,18.347883966082318,0.0534361535376425,0.887497895603733,1.5892523046117363e-08,12.0,2920.352490234375,43.69790681969013,965.8642960667512,609.6503124297847,0.0
2458605.5480926703,7308.620707559553,7.9558797936925965,6714.803241260505,11.419316296945835,6714.803241260505,11.419316296945835,18.39738852661271,0.0506403428002765,1.2875748411687205,1.551493410357664e-08,12.0,1422.7375,49.136774930084734,965.8642960667512,609.6503124297847,0.0
2457920.268532557,7309.242566773752,9.016991814183157,6715.47791784693,12.31642222117361,6715.47791784693,12.31642222117361,18.39925565153604,0.0522257159914828,0.8690646050716426,1.5475312415972462e-08,12.0,1341.2331054687502,36.74101537086837,965.8642960667512,609.6503124297847,0.0
2458606.5676491084,7336.781208638094,17.04290101700946,6745.35554362411,20.05356885290372,6745.35554362411,20.05356885290372,18.48194009747784,0.068159297865352,0.2680460183759893,1.5541545360514817e-08,12.0,809.8952026367188,18.258897047749656,965.8642960667512,609.6503124297847,4.0
2457920.5142538897,7293.855429342519,8.233533544028333,6698.78387983965,11.553605841592352,6698.78387983965,11.553605841592352,18.35305595369332,0.0508729564299631,0.9440507345451208,1.5908484322207093e-08,12.0,1742.4171630859375,38.13464092577652,965.8642960667512,609.6503124297847,0.0
2458609.516244652,7336.463088886868,18.914398365330072,6745.010404494647,21.93868717050574,6745.010404494647,21.93868717050574,18.48098494669361,0.0724703774697247,0.3469425325836521,1.5883899942052087e-08,12.0,1197.784326171875,28.264441162774737,965.8642960667512,609.6503124297847,4.0
2457921.3642894328,7308.397937315686,8.984035490521908,6714.561550111997,12.28284226495946,6714.561550111997,12.28284226495946,18.39671966159469,0.0521651046968751,0.8453107877556209,1.5871271107671887e-08,12.0,1246.2950927734375,35.70434092715086,965.8642960667512,609.6503124297847,0.0
2458613.470666297,7303.334126754602,7.744254726743056,6709.067646756278,11.211332393775255,6709.067646756278,11.211332393775255,18.381515630377034,0.0502831090094431,1.5895029990928802,1.0196855528197052e-08,12.0,1412.5274169921877,60.36887056862327,965.8642960667512,609.6503124297847,0.0
2457929.281848458,7295.314597538269,7.732724394590198,6700.366981922654,11.148518197737031,6700.366981922654,11.148518197737031,18.357437088913997,0.0501759587890685,0.8912158519885488,1.5739155941657886e-08,12.0,1395.2276611328125,33.24015619980626,965.8642960667512,609.6503124297847,0.0
2458614.498531647,7274.262819417683,8.805795595765963,6677.527179156441,11.92130730284001,6677.527179156441,11.92130730284001,18.29422937451164,0.0515184437841419,1.608945467687113,7.80455229914928e-09,12.0,1379.7208251953125,75.39311736531585,965.8642960667512,609.6503124297847,0.0
2457929.400769427,7270.221312710859,6.928997129401124,6673.142408638082,10.33351704389253,6673.142408638082,10.33351704389253,18.28209479850495,0.0488212980973123,0.9332484952604206,9.568212480523844e-09,12.0,1249.1325439453126,33.521678507014215,965.8642960667512,609.6503124297847,0.0
2458616.53332617,7319.254318626252,7.32160706546806,6726.340013977034,10.982536039339053,6726.340013977034,10.982536039339053,18.42931581786192,0.0498950635496926,1.584526026976493,1.5830526317254062e-08,12.0,1455.3173095703123,54.25817981761552,965.8642960667512,609.6503124297847,0.0
2457930.3308662456,7296.262419122063,7.270450874495706,6701.395306366678,10.78267487054957,6701.395306366678,10.78267487054957,18.360282911990303,0.0495598523802852,0.9187719980789923,1.57918774941044e-08,12.0,1224.522900390625,32.13606136574938,965.8642960667512,609.6503124297847,0.0
2458617.4448756645,0.0,0.0,0.0,0.0,0.0,0.0,0.0,0.0,0.0,0.0,12.0,0.0,0.0,0.0,0.0,5.0
2457937.5078282906,7261.6324640608445,9.486997647821864,6663.82406944453,12.449893457718765,6663.82406944453,12.449893457718765,18.25630688218712,0.0524671623032299,0.8452215239199259,9.087288160282488e-09,12.0,2147.61318359375,43.29781205070743,965.8642960667512,609.6503124297847,0.0
2458618.489133425,7298.670684134457,8.221132778197534,6704.008116437956,11.574077268272271,6704.008116437956,11.574077268272271,18.36751369915881,0.0509086250814738,1.4389402169814702,1.5476998074689082e-08,12.0,2587.198974609375,58.59372996692518,965.8642960667512,609.6503124297847,0.0
2457938.320787105,7291.441007028915,9.423391813219022,6696.164389499162,12.564223388754563,6696.164389499162,12.564223388754563,18.345806679300875,0.0526756885535718,0.8667018362784779,1.5902339688102542e-08,12.0,3395.6724121093757,40.5969920109179,965.8642960667512,609.6503124297847,0.0
2458627.4767297106,0.0,0.0,0.0,0.0,0.0,0.0,0.0,0.0,0.0,0.0,12.0,0.0,0.0,0.0,0.0,5.0
2457939.2205914864,7303.196077160927,14.778032111688317,6708.917871973666,17.66756816492291,6708.917871973666,17.66756816492291,18.381101138107525,0.0628995164894533,0.786868835615998,1.5526377397895637e-08,12.0,7285.405078125,57.02522749869537,965.8642960667512,609.6503124297847,0.0
2458627.4787909323,7283.032025800273,10.282228739505879,6687.0411946969525,13.287311904287982,6687.0411946969525,13.287311904287982,18.3205588127848,0.054017450914315,1.5567209523567993,9.707827543728454e-09,12.0,7107.87060546875,83.5086405872816,965.8642960667512,609.6503124297847,0.0
2457939.51027184,7351.992818968266,23.81563482032984,6761.8591462037775,27.024138534544967,6761.8591462037775,27.024138534544967,18.527612777279124,0.0846107494620175,0.6978004015318726,1.4329552990579313e-08,12.0,11419.0775390625,72.58617712595671,965.8642960667512,609.6503124297847,4.0
2458629.407768317,7306.0080616078585,7.745329877696248,6711.968691233766,11.230106748554391,6711.968691233766,11.230106748554391,18.38954408809529,0.0503152108058799,1.3999343726775777,1.5876941310785912e-08,12.0,1336.8222412109376,52.46623712955465,965.8642960667512,609.6503124297847,0.0
2457941.557422048,7349.513782559718,36.47229363028262,6759.1695537951355,40.349348498068586,6759.1695537951355,40.349348498068586,18.520169499832107,0.1184681459158875,0.856554310959099,1.4827089463473828e-08,12.0,30542.194140625,138.53095640541505,965.8642960667512,609.6503124297847,0.0
2458630.4780625715,7317.864657337491,29.30728726005502,6724.832322343326,32.68517742363094,6724.832322343326,32.68517742363094,18.425143376306018,0.0987304867031703,0.2348471770988836,1.540774969644975e-08,12.0,1880.028393554688,31.508632016090846,965.8642960667512,609.6503124297847,4.0
2457942.463006235,7453.920227691592,69.13354479958713,6872.443720028229,75.53953253310144,6872.443720028229,75.53953253310144,18.83364861441615,0.2127633646359827,0.9075656380731004,1.5511811202023952e-08,12.0,62856.701562500006,213.94287766349103,965.8642960667512,609.6503124297847,2.0
2458638.387311093,7318.465659169341,7.485953926255365,6725.484370033685,11.106729063604993,6725.484370033685,11.106729063604993,18.42694787718595,0.0501051583580024,1.5030506224274838,1.5291496672231817e-08,12.0,1322.0114501953124,52.6307321280825,965.8642960667512,609.6503124297847,0.0
2457943.209657143,7323.452213079366,37.00434270833424,6730.894454974523,40.8652680704653,6730.894454974523,40.8652680704653,18.441919946224075,0.1198147367262179,0.8242156313305792,1.5798933188361906e-08,12.0,24796.979296875,144.42779453747488,965.8642960667512,609.6503124297847,0.0
2458641.379389222,7310.098300533305,7.195947372475469,6716.406333022913,10.819939080334946,6716.406333022913,10.819939080334946,18.401824982011043,0.0496221474053718,1.5466677533366184,1.5896307702123584e-08,12.0,1296.7973388671876,53.22125633862567,965.8642960667512,609.6503124297847,0.0
2457945.46849369,7248.760513987834,22.50843027087271,6649.858845262508,25.369739659176414,6649.858845262508,25.369739659176414,18.21765900458952,0.080591703979391,0.9110215482315488,1.0337683289201804e-08,12.0,16304.3953125,117.20022865289631,965.8642960667512,609.6503124297847,0.0
2458645.420886237,7319.8911951084865,8.405633015811674,6727.030983317362,11.865152862185905,6727.030983317362,11.865152862185905,18.43122803195461,0.0514194678400393,1.5368232155153874,1.5908740414531754e-08,12.0,1594.0953857421875,60.64932710361422,965.8642960667512,609.6503124297847,0.0
2457946.2225232264,7353.565845165681,14.529693286558821,6763.5657767738585,17.6474297106822,6763.5657767738585,17.6474297106822,18.53233576980091,0.0628566685893437,0.8178213749942153,1.5844656132928523e-08,12.0,1333.80029296875,50.67702971152044,965.8642960667512,609.6503124297847,0.0
2458648.3919947343,7312.943146577028,9.493706981647318,6719.492804966841,12.753153688772144,6719.492804966841,12.753153688772144,18.410366598553857,0.0530224657059882,1.5678936839208517,1.5900552702177853e-08,12.0,4579.93046875,71.53010193775384,965.8642960667512,609.6503124297847,0.0
2457946.285901074,7323.206807457255,15.761241543181017,6730.628205920664,18.722559321354712,6730.628205920664,18.722559321354712,18.441183118751063,0.0651950718362135,0.883419296258454,1.551082936251738e-08,12.0,5538.454492187499,65.01156008946496,965.8642960667512,609.6503124297847,0.0
2458654.4029523274,7280.813213251193,16.51249974373397,6684.633928160803,19.306265930276087,6684.633928160803,19.306265930276087,18.313896854392905,0.0664858081969069,1.2937354804268226,8.473651218196524e-09,12.0,16685.47109375,112.54686849213168,965.8642960667512,609.6503124297847,0.0
2457946.5539573054,0.0,0.0,0.0,0.0,0.0,0.0,0.0,0.0,0.0,0.0,12.0,0.0,0.0,0.0,0.0,5.0
2458654.534325801,7248.408473069928,17.209152198083352,6649.476903885175,19.895466202234733,6649.476903885175,19.895466202234733,18.21660200590421,0.0678029494842802,1.1797978484027325,1.5898765884574043e-08,12.0,20824.91328125,115.41913479763878,965.8642960667512,609.6503124297847,0.0
2457947.355011532,7276.9742007552895,10.608302276906395,6680.468850620973,13.553478361856572,6680.468850620973,13.553478361856572,18.30237026485551,0.0545215098275524,0.9172890305487084,1.5907443059874758e-08,12.0,3859.6734375,50.868867754958416,965.8642960667512,609.6503124297847,0.0
2458655.355112031,7355.702985750427,16.751666832734678,6765.8844345689195,19.839188688020197,6765.8844345689195,19.839188688020197,18.53875250908747,0.0676772902134692,1.2514868797844374,1.5798752457016632e-08,12.0,10765.072265625,90.783315290553,965.8642960667512,609.6503124297847,0.0
2457947.559679398,7323.286426160128,14.90375032097752,6730.714587007322,17.877225495842797,6730.714587007322,17.877225495842797,18.441422172963176,0.0633517518122663,0.8609057189178734,1.5896795819319026e-08,12.0,4633.62568359375,59.89817574013047,965.8642960667512,609.6503124297847,0.0
2458655.4558485434,7323.236021753286,10.398703917521534,6730.65990152165,13.616650923974012,6730.65990152165,13.616650923974012,18.44127083432879,0.054642324833405,1.3451856476277932,1.5338000627570077e-08,12.0,6903.81083984375,65.3466824047244,965.8642960667512,609.6503124297847,0.0
2457948.3068485176,7265.15028553274,7.586600925083539,6667.640675724753,10.830554197170796,6667.640675724753,10.830554197170796,18.266869099480157,0.0496395024029504,0.935896942094007,1.5891546114208793e-08,12.0,1215.3340576171877,37.62571845359992,965.8642960667512,609.6503124297847,0.0
2458661.2690360844,7289.609613396665,6.697885486499224,6694.177447155932,10.28938253801393,6694.177447155932,10.28938253801393,18.340307941616928,0.0487500081604973,1.4358014603852622,1.5500580527657407e-08,12.0,1404.9189453125,48.26301147811685,965.8642960667512,609.6503124297847,0.0
2457949.229750251,7340.825398744789,11.637650223417587,6749.74322545587,14.842795419657053,6749.74322545587,14.842795419657053,18.494082730360844,0.0570355869442764,0.8691359853273343,1.5714926011094578e-08,12.0,1271.3158935546874,44.23840048376288,965.8642960667512,609.6503124297847,0.0
2458661.280856016,7297.865362146746,6.790727153664361,6703.134394738185,10.419403009097906,6703.134394738185,10.419403009097906,18.36509572943151,0.0489611290197187,1.4576461258650977,1.5897765765520468e-08,12.0,1406.6302978515623,48.69625454274873,965.8642960667512,609.6503124297847,0.0
2457949.524419063,7285.388395309438,7.927518903390761,6689.597701540477,11.243809777424065,6689.597701540477,11.243809777424065,18.327633784319666,0.0503384594896388,0.8903074622010865,1.5599755672563432e-08,12.0,2030.79873046875,35.17662689918437,965.8642960667512,609.6503124297847,0.0
2458661.2926716423,7296.542424544907,6.765638401137423,6701.699093941987,10.390729182884037,6701.699093941987,10.390729182884037,18.361123624955116,0.0489144247998242,1.4569870115808072,1.5903944832810192e-08,12.0,1399.65556640625,48.54205585886751,965.8642960667512,609.6503124297847,0.0
2457847.474401702,7237.258109226448,6.331838110608746,6637.379488194314,9.63918372813185,6637.379488194314,9.63918372813185,18.183123170564794,0.0477209793639185,0.9458714027164268,1.5884920103326278e-08,12.0,1179.0906494140625,33.85606186613023,965.8642960667512,609.6503124297847,0.0
2457954.54251522,7349.213599438741,15.663508217452941,6758.843874736696,18.735646763012493,6758.843874736696,18.735646763012493,18.519268203567705,0.0652241038261776,0.7958938927057478,1.5012028879121994e-08,12.0,1322.6385498046875,53.95235914406182,965.8642960667512,609.6503124297847,2.0
2457848.6399638266,7255.146117529371,8.080984704322846,6656.786807575077,11.1813682155089,6656.786807575077,11.1813682155089,18.236831703571447,0.0502316164985866,0.6829692074787485,9.997582255201409e-09,12.0,1165.9359619140623,29.414884277474357,965.8642960667512,609.6503124297847,4.0
2457956.393108671,7278.660452642058,7.6938069132962,6682.298323660605,11.006902096990343,6682.298323660605,11.006902096990343,18.30743321616817,0.0499357923758315,0.9307025087767432,1.5684739113032458e-08,12.0,1166.384765625,36.55697172279005,965.8642960667512,609.6503124297847,0.0
2457864.6033046963,7252.704414615984,7.853541333067755,6654.137719567591,10.97360997179212,6654.137719567591,10.97360997179212,18.22950051950136,0.0498794728696234,1.0024782045230942,1.5700935315910604e-08,12.0,1387.3314453125,43.47266418786477,965.8642960667512,609.6503124297847,0.0
2458670.300158869,7314.946450478726,7.548215928897253,6721.666258711863,11.132039478248037,6721.666258711863,11.132039478248037,18.41638149478515,0.0501481207797437,1.514428440333473,1.5684735787410337e-08,12.0,1377.54033203125,54.09713014451832,965.8642960667512,609.6503124297847,0.0
2457957.427631184,7317.3248469919945,8.870515675479332,6724.246663414575,12.240966333513432,6724.246663414575,12.240966333513432,18.42352260213889,0.0520897516263639,0.9393215509852,1.5832928240021404e-08,12.0,1158.6601318359374,38.55480614489468,965.8642960667512,609.6503124297847,0.0
2457958.371690423,7284.8411058420825,7.925136077161263,6689.003928253544,11.238289847074213,6689.003928253544,11.238289847074213,18.32599055417779,0.0503290136600299,0.9383239216982028,1.5900683155651297e-08,12.0,1187.381884765625,37.41484942673801,965.8642960667512,609.6503124297847,0.0
2457958.46966393,7276.72129089229,6.772852441603725,6680.194459956419,10.256255025001495,6680.194459956419,10.256255025001495,18.30161090598813,0.0486964095242488,0.9241650689446622,1.5741509963384535e-08,12.0,1189.0162353515625,31.72352407490731,965.8642960667512,609.6503124297847,0.0
2457959.281365053,7308.629336894878,8.713272437965689,6714.812603525092,12.052504864928778,6714.812603525092,12.052504864928778,18.397414436089782,0.0517519923909901,0.8978435786750174,1.4433659648009013e-08,12.0,1203.43017578125,36.92268012274087,965.8642960667512,609.6503124297847,0.0
2457965.402054788,7332.822243267667,14.292531926005335,6741.060325058673,17.322710058078858,6741.060325058673,17.322710058078858,18.47005335085579,0.0621608066868449,0.8179657740149674,1.5533200719621472e-08,12.0,2858.05498046875,52.8366607165454,965.8642960667512,609.6503124297847,0.0
2457967.465456381,7287.995332190733,12.584295718204341,6692.426057599128,15.467298508486023,6692.426057599128,15.467298508486023,18.33546108142085,0.0582921312335226,0.8037658795639914,9.819700492399605e-09,12.0,6981.130273437499,51.464645841647375,965.8642960667512,609.6503124297847,0.0
2457968.3680965863,7305.43189782083,19.293000235809348,6711.343591197962,22.215961079738822,6711.343591197962,22.215961079738822,18.38781416315066,0.0731142018256288,0.911030419244296,1.5805699243624195e-08,12.0,12600.334765625,86.67117636872578,965.8642960667512,609.6503124297847,0.0
2457969.33330532,7473.124373471181,65.01004221447505,6893.278962514007,71.1248887695133,6893.278962514007,71.1248887695133,18.891308834603915,0.2007722593874701,0.9402288644056832,1.5728955440793766e-08,12.0,37507.046875,198.50980008353676,965.8642960667512,609.6503124297847,2.0
2457971.250735761,7363.299923660882,27.802796355128795,6774.126615467276,31.2154482768174,6774.126615467276,31.2154482768174,18.56156222516114,0.0950183470496673,0.8913088453168952,1.5881019356458974e-08,12.0,17749.803515625,105.7348755062979,965.8642960667512,609.6503124297847,0.0
2457972.3057088405,7336.492141045698,28.940970190168944,6745.041924187368,32.343543875077664,6745.041924187368,32.343543875077664,18.481072175456305,0.097865134938637,0.9369515708309388,1.586914751184958e-08,12.0,23714.558203125,124.10367483996023,965.8642960667512,609.6503124297847,2.0
2457972.447663879,7335.580894575123,30.76605792276878,6744.05328134969,34.267016708727375,6744.05328134969,34.267016708727375,18.478336168724123,0.1027562392698522,0.8987592051766047,1.0343918577412173e-08,12.0,27182.329296875,126.87602277672424,965.8642960667512,609.6503124297847,2.0
2457973.489284946,8186.555812483834,293.7938800561352,7667.30542531096,319.1888104915389,7667.30542531096,319.1888104915389,21.03337827807182,0.8842229771057349,0.8492905224985221,1.5907720214095018e-08,12.0,19831.6546875,132.4179129295395,965.8642960667512,609.6503124297847,0.0
2457974.405988326,7264.80190592287,10.972919551073058,6667.262706627238,13.828584736679122,6667.262706627238,13.828584736679122,18.265823093828843,0.055047973716805,0.9260137869182892,8.208264686770586e-09,12.0,5382.00458984375,54.969444923915546,965.8642960667512,609.6503124297847,0.0
2457979.4565962977,7297.59301157947,8.424827557277991,6702.838912180651,11.738406726028014,6702.838912180651,11.738406726028014,18.36427800007987,0.0511959673634099,0.8536260627358923,1.5466754178444987e-08,12.0,1659.646875,34.79972291355785,965.8642960667512,609.6503124297847,0.0
2457980.342410183,7121.430146796138,112.26671734665524,6511.713722501419,121.93263265566286,6511.713722501419,121.93263265566286,17.83535108560526,0.3397529094453949,0.0207182793708761,9.540851560294632e-09,12.0,556.8750854492187,15.506827725685678,965.8642960667512,609.6503124297847,4.0
2457984.4181637745,7274.410905352662,10.012203405634859,6677.687842713126,12.994655983259529,6677.687842713126,12.994655983259529,18.29467400077701,0.0534693456328617,0.617375957395743,1.565304691947841e-08,12.0,1129.5786865234377,31.566283044481008,965.8642960667512,609.6503124297847,4.0
2457985.411923606,7306.676163793056,8.947752481841919,6712.693538420073,12.241017801373593,6712.693538420073,12.241017801373593,18.3915500569912,0.0520897391378096,0.8333616467562563,1.5070860744634484e-08,12.0,1212.5405029296874,35.12705348644658,965.8642960667512,609.6503124297847,0.0
2457986.335461361,7328.5445457401875,72.42874833957295,6736.4193029435155,78.95469861788564,6736.4193029435155,78.95469861788564,18.457209614708287,0.2220561968470569,0.0523631725039768,1.5849148381430202e-08,12.0,760.0737426757812,14.727045672262411,965.8642960667512,609.6503124297847,4.0
2457986.436139132,0.0,0.0,0.0,0.0,0.0,0.0,0.0,0.0,0.0,0.0,12.0,0.0,0.0,0.0,0.0,5.0
2457989.341793312,7304.352068458712,7.603759702157728,6710.172046945946,11.104437591885471,6710.172046945946,11.104437591885471,18.384571988283856,0.0501011242056772,0.8694255548281057,1.5667511693549662e-08,12.0,1223.5880859375,30.850989675352583,965.8642960667512,609.6503124297847,0.0
2457991.347971377,7326.751168601379,10.140688667678292,6734.473606009926,13.405991950164355,6734.473606009926,13.405991950164355,18.451825021095527,0.0542419577048507,0.8753883358759562,1.4588987358373893e-08,12.0,1222.5317138671874,40.05296330512909,965.8642960667512,609.6503124297847,0.0
2457992.223905595,-3636224.1951565146,-3636224.1951565146,-3636224.1951565146,-3636224.1951565146,-3636224.1951565146,-3636224.1951565146,0.0,0.0,-9999.99,-9999.99,12.0,-9999.99,-9999.99,-9999.99,-9999.99,5.0
2457992.420261081,7289.803901754978,7.415542089367708,6694.388237320942,10.854587838412103,6694.388237320942,10.854587838412103,18.340891290111,0.0496798777484093,0.8733366803241789,1.5874244016389878e-08,12.0,1174.23271484375,31.569914944136386,965.8642960667512,609.6503124297847,0.0
2458000.3341853563,0.0,0.0,0.0,0.0,0.0,0.0,0.0,0.0,0.0,0.0,12.0,0.0,0.0,0.0,0.0,5.0
2458001.2489980594,7287.658390277774,16.130052788124367,6692.060497654895,18.94813280668151,6692.060497654895,18.94813280668151,18.334449417319,0.0656920287284403,0.8134030808593148,1.5851163920265215e-08,12.0,6172.2619140625,67.38023149261258,965.8642960667512,609.6503124297847,0.0
2458001.3902694248,0.0,0.0,0.0,0.0,0.0,0.0,0.0,0.0,0.0,0.0,12.0,0.0,0.0,0.0,0.0,5.0
2458003.297798593,7285.440510379877,10.443561299300978,6689.654242984305,13.447619551666408,6689.654242984305,13.447619551666408,18.32779025920125,0.0543204449539344,0.8711930417375302,1.5433526211181112e-08,12.0,3899.1294433593753,46.27601921122834,965.8642960667512,609.6503124297847,0.0
2458006.2573504504,7287.723216359236,7.299590885728314,6692.13082971456,10.747515898555141,6692.13082971456,10.747515898555141,18.334644056860597,0.0495012532140117,0.8630826782087364,1.5129827737648752e-08,12.0,1213.407080078125,30.820936309376464,965.8642960667512,609.6503124297847,0.0
2458007.2988764485,-3636224.1951565146,-3636224.1951565146,-3636224.1951565146,-3636224.1951565146,-3636224.1951565146,-3636224.1951565146,0.0,0.0,-9999.99,-9999.99,12.0,-9999.99,-9999.99,-9999.99,-9999.99,5.0
2458010.2604249176,0.0,0.0,0.0,0.0,0.0,0.0,0.0,0.0,0.0,0.0,12.0,0.0,0.0,0.0,0.0,5.0
2458011.32532236,0.0,0.0,0.0,0.0,0.0,0.0,0.0,0.0,0.0,0.0,12.0,0.0,0.0,0.0,0.0,5.0
2458013.2764047696,7285.200750750376,7.488252143794514,6689.39411946325,10.88233282654101,6689.39411946325,10.88233282654101,18.32707038375415,0.0497263040651324,0.8294822890763,1.5895392147239704e-08,12.0,1238.828662109375,30.641485447321347,965.8642960667512,609.6503124297847,0.0
2458014.3705527075,7327.596038896572,14.577293215014464,6735.3902350373955,17.576566263764878,6735.3902350373955,17.576566263764878,18.454361734147493,0.0627041568578769,0.6275450013909087,1.5873952955308532e-08,12.0,1271.3766357421875,41.40313720910795,965.8642960667512,609.6503124297847,4.0
2458016.3460558387,7349.202331947523,12.912024009361136,6758.831650245459,16.07713711017754,6758.831650245459,16.07713711017754,18.519234373058808,0.0595430046787057,0.5496347497573841,1.5675353344266734e-08,12.0,1105.352294921875,29.403891957967,965.8642960667512,609.6503124297847,4.0
2458019.2728536697,7285.363051896995,7.115438075072264,6689.570205595085,10.584904699520356,6689.570205595085,10.584904699520356,18.32755769102407,0.049232153174878,0.8905832588843267,1.580627080970981e-08,12.0,1331.1629638671875,31.14257974688213,965.8642960667512,609.6503124297847,0.0
2458020.349691239,-3636224.1951565146,-3636224.1951565146,-3636224.1951565146,-3636224.1951565146,-3636224.1951565146,-3636224.1951565146,0.0,0.0,-9999.99,-9999.99,12.0,-9999.99,-9999.99,-9999.99,-9999.99,5.0
2458021.2600582764,0.0,0.0,0.0,0.0,0.0,0.0,0.0,0.0,0.0,0.0,12.0,0.0,0.0,0.0,0.0,5.0
2458024.234558592,0.0,0.0,0.0,0.0,0.0,0.0,0.0,0.0,0.0,0.0,12.0,0.0,0.0,0.0,0.0,5.0
2458028.2803547904,0.0,0.0,0.0,0.0,0.0,0.0,0.0,0.0,0.0,0.0,12.0,0.0,0.0,0.0,0.0,5.0
2458032.2512581176,7291.17829728794,13.577830102246644,6695.879366607775,16.44079697824656,6695.879366607775,16.44079697824656,18.34501789641597,0.0602982066589387,0.8247908708631971,1.5876557304934887e-08,12.0,4284.8853515625,56.511653511426815,965.8642960667512,609.6503124297847,0.0
2458036.25526954,-3636224.1951565146,-3636224.1951565146,-3636224.1951565146,-3636224.1951565146,-3636224.1951565146,-3636224.1951565146,0.0,0.0,0.0143123673488229,-9999.99,12.0,-9999.99,-9999.99,-9999.99,-9999.99,7.0
2458047.2585074967,7365.274246736982,12.439402176488997,6776.268626911467,15.715905095463969,6776.268626911467,15.715905095463969,18.567490106806915,0.058799949549428,0.7988754726111825,1.548478206063071e-08,12.0,1566.7970458984375,40.46903729508292,965.8642960667512,609.6503124297847,0.0
2458053.261919596,7324.842290192191,15.562287290457846,6732.4025977501615,18.53245967100198,6732.4025977501615,18.53245967100198,18.446093636286815,0.064777766198358,0.7752257300140665,1.5303921354233394e-08,12.0,3987.666015625,55.82854768755783,965.8642960667512,609.6503124297847,0.0
2458165.624770011,7252.153552050639,7.684391305698272,6653.540069702968,10.828233982863871,6653.540069702968,10.828233982863871,18.22784656117508,0.0496355468170481,0.8200872586008251,1.5894131712915506e-08,12.0,1810.1922607421875,34.27060289193528,965.8642960667512,609.6503124297847,0.0
2458245.6588727683,0.0,0.0,0.0,0.0,0.0,0.0,0.0,0.0,0.0,0.0,12.0,0.0,0.0,0.0,0.0,5.0
2458249.6094268835,6953.877826006575,65.09788392296197,6329.930410045143,70.75048941576338,6329.930410045143,70.75048941576338,17.332277227461077,0.199756250993799,0.0347615232180006,1.5665090361174763e-08,12.0,1250.4324462890625,25.538165570883866,965.8642960667512,609.6503124297847,4.0
2458249.6565267816,7239.780596468528,61.030506291298714,6640.116221916254,66.56101630262161,6640.116221916254,66.56101630262161,18.19069690862472,0.1884053918074156,0.0662134398917229,1.5024031749616372e-08,12.0,1530.39228515625,21.46876973857322,965.8642960667512,609.6503124297847,4.0
2458251.64226252,7299.882386362372,13.493971211366677,6705.3227341266975,16.398659078911503,6705.3227341266975,16.398659078911503,18.37115182074283,0.0602103273608527,0.5774209794268648,1.537760152042808e-08,12.0,1416.962231445313,37.79046036777776,965.8642960667512,609.6503124297847,4.0
2458252.5128877084,7288.788184323474,8.009566517554333,6693.286250321603,11.333963918285862,6693.286250321603,11.333963918285862,18.337841610556318,0.0504930932550127,0.8772907835593446,1.561192287776935e-08,12.0,1244.8332275390626,34.835246781867,965.8642960667512,609.6503124297847,0.0
2458252.6269856244,7291.904193625359,9.107490418398205,6696.666916670319,12.28972244686714,6696.666916670319,12.28972244686714,18.34719739156924,0.052177366348312,0.8522132974909357,1.589735677550265e-08,12.0,1383.44169921875,38.38802311444015,965.8642960667512,609.6503124297847,0.0
2458255.545914813,7281.118397845586,8.637900684413246,6684.965033490874,11.817592628137838,6684.965033490874,11.817592628137838,18.31481316752199,0.0513351626766554,0.8964562559769814,1.5800008693974e-08,12.0,1353.3485107421875,39.50817427574032,965.8642960667512,609.6503124297847,0.0
2458256.5666726194,7322.650516625379,9.149884630938642,6730.024666741791,12.513469149764749,6730.024666741791,12.513469149764749,18.43951286211884,0.052583372153253,0.8732940311124102,1.4633836196503992e-08,12.0,1316.0908935546877,36.202517989276544,965.8642960667512,609.6503124297847,0.0
2458257.584414819,7272.0455015409925,18.007797977758106,6675.1215342421,20.790222509611837,6675.1215342421,20.790222509611837,18.28757190385588,0.0698287931005482,0.2747538645585267,1.5368442684441487e-08,12.0,1146.47255859375,24.740938352081944,965.8642960667512,609.6503124297847,4.0
2458275.574120163,7273.442440634161,8.449075357364146,6676.637121817735,11.608414606492808,6676.637121817735,11.608414606492808,18.291766196933324,0.0509682638813375,0.8814869460448164,1.5305945835196112e-08,12.0,1769.271630859375,38.72152752438206,965.8642960667512,609.6503124297847,0.0
2458276.3785189395,7306.262452548503,8.366431692299786,6712.244688770723,11.744476538488698,6712.244688770723,11.744476538488698,18.39030789388076,0.0512067079408936,0.8449812922589445,1.5724521520899057e-08,12.0,1168.50224609375,33.22799562826895,965.8642960667512,609.6503124297847,0.0
2458276.462250938,7311.085051518049,8.437349216391514,6717.476893321519,11.834890363565513,6717.476893321519,11.834890363565513,18.404787690152503,0.0513659359242287,0.846994002868817,1.4538210046262872e-08,12.0,1330.1401611328124,33.03088476448382,965.8642960667512,609.6503124297847,0.0
2458277.3758365232,7229.740718976244,145.6956867053648,6629.223611306015,158.21169253714072,6629.223611306015,158.21169253714072,18.160552295398617,0.4396252155486957,0.022395430840852,1.5541743682943652e-08,12.0,527.0505859375,16.925660531107194,965.8642960667512,609.6503124297847,4.0
2458277.5604625684,7317.294127063973,12.023159505216451,6724.2133343013365,15.078838971456957,6724.2133343013365,15.078838971456957,18.423430365918968,0.0575075886462528,0.7210155819425353,1.553324811954802e-08,12.0,1443.40908203125,40.20328464590873,965.8642960667512,609.6503124297847,0.0
2458278.3731292933,7264.218173199008,18.614634595029234,6666.629394789884,21.38424215237184,6666.629394789884,21.38424215237184,18.264070443241035,0.0711893566942579,0.2984387441883548,1.553235972893263e-08,12.0,996.3516235351562,28.880599618604013,965.8642960667512,609.6503124297847,4.0
2458278.507567356,7310.5142215832975,9.718499705161673,6716.857580166686,12.93666958183295,6716.857580166686,12.93666958183295,18.40307378003616,0.0533618429465323,0.6984772037916457,1.4820347797703822e-08,12.0,1207.495703125,31.32669698190432,965.8642960667512,609.6503124297847,4.0
2458281.52926847,7313.451821767167,8.841501551783352,6720.044684287826,12.19198337602737,6720.044684287826,12.19198337602737,18.411893889785865,0.0520016558364404,0.8719823866277795,1.5236660066496818e-08,12.0,1172.567138671875,35.82979213368689,965.8642960667512,609.6503124297847,0.0
2458282.36260925,7313.269863739236,10.203778967683343,6719.847271725055,13.384920959070472,6719.847271725055,13.384920959070472,18.4113475629627,0.0542019540415327,0.8109886473550557,1.5881682158441103e-08,12.0,1176.63017578125,38.60762599433247,965.8642960667512,609.6503124297847,0.0
2458292.3310748525,7299.397403479516,12.834942381353558,6704.79655940997,15.761331613414685,6704.79655940997,15.761331613414685,18.369695665382768,0.0588923322132287,0.8507046554773091,1.563323647474645e-08,12.0,2722.06279296875,53.99220208705111,965.8642960667512,609.6503124297847,0.0
2458292.4348528185,7304.010126343707,9.271425881087396,6709.80106210945,12.505314202089588,6709.80106210945,12.505314202089588,18.383545311134636,0.0525683276932237,0.868465528234974,1.5820346069974503e-08,12.0,1810.838134765625,38.64519195296035,965.8642960667512,609.6503124297847,0.0
2458300.37233397,7378.32803227117,30.94749903882611,6790.431130679338,34.55967100075571,6790.431130679338,34.55967100075571,18.606683943222457,0.1035044394734103,0.8376139603816174,1.5707500348365563e-08,12.0,13451.685546875,106.53421350339325,965.8642960667512,609.6503124297847,0.0
2458303.386133644,7318.146531576103,12.014740793029661,6725.138137461551,15.075275452344032,6725.138137461551,15.075275452344032,18.425989700368028,0.0575004408936702,0.8636554353371481,1.584176726987624e-08,12.0,1738.205419921875,48.677849479760326,965.8642960667512,609.6503124297847,0.0
2458304.456580722,7291.298053443678,10.281581284640579,6696.009294206363,13.332061893932543,6696.009294206363,13.332061893932543,18.3453774628548,0.0541018949903679,0.8691705389089511,1.587728927109118e-08,12.0,1419.613330078125,44.75409001048027,965.8642960667512,609.6503124297847,0.0
2458305.306583637,7332.069281313882,10.156665337065558,6740.2434105721,13.45113714730338,6740.2434105721,13.45113714730338,18.46779259151005,0.0543275449624788,0.8484535454075401,1.5898117823412016e-08,12.0,1163.1125,38.31860285264048,965.8642960667512,609.6503124297847,0.0
2458306.2970073363,7311.180174531338,9.257319426435133,6717.5800955712175,12.536246939564423,6717.5800955712175,12.536246939564423,18.40507329587297,0.0526247913357452,0.8357219635476544,1.5589282474802253e-08,12.0,1098.2835205078125,36.25557875995525,965.8642960667512,609.6503124297847,0.0
2458308.295095597,7296.549422144769,8.390160725777768,6701.706685880291,11.702528626695708,6701.706685880291,11.702528626695708,18.3611446351658,0.0511330131001678,0.8385449629315884,1.5652070356111232e-08,12.0,1105.3367431640625,34.05215004419693,965.8642960667512,609.6503124297847,0.0
2458310.286114429,7321.2614781731545,9.350973513951088,6728.517650844999,12.678783367341435,6728.517650844999,12.678783367341435,18.435342290622263,0.0528857752874129,0.8099748183057454,1.4787378243451316e-08,12.0,1158.9685791015625,34.275489121983654,965.8642960667512,609.6503124297847,0.0
2458320.2581903823,7283.4150864110625,9.2907376978792,6687.456790412802,12.400211754434507,6687.456790412802,12.400211754434507,18.321708947730485,0.0523771251088294,0.8178692514419902,1.4825745624590081e-08,12.0,2784.2126953125,38.44289535618569,965.8642960667512,609.6503124297847,0.0
2458674.2892283723,7329.788825910918,9.432885204217227,6737.769265570068,12.801824494418554,6737.769265570068,12.801824494418554,18.460945551179663,0.0531123922825642,1.4774743320197503,1.5220234008515694e-08,12.0,2138.91787109375,63.75085583829163,965.8642960667512,609.6503124297847,0.0
2458700.2785239825,7349.191777961647,8.558093048941593,6758.8201998608665,12.183579374220482,6758.8201998608665,12.183579374220482,18.519202684841243,0.0519869751719505,1.4682965716082064,1.4837650886935906e-08,12.0,1347.53876953125,54.19605840993727,965.8642960667512,609.6503124297847,0.0
2458702.314620388,7302.121262141059,7.989995215773167,6707.751767955121,11.40454161689524,6707.751767955121,11.40454161689524,18.377874018743928,0.0506147739999696,1.4834118676778492,1.5899874482542732e-08,12.0,1529.2552001953125,58.20777177041423,965.8642960667512,609.6503124297847,0.0
2458705.331297047,7314.842976877341,10.805667817974575,6721.553996620099,13.938459188604842,6721.553996620099,13.938459188604842,18.416070816522865,0.0552601832833705,1.498882219669906,1.584269140179286e-08,12.0,6797.72314453125,77.76341651172315,965.8642960667512,609.6503124297847,0.0
2458710.2488079933,7322.9762198147055,17.707205465550565,6730.378033405731,20.66785154408023,6730.378033405731,20.66785154408023,18.440490782086115,0.0695503570812863,1.4827744312238065,1.5882450330895258e-08,12.0,15073.9986328125,124.22600484005362,965.8642960667512,609.6503124297847,0.0
2458710.311108535,7277.568042027029,11.320650609376697,6681.113129571823,14.218626449820466,6681.113129571823,14.218626449820466,18.30415326623856,0.0558038657172086,1.4752975483199766,9.766459711419791e-09,12.0,5913.7271484375,88.43614374902774,965.8642960667512,609.6503124297847,0.0
2458711.290968925,7303.25740916213,9.854322133227816,6708.984413184717,13.015087174697518,6708.984413184717,13.015087174697518,18.38128528671454,0.0535076177294315,1.452347398280982,1.5852616432345462e-08,12.0,5716.49541015625,70.56595769533274,965.8642960667512,609.6503124297847,0.0
2458712.3256003177,7293.278623077918,9.898888641742658,6698.158082757698,12.997883877903714,6698.158082757698,12.997883877903714,18.35132409971739,0.0534754957889699,1.369109778478793,1.562154410177522e-08,12.0,4767.20537109375,68.55469990254534,965.8642960667512,609.6503124297847,0.0
2458713.2737512034,7320.12545464998,8.837558341065021,6727.285139602556,12.230476699799862,6727.285139602556,12.230476699799862,18.43193139345264,0.0520709063895162,1.3194323895627595,1.5904795123771035e-08,12.0,2591.337353515625,54.60807448326982,965.8642960667512,609.6503124297847,0.0
2458715.2174431877,7320.49406081411,7.706507537644607,6727.685053188898,11.296704875776847,6727.685053188898,11.296704875776847,18.43303812909348,0.0504294101364875,1.4437045047664718,1.527364024163264e-08,12.0,2263.9716796875,51.686247640317546,965.8642960667512,609.6503124297847,0.0
2458720.3276619185,7325.47150551285,7.680549296954274,6733.085255231113,11.30996035702135,6733.085255231113,11.30996035702135,18.447982847832648,0.0504522149001432,1.397550446656382,1.5682699118909045e-08,12.0,1294.759375,49.08174506713048,965.8642960667512,609.6503124297847,0.0
2458721.2232029005,7321.036868347925,7.277360902533688,6728.273963870995,10.96039373965772,6728.273963870995,10.96039373965772,18.434667902283014,0.0498577797681968,1.3963018292850655,1.5422946622238934e-08,12.0,1621.7544921875,46.85966766280824,965.8642960667512,609.6503124297847,0.0
2458724.237747651,7307.012326979265,7.556766111807287,6713.058253496701,11.084684945359157,6713.058253496701,11.084684945359157,18.3925593829752,0.0500676390831491,1.41225386762625,1.5758005456790723e-08,12.0,1352.0171142578124,51.27501479633695,965.8642960667512,609.6503124297847,0.0
2458725.326824634,7305.6660278933605,7.571758705636884,6711.597607017799,11.087579376290018,6711.597607017799,11.087579376290018,18.388517135919653,0.0500725340447999,1.4148806777968088,1.5361236590820787e-08,12.0,1271.7581298828125,51.87581089567759,965.8642960667512,609.6503124297847,0.0
2458730.2594076246,7303.096883636286,8.162267473134778,6708.810253485316,11.553570555816783,6708.810253485316,11.553570555816783,18.38080331072496,0.0508729786359426,1.4458774206533476,1.570700334967645e-08,12.0,1939.838330078125,57.80522083286946,965.8642960667512,609.6503124297847,0.0
2457844.6256494867,7114.552647759605,8.03603133901871,6278.693735682336,13.090117976169646,6278.693735682336,13.090117976169646,17.468135931036798,0.0582322754329311,0.9035602018856016,1.4031135436303217e-08,12.0,2033.245703125,56.23718148818086,969.4894591545768,609.8500224074924,0.0
2458580.5477209063,7081.986995967566,6.788271809508884,6243.554251613514,11.892951743384396,6243.554251613514,11.892951743384396,17.367730558954747,0.0560958194673122,1.2525878462646152,9.05235447136856e-09,12.0,2153.9926025390623,72.36957026152893,969.4894591545768,609.8500224074924,0.0
2458668.3369767014,7090.533162614106,5.58383917263391,6252.775866112232,11.235788643163863,6252.775866112232,11.235788643163863,17.394079825583916,0.0549787635446155,1.544380350862007,9.098954666390894e-09,12.0,2174.0658203125,71.67541174935158,969.4894591545768,609.8500224074924,0.0
2458580.5674088714,7059.918805197756,7.727696488331291,6219.741897328833,12.325571250269064,6219.741897328833,12.325571250269064,17.299690621674493,0.0568528273872726,0.7051672201048919,9.31961018712609e-09,12.0,2020.913610839844,48.56729728564781,969.4894591545768,609.8500224074924,0.0
2457844.6393091064,7129.526063683016,7.102971457378599,6294.850578286215,12.6061706651822,6294.850578286215,12.6061706651822,17.514301486289007,0.0573542112857301,0.8556710630919001,1.4222927210357371e-08,12.0,2022.6588134765625,44.561300343835306,969.4894591545768,609.8500224074924,0.0
2458581.5935702887,7125.970730944379,5.816656660541871,6291.01424917091,11.773041066070265,6291.01424917091,11.773041066070265,17.503339798533524,0.0558897972080638,1.517908919592778,1.20655129020219e-08,12.0,2618.69970703125,66.49314901189685,969.4894591545768,609.8500224074924,0.0
2457846.5693664835,7054.297509122238,1.0782877328627307,6213.676321084473,9.07763270501449,6213.676321084473,9.07763270501449,17.282359222086658,0.051620518826022,1.0000038152260522,9.340400769181108e-09,12.0,2063.8208251953124,0.2762843778359519,969.4894591545768,609.8500224074924,0.0
2458583.55602196,7117.2921864577675,5.940631210912079,6281.649794325193,11.746422465339007,6281.649794325193,11.746422465339007,17.476582388797855,0.0558438598533405,1.0960021770369577,1.4063945558606944e-08,12.0,2488.9201171875,49.78230860386401,969.4894591545768,609.8500224074924,0.0
2457847.4785421803,7082.9380970304965,5.2424122360353245,6244.58052312382,10.955652675638076,6244.58052312382,10.955652675638076,17.370662963216787,0.0545150863715911,0.949405958592928,1.4249590437633138e-08,12.0,1966.470642089844,41.35631406734622,969.4894591545768,609.8500224074924,0.0
2458583.633548034,7065.732973082874,7.8784668514021,6226.015589041723,12.492419409936554,6226.015589041723,12.492419409936554,17.317616677433506,0.0571494602094887,1.4425241944246712,9.065548743702595e-09,12.0,2629.531030273438,101.48037215196064,969.4894591545768,609.8500224074924,0.0
2457848.644086064,7093.60314040022,6.8890902188306455,6256.088480157104,12.082177109849606,6256.088480157104,12.082177109849606,17.40354508253214,0.0564252014825962,0.6215106259564898,9.030988063798768e-09,12.0,1967.43134765625,34.191146205102385,969.4894591545768,609.8500224074924,4.0
2458585.5635011964,7133.325109138898,6.210562342242806,6298.949881998186,12.087845335743095,6298.949881998186,12.087845335743095,17.526014581269905,0.0564359389621919,1.5098311388501695,1.2924959432480513e-08,12.0,2602.422314453125,69.35807287995303,969.4894591545768,609.8500224074924,0.0
2457876.64502801,7074.565796057141,5.820156538555105,6235.546515803727,11.197748595947838,6235.546515803727,11.197748595947838,17.344849753649186,0.0549150862673535,0.930145940054404,8.187162934147147e-09,12.0,2190.071533203125,46.30953821573373,969.4894591545768,609.8500224074924,0.0
2458591.627385281,7074.673434777101,6.60484316852788,6235.662661769711,11.694779537721653,6235.662661769711,11.694779537721653,17.34518162189483,0.0557544939925309,1.607819888457086,9.227906753900717e-09,12.0,4012.710864257812,92.52338980859348,969.4894591545768,609.8500224074924,0.0
2457887.543517807,7153.994085394002,21.70993596614862,6321.252434591729,25.606911617894667,6321.252434591729,25.606911617894667,17.58974050528031,0.0857066100583335,1.0237863521681567,1.436209260290446e-08,12.0,34503.917578125,159.11660693420947,969.4894591545768,609.8500224074924,2.0
2458592.5122987675,7109.713793283447,6.243230628500343,6273.472441453005,11.8435789413006,6273.472441453005,11.8435789413006,17.453216930267775,0.0560109899049013,1.6003578570864443,1.2879502597123041e-08,12.0,5131.56376953125,79.29307105170176,969.4894591545768,609.8500224074924,0.0
2457890.480495799,7087.303259780377,6.64312425541913,6249.2906873142,11.853536209039598,6249.2906873142,11.853536209039598,17.384121492863276,0.0560277571386973,0.9927308094853944,9.32336700927188e-09,12.0,3235.995703125,54.96631674956312,969.4894591545768,609.8500224074924,0.0
2458598.5287038027,7082.3310114839605,7.366054133213496,6243.925456459494,12.290246224316375,6243.925456459494,12.290246224316375,17.368791216550242,0.0567907012704786,1.5821195220234212,9.395447091256566e-09,12.0,6004.334570312501,99.7149454546396,969.4894591545768,609.8500224074924,0.0
2457892.5499388035,7057.61353327272,5.492307605348529,6217.254427813361,10.814834494280912,6217.254427813361,10.814834494280912,17.292583081286182,0.0542846326903266,1.0075730102707492,8.729456137271875e-09,12.0,2222.6443603515627,49.625399587545886,969.4894591545768,609.8500224074924,0.0
2458601.667416367,7137.653306221069,6.619554393368342,6303.620158932508,12.385939415576194,6303.620158932508,12.385939415576194,17.539359139556495,0.0569613015762623,1.593506198972184,1.4404480675437848e-08,12.0,3219.4839599609377,77.64550305186066,969.4894591545768,609.8500224074924,0.0
2457917.285651154,7117.8169893207805,6.70981048422897,6282.216075078971,12.224863654996502,6282.216075078971,12.224863654996502,17.47820044413625,0.0566760441996926,0.9234622394340994,1.4295774079653849e-08,12.0,4593.964453125,47.313212622240165,969.4894591545768,609.8500224074924,0.0
2458604.482127509,7102.180952466271,5.5381846936660395,6265.3442411768765,11.34178863543981,6265.3442411768765,11.34178863543981,17.42999191730277,0.0551563971427009,1.5857305447682537,1.39138150852285e-08,12.0,2237.4490234375,70.74284336431585,969.4894591545768,609.8500224074924,0.0
2457920.272670621,7107.011542813024,6.7333461513423165,6270.55661811983,12.123050126576075,6270.55661811983,12.123050126576075,17.444885438373362,0.056496988427744,0.9199528588607024,1.402611204676094e-08,12.0,2567.110986328125,48.52644555260514,969.4894591545768,609.8500224074924,0.0
2458605.479514167,7107.450872392187,6.390288147046539,6271.030670193048,11.909707307555681,6271.030670193048,11.909707307555681,17.4462399652271,0.0561253076593292,1.4643838201384236,1.3792067409514614e-08,12.0,2333.333740234375,74.5413116073639,969.4894591545768,609.8500224074924,0.0
2457920.518385048,7093.917626649482,6.256089748517178,6256.427821884895,11.677801206928528,6256.427821884895,11.677801206928528,17.404514696439257,0.0557257657417514,0.9730977032565,1.4383253025838666e-08,12.0,2400.033203125,49.56244876615795,969.4894591545768,609.8500224074924,0.0
2458605.552046745,7096.576228248383,6.403657239832416,6259.2965465499665,11.799408229051277,6259.2965465499665,11.799408229051277,17.412711611534355,0.0559345668770109,1.5016955487854844,8.288350495278063e-09,12.0,2394.436010742188,78.96688521761578,969.4894591545768,609.8500224074924,0.0
2457921.356053173,7116.616881361029,6.089249005544108,6280.92111636597,11.827118402063006,6280.92111636597,11.827118402063006,17.474500309804306,0.0559827301113382,0.9233477104980968,1.4237744795902421e-08,12.0,2241.781323242188,42.69400045586271,969.4894591545768,609.8500224074924,0.0
2458609.520190235,7120.09474566427,22.93958996079141,6284.673854313848,26.651966691719227,6284.673854313848,26.651966691719227,17.485223149366924,0.0882690008745998,0.1386143390620036,1.4183187415453172e-08,12.0,1649.2309082031252,22.648756351527183,969.4894591545768,609.8500224074924,4.0
2457929.285980765,7118.974756615898,6.2417598369485,6283.465346725126,11.945603248251066,6283.465346725126,11.945603248251066,17.48177003509033,0.0561877960054414,0.9197928061614488,1.2139946359414852e-08,12.0,2567.4416015625,43.40876162555662,969.4894591545768,609.8500224074924,0.0
2458613.474623938,7105.12034787203,6.01789350825879,6268.515952238955,11.655620504982593,6268.515952238955,11.655620504982593,17.43905456684825,0.0556880559261562,1.5790682873567112,9.395221408191672e-09,12.0,2441.2505371093757,76.18953147884038,969.4894591545768,609.8500224074924,0.0
2457929.4048855733,7076.154396161643,5.9261673232601995,6237.260671209564,11.279686357084579,6237.260671209564,11.279686357084579,17.349747674489254,0.0550518511941335,0.9604422298819004,7.780404998464868e-09,12.0,2175.7966796875003,48.59424345920765,969.4894591545768,609.8500224074924,0.0
2458614.502471317,7059.946024667635,7.734540866425474,6219.771268094516,12.330833304154392,6219.771268094516,12.330833304154392,17.29977454387014,0.056862142931771,1.6072193560618042,9.183312818879614e-09,12.0,2364.52119140625,112.73501509106056,969.4894591545768,609.8500224074924,0.0
2457930.3349543903,7066.5257009666,6.757825205621063,6226.870970319487,11.711345509245808,6226.870970319487,11.711345509245808,17.320060790594017,0.0557827494027381,0.9574776518339512,8.489253843768165e-09,12.0,2071.540698242188,56.96829690153478,969.4894591545768,609.8500224074924,0.0
2458616.53728144,7104.582407903331,6.12337834278789,6267.935496085927,11.713443027287795,6267.935496085927,11.713443027287795,17.437396007607376,0.0557870106624086,1.5766049944465017,1.3932082211491473e-08,12.0,2700.9896484375,77.57376015259736,969.4894591545768,609.8500224074924,0.0
2457937.51194528,7061.160477454507,6.831686786071379,6221.081705380693,11.705928029174174,6221.081705380693,11.705928029174174,17.30351890571252,0.0557733857953294,0.8863919651479503,9.247069612254564e-09,12.0,3364.671484375,54.0117936991852,969.4894591545768,609.8500224074924,0.0
2458617.4488295107,7129.943457749752,8.577723837293359,6295.300961169755,13.636487866328814,6295.300961169755,13.636487866328814,17.515588382275105,0.0592474239307386,0.8489932340257147,1.2555192977334752e-08,12.0,4246.867041015625,54.26266168205391,969.4894591545768,609.8500224074924,0.0
2457938.324913888,7091.016465142739,6.127649784833153,6253.297366545074,11.566369102908787,6253.297366545074,11.566369102908787,17.395569928423726,0.0555356469318959,0.901013436648236,1.4247564601926404e-08,12.0,3791.3416015625,45.08196526192322,969.4894591545768,609.8500224074924,0.0
2458618.493078466,7132.645657897058,15.868954890957909,6298.216730202513,19.855082109660483,6298.216730202513,19.855082109660483,17.52391971901488,0.0721849248209372,0.4060031782897692,1.18920378668582e-08,12.0,7012.258056640625,47.50980962142502,969.4894591545768,609.8500224074924,4.0
2457939.2247257736,7107.153424054322,11.149692495589091,6270.709712971115,15.458345713648537,6270.709712971115,15.458345713648537,17.44532288206141,0.0627930603086045,0.7579872718374027,1.3077116691841269e-08,12.0,9055.04013671875,67.3429929817785,969.4894591545768,609.8500224074924,0.0
2458627.48273309,7065.459205347177,7.908478383544696,6225.7201840227035,12.51182882777881,6225.7201840227035,12.51182882777881,17.316772605540148,0.0571841119962638,1.563027197402875,9.355378182583495e-09,12.0,7849.97314453125,110.56240329287392,969.4894591545768,609.8500224074924,0.0
2457939.514383561,7130.588240424316,17.207140113044154,6295.996704361551,21.09974263038139,6295.996704361551,21.09974263038139,17.517576355516518,0.0750122390801973,0.6718258697210413,1.4400670107836989e-08,12.0,13311.70703125,87.379404422516,969.4894591545768,609.8500224074924,4.0
2458629.411726972,7112.0633181392095,5.864669737175467,6276.007661437714,11.642642266708012,6276.007661437714,11.642642266708012,17.460460909871344,0.0556660285555693,1.4460842509663314,1.156571741690665e-08,12.0,2475.8968017578127,66.53147654537503,969.4894591545768,609.8500224074924,0.0
2457941.5615749788,7162.782950544932,22.784814882266275,6330.73592931575,26.718876801772787,6330.73592931575,26.718876801772787,17.616838052146356,0.0884346606134803,0.8839119990742663,1.4042287991988964e-08,12.0,27841.8427734375,140.86351640740594,969.4894591545768,609.8500224074924,0.0
2458630.4820207856,7191.053883449325,45.07364036997674,6361.241260600035,49.83159314601446,6361.241260600035,49.83159314601446,17.70400208483637,0.1492177232181162,0.0999158863423025,1.4385058098674502e-08,12.0,2787.5681884765627,27.498291173910808,969.4894591545768,609.8500224074924,4.0
2457942.467166608,7120.941856208744,24.121161836169588,6285.587916395951,27.844142592196622,6285.587916395951,27.844142592196622,17.48783493340109,0.0912241726941811,0.9312557962758607,1.0997856279659221e-08,12.0,57512.307421875,175.05049700804554,969.4894591545768,609.8500224074924,2.0
2458638.391270046,7123.191766756696,6.038264656824082,6288.015649037722,11.87079198326992,6288.015649037722,11.87079198326992,17.494771785368957,0.0560582913372654,1.3353017470952573,1.3289304082019564e-08,12.0,2367.7896972656254,61.233516220883935,969.4894591545768,609.8500224074924,0.0
2457943.2138223667,7136.105293518181,19.458415257707976,6301.949798761035,23.298347674193792,6301.949798761035,23.298347674193792,17.53458635649004,0.0801486562076804,0.8769264004128148,1.436415906588898e-08,12.0,32439.584765625,127.67786870620792,969.4894591545768,609.8500224074924,0.0
2458641.383334027,7103.1008870795295,5.981396111743055,6266.336882991432,11.611160514228024,6266.336882991432,11.611160514228024,17.432828230167786,0.0556121347433184,1.5519635154278415,1.3023665384822302e-08,12.0,2266.121557617188,74.69491038978536,969.4894591545768,609.8500224074924,0.0
2457945.4726590468,7060.489971166732,16.76092755082625,6220.3582055051775,20.238993543405567,6220.3582055051775,20.238993543405567,17.301451622252703,0.0730491753862849,0.9398342289763773,7.695200771899002e-09,12.0,16978.459765625,142.97050497990313,969.4894591545768,609.8500224074924,0.0
2458645.4248342896,7120.035675678987,6.402097829022119,6284.610115721418,12.055738089772005,6284.610115721418,12.055738089772005,17.485041026684744,0.0563795405337058,1.5342904940969433,1.3499638440736477e-08,12.0,2308.7467041015625,75.72272651924911,969.4894591545768,609.8500224074924,0.0
2457946.2266863934,7228.083559779057,16.43577969823173,6401.197584206628,21.062658052402227,6401.197584206628,21.062658052402227,17.81817079405513,0.0749292390867851,0.8129235109731638,1.3050886481772305e-08,12.0,2464.7874267578127,78.00408974410755,969.4894591545768,609.8500224074924,0.0
2458648.395952338,7110.056850932477,5.747835184911636,6273.8426127264,11.551794352530694,6273.8426127264,11.551794352530694,17.454274634597365,0.0555112455958165,1.5671679430349184,1.4240236462094964e-08,12.0,4876.1677734375,71.15002858267204,969.4894591545768,609.8500224074924,0.0
2457946.29006351,7189.330041587739,14.035667198240091,6359.381174579972,18.616611200377115,6359.381174579972,18.616611200377115,17.698687190952807,0.0694394290619758,0.8965409605870226,1.3631785002223458e-08,12.0,7712.705224609374,81.53602491014561,969.4894591545768,609.8500224074924,0.0
2458654.406901687,7085.8725736605875,7.815443975534106,6247.746926653888,12.64441914406052,6247.746926653888,12.64441914406052,17.37971044735104,0.0574220490222824,1.3418566202230988,9.393370773395062e-09,12.0,16070.2361328125,88.67432175930425,969.4894591545768,609.8500224074924,0.0
2457946.5581340897,7194.19047821641,15.338899802609001,6364.625756711219,19.814293560530274,6364.625756711219,19.814293560530274,17.713672733121587,0.0720946690253825,0.8465561099615586,1.384765428688596e-08,12.0,8482.8158203125,82.98516187765121,969.4894591545768,609.8500224074924,0.0
2458654.5382666388,7083.523085736366,11.37101064831591,6245.211746519606,15.45056574857112,6245.211746519606,15.45056574857112,17.3724665816136,0.0627770317767476,1.440343446487976,7.631913346976473e-09,12.0,16934.333984375,139.5072114249656,969.4894591545768,609.8500224074924,0.0
2457947.359176254,7092.936024153706,7.690371836301153,6255.368638255398,12.625801168596102,6255.368638255398,12.625801168596102,17.401488251138733,0.0573887158599699,0.939814861107088,1.4274078054991302e-08,12.0,4733.996728515624,59.47941118367764,969.4894591545768,609.8500224074924,0.0
2458655.359063696,7144.660334755108,11.40509705772252,6311.180989255023,15.993143510718456,6311.180989255023,15.993143510718456,17.560962984971376,0.0638779269844475,1.175449390010651,1.4305839829997708e-08,12.0,12467.855078125,97.7371578518787,969.4894591545768,609.8500224074924,0.0
2457947.563845476,7073.283638362088,6.502323624734307,6234.163022539514,11.612981672904036,6234.163022539514,11.612981672904036,17.340896646207597,0.0556147060044355,0.9089850777431564,1.2692218754892212e-08,12.0,5083.95068359375,50.89994792809596,969.4894591545768,609.8500224074924,0.0
2458655.4597943854,7149.603832846688,7.878749940145223,6316.515197627163,13.341132957735361,6316.515197627163,13.341132957735361,17.57620461957588,0.0586963137415436,1.1702649428841556,1.3935998666726094e-08,12.0,7901.471484375,65.68345077133127,969.4894591545768,609.8500224074924,0.0
2457948.3109961264,7087.332400178802,5.500655980330443,6249.322130829369,11.151684624686865,6249.322130829369,11.151684624686865,17.384211337604142,0.0548387228443024,0.9641438559225404,9.3789883425727e-09,12.0,2133.749438476563,43.7154260476583,969.4894591545768,609.8500224074924,0.0
2458661.265094811,7126.714164088871,6.607806289769416,6291.8164396906595,12.257645613435836,6291.8164396906595,12.257645613435836,17.505631927736633,0.0567340163122989,1.4370935664868807,1.4394854860959342e-08,12.0,2897.1056884765626,71.7045417602124,969.4894591545768,609.8500224074924,0.0
2457949.2338970103,7134.103726867189,7.016261978999051,6299.790037921778,12.5990734095785,6299.790037921778,12.5990734095785,17.52841519045217,0.0573415817034508,0.9164632772127996,1.4129792113611966e-08,12.0,2289.903466796875,46.73422623281692,969.4894591545768,609.8500224074924,0.0
2458661.2769119875,7110.860867558993,6.3678751317675655,6274.710174954809,11.933218962088317,6274.710174954809,11.933218962088317,17.456753552847207,0.0561661357322321,1.4581079076173669,1.0043495070357594e-08,12.0,2830.5241943359374,73.1738590736027,969.4894591545768,609.8500224074924,0.0
2457949.5286355787,7148.149693351757,8.228963725494326,6314.946129949901,13.570065223805054,6314.946129949901,13.570065223805054,17.5717212633704,0.0591231979942848,0.90425262381513,1.1830226181703231e-08,12.0,2688.957275390625,52.64865329249692,969.4894591545768,609.8500224074924,0.0
2458661.288732786,7125.23123873453,6.207419315091776,6290.216311058298,11.994824771315272,6290.216311058298,11.994824771315272,17.50105981989358,0.056273480993321,1.4574437335199648,1.2871818317507345e-08,12.0,2774.875903320313,68.37073815996331,969.4894591545768,609.8500224074924,0.0
2457954.5466874936,7231.719879396644,14.005398309531069,6405.121301013755,18.937982394252025,6405.121301013755,18.937982394252025,17.829382177955722,0.0701464758072167,0.8384597395145389,1.4351348866736152e-08,12.0,2391.873413085937,67.57024676006691,969.4894591545768,609.8500224074924,0.0
2458661.300560111,7126.4901822018355,6.353624009793792,6291.574755354004,12.097664815818886,6291.574755354004,12.097664815818886,17.504941353973482,0.0564529583009499,1.4678575947588508,1.0050080941790217e-08,12.0,2732.0096923828123,70.38881530141089,969.4894591545768,609.8500224074924,0.0
2457956.3972719093,7094.038363250999,5.9330871517518196,6256.558100925907,11.4811921116286,6256.558100925907,11.4811921116286,17.4048869476528,0.055391214174115,0.9452408881967496,1.3322670616899648e-08,12.0,1968.804833984375,45.49886161693984,969.4894591545768,609.8500224074924,0.0
2458661.312378998,7098.153240924985,5.972233531257423,6260.99819871341,11.550508205957069,6260.99819871341,11.550508205957069,17.41757380638872,0.0555088229208999,1.5096884458597768,7.072532594615595e-09,12.0,2584.189916992188,73.5142237038108,969.4894591545768,609.8500224074924,0.0
2457864.607423779,7097.430556730237,5.668885648198202,6260.21839704046,11.362967856390751,6260.21839704046,11.362967856390751,17.415345649681324,0.0551918826183753,1.0031187281596086,6.894712307067048e-09,12.0,2328.1787353515624,45.76878645102565,969.4894591545768,609.8500224074924,0.0
2457957.431793813,7098.719948527996,7.604701828632467,6261.609696156021,12.624016839191464,6261.609696156021,12.624016839191464,17.419321061076133,0.057385616712282,0.9550407292546784,1.4083076127764756e-08,12.0,1791.5705200195312,58.78948463433949,969.4894591545768,609.8500224074924,0.0
2457867.461633925,0.0,0.0,0.0,0.0,0.0,0.0,0.0,0.0,0.0,0.0,12.0,0.0,0.0,0.0,0.0,5.0
2457958.375841024,7116.769195541069,6.362859986041314,6281.085468725239,11.995333617769756,6281.085468725239,11.995333617769756,17.47496991999416,0.0562741818346724,0.9464591705474076,1.4347469834581909e-08,12.0,1969.263134765625,46.00147055802227,969.4894591545768,609.8500224074924,0.0
2457867.503143137,7197.616737151073,12.748868176093112,6368.322810650721,17.576601148163295,6368.322810650721,17.576601148163295,17.72423646466859,0.0671903665074127,0.8395182263322234,1.3272401468415952e-08,12.0,1967.0926147460937,67.19452085293584,969.4894591545768,609.8500224074924,0.0
2458670.304111639,7126.5912657292465,5.755437583894447,6291.683828036588,11.745087325354055,6291.683828036588,11.745087325354055,17.505253011459903,0.055841772714499,1.5288818813960243,1.1175362808771632e-08,12.0,2523.4166992187497,66.36684268796476,969.4894591545768,609.8500224074924,0.0
2457958.4738268424,7070.436678107732,6.246584342495676,6231.091052258031,11.417854351912318,6231.091052258031,11.417854351912318,17.33211898975329,0.055283815452216,0.953501245725964,8.889932360734471e-09,12.0,1914.4750122070316,51.76139417574165,969.4894591545768,609.8500224074924,0.0
2457959.285541668,7134.974449094726,6.87095849874301,6300.729577840657,12.515007182741416,6300.729577840657,12.515007182741416,17.531099773269503,0.0571911032180457,0.9074650339736008,1.3676071390340745e-08,12.0,1940.1170043945312,45.51286131923938,969.4894591545768,609.8500224074924,0.0
2457965.4062059973,7132.530818849471,8.550075179982855,6298.092814829692,13.64207892427097,6298.092814829692,13.64207892427097,17.523565650950292,0.0592579882729978,0.831176920969209,1.2050223496747728e-08,12.0,3729.163208007813,52.40069577869529,969.4894591545768,609.8500224074924,0.0
2457968.372264526,7099.724911367488,9.910004239935517,6262.694086418298,14.374834627697734,6262.694086418298,14.374834627697734,17.422419530238432,0.0606551061992562,0.9283937692291118,1.4343483017710982e-08,12.0,11952.14443359375,74.9164167686323,969.4894591545768,609.8500224074924,0.0
2457969.337479158,7128.742618424865,22.73798543118626,6294.005213288045,26.493985260731286,6294.005213288045,26.493985260731286,17.511885993021668,0.0878799718722432,0.9582934038272504,1.4184879770505993e-08,12.0,36515.771875000006,166.4855383669362,969.4894591545768,609.8500224074924,2.0
2457971.25488241,7126.840836472481,14.642734326264964,6291.953123649395,18.68387530410026,6291.953123649395,18.68387530410026,17.50602247996295,0.0695854302413034,0.9119981885472974,7.151275063051611e-09,12.0,16711.985546875,102.0100646661142,969.4894591545768,609.8500224074924,0.0
2457972.309856973,7153.830817899228,15.5711446464195,6321.076263220493,19.728186751309,6321.076263220493,19.728186751309,17.58923712418215,0.0719007162194558,0.9471633010485292,1.3493263037917405e-08,12.0,19859.431054687502,105.3181991973386,969.4894591545768,609.8500224074924,0.0
2457972.451811716,7093.6764127250935,18.7481033283069,6256.167543573644,22.36039077302026,6256.167543573644,22.36039077302026,17.403770993411776,0.0779362525210384,0.9392242802366088,7.564449316884973e-09,12.0,26812.937695312503,146.84701101683825,969.4894591545768,609.8500224074924,2.0
2457973.4934385763,7295.848879273686,29.406941693566058,6474.318748186602,34.03575387056262,6474.318748186602,34.03575387056262,18.027102651509367,0.1070073199637945,0.8816005204516125,1.2696036757323605e-08,12.0,18547.5765625,129.18491706168834,969.4894591545768,609.8500224074924,0.0
2457974.410120264,7040.0743817313305,6.545075931709707,6198.329066205218,11.296005537023554,6198.329066205218,11.296005537023554,17.238506932349797,0.0550786518376054,0.9550704312529236,9.21790923209964e-09,12.0,5163.7994140625,58.98494159849415,969.4894591545768,609.8500224074924,0.0
2457979.4607127523,7119.045788108389,8.48253799899036,6283.5419922046785,13.458517966420112,6283.5419922046785,13.458517966420112,17.4819890371075,0.0589140095116798,0.7448675639808349,1.434249850253094e-08,12.0,2338.0532470703124,48.18035287330074,969.4894591545768,609.8500224074924,0.0
2457980.3465413232,7053.028580968561,12.482281189827685,6212.307102960875,16.191301398467157,6212.307102960875,16.191301398467157,17.27844690354231,0.0642826766894619,0.2173549831095648,9.2089186806888e-09,12.0,1165.8578857421874,23.03469474127033,969.4894591545768,609.8500224074924,4.0
2457984.422287377,7074.39165383594,7.067808849882859,6235.3586102200625,12.002855904998377,6235.3586102200625,12.002855904998377,17.344312843943655,0.0562864870308439,0.589150952022222,6.993699422448575e-09,12.0,1729.3743774414063,35.053622869419975,969.4894591545768,609.8500224074924,4.0
2457985.416067456,7139.070280629767,6.657960890688344,6305.1491241741205,12.425590471368826,6305.1491241741205,12.425590471368826,17.54372790956131,0.0570317968456429,0.8427752595648995,1.4223352582483489e-08,12.0,1988.8301513671877,39.89164339839389,969.4894591545768,609.8500224074924,0.0
2457986.3395736446,0.0,0.0,0.0,0.0,0.0,0.0,0.0,0.0,0.0,0.0,12.0,0.0,0.0,0.0,0.0,5.0
2457986.4402559525,0.0,0.0,0.0,0.0,0.0,0.0,0.0,0.0,0.0,0.0,12.0,0.0,0.0,0.0,0.0,5.0
2457989.3459140854,7106.780143184033,6.3951934157038295,6270.306929778614,11.905419747331422,6270.306929778614,11.905419747331422,17.44417199446635,0.0561178669406327,0.8800726885709256,9.282265250529698e-09,12.0,2000.807373046875,43.80921210392399,969.4894591545768,609.8500224074924,0.0
2457991.35228685,7162.697062663011,8.718311446929638,6330.643253269296,14.068394980176173,6330.643253269296,14.068394980176173,17.61657324538627,0.0600669954459607,0.8817728192265519,1.4407462819487262e-08,12.0,2151.6431396484377,52.21608444893431,969.4894591545768,609.8500224074924,0.0
2457992.228028134,7231.736750071552,19.411027146076794,6405.139505065555,23.853113257485365,6405.139505065555,23.853113257485365,17.82943419307896,0.0814720293317116,0.8408918373678401,1.4409446750715296e-08,12.0,2374.75302734375,95.01509942819985,969.4894591545768,609.8500224074924,2.0
2457992.424424709,7134.425512797953,6.9638505756043605,6300.137256262744,12.56867214164272,6300.137256262744,12.56867214164272,17.529407310502936,0.0572870929723623,0.9051596125581892,1.24749268687221e-08,12.0,2051.426318359375,45.9216701985626,969.4894591545768,609.8500224074924,0.0
2458000.338311576,7249.7938525375,21.536932951017214,6424.623753944816,26.002622905615574,6424.623753944816,26.002622905615574,17.8851072716771,0.0866758645790483,0.905635276848759,1.223268234139496e-08,12.0,11860.1421875,109.09433050933268,969.4894591545768,609.8500224074924,0.0
2458001.2531239213,7138.038030832345,9.940857392416168,6304.03529032417,14.74982175969192,6304.03529032417,14.74982175969192,17.540545310126358,0.06138648939077,0.8481586428330528,1.3393358199396585e-08,12.0,5344.032080078125,61.94114018537718,969.4894591545768,609.8500224074924,0.0
2458001.39438287,0.0,0.0,0.0,0.0,0.0,0.0,0.0,0.0,0.0,0.0,12.0,0.0,0.0,0.0,0.0,5.0
2458003.301929356,7104.812992594214,7.957611103120236,6268.184305080246,12.93585946691024,6268.184305080246,12.93585946691024,17.438106938923355,0.0579499592970818,0.8723954660856816,1.4174229114732934e-08,12.0,4114.307080078125,55.25015016988478,969.4894591545768,609.8500224074924,0.0
2458006.261478247,7085.850750042924,5.953751395389255,6247.723378202593,11.403058242007576,6247.723378202593,11.403058242007576,17.37964316147372,0.0552591342681444,0.8941284224751738,1.0004670956160584e-08,12.0,1945.8365234375,44.07824136031967,969.4894591545768,609.8500224074924,0.0
2458007.30300085,7088.858459033684,5.8717203506042015,6250.968802026422,11.386774877629447,6250.968802026422,11.386774877629447,17.388916433271262,0.0552317671843001,0.936981976784135,1.4303108070567894e-08,12.0,2038.573767089844,45.21261520329456,969.4894591545768,609.8500224074924,0.0
2458011.3294492178,0.0,0.0,0.0,0.0,0.0,0.0,0.0,0.0,0.0,0.0,12.0,0.0,0.0,0.0,0.0,5.0
2458013.2805298613,7104.504673855831,6.681717737529956,6267.851618313698,12.062708226751143,6267.851618313698,12.062708226751143,17.4371563404878,0.0563913900683991,0.8466195743075119,1.3752646315938729e-08,12.0,1979.4694580078128,44.60007997244968,969.4894591545768,609.8500224074924,0.0
2458014.3746758066,7350.037151837737,26.760060680299137,6532.789800835611,31.69845716094685,6532.789800835611,31.69845716094685,18.19417419375952,0.1009776084555005,0.7201101379655309,1.3907785014263933e-08,12.0,2280.738452148438,82.76335618416161,969.4894591545768,609.8500224074924,2.0
2458016.350169125,7130.560262408504,9.363434060774981,6295.966515098115,14.231450391318372,6295.966515098115,14.231450391318372,17.5174900945964,0.0603790305524068,0.7019075643706588,1.23644638199656e-08,12.0,1943.751708984375,48.52491328842593,969.4894591545768,609.8500224074924,0.0
2458019.2769672326,7132.103667168552,7.150561081705842,6297.63190313714,12.665151435304129,6297.63190313714,12.665151435304129,17.52224867060143,0.057460259576571,0.8980787240443147,1.3711527881058102e-08,12.0,2187.6103271484376,46.98859303065986,969.4894591545768,609.8500224074924,0.0
2458020.353819292,7209.1284689637405,14.160408128144459,6380.744374303711,18.885717427195644,6380.744374303711,18.885717427195644,17.759729066608237,0.0700307132903045,0.820130684654906,1.3168730307678538e-08,12.0,2488.14716796875,71.00590648353993,969.4894591545768,609.8500224074924,0.0
2458021.264199345,7065.843794890808,5.898914331389562,6226.135169671615,11.150467579342132,6226.135169671615,11.150467579342132,17.31795835967378,0.0548363448906126,0.7865355160899534,9.395385871002833e-09,12.0,2701.871997070313,40.30438377756191,969.4894591545768,609.8500224074924,0.0
2458024.2386872573,7134.734582073385,17.684639962639636,6300.470752885189,21.580739191089997,6300.470752885189,21.580739191089997,17.53036022297026,0.0761213160808467,0.6292574637278733,1.4313909711333929e-08,12.0,14034.159375,83.03187480233554,969.4894591545768,609.8500224074924,4.0
2458028.2844797974,0.0,0.0,0.0,0.0,0.0,0.0,0.0,0.0,0.0,0.0,12.0,0.0,0.0,0.0,0.0,5.0
2458032.255386229,7196.370614786113,12.026537443572158,6366.978200775545,16.962430875903166,6366.978200775545,16.962430875903166,17.720394460199834,0.0658889310073782,0.8290571620020071,1.2038571113836426e-08,12.0,3893.325073242188,62.73795443421237,969.4894591545768,609.8500224074924,0.0
2458036.259397605,7128.937648963906,7.784136724187661,6294.215658101599,13.059971146568108,6294.215658101599,13.059971146568108,17.512487304918167,0.0581772899554271,0.6833441816569505,1.3864684844650075e-08,12.0,1999.3435424804688,38.97856381120788,969.4894591545768,609.8500224074924,4.0
2458047.2626314773,7134.38183173348,7.804398196923535,6300.090122857307,13.130602577372555,6300.090122857307,13.130602577372555,17.529272634447338,0.0583070696264853,0.8630259154457515,1.3820233066692005e-08,12.0,2495.05908203125,49.172884630192165,969.4894591545768,609.8500224074924,0.0
2458053.2660810044,7215.8660104836135,16.737630125652988,6388.014418656348,21.247765473363643,6388.014418656348,21.247765473363643,17.780502038312946,0.0753544059035357,0.7898571241980732,1.381383007700922e-08,12.0,4797.609375,79.9211074046646,969.4894591545768,609.8500224074924,0.0
2458165.628898226,7113.706561662922,7.987752082201441,6277.780779015446,13.047100995822044,6277.780779015446,13.047100995822044,17.465527305547187,0.0581533862675818,0.8251434714248314,1.3879090945634476e-08,12.0,4085.518017578125,51.03358591883087,969.4894591545768,609.8500224074924,0.0
2458244.5503346254,7129.900954510622,12.230036324432831,6295.255098679306,16.56581443505731,6295.255098679306,16.56581443505731,17.515457337652784,0.065058276643908,0.3503394414258198,1.3565913668372568e-08,12.0,2559.452294921875,30.861902263191126,969.4894591545768,609.8500224074924,0.0
2458244.569635066,7108.135828713989,10.46568702789267,6271.76976216368,14.89975598733321,6271.76976216368,14.89975598733321,17.448351800567913,0.0616808022961687,0.3468657535660501,1.1943190605390084e-08,12.0,2019.7276855468751,27.29021548449872,969.4894591545768,609.8500224074924,0.0
2458244.6371524567,0.0,0.0,0.0,0.0,0.0,0.0,0.0,0.0,0.0,0.0,12.0,0.0,0.0,0.0,0.0,5.0
2458244.680648196,0.0,0.0,0.0,0.0,0.0,0.0,0.0,0.0,0.0,0.0,12.0,0.0,0.0,0.0,0.0,5.0
2458245.376903666,7151.2108499378255,12.036145272184076,6318.249225609558,16.57816512974324,6318.249225609558,16.57816512974324,17.581159323077845,0.0650844047297381,0.2888001986245067,1.2565833138528969e-08,12.0,798.30537109375,22.68884005916838,969.4894591545768,609.8500224074924,0.0
2458245.38150642,7167.453321664515,13.269740317763961,6335.775424075449,17.770990737207498,6335.775424075449,17.770990737207498,17.631237590439582,0.0676057981085522,0.2970892414018815,1.2755789604124954e-08,12.0,864.1921325683593,25.04853934982873,969.4894591545768,609.8500224074924,0.0
2458245.387137588,7169.4332376532675,11.941694928941974,6337.9118230883905,16.655227249583586,6337.9118230883905,16.655227249583586,17.63734200385072,0.0652452601290778,0.3267903845822053,1.4357959731920407e-08,12.0,854.9091491699219,24.5647839281789,969.4894591545768,609.8500224074924,0.0
2458245.394157284,0.0,0.0,0.0,0.0,0.0,0.0,0.0,0.0,0.0,0.0,12.0,0.0,0.0,0.0,0.0,5.0
2458245.3975464413,0.0,0.0,0.0,0.0,0.0,0.0,0.0,0.0,0.0,0.0,12.0,0.0,0.0,0.0,0.0,5.0
2458245.4010269926,0.0,0.0,0.0,0.0,0.0,0.0,0.0,0.0,0.0,0.0,12.0,0.0,0.0,0.0,0.0,5.0
2458245.404493001,0.0,0.0,0.0,0.0,0.0,0.0,0.0,0.0,0.0,0.0,12.0,0.0,0.0,0.0,0.0,5.0
2458245.407971752,0.0,0.0,0.0,0.0,0.0,0.0,0.0,0.0,0.0,0.0,12.0,0.0,0.0,0.0,0.0,5.0
2458245.411440575,0.0,0.0,0.0,0.0,0.0,0.0,0.0,0.0,0.0,0.0,12.0,0.0,0.0,0.0,0.0,5.0
2458245.414915477,0.0,0.0,0.0,0.0,0.0,0.0,0.0,0.0,0.0,0.0,12.0,0.0,0.0,0.0,0.0,5.0
2458245.41839352,0.0,0.0,0.0,0.0,0.0,0.0,0.0,0.0,0.0,0.0,12.0,0.0,0.0,0.0,0.0,5.0
2458245.421856613,0.0,0.0,0.0,0.0,0.0,0.0,0.0,0.0,0.0,0.0,12.0,0.0,0.0,0.0,0.0,5.0
2458245.425334478,0.0,0.0,0.0,0.0,0.0,0.0,0.0,0.0,0.0,0.0,12.0,0.0,0.0,0.0,0.0,5.0
2458245.428797099,0.0,0.0,0.0,0.0,0.0,0.0,0.0,0.0,0.0,0.0,12.0,0.0,0.0,0.0,0.0,5.0
2458245.432624212,0.0,0.0,0.0,0.0,0.0,0.0,0.0,0.0,0.0,0.0,12.0,0.0,0.0,0.0,0.0,5.0
2458245.435748233,0.0,0.0,0.0,0.0,0.0,0.0,0.0,0.0,0.0,0.0,12.0,0.0,0.0,0.0,0.0,5.0
2458245.43921886,7130.834960639052,16.000626134470203,6296.262924153821,19.965397674116137,6296.262924153821,19.965397674116137,17.51833703536162,0.0724328881225728,0.3413977932379421,1.4153211808832888e-08,12.0,2106.9345947265624,40.1271003561548,969.4894591545768,609.8500224074924,0.0
2458245.4426962445,7140.165344352526,12.014469260461306,6306.330736459541,16.46667004641375,6306.330736459541,16.46667004641375,17.547104174874196,0.0648526668971355,0.3423610072200541,1.3189547335511796e-08,12.0,2121.448608398437,28.585601781183467,969.4894591545768,609.8500224074924,0.0
2458245.4457722,7171.885810237858,14.922336486108868,6340.558235198125,19.2701045511791,6340.558235198125,19.2701045511791,17.644903696903462,0.0708795893817056,0.3447298523914793,1.4411276989868908e-08,12.0,2165.424658203125,33.53195351809987,969.4894591545768,609.8500224074924,0.0
2458245.4496421674,7145.272624166113,12.928314786569002,6311.841671072196,17.2946966437271,6311.841671072196,17.2946966437271,17.562850776025773,0.0665891902768493,0.3452387029673781,1.4329528991947127e-08,12.0,2193.69248046875,30.880255344497133,969.4894591545768,609.8500224074924,0.0
2458245.452861729,7191.415578901377,16.881571437737765,6361.63154271864,21.204878679358597,6361.63154271864,21.204878679358597,17.705117252641873,0.0752551202085508,0.3381501583994307,1.4199757867950532e-08,12.0,2205.06884765625,35.548424778374,969.4894591545768,609.8500224074924,0.0
2458245.522762181,7136.120216436544,18.055167273119128,6301.965901114995,21.94371103082492,6301.965901114995,21.94371103082492,17.534632366352827,0.0769638910594406,0.3072318116913486,1.3983529154465352e-08,12.0,2605.294653320312,40.26047012311575,969.4894591545768,609.8500224074924,0.0
2458245.6629959457,7120.69044628285,9.88198737422572,6285.316636240345,14.542828320558494,6285.316636240345,14.542828320558494,17.48705979438911,0.060981576046972,0.8891305644933685,1.2288568864056848e-08,12.0,6774.973388671875,67.5925099161115,969.4894591545768,609.8500224074924,0.0
2458248.3703063037,7098.558430751845,8.654006304349338,6261.435412792733,13.3861079654248,6261.435412792733,13.3861079654248,17.418823074654235,0.0587787688724679,0.3590445726004219,1.1638385534418314e-08,12.0,904.3840026855468,23.45978844957317,969.4894591545768,609.8500224074924,0.0
2458248.5540916105,7102.702853617462,10.144243860766032,6265.907390881506,14.59023056680218,6265.907390881506,14.59023056680218,17.431601026176445,0.0610736080084416,0.3803965132215546,1.1340829823905343e-08,12.0,829.5718933105469,29.748313876048005,969.4894591545768,609.8500224074924,0.0
2458248.561047844,7095.502931881796,8.529956765455454,6258.138422007712,13.263564125560748,6258.138422007712,13.263564125560748,17.40940245863516,0.058551467631603,0.37827009977665,1.4044109510032897e-08,12.0,835.4838317871094,24.766012138160427,969.4894591545768,609.8500224074924,0.0
2458248.6088403044,7116.6037808013725,11.741113978414186,6280.906980401176,16.03780106054103,6280.906980401176,16.03780106054103,17.47445991857938,0.0639687056798459,0.296234798976475,1.2661346056183736e-08,12.0,887.6090270996093,25.36238320213916,969.4894591545768,609.8500224074924,0.0
2458248.647842827,7071.396121570072,10.52041477389114,6232.126325510811,14.629979581169883,6232.126325510811,14.629979581169883,17.33507711503335,0.0611506871714637,0.287630362690105,1.4361707439669728e-08,12.0,1013.783233642578,24.77445996247066,969.4894591545768,609.8500224074924,0.0
2458249.3877370623,0.0,0.0,0.0,0.0,0.0,0.0,0.0,0.0,0.0,0.0,12.0,0.0,0.0,0.0,0.0,5.0
2458249.6135519724,7083.71870106061,54.05703139137771,6245.422822336971,59.08084597607277,6245.422822336971,59.08084597607277,17.373069696501066,0.1746141402009726,0.0560837692413563,8.79852917001323e-09,12.0,1780.3759155273438,23.971966880270934,969.4894591545768,609.8500224074924,4.0
2458249.660658689,6944.247191830046,29.472056709105043,6094.928156731645,32.69599999243326,6094.928156731645,32.69599999243326,16.943055616986616,0.1035363629106326,0.0773135570285921,1.435364180453082e-08,12.0,2129.4891357421875,25.96391201044421,969.4894591545768,609.8500224074924,4.0
2458251.6463890783,7083.508857058667,8.003540740479481,6245.196393275753,12.75745409884021,6245.196393275753,12.75745409884021,17.37242271221134,0.0576257712010941,0.7983540232126639,1.1001512502011002e-08,12.0,2543.1972167968747,53.74925447136973,969.4894591545768,609.8500224074924,0.0
2458252.5170176453,7064.751437055622,5.899116257451788,6224.9564771340965,11.138725648181154,6224.9564771340965,11.138725648181154,17.314590437066588,0.0548168417337687,0.8922661456155493,1.0335949368627456e-08,12.0,2030.4032836914064,46.20783564864333,969.4894591545768,609.8500224074924,0.0
2458252.6311107883,7084.199388603741,6.925067098770726,6245.941501108451,12.007498353810174,6245.941501108451,12.007498353810174,17.374551736901545,0.056294732868515,0.8686127279307629,1.3433315555866965e-08,12.0,2378.317724609375,50.35831792779397,969.4894591545768,609.8500224074924,0.0
2458255.550055437,7113.381766288524,6.643991773729809,6277.430313378914,12.134611993529253,6277.430313378914,12.134611993529253,17.464525906876425,0.0565173794788874,0.911378242324136,1.1654929494474652e-08,12.0,2376.3505859375,46.8196926284257,969.4894591545768,609.8500224074924,0.0
2458256.570790551,7126.668829776496,6.9456710778784645,6291.767522372566,12.472743329684523,6291.767522372566,12.472743329684523,17.505492154440173,0.0571154838672749,0.8960525956130324,1.2278068142469512e-08,12.0,2251.840234375,46.32094969630867,969.4894591545768,609.8500224074924,0.0
2458275.5782391657,7081.435477310201,6.352615092124577,6242.959143577664,11.603406332498169,6242.959143577664,11.603406332498169,17.36603013433691,0.0555985206913441,0.9066491133544162,9.16675275549766e-09,12.0,2843.983642578125,48.49042208631538,969.4894591545768,609.8500224074924,0.0
2458276.3826346206,7133.885325095131,6.361401145307718,6299.554374725513,12.185111984100457,6299.554374725513,12.185111984100457,17.527741821120372,0.0566064692993025,0.8583698775623616,1.3524597608297437e-08,12.0,1992.6724365234372,39.4475289519518,969.4894591545768,609.8500224074924,0.0
2458276.466373237,7175.271132713074,9.778257474102908,6344.211117257585,14.97941030310818,6344.211117257585,14.97941030310818,17.655341214472973,0.0618396097807388,0.8370144335113596,1.3656181780841445e-08,12.0,2287.762646484375,53.91185753701107,969.4894591545768,609.8500224074924,0.0
2458277.3799642385,6953.863298239007,102.71893163886847,6105.304273878614,111.10552469043323,6105.304273878614,111.10552469043323,16.972703687540765,0.3205877238322334,0.0162976091606617,9.317784576137247e-09,12.0,871.3346618652344,17.266451999609856,969.4894591545768,609.8500224074924,6.0
2458277.5645917086,7150.135989176627,8.753798471375497,6317.089413030481,13.967136555289178,6317.089413030481,13.967136555289178,17.577845346887432,0.0598734451808897,0.7333121243992997,1.39315711160445e-08,12.0,2245.313842773437,44.71413207715402,969.4894591545768,609.8500224074924,0.0
2458278.3772553224,7129.083012883881,13.447321397362789,6294.372510885714,17.623762316027857,6294.372510885714,17.623762316027857,17.512935486289315,0.0672895926541698,0.3717806052671012,1.1148057509362904e-08,12.0,1742.9992431640624,36.66465072143972,969.4894591545768,609.8500224074924,4.0
2458278.511707504,7167.821466694561,8.647000841026058,6336.172665515626,14.069510608367517,6336.172665515626,14.069510608367517,17.632372643376883,0.0600692604483524,0.8106372659564196,1.439020680373625e-08,12.0,2204.1905517578125,46.7548732424066,969.4894591545768,609.8500224074924,0.0
2458281.533399981,7099.93721489378,5.626375009661974,6262.9231693928205,11.36674444328985,6262.9231693928205,11.36674444328985,17.423074097654666,0.0551982799039842,0.900275775715877,1.4164572624915308e-08,12.0,1902.64423828125,40.10356172924456,969.4894591545768,609.8500224074924,0.0
2458282.366727623,7148.585929999633,8.463412483517851,6315.4168446414415,13.741371889977117,6315.4168446414415,13.741371889977117,17.573066254197695,0.0594453690347572,0.847620541409508,1.2572607143418474e-08,12.0,1953.5948730468751,50.65111659927443,969.4894591545768,609.8500224074924,0.0
2458292.2573339967,7156.845181221464,9.193080899078424,6324.328867302111,14.358031398705867,6324.328867302111,14.358031398705867,17.59853091240086,0.0606238100618243,0.8433381170859605,1.4350585678522724e-08,12.0,3927.742626953125,53.79286390982915,969.4894591545768,609.8500224074924,0.0
2458292.3205451025,7088.165961645517,9.214956936675735,6250.221572979863,13.718960482655136,6250.221572979863,13.718960482655136,17.38678134755676,0.0594018617154591,0.8780444850983712,1.311992472254934e-08,12.0,3444.823681640625,67.72268784012806,969.4894591545768,609.8500224074924,0.0
2458292.335195611,7097.733917582497,8.077439460362545,6260.54573407345,12.951603344315762,6260.54573407345,12.951603344315762,17.41628096212157,0.0579785298972506,0.8829642502726236,1.3525699503943969e-08,12.0,3259.8062255859377,58.00845571119401,969.4894591545768,609.8500224074924,0.0
2458292.4291676264,7084.4933840096555,6.472461415612869,6246.258732495319,11.71296549347101,6246.258732495319,11.71296549347101,17.375458174098295,0.0557858175952574,0.8937916419194583,6.1920245015257906e-09,12.0,2252.7618408203125,48.3094914148173,969.4894591545768,609.8500224074924,0.0
2458292.438991618,7079.871390657171,6.195060959336258,6241.27143904844,11.486846666551806,6241.27143904844,11.486846666551806,17.36120779258342,0.0554005326198633,0.8971961321954699,1.3710681561900032e-08,12.0,2239.4494873046874,46.89949809347987,969.4894591545768,609.8500224074924,0.0
2458292.4539471027,7093.203016399495,7.066268866650733,6255.656732282417,12.196552770593867,6255.656732282417,12.196552770593867,17.40231143305913,0.0566257376571809,0.8962587207636564,1.2668710989680622e-08,12.0,3244.7763427734376,51.86408277796986,969.4894591545768,609.8500224074924,0.0
2458292.5442784973,7130.9239630655475,6.968947128241338,6296.358960903457,12.533926643751013,6296.358960903457,12.533926643751013,17.51861144478555,0.0572248271980655,0.8671112237576883,1.3865075745032351e-08,12.0,3049.5497314453123,44.31040863885396,969.4894591545768,609.8500224074924,0.0
2458292.5602166457,7144.616040584765,8.54323111651281,6311.133194286783,13.75856523216459,6311.133194286783,13.75856523216459,17.56082641860743,0.0594777348935007,0.8520764761955295,1.4159762279215902e-08,12.0,1976.5777587890625,51.92520215858936,969.4894591545768,609.8500224074924,0.0
2458300.3764654133,7127.127166612766,17.383170149862888,6292.2620839449655,21.245016836462568,6292.2620839449655,21.245016836462568,17.50690528385883,0.0753462084308643,0.8690239217712106,7.964679633048029e-09,12.0,14812.8107421875,115.57040518342512,969.4894591545768,609.8500224074924,0.0
2458303.3902546847,7116.273845310521,6.505347578628354,6280.5509683981445,12.078552113826124,6280.5509683981445,12.078552113826124,17.473442672066593,0.0564193123974699,0.8958088014141161,1.3022003260187485e-08,12.0,2527.25234375,44.52263261925259,969.4894591545768,609.8500224074924,0.0
2458304.460700609,7085.878499883633,6.928408538867371,6247.753321257063,12.027282185779736,6247.753321257063,12.027282185779736,17.379728718891673,0.0563292319873016,0.8983880603798002,1.1455227993510368e-08,12.0,2094.4335693359376,51.97876582710393,969.4894591545768,609.8500224074924,0.0
2458305.310702689,7121.983107185805,6.460818838981111,6286.711462835424,12.11367066957044,6286.711462835424,12.11367066957044,17.4910452849841,0.0564808738148416,0.8824415671309352,1.2095615091546273e-08,12.0,1922.0002807617188,42.73484357013864,969.4894591545768,609.8500224074924,0.0
2458306.3011274,7084.711936826971,6.650302699219835,6246.494558674739,11.83070750972673,6246.494558674739,11.83070750972673,17.37613200912799,0.0559883039152955,0.8784699720934448,8.112267435506032e-09,12.0,1791.8315673828124,48.7906200284218,969.4894591545768,609.8500224074924,0.0
2458308.299214352,7095.969806526443,6.825560080192219,6258.6421961757405,12.065208195840025,6258.6421961757405,12.065208195840025,17.41084191155049,0.0563955929001627,0.8657383542593359,1.1880115482791692e-08,12.0,1773.4824584960936,47.867092619703485,969.4894591545768,609.8500224074924,0.0
2458310.2902359487,7105.368682334402,6.992141609799168,6268.783913861224,12.275008723341854,6268.783913861224,12.275008723341854,17.43982022368985,0.0567642088240319,0.8515756916312841,1.1824869663617696e-08,12.0,1884.001062011719,47.006433578425074,969.4894591545768,609.8500224074924,0.0
2458320.262301332,7105.384406148567,8.128303040214766,6268.800880409932,13.064533766971639,6268.800880409932,13.064533766971639,17.43986870284887,0.0581851669960887,0.8539510541538549,8.685227764925101e-09,12.0,3254.5389648437504,55.20199313046494,969.4894591545768,609.8500224074924,0.0
2458673.493156136,7123.262177584812,6.142112495887559,6288.091624798583,11.933455196368003,6288.091624798583,11.933455196368003,17.494988873773654,0.0561668105136211,1.4776461766524138,1.4327233871589976e-08,12.0,2419.97080078125,69.20799302105947,969.4894591545768,609.8500224074924,0.0
2458674.293169077,7155.403268854335,7.551077647998186,6322.7729931259355,13.180774813004682,6322.7729931259355,13.180774813004682,17.59408525448325,0.0583999226029501,1.4641580909214198,1.4408800405821164e-08,12.0,2951.899438476563,77.54857561301911,969.4894591545768,609.8500224074924,0.0
2458700.2824814324,7140.556689159255,6.234363438960228,6306.753011275017,12.183880492794087,6306.753011275017,12.183880492794087,17.54831075661814,0.056604463435785,1.4746027215328523,1.1557944291275048e-08,12.0,2204.7546142578126,66.65666679935195,969.4894591545768,609.8500224074924,0.0
2458702.3185701845,7078.777664470094,6.139459981484789,6240.091270011078,11.440164330718707,6240.091270011078,11.440164330718707,17.35783565111761,0.055321593913805,1.5071119861671711,1.41991604583073e-08,12.0,2338.214208984374,79.6181277499125,969.4894591545768,609.8500224074924,0.0
2458705.3352435925,7099.373132717156,8.173467259548552,6262.3145048776605,13.037738639724019,6262.3145048776605,13.037738639724019,17.421334937597614,0.058135963112997,1.510556100201541,1.1589954440494541e-08,12.0,7121.23330078125,101.16144019036916,969.4894591545768,609.8500224074924,0.0
2458710.252768423,7091.171922145684,11.1744613518979,6253.465110120821,15.345653607811958,6253.465110120821,15.345653607811958,17.396049228464236,0.0625667049973505,1.5042828727041315,1.2559721330096414e-08,12.0,15775.4591796875,141.16145614483867,969.4894591545768,609.8500224074924,0.0
2458710.315049884,7068.009413367395,7.820355859342814,6228.4719482026685,12.472016076932663,6228.4719482026685,12.472016076932663,17.324635325033434,0.0571130987675819,1.498954452525874,9.361589625842793e-09,12.0,5057.80888671875,104.1651289445108,969.4894591545768,609.8500224074924,0.0
2458711.294911447,7125.499240523315,6.63758446854822,6290.505494417732,12.263010185382193,6290.505494417732,12.263010185382193,17.501886114404556,0.0567434533628291,1.4626232656541494,1.4238431827266373e-08,12.0,4872.64111328125,73.78303359135552,969.4894591545768,609.8500224074924,0.0
2458712.329617274,7072.124037009909,7.00385082396616,6232.911771881269,11.935804224488802,6232.911771881269,11.935804224488802,17.337321400547673,0.0561699183326311,1.4012110381768312,1.2502709117589514e-08,12.0,4677.700048828125,86.05368298859891,969.4894591545768,609.8500224074924,0.0
2458713.2776971417,7106.3069191157265,6.496923987126373,6269.796304359063,11.964222043406256,6269.796304359063,11.964222043406256,17.442712965211854,0.0562198662665911,1.3416058102989783,1.4389688346991957e-08,12.0,3451.7893798828127,69.5428017541115,969.4894591545768,609.8500224074924,0.0
2458715.2213979037,7116.362137981974,6.220124656243872,6280.6462392971225,11.903312267809245,6280.6462392971225,11.903312267809245,17.473714893196576,0.0561144151043595,1.4588890014895,1.3860946318508846e-08,12.0,3327.207666015625,70.44508492778841,969.4894591545768,609.8500224074924,0.0
2458720.331608325,7128.653132238909,5.34758230547976,6293.908654544928,11.542621111382337,6293.908654544928,11.542621111382337,17.511610092086087,0.0554960719773685,1.4154518060319063,1.2980919700721751e-08,12.0,2226.94970703125,56.294491915159234,969.4894591545768,609.8500224074924,0.0
2458721.2271488667,7137.590192080115,6.57119733943564,6303.552056553823,12.3552201163893,6303.552056553823,12.3552201163893,17.539164548063397,0.0569068056189024,1.399877706969637,1.4282446345736381e-08,12.0,2507.3008300781253,67.36234214467306,969.4894591545768,609.8500224074924,0.0
2458724.241694077,7135.7843269648865,6.120560076605538,6301.603464557186,12.06219480947541,6301.603464557186,12.06219480947541,17.53359676271758,0.0563911713489173,1.424627771564707,1.3963659236496652e-08,12.0,2334.15322265625,64.00757344331278,969.4894591545768,609.8500224074924,0.0
2458725.330755036,7100.4462178353415,6.577761786738541,6263.47240147545,11.952108488248461,6263.47240147545,11.952108488248461,17.424643439182496,0.0561987110178287,1.4334021955938578,1.4411914000221924e-08,12.0,2162.329565429688,76.58524991585288,969.4894591545768,609.8500224074924,0.0
2458730.263355776,7095.609461574871,6.37109728807614,6258.253371294668,11.768353776412239,6258.253371294668,11.768353776412239,17.409730907564718,0.0558811091694966,1.4625598562317597,8.664179318155451e-09,12.0,2928.8205322265626,76.62347228885628,969.4894591545768,609.8500224074924,0.0
2458686.28140584,0.0,0.0,0.0,0.0,0.0,0.0,0.0,0.0,0.0,0.0,0.0,0.0,0.0,0.0,0.0,0.0
2458687.359370948,0.0,0.0,0.0,0.0,0.0,0.0,0.0,0.0,0.0,0.0,0.0,0.0,0.0,0.0,0.0,0.0
2458690.319398819,0.0,0.0,0.0,0.0,0.0,0.0,0.0,0.0,0.0,0.0,0.0,0.0,0.0,0.0,0.0,0.0
2458691.239322507,0.0,0.0,0.0,0.0,0.0,0.0,0.0,0.0,0.0,0.0,0.0,0.0,0.0,0.0,0.0,0.0
2458692.2359629823,0.0,0.0,0.0,0.0,0.0,0.0,0.0,0.0,0.0,0.0,0.0,0.0,0.0,0.0,0.0,0.0
2458692.4018155043,0.0,0.0,0.0,0.0,0.0,0.0,0.0,0.0,0.0,0.0,0.0,0.0,0.0,0.0,0.0,0.0
2458693.2325073606,0.0,0.0,0.0,0.0,0.0,0.0,0.0,0.0,0.0,0.0,0.0,0.0,0.0,0.0,0.0,0.0
2458697.22176838,0.0,0.0,0.0,0.0,0.0,0.0,0.0,0.0,0.0,0.0,0.0,0.0,0.0,0.0,0.0,0.0
2458686.2853442347,0.0,0.0,0.0,0.0,0.0,0.0,0.0,0.0,0.0,0.0,0.0,0.0,0.0,0.0,0.0,0.0
2458687.363336373,0.0,0.0,0.0,0.0,0.0,0.0,0.0,0.0,0.0,0.0,0.0,0.0,0.0,0.0,0.0,0.0
2458690.3233370697,0.0,0.0,0.0,0.0,0.0,0.0,0.0,0.0,0.0,0.0,0.0,0.0,0.0,0.0,0.0,0.0
2458691.243268137,0.0,0.0,0.0,0.0,0.0,0.0,0.0,0.0,0.0,0.0,0.0,0.0,0.0,0.0,0.0,0.0
2458692.2399123167,0.0,0.0,0.0,0.0,0.0,0.0,0.0,0.0,0.0,0.0,0.0,0.0,0.0,0.0,0.0,0.0
2458692.405769706,0.0,0.0,0.0,0.0,0.0,0.0,0.0,0.0,0.0,0.0,0.0,0.0,0.0,0.0,0.0,0.0
2458693.2364349067,0.0,0.0,0.0,0.0,0.0,0.0,0.0,0.0,0.0,0.0,0.0,0.0,0.0,0.0,0.0,0.0
2458697.2257099785,0.0,0.0,0.0,0.0,0.0,0.0,0.0,0.0,0.0,0.0,0.0,0.0,0.0,0.0,0.0,0.0
2458686.289289057,0.0,0.0,0.0,0.0,0.0,0.0,0.0,0.0,0.0,0.0,0.0,0.0,0.0,0.0,0.0,0.0
2458687.366476315,0.0,0.0,0.0,0.0,0.0,0.0,0.0,0.0,0.0,0.0,0.0,0.0,0.0,0.0,0.0,0.0
2458690.3272815244,0.0,0.0,0.0,0.0,0.0,0.0,0.0,0.0,0.0,0.0,0.0,0.0,0.0,0.0,0.0,0.0
2458691.2472144035,0.0,0.0,0.0,0.0,0.0,0.0,0.0,0.0,0.0,0.0,0.0,0.0,0.0,0.0,0.0,0.0
2458692.243852184,0.0,0.0,0.0,0.0,0.0,0.0,0.0,0.0,0.0,0.0,0.0,0.0,0.0,0.0,0.0,0.0
2458692.4097199533,0.0,0.0,0.0,0.0,0.0,0.0,0.0,0.0,0.0,0.0,0.0,0.0,0.0,0.0,0.0,0.0
2458693.240378745,0.0,0.0,0.0,0.0,0.0,0.0,0.0,0.0,0.0,0.0,0.0,0.0,0.0,0.0,0.0,0.0
2458697.229659527,0.0,0.0,0.0,0.0,0.0,0.0,0.0,0.0,0.0,0.0,0.0,0.0,0.0,0.0,0.0,0.0
2458205.652798068,7454.52911644294,9.25191196841531,6697.053332579553,9.411771738624466,6697.053332579553,9.411771738624466,18.288838925324715,0.0812237581236145,0.8356367449681895,5.2948316466988484e-09,13.0,1336.2046630859377,31.935620157196688,4.363555167446066,645.6658209655293,0.0
2458223.52255063,7503.818004769038,9.357245576864768,6747.193862208393,9.51892536076401,6747.193862208393,9.51892536076401,18.42188136276097,0.0813121684553605,0.8697211326527977,4.274680146123183e-09,13.0,1133.0198974609375,29.37771565602076,4.363555167446066,645.6658209655293,0.0
2458224.5194690176,-3636224.1951565146,-3636224.1951565146,-3636224.1951565146,-3636224.1951565146,-3636224.1951565146,-3636224.1951565146,0.0,0.0,0.0454930481710114,-9999.99,13.0,-9999.99,-9999.99,-9999.99,-9999.99,5.0
2458229.6193792643,7459.255071477933,8.585565238114821,6701.860945339824,8.733911492463802,6701.860945339824,8.733911492463802,18.3015954024623,0.0806889456640743,0.9926213214811904,4.973932172100248e-09,13.0,1124.2979736328125,34.96377705116602,4.363555167446066,645.6658209655293,0.0
2458230.665573424,7456.1307796263145,6.412402720881779,6698.682670205714,6.52319984356825,6698.682670205714,6.52319984356825,18.29316219535787,0.0792037401743099,1.016137111838055,5.9457395443225214e-09,13.0,1231.220556640625,26.3726948009407,4.363555167446066,645.6658209655293,0.0
2458231.498728465,7446.879294294986,1.8436430072293208,6689.27133247585,1.8754985143384832,6689.27133247585,1.8754985143384832,18.26819023514155,0.0774493214042832,1.0000005711410378,4.845391852773984e-09,13.0,1094.8071044921876,0.0179174614387771,4.363555167446066,645.6658209655293,0.0
2458333.3159887022,7507.899022630724,9.157614142694113,6751.345394205952,9.315844581711803,6751.345394205952,9.315844581711803,18.43289700101086,0.0811464611864111,0.9300215821096453,3.3432940459845253e-09,13.0,1046.7859130859374,30.41149604426615,4.363555167446066,645.6658209655293,0.0
2458334.3507070728,7536.170566647872,13.507711479672016,6780.105429958156,13.741105361992098,6780.105429958156,13.741105361992098,18.509208625270738,0.0854586507694827,0.6296424659861046,6.862610850832025e-09,13.0,943.552978515625,28.08221684758017,4.363555167446066,645.6658209655293,4.0
2458353.249066632,7535.469563081779,31.030999483283196,6779.392314055775,31.5671706513286,6779.392314055775,31.5671706513286,18.5073164498484,0.1139717297679345,0.9481011206643394,3.193601405893066e-09,13.0,11687.04140625,102.20597135318408,4.363555167446066,645.6658209655293,0.0
2458354.3507838915,8442.06783653584,253.75232162131553,7701.655305479613,258.1367978207118,7701.655305479613,258.1367978207118,20.954440906740828,0.6892917350000507,0.933189499732018,5.405566078015799e-09,13.0,17466.929296875,82.0041808742497,4.363555167446066,645.6658209655293,0.0
2458359.3440173524,7486.667130591435,12.996858584711836,6729.746645521877,13.221425661645327,6729.746645521877,13.221425661645327,18.3755870724606,0.0848788262242253,0.898948285588422,5.123918618756847e-09,13.0,1988.9307373046877,45.17786734893517,4.363555167446066,645.6658209655293,0.0
2458366.2266469877,7519.833770200944,14.217481509981921,6763.486357097995,14.46313920051096,6763.486357097995,14.46313920051096,18.46511172446787,0.086293184760108,0.7375469058022065,5.273113255724346e-09,13.0,1196.6218017578126,36.91494221195749,4.363555167446066,645.6658209655293,0.0
2458392.2378212907,7448.197818187106,7.041366957839202,6690.612638569868,7.163031680512895,6690.612638569868,7.163031680512895,18.27174924485719,0.0795919252541605,0.8727865773467286,6.341078712860006e-09,13.0,1243.9120849609376,25.30031920471744,4.363555167446066,645.6658209655293,0.0
2457959.26848149,7494.932956022552,19.489430380280904,6493.072465395296,22.67874636870792,6493.072465395296,22.67874636870792,17.79730598565972,0.0898290040391518,0.2796610968029843,6.715749345899614e-09,13.0,442.9309722900391,20.564098872570643,6.988107617910487,642.4063350669139,0.0
2457917.584255421,7512.283608020295,17.747860314014584,6511.748170638429,21.032069214312138,6511.748170638429,21.032069214312138,17.843859439620616,0.0873042323532214,0.7903118643284902,2.420760285195281e-09,13.0,9921.06826171875,54.342120075263146,6.988107617910487,642.4063350669139,0.0
2457959.2140675774,7489.9277484024815,16.220604079586163,6487.685014698611,19.447077839019258,6487.685014698611,19.447077839019258,17.783876536291693,0.084990182900213,0.2811785401318997,6.424858449129182e-09,13.0,626.1078491210938,16.809489362245095,6.988107617910487,642.4063350669139,0.0
2457917.6440747976,7408.48950238429,18.452745663374362,6400.0274051545075,21.310515392250736,6400.0274051545075,21.310515392250736,17.56536995583823,0.0877220642691747,0.7731433966721566,2.0365036307374667e-09,13.0,9770.94375,72.69568682281125,6.988107617910487,642.4063350669139,0.0
2457959.426954712,7453.507579172432,13.04389444932985,6448.4834708296,16.252495537336323,6448.4834708296,16.252495537336323,17.68615774902537,0.0807133302907161,0.2870404960743171,5.429598581531461e-09,13.0,416.69434204101566,14.780232203777526,6.988107617910487,642.4063350669139,0.0
2457918.431209703,7396.508928647034,14.798199385145454,6387.1318860818055,17.6485858236388,6387.1318860818055,17.6485858236388,17.533224933969592,0.0825146659047092,0.6659771279534772,3.439047070030021e-09,13.0,3747.368505859375,51.45037344602938,6.988107617910487,642.4063350669139,0.0
2457961.216593971,7440.462646075586,11.855703297971417,6434.442308257447,15.088948550022774,6434.442308257447,15.088948550022774,17.651156949491956,0.0792971011261141,0.3164313710177339,6.253348046667542e-09,13.0,626.0594665527344,15.476610542859849,6.988107617910487,642.4063350669139,0.0
2457918.4950431297,7489.42029711617,11.822037387800103,6487.13880982691,15.335956905841945,6487.13880982691,15.335956905841945,17.782514996097255,0.0795913901349482,0.6601544350236518,6.7004619984655995e-09,13.0,1812.6419067382808,31.087594927354157,6.988107617910487,642.4063350669139,0.0
2457961.241870827,7426.68074505555,10.39677770176211,6419.607896203435,13.703849117298338,6419.607896203435,13.703849117298338,17.614178794739402,0.0777187728339039,0.3202431084190066,6.337286564258512e-09,13.0,529.161328125,13.917167569370118,6.988107617910487,642.4063350669139,0.0
2457918.644912304,7462.988918422477,16.755174298495728,6458.688891188846,19.846701125331766,6458.688891188846,19.846701125331766,17.71159708642446,0.0855620661469724,0.6619834182946516,6.721642753935877e-09,13.0,4304.143115234375,48.6578760112375,6.988107617910487,642.4063350669139,0.0
2457961.2695889114,7378.558971663114,11.6585417133849,6367.811107485004,14.576925094468944,6367.811107485004,14.576925094468944,17.485063487577847,0.0786993494860937,0.325940837466213,2.726834493939757e-09,13.0,503.3677062988281,19.347615262266967,6.988107617910487,642.4063350669139,0.0
2457919.271156578,7460.934716046305,12.067818446556737,6456.477811277144,15.395191734695166,6456.477811277144,15.395191734695166,17.706085465549457,0.0796621793226947,0.6522419596310098,5.7448427594401704e-09,13.0,1621.3459716796874,33.937933675465146,6.988107617910487,642.4063350669139,0.0
2457961.4813785376,7423.310173214579,10.569926351309665,6415.979916908419,13.836688556984095,6415.979916908419,13.836688556984095,17.605135229054326,0.0778648621135548,0.3188712095520139,4.280024333581372e-09,13.0,542.5909240722656,14.326625190119517,6.988107617910487,642.4063350669139,0.0
2457919.358336585,7443.752766348905,10.598701634820474,6437.983691972996,13.982986836318476,6437.983691972996,13.982986836318476,17.659984655948726,0.0780272295275291,0.7411032929893376,6.743970501943966e-09,13.0,2292.688549804688,35.68098403659425,6.988107617910487,642.4063350669139,0.0
2457961.5290685077,7437.072058127958,11.412412792970335,6430.792784244224,14.668464671384857,6430.792784244224,14.668464671384857,17.642059678683864,0.0788053141921964,0.312059095777545,3.8017456897515224e-09,13.0,563.810302734375,14.675475568613784,6.988107617910487,642.4063350669139,0.0
2457919.39672299,7474.5055963793675,13.51315058806609,6471.085087189494,16.79869926047273,6471.085087189494,16.79869926047273,17.742497431674785,0.0814054174812264,0.7369651254065314,3.816401056030199e-09,13.0,2546.874169921875,42.137219441626165,6.988107617910487,642.4063350669139,0.0
2457966.397733604,7579.983640369006,47.78300643217162,6584.618391841635,52.304052126033405,6584.618391841635,52.304052126033405,18.02550508264934,0.147893264199764,0.2246998416055682,5.7388741688509165e-09,13.0,2444.5804687500004,34.51521519164881,6.988107617910487,642.4063350669139,4.0
2457919.428972504,7446.846629971413,10.723070789670034,6441.313831098823,14.110789536883944,6441.313831098823,14.110789536883944,17.668285787095286,0.0781700846839039,0.7511422218439603,4.8520950554278946e-09,13.0,2525.887768554687,36.30716108648232,6.988107617910487,642.4063350669139,0.0
2457966.435136967,7661.884564790368,115.37462463315934,6672.774014110627,124.61869522725142,6672.774014110627,124.61869522725142,18.245253073382003,0.318388499348915,0.0883776347271204,6.297552032646233e-09,13.0,1881.9756347656248,26.20360678055974,6.988107617910487,642.4063350669139,4.0
2457919.4377928763,7444.907007847458,11.048641968275687,6439.226081827225,14.387545300842442,6439.226081827225,14.387545300842442,17.66308159596398,0.078482913923135,0.7462478629086351,5.3676108775243535e-09,13.0,2532.2808349609377,37.449951104700126,6.988107617910487,642.4063350669139,0.0
2458205.6569166663,7443.043103426046,10.726734368694162,6437.21983274909,14.091440671649186,6437.21983274909,14.091440671649186,17.658080562649452,0.078148365690509,0.9481272467301876,6.710500496097918e-09,13.0,2689.915234375,46.80241787384855,6.988107617910487,642.4063350669139,0.0
2457919.462436926,7394.070681268821,7.66216772097922,6384.507432006468,11.198269876758005,6384.507432006468,11.198269876758005,17.526682883729542,0.0751829622545431,0.7437332290021277,3.49194234773453e-09,13.0,1308.4586303710937,29.022452767733192,6.988107617910487,642.4063350669139,0.0
2458212.4631295414,0.0,0.0,0.0,0.0,0.0,0.0,0.0,0.0,0.0,0.0,13.0,0.0,0.0,0.0,0.0,5.0
2457919.519795672,7426.731257098954,8.958702465413351,6419.662265804881,12.47218192737987,6419.662265804881,12.47218192737987,17.614314323368973,0.0764190895969243,0.6945834679418025,5.8633451358549304e-09,13.0,1462.2388671875,29.09022308245469,6.988107617910487,642.4063350669139,0.0
2458222.4477322963,7434.179405210857,13.060863231239203,6427.679222099263,16.168688616705055,6427.679222099263,16.168688616705055,17.63429841504842,0.0806085366475701,0.293434329997749,6.565962356272752e-09,13.0,496.1700256347656,16.31613770295868,6.988107617910487,642.4063350669139,0.0
2457920.299691576,7452.294366857959,8.673471598156974,6447.177606612771,12.408605258520836,6447.177606612771,12.408605258520836,17.68290258468722,0.0763549401438218,0.7565347130319201,5.527745673293174e-09,13.0,1341.6195678710938,28.4975821543735,6.988107617910487,642.4063350669139,0.0
2458222.496318109,7438.764623230931,13.030059919983055,6432.614608978651,16.16333203532638,6432.614608978651,16.16333203532638,17.646600992267203,0.0806018926742719,0.2966170284210878,6.637712108236363e-09,13.0,489.0473388671875,16.266318085153348,6.988107617910487,642.4063350669139,0.0
2457920.352419193,7410.8571879762285,6.321657201843255,6402.575908705225,10.310984547387582,6402.575908705225,10.310984547387582,17.57172268207656,0.0743902262819786,0.788945163808842,2.5643840044088353e-09,13.0,1159.9526000976562,23.76835526938565,6.988107617910487,642.4063350669139,0.0
2458222.5241020336,7639.637379678938,38.75241342952299,6648.827832048731,42.927358937785144,6648.827832048731,42.927358937785144,18.185561754117494,0.1277653672567001,0.257419906988257,2.2344508610213993e-09,13.0,521.3375122070313,26.90585087777262,6.988107617910487,642.4063350669139,0.0
2457920.3999710027,7418.29540080439,6.70725228593214,6410.582170967445,10.64547006069568,6410.582170967445,10.64547006069568,17.591680116442276,0.0746824528121838,0.7920326123680858,2.423283274129147e-09,13.0,1599.4876586914063,24.955612179164877,6.988107617910487,642.4063350669139,0.0
2458223.4651654824,7530.912753537868,21.660279467891108,6531.800006769028,24.989012770038094,6531.800006769028,24.989012770038094,17.893843213619213,0.0935606197233461,0.2754630064673882,6.625410173054755e-09,13.0,509.30946960449216,20.51683778187118,6.988107617910487,642.4063350669139,0.0
2457920.4251067364,7387.6593684540485,7.206241194694011,6377.606493161872,10.796305394892148,6377.606493161872,10.796305394892148,17.509480720030425,0.0748166885284643,0.8056316114407596,2.7867609489270486e-09,13.0,1722.2327026367186,30.18222870977938,6.988107617910487,642.4063350669139,0.0
2458223.482546678,7512.430552153829,22.844194695635604,6511.9063367595345,26.11607251529322,6511.9063367595345,26.11607251529322,17.84425370474426,0.095453965667993,0.2695637148232179,5.435132619086526e-09,13.0,512.6575866699219,22.54859845203498,6.988107617910487,642.4063350669139,0.0
2457920.462059586,7402.084460932433,6.7419335925652435,6393.133216611013,10.549527295850996,6393.133216611013,10.549527295850996,17.548184618803887,0.0745977054877112,0.7914362490682243,2.0521939006031194e-09,13.0,1287.7263549804688,26.40917852239897,6.988107617910487,642.4063350669139,0.0
2458223.514034936,7429.70711915155,12.510300918636695,6422.865391690043,15.632699487407796,6422.865391690043,15.632699487407796,17.62229884505019,0.079948844414701,0.282214224607358,2.883986360285937e-09,13.0,511.8312408447266,15.025719511218249,6.988107617910487,642.4063350669139,0.0
2457920.5041213203,7405.603812316207,7.446518018598413,6396.921337604912,11.109813401797494,6396.921337604912,11.109813401797494,17.557627374190737,0.0751014429097167,0.7866591480964632,3.2569575364595252e-09,13.0,1254.6521484375,28.928975239800263,6.988107617910487,642.4063350669139,0.0
2458223.5266707456,7445.189057849025,11.214574639360924,6439.529671726545,14.53714787022927,6439.529671726545,14.53714787022927,17.663838363015984,0.0786540275380329,0.9757549416048832,6.541382485213786e-09,13.0,1750.6269897460938,50.25514605687269,6.988107617910487,642.4063350669139,0.0
2457920.549252917,7433.318558255863,9.962535977709724,6426.752633058519,13.365600846249741,6426.752633058519,13.365600846249741,17.63198868057321,0.0773519292553608,0.7695744955093187,5.7203081141239525e-09,13.0,1360.7097412109376,35.71616929573399,6.988107617910487,642.4063350669139,0.0
2458224.523586805,7340.066107641889,58.370508308404055,6326.378579040644,63.22001613478004,6326.378579040644,63.22001613478004,17.381783462523522,0.1723599114598191,0.0574218103364269,5.465227033071719e-09,13.0,975.586102294922,18.76463780973361,6.988107617910487,642.4063350669139,4.0
2457920.590933508,7465.248181216141,10.996512000916653,6461.120691792462,14.461202418714725,6461.120691792462,14.461202418714725,17.717658903955233,0.0785671430084029,0.7612280280192569,6.753392338402167e-09,13.0,1584.8017822265626,35.90637102393589,6.988107617910487,642.4063350669139,0.0
2458228.420792835,7581.88349879376,24.534109424703043,6586.6633406971,28.074892077685387,6586.6633406971,28.074892077685387,18.030602583983608,0.0988492042178141,0.2957345823633775,5.0571616044907425e-09,13.0,515.2361206054687,22.044448001272126,6.988107617910487,642.4063350669139,0.0
2457921.5887723626,7405.067547799021,10.940903847358413,6396.344119062536,14.063597812459623,6396.344119062536,14.063597812459623,17.55618852535006,0.0781169427410098,0.5031021675557068,6.747779512992207e-09,13.0,1803.9341552734372,27.12020479797942,6.988107617910487,642.4063350669139,4.0
2458228.431468679,7515.8441595449585,20.39766148797196,6515.580638189867,23.666666755843615,6515.580638189867,23.666666755843615,17.85341273891453,0.0913990083647822,0.2960912739893412,5.116606391291349e-09,13.0,508.03766479492185,21.73027119530228,6.988107617910487,642.4063350669139,0.0
2457922.295056842,7422.008838931599,7.176666915138245,6414.579200929858,11.021596470168753,6414.579200929858,11.021596470168753,17.601643625070892,0.0750207395198065,0.6780174175134611,5.8094315135885835e-09,13.0,1247.3594360351562,22.31659073322017,6.988107617910487,642.4063350669139,0.0
2458228.5109975105,7463.421588142583,21.057310019760852,6459.154603495302,24.133705179266638,6459.154603495302,24.133705179266638,17.7127579805452,0.0921543453444449,0.3201793929048579,5.818657958672763e-09,13.0,517.4260009765625,28.75562331682417,6.988107617910487,642.4063350669139,0.0
2457922.338122814,7396.609748078111,8.505882601137012,6387.240404999592,11.899552476593438,6387.240404999592,11.899552476593438,17.53349544211786,0.0758493906138386,0.6667402802962692,3.7035652953225646e-09,13.0,1131.3012084960938,28.722126706812883,6.988107617910487,642.4063350669139,0.0
2458228.514517209,7480.943906621591,19.633325655956238,6478.015085230103,22.76744758189674,6478.015085230103,22.76744758189674,17.75977203204637,0.0899682092162451,0.3219817182274547,6.569695789750181e-09,13.0,515.6807739257812,25.475311213011494,6.988107617910487,642.4063350669139,0.0
2457922.5799944964,7448.300570544408,11.610411356318592,6442.87880776863,14.910351562506998,6442.87880776863,14.910351562506998,17.672186848308193,0.0790869624377091,0.6938073853859337,4.5587460620731855e-09,13.0,1382.3147216796876,36.19013933927976,6.988107617910487,642.4063350669139,0.0
2458228.594109955,7435.168745092243,20.425589639201373,6428.7441169523545,23.394754816089403,6428.7441169523545,23.394754816089403,17.636952908298937,0.0909623983830195,0.3137238459026513,6.480408108941562e-09,13.0,543.4419189453125,29.38361476861492,6.988107617910487,642.4063350669139,0.0
2457922.5840071426,7439.2183867940175,9.660105619757394,6433.103026045364,13.143010177988854,6433.103026045364,13.143010177988854,17.64781848318028,0.0771146104450649,0.698621030340398,5.557029543621245e-09,13.0,1413.872265625,30.62096395363289,6.988107617910487,642.4063350669139,0.0
2458228.5978614404,7507.09054185639,36.85874647919354,6506.158514814672,40.625813983874714,6506.158514814672,40.625813983874714,17.829925947864297,0.1229993435241923,0.321957379330233,6.637331123465043e-09,13.0,551.3806945800782,46.7230042863624,6.988107617910487,642.4063350669139,0.0
2457922.6291374764,7422.680672578891,9.683496253690574,6415.302341891413,13.059552191852548,6415.302341891413,13.059552191852548,17.603446218816224,0.0770263409607775,0.7091390702031568,2.6299661369964033e-09,13.0,1558.4379516601562,32.755720029238134,6.988107617910487,642.4063350669139,0.0
2458228.6658681585,7469.25256161931,21.052144520083804,6465.4308830233595,24.149343925898897,6465.4308830233595,24.149343925898897,17.728403038456072,0.0921798387153543,0.2782797555173686,6.7388656581420655e-09,13.0,584.1735168457031,24.24601505822171,6.988107617910487,642.4063350669139,0.0
2457923.542367532,7440.294651883297,11.33255420776798,6434.261484504068,14.614852584972022,6434.261484504068,14.614852584972022,17.65070620505321,0.0787434189129796,0.7158971077428896,6.428842255679629e-09,13.0,1210.3942260742188,37.10342047468219,6.988107617910487,642.4063350669139,0.0
2458229.431540894,7444.161753227109,14.352174581744663,6438.423912800812,17.438326434418315,6438.423912800812,17.438326434418315,17.66108200674612,0.0822367180598793,0.3180108107270969,6.652642605182454e-09,13.0,540.2150573730469,19.57179091095151,6.988107617910487,642.4063350669139,0.0
2457923.5875254883,7457.947576471605,10.821456678032284,6453.262546615938,14.263556918531561,6453.262546615938,14.263556918531561,17.698070685200932,0.0783422602388871,0.722013098856379,6.644872199267779e-09,13.0,1471.834130859375,34.03442065324408,6.988107617910487,642.4063350669139,0.0
2458229.4762179004,7405.09218148199,11.89941127707703,6396.370633997096,14.938299603624078,6396.370633997096,14.938299603624078,17.55625461987067,0.0791194401093108,0.3290762872788452,6.705715009561224e-09,13.0,516.4712280273437,18.44271775645944,6.988107617910487,642.4063350669139,0.0
2457923.6298041493,7558.633589406189,19.670477426891637,6561.63785723352,23.119201575338145,6561.63785723352,23.119201575338145,17.968220859861077,0.090524555065958,0.6886669579452408,5.7097384453910726e-09,13.0,1774.760900878906,46.28339106131232,6.988107617910487,642.4063350669139,0.0
2458229.56988865,7423.832814658871,12.506747660054305,6416.5424719964185,15.598763704090441,6416.5424719964185,15.598763704090441,17.60653752589124,0.0799076084219818,0.3320641070316225,6.619948087649335e-09,13.0,516.094775390625,18.62945436708493,6.988107617910487,642.4063350669139,0.0
2457925.2546801404,0.0,0.0,0.0,0.0,0.0,0.0,0.0,0.0,0.0,0.0,13.0,0.0,0.0,0.0,0.0,5.0
2458229.6235028137,7413.907676370925,8.082296438907434,6405.859360077216,11.669787644910391,6405.859360077216,11.669787644910391,17.57990743335042,0.0756273525642406,1.0562533622841292,5.815682367996493e-09,13.0,1714.184326171875,42.25717709916351,6.988107617910487,642.4063350669139,0.0
2457925.6093956367,7413.783459040995,7.707702885384347,6405.72565638469,11.371515250777406,6405.72565638469,11.371515250777406,17.57957414640819,0.0753444902002799,0.6757463694628161,6.737662672576125e-09,13.0,1258.8629028320313,24.830376777823165,6.988107617910487,642.4063350669139,0.0
2458229.6707326304,7427.259966099913,16.222479879579442,6420.23135182323,19.17175439940876,6420.23135182323,19.17175439940876,17.615732900039042,0.0846001535663928,0.3266625098253203,6.7202557572977815e-09,13.0,639.8455078125,24.42140039488829,6.988107617910487,642.4063350669139,0.0
2457925.6307538515,7457.090407969117,11.674728079019241,6452.339916947717,15.018057537593586,6452.339916947717,15.018057537593586,17.695770820364594,0.0792135581032734,0.643916361881758,6.754576278855021e-09,13.0,1414.1799560546874,32.75106754424463,6.988107617910487,642.4063350669139,0.0
2458230.5014395816,7452.567456661094,161.58523569391852,6447.471552031593,174.11745777930219,6447.471552031593,174.11745777930219,17.683635310672337,0.4396057051218914,0.021549991335102,2.579062348440431e-09,13.0,261.77647094726564,13.705186728629991,6.988107617910487,642.4063350669139,4.0
2457958.2119472134,7731.586572643354,50.02454723670032,6747.799099835736,54.982111275537896,6747.799099835736,54.982111275537896,18.432270207607782,0.1538118421762877,0.2265700976452412,5.963358434754776e-09,13.0,714.7711975097657,23.738737238881377,6.988107617910487,642.4063350669139,0.0
2458230.669704239,7413.144441720446,7.453341529326998,6405.0378379024,11.168772857494412,6405.0378379024,11.168772857494412,17.577859601997048,0.0751558101471721,1.0954854864362271,6.716105172132927e-09,13.0,2108.9453369140624,40.39633841308035,6.988107617910487,642.4063350669139,0.0
2457958.4085291508,7431.1380529052985,12.599973278053993,6424.405604531092,15.723372042040237,6424.405604531092,15.723372042040237,17.626138176772997,0.0800592632008229,0.2695094381488414,6.316456243462436e-09,13.0,367.4889923095704,14.026013399336687,6.988107617910487,642.4063350669139,0.0
2458230.6736022187,7435.741949757373,15.236505409303083,6429.361096727603,18.248603263661998,6429.361096727603,18.248603263661998,17.63849087107934,0.0833219376447911,0.3485233087514134,6.622606043830878e-09,13.0,872.8786743164063,23.906072212451804,6.988107617910487,642.4063350669139,0.0
2457958.4397347565,7505.792533253396,16.03244210505418,6504.761378495196,19.33964691335748,6504.761378495196,19.33964691335748,17.826443266997416,0.0848378595492699,0.2633306250314177,5.5869592844435535e-09,13.0,355.86208801269527,14.342935179919476,6.988107617910487,642.4063350669139,0.0
2457961.370226658,7408.692495422086,10.819549796954757,6400.245900582851,13.97490249274088,6400.245900582851,13.97490249274088,17.565914605517136,0.0780179941489977,0.3282204502143275,2.6623624354275487e-09,13.0,533.2681518554688,16.159697108074077,6.988107617910487,642.4063350669139,0.0
2458231.413109076,7383.243173207489,9.720738359784566,6372.853037168889,12.852945023293573,6372.853037168889,12.852945023293573,17.497631647031916,0.076809861257184,0.3369875226830967,3.959875232773594e-09,13.0,573.2600280761718,15.890163601460454,6.988107617910487,642.4063350669139,0.0
2457961.4084371226,7409.93395557305,10.114127697294384,6401.582169897313,13.35612380883444,6401.582169897313,13.35612380883444,17.569245561494455,0.0773416026962824,0.3255351460342958,3.998664460522675e-09,13.0,569.3127380371094,14.579386539680304,6.988107617910487,642.4063350669139,0.0
2458231.431592024,7413.257687205222,11.39407516751318,6405.159731840102,14.519285244523672,6405.159731840102,14.519285244523672,17.578163450432385,0.0786333072953432,0.3431867336103961,3.902389257190032e-09,13.0,544.7831115722656,17.949713451402566,6.988107617910487,642.4063350669139,0.0
2457961.46051857,7412.82919445438,11.373531470803698,6404.698515494196,14.498255313383927,6404.698515494196,14.498255313383927,17.577013763518522,0.0786091901417758,0.3213558692414809,3.470791313813313e-09,13.0,551.9973999023438,16.52502489756527,6.988107617910487,642.4063350669139,0.0
2458231.476347072,7382.62974258944,12.468714157644362,6372.1927594219005,15.35415341135908,6372.1927594219005,15.35415341135908,17.495985754183657,0.0796124469926687,0.3492088411849752,3.396729737254086e-09,13.0,531.1471130371094,22.346849065749662,6.988107617910487,642.4063350669139,0.0
2458231.5028491886,7380.570934803069,1.4680644113949588,6369.976722389081,7.603494665573125,6369.976722389081,7.603494665573125,17.490461776553907,0.0723359857044508,1.00000254703816,3.5136206714843032e-09,13.0,1643.057043457031,0.0668386412583036,6.988107617910487,642.4063350669139,0.0
2458231.6430103765,7420.680899034181,13.771308860304172,6413.149847490695,16.77233069940432,6413.149847490695,16.77233069940432,17.598080635686678,0.0813712397913926,0.3026170572079732,6.407872976051875e-09,13.0,590.4366638183594,18.91981995232886,6.988107617910487,642.4063350669139,0.0
2458235.5618341174,7407.626578185331,14.152964439691507,6399.098580232601,17.075506798776924,6399.098580232601,17.075506798776924,17.563054647919365,0.0817620321679287,0.3605369897639234,3.145447485355454e-09,13.0,731.7382202148438,24.84220048821737,6.988107617910487,642.4063350669139,0.0
2458238.397251213,7699.691190541344,59.89655301807445,6713.4678969027345,65.366373774761,6713.4678969027345,65.366373774761,18.34669185571388,0.1772665719875001,0.3430395660826764,6.4594466258652465e-09,13.0,2959.68173828125,49.71781422411003,6.988107617910487,642.4063350669139,0.0
2458238.442685879,7404.226161245788,23.05911703067318,6395.438476596437,25.980876466371047,6395.438476596437,25.980876466371047,17.553931004988613,0.0952237457496497,0.3906649864997246,6.679253390525071e-09,13.0,4828.947509765625,45.99576313462622,6.988107617910487,642.4063350669139,0.0
2458238.4738128376,7641.990082730236,44.315650604396005,6651.36020885604,48.77164597580936,6651.36020885604,48.77164597580936,18.19187428077047,0.1401927515449731,0.3565215231882103,6.645082259471729e-09,13.0,4378.679345703125,43.768476758280414,6.988107617910487,642.4063350669139,0.0
2458239.6433763485,-3636224.1951565146,-3636224.1951565146,-3636224.1951565146,-3636224.1951565146,-3636224.1951565146,-3636224.1951565146,0.0,0.0,0.386306848418359,-9999.99,13.0,-9999.99,-9999.99,-9999.99,-9999.99,5.0
2458240.45630565,7779.321546864997,516.8061139286485,6799.179549888456,556.3958374515182,6799.179549888456,556.3958374515182,18.560347695706877,1.3886994989647463,0.0880072142359309,5.040426253546061e-09,13.0,16570.7205078125,90.84318142642614,6.988107617910487,642.4063350669139,6.0
2458240.487733107,7688.308052380855,57.754314190116986,6701.2154390092355,63.07259061051317,6701.2154390092355,63.07259061051317,18.316149810472368,0.1720255367060069,0.3722438106480476,6.492771971781713e-09,13.0,5961.491455078125,53.42088619095801,6.988107617910487,642.4063350669139,0.0
2458240.532678747,7680.090943947812,53.47330588627928,6692.370797605187,58.52021698051405,6692.370797605187,58.52021698051405,18.294102524919104,0.1617197038304942,0.3840966903154188,6.711067832921664e-09,13.0,5432.211083984375,52.037888264162376,6.988107617910487,642.4063350669139,0.0
2458240.588373357,7191.127206907621,85.4265617338,6166.065352211372,92.119384722469,6166.065352211372,92.119384722469,16.98216618824341,0.2400051972980194,-0.1253392246165741,6.380616123471432e-09,13.0,18302.641210937498,94.77321252749836,6.988107617910487,642.4063350669139,6.0
2458240.5992099824,-3636224.1951565146,-3636224.1951565146,-3636224.1951565146,-3636224.1951565146,-3636224.1951565146,-3636224.1951565146,0.0,0.0,0.1220147625857572,-9999.99,13.0,-9999.99,-9999.99,-9999.99,-9999.99,7.0
2458240.6437897063,8011.715214518012,422.30775123731064,7049.320906998472,454.77930793291284,7049.320906998472,454.77930793291284,19.18388206832285,1.1357891937398603,0.0925385816656957,6.568461645229909e-09,13.0,5058.9884765625,42.55684866320991,6.988107617910487,642.4063350669139,4.0
2458333.3201195425,7464.983696190988,7.962735479696741,6460.836008290558,11.934906150310121,6460.836008290558,11.934906150310121,17.716949265410044,0.0758843810814638,1.0006967409106886,6.1574341536112435e-09,13.0,1542.2533691406252,33.82664358158959,6.988107617910487,642.4063350669139,0.0
2458334.354839549,7490.736429119447,12.73094228500812,6488.555453613986,16.164209789134897,6488.555453613986,16.164209789134897,17.786046303775436,0.0806033940515028,0.6199051484663818,6.658422575892065e-09,13.0,1229.3930786132812,31.37426314381306,6.988107617910487,642.4063350669139,4.0
2458353.2531780265,7443.027729573592,16.491616465041155,6437.203284809742,19.50277131622277,6437.203284809742,19.50277131622277,17.658039313137188,0.0850690925191785,1.0305833604785433,2.7273873377963732e-09,13.0,10885.2419921875,79.3665012416467,6.988107617910487,642.4063350669139,0.0
2458354.3549021315,7613.101294714651,35.38767052143282,6620.265210819028,39.34591552149656,6620.265210819028,39.34591552149656,18.11436290753533,0.1203869706346873,1.0061622437470477,6.1085446472767485e-09,13.0,17590.3078125,108.32464347419192,6.988107617910487,642.4063350669139,0.0
2458359.3481482724,7419.487880556952,7.902746524352786,6411.865719295783,11.565194870936025,6411.865719295783,11.565194870936025,17.594879653339653,0.0755274877911763,0.9799954563027564,6.654927085680079e-09,13.0,2071.192626953125,37.55026385095866,6.988107617910487,642.4063350669139,0.0
2458366.230769004,7483.063330559044,13.817003388483489,6480.296367613396,17.126644564846757,6480.296367613396,17.126644564846757,17.76545864859016,0.0818289979881318,0.8382365577076858,6.274829832993738e-09,13.0,1781.8663330078125,48.25835245741502,6.988107617910487,642.4063350669139,0.0
2458392.241941164,7446.285003072409,8.770314329085139,6440.709313272991,12.446613561526394,6440.709313272991,12.446613561526394,17.66677888856551,0.0763933237607182,0.9694318777484148,6.282885444628471e-09,13.0,1735.6098510742188,38.436722206974736,6.988107617910487,642.4063350669139,0.0
2458205.6486717854,7709.05939416685,12.525373257625084,7127.659990014182,12.746179636079635,7127.659990014182,12.746179636079635,20.204612154057543,0.0710507132039105,0.9798932602048004,3.9124695487313976e-08,13.0,622.5637145996094,22.82690049223507,3.968616049865432,646.3967441814257,0.0
2458223.518424098,7675.716003866501,10.011911319619726,7093.728798208351,10.188408565204593,7093.728798208351,10.188408565204593,20.115828840967755,0.0681652487514881,0.8769005935051579,2.49578808819404e-08,13.0,560.2881225585937,17.099767045320306,3.968616049865432,646.3967441814257,0.0
2458224.515344911,-3636224.1951565146,-3636224.1951565146,-3636224.1951565146,-3636224.1951565146,-3636224.1951565146,-3636224.1951565146,0.0,0.0,0.0524462482561497,-9999.99,13.0,-9999.99,-9999.99,-9999.99,-9999.99,5.0
2458229.6152542923,7693.017034079725,9.75970777699647,7111.3348235499725,9.931758995326552,7111.3348235499725,9.931758995326552,20.161896225488658,0.0679057250052278,1.0155213860138408,3.48872796586126e-08,13.0,535.9235107421875,18.670332686616863,3.968616049865432,646.3967441814257,0.0
2458230.66145374,7676.889920376265,10.998001872232708,7094.9234093711075,11.191882638393945,7094.9234093711075,11.191882638393945,20.11895462380174,0.0692343197615998,1.022785703450404,4.272926616102418e-08,13.0,569.7505126953125,22.743876316186075,3.968616049865432,646.3967441814257,0.0
2458231.494605545,7652.330300122574,3.4666756088407578,7069.930834291007,3.5277886847324527,7069.930834291007,3.5277886847324527,20.053559820372666,0.0634111513498572,0.9999946952611274,3.000845848464338e-08,13.0,536.5629150390625,0.0343913995016512,3.968616049865432,646.3967441814257,0.0
2458333.3118772204,7674.408606058748,10.991459671687123,7092.398352642322,11.185225107184763,7092.398352642322,11.185225107184763,20.11234763801109,0.0692269138818766,0.938361843171074,4.221274899024207e-08,13.0,506.9657775878906,20.73883139427622,3.968616049865432,646.3967441814257,0.0
2458334.346566356,7656.080675633834,17.139589681803223,7073.747324146124,17.44173881923767,7073.747324146124,17.44173881923767,20.063545930369923,0.0775793684405291,0.4517324747889066,2.2284037554110738e-08,13.0,410.4177673339844,15.38139170996623,3.968616049865432,646.3967441814257,4.0
2458366.222491097,7693.690596669091,19.82597160594863,7112.0202601899455,20.175478235380783,7112.0202601899455,20.175478235380783,20.16368971792353,0.0819920644109187,0.7191909927034266,2.4727733208387012e-08,13.0,1391.6873779296875,28.27106430356885,3.968616049865432,646.3967441814257,0.0
2458392.2336996747,7673.8600438725,13.186698475576513,7091.840120003374,13.419163175372326,7091.840120003374,13.419163175372326,20.11088698365375,0.0718935080098681,0.8345153025341976,4.274889993476937e-08,13.0,1328.2250244140623,22.341784673232887,3.968616049865432,646.3967441814257,0.0
