2458645.7875540005,20.47376601005048,0.02669433949445118,17.74780724927749,0.04710556120608893,17.74780724927749.1,0.04710556120608893.1,17.74780724927749.2,0.04710556120608893.2,1.2734839201606034,6.528223233869758e-09,13.0,2457.215966796875,49.23903820883988,451.6774547764321,762.4007694346183,0.0
2458552.875748662,4.41123681748555,0.004905840606459855,3.8211627093226683,0.009467387659590253,3.8211627093226683,0.009467387659590253,17.67415126493968,0.0437898237547392,2.1339680569300152,7.821222753397072e-09,13.0,2379.94658203125,75.74524784527019,451.6774547764321,762.4007694346183,0.0
2458645.69297738,4.429227583939156,0.003998794963787387,3.840005538083487,0.00924451360311446,3.840005538083487,0.00924451360311446,17.76130562896756,0.0427589569514038,2.24190417175166,5.1900517718766454e-09,13.0,2490.193701171875,59.49917208071446,451.6774547764321,762.4007694346183,0.0
2458555.8661880703,4.425811924576015,0.005180812718428004,3.836428109370215,0.009821309606287134,3.836428109370215,0.009821309606287134,17.74475882867987,0.0454268307334374,2.1994092912000847,8.293216484639736e-09,13.0,2359.97763671875,77.50776759953636,451.6774547764321,762.4007694346183,0.0
2458647.624302169,4.414020482367961,0.005127567391478275,3.8240782116078034,0.00963247575860807,3.8240782116078034,0.00963247575860807,17.687636434852763,0.0445534112426427,2.162641429086569,7.343722265441702e-09,13.0,4706.4576171875,79.18554218735669,451.6774547764321,762.4007694346183,0.0
2458559.8573736465,4.420616219302508,0.004494418452731434,3.8309863298322036,0.009370665110741257,3.8309863298322036,0.009370665110741257,17.71958878437094,0.0433424497251233,2.224843389001781,8.230569097671271e-09,13.0,2349.804833984375,69.35396121274934,451.6774547764321,762.4007694346183,0.0
2458653.789671092,4.436835920008906,0.008737663326560202,3.847974213241758,0.01239807785238697,3.847974213241758,0.01239807785238697,17.798163407827595,0.057345242803447,2.212748619563091,7.328576945077941e-09,13.0,12492.5150390625,126.35907563106052,451.6774547764321,762.4007694346183,0.0
2458562.845562868,4.2843879000023595,0.011360707878545852,3.6883060888560086,0.013316328539321276,3.6883060888560086,0.013316328539321276,17.05964510927465,0.0615924583173052,1.67662525482096,7.198958428875105e-09,13.0,4643.642578125,239.1397792937485,451.6774547764321,762.4007694346183,2.0
2458654.6107783155,4.379420795491262,0.008213172641911903,3.787839845850743,0.01137608303471553,3.787839845850743,0.01137608303471553,17.52002191364384,0.0526181761031883,1.8142754336936344,7.507330384404828e-09,13.0,15512.159765625,124.2713109280776,451.6774547764321,762.4007694346183,0.0
2458573.816595727,4.268576197503763,0.009602071478985615,3.671745526894048,0.011582004762305493,3.671745526894048,0.011582004762305493,16.983046989955106,0.0535706327345909,1.6146384936252147,7.454148312393721e-09,13.0,2942.028857421875,208.39124053986265,451.6774547764321,762.4007694346183,2.0
2458655.764973865,4.447289966783264,0.00824853824689584,3.8589233750651184,0.012143394397012943,3.8589233750651184,0.012143394397012943,17.848806931019695,0.0561672469269626,1.417223430088631,7.857675283617904e-09,13.0,9315.1353515625,72.43207292358433,451.6774547764321,762.4007694346183,0.0
2458575.883880605,4.418779166892313,0.00404035708641058,3.829062272617675,0.009114823641778085,3.829062272617675,0.009114823641778085,17.71068937839459,0.0421590976497805,2.165562624753392,8.254850563207712e-09,13.0,2296.888818359375,60.95280182225058,451.6774547764321,762.4007694346183,0.0
2458661.6532382253,4.456769772973275,0.02176135979675841,3.868852155208242,0.02439171630810305,3.868852155208242,0.02439171630810305,17.8947308488099,0.1128198185827386,0.2337198926539561,7.346475486373783e-09,13.0,1789.9616943359374,28.981240927398837,451.6774547764321,762.4007694346183,4.0
2458582.797436348,4.416830584810235,0.005015836036828559,3.827021403564446,0.009605502098055056,3.827021403564446,0.009605502098055056,17.70124967872655,0.0444286490712701,2.1578323136154123,8.319225179858381e-09,13.0,2330.497509765625,76.53773911799061,451.6774547764321,762.4007694346183,0.0
2458661.66505442,4.420456188843157,0.01210295259710877,3.8308187201558788,0.015043078720633296,3.8308187201558788,0.015043078720633296,17.718813533747465,0.0695792534953311,0.447209382151475,8.310815142118208e-09,13.0,1894.584375,36.73525554558557,451.6774547764321,762.4007694346183,4.0
2458583.794176527,4.407787081438927,0.004597991742195336,3.817549590017043,0.00924906487650903,3.817549590017043,0.00924906487650903,17.657439383765368,0.0427800081079608,2.245840385177957,8.280046438353293e-09,13.0,2446.73779296875,75.83423270547429,451.6774547764321,762.4007694346183,0.0
2458661.676869136,4.414316370421939,0.010685866019808808,3.824388113242503,0.013757879616825003,3.824388113242503,0.013757879616825003,17.68906983321488,0.0636347792360031,0.4287438888743488,6.912837657196072e-09,13.0,1855.56328125,31.5630377333666,451.6774547764321,762.4007694346183,4.0
2458585.7888663937,4.397182663751263,0.0038843985635498846,3.8064429355500344,0.00873242963366582,3.8064429355500344,0.00873242963366582,17.606067404598292,0.040390397896249,2.250521815277001,8.044888612323002e-09,13.0,2490.76875,67.00598655409877,451.6774547764321,762.4007694346183,0.0
2457821.901764388,4.431215857702466,0.006435181756764762,3.8420879786592295,0.010671342912688574,3.8420879786592295,0.010671342912688574,17.77093761078454,0.0493585181229647,1.2950257351006922,8.34816057404961e-09,13.0,2351.9736328125,54.956181228209246,451.6774547764321,762.4007694346183,0.0
2458587.783633289,4.4217724723860705,0.004520971908752351,3.832197344321991,0.00940074707903555,3.832197344321991,0.00940074707903555,17.725190130061968,0.0434815888559128,2.2677862428182087,7.337512198714785e-09,13.0,2448.350927734375,70.73882932441114,451.6774547764321,762.4007694346183,0.0
2457844.73369158,4.44175175303857,0.005281364022240179,3.8531228654814287,0.010094471970640137,3.8531228654814287,0.010094471970640137,17.821977640671566,0.0466902977236508,1.2017952845993398,7.62948847428266e-09,13.0,1815.04365234375,39.23137000625742,451.6774547764321,762.4007694346183,0.0
2458589.820394095,4.41007804657243,0.005344420315583402,3.8199490577561717,0.009709149174764536,3.8199490577561717,0.009709149174764536,17.668537721889848,0.044908051350441,2.237642245190176,8.075108900034284e-09,13.0,2973.77021484375,87.14334785789421,451.6774547764321,762.4007694346183,0.0
2457844.746693229,4.424912363610083,0.005807500470362853,3.8354859442165115,0.010186991527970223,3.8354859442165115,0.010186991527970223,17.740401000785635,0.0471182315164798,1.184487545869433,7.060074874387747e-09,13.0,1783.9130859375,46.18102115054625,451.6774547764321,762.4007694346183,0.0
2458590.7758862977,4.416745517101033,0.004819816580977187,3.8269323069558214,0.009493616141721412,3.8269323069558214,0.009493616141721412,17.700837577212482,0.0439111392275153,2.2704033222272444,8.045214151644789e-09,13.0,3775.919335937501,77.41232126032965,451.6774547764321,762.4007694346183,0.0
2457844.7760724565,4.417440715866599,0.005338533609795887,3.8276604310926166,0.009802494076887266,3.8276604310926166,0.009802494076887266,17.704205394055766,0.0453398026380538,1.1875150418834146,6.553120488774227e-09,13.0,1791.3588134765623,43.88601324800304,451.6774547764321,762.4007694346183,0.0
2458601.7428098093,3.9820040472223113,0.005938561181974781,3.3716010072429183,0.006951554412679845,3.3716010072429183,0.006951554412679845,15.594778537341355,0.0321532563678611,1.2917724608911771,5.487454263430635e-09,13.0,3294.677783203125,348.8948804616353,451.6774547764321,762.4007694346183,2.0
2457845.731198966,4.433652864015657,0.005081301504825474,3.8446404042474853,0.009870514938033476,3.8446404042474853,0.009870514938033476,17.78274342994771,0.0456544217947143,1.1998258468970795,7.230915768963547e-09,13.0,1884.2966796875,38.9887653786294,451.6774547764321,762.4007694346183,0.0
2458601.917299757,4.128853830175234,0.009963818647838869,3.525405755966718,0.01114827580749441,3.525405755966718,0.01114827580749441,16.306176768978645,0.0515644917407482,1.3441394572150838,7.866614141929861e-09,13.0,3568.462158203125,326.3939420914475,451.6774547764321,762.4007694346183,2.0
2457846.8609853685,4.415567106424857,0.004263893821212665,3.825698085465684,0.009180685446172593,3.825698085465684,0.009180685446172593,17.6951288914091,0.0424637304492712,1.2516791832014684,7.863999781201057e-09,13.0,1705.86337890625,36.90163973846429,451.6774547764321,762.4007694346183,0.0
2458604.738709719,4.422385583186627,0.004462310211407706,3.8328394927182856,0.00937851169107928,3.8328394927182856,0.00937851169107928,17.728160280446552,0.043378742774741,2.1907016719938075,6.820534543657966e-09,13.0,2366.74697265625,67.13003917048617,451.6774547764321,762.4007694346183,0.0
2457847.7405485627,0.0,0.0,0.0,0.0,0.0,0.0,0.0,0.0,0.0,0.0,13.0,0.0,0.0,0.0,0.0,5.0
2458605.7360795,4.413852193362579,0.0040175018337378484,3.823901952251708,0.009033569787766637,3.823901952251708,0.009033569787766637,17.686821176577087,0.0417832714900742,2.0842932431913668,7.183202320788634e-09,13.0,2441.4369140625,59.48849710175642,451.6774547764321,762.4007694346183,0.0
2457848.91727625,4.424560430404279,0.004986977604834846,3.8351173430705128,0.00969361366068712,3.8351173430705128,0.00969361366068712,17.738696097617048,0.0448361944192737,1.2686960936725182,7.233749720539866e-09,13.0,1876.4811279296875,42.43788906368314,451.6774547764321,762.4007694346183,0.0
2458606.733463814,4.40741156532847,0.004459113232341785,3.817156289054323,0.009168990784392586,3.817156289054323,0.009168990784392586,17.655620235711087,0.042409638740277,2.211313930248658,6.1771773479626764e-09,13.0,2369.454248046875,72.42912572617303,451.6774547764321,762.4007694346183,0.0
2457849.789904132,4.421664170884699,0.004478722622537229,3.8320839135434794,0.009377026013645885,3.8320839135434794,0.009377026013645885,17.72466547490069,0.0433718710213805,1.278299874269489,6.7855782276987515e-09,13.0,1762.659130859375,38.67253634776469,451.6774547764321,762.4007694346183,0.0
2458608.8262262885,4.419944736708736,0.004686530593069038,3.8302830450909457,0.009464095540947407,3.8302830450909457,0.009464095540947407,17.716335858011913,0.0437745966086316,2.2521839697995367,8.103956461058557e-09,13.0,2658.956787109375,73.51035024245714,451.6774547764321,762.4007694346183,0.0
2457851.834647825,4.423244745653062,0.004221171286749498,3.833739346055525,0.009267406639195837,3.833739346055525,0.009267406639195837,17.73232240208555,0.0428648448743726,1.2780893708239147,6.8458544313332886e-09,13.0,2186.8591796875,35.957961154003016,451.6774547764321,762.4007694346183,0.0
2458611.7201801976,4.413302911638795,0.004473627147315142,3.8233266559468304,0.009258130905079286,3.8233266559468304,0.009258130905079286,17.684160239399567,0.0428219415121396,1.981692256191545,8.290380818287657e-09,13.0,2298.9267089843747,63.29833031283882,451.6774547764321,762.4007694346183,0.0
2457864.884784566,4.403983636835631,0.005849851415641644,3.8135660101319946,0.009946575097752096,3.8135660101319946,0.009946575097752096,17.639013998923076,0.0460062253870666,1.2257222717812384,6.270270089853809e-09,13.0,1867.433666992188,53.18379017157908,451.6774547764321,762.4007694346183,0.0
2458613.7682784777,4.412977454514327,0.003985430707788215,3.8229857848182345,0.009005522447309788,3.8229857848182345,0.009005522447309788,17.682583596804903,0.0416535431912493,2.222908951035145,8.038981814983183e-09,13.0,2495.096875,63.33404138431423,451.6774547764321,762.4007694346183,0.0
2457867.794765722,4.417720922568174,0.005943322209957516,3.8279539086889716,0.01018067905707248,3.8279539086889716,0.01018067905707248,17.7055628257658,0.0470890342343986,1.2299568400524918,5.879681657341573e-09,13.0,1676.236181640625,50.99851816375167,451.6774547764321,762.4007694346183,0.0
2458617.8568117856,4.423977993799631,0.004777411513901722,3.8345073216334766,0.00956912688014359,3.8345073216334766,0.00956912688014359,17.735874545128134,0.0442604015632292,2.217718851134062,7.4401173229911395e-09,13.0,2875.361669921874,72.46990834262185,451.6774547764321,762.4007694346183,0.0
2457914.6605600743,-2162.00417823741,-2162.00417823741,-2162.00417823741,-2162.00417823741,-2162.00417823741,-2162.00417823741,-9999.99,-9999.99,1.29867851565995,-9999.99,13.0,-9999.99,-9999.99,-9999.99,-9999.99,3.0
2458618.70156257,4.428353230515748,0.005495613177194452,3.8390897743289987,0.010040815828671636,3.8390897743289987,0.010040815828671636,17.757069916345248,0.0464421201814774,2.186172969251695,7.673851842717353e-09,13.0,4057.8956054687496,80.72482312566785,451.6774547764321,762.4007694346183,0.0
2457914.676125683,-2162.00417823741,-2162.00417823741,-2162.00417823741,-2162.00417823741,-2162.00417823741,-2162.00417823741,-9999.99,-9999.99,1.3013052863410404,-9999.99,13.0,-9999.99,-9999.99,-9999.99,-9999.99,3.0
2458618.8897766625,4.394855863294371,0.004840137597366678,3.8040059352875444,0.009210316307620989,3.8040059352875444,0.009210316307620989,17.594795466042303,0.0426007830605279,2.1362021717245043,5.3817813320171055e-09,13.0,3752.718310546875,80.37328534427105,451.6774547764321,762.4007694346183,0.0
2457915.53601796,4.3830931285144725,0.014194494033768275,3.7916861045683747,0.0166525994754688,3.7916861045683747,0.0166525994754688,17.537812142312635,0.0770238234990159,1.1844364969318104,5.230639118450096e-09,13.0,20883.025390625,138.33707290031117,451.6774547764321,762.4007694346183,0.0
2458625.7003256227,4.420085346621972,0.005375269875095783,3.830430314442923,0.009859394567926252,3.830430314442923,0.009859394567926252,17.717017027855107,0.0456029863761393,2.2546565067539803,6.977934144738181e-09,13.0,10501.0755859375,84.50922663929785,451.6774547764321,762.4007694346183,0.0
2457915.84461488,4.450046081645727,0.01059454061351569,3.8618100225313317,0.014025705542744401,3.8618100225313317,0.014025705542744401,17.862158637776893,0.0648735634196295,1.21655343855988,6.646968275068658e-09,13.0,17345.4140625,79.13879389709639,451.6774547764321,762.4007694346183,0.0
2458626.6764046648,4.397702673826572,0.005406022670910282,3.8069875738692653,0.009585977397339497,3.8069875738692653,0.009585977397339497,17.608586538372755,0.0443383408221585,2.213772886538232,7.472720791136467e-09,13.0,7036.53916015625,92.02498547080756,451.6774547764321,762.4007694346183,0.0
2457917.65710363,4.576036586592412,0.017387492646231503,3.9937675751081834,0.0210992066429271,3.9937675751081834,0.0210992066429271,18.472506304759104,0.0975908638665154,1.2159900970247706,7.011299684169813e-09,13.0,10996.829296875,75.62760207927934,451.6774547764321,762.4007694346183,0.0
2458627.8000402674,4.419005512762663,0.0052906536259398574,3.829299338475137,0.009794723394596087,3.829299338475137,0.009794723394596087,17.711785887008137,0.0453038606422024,2.0935241513840417,8.346299636536313e-09,13.0,3773.7100585937496,77.49909231928015,451.6774547764321,762.4007694346183,0.0
2457917.783162222,4.534812948281858,0.013542145471259509,3.9505915403579754,0.017337183070930597,3.9505915403579754,0.017337183070930597,18.27280275187618,0.0801902508249627,1.2073782707224674,5.756721283854879e-09,13.0,9971.7462890625,69.61666215861922,451.6774547764321,762.4007694346183,0.0
2458629.672143226,4.313966293707929,0.07429186441755993,3.719285347524692,0.07807521462653728,3.719285347524692,0.07807521462653728,17.20293450714566,0.3611238929934631,0.0282195208704495,7.0992945015844595e-09,13.0,1484.306323242187,21.09693782608648,451.6774547764321,762.4007694346183,6.0
2457918.644939944,4.661615485063806,0.030181045169258812,4.083399583482835,0.033843580240799497,4.083399583482835,0.033843580240799497,18.88708422114277,0.1565378399259638,0.7779157102404944,6.3586031892620245e-09,13.0,6873.38134765625,57.8067356416443,451.6774547764321,762.4007694346183,0.0
2458631.7562794965,4.402158731457465,0.00622257651857965,3.8116546752461735,0.010169252010442893,3.8116546752461735,0.010169252010442893,17.63017343795781,0.0470361803346811,1.4807321360556696,8.049230379447754e-09,13.0,2529.053076171874,69.10278788813045,451.6774547764321,762.4007694346183,0.0
2457919.715205584,4.35765582694588,0.016714090994822767,3.765044064673612,0.018891191769463266,3.765044064673612,0.018891191769463266,17.41458382702583,0.0873780590640332,0.2849503961233596,8.309209779053675e-09,13.0,5681.07216796875,42.65169759268498,451.6774547764321,762.4007694346183,4.0
2458635.818633756,4.423567779282683,0.004882722733092281,3.8340776789099174,0.009621659981355262,3.8340776789099174,0.009621659981355262,17.733887304315925,0.0445033846675514,2.199463924286123,5.8834336163105125e-09,13.0,2753.523828125,73.59451107503438,451.6774547764321,762.4007694346183,0.0
2457919.8456720416,4.47517194610141,0.0603978845823454,3.888125875312085,0.06389376406900768,3.888125875312085,0.06389376406900768,17.98387822893122,0.2955299569649002,0.2111870515450486,5.491710741303439e-09,13.0,8413.2236328125,70.29625016506718,451.6774547764321,762.4007694346183,4.0
2458637.7195931133,4.418287633574696,0.004341822690575981,3.828547459746417,0.009258744637299834,3.828547459746417,0.009258744637299834,17.708308197258923,0.0428247802282392,2.24051066115178,8.334002223308013e-09,13.0,2684.79833984375,68.07669487548038,451.6774547764321,762.4007694346183,0.0
2457920.808129834,0.0,0.0,0.0,0.0,0.0,0.0,0.0,0.0,0.0,0.0,13.0,0.0,0.0,0.0,0.0,5.0
2458638.6479320894,4.412658934241827,0.005599216179895539,3.8226521790784753,0.009898748386559714,3.8226521790784753,0.009898748386559714,17.681040559055436,0.0457850109053968,1.8528724269222383,7.544355142172982e-09,13.0,2162.9380859375,74.51581621513432,451.6774547764321,762.4007694346183,0.0
2457922.617183335,4.472497092142782,0.016645604533926148,3.885324337354678,0.0195945709854042,3.885324337354678,0.0195945709854042,17.97092018202239,0.0906314223999688,0.2700844902735359,5.063910502567127e-09,13.0,1610.844384765625,23.27444312869097,451.6774547764321,762.4007694346183,4.0
2458639.807409977,4.324916091430024,0.0095520419863813,3.730753739600988,0.01198133050182748,3.730753739600988,0.01198133050182748,17.255979643336165,0.0554176473898623,0.7172196100205375,6.140903541611172e-09,13.0,2359.78798828125,71.74793281458544,451.6774547764321,762.4007694346183,0.0
2457922.6727261646,4.452877813348763,0.01663035446527418,3.864775868134104,0.01943631750240097,3.864775868134104,0.01943631750240097,17.87587666231534,0.0898994472893621,0.2933083493205798,4.4156693549913246e-09,13.0,1497.291162109375,28.15407407311818,451.6774547764321,762.4007694346183,4.0
2458641.7617953583,4.4021515392373995,0.005150903676833791,3.8116471423947265,0.00948901287039167,3.8116471423947265,0.00948901287039167,17.630138596008887,0.0438898475631753,2.149557005946513,8.348486365229743e-09,13.0,2589.145458984375,83.37142897333487,451.6774547764321,762.4007694346183,0.0
2457923.8141420176,4.401176204178212,0.005365909571466331,3.810625614404125,0.009606172736554576,3.810625614404125,0.009606172736554576,17.625413688539435,0.0444317509978789,1.1668496744131986,8.311910544653704e-09,13.0,1998.7121337890624,46.69668973151639,451.6774547764321,762.4007694346183,0.0
2458642.6375928437,4.405491979345365,0.004403031418186305,3.8151457893869205,0.009112676803610983,3.8151457893869205,0.009112676803610983,17.646321004575736,0.0421491678076374,2.1991553438910323,7.739726303722851e-09,13.0,2505.484619140625,71.69420920267072,451.6774547764321,762.4007694346183,0.0
2457928.51993801,-2162.00417823741,-2162.00417823741,-2162.00417823741,-2162.00417823741,-2162.00417823741,-2162.00417823741,-9999.99,-9999.99,0.0092204606072218,-9999.99,13.0,-9999.99,-9999.99,-9999.99,-9999.99,7.0
2458644.7067222367,4.427305359768797,0.003863598168314128,3.837992275281407,0.009153389518550712,3.837992275281407,0.009153389518550712,17.751993617413262,0.0423374776852816,2.257363050702965,7.569117223103063e-09,13.0,2346.70556640625,58.367411528197565,451.6774547764321,762.4007694346183,0.0
2458656.664031166,4.45735294583055,0.008997623461315468,3.8694629477676328,0.012823915916238333,3.8694629477676328,0.012823915916238333,17.89755596799674,0.0593148857962763,1.1730572302490907,7.471346788575174e-09,13.0,7234.70029296875,62.3507190787509,451.6774547764321,762.4007694346183,0.0
2457928.6362991566,4.404281041918251,0.007798451582361704,3.8138775006434686,0.011321786868313779,3.8138775006434686,0.011321786868313779,17.640454746369905,0.0523670382346674,0.6533691593198293,8.334830648753564e-09,13.0,1794.7365234375002,37.11591274320509,451.6774547764321,762.4007694346183,4.0
2458661.629563602,4.406609199739897,0.009048664707634622,3.816315922556984,0.012323702744858864,3.816315922556984,0.012323702744858864,17.65173326053578,0.0570012331391658,0.3910883956876726,7.916788723242051e-09,13.0,1750.753076171875,24.50789738868843,451.6774547764321,762.4007694346183,4.0
2457928.66047753,4.422869927068687,0.007202291770918318,3.8333467756544835,0.011096996083874775,3.8333467756544835,0.011096996083874775,17.730506633122552,0.0513273059255861,0.7063896089364006,8.157928117998045e-09,13.0,1774.0515380859376,33.90628208863522,451.6774547764321,762.4007694346183,0.0
2458661.641392995,4.46237408178912,0.019251162383392244,3.87472189019769,0.021991329356787312,3.87472189019769,0.021991329356787312,17.92188032973504,0.1017172287954898,0.3283140567785748,4.339405371946639e-09,13.0,1773.8189697265625,35.76476605051037,451.6774547764321,762.4007694346183,4.0
2458668.699737273,4.421294668551456,0.00425667553770286,3.8316969111770174,0.009257659947086518,3.8316969111770174,0.009257659947086518,17.722875459953656,0.0428197631744354,2.225271500193565,4.700163317962654e-09,13.0,2105.885693359375,65.24988756080413,451.6774547764321,762.4007694346183,0.0
2457929.5496925926,0.0,0.0,0.0,0.0,0.0,0.0,0.0,0.0,0.0,0.0,13.0,0.0,0.0,0.0,0.0,5.0
2457932.761245984,4.413696425114148,0.008178845510850645,3.8237388066492612,0.01171494253969366,3.8237388066492612,0.01171494253969366,17.686066573783325,0.0541855142680705,0.9980061450663223,6.458727139188698e-09,13.0,1767.8476318359374,58.04135770526714,451.6774547764321,762.4007694346183,0.0
2457932.820281127,4.400856956164868,0.0074581036635962316,3.8102912464569245,0.011028644316240115,3.8102912464569245,0.011028644316240115,17.62386712532648,0.0510111562161132,0.9741856166074716,8.295812326946067e-09,13.0,1938.2200195312496,54.48505693384306,451.6774547764321,762.4007694346183,0.0
2457933.67219274,4.416111252456388,0.004090442515740677,3.8262680028463283,0.00910141731245087,3.8262680028463283,0.00910141731245087,17.697764949269043,0.0420970889078186,1.1507516337906718,4.6595906889905506e-09,13.0,1552.0079345703125,32.0688926539216,451.6774547764321,762.4007694346183,0.0
2457936.722972521,4.422401341119302,0.006238837367306307,3.8328559969638283,0.010431437286613337,3.8328559969638283,0.010431437286613337,17.728236618083653,0.0482488746329822,1.1772917825624665,8.348877431403968e-09,13.0,2246.087939453125,50.17854352351051,451.6774547764321,762.4007694346183,0.0
2457936.787188911,4.41295341560949,0.004459406716214912,3.8229606074046663,0.009245758092651452,3.8229606074046663,0.009245758092651452,17.682467142874586,0.0427647131303466,1.1468596894617062,7.760094673850186e-09,13.0,1663.123681640625,35.65376465977964,451.6774547764321,762.4007694346183,0.0
2457937.768111161,4.425852569027766,0.00531437972519716,3.8364706787874985,0.009899827975665439,3.8364706787874985,0.009899827975665439,17.744955726424763,0.0457900043648776,1.1424179087243551,8.326942975782669e-09,13.0,2377.557568359375,40.263402022132425,451.6774547764321,762.4007694346183,0.0
2457938.5007220856,4.398594967044836,0.007027401871133354,3.807922127066845,0.01068763948199532,3.807922127066845,0.01068763948199532,17.612909158432583,0.0494338951882554,1.140713644037092,7.53440324438522e-09,13.0,5751.33740234375,61.03442705350248,451.6774547764321,762.4007694346183,0.0
2457939.47026248,0.0,0.0,0.0,0.0,0.0,0.0,0.0,0.0,0.0,0.0,13.0,0.0,0.0,0.0,0.0,5.0
2457941.580708092,4.406463502543374,0.07013198989665842,3.8161633249824396,0.07387447739608458,3.8161633249824396,0.07387447739608458,17.651027445887117,0.3416940830421235,0.3366633836438278,4.295343690132707e-09,13.0,66669.95,176.07351647974454,451.6774547764321,762.4007694346183,6.0
2457941.788830149,4.238106979014542,0.013034001874481983,3.6398332530090576,0.014646060161353669,3.6398332530090576,0.014646060161353669,16.83544208570033,0.0677429103177488,0.8898827269886624,5.93636221558471e-09,13.0,44038.965625,177.42523692768168,451.6774547764321,762.4007694346183,0.0
2457942.48499078,4.698745324626341,0.07002441521346876,4.1222879327145225,0.07443512724910731,4.1222879327145225,0.07443512724910731,19.066955799258963,0.344287275497607,1.1469989718798783,6.160066484772206e-09,13.0,32334.130859375,172.1655306390713,451.6774547764321,762.4007694346183,0.0
2457942.7506021904,4.398343666029331,0.016298276999459786,3.807658924161359,0.01874517515190241,3.807658924161359,0.01874517515190241,17.611691757259475,0.0867026835350956,1.1347348042962928,7.922417975560408e-09,13.0,26565.398828125,142.58301748715,451.6774547764321,762.4007694346183,0.0
2457944.685506,4.44550792810847,0.009136317578945112,3.857056937096458,0.012802329741548036,3.857056937096458,0.012802329741548036,17.8401740332621,0.0592150425428663,1.1647003163810208,8.135208538332969e-09,13.0,7882.08623046875,66.37180802077168,451.6774547764321,762.4007694346183,0.0
2457945.632456465,4.802574876170339,0.05097559170450021,4.231034964982515,0.055318060079366516,4.231034964982515,0.055318060079366516,19.56994707289109,0.2558644674146969,1.180466496180027,7.882105308232981e-09,13.0,10140.72109375,81.86334837238314,451.6774547764321,762.4007694346183,0.0
2457945.7313681445,5.018916917543405,0.13523485745972497,4.457623201224207,0.14280151270314143,4.457623201224207,0.14280151270314143,20.61799319571673,0.6605045972577565,1.1774681105914548,8.322279687572733e-09,13.0,8707.4556640625,86.37614744988427,451.6774547764321,762.4007694346183,0.0
2457946.529982985,4.42640033432273,0.004464109942260548,3.837044386843835,0.009435612561145511,3.837044386843835,0.009435612561145511,17.747609317423354,0.0436428533326212,1.1798579814511332,6.087896577407813e-09,13.0,2117.85185546875,34.485105359704995,451.6774547764321,762.4007694346183,0.0
2457946.687990557,4.4354998946826765,0.006195027733713191,3.8465749122999577,0.010568875624290574,3.8465749122999577,0.010568875624290574,17.791691174533206,0.0488845727580013,1.1831540792526791,8.01456266887951e-09,13.0,2632.803369140625,47.117203250500566,451.6774547764321,762.4007694346183,0.0
2457947.677525408,4.368601276474635,0.017828686720710196,3.7765079026213937,0.020039590614395062,3.7765079026213937,0.020039590614395062,17.4676078988539,0.0926897865254907,0.3112523066908514,7.760718155949288e-09,13.0,7277.537988281249,47.6638616018437,451.6774547764321,762.4007694346183,4.0
2457948.575485768,4.409737262879929,0.006458480524879561,3.8195921341765757,0.01042137389835273,3.8195921341765757,0.01042137389835273,17.666886831358436,0.0482023281077788,1.018049422172606,8.190192022334099e-09,13.0,1638.6167480468748,47.28835742604204,451.6774547764321,762.4007694346183,0.0
2457948.5941631044,4.423509550632466,0.006823267788020999,3.834016692487361,0.010838805753377376,3.834016692487361,0.010838805753377376,17.73360522178258,0.0501330895826854,0.881889752153801,8.216573855224166e-09,13.0,1646.4796630859375,40.43714388753011,451.6774547764321,762.4007694346183,0.0
2457954.574370821,4.4211936349157765,0.006562337771667756,3.8315910924782353,0.010632104995037372,3.8315910924782353,0.010632104995037372,17.722386013198516,0.0491770296743842,1.1192071685321965,5.5050090577422094e-09,13.0,1754.8108642578125,50.4697042633336,451.6774547764321,762.4007694346183,0.0
2457954.772326633,4.418629933558476,0.012246114609072722,3.8289059714304967,0.015153969666244847,3.8289059714304967,0.015153969666244847,17.709966433302952,0.0700921610828225,0.4200507872993075,8.020954625490047e-09,13.0,1758.5536376953123,35.04646521628336,451.6774547764321,762.4007694346183,4.0
2457955.622977011,4.425006683825035,0.004879094668176327,3.8355847315396425,0.009639300621938685,3.8355847315396425,0.009639300621938685,17.74085792508457,0.0445849785105252,1.1446524281335757,5.564351956228109e-09,13.0,1696.4038818359377,36.95923534869932,451.6774547764321,762.4007694346183,0.0
2457956.567324613,4.416560999119769,0.004290919216782828,3.826739050001861,0.009208428999140697,3.826739050001861,0.009208428999140697,17.699943699380754,0.0425920536296971,1.2007675869296996,5.557142779921443e-09,13.0,1851.2357421875,35.40632032370939,451.6774547764321,762.4007694346183,0.0
2457958.574212403,0.0,0.0,0.0,0.0,0.0,0.0,0.0,0.0,0.0,0.0,13.0,0.0,0.0,0.0,0.0,5.0
2457960.656543944,4.429602125985189,0.005210701323244408,3.8403978188490306,0.009889592219721978,3.8403978188490306,0.009889592219721978,17.763120058269834,0.0457426605816845,1.195432492273071,5.9823978831432044e-09,13.0,1492.5294921875,40.86503486284649,451.6774547764321,762.4007694346183,0.0
2457965.5901423763,4.621557070661614,0.39947364377342276,4.0414439589152575,0.41854888390326417,4.0414439589152575,0.41854888390326417,18.69302547216219,1.935928105817099,0.0551668915947847,6.547958396111215e-09,13.0,6667.5291015625,64.99362716572503,451.6774547764321,762.4007694346183,4.0
2457968.5422746576,0.0,0.0,0.0,0.0,0.0,0.0,0.0,0.0,0.0,0.0,13.0,0.0,0.0,0.0,0.0,5.0
2457968.704035311,4.448787746214679,0.010974106941456384,3.86049209096282,0.014330061358024473,3.86049209096282,0.014330061358024473,17.856062764957375,0.0662813105183071,1.179548400627015,7.793665361553085e-09,13.0,9872.32578125,79.93910808101118,451.6774547764321,762.4007694346183,0.0
2457969.754045121,4.6833464679762145,0.058833165617835304,4.106159769430376,0.06286598834508264,4.106159769430376,0.06286598834508264,18.99235766795872,0.2907761516462295,1.1098222430920146,8.187401986533673e-09,13.0,25626.55859375,149.39119378508332,451.6774547764321,762.4007694346183,0.0
2457970.558578161,4.467750255545695,0.01396176760925779,3.880352685402819,0.01710133258909917,3.880352685402819,0.01710133258909917,17.94792463451027,0.0790993637288368,1.1706645142257142,5.951156322755191e-09,13.0,12680.9818359375,93.28568840711746,451.6774547764321,762.4007694346183,0.0
2457971.504186619,4.46951982022969,0.014071637811139074,3.8822060585988805,0.017214748553370317,3.8822060585988805,0.017214748553370317,17.956497103339625,0.0796239503693106,1.1861679103205949,7.968454176970129e-09,13.0,11564.1048828125,94.57349902373493,451.6774547764321,762.4007694346183,0.0
2457972.4779339395,4.637506085250945,0.04647304245391755,4.058148336218226,0.05005684958120021,4.058148336218226,0.05005684958120021,18.77028878537284,0.2315296151053686,1.1761918370994235,4.122995284600713e-09,13.0,24566.21640625,151.96946631757186,451.6774547764321,762.4007694346183,2.0
2457973.5586458915,-2162.00417823741,-2162.00417823741,-2162.00417823741,-2162.00417823741,-2162.00417823741,-2162.00417823741,-9999.99,-9999.99,0.9930760111880768,-9999.99,13.0,-9999.99,-9999.99,-9999.99,-9999.99,1.0
2457973.6908085914,-2162.00417823741,-2162.00417823741,-2162.00417823741,-2162.00417823741,-2162.00417823741,-2162.00417823741,-9999.99,-9999.99,0.0934720187757484,-9999.99,13.0,-9999.99,-9999.99,-9999.99,-9999.99,7.0
2457974.488831212,4.435550894436705,0.006033277081226728,3.8466283274579194,0.010466382972526202,3.8466283274579194,0.010466382972526202,17.791938237444025,0.0484105100790139,1.174728243097899,8.006209844588881e-09,13.0,4761.81494140625,45.50182269931811,451.6774547764321,762.4007694346183,0.0
2457979.571866205,4.418745732404288,0.0047264554761901004,3.829027254635857,0.00946939577352944,3.829027254635857,0.00946939577352944,17.710527408555894,0.0437991119510863,1.1670487890150971,7.1483942333828924e-09,13.0,1827.1884765625,37.74478321782328,451.6774547764321,762.4007694346183,0.0
2457980.5027886257,4.419933079084567,0.005371712468559258,3.8302708353489914,0.009855255016922181,3.8302708353489914,0.009855255016922181,17.716279383885414,0.0455838395728806,1.1408575578432696,7.0075168750197275e-09,13.0,2174.60546875,41.901073410952655,451.6774547764321,762.4007694346183,0.0
2457980.6178851826,4.426976216731853,0.007262266604306629,3.8376475436715034,0.011188254770040346,3.8376475436715034,0.011188254770040346,17.750399118805714,0.0517494077689844,1.1224709209851464,6.493328000435464e-09,13.0,2287.496142578125,54.5759958823894,451.6774547764321,762.4007694346183,0.0
2457981.624695877,4.413720564305655,0.005859240940608838,3.8237640890991873,0.010076001436065615,3.8237640890991873,0.010076001436065615,17.68618351354181,0.0466048653443339,1.1484069884241048,4.296939739835258e-09,13.0,1946.4509765625,47.61201902985879,451.6774547764321,762.4007694346183,0.0
2457983.67671308,4.356880411913161,0.011533128666010778,3.7642319251398275,0.01400593519715768,3.7642319251398275,0.01400593519715768,17.410827410966046,0.0647821189811063,0.9301626005139502,7.925538379201701e-09,13.0,1985.2799560546875,98.13562090463104,451.6774547764321,762.4007694346183,2.0
2457986.609924924,4.391750267697947,0.009329032953690464,3.8007532552989147,0.012403325102516807,3.8007532552989147,0.012403325102516807,17.579750736856802,0.0573695130843993,1.03316786124238,7.198761678227513e-09,13.0,1832.608740234375,75.64262356580443,451.6774547764321,762.4007694346183,0.0
2457989.697470366,4.285926718748746,0.1822869398250172,3.689917787735369,0.19101455442230514,3.689917787735369,0.19101455442230514,17.067099753830316,0.8835059863921102,0.0127608633068137,7.559382179236421e-09,13.0,960.584765625,27.33571964589386,451.6774547764321,762.4007694346183,6.0
2457990.65519863,4.432073943642892,0.0047870917533527745,3.842986704485015,0.009685993337638804,3.842986704485015,0.009685993337638804,17.775094517307227,0.0448009478850408,1.1756304775694346,8.231482507425295e-09,13.0,1853.8760498046877,36.23057766396194,451.6774547764321,762.4007694346183,0.0
2457993.591957973,4.456892908643779,0.006823702593243722,3.8689811227183037,0.011251365641639453,3.8689811227183037,0.011251365641639453,17.895327366533557,0.0520413165873091,1.1603118149921612,8.31071925433135e-09,13.0,2931.627294921875,46.32545216991223,451.6774547764321,762.4007694346183,0.0
2457995.497142797,4.463128688268945,0.006536986341146518,3.87551223566284,0.011143034083341372,3.87551223566284,0.011143034083341372,17.925535940962618,0.0515402470192806,1.1781049437877114,4.479019004310561e-09,13.0,3593.93798828125,43.80124363901604,451.6774547764321,762.4007694346183,0.0
2457996.6720416825,4.653133098170178,0.05683170949565761,4.074515461501051,0.0607104613640886,4.074515461501051,0.0607104613640886,18.845992195571817,0.2808061208425685,0.6530817294597396,3.590480205051776e-09,13.0,22423.984375,96.1004061797108,451.6774547764321,762.4007694346183,4.0
2457998.6187601136,4.451996984006334,0.008024597663473371,3.86385332175401,0.01203227005506952,3.86385332175401,0.01203227005506952,17.871609577788693,0.0556532598036367,1.157383377423127,7.089202176984723e-09,13.0,7283.496484375,55.978554684239626,451.6774547764321,762.4007694346183,0.0
2457999.4855234814,4.516615267898375,0.022760107645179252,3.931531997998048,0.025724481884707755,3.931531997998048,0.025724481884707755,18.1846460152138,0.118984303634408,0.9141877972558528,8.207895138820605e-09,13.0,14643.474609375,96.46883280542484,451.6774547764321,762.4007694346183,0.0
2458000.6659434848,-2162.00417823741,-2162.00417823741,-2162.00417823741,-2162.00417823741,-2162.00417823741,-2162.00417823741,-9999.99,-9999.99,1.01979219372707,-9999.99,13.0,-9999.99,-9999.99,-9999.99,-9999.99,1.0
2458003.570667568,4.439332072434427,0.006488697182919547,3.850588586166686,0.010808610986892314,3.850588586166686,0.010808610986892314,17.810255754072205,0.0499934287226638,1.1485410813672587,5.315569897133805e-09,13.0,3237.030029296875,47.16933006666092,451.6774547764321,762.4007694346183,0.0
2458004.556674968,4.42950981855004,0.005234833207757736,3.8403011396331506,0.009902321043861571,3.8403011396331506,0.009902321043861571,17.762672884669637,0.0458015356363162,1.146872899118499,6.752098419177144e-09,13.0,2406.794287109375,39.19895746522885,451.6774547764321,762.4007694346183,0.0
2458005.652066875,4.4270445454679574,0.005713748886520126,3.8377191085310196,0.010156434787420947,3.8377191085310196,0.010156434787420947,17.750730130136184,0.0469768964057519,1.0256019442357265,8.325506893780344e-09,13.0,3062.88642578125,38.6994415170498,451.6774547764321,762.4007694346183,0.0
2458008.5424054526,4.40852951564035,0.005153505359085433,3.8183271867114166,0.00957474006964669,3.8183271867114166,0.00957474006964669,17.661036027678474,0.0442863644357639,1.0865854086816211,4.493881153004305e-09,13.0,1854.722119140625,40.12567023692259,451.6774547764321,762.4007694346183,0.0
2458019.509596778,4.424110168335328,0.004447627378626852,3.83464575609924,0.009394981820015818,3.83464575609924,0.009394981820015818,17.736514850677597,0.0434549226111733,1.11819194193676,8.084926300207694e-09,13.0,1970.6514404296877,32.83757596510787,451.6774547764321,762.4007694346183,0.0
2458032.5344161717,4.429179129329035,0.007432357094753103,3.8399547886102234,0.011335940734530621,3.8399547886102234,0.011335940734530621,17.761070895737046,0.0524325045839254,1.0741932900795648,7.2847032834107134e-09,13.0,3550.410302734375,52.9139858527947,451.6774547764321,762.4007694346183,0.0
2458036.5230566296,0.0,0.0,0.0,0.0,0.0,0.0,0.0,0.0,0.0,0.0,13.0,0.0,0.0,0.0,0.0,5.0
2458042.4989677826,4.368810081966428,0.005882094601847575,3.776726597368853,0.009534326519917733,3.776726597368853,0.009534326519917733,17.468619434959916,0.0440994382969423,1.0516309738958345,5.1103011193928995e-09,13.0,2301.830078125,53.24243269685592,451.6774547764321,762.4007694346183,0.0
2458045.524245484,4.4060996692442735,0.007401062367986873,3.8157822601417566,0.011046017544231481,3.8157822601417566,0.011046017544231481,17.649264893976003,0.0510915131867103,1.044193425689136,8.199670371832889e-09,13.0,2318.256640625,56.7428629760292,451.6774547764321,762.4007694346183,0.0
2458166.847815993,4.411521408845902,0.013979535935988,3.821460779240022,0.01666373959606673,3.821460779240022,0.01666373959606673,17.67552993766512,0.077075350270194,0.2550073178620234,7.746988383092894e-09,13.0,1614.8620117187502,24.16592738597404,451.6774547764321,762.4007694346183,4.0
2458173.8907121285,4.427066433573366,0.00576321842357891,3.837742033280957,0.010187334155684829,3.837742033280957,0.010187334155684829,17.750836164746307,0.0471198162838703,1.0315330155612998,7.130294160937504e-09,13.0,2262.044287109375,39.31919936343201,451.6774547764321,762.4007694346183,0.0
2458174.865789967,4.4372749460179,0.006777014593903746,3.8484340320010277,0.010975557334122284,3.8484340320010277,0.010975557334122284,17.800290222863758,0.0507656112279711,1.0334985124303335,7.401979897779748e-09,13.0,2213.70517578125,44.612811286468215,451.6774547764321,762.4007694346183,0.0
2458175.8410926685,4.429600062815221,0.005596747033285582,3.8403956579650864,0.010118310591387156,3.8403956579650864,0.010118310591387156,17.763110063461284,0.0468005592908964,1.042725529916752,6.024343353936154e-09,13.0,1878.6366455078123,38.112855762934,451.6774547764321,762.4007694346183,0.0
2458178.8686078237,4.425682665204617,0.005454057768753619,3.836292728134106,0.009980565846390775,3.836292728134106,0.009980565846390775,17.74413264533532,0.0461634439298894,1.0186540141142566,6.1199709564382406e-09,13.0,3064.316259765625,36.79026914542117,451.6774547764321,762.4007694346183,0.0
2458180.8976174225,4.437847034596528,0.008308071988171194,3.8490332153182525,0.012081128399951065,3.8490332153182525,0.012081128399951065,17.8030616454358,0.0558792459350004,1.0418698149375418,7.873986252808346e-09,13.0,3755.1836914062496,55.52211082501339,451.6774547764321,762.4007694346183,0.0
2458186.8845094293,4.328885578503035,0.014478786286568412,3.7349112259080846,0.016560067127431275,3.7349112259080846,0.016560067127431275,17.27520940334986,0.0765958305449014,0.8206753188239464,5.527111734470175e-09,13.0,5081.45576171875,123.0137618444502,451.6774547764321,762.4007694346183,2.0
2458195.8548368453,4.425854232449694,0.0045827035578625205,3.8364724209909014,0.009490174038223536,3.8364724209909014,0.009490174038223536,17.744963784696242,0.0438952183514577,1.0777127807695694,6.195245699374449e-09,13.0,1702.5833007812498,32.331017543449825,451.6774547764321,762.4007694346183,0.0
2458203.833274608,4.359094139816326,0.010837304273932882,3.766550497609207,0.013400908273617689,3.766550497609207,0.013400908273617689,17.42155158150256,0.0619836677819679,0.8786857267793073,7.921102009772245e-09,13.0,1796.1426269531248,85.99279897389587,451.6774547764321,762.4007694346183,2.0
2458208.8205833314,4.429881217638217,0.007837200920188789,3.8406901285869273,0.011639232661189934,3.8406901285869273,0.011639232661189934,17.764472088245206,0.0538353308430987,1.0165442437921606,4.616023522422856e-09,13.0,4696.0638671875,52.82975270789351,451.6774547764321,762.4007694346183,0.0
2458208.8346759444,4.4259591358697055,0.007210003036478115,3.836582292751218,0.011139046360423984,3.836582292751218,0.011139046360423984,17.745471978212013,0.0515218024715327,1.0208707829638255,4.454875931477045e-09,13.0,4110.175390625,49.49890251482851,451.6774547764321,762.4007694346183,0.0
2458209.724878933,4.4457676211766906,0.013822418823179378,3.857328929511426,0.01679257303409947,3.857328929511426,0.01679257303409947,17.841432088846425,0.0776712478660272,0.3224003429349146,6.090693195833933e-09,13.0,2093.45556640625,26.309119845540984,451.6774547764321,762.4007694346183,0.0
2458209.7627819357,4.369390499792872,0.012765529921079617,3.7773345044161495,0.015226385163001793,3.7773345044161495,0.015226385163001793,17.471431207691477,0.0704271068940766,0.329090531036479,7.482820694900535e-09,13.0,2226.578564453125,35.44097217923859,451.6774547764321,762.4007694346183,0.0
2458209.8042549645,4.432385457523217,0.012796610512930786,3.843312972002228,0.015760559245425774,3.843312972002228,0.015760559245425774,17.77660361333132,0.0728978400851909,0.3333379621530629,7.783661927773014e-09,13.0,1588.047607421875,26.75074145570531,451.6774547764321,762.4007694346183,0.0
2458209.8172699315,4.414323833170866,0.007601297960766615,3.824395929435351,0.01128731819457442,3.824395929435351,0.01128731819457442,17.68910598571223,0.0522076091289439,1.0198225045014293,8.163819809852269e-09,13.0,3859.05390625,55.06985853205912,451.6774547764321,762.4007694346183,0.0
2458209.862792787,4.459905050827698,0.014322272594192595,3.8721359232389614,0.017360531840548414,3.8721359232389614,0.017360531840548414,17.909919370552846,0.0802982466674503,0.3425384922740225,4.606766755044665e-09,13.0,1090.9985107421876,27.413251196391247,451.6774547764321,762.4007694346183,0.0
2458209.901470352,4.423250246890896,0.010093507764271554,3.83374510783798,0.013345330282159236,3.83374510783798,0.013345330282159236,17.73234905225002,0.0617266010452802,0.3438063633789925,4.70928327002935e-09,13.0,885.1557250976562,22.1021773608681,451.6774547764321,762.4007694346183,0.0
2458210.835086509,4.415502353346642,0.011036317325332341,3.825630265611111,0.014068947799683254,3.825630265611111,0.014068947799683254,17.69481520197484,0.0650735732722092,0.3313718471705918,7.3929499998310825e-09,13.0,1408.922509765625,24.40749261489976,451.6774547764321,762.4007694346183,0.0
2458210.880709605,4.428054433778569,0.012114514854228682,3.8387768262526905,0.01511954348139729,3.8387768262526905,0.01511954348139729,17.755622427175197,0.0699329285023867,0.3315263799542811,8.170209934464903e-09,13.0,1085.4397705078125,25.52813483158188,451.6774547764321,762.4007694346183,0.0
2458210.8876891914,4.401673872211849,0.010604617129700098,3.8111468525382404,0.013571297173707482,3.8111468525382404,0.013571297173707482,17.627824588657596,0.0627717732417816,0.3327895252977295,8.214937755402616e-09,13.0,1025.388427734375,25.075541106606,451.6774547764321,762.4007694346183,0.0
2458211.755784115,4.381665654096716,0.011918957333361818,3.790191023406402,0.014552861833556991,3.790191023406402,0.014552861833556991,17.530896893572873,0.0673118369852526,0.3150692371380671,7.484876870273608e-09,13.0,2714.96376953125,29.604413050467397,451.6774547764321,762.4007694346183,0.0
2458211.7627013214,4.3865979900978935,0.014702645479612655,3.7953569602163006,0.017153872236936804,3.7953569602163006,0.017153872236936804,17.554791073315737,0.0793423771134863,0.3135855720465267,5.584839778914201e-09,13.0,2770.8814453125,36.17978931520451,451.6774547764321,762.4007694346183,0.0
2458211.8877716493,4.420737030980345,0.009244082523112611,3.8311128632827725,0.012626220860464322,3.8311128632827725,0.012626220860464322,17.720174043758092,0.0584004802642753,0.3213462479016477,7.510114927174512e-09,13.0,951.4086059570312,18.453093161506786,451.6774547764321,762.4007694346183,0.0
2458213.8070815075,4.4468631302255766,0.009331742507308357,3.8584763230628516,0.012970479998263885,3.8584763230628516,0.012970479998263885,17.846739166490316,0.0599927935308532,1.0426892107492565,4.579152425407097e-09,13.0,7268.25615234375,60.19285793394128,451.6774547764321,762.4007694346183,0.0
2458221.90365426,4.433929546052406,0.0053782669835740335,3.844930190247048,0.010045336458468553,3.844930190247048,0.010045336458468553,17.784083786792042,0.0464630296011806,1.0362741236943749,7.519920287475658e-09,13.0,1731.451977539063,35.48382166816895,451.6774547764321,762.4007694346183,0.0
2458222.725520714,4.3714770970295955,0.013600444536847594,3.779519925172166,0.016014726900707987,3.779519925172166,0.016014726900707987,17.481539507169316,0.0740734502143155,0.2618981716047379,6.8534039067543755e-09,13.0,523.270068359375,29.172559383869167,451.6774547764321,762.4007694346183,0.0
2458222.923436963,4.396087503672725,0.013517935034987497,3.8052959074965713,0.01612102351707298,3.8052959074965713,0.01612102351707298,17.600762017504316,0.0745651074975823,0.2684416724679277,6.885452117100426e-09,13.0,726.7806274414063,26.34124101763006,451.6774547764321,762.4007694346183,0.0
2458223.711719676,4.408026116079498,0.01361490911450414,3.817799945598713,0.01630196266200055,3.817799945598713,0.01630196266200055,17.658597361783333,0.0754020113565561,0.2740802610851838,4.5625241946958604e-09,13.0,570.4861572265625,25.83502232451225,451.6774547764321,762.4007694346183,0.0
2458223.760321508,4.415943708433427,0.010894860085958052,3.826092523755838,0.013951558730862831,3.826092523755838,0.013951558730862831,17.696953299981875,0.0645306096988129,0.2944747934876076,4.3953800170395825e-09,13.0,528.1611694335938,20.792074002763613,451.6774547764321,762.4007694346183,0.0
2458223.763771026,4.427726716606733,0.010936792256192571,3.838433588038421,0.014097275679267187,3.838433588038421,0.014097275679267187,17.754034836020256,0.0652045991580109,0.2818747398540446,3.347367944651138e-09,13.0,525.6781127929687,18.56334379744023,451.6774547764321,762.4007694346183,0.0
2458223.780509642,4.441427908879318,0.006500378097968374,3.8527836837098395,0.010842715587856143,3.8527836837098395,0.010842715587856143,17.820408811916188,0.0501511738704416,1.0347762846660495,2.4430949647541303e-09,13.0,1763.9542724609375,41.82029913963305,451.6774547764321,762.4007694346183,0.0
2458223.8861196563,4.4224500882087945,0.012710972437026753,3.8329070527686087,0.015600184565486086,3.8329070527686087,0.015600184565486086,17.72847276819954,0.07215605373168,0.2938746328973962,4.831731968047589e-09,13.0,531.4217163085938,24.117676034893464,451.6774547764321,762.4007694346183,0.0
2458223.923526829,4.437673891031481,0.012291684665263022,3.848851871485258,0.01535985831722622,3.848851871485258,0.01535985831722622,17.802222869759618,0.0710444647238847,0.2934154122817262,5.8380801333052385e-09,13.0,858.3802368164063,21.353565400512284,451.6774547764321,762.4007694346183,0.0
2458224.855267088,4.4229110503640054,0.006692900128556202,3.833389846593888,0.010741959054452549,3.833389846593888,0.010741959054452549,17.73070585057443,0.049685141317585,1.0459630235063864,4.6940747539087075e-09,13.0,1826.9067138671876,47.57244676026922,451.6774547764321,762.4007694346183,0.0
2458225.718879109,4.403480811522447,0.012195621311131673,3.8130393704639527,0.014980803242495896,3.8130393704639527,0.014980803242495896,17.636578114909973,0.0692912086502342,0.2784951204866394,7.3506940727154285e-09,13.0,526.7085571289062,23.725864452848874,451.6774547764321,762.4007694346183,0.0
2458225.7258222518,4.434720438711936,0.01057662127759679,3.84575854044492,0.013860126143654693,3.84575854044492,0.013860126143654693,17.78791518257684,0.0641077035051251,0.2859411138643706,5.861928343162558e-09,13.0,517.66005859375,17.40895787193457,451.6774547764321,762.4007694346183,0.0
2458225.764138365,4.408146029891782,0.009397635597807836,3.817925538659842,0.01262234796404114,3.817925538659842,0.01262234796404114,17.659178271555845,0.058382566827339,0.2887900253922089,6.179304784442973e-09,13.0,527.5903930664062,17.572814818092798,451.6774547764321,762.4007694346183,0.0
2458225.921803025,4.4283609748534545,0.006598536278233426,3.8390978854469795,0.010744876347231518,3.8390978854469795,0.010744876347231518,17.757107432969647,0.0496986347691289,0.9605383663736876,5.574660818617776e-09,13.0,2240.105029296875,41.760314904429016,451.6774547764321,762.4007694346183,0.0
2458226.709119308,4.436152742991364,0.010760972769714612,3.847258680216077,0.014028710814628694,3.847258680216077,0.014028710814628694,17.794853829070302,0.0648874638038622,0.2926296045771357,5.905174016162601e-09,13.0,571.7890869140625,18.259915486101512,451.6774547764321,762.4007694346183,0.0
2458226.7293657023,4.392293216236472,0.008221872820769943,3.8013219184719778,0.01151776206044384,3.8013219184719778,0.01151776206044384,17.582380993588608,0.0532734888240212,0.2943960546624622,6.3252465937129985e-09,13.0,547.1063842773438,16.64543555655975,451.6774547764321,762.4007694346183,0.0
2458226.854500475,4.408228334705253,0.009609006343237449,3.81801174151898,0.012796543342652802,3.81801174151898,0.012796543342652802,17.65957698851395,0.0591882785191559,0.3095565624415938,5.787992438914422e-09,13.0,490.43244018554685,19.84134974866812,451.6774547764321,762.4007694346183,0.0
2458226.867243804,4.413881079095173,0.005264099344639048,3.82393220604408,0.009711083917508613,3.82393220604408,0.009711083917508613,17.686961110451506,0.0449170001805534,1.0207769367509023,8.348779039590432e-09,13.0,1632.308203125,37.565656892706365,451.6774547764321,762.4007694346183,0.0
2458227.8238032395,4.411002793108676,0.010940486853025833,3.8209176012962445,0.013945292952308362,3.8209176012962445,0.013945292952308362,17.67301755861393,0.0645016283843836,0.2910677227437959,6.836643510568517e-09,13.0,495.9796569824219,21.00200490605613,451.6774547764321,762.4007694346183,0.0
2458228.674746119,4.413470251139101,0.010369153264839417,3.8235019208282517,0.013481355784050741,3.8235019208282517,0.013481355784050741,17.684970897898385,0.0623557643338401,0.2910797732923591,3.607819791030311e-09,13.0,733.0545166015625,19.634921385987663,451.6774547764321,762.4007694346183,0.0
2458228.7749153557,4.426297241762944,0.009526182726556625,3.8369364117080575,0.012910866560266599,3.8369364117080575,0.012910866560266599,17.7471098964283,0.0597170615087604,0.3210708045019509,5.358026050699482e-09,13.0,506.6742797851563,18.591548377267955,451.6774547764321,762.4007694346183,0.0
2458228.8649770203,4.423739645304598,0.011170830072108095,3.8342576846939433,0.014260303684523955,3.8342576846939433,0.014260303684523955,17.734719891069602,0.0659586580255644,0.3218550138286425,4.194948883949052e-09,13.0,508.3915832519531,22.927058757721323,451.6774547764321,762.4007694346183,0.0
2458228.8929005964,4.4303525858272685,0.008494340591772044,3.841183821287154,0.012139612204563797,3.841183821287154,0.012139612204563797,17.766755581549717,0.0561497530261412,0.3243742168912857,4.140176386497341e-09,13.0,528.9315185546875,15.844251620300868,451.6774547764321,762.4007694346183,0.0
2458229.6742760087,4.431729801955205,0.012105579253030737,3.842626263871923,0.015144068776459461,3.842626263871923,0.015144068776459461,17.77342735932354,0.0700463661672337,0.2959968912681276,6.0720456368965635e-09,13.0,586.9718017578125,21.920705247805177,451.6774547764321,762.4007694346183,0.0
2458229.6844948474,4.433788852649953,0.010695854790288024,3.8447828334517147,0.013951152563749273,3.8447828334517147,0.013951152563749273,17.783402212494178,0.0645287310405222,0.2978282090200873,6.0170303218577885e-09,13.0,583.946826171875,18.658940636559525,451.6774547764321,762.4007694346183,0.0
2458229.8531858018,4.455322850194592,0.007293362113461306,3.867336704589774,0.011550881391107042,3.867336704589774,0.011550881391107042,17.88772138454395,0.0534266767682317,1.0131025536700289,5.720437446959641e-09,13.0,1614.5546875,43.270556145714416,451.6774547764321,762.4007694346183,0.0
2458230.6776513997,4.422825314150841,0.01035814196880655,3.8333000498202234,0.01356183431768884,3.8333000498202234,0.01356183431768884,17.730290510563663,0.0627280043783768,0.305415014668264,8.156123551527403e-09,13.0,652.9844604492187,19.696968757317094,451.6774547764321,762.4007694346183,0.0
2458230.7158265742,4.451323238891884,0.011110605454805895,3.863147667336631,0.014469428245073765,3.863147667336631,0.014469428245073765,17.8683456908877,0.0669259288270285,0.317392913416838,3.7063446499912973e-09,13.0,558.5739868164062,19.37220280841293,451.6774547764321,762.4007694346183,0.0
2458230.7332284944,4.42401752432211,0.008670331115275029,3.8345487243645824,0.01220679282730405,3.8345487243645824,0.01220679282730405,17.736066046560556,0.0564604858000917,0.3171395080114509,6.148792962779628e-09,13.0,547.6882080078125,16.324471876922964,451.6774547764321,762.4007694346183,0.0
2458230.803915779,4.419658808598266,0.005138807480064054,3.829983575113533,0.009714386782458454,3.829983575113533,0.009714386782458454,17.714950709542002,0.044932277031913,0.9857960528995215,6.628901326682996e-09,13.0,1687.9909912109374,34.19622291112321,451.6774547764321,762.4007694346183,0.0
2458230.8541013976,4.433460579462132,0.010693725198168047,3.8444390128879364,0.013946198332959184,3.8444390128879364,0.013946198332959184,17.78181192777864,0.0645058160716904,0.3313130981168291,6.0834829644700374e-09,13.0,545.61044921875,21.43892170639153,451.6774547764321,762.4007694346183,0.0
2458231.8294943827,4.462249414243453,0.016936993856438265,3.874591318261187,0.019791841456348498,3.874591318261187,0.019791841456348498,17.921276391004266,0.0915438640856026,0.3322288646685222,3.16142826735336e-09,13.0,1536.1744384765625,31.48886821446762,451.6774547764321,762.4007694346183,4.0
2458237.6575159207,0.0,0.0,0.0,0.0,0.0,0.0,0.0,0.0,0.0,0.0,13.0,0.0,0.0,0.0,0.0,5.0
2458237.713015585,-2162.00417823741,-2162.00417823741,-2162.00417823741,-2162.00417823741,-2162.00417823741,-2162.00417823741,-9999.99,-9999.99,0.0508799869578627,-9999.99,13.0,-9999.99,-9999.99,-9999.99,-9999.99,7.0
2458237.723913186,-2162.00417823741,-2162.00417823741,-2162.00417823741,-2162.00417823741,-2162.00417823741,-2162.00417823741,-9999.99,-9999.99,0.032514166067097,-9999.99,13.0,-9999.99,-9999.99,-9999.99,-9999.99,7.0
2458237.739524192,-2162.00417823741,-2162.00417823741,-2162.00417823741,-2162.00417823741,-2162.00417823741,-2162.00417823741,-9999.99,-9999.99,0.191309884748652,-9999.99,13.0,-9999.99,-9999.99,-9999.99,-9999.99,5.0
2458237.84494124,4.110146880733846,0.1399409342357527,3.5058128250112546,0.1466161695059097,3.5058128250112546,0.1466161695059097,16.215552932263837,0.6781486565362236,0.019357525958796,4.6934781971649274e-09,13.0,9513.968359375,70.78886217278803,451.6774547764321,762.4007694346183,6.0
2458237.9254233874,4.466532508813824,0.01014118095261346,3.879077264858518,0.013823413698160439,3.879077264858518,0.013823413698160439,17.942025389348206,0.0639378962071034,1.0242295071161744,5.3247576180831494e-09,13.0,6566.862597656251,59.010218359657024,451.6774547764321,762.4007694346183,0.0
2458238.6957163136,4.356914151144474,0.015915038201404143,3.7642672622979054,0.01811385201663205,3.7642672622979054,0.01811385201663205,17.410990857101336,0.083782603591208,0.3733546194295803,7.824797997330002e-09,13.0,5548.861328125,53.93796011802373,451.6774547764321,762.4007694346183,0.0
2458238.7237720448,-2162.00417823741,-2162.00417823741,-2162.00417823741,-2162.00417823741,-2162.00417823741,-2162.00417823741,-9999.99,-9999.99,0.3791425486114466,-9999.99,13.0,-9999.99,-9999.99,-9999.99,-9999.99,5.0
2458238.736771237,-2162.00417823741,-2162.00417823741,-2162.00417823741,-2162.00417823741,-2162.00417823741,-2162.00417823741,-9999.99,-9999.99,1.0513615092578357,-9999.99,13.0,-9999.99,-9999.99,-9999.99,-9999.99,1.0
2458238.8554717936,-2162.00417823741,-2162.00417823741,-2162.00417823741,-2162.00417823741,-2162.00417823741,-2162.00417823741,-9999.99,-9999.99,0.2820618107189842,-9999.99,13.0,-9999.99,-9999.99,-9999.99,-9999.99,5.0
2458239.646098967,0.0,0.0,0.0,0.0,0.0,0.0,0.0,0.0,0.0,0.0,13.0,0.0,0.0,0.0,0.0,5.0
2458239.6958102537,0.0,0.0,0.0,0.0,0.0,0.0,0.0,0.0,0.0,0.0,13.0,0.0,0.0,0.0,0.0,5.0
2458239.751379933,0.0,0.0,0.0,0.0,0.0,0.0,0.0,0.0,0.0,0.0,13.0,0.0,0.0,0.0,0.0,5.0
2458239.8268959406,0.0,0.0,0.0,0.0,0.0,0.0,0.0,0.0,0.0,0.0,13.0,0.0,0.0,0.0,0.0,5.0
2458239.917798906,-2162.00417823741,-2162.00417823741,-2162.00417823741,-2162.00417823741,-2162.00417823741,-2162.00417823741,-9999.99,-9999.99,0.4296001195848401,-9999.99,13.0,-9999.99,-9999.99,-9999.99,-9999.99,5.0
2458239.921764513,0.0,0.0,0.0,0.0,0.0,0.0,0.0,0.0,0.0,0.0,13.0,0.0,0.0,0.0,0.0,5.0
2458240.7167375484,4.668349818297022,0.04503818275886868,4.090452862077665,0.048724220567481,4.090452862077665,0.048724220567481,18.919707985761487,0.2253657617025661,0.379972070516986,8.25582880315071e-09,13.0,4209.34609375,40.34808621400826,451.6774547764321,762.4007694346183,0.0
2458240.727268688,4.60250305703009,0.034154318278332596,4.021487526431352,0.03745373257821703,4.021487526431352,0.03745373257821703,18.60072031970988,0.1732359978833106,0.389658147290126,7.342850032929524e-09,13.0,4190.726171875,41.66260732497583,451.6774547764321,762.4007694346183,0.0
2458240.7792239366,4.518289276073651,0.025301016277454666,3.933285289024994,0.02821780290820674,3.933285289024994,0.02821780290820674,18.19275557064992,0.1305167444838547,0.3822824299600277,7.377693950103007e-09,13.0,4260.7642578125,43.54817255276971,451.6774547764321,762.4007694346183,0.0
2458240.8833884373,4.715386319849782,0.059657339098486,4.139717063608614,0.06382039190100496,4.139717063608614,0.06382039190100496,19.14757133941564,0.2951905862302406,0.3849834301449299,6.177972365010739e-09,13.0,4292.03564453125,44.58360415193445,451.6774547764321,762.4007694346183,0.0
2458240.9253083747,4.580720258840579,0.02867439369775876,3.998673071178715,0.031892869177772315,3.998673071178715,0.031892869177772315,18.49519585926789,0.1475151510155915,0.3871795436564509,5.3914756990404295e-09,13.0,4243.54111328125,37.94399441139071,451.6774547764321,762.4007694346183,0.0
2458244.6442426685,4.3236829459197095,0.015410700410828877,3.729462190975311,0.017427904585876678,3.729462190975311,0.017427904585876678,17.25000580042167,0.0806098680724119,0.2937177614426673,8.341530782054908e-09,13.0,1653.7204833984374,47.11828342757369,451.6774547764321,762.4007694346183,6.0
2458244.647554901,4.382107818219315,0.015431103800958742,3.790654128903758,0.017811861275824698,3.790654128903758,0.017811861275824698,17.53303891086827,0.0823857957503332,0.3319746920520365,6.378522010389668e-09,13.0,1678.5045166015625,41.23598001222937,451.6774547764321,762.4007694346183,0.0
2458244.671933571,4.41586405243731,0.011471937378119157,3.826009095164924,0.01444937277942069,3.826009095164924,0.01444937277942069,17.69656741493908,0.0668331656131574,0.3716233156333595,7.395351866545791e-09,13.0,1725.462841796875,28.902407726291298,451.6774547764321,762.4007694346183,0.0
2458244.6857687496,4.435899231377155,0.01062706608687271,3.846993162015517,0.01391382412808922,3.846993162015517,0.01391382412808922,17.793625718885718,0.0643560745826515,0.3886830763431365,6.451182678025857e-09,13.0,1721.0771240234376,25.281168258080463,451.6774547764321,762.4007694346183,0.0
2458244.713664635,4.442851551272336,0.010589305953237926,3.854274751358206,0.013950225751783965,3.854274751358206,0.013950225751783965,17.827305496817665,0.0645244442262421,0.3969485811913748,5.495478003739636e-09,13.0,1780.8726806640625,24.960361894389603,451.6774547764321,762.4007694346183,0.0
2458244.733248596,4.4520845926868216,0.013170303738970261,3.863945079677089,0.01626155222493679,3.863945079677089,0.01626155222493679,17.872033988769235,0.0752150996148486,0.4072596623113643,7.072110888444059e-09,13.0,1815.7065917968755,31.39531536321305,451.6774547764321,762.4007694346183,0.0
2458244.739272706,4.418988481464285,0.01236159052105975,3.8292815005559033,0.01525952435764106,3.8292815005559033,0.01525952435764106,17.71170338068565,0.0705803867157978,0.4084875298191726,7.822290262520518e-09,13.0,1825.2597900390624,34.29401044928548,451.6774547764321,762.4007694346183,0.0
2458244.74473338,4.433668822134123,0.014328230762247523,3.8446571181598355,0.017155556300639876,3.8446571181598355,0.017155556300639876,17.782820737363693,0.0793501664694735,0.4051608017232617,6.583680129139716e-09,13.0,1820.273779296875,37.28932003927522,451.6774547764321,762.4007694346183,0.0
2458244.8351802425,4.443705724649654,0.009839468723216937,3.8551693793176267,0.013343156297529326,3.8551693793176267,0.013343156297529326,17.83144344934245,0.0617165456416977,0.409421948714658,6.384873995240994e-09,13.0,1037.3628173828124,23.63325339067167,451.6774547764321,762.4007694346183,0.0
2458244.83881924,4.426358248894079,0.010385878450565093,3.8370003082034163,0.013619280434147271,3.8370003082034163,0.013619280434147271,17.747405439018383,0.0629937118159043,0.4109254398471705,4.966685108348221e-09,13.0,1076.1634765625,27.551175079844327,451.6774547764321,762.4007694346183,0.0
2458245.6333709145,4.259193155261215,0.013504538653812282,3.6619180935444033,0.015215267857918099,3.6619180935444033,0.015215267857918099,16.93759183486737,0.0703756856522571,0.2344612889693109,6.3828647915587094e-09,13.0,854.9922241210937,43.203159392627086,451.6774547764321,762.4007694346183,6.0
2458245.63715097,4.251250337880561,0.017942338170312384,3.6535990956757978,0.019578479779111153,3.6535990956757978,0.019578479779111153,16.899113696696563,0.0905569952070715,0.1602982824112774,4.6970881995924645e-09,13.0,792.7592651367188,40.53565844311407,451.6774547764321,762.4007694346183,6.0
2458245.6409275425,4.191589550615129,0.016345966854542794,3.591112708501733,0.01774611929042148,3.591112708501733,0.01774611929042148,16.61009332700135,0.0820817171536173,0.1404878910309206,4.005714438678938e-09,13.0,783.9615844726563,41.83842708492615,451.6774547764321,762.4007694346183,6.0
2458245.644099067,0.0,0.0,0.0,0.0,0.0,0.0,0.0,0.0,0.0,0.0,13.0,0.0,0.0,0.0,0.0,5.0
2458245.651125137,0.0,0.0,0.0,0.0,0.0,0.0,0.0,0.0,0.0,0.0,13.0,0.0,0.0,0.0,0.0,5.0
2458245.6545129404,0.0,0.0,0.0,0.0,0.0,0.0,0.0,0.0,0.0,0.0,13.0,0.0,0.0,0.0,0.0,5.0
2458245.6577812955,0.0,0.0,0.0,0.0,0.0,0.0,0.0,0.0,0.0,0.0,13.0,0.0,0.0,0.0,0.0,5.0
2458245.661466347,0.0,0.0,0.0,0.0,0.0,0.0,0.0,0.0,0.0,0.0,13.0,0.0,0.0,0.0,0.0,5.0
2458245.6649325406,0.0,0.0,0.0,0.0,0.0,0.0,0.0,0.0,0.0,0.0,13.0,0.0,0.0,0.0,0.0,5.0
2458245.668403596,4.3694980091140225,0.014919089468246965,3.7774471054959244,0.017241493682765792,3.7774471054959244,0.017241493682765792,17.47195202521952,0.0797476555079017,0.3110760632200755,5.2570478311549545e-09,13.0,1325.6491455078126,39.27826801646773,451.6774547764321,762.4007694346183,0.0
2458245.67188288,0.0,0.0,0.0,0.0,0.0,0.0,0.0,0.0,0.0,0.0,13.0,0.0,0.0,0.0,0.0,5.0
2458245.6753526623,0.0,0.0,0.0,0.0,0.0,0.0,0.0,0.0,0.0,0.0,13.0,0.0,0.0,0.0,0.0,5.0
2458245.678823022,0.0,0.0,0.0,0.0,0.0,0.0,0.0,0.0,0.0,0.0,13.0,0.0,0.0,0.0,0.0,5.0
2458245.6858452293,4.4238620119722825,0.01126548121023195,3.834385846780377,0.014342871538716188,3.834385846780377,0.014342871538716188,17.735312683440505,0.0663405618741115,0.3555244390099087,8.341577199752445e-09,13.0,899.314306640625,25.92184151483015,451.6774547764321,762.4007694346183,0.0
2458245.692717155,4.466675425094959,0.02180980814435397,3.8792269498104877,0.024497004241346772,3.8792269498104877,0.024497004241346772,17.942717732146583,0.1133068103703383,0.3658300118721726,5.7508791291612094e-09,13.0,1987.585278320313,44.89128324925685,451.6774547764321,762.4007694346183,0.0
2458245.6961812177,4.4573117645679785,0.014528762613267986,3.869419816115583,0.017526743523597614,3.869419816115583,0.017526743523597614,17.897356469728642,0.0810670311060309,0.364757071634788,6.908883974270022e-09,13.0,2018.896142578125,30.16353762495094,451.6774547764321,762.4007694346183,0.0
2458245.699951178,4.501992237828816,0.017984014800250043,3.9162164052868893,0.021063692019504185,3.9162164052868893,0.021063692019504185,18.11380629367333,0.0974265968948519,0.3784794030967316,7.441814162523652e-09,13.0,2053.19482421875,32.169293556740705,451.6774547764321,762.4007694346183,0.0
2458245.703130546,4.495691948743218,0.014664006992561339,3.909617727643571,0.01796758430782995,3.909617727643571,0.01796758430782995,18.0832852099906,0.0831060666815817,0.3774870832498876,4.645697054734314e-09,13.0,2036.55966796875,26.30845754180833,451.6774547764321,762.4007694346183,0.0
2458245.7066028523,4.492001940128645,0.015399746343388861,3.905752956199306,0.018600298008834653,3.905752956199306,0.018600298008834653,18.065409353790155,0.0860325784555174,0.3784526068203963,7.580610770105347e-09,13.0,2042.913549804688,28.39571844559362,451.6774547764321,762.4007694346183,0.0
2458245.709683403,4.4723139278760575,0.012581128718186688,3.8851324982286517,0.015924310919148043,3.8851324982286517,0.015924310919148043,17.970032862117474,0.0736552461606227,0.3778114869780082,8.256143014014197e-09,13.0,2055.129736328125,24.793652108300684,451.6774547764321,762.4007694346183,0.0
2458245.7940357,4.505511923358361,0.00910128171883051,3.919902786959188,0.013448222200341068,3.919902786959188,0.013448222200341068,18.130857037714545,0.0622025104645386,0.9834912374470818,7.017959197152787e-09,13.0,4861.5396484375,42.21435939195823,451.6774547764321,762.4007694346183,0.0
2458246.630472034,4.434079410824312,0.013425285479021052,3.845087152777886,0.01633810565295702,3.845087152777886,0.01633810565295702,17.784809790818564,0.0755691847375203,0.2660814427596926,8.260416391004498e-09,13.0,897.7088623046875,21.66216553740193,451.6774547764321,762.4007694346183,4.0
2458246.641090222,4.381643291269385,0.014717352204817855,3.790167601451195,0.017133215652705022,3.790167601451195,0.017133215652705022,17.530788559222643,0.0792468335258137,0.1669291759916244,5.7316380613440435e-09,13.0,799.9439941406249,17.98854098166853,451.6774547764321,762.4007694346183,4.0
2458246.706775465,4.435324439158977,0.008638228861040619,3.8463911470114276,0.012304815679192567,3.8463911470114276,0.012304815679192567,17.790841198818015,0.0569138741647043,0.3967056666711736,6.458789678886225e-09,13.0,813.9064453125,20.26412390215681,451.6774547764321,762.4007694346183,0.0
2458246.71643684,4.416838749252587,0.005322346509091969,3.8270299546836877,0.009784876233116056,3.8270299546836877,0.009784876233116056,17.70128923050345,0.0452583142379355,0.9950290250352898,6.2111397257334565e-09,13.0,2059.34033203125,36.356525980374535,451.6774547764321,762.4007694346183,0.0
2458246.7310629617,4.45996280885486,0.013039340101360469,3.8721964167492384,0.01621411827170419,3.8721964167492384,0.01621411827170419,17.9101991732026,0.0749957017696635,0.3906431643060003,8.057627594515088e-09,13.0,1073.542626953125,28.430285044390285,451.6774547764321,762.4007694346183,0.0
2458246.809780952,4.4967749288568,0.013102189867460777,3.9107519988756607,0.016601074975326917,3.9107519988756607,0.016601074975326917,18.088531592533407,0.0767855055108454,0.4164513667606341,7.27518035080461e-09,13.0,1154.312255859375,25.72309628674991,451.6774547764321,762.4007694346183,0.0
2458246.8855144745,4.3759630036719805,0.008487727708554901,3.784218289242285,0.011559982264178953,3.784218289242285,0.011559982264178953,17.50327100713147,0.0534687713398456,0.8889790053621958,8.193881811068799e-09,13.0,2557.153515625,63.2587658491648,451.6774547764321,762.4007694346183,0.0
2458247.7081406056,4.389193723649941,0.01748476287548676,3.7980756305384413,0.019827084811887538,3.7980756305384413,0.019827084811887538,17.567365829788628,0.0917068763528796,0.1491768815868458,7.586966920405399e-09,13.0,691.5384277343751,18.64608237101776,451.6774547764321,762.4007694346183,4.0
2458247.768186687,4.436407562276742,0.019963257156471743,3.8475255680205347,0.022517149533628017,3.8475255680205347,0.022517149533628017,17.796088274129456,0.1041493223886169,0.152711513932212,7.389070451912092e-09,13.0,909.6508911132812,17.532889207568143,451.6774547764321,762.4007694346183,4.0
2458247.851539182,4.426390968756504,0.012483922069029142,3.8370345777141877,0.015431392061360492,3.8370345777141877,0.015431392061360492,17.74756394692899,0.0713753321353383,0.2656498786126479,5.513247995204428e-09,13.0,994.9646118164064,20.4897448105067,451.6774547764321,762.4007694346183,4.0
2458247.8615426486,4.420458991200121,0.027192369369150055,3.8308216552355248,0.029609683448906965,3.8308216552355248,0.029609683448906965,17.718827109469196,0.1369546559496615,0.1819594674531283,7.654163800946951e-09,13.0,3094.501708984375,33.38632968645578,451.6774547764321,762.4007694346183,4.0
2458247.9267858947,4.387327851822088,0.009703972610663011,3.7961213889872267,0.012672817794690103,3.7961213889872267,0.012672817794690103,17.55832681119354,0.0586160066175446,0.3448112903310222,8.105978486054433e-09,13.0,1056.7515380859377,25.322385473414684,451.6774547764321,762.4007694346183,0.0
2458247.9327548165,4.407929248021951,0.013273101697536708,3.817698489764386,0.015988989150391014,3.817698489764386,0.015988989150391014,17.658128094730603,0.073954404539759,0.2669548966219882,7.565889839504853e-09,13.0,1151.9645507812502,24.387085208006443,451.6774547764321,762.4007694346183,4.0
2458248.859667728,4.4393525154000955,0.009936270254540275,3.8506099973334873,0.013377170635170127,3.8506099973334873,0.013377170635170127,17.8103547878558,0.0618738732915184,0.3563541189452868,7.851483297659288e-09,13.0,890.5475952148438,20.690140717647413,451.6774547764321,762.4007694346183,0.0
2458248.918025021,4.435494168769418,0.012848220999072357,3.8465689152012064,0.01583298279693879,3.8465689152012064,0.01583298279693879,17.79166343595243,0.0732328231523768,0.3695450558600808,8.278065873753744e-09,13.0,1011.52734375,29.6754614611885,451.6774547764321,762.4007694346183,0.0
2458248.93290214,4.409565398779245,0.010911245910312665,3.8194121304047703,0.01390698634071683,3.8194121304047703,0.01390698634071683,17.66605425391195,0.0643244475367677,0.3671606936024531,8.136748717656947e-09,13.0,1127.8932861328126,27.8087335774121,451.6774547764321,762.4007694346183,0.0
2458249.7263869136,4.4518458583963145,0.006936132200078912,3.863695038670389,0.011263657340958055,3.863695038670389,0.011263657340958055,17.870877465765364,0.0520981697939339,1.0252757864189272,5.046764992156958e-09,13.0,1823.25185546875,42.36693291188311,451.6774547764321,762.4007694346183,0.0
2458250.7093557343,4.342593805609704,0.011040119275859997,3.7492686895909983,0.013447894772484438,3.7492686895909983,0.013447894772484438,17.34161745875498,0.0622009960015579,0.8316851559623718,8.211299730291253e-09,13.0,1759.2060302734376,89.14225443905248,451.6774547764321,762.4007694346183,2.0
2458254.699165025,4.419006855629695,0.005694531311440828,3.829300744941815,0.010040111026425986,3.829300744941815,0.010040111026425986,17.711792392385348,0.0464388602361547,1.025874238524172,4.554539441269935e-09,13.0,1665.2381591796875,40.10872630819971,451.6774547764321,762.4007694346183,0.0
2458256.752802418,4.422424821572781,0.005644268833862992,3.8328805894771745,0.010053388682638973,3.8328805894771745,0.010053388682638973,17.728350366655473,0.0465002738220718,1.0260521683631316,5.65394824713074e-09,13.0,1776.6455810546877,39.01238208541651,451.6774547764321,762.4007694346183,0.0
2458257.827818281,4.424140448874354,0.012248356992260134,3.8346774707575966,0.015203399155064948,3.8346774707575966,0.015203399155064948,17.73666154154416,0.0703207889452853,0.7693720126099443,7.509498401869911e-09,13.0,1758.6234863281252,64.13201461399525,451.6774547764321,762.4007694346183,0.0
2458258.796093624,4.415966283683195,0.008247669946915816,3.8261161681940363,0.011792552363126938,3.8261161681940363,0.011792552363126938,17.697062663390106,0.0545444855716631,0.9499255035699372,4.2227450758193516e-09,13.0,1702.6080078125,54.898446440704106,451.6774547764321,762.4007694346183,0.0
2458259.8764804224,4.439479143100816,0.006934665919592558,3.8507426222601246,0.011110040256620055,3.8507426222601246,0.011110040256620055,17.810968222350276,0.0513876395726364,0.9956064060774944,7.121731065946821e-09,13.0,1999.03310546875,43.43723108344189,451.6774547764321,762.4007694346183,0.0
2458264.67189735,4.425827188530387,0.006900776706397986,3.8364440962421025,0.010920484418247308,3.8364440962421025,0.010920484418247308,17.744832773291364,0.0505108806342173,1.0307468094418466,3.088417148399945e-09,13.0,3315.307275390625,47.79843229455387,451.6774547764321,762.4007694346183,0.0
2458271.687160633,4.443721961215443,0.01044652778990476,3.8551863848648718,0.01384027418766308,3.8551863848648718,0.01384027418766308,17.83152210566703,0.0640158815912755,1.063506855936585,7.54058830949088e-09,13.0,7598.7982421875,69.93091725720681,451.6774547764321,762.4007694346183,0.0
2458272.676048415,4.516533545034622,0.012336415416884274,3.9314464046503996,0.01613735452368761,3.9314464046503996,0.01613735452368761,18.18425011744951,0.0746406438469012,1.07265735889099,7.54052459841543e-09,13.0,8678.712109375,60.66708762916398,451.6774547764321,762.4007694346183,0.0
2458273.844029633,4.556117042649681,0.01449642539780394,3.972904619854197,0.018360361287697774,3.972904619854197,0.018360361287697774,18.37600818231773,0.0849227911405097,1.021751706314775,7.91193364174028e-09,13.0,3801.442822265625,57.107038233221154,451.6774547764321,762.4007694346183,0.0
2458274.81104517,4.414225155723419,0.0054688775023303896,3.824292578516448,0.009838930220959951,3.824292578516448,0.009838930220959951,17.688627953261626,0.0455083319498993,1.0379003056419298,7.838893677983209e-09,13.0,2221.9736328125,39.69076914223867,451.6774547764321,762.4007694346183,0.0
2458277.8096865984,4.421713332470579,0.005935161891469499,3.8321354034756467,0.010226404852373982,3.8321354034756467,0.010226404852373982,17.72490363300046,0.0473005312797604,1.0341891321695127,7.710866174205384e-09,13.0,1812.0658447265623,41.73515302666265,451.6774547764321,762.4007694346183,0.0
2458278.757603425,4.504834993347661,0.04241258699004775,3.9191937968053994,0.045420582536349834,3.9191937968053994,0.045420582536349834,18.127577721920737,0.2100853345843056,0.1466898170833463,4.608259181334954e-09,13.0,1421.7051025390624,28.88100802508461,451.6774547764321,762.4007694346183,4.0
2458282.788952726,4.419900576812139,0.005352456928945383,3.830236793733518,0.009843325772990838,3.830236793733518,0.009843325772990838,17.716121930066528,0.0455286628432416,1.0198920255682415,8.25075399423169e-09,13.0,1632.9101318359376,37.067935943689335,451.6774547764321,762.4007694346183,0.0
2458285.616676871,4.419328318849633,0.005329572038170376,3.829637433010208,0.009822115063465758,3.829637433010208,0.009822115063465758,17.71334968693221,0.0454305562413771,0.9681134682961248,8.328211951866737e-09,13.0,1651.011865234375,34.99635010913132,451.6774547764321,762.4007694346183,0.0
2458286.762093474,4.426265523885122,0.006339884224812623,3.836903191636975,0.010546377654761876,3.836903191636975,0.010546377654761876,17.74695624252606,0.0487805121495289,1.019428652447174,7.491343015203731e-09,13.0,1458.5890869140626,43.16611045561535,451.6774547764321,762.4007694346183,0.0
2458287.727167656,4.448529528231309,0.007239229308317759,3.860221643494329,0.011430585594668786,3.860221643494329,0.011430585594668786,17.854811855265503,0.0528702686106835,0.9951554047008824,5.3790716151831105e-09,13.0,1544.6875244140624,43.48313313432568,451.6774547764321,762.4007694346183,0.0
2458288.643400925,4.408555475612502,0.005709157761075558,3.8183543761761447,0.009914805300369534,3.8183543761761447,0.009914805300369534,17.661161788016095,0.0458592794841282,1.020515990426523,3.826782000429237e-09,13.0,1505.9798828125,41.95308971611375,451.6774547764321,762.4007694346183,0.0
2458288.689717317,4.421156387952685,0.005107147441494513,3.8315520814583763,0.009716172385550993,3.8315520814583763,0.009716172385550993,17.722205574227857,0.0449405360414233,1.0230576518450791,5.605598907922743e-09,13.0,1479.0464111328124,35.20571042327275,451.6774547764321,762.4007694346183,0.0
2458289.783443054,4.407049607525625,0.005012139095361728,3.816777188535442,0.009472308835356134,3.816777188535442,0.009472308835356134,17.65386676944309,0.0438125858330656,1.0116672613946474,8.052826029014301e-09,13.0,1682.0946044921875,36.43454263998469,451.6774547764321,762.4007694346183,0.0
2458291.6246157265,4.4479991418434075,0.0069612714671059076,3.859666137429034,0.011233037152779094,3.859666137429034,0.011233037152779094,17.852242454542868,0.0519565412167693,0.9105277881938136,8.244264622831064e-09,13.0,2602.650927734375,38.21377499901072,451.6774547764321,762.4007694346183,0.0
2458291.6930721286,4.426660788521261,0.008423906443855166,3.8373171764370757,0.012045003665144676,3.8373171764370757,0.012045003665144676,17.748871060222914,0.0557121569948157,0.8770596729230009,8.097973208727763e-09,13.0,2252.119091796875,49.566795877962846,451.6774547764321,762.4007694346183,0.0
2458291.727790572,4.429115891237415,0.007274321967608151,3.8398885554936615,0.011222174017661731,3.8398885554936615,0.011222174017661731,17.760764545495007,0.0519062955957683,0.9257987535203838,8.257702718531011e-09,13.0,2908.4754882812504,44.47229342668156,451.6774547764321,762.4007694346183,0.0
2458291.8007031186,4.408995674565964,0.005040202567223659,3.818815423431812,0.00951456497207235,3.818815423431812,0.00951456497207235,17.66329428525759,0.0440080345509054,0.9493508189933764,6.589923795541636e-09,13.0,1953.6210693359376,33.86696494522584,451.6774547764321,762.4007694346183,0.0
2458291.827266837,4.392362010541687,0.006221740224448158,3.8013939709504667,0.010049140537664971,3.8013939709504667,0.010049140537664971,17.58271426031936,0.0464806247355038,0.9731869230914594,8.342283985071487e-09,13.0,2103.438037109375,46.93125088921728,451.6774547764321,762.4007694346183,0.0
2458291.8693284253,4.367505322704754,0.006169063133059737,3.775360043286502,0.009715872256613228,3.775360043286502,0.009715872256613228,17.46229866680621,0.0449391478450421,0.9110574196356546,7.39811606309379e-09,13.0,2174.065478515625,48.50807466862094,451.6774547764321,762.4007694346183,0.0
2458292.5113136503,4.389949311064225,0.010374661470652986,3.798867003396174,0.013266712078194014,3.798867003396174,0.013266712078194014,17.571026193049367,0.061362965645597,0.67420659035051,7.104768239515327e-09,13.0,5695.7681640625,55.09656057145851,451.6774547764321,762.4007694346183,4.0
2458292.5247495724,4.383979661153331,0.010807019703005535,3.792614624359233,0.013587355843740542,3.792614624359233,0.013587355843740542,17.542106855855213,0.0628460499436309,0.6815634948101378,7.618762811012987e-09,13.0,5980.9251953125,59.7165294254113,451.6774547764321,762.4007694346183,4.0
2458292.5809831144,4.458640682268893,0.013467363207178812,3.8708116728071866,0.01658213541165511,3.8708116728071866,0.01658213541165511,17.903794270884433,0.0766979037156089,0.687570819992346,6.583555529392327e-09,13.0,5152.153515625,54.345846590600914,451.6774547764321,762.4007694346183,4.0
2458292.7932012114,4.466065652676522,0.009243094165423125,3.878588297905729,0.013109355476193945,3.878588297905729,0.013109355476193945,17.93976375420086,0.0606351389085934,0.9850153215456656,8.177220469248375e-09,13.0,3791.06220703125,51.43088920583356,451.6774547764321,762.4007694346183,0.0
2458293.5891672666,-2162.00417823741,-2162.00417823741,-2162.00417823741,-2162.00417823741,-2162.00417823741,-2162.00417823741,-9999.99,-9999.99,0.1028754616947523,-9999.99,13.0,-9999.99,-9999.99,-9999.99,-9999.99,7.0
2458299.757583652,4.351326445522913,0.01942173264829538,3.758414916848122,0.021513023487923055,3.758414916848122,0.021513023487923055,17.383921808593712,0.0995049047150233,0.6604417593320409,5.0850013692369075e-09,13.0,27742.80390625,120.5655998717993,451.6774547764321,762.4007694346183,4.0
2458301.670438624,4.453192914139361,0.007478315404853773,3.865105892441568,0.011654210146544434,3.865105892441568,0.011654210146544434,17.877403134746615,0.053904606705411,0.9493404166432712,6.567691257492913e-09,13.0,2508.244091796875,42.02304120883797,451.6774547764321,762.4007694346183,0.0
2458302.6460130983,0.0,0.0,0.0,0.0,0.0,0.0,0.0,0.0,0.0,0.0,13.0,0.0,0.0,0.0,0.0,5.0
2458303.5741486195,4.3833048482927515,0.006261071553800191,3.791907851626104,0.009966999303652581,3.791907851626104,0.009966999303652581,17.538837796371098,0.0461006941474967,0.9140599778502096,8.155624777210332e-09,13.0,1829.7202880859372,46.02377258218747,451.6774547764321,762.4007694346183,0.0
2458303.7592633176,4.440248165947495,0.009878714365912675,3.8515480668669726,0.013339481079223807,3.8515480668669726,0.013339481079223807,17.814693672141313,0.061699546531949,0.7179758481299302,8.217322023926538e-09,13.0,2716.45439453125,44.65104971804019,451.6774547764321,762.4007694346183,0.0
2458308.552217598,4.414041033510553,0.004576185200431019,3.8240997360749063,0.009323120844801908,3.8240997360749063,0.009323120844801908,17.687735992688012,0.0431225416468982,0.9717485906682172,5.093872221495638e-09,13.0,1557.9551269531248,30.48602722036297,451.6774547764321,762.4007694346183,0.0
2458310.5466268845,4.413652252152394,0.0013004737519847808,3.823692541607893,0.008105794368242084,3.823692541607893,0.008105794368242084,17.68585258254516,0.0374920009130418,0.9999903048548868,3.8653380605572925e-09,13.0,1505.6481689453126,0.0498161829403103,451.6774547764321,762.4007694346183,0.0
2458310.5817642547,4.413328476966251,0.005190524746747533,3.8233534320760567,0.009660204309071396,3.8233534320760567,0.009660204309071396,17.68428408792271,0.0446816650314831,1.0003609385534904,3.996743161578001e-09,13.0,1540.3803466796876,36.30950332136776,451.6774547764321,762.4007694346183,0.0
2458311.710388005,4.416909838464913,0.0060016638234391875,3.8271044107585883,0.010207874397908368,3.8271044107585883,0.010207874397908368,17.701633614668822,0.0472148217509737,0.972089721020984,6.579178315455828e-09,13.0,1605.8528076171874,40.33633963657381,451.6774547764321,762.4007694346183,0.0
2458312.720034822,4.41660842570592,0.005595415674364214,3.8267887227628234,0.009947594779330986,3.8267887227628234,0.009947594779330986,17.700173452457967,0.0460109417542664,0.9802709016868576,5.672195041824611e-09,13.0,1576.604638671875,37.86389419795934,451.6774547764321,762.4007694346183,0.0
2458313.485904608,4.4487309238125805,0.008545152503744553,3.8604325773898305,0.012382496215412205,3.8604325773898305,0.012382496215412205,17.85578749484423,0.057273172538505,0.4446385273248646,7.902877682502713e-09,13.0,980.5015380859376,21.6531707451851,451.6774547764321,762.4007694346183,0.0
2458313.6383932265,4.430383719017844,0.007012176986784731,3.841216428979565,0.01105290569489386,3.841216428979565,0.01105290569489386,17.766906402996472,0.0511233731795982,0.463900344200948,4.6769562487493405e-09,13.0,732.7104736328125,19.640272884753973,451.6774547764321,762.4007694346183,0.0
2458313.652322225,4.42620684741642,0.009567885143806808,3.8368417361867637,0.012943726693735853,3.8368417361867637,0.012943726693735853,17.746671990583472,0.0598690505795489,0.4709186478851871,3.006242388649871e-09,13.0,735.9702392578125,29.30327831852067,451.6774547764321,762.4007694346183,0.0
2458313.7599146133,4.447206327241304,0.00864874724295025,3.858835774263293,0.012444156076980718,3.858835774263293,0.012444156076980718,17.84840174811068,0.0575583699517631,0.4622705962411764,4.046372972541657e-09,13.0,966.6192626953124,22.99108101289648,451.6774547764321,762.4007694346183,0.0
2458313.8050429,4.4186649422866875,0.0076840850649348294,3.8289426382102354,0.011397957660519691,3.8289426382102354,0.011397957660519691,17.710136029381623,0.0527193535391513,0.4456940759550383,5.558490544534104e-09,13.0,1082.85986328125,22.202894725613216,451.6774547764321,762.4007694346183,0.0
2458313.8224270856,4.427765092323788,0.009485036618710113,3.83847378127126,0.0128926753300314,3.83847378127126,0.0128926753300314,17.754220743120026,0.0596329210051153,0.4402088537657147,8.247146673227138e-09,13.0,1179.2196533203123,26.649497547271217,451.6774547764321,762.4007694346183,0.0
2458328.490073482,4.706273413374618,0.0440583809642138,4.130172559950714,0.04789911687296291,4.130172559950714,0.04789911687296291,19.103424828463112,0.2215493820779575,1.1419745435464204,7.834969090038637e-09,13.0,8405.9416015625,103.81248126933932,451.6774547764321,762.4007694346183,0.0
2458329.504418951,4.418724390120114,0.006958730226216871,3.829004901557842,0.010875557542920428,3.829004901557842,0.010875557542920428,17.71042401811897,0.0503030788600476,1.1284999419061463,8.103043647037805e-09,13.0,2709.236083984375,54.62379567112275,451.6774547764321,762.4007694346183,0.0
2458330.490099085,4.444852991678021,0.009583913998655822,3.8563709821628533,0.013149547136669555,3.8563709821628533,0.013149547136669555,17.837001263040126,0.0608210387356544,0.5670016445618073,5.987185119019672e-09,13.0,2002.7353271484376,33.06692064403426,451.6774547764321,762.4007694346183,4.0
2458330.525338869,4.43379886876098,0.004710319961752821,3.844793323936676,0.00966858743364737,3.844793323936676,0.00966858743364737,17.78345073448399,0.0447204397770513,1.1348077348629042,8.318770978511123e-09,13.0,2012.335791015625,33.841448717408724,451.6774547764321,762.4007694346183,0.0
2458331.657604732,4.4242727721137705,0.005672297519533854,3.83481606096985,0.010094740026014636,3.83481606096985,0.010094740026014636,17.737302567473055,0.0466915375691106,1.2663947594876617,3.371455073428174e-09,13.0,2247.103857421874,48.61550674223705,451.6774547764321,762.4007694346183,0.0
2458333.5869941013,4.34359419836086,0.03767296632473092,3.750316462033168,0.04005280973450775,3.750316462033168,0.04005280973450775,17.346463755561174,0.1852575960993347,0.0670729015512262,6.1681460286619294e-09,13.0,1130.6702392578125,22.72706106458559,451.6774547764321,762.4007694346183,4.0
2458335.523395727,4.38121072940157,0.008926577640056943,3.789714552981873,0.011968779806992503,3.789714552981873,0.011968779806992503,17.528693059034286,0.0553595962426415,0.9705947622311268,7.118424529280547e-09,13.0,2539.64765625,71.09375264888563,451.6774547764321,762.4007694346183,0.0
2458339.510085107,4.41293639353592,0.005200682075448851,3.8229427791471373,0.009660994465358655,3.8229427791471373,0.009660994465358655,17.68238468124071,0.0446853197676999,1.232637592410592,3.6977598030018486e-09,13.0,2018.743310546875,45.40431701703723,451.6774547764321,762.4007694346183,0.0
2458340.59740113,4.444852315861296,0.006350847639201017,3.856370274338712,0.010788734503906505,3.856370274338712,0.010788734503906505,17.836997989117528,0.0499014933632903,1.22482569154298,3.157248475186619e-09,13.0,1844.32177734375,47.98688024586493,451.6774547764321,762.4007694346183,0.0
2458347.5466683856,4.458034922117029,0.007817216710485506,3.8701772231943163,0.01195295602243508,3.8701772231943163,0.01195295602243508,17.900859729939476,0.055286405964413,1.2414133597746635,2.57246395782779e-09,13.0,2533.381787109375,56.964059774218846,451.6774547764321,762.4007694346183,0.0
2458348.5877401214,0.0,0.0,0.0,0.0,0.0,0.0,0.0,0.0,0.0,0.0,13.0,0.0,0.0,0.0,0.0,5.0
2458349.5870693284,4.454991976263595,0.008023663754999322,3.866990160108787,0.012066494924951456,3.866990160108787,0.012066494924951456,17.886118500803345,0.0558115612352508,1.1084225665831615,6.735666539387701e-09,13.0,5132.092578125001,52.74711816446785,451.6774547764321,762.4007694346183,0.0
2458354.5574350148,4.373976294316481,0.010427861743277365,3.782137487166411,0.013169176601403664,3.782137487166411,0.013169176601403664,17.493646603922553,0.0609118315532735,1.0536196023349074,6.3628663750899365e-09,13.0,5528.064453125,93.50631147976556,451.6774547764321,762.4007694346183,0.0
2458355.614116354,4.7867357249813605,0.046017229017129825,4.214445654330283,0.05024737045687129,4.214445654330283,0.05024737045687129,19.49321598129604,0.232410837662975,1.198660990383556,5.924155518932013e-09,13.0,8050.746289062501,80.12075946299574,451.6774547764321,762.4007694346183,0.0
2458357.5979488795,4.409254954043551,0.010115916802029902,3.8190869826680407,0.013228010845503898,3.8190869826680407,0.013228010845503898,17.664550337245853,0.0611839595438584,1.0922160352999748,8.319401885841392e-09,13.0,3730.0470703125,80.54270115021083,451.6774547764321,762.4007694346183,0.0
2458366.570864212,4.428175606936115,0.0056289023466424,3.838903738303046,0.010119158549380513,3.838903738303046,0.010119158549380513,17.756209437712553,0.0468044813792713,1.2610858335018342,7.274018432603082e-09,13.0,1778.5358642578124,47.15482032700838,451.6774547764321,762.4007694346183,0.0
2458670.560830028,4.432372881538771,0.004394226718805444,3.843299800405452,0.009483764782217134,3.843299800405452,0.009483764782217134,17.77654269030566,0.0438655734059869,2.2389310272190506,8.160441325978191e-09,13.0,2417.43408203125,64.60056241579379,451.6774547764321,762.4007694346183,0.0
2458671.63542872,4.408276038940386,0.005486254659100721,3.818061705078681,0.00977215739195536,3.818061705078681,0.00977215739195536,17.659808086632268,0.0451994853579089,1.940575179488692,7.593232766364559e-09,13.0,2378.602783203125,78.02070024880528,451.6774547764321,762.4007694346183,0.0
2458672.7449510684,4.398783547979449,0.012065871589856784,3.808119639400058,0.014825698999223206,3.808119639400058,0.014825698999223206,17.61382271881182,0.0685737998231389,0.3014951175153891,6.790006073711168e-09,13.0,1905.279052734375,26.28597194962761,451.6774547764321,762.4007694346183,4.0
2458683.625741721,4.407341382416798,0.0050266138772165556,3.8170827822034634,0.00948460756327387,3.8170827822034634,0.00948460756327387,17.65528024202332,0.0438694715493043,2.1854391615035333,6.883639107181792e-09,13.0,3780.708544921875,80.8675984385643,451.6774547764321,762.4007694346183,0.0
2458684.5981238056,4.276972929356746,0.008473421155318066,3.6805399371191108,0.010639572960435271,3.6805399371191108,0.010639572960435271,17.02372406874698,0.0492115715036975,1.799372421911312,5.136535545608134e-09,13.0,5825.1955078125,197.48082811663755,451.6774547764321,762.4007694346183,2.0
2458685.6287009246,4.430511845475541,0.01154519423894833,3.8413506236459423,0.014645088083485098,3.8413506236459423,0.014645088083485098,17.767527098060487,0.0677384141335773,0.7212242368096388,8.087060806289856e-09,13.0,5573.76904296875,55.109220954400215,451.6774547764321,762.4007694346183,0.0
2458690.62935655,4.406485796774222,0.004362627856241,3.8161866750923594,0.009105099459738706,3.8161866750923594,0.009105099459738706,17.651135447928947,0.0421141200664202,2.197263823113479,6.973724598083577e-09,13.0,2342.909814453125,70.66701407294819,451.6774547764321,762.4007694346183,0.0
2458691.572931574,4.4144159379093475,0.00457060567507311,3.824492396354632,0.009325286001912972,3.824492396354632,0.009325286001912972,17.68955217736988,0.0431325562202635,2.227626652759101,8.297514560892795e-09,13.0,2208.182421875,72.55243863286367,451.6774547764321,762.4007694346183,0.0
2458692.4976308043,4.3915039227286,0.007241806901180814,3.8004952431633328,0.01076297839119536,3.8004952431633328,0.01076297839119536,17.57855734472478,0.0497823627565399,1.0254506100307976,8.348252023759056e-09,13.0,2845.9859375,58.08092422152794,451.6774547764321,762.4007694346183,0.0
2458692.5868348223,4.441172207552779,0.005838713219845545,3.8525158720897856,0.010418183821973683,3.8525158720897856,0.010418183821973683,17.81917009390196,0.0481875729411557,2.0197297411575805,7.925259470643573e-09,13.0,2473.37705078125,74.77214165551776,451.6774547764321,762.4007694346183,0.0
2458696.51110067,4.422185521753649,0.007971628926530056,3.8326299561578008,0.01165202910518036,3.8326299561578008,0.01165202910518036,17.727191104008043,0.0538945186620807,0.750379491036773,7.1112611881398865e-09,13.0,2909.1400390625004,40.38352805717984,451.6774547764321,762.4007694346183,0.0
2458698.608023172,4.4177375812738635,0.004033660313805271,3.82797135636912,0.009096726527703016,3.82797135636912,0.009096726527703016,17.705643527102442,0.0420753924647484,2.2664031438938905,6.2046468085089165e-09,13.0,2042.841967773437,63.94402630427322,451.6774547764321,762.4007694346183,0.0
2458699.654892126,4.3963505899288435,0.0043098197927377326,3.805571453804516,0.008937242446946051,3.805571453804516,0.008937242446946051,17.60203651102829,0.0413377254293271,2.195047674156988,8.21927129172259e-09,13.0,2414.74931640625,72.93337841541059,451.6774547764321,762.4007694346183,0.0
2458704.521993249,4.477732217640041,0.00815620299590671,3.890807404101202,0.012430510553796533,3.890807404101202,0.012430510553796533,17.996281193433234,0.0574952548584806,2.172285105929893,8.341785589989803e-09,13.0,5642.83173828125,96.6609809781459,451.6774547764321,762.4007694346183,0.0
2458711.630342005,4.443315125640643,0.005754311234718031,3.8547602811138413,0.010394828047834776,3.8547602811138413,0.010394828047834776,17.829551233782436,0.0480795447004232,2.06706870309684,8.277203399523811e-09,13.0,8098.61396484375,74.76253421577225,451.6774547764321,762.4007694346183,0.0
2458715.59106472,4.423638109130722,0.004431691317947025,3.834151339656211,0.00938010471118631,3.834151339656211,0.00938010471118631,17.73422800982137,0.0433861110237483,2.1905807049678767,7.584519315881281e-09,13.0,2371.317578125,66.30060031969876,451.6774547764321,762.4007694346183,0.0
2458718.5274638413,4.420172871552729,0.007635674640226402,3.8305219846497924,0.011379464848607797,3.8305219846497924,0.011379464848607797,17.717441033118938,0.0526338181197232,2.080249363928585,7.282831608991158e-09,13.0,2482.022607421875,110.99105215245092,451.6774547764321,762.4007694346183,0.0
2458724.5766230286,4.417256539641592,0.0039413006315730985,3.8274675320808607,0.009045322127914745,3.8274675320808607,0.009045322127914745,17.70331317182605,0.0418376299807472,2.2630444017218383,7.948367672565305e-09,13.0,2234.86787109375,62.48842460642841,451.6774547764321,762.4007694346183,0.0
2458730.579806504,4.426991228773949,0.004471986762592563,3.837663266700276,0.009447981114353295,3.837663266700276,0.009447981114353295,17.75047184305485,0.0437000620141017,2.2425458466180337,6.556913084189766e-09,13.0,3056.99248046875,67.56231722776401,451.6774547764321,762.4007694346183,0.0
2458740.499304581,4.381042335961078,0.0055982645454868505,3.7895381842445124,0.009496365567413394,3.7895381842445124,0.009496365567413394,17.527877294833786,0.0439238562378256,2.091775434476152,7.192521254366777e-09,13.0,3840.9556152343753,96.86542445476071,451.6774547764321,762.4007694346183,0.0
2458740.5030944142,4.374641252924532,0.0059899725227339955,3.7828339389388743,0.009677630482884734,3.7828339389388743,0.009677630482884734,17.49686792552323,0.0447622668941556,2.055710996936128,7.368082415422966e-09,13.0,3876.338623046875,104.76354673577156,451.6774547764321,762.4007694346183,0.0
2458644.7027638205,4.42929791471054,0.003997573773954536,4.057869599939652,0.008149316948914985,4.057869599939652,0.008149316948914985,18.76899953717137,0.0376933073563337,2.157585696250685,1.2447570023701904e-08,13.0,1352.88779296875,48.94542247358278,451.9699986636167,768.8740237014536,0.0
2458552.871814847,4.414871776643141,0.0038876830638873375,4.041987663622335,0.00791175371164604,4.041987663622335,0.00791175371164604,18.695540287669232,0.0365944981953848,2.039066990238542,1.2430037813780417e-08,13.0,1421.397412109375,47.83164958829923,451.9699986636167,768.8740237014536,0.0
2458642.6336463047,4.4115387011609,0.004209308514059082,4.038318234402785,0.00807012335453888,4.038318234402785,0.00807012335453888,18.67856795437285,0.0373270105842013,2.118573082359361,1.2359090013734481e-08,13.0,1399.657373046875,54.88309965215359,451.9699986636167,768.8740237014536,0.0
2458559.853414912,4.430854985050937,0.005458266223662726,4.05958380036337,0.009135423290192783,4.05958380036337,0.009135423290192783,18.77692828553723,0.0422543778903203,2.114985020799929,3.7471482775770226e-09,13.0,1398.3562255859374,65.84234443196907,451.9699986636167,768.8740237014536,0.0
2458645.6890265997,4.4410097757019855,0.005099723013925252,4.070763350821171,0.008993285767282724,4.070763350821171,0.008993285767282724,18.828637432960637,0.0415969444671878,2.138982502014902,1.2222567822044571e-08,13.0,1718.8242675781248,59.28655196971751,451.9699986636167,768.8740237014536,0.0
2458562.841609053,4.3429328803455824,0.0075591502283664565,3.9627891307649605,0.010058510139868334,3.9627891307649605,0.010058510139868334,18.329220673414788,0.046523962268928,1.8062134255470208,8.998816949548586e-09,13.0,4666.93505859375,114.01436056727158,451.9699986636167,768.8740237014536,2.0
2458645.7835784284,4.442082711861543,0.0056460646245832915,4.0719445611824625,0.009392019769813437,4.0719445611824625,0.009392019769813437,18.834100924622547,0.0434412221416268,1.3550364543849007,3.982731972483553e-09,13.0,1414.897314453125,40.76721824727857,451.9699986636167,768.8740237014536,0.0
2458573.8126538964,4.280853214212037,0.005976005724270457,3.8944447617088116,0.008151876622171221,3.8944447617088116,0.008151876622171221,18.013105184833734,0.0377051466983772,1.6484574800221838,1.1385156834242354e-08,13.0,1792.63837890625,107.45625788359638,451.9699986636167,768.8740237014536,2.0
2458647.62034974,4.415094828096765,0.005624371094256018,4.042233224074161,0.00909173586981987,4.042233224074161,0.00909173586981987,18.696676086613277,0.0420523090084687,2.0775222683735377,1.1578381506621793e-08,13.0,4010.3252929687496,71.35509830803014,451.9699986636167,768.8740237014536,0.0
2458575.8799212724,4.421477246868236,0.0046995322040535165,4.0492597177903145,0.00850292274611733,4.0492597177903145,0.00850292274611733,18.729175962239736,0.0393288520382354,2.091641827391828,1.2304684633783691e-08,13.0,1344.9560546875,58.12138425576744,451.9699986636167,768.8740237014536,0.0
2458653.785724488,4.4246872924544585,0.007323562452968791,4.052793701683848,0.010542969116872034,4.052793701683848,0.010542969116872034,18.745521815754365,0.0487647465255971,2.1327221214800263,1.2413260630699791e-08,13.0,13126.493359375,91.875745128295,451.9699986636167,768.8740237014536,0.0
2458580.8757536914,4.420943861304605,0.0139584994922293,4.0486725061946265,0.01678027488469655,4.0486725061946265,0.01678027488469655,18.726459912870418,0.0776143648256124,1.6458273165002464,1.1970349267781285e-08,13.0,1688.137841796875,137.73561370334795,451.9699986636167,768.8740237014536,2.0
2458656.660082475,4.428476438926188,0.009649082502051732,4.056965225807618,0.012638304456764369,4.056965225807618,0.012638304456764369,18.764816505349494,0.0584563709250709,1.04351570959187,1.2294628749088078e-08,13.0,6781.863671875,57.79832200566403,451.9699986636167,768.8740237014536,0.0
2458582.7934868326,4.424716649311597,0.005121922023451738,4.052826021056737,0.008828938901363652,4.052826021056737,0.008828938901363652,18.74567130362722,0.0408367854294463,2.063292074960311,4.8729937784966654e-09,13.0,1378.432568359375,61.768920071750166,451.9699986636167,768.8740237014536,0.0
2458661.633507722,4.423659239171933,0.010493095691510947,4.051661903506982,0.013393992216692149,4.051661903506982,0.013393992216692149,18.74028687191633,0.0619516787133107,0.4842495548895314,1.1536508959742476e-08,13.0,1256.1727294921875,28.625286285097356,451.9699986636167,768.8740237014536,4.0
2458583.7902215766,4.413627831293194,0.00437878242530295,4.040618186861627,0.008202575067944006,4.040618186861627,0.008202575067944006,18.68920600115389,0.0379396439097363,2.143527741500252,1.2443314408180853e-08,13.0,1408.5938720703125,57.32188118869516,451.9699986636167,768.8740237014536,0.0
2458661.645333824,4.4317700946019425,0.010293701338077478,4.060591257213192,0.013264663113011135,4.060591257213192,0.013264663113011135,18.78158810929014,0.0613534884986306,0.4222856352643055,1.1696382555368589e-08,13.0,1316.9183837890623,23.030527187926584,451.9699986636167,768.8740237014536,4.0
2458585.7849066663,4.409922259078029,0.003845140337741935,4.036538670800883,0.007827544529729422,4.036538670800883,0.007827544529729422,18.670336879519937,0.0362050026589974,2.1376060981443725,1.1235762703749444e-08,13.0,1471.9404296875,50.82069520621549,451.9699986636167,768.8740237014536,0.0
2458661.657180235,4.4341165707730195,0.013408693790780472,4.063174525510294,0.01630640940907465,4.063174525510294,0.01630640940907465,18.793536586262743,0.0754225790440384,0.3173777120491304,1.0725832815790923e-08,13.0,1298.383984375,22.16508239708613,451.9699986636167,768.8740237014536,4.0
2458587.77968206,4.421949074352876,0.0039014864921802575,4.049779159239497,0.008004423973386824,4.049779159239497,0.008004423973386824,18.73157855209118,0.0370231290463486,2.15355579275236,1.2439762256569949e-08,13.0,1486.3558837890623,49.26009848711719,451.9699986636167,768.8740237014536,0.0
2458661.6689993683,4.4592302239252595,0.015303308989419648,4.090822496034049,0.018355613716269904,4.090822496034049,0.018355613716269904,18.921417666022386,0.0849008320401153,0.3362611504753872,1.1229045743435488e-08,13.0,1243.5404541015623,24.414684738115533,451.9699986636167,768.8740237014536,4.0
2458589.8164426475,4.4044978695699095,0.004726804752675999,4.030566884843628,0.008332328866600614,4.030566884843628,0.008332328866600614,18.64271537885135,0.038539798480245,2.146085347124689,1.2371793530940736e-08,13.0,2081.592138671875,64.66296338932645,451.9699986636167,768.8740237014536,0.0
2458661.6808166304,4.453661307715402,0.028257491768581566,4.084691598617968,0.03193281142201098,4.084691598617968,0.03193281142201098,18.893060221819,0.147699897209417,0.2233228010167213,1.1995405295357925e-08,13.0,1235.8958251953125,31.515915742031098,451.9699986636167,768.8740237014536,4.0
2458590.771941144,4.425130151998785,0.00545776941701755,4.053281251924089,0.009073942821262457,4.053281251924089,0.009073942821262457,18.747776898133942,0.041970010227812,2.1477869930926103,1.2171754821342237e-08,13.0,3550.5512207031247,68.54735380704886,451.9699986636167,768.8740237014536,0.0
2457821.8976806644,4.434299138765825,0.004986198781740432,4.063375517156277,0.008840643936425195,4.063375517156277,0.008840643936425195,18.79446623962333,0.0408909251183254,1.328104481719873,3.5199094839172104e-09,13.0,1411.703173828125,36.30019021363035,451.9699986636167,768.8740237014536,0.0
2458601.7388531603,4.212722259841989,0.005595645412087361,3.819438445154247,0.007318406577212457,3.819438445154247,0.007318406577212457,17.666175968399955,0.0338500699141676,1.62968804853883,1.2124595414269614e-08,13.0,1812.1686279296875,132.85611711177452,451.9699986636167,768.8740237014536,2.0
2457844.729581457,4.437638677786689,0.005483602132960741,4.067052062175517,0.009226607805015635,4.067052062175517,0.009226607805015635,18.811471485865237,0.0426761366665345,1.2210093101514807,1.1475083843610018e-08,13.0,1214.4647949218752,36.13778687449193,451.9699986636167,768.8740237014536,0.0
2458601.913359296,4.3460180130547,0.011769747390504112,3.9661855963323758,0.01415258790850425,3.9661855963323758,0.01415258790850425,18.3449304588312,0.0654604366558363,1.5900699686112505,1.2340814993072396e-08,13.0,2095.81318359375,154.5518943549329,451.9699986636167,768.8740237014536,2.0
2457844.742610609,4.421801648918862,0.004563800569482566,4.049616856525935,0.008416526419822028,4.049616856525935,0.008416526419822028,18.730827847939477,0.0389292402300408,1.2157423601156403,1.2447743280668653e-08,13.0,1223.906396484375,31.71332587774734,451.9699986636167,768.8740237014536,0.0
2458604.734761808,4.420712096342507,0.004117274009718589,4.0484173529199685,0.008119810547215105,4.0484173529199685,0.008119810547215105,18.72527974392313,0.0375568304129009,2.1069095978281043,1.1882846479008142e-08,13.0,1400.119384765625,51.16564738171086,451.9699986636167,768.8740237014536,0.0
2457844.7719857614,4.416235178888593,0.0048830775018726905,4.043488652143035,0.008569387102212316,4.043488652143035,0.008569387102212316,18.70248285991224,0.0396362718401935,1.2239872062720114,1.2337311713943828e-08,13.0,1237.97294921875,35.327110550855586,451.9699986636167,768.8740237014536,0.0
2458605.732127586,4.4045099068568705,0.0039226062944737366,4.030580136860493,0.007810208235886006,4.030580136860493,0.007810208235886006,18.642776673846733,0.0361248165211461,2.021355297967508,1.1594061606004571e-08,13.0,1439.541259765625,50.14272929415156,451.9699986636167,768.8740237014536,0.0
2457845.7271169964,4.433423015682859,0.005627601558495527,4.062410981052101,0.009286297910744302,4.062410981052101,0.009286297910744302,18.790004938626097,0.0429522233024411,1.21838806664733,1.1004077791481832e-08,13.0,1248.0260009765625,37.8243208333086,451.9699986636167,768.8740237014536,0.0
2458606.7295040386,4.4109963110230686,0.0043696960781966325,4.03772110954595,0.008166597239771301,4.03772110954595,0.008166597239771301,18.67580605286628,0.0377732344617018,2.1137992370148964,1.188666521175663e-08,13.0,1372.9771728515625,57.076115751550425,451.9699986636167,768.8740237014536,0.0
2457846.8568904856,4.431884851064159,0.004551485241086266,4.060717594200707,0.008523893885180996,4.060717594200707,0.008523893885180996,18.78217245997017,0.0394258505468582,1.298567301188481,1.2383863305039364e-08,13.0,1190.5486328124998,32.4538524370768,451.9699986636167,768.8740237014536,0.0
2458608.82228736,4.430222277241278,0.004903041357874123,4.058887243523728,0.008738402999228385,4.058887243523728,0.008738402999228385,18.773706477965824,0.0404180267031187,2.1510769105458136,1.2174785861336049e-08,13.0,1462.1972900390624,60.10229031957572,451.9699986636167,768.8740237014536,0.0
2457847.7364619663,0.0,0.0,0.0,0.0,0.0,0.0,0.0,0.0,0.0,0.0,13.0,0.0,0.0,0.0,0.0,5.0
2458611.716154701,4.417115539809763,0.0044189104402159885,4.044457853742307,0.008268487273451048,4.044457853742307,0.008268487273451048,18.70696574037948,0.038244509831173,2.089738942002404,1.2197288563654064e-08,13.0,1355.3710205078123,55.520475097473856,451.9699986636167,768.8740237014536,0.0
2457848.9131829925,4.433950677041421,0.005192654017480983,4.0629918907907046,0.008979714499594194,4.0629918907907046,0.008979714499594194,18.79269183980576,0.0415341728303248,1.291628178486362,1.244363693839198e-08,13.0,1246.459033203125,36.8151665319171,451.9699986636167,768.8740237014536,0.0
2458613.7643298614,4.408359719553534,0.003952787365781069,4.034818449276219,0.007873858126524287,4.034818449276219,0.007873858126524287,18.66238028155515,0.0364192184822019,2.114772166940663,1.183636818945091e-08,13.0,1415.957690429687,52.124311522229696,451.9699986636167,768.8740237014536,0.0
2457849.7858323567,4.437319710530614,0.006988487234863601,4.066700906680911,0.010383410156280623,4.066700906680911,0.010383410156280623,18.80984727464962,0.0480267331459813,1.2965874061180669,5.556217508261085e-09,13.0,1178.6645263671876,49.85825799264055,451.9699986636167,768.8740237014536,0.0
2458617.8528534826,4.433889811980111,0.00453214103453275,4.062924883597016,0.008534523755111503,4.062924883597016,0.008534523755111503,18.792381909198987,0.0394750172386141,2.1268721498523844,1.2045771967103418e-08,13.0,1573.8120849609377,53.82738452464426,451.9699986636167,768.8740237014536,0.0
2457851.8305679527,4.43902915460041,0.005196881843660606,4.068582857465497,0.009038566015730038,4.068582857465497,0.009038566015730038,18.818551924351866,0.0418063807098318,1.315418414565021,1.1897820976799942e-08,13.0,1907.6963134765624,36.729646940218124,451.9699986636167,768.8740237014536,0.0
2458618.697622888,4.442509837272418,0.004695075279557592,4.072414789496052,0.008739369766022895,4.072414789496052,0.008739369766022895,18.836275887317317,0.0404224983218023,2.1060929337503387,8.257389316382903e-09,13.0,3517.690771484374,53.14596197925609,451.9699986636167,768.8740237014536,0.0
2457864.880693162,4.4435210794542535,0.006378571840793344,4.073528080098029,0.009958666193548352,4.073528080098029,0.009958666193548352,18.84142522745224,0.046062150735532,1.2699290797313758,4.039132043578268e-09,13.0,1408.1350830078125,43.14554521210452,451.9699986636167,768.8740237014536,0.0
2458618.885815346,4.419194133410686,0.004992625484184903,4.046746206387013,0.008677952616021382,4.046746206387013,0.008677952616021382,18.717550134153505,0.0401384235304463,2.0907373586496423,1.0322296711657891e-08,13.0,2074.06103515625,62.37077641458318,451.9699986636167,768.8740237014536,0.0
2457867.790685161,4.429269193010548,0.0066272746350361095,4.057837979820111,0.01001346974214909,4.057837979820111,0.01001346974214909,18.768853283578345,0.0463156354158524,1.256716349909431,1.2447779305441096e-08,13.0,1155.88857421875,47.36817721957308,451.9699986636167,768.8740237014536,0.0
2458625.694211842,4.512480892535793,0.043978973232173556,4.149446898751936,0.0490822726372728,4.149446898751936,0.0490822726372728,19.19257507026606,0.2270218718773005,0.1030798687144001,1.2040007833319209e-08,13.0,521.9234130859375,15.745678080481026,451.9699986636167,768.8740237014536,0.0
2457954.5702548465,4.439716065881917,0.006594621867726712,4.069339087662212,0.01009002134105718,4.069339087662212,0.01009002134105718,18.822049741091064,0.0466697120782708,0.9089817832732836,3.901606732341115e-09,13.0,1138.659033203125,31.78932523755657,451.9699986636167,768.8740237014536,0.0
2458625.696380625,4.43910262722072,0.0069593725953132415,4.068663744496481,0.010376802321836298,4.068663744496481,0.010376802321836298,18.818926053832804,0.0479961697090416,2.1506653648392264,1.2336155772995262e-08,13.0,10848.074609375,82.64074437844732,451.9699986636167,768.8740237014536,0.0
2457954.7682001246,4.453345123861514,0.014103639561325508,4.084343507409597,0.017115772634072983,4.084343507409597,0.017115772634072983,18.891450183948663,0.0791661537502397,0.3580684996060836,6.290078702916833e-09,13.0,1156.4438232421876,24.628432327745852,451.9699986636167,768.8740237014536,4.0
2458626.672460061,4.4084152770031455,0.006542602701112505,4.034879613246265,0.009744320032157415,4.034879613246265,0.009744320032157415,18.662663185304822,0.0450707282896257,2.113082156913652,1.2250076863632581e-08,13.0,6385.9095703125,87.21981680786011,451.9699986636167,768.8740237014536,0.0
2457955.6188473417,4.4393253391277065,0.0064578121322949045,4.068908931136685,0.009978286791164609,4.068908931136685,0.009978286791164609,18.820060123773487,0.0461529025397753,0.876598175036978,1.215330235133452e-08,13.0,1065.569677734375,29.90135981774795,451.9699986636167,768.8740237014536,0.0
2458627.7939480217,-2162.00417823741,-2162.00417823741,-2162.00417823741,-2162.00417823741,-2162.00417823741,-2162.00417823741,-9999.99,-9999.99,-9999.99,-9999.99,13.0,-9999.99,-9999.99,-9999.99,-9999.99,5.0
2457956.5631980146,4.438811246434255,0.006023048247257915,4.068342959330478,0.009637789787334239,4.068342959330478,0.009637789787334239,18.81744231551052,0.0445779903968628,1.2136662407800831,2.952635372393918e-09,13.0,1126.900927734375,39.48925018528239,451.9699986636167,768.8740237014536,0.0
2458627.796092052,4.38066621188486,0.10001569960344442,4.004330280984597,0.11028156870144395,4.004330280984597,0.11028156870144395,18.52136234037657,0.5100890161543677,0.1548976554355002,1.2385562561959024e-08,13.0,15025.8904296875,110.32567194393624,451.9699986636167,768.8740237014536,4.0
2457958.5700916494,0.0,0.0,0.0,0.0,0.0,0.0,0.0,0.0,0.0,0.0,13.0,0.0,0.0,0.0,0.0,5.0
2458629.66819276,0.0,0.0,0.0,0.0,0.0,0.0,0.0,0.0,0.0,0.0,13.0,0.0,0.0,0.0,0.0,5.0
2457960.652415336,4.442849819746557,0.006538854278499438,4.072789080936909,0.010077163832013633,4.072789080936909,0.010077163832013633,18.83800710999641,0.0466102418130629,1.2090914524507488,5.883648390608904e-09,13.0,1014.3673706054688,42.17483014791005,451.9699986636167,768.8740237014536,0.0
2458631.752334596,4.390375493002245,0.003957431365100552,4.015019363791982,0.00766700662930416,4.015019363791982,0.00766700662930416,18.570802911425865,0.0354624613563333,1.8923623343606368,1.0672666538442144e-08,13.0,1449.6515625000002,50.35938384244967,451.9699986636167,768.8740237014536,0.0
2457965.5860123383,4.754283330434046,0.94507140156879,4.415650570318802,1.0405070165075239,4.415650570318802,1.0405070165075239,20.423855786754864,4.812691790673538,0.0361857571730551,6.4842548386497905e-09,13.0,6733.62177734375,48.78631198465176,451.9699986636167,768.8740237014536,6.0
2458635.814679356,4.414267167321081,0.0036268551962615045,4.041322040799027,0.007752838218766548,4.041322040799027,0.007752838218766548,18.692461560234825,0.0358594610684281,2.097887920661988,1.1312709068729608e-08,13.0,1518.0513427734377,45.92787609851977,451.9699986636167,768.8740237014536,0.0
2457968.538156412,0.0,0.0,0.0,0.0,0.0,0.0,0.0,0.0,0.0,0.0,13.0,0.0,0.0,0.0,0.0,5.0
2458637.715650966,4.426099537224967,0.0041001719213227825,4.054348461620631,0.008172941235178218,4.054348461620631,0.008172941235178218,18.75271309872076,0.0378025775551462,2.145310456763641,1.2366203514979516e-08,13.0,1415.2981689453125,50.683232289639314,451.9699986636167,768.8740237014536,0.0
2457968.69991766,4.439459086856569,0.010373498459035305,4.069056175874152,0.0133967122887481,4.069056175874152,0.0133967122887481,18.820741179766365,0.0619642599532697,1.1904737754931092,1.2384035711753222e-08,13.0,10840.3498046875,67.96992528954854,451.9699986636167,768.8740237014536,0.0
2458638.643989451,4.401658623726163,0.003980635542777854,4.02744111955087,0.007812400582774678,4.02744111955087,0.007812400582774678,18.6282576724396,0.0361349568562962,1.7932903921828058,1.1406528386990912e-08,13.0,1355.4095703125,45.409380576769536,451.9699986636167,768.8740237014536,0.0
2457969.749929613,4.471610358011528,0.019570342553368394,4.104451958072978,0.022801416114622133,4.104451958072978,0.022801416114622133,18.984458471154305,0.10546415008224,1.1145098850702533,1.2221669775423576e-08,13.0,27143.179296875,105.19072612206158,451.9699986636167,768.8740237014536,2.0
2458639.803465252,4.374263233826381,0.005501073658718952,3.9972811532630383,0.008584031536979045,3.9972811532630383,0.008584031536979045,18.488757774930363,0.0397040072325193,0.7251067239477479,1.1836558688370882e-08,13.0,1488.0868652343752,27.602377027530665,451.9699986636167,768.8740237014536,0.0
2457970.554457886,4.451188552957345,0.013274659760878688,4.081969308465724,0.01627877237197011,4.081969308465724,0.01627877237197011,18.880468722425263,0.0752947485349872,1.1793333774086925,1.2387932830085416e-08,13.0,14682.994140625,82.16258785987709,451.9699986636167,768.8740237014536,0.0
2458641.757848639,4.389129627680708,0.004221033997341308,4.01364777330781,0.007821487059865462,4.01364777330781,0.007821487059865462,18.564458848234928,0.0361769848416987,2.059481222587766,1.2435551230814976e-08,13.0,1460.31728515625,58.92820436603203,451.9699986636167,768.8740237014536,0.0
2458654.606840713,4.364096772390722,0.006918731293111224,3.9860887542759196,0.009660458271771062,3.9860887542759196,0.009660458271771062,18.43698919877597,0.0446828396936242,2.04642504528792,1.2352964361144364e-08,13.0,11188.080078125,108.37787602161256,451.9699986636167,768.8740237014536,0.0
2457971.500056308,4.426249869800187,0.010438671581780338,4.054513964846434,0.013361074986220793,4.054513964846434,0.013361074986220793,18.753478606308427,0.0617994255498549,1.2162792052452192,1.2057227257259175e-08,13.0,12214.29765625,74.02706068382064,451.9699986636167,768.8740237014536,0.0
2458655.6573912688,4.481915934909196,0.025138557314395425,4.115797511209744,0.028703105636752407,4.115797511209744,0.028703105636752407,19.03693543630273,0.1327614313726589,1.0905895430394332,5.739003173795798e-09,13.0,12848.3994140625,127.13070744989548,451.9699986636167,768.8740237014536,0.0
2457972.473804821,4.504735902134442,0.023896484277737978,4.14092033095134,0.027480421576917498,4.14092033095134,0.027480421576917498,19.153136851969087,0.1271061100302753,1.2106163002002188,1.2275625450719032e-08,13.0,22952.330859375,121.65675745464618,451.9699986636167,768.8740237014536,2.0
2458655.7610167903,4.431701951480876,0.01534098831390055,4.060516237502152,0.01824156783765766,4.060516237502152,0.01824156783765766,18.781241118119752,0.0843733318358403,1.087172808546018,1.1948517854725e-08,13.0,11049.5078125,95.35578441933175,451.9699986636167,768.8740237014536,0.0
2458668.695788637,4.430407752354987,0.003953939375691327,4.0590914356596,0.008136802740968261,4.0590914356596,0.008136802740968261,18.774650934658997,0.0376354249731335,2.1383507529616077,1.11354227431299e-08,13.0,1306.8757080078126,47.64073354214128,451.9699986636167,768.8740237014536,0.0
2457973.554517448,-2162.00417823741,-2162.00417823741,-2162.00417823741,-2162.00417823741,-2162.00417823741,-2162.00417823741,-9999.99,-9999.99,1.1819199310458868,-9999.99,13.0,-9999.99,-9999.99,-9999.99,-9999.99,1.0
2457973.6866679583,-2162.00417823741,-2162.00417823741,-2162.00417823741,-2162.00417823741,-2162.00417823741,-2162.00417823741,-9999.99,-9999.99,0.6792354060794971,-9999.99,13.0,-9999.99,-9999.99,-9999.99,-9999.99,7.0
2457974.484702161,4.422818929343826,0.005303491507611562,4.05073679471387,0.0089375156392231,4.05073679471387,0.0089375156392231,18.73600793537534,0.0413389890346735,1.1936949693047656,4.2435468916525955e-09,13.0,1930.779638671875,36.48890221282132,451.9699986636167,768.8740237014536,0.0
2457979.567752234,4.43353904321174,0.006299615213800879,4.0625387173746095,0.009796568622913714,4.0625387173746095,0.009796568622913714,18.790595761696927,0.045312395438254,1.1808349014903263,5.5896550149664675e-09,13.0,1164.3158935546876,41.25690778375473,451.9699986636167,768.8740237014536,0.0
2457980.498664601,4.425696510347549,0.005574593896425808,4.053904763718157,0.009165586217067643,4.053904763718157,0.009165586217067643,18.75066084802096,0.0423938914815314,1.1642842960743491,1.2074642378464438e-08,13.0,1326.6771728515623,36.94111848458875,451.9699986636167,768.8740237014536,0.0
2457980.6137618544,4.429488327646913,0.005560633261426268,4.058079228193266,0.009195434442245087,4.058079228193266,0.009195434442245087,18.76996913772116,0.0425319494724903,1.1536044927108904,1.241765769142608e-08,13.0,1336.42236328125,35.7742259446865,451.9699986636167,768.8740237014536,0.0
2457981.620559268,4.428206436402107,0.005448780851130477,4.05666797626842,0.009100208494973032,4.05666797626842,0.009100208494973032,18.76344162714648,0.0420914977240402,1.158671866480917,4.1101241643619366e-09,13.0,1206.1408203125,35.47265824591105,451.9699986636167,768.8740237014536,0.0
2457983.6725961776,4.413782087213582,0.00928924142649216,4.040788009352767,0.012192493654561137,4.040788009352767,0.012192493654561137,18.68999148678352,0.0563943473597146,1.0158301257561724,1.2099180370356824e-08,13.0,1240.3666748046876,57.39562537703131,451.9699986636167,768.8740237014536,0.0
2457986.6058055074,4.429525243598257,0.006139966471082808,4.058119869478247,0.009632180053378568,4.058119869478247,0.009632180053378568,18.770157117211426,0.0445520435073868,1.1287116157939467,1.1077458951338944e-08,13.0,1173.772021484375,38.73541854927954,451.9699986636167,768.8740237014536,0.0
2457989.6933442326,-2162.00417823741,-2162.00417823741,-2162.00417823741,-2162.00417823741,-2162.00417823741,-2162.00417823741,-9999.99,-9999.99,-9999.99,-9999.99,13.0,-9999.99,-9999.99,-9999.99,-9999.99,5.0
2457990.6510736723,4.456134576874642,0.006327692487277428,4.087414455081639,0.010048406653853797,4.087414455081639,0.010048406653853797,18.905654340591862,0.0464772302782466,1.1622217646694473,3.774110332030175e-09,13.0,1125.440869140625,36.723450186930215,451.9699986636167,768.8740237014536,0.0
2457993.58783492,4.43005604934277,0.006567207433548725,4.0587042409151355,0.009973092064318869,4.0587042409151355,0.009973092064318869,18.772860029899576,0.0461288751965199,1.171104636086481,4.702731237276929e-09,13.0,2245.02392578125,43.434966275628256,451.9699986636167,768.8740237014536,0.0
2457995.4930316824,4.479279654957712,0.01402256425833574,4.112895193894569,0.01719550564386936,4.112895193894569,0.01719550564386936,19.023511251270754,0.0795349454984979,0.819771345538284,7.842607799112414e-09,13.0,7062.279003906249,52.95142743125033,451.9699986636167,768.8740237014536,0.0
2457996.667900017,4.412565969638923,0.013029385965019884,4.039449168577444,0.01579877547938206,4.039449168577444,0.01579877547938206,18.683798901912677,0.0730746029061176,1.0422107004967296,3.622002003657373e-09,13.0,16337.590234375002,84.05188829756543,451.9699986636167,768.8740237014536,0.0
2457998.6146285394,4.440376716594702,0.012178697035529217,4.070066407233082,0.015132672083420754,4.070066407233082,0.015132672083420754,18.82541383654874,0.069993652662992,1.1701083790942273,1.2378681709730358e-08,13.0,7702.17294921875,78.28287402914066,451.9699986636167,768.8740237014536,0.0
2457999.4813984707,4.475956611514111,0.021036669558572293,4.109236809086081,0.02435175899481424,4.109236809086081,0.02435175899481424,19.006590002057045,0.1126350026895331,0.9333522118858376,1.075948473800786e-08,13.0,12752.3509765625,92.9106142261388,451.9699986636167,768.8740237014536,0.0
2458000.661817428,4.626262135231523,0.03964666170400727,4.274710253515089,0.044715716284503944,4.274710253515089,0.044715716284503944,19.771959840937136,0.2068250932116257,1.0736892724517753,8.244530962800563e-09,13.0,11257.9216796875,106.62437044028692,451.9699986636167,768.8740237014536,0.0
2458003.566541668,4.426873188323045,0.0067969190901608955,4.055200184889468,0.010127381288586207,4.055200184889468,0.010127381288586207,18.756652602749888,0.0468425142890396,1.1507079247644136,2.9630240967028e-09,13.0,3058.771728515625,44.809224658306434,451.9699986636167,768.8740237014536,0.0
2458004.552554255,4.423733743636551,0.005250259615911525,4.051743926509735,0.008909216672891088,4.051743926509735,0.008909216672891088,18.74066625564535,0.0412080968822998,1.157516034192716,5.554755637680172e-09,13.0,2290.844775390625,34.75605200653778,451.9699986636167,768.8740237014536,0.0
2458005.647937656,4.397892040910222,0.0072266718952353065,4.023294436070012,0.010219709507770297,4.023294436070012,0.010219709507770297,18.609077879098244,0.0472695630791633,0.972400132121166,9.008753005114051e-09,13.0,3402.191357421875,45.61108872072341,451.9699986636167,768.8740237014536,0.0
2458008.538278402,4.4186794701137995,0.005270127849464673,4.046179606395539,0.008869086076184106,4.046179606395539,0.008869086076184106,18.71492942032428,0.0410224794955235,1.111143728087097,1.2235488878135412e-08,13.0,1218.2940673828125,34.20627308083527,451.9699986636167,768.8740237014536,0.0
2458019.505473424,4.428161193832386,0.005702984985455761,4.056618168093301,0.009286594402915033,4.056618168093301,0.009286594402915033,18.763211247733658,0.0429535946775625,1.1308694418809933,1.238101802774802e-08,13.0,1337.1367431640624,36.273347399202684,451.9699986636167,768.8740237014536,0.0
2458032.53029078,0.0,0.0,0.0,0.0,0.0,0.0,0.0,0.0,0.0,0.0,13.0,0.0,0.0,0.0,0.0,5.0
2458036.518928627,4.419722119697056,0.006037611901120915,4.047327473843165,0.009453973669418289,4.047327473843165,0.009453973669418289,18.720238689896064,0.0437277795788167,1.0835695394151923,1.2147598727074675e-08,13.0,1496.349267578125,38.22951034952968,451.9699986636167,768.8740237014536,0.0
2458042.494842958,4.385356531492267,0.004886942578486713,4.009493919164452,0.008237954757823076,4.009493919164452,0.008237954757823076,18.545245888189257,0.0381032867687812,1.0828428689253753,1.1267252424620449e-08,13.0,1915.175634765625,35.75445444739099,451.9699986636167,768.8740237014536,0.0
2458045.520124967,4.388116346134217,0.0055921810916795215,4.012532237540881,0.008792331616094025,4.012532237540881,0.008792331616094025,18.559299123463703,0.0406674645325173,1.0605579932863174,8.744074247386496e-09,13.0,1544.158203125,39.84712894697248,451.9699986636167,768.8740237014536,0.0
2458166.8436979405,4.419108171265414,0.010824940467364702,4.0466515694640535,0.013678531618743307,4.0466515694640535,0.013678531618743307,18.71711240683884,0.0632677682952639,0.4080274688266418,1.174547106540322e-08,13.0,1146.7873779296874,24.9649311902566,451.9699986636167,768.8740237014536,4.0
2458173.886592628,4.433401697915177,0.005952342191644168,4.0623875120247614,0.00952831958773633,4.0623875120247614,0.00952831958773633,18.789896386551558,0.0440716542332715,1.046545023571703,1.2414601948878509e-08,13.0,1357.7071044921877,34.16152403222844,451.9699986636167,768.8740237014536,0.0
2458174.861666435,4.441573660946277,0.005838304942707624,4.071384139940077,0.009528045853775143,4.071384139940077,0.009528045853775143,18.831508789567465,0.0440703881224554,1.0435924877162597,3.734301028986287e-09,13.0,1335.7453125,32.07862662252137,451.9699986636167,768.8740237014536,0.0
2458175.836981044,4.4418390215450625,0.006378536299581841,4.071676279119068,0.00994163474175467,4.071676279119068,0.00994163474175467,18.83286003065105,0.0459833745937758,1.0362208483104751,7.377353057161062e-09,13.0,1239.6082275390625,34.98853167453389,451.9699986636167,768.8740237014536,0.0
2458178.864484112,4.433570000278091,0.008686727248621653,4.062572798440108,0.011804128428623446,4.062572798440108,0.011804128428623446,18.79075339798533,0.0545980287333136,1.034922739088298,5.764275802269501e-09,13.0,3788.325439453125,50.29205771729152,451.9699986636167,768.8740237014536,0.0
2458180.8934964603,4.446239852250491,0.00890562258625604,4.076521214934903,0.012105262427666384,4.076521214934903,0.012105262427666384,18.855269473794905,0.0559908738579444,1.0544031864381649,1.2315628605304822e-08,13.0,3964.32939453125,49.722573819715365,451.9699986636167,768.8740237014536,0.0
2458186.880387079,4.413249729257296,0.0097603063751467,4.0402019290643185,0.01262667936013255,4.0402019290643185,0.01262667936013255,18.687280670087283,0.0584026009780757,0.9708126791934528,1.0609277812929741e-08,13.0,5071.587597656249,57.94777043267276,451.9699986636167,768.8740237014536,0.0
2458195.850074288,4.433339036997941,0.006611587210838852,4.062318527748269,0.01004068096571689,4.062318527748269,0.01004068096571689,18.78957731127778,0.0464414963953569,1.087937986687924,1.1773171590095638e-08,13.0,1166.4341552734377,39.82544154410564,451.9699986636167,768.8740237014536,0.0
2458203.829149154,4.42414010704187,0.007303698996938491,4.0521912976422465,0.010521244011560824,4.0521912976422465,0.010521244011560824,18.742735496258497,0.0486642606717547,0.994918785305833,1.0047845794455134e-08,13.0,1287.0808593749998,41.71651412686542,451.9699986636167,768.8740237014536,0.0
2458208.816456907,4.434795215854331,0.008681922281320215,4.063921655332088,0.011810079670162843,4.063921655332088,0.011810079670162843,18.79699231073444,0.0546255552092014,1.0315301966131312,4.699846564395257e-09,13.0,5817.137500000001,49.84557169580504,451.9699986636167,768.8740237014536,0.0
2458208.8305545254,4.433411674432515,0.009162827148050138,4.062398495311643,0.012231359214827223,4.062398495311643,0.012231359214827223,18.789947187914528,0.0565741135312685,1.0359060886389493,6.450879291008665e-09,13.0,5228.5103515625,53.22977386425929,451.9699986636167,768.8740237014536,0.0
2458209.813150804,4.415251086234752,0.008382445019869646,4.0424052508345465,0.011380305038139705,4.0424052508345465,0.011380305038139705,18.69747176772291,0.0526377042763744,1.0322119894776116,4.130444967218007e-09,13.0,4984.72705078125,52.46220192386223,451.9699986636167,768.8740237014536,0.0
2458213.802947455,4.457960078501484,0.010891677665340849,4.089424175247163,0.01402143012407992,4.089424175247163,0.01402143012407992,18.914949966271195,0.0648537881831517,1.0554547373237002,4.1652559807584126e-09,13.0,8127.41611328125,58.21296339040269,451.9699986636167,768.8740237014536,0.0
2458221.8995318064,4.438124023002947,0.005788803490657907,4.067586385483703,0.009454977755000812,4.067586385483703,0.009454977755000812,18.81394290927524,0.0437324238093346,1.0534546131100526,3.1071050795144822e-09,13.0,1137.82900390625,32.61612396307554,451.9699986636167,768.8740237014536,0.0
2458223.776382317,4.4387971906838315,0.005385505707944144,4.068327485159078,0.009168898438966842,4.068327485159078,0.009168898438966842,18.81737074230968,0.0424092116119008,1.0457639849235736,1.236855136703948e-08,13.0,1159.873193359375,29.69306073149245,451.9699986636167,768.8740237014536,0.0
2458224.8511393066,4.441671530589765,0.007557958499124044,4.071491885993666,0.010896069231955019,4.071491885993666,0.010896069231955019,18.83200715098105,0.0503979522591343,1.06342407952467,5.878908629767253e-09,13.0,1188.4860351562502,43.12257165989396,451.9699986636167,768.8740237014536,0.0
2458225.9176829457,4.44502164806268,0.006295179150998474,4.075180076978098,0.009909441478431518,4.075180076978098,0.009909441478431518,18.84906626369399,0.0458344700197054,1.0306648802685017,5.620349964181476e-09,13.0,1264.58515625,33.74330877087633,451.9699986636167,768.8740237014536,0.0
2458226.863118391,4.439500258893038,0.006359923808431414,4.069101502742522,0.009903555623553396,4.069101502742522,0.009903555623553396,18.82095083164169,0.0458072459789218,1.0408564302064975,3.9039518454996165e-09,13.0,1099.306201171875,35.44246131420056,451.9699986636167,768.8740237014536,0.0
2458229.8490675758,4.453327084467952,0.005499330182244843,4.084323647589982,0.00940829207852927,4.084323647589982,0.00940829207852927,18.89135832566293,0.0435164869935976,1.0522607428799906,1.2436318972582232e-08,13.0,1110.18359375,28.539034257058745,451.9699986636167,768.8740237014536,0.0
2458230.7997896965,4.435383977557024,0.004990321612314154,4.0645698312905125,0.008855572206988998,4.0645698312905125,0.008855572206988998,18.799990340603088,0.0409599733458256,1.0260650149557062,1.2206697536537558e-08,13.0,1107.8778076171875,27.193375853843683,451.9699986636167,768.8740237014536,0.0
2458231.8253758973,4.463256007741686,0.01721748848434365,4.095254537506344,0.020327846353522895,4.095254537506344,0.020327846353522895,18.941917335194468,0.0940230654052156,0.2477260281363024,9.97153084137309e-09,13.0,1108.049609375,19.066529533927437,451.9699986636167,768.8740237014536,4.0
2458237.735405837,4.522800923498659,0.11491751339173892,4.160808364570387,0.12677994943216295,4.160808364570387,0.12677994943216295,19.245125636871563,0.5863995265521259,0.2069620633474962,7.742191339442255e-09,13.0,28767.291796875,92.28718049991002,451.9699986636167,768.8740237014536,4.0
2458237.921299932,4.477181241928796,0.011449691917014513,4.110585021765554,0.014690047235752214,4.110585021765554,0.014690047235752214,19.01282593510857,0.0679463651993547,1.033689903722731,6.334276607034443e-09,13.0,6038.615625,55.09206835471103,451.9699986636167,768.8740237014536,0.0
2458238.7326415847,5.018617663599618,0.33573645234381166,4.706659919196679,0.36994407220939646,4.706659919196679,0.36994407220939646,21.769871029453306,1.7111146499583714,1.0596162297561365,3.579838709567172e-09,13.0,17649.834375000002,168.97331082084662,451.9699986636167,768.8740237014536,2.0
2458239.9136560564,4.928185373014813,0.304080937109612,4.607101751003162,0.33506797006464284,4.607101751003162,0.33506797006464284,21.3093813151526,1.5498010520490262,0.5693226884078012,5.526658499282734e-09,13.0,26742.590234375,119.8357746799711,451.9699986636167,768.8740237014536,6.0
2458245.7899165363,4.45433237024471,0.010482235363543195,4.0854303807026575,0.013610343000514936,4.0854303807026575,0.013610343000514936,18.896477335223977,0.0629523732061788,1.0001616393730184,1.2288478069752036e-08,13.0,4415.60205078125,53.79004463415972,451.9699986636167,768.8740237014536,0.0
2458246.7123092194,4.440216525763936,0.005404638000460505,4.0698900509164435,0.009197954202439095,4.0698900509164435,0.009197954202439095,18.824598129798236,0.0425436042033165,1.017659197732708,1.2064596405445692e-08,13.0,1410.179345703125,28.79027850566549,451.9699986636167,768.8740237014536,0.0
2458246.881393527,4.384386217707116,0.007333706712651271,4.008425687204408,0.010194848877481358,4.008425687204408,0.010194848877481358,18.54030495929299,0.0471545743771129,0.95532676794949,1.1634761387748748e-08,13.0,1919.0651367187504,48.25087125293808,451.9699986636167,768.8740237014536,0.0
2458247.857419525,4.413717878801255,0.016486980311123896,4.040717321417379,0.01932640555168319,4.040717321417379,0.01932640555168319,18.68966453151945,0.0893910678795895,0.2770346110237063,1.2333563130824442e-08,13.0,2582.94228515625,26.60332790104959,451.9699986636167,768.8740237014536,4.0
2458249.722265457,4.457099648405889,0.007681596273226259,4.088476915771348,0.011142679861665967,4.088476915771348,0.011142679861665967,18.910568575439065,0.0515386086259567,1.031605927488926,5.998293916584449e-09,13.0,1197.3507324218751,39.57708500744111,451.9699986636167,768.8740237014536,0.0
2458250.7052307166,4.436883488384802,0.008627874041035072,4.066220663645136,0.011779541107410252,4.066220663645136,0.011779541107410252,18.80762599052646,0.0544843041768425,0.9455963397653429,1.2382215135146872e-08,13.0,1197.660815429687,44.40376535744702,451.9699986636167,768.8740237014536,0.0
2458254.6950384555,4.446396358586819,0.007911535610259042,4.076693514940295,0.01123864134294144,4.076693514940295,0.01123864134294144,18.85606641875379,0.0519824624643532,1.0366921556305717,5.0303464327704174e-09,13.0,1078.1471923828126,43.14011830426397,451.9699986636167,768.8740237014536,0.0
2458256.748684103,4.43459175692913,0.005251000940690884,4.063697664567675,0.009027751770477693,4.063697664567675,0.009027751770477693,18.79595627878465,0.0417563612207533,1.041477275372536,1.244695652451238e-08,13.0,1134.123095703125,29.34347297797601,451.9699986636167,768.8740237014536,0.0
2458257.823661177,4.438277339040715,0.008509311998409153,4.067755173244975,0.0116864078631951,4.067755173244975,0.0116864078631951,18.814723608934308,0.0540535318776056,0.8645653152237338,1.2440420254573705e-08,13.0,1165.238232421875,39.710524667924,451.9699986636167,768.8740237014536,0.0
2458258.791970033,4.449384539663866,0.007231217572815581,4.079983245105679,0.010697165922709957,4.079983245105679,0.010697165922709957,18.87128251735696,0.0494779581520743,1.0152922576284331,1.2433139328033364e-08,13.0,1107.13681640625,37.68188491739765,451.9699986636167,768.8740237014536,0.0
2458259.872361714,4.420164386535775,0.004947770722784938,4.047814371565548,0.008657445716475589,4.047814371565548,0.008657445716475589,18.72249075416304,0.0400435722843418,1.0118573142715626,1.2236876375557886e-08,13.0,1268.2244384765625,28.534680704609,451.9699986636167,768.8740237014536,0.0
2458264.667775121,4.440217844913819,0.007668780511191402,4.069891503186923,0.010976259162119206,4.069891503186923,0.010976259162119206,18.8246048470333,0.050768857416402,1.03328104765043,5.1434603141140046e-09,13.0,3269.948193359375,42.79272950600076,451.9699986636167,768.8740237014536,0.0
2458271.6830260884,4.431891696726525,0.00873564550331988,4.060725130685749,0.011833869834028128,4.060725130685749,0.011833869834028128,18.782207318725675,0.0547355926472165,1.0723780953532267,1.1898759686192666e-08,13.0,7830.05830078125,52.78034228403886,451.9699986636167,768.8740237014536,0.0
2458272.67193315,4.481421703033771,0.012892704799271557,4.115253404454712,0.016102659851476336,4.115253404454712,0.016102659851476336,19.034418761189883,0.0744801694229115,1.0769523808402683,3.6393931887231964e-09,13.0,7923.9853515625,63.73892676508965,451.9699986636167,768.8740237014536,0.0
2458273.839860876,4.422625362463652,0.0073527515561785705,4.050523694239598,0.010548775931059054,4.050523694239598,0.010548775931059054,18.73502227464759,0.0487916049768372,1.0352641006940349,1.1284076164964957e-08,13.0,3172.945654296875,44.321324831301226,451.9699986636167,768.8740237014536,0.0
2458274.806927489,4.432648627280114,0.006369321018314787,4.061558446074288,0.009842148506511897,4.061558446074288,0.009842148506511897,18.786061680172395,0.0455232175933502,1.0630279818612294,5.243054646702622e-09,13.0,1745.0583251953124,37.4834613584396,451.9699986636167,768.8740237014536,0.0
2458277.8055521585,4.436636858558998,0.006573753024782596,4.065949145434992,0.010043027343168618,4.065949145434992,0.010043027343168618,18.806370128297523,0.0464523491732052,1.0504480739068331,4.802302500539504e-09,13.0,1218.873046875,37.57230184541839,451.9699986636167,768.8740237014536,0.0
2458278.7534798253,4.4371318273816795,0.010690904085011367,4.066494063505521,0.013678884538205201,4.066494063505521,0.013678884538205201,18.808890556014997,0.0632694006654162,0.3927290591707403,5.269970191902132e-09,13.0,1078.7630615234375,21.5140424457444,451.9699986636167,768.8740237014536,4.0
2458282.784826769,4.437341224580624,0.0057796237846789306,4.066724591798203,0.00943992596530397,4.066724591798203,0.00943992596530397,18.809956826212225,0.0436628042646706,1.027889506281631,5.623321748768124e-09,13.0,1088.0976318359376,31.83257308124299,451.9699986636167,768.8740237014536,0.0
2458285.612549944,4.439228239538255,0.006517410978134181,4.068802032846312,0.010024174998507017,4.068802032846312,0.010024174998507017,18.819565683547367,0.0463651507949642,0.9759171795684992,1.2430194472002473e-08,13.0,1104.432958984375,33.98869599724576,451.9699986636167,768.8740237014536,0.0
2458286.7579702637,4.446715608780987,0.006699636445283279,4.07704498192539,0.010242579848863627,4.07704498192539,0.010242579848863627,18.857692070716745,0.0473753460302473,1.025286671716447,4.26094351916969e-09,13.0,1018.2411865234376,35.67116414686063,451.9699986636167,768.8740237014536,0.0
2458287.723050886,4.46823682850183,0.00598707523528644,4.100737992451182,0.009921183669126112,4.100737992451182,0.009921183669126112,18.967280142151917,0.0458887815657727,1.024312420052856,1.24395038823109e-08,13.0,1057.0567138671877,28.24968845657535,451.9699986636167,768.8740237014536,0.0
2458288.6392648863,4.441487937237801,0.00685392082357506,4.0712897655155045,0.010314543243790518,4.0712897655155045,0.010314543243790518,18.831072276395343,0.0477082007198352,1.0308809189509631,6.261651563208776e-09,13.0,1058.8717041015625,37.67334721205374,451.9699986636167,768.8740237014536,0.0
2458288.6855662926,4.440304855180488,0.006090453389055103,4.069987294001328,0.009704377244194564,4.069987294001328,0.009704377244194564,18.825047911480524,0.0448859795808946,1.031232890742917,6.112818479743158e-09,13.0,1002.4527587890624,33.35723564504098,451.9699986636167,768.8740237014536,0.0
2458289.7793129086,4.440566221748118,0.006992628593953248,4.0702750360957936,0.01041791244787117,4.0702750360957936,0.01041791244787117,18.826378814582483,0.0481863177454726,1.0100274537132463,6.155004621180288e-09,13.0,1077.5466552734374,37.83551335445702,451.9699986636167,768.8740237014536,0.0
2458291.620494654,4.439253663004327,0.008345049676813144,4.068830021894193,0.01155038002469811,4.068830021894193,0.01155038002469811,18.8196951422236,0.0534243577814665,0.9246317521293376,5.078163861585258e-09,13.0,2178.262109375,41.79563797384606,451.9699986636167,768.8740237014536,0.0
2458292.789082392,4.447157399122365,0.009502898076031795,4.077531355065214,0.012651074104640728,4.077531355065214,0.012651074104640728,18.859941708614517,0.0585154348030932,1.0138027255011584,1.2197556806515968e-08,13.0,3017.0294921875,50.80202690233082,451.9699986636167,768.8740237014536,0.0
2458293.584997672,4.478995170013371,0.08981150431137613,4.112582000457205,0.09916408725181618,4.112582000457205,0.09916408725181618,19.02206262722403,0.4586669585836467,0.3034443260161269,7.98988995946705e-09,13.0,19841.5921875,128.12527247652957,451.9699986636167,768.8740237014536,6.0
2458299.753437452,4.413513721818405,0.028833188905121123,4.040492562151579,0.032428862715973165,4.040492562151579,0.032428862715973165,18.688624944994583,0.1499942997961655,0.7599803851263214,7.69203683019261e-09,13.0,25999.53359375,135.5596419732347,451.9699986636167,768.8740237014536,2.0
2458301.6663164035,4.477429215889129,0.011558802178270803,4.11085801975212,0.014795067994741631,4.11085801975212,0.014795067994741631,19.014088641796725,0.0684321212169692,0.9662887048425116,1.2447804036459491e-08,13.0,4071.5651367187497,51.746679119684266,451.9699986636167,768.8740237014536,0.0
2458302.6419010097,-2162.00417823741,-2162.00417823741,-2162.00417823741,-2162.00417823741,-2162.00417823741,-2162.00417823741,-9999.99,-9999.99,-9999.99,-9999.99,13.0,-9999.99,-9999.99,-9999.99,-9999.99,5.0
2458303.569971492,4.430784965055457,0.005174562152049015,4.059506714375148,0.008932308187683417,4.059506714375148,0.008932308187683417,18.7765717371461,0.041314902835467,0.988812183774279,1.1168238573411107e-08,13.0,1117.48193359375,27.770926071261208,451.9699986636167,768.8740237014536,0.0
2458303.755144374,0.0,0.0,0.0,0.0,0.0,0.0,0.0,0.0,0.0,0.0,13.0,0.0,0.0,0.0,0.0,5.0
2458308.548092579,4.43090673385388,0.005445549260190289,4.059640771341258,0.00912677523517717,4.059640771341258,0.00912677523517717,18.77719179530049,0.0422143777531577,0.9810361804396645,1.0756308087626904e-08,13.0,1029.413037109375,29.14779030620575,451.9699986636167,768.8740237014536,0.0
2458310.5425069937,4.434197186871531,0.001673843798884498,4.063263276895917,0.007169336287368398,4.063263276895917,0.007169336287368398,18.79394709100536,0.0331605701330187,1.0007408323470777,3.870055012992956e-09,13.0,995.991455078125,1.5983414150890132,451.9699986636167,768.8740237014536,0.0
2458310.577595463,4.440431138111059,0.006879275226391847,4.070126320638388,0.010324730551742992,4.070126320638388,0.010324730551742992,18.825690956019635,0.0477553204149205,1.0070203094973953,5.609677967770626e-09,13.0,986.9898803710936,37.04932211051493,451.9699986636167,768.8740237014536,0.0
2458311.706271672,4.42334518437603,0.004797102110605337,4.051316156208201,0.008589590585008312,4.051316156208201,0.008589590585008312,18.738687675409157,0.0397297196826902,0.990181564519052,1.2087304726653484e-08,13.0,1054.0882080078125,26.524533935998196,451.9699986636167,768.8740237014536,0.0
2458312.7159165405,4.4456619007966935,0.005974611763765051,4.075884940130044,0.009672611703432909,4.075884940130044,0.009672611703432909,18.852326490728597,0.0447390533662468,0.9964106736962268,4.7887571614763595e-09,13.0,1039.345556640625,30.646378951690256,451.9699986636167,768.8740237014536,0.0
2458328.4859486413,4.484606793415386,0.012780403412500347,4.118759914815931,0.01601565439506543,4.118759914815931,0.01601565439506543,19.050637540459626,0.0740777401848867,1.2167617793532153,1.2309886264325397e-08,13.0,6326.141015625,70.75194889791543,451.9699986636167,768.8740237014536,0.0
2458329.500305217,4.434854782620777,0.0048356768976336156,4.063987233214877,0.008744989687467003,4.063987233214877,0.008744989687467003,18.79729563030186,0.0404484923318082,1.2558119319207652,1.1720624583147693e-08,13.0,1490.7953369140623,32.92071227460978,451.9699986636167,768.8740237014536,0.0
2458330.485980996,4.4336994246952575,0.008176378308831648,4.062715283583516,0.011354835623661037,4.062715283583516,0.011354835623661037,18.791412439269138,0.0525198997445163,0.5792056631946141,1.2136854933806067e-08,13.0,1304.1291259765626,25.24378086491462,451.9699986636167,768.8740237014536,4.0
2458330.5212276992,4.435251719781008,0.005902196484521253,4.06442422686289,0.009509649977803049,4.06442422686289,0.009509649977803049,18.79931687159,0.0439853010640612,1.0493219773690636,1.2435672774119282e-08,13.0,1238.1389404296874,33.59715072370239,451.9699986636167,768.8740237014536,0.0
2458331.653452961,4.449985117899614,0.0065642287389586175,4.080644430049918,0.010168574253835532,4.080644430049918,0.010168574253835532,18.874340718121367,0.0470330454844508,1.2647223999263884,3.413883989571178e-09,13.0,1790.421435546875,42.9369823953081,451.9699986636167,768.8740237014536,0.0
2458335.5192754515,4.4148932481583145,0.005796375825878441,4.042011301912433,0.009219684481040387,4.042011301912433,0.009219684481040387,18.695649622640445,0.04264411398535,1.1696836904606451,1.1744935094011306e-08,13.0,1388.07666015625,40.49191754115056,451.9699986636167,768.8740237014536,0.0
2458339.5059471554,4.4394182150198915,0.005946773708476192,4.069011179499913,0.00958652921282217,4.069011179499913,0.00958652921282217,18.82053305653656,0.0443408931527063,1.237834275089032,7.475723241396884e-09,13.0,1178.085009765625,39.63854674437962,451.9699986636167,768.8740237014536,0.0
2458340.593281378,4.45259390050557,0.006039377149883757,4.0835164751544335,0.009793751815331651,4.0835164751544335,0.009793751815331651,18.887624884088204,0.0452993667642412,1.2399436393832914,7.951560510855848e-09,13.0,1071.2382080078123,37.98922567497848,451.9699986636167,768.8740237014536,0.0
2458347.542550837,4.4496282271788425,0.006283355877712315,4.080251524084856,0.00994752962369461,4.080251524084856,0.00994752962369461,18.872523397062917,0.0460106403877294,1.260328575202195,7.373335806757158e-09,13.0,1500.098828125,40.84104791070212,451.9699986636167,768.8740237014536,0.0
2458348.583620548,4.5824740236303665,0.46142587122870565,4.226503311597851,0.5080711829838972,4.226503311597851,0.5080711829838972,19.54898666541997,2.349998580145773,0.0278730937822492,1.1555498063212548e-08,13.0,6291.88857421875,37.60312109591464,451.9699986636167,768.8740237014536,6.0
2458349.5829426656,-2162.00417823741,-2162.00417823741,-2162.00417823741,-2162.00417823741,-2162.00417823741,-2162.00417823741,-9999.99,-9999.99,-9999.99,-9999.99,13.0,-9999.99,-9999.99,-9999.99,-9999.99,5.0
2458352.598042359,4.434979849299657,0.019874333900338916,4.064124920863513,0.02295407455210504,4.064124920863513,0.02295407455210504,18.79793248157317,0.1061702462422804,0.9574215978332404,1.2446162349980612e-08,13.0,21351.268359375,107.44912020895458,451.9699986636167,768.8740237014536,0.0
2458354.553317053,4.378646059143489,0.008130457624577035,4.002106266696099,0.010857033631174526,4.002106266696099,0.010857033631174526,18.51107553294636,0.0502173995935205,1.147881483225324,1.2428745307427744e-08,13.0,5317.689257812501,66.53520014901208,451.9699986636167,768.8740237014536,0.0
2458355.6099793776,4.458066044442032,0.013447300552643605,4.089540834626945,0.016492761952567804,4.089540834626945,0.016492761952567804,18.915489554789552,0.0762845216758632,1.2243717370756166,1.2431912135653835e-08,13.0,7574.70615234375,83.93102747867184,451.9699986636167,768.8740237014536,0.0
2458357.593825523,4.421110811267707,0.007681891655548745,4.04885630373419,0.010815921126396112,4.04885630373419,0.010815921126396112,18.727310037757384,0.0500272405546077,1.1585947174296412,1.2277219062664751e-08,13.0,4284.5052734375,52.46054655798266,451.9699986636167,768.8740237014536,0.0
2458366.5667426363,4.448775400638981,0.006097051933339764,4.079312635469443,0.009797126761757338,4.079312635469443,0.009797126761757338,18.86818072425047,0.045314977016454,1.25905266320149,4.3862456120519885e-09,13.0,1172.2275634765624,39.74573229844916,451.9699986636167,768.8740237014536,0.0
2458670.556887105,4.437927893873592,0.004374415819690806,4.067370464193621,0.008481463845315965,4.067370464193621,0.008481463845315965,18.812944201334098,0.0392295974689868,2.1241953597893457,1.1424753192232688e-08,13.0,1379.1029052734375,50.9110268748476,451.9699986636167,768.8740237014536,0.0
2458671.6314803325,4.415106743903052,0.003648017436915031,4.042246342351259,0.007775034893112558,4.042246342351259,0.007775034893112558,18.69673676301766,0.0359621280862478,2.0120224627073773,1.1346740988177275e-08,13.0,1342.91357421875,44.01389537013047,451.9699986636167,768.8740237014536,0.0
2458672.741011175,4.434850975233198,0.015560244868374703,4.063983041608865,0.01848205592249087,4.063983041608865,0.01848205592249087,18.797276242726845,0.0854856693917334,0.2518077868076574,1.2400146150582641e-08,13.0,1331.73515625,19.987679331037924,451.9699986636167,768.8740237014536,4.0
2458682.5481151324,-2162.00417823741,-2162.00417823741,-2162.00417823741,-2162.00417823741,-2162.00417823741,-2162.00417823741,-9999.99,-9999.99,-9999.99,-9999.99,13.0,-9999.99,-9999.99,-9999.99,-9999.99,5.0
2458684.5941680865,0.0,0.0,0.0,0.0,0.0,0.0,0.0,0.0,0.0,0.0,13.0,0.0,0.0,0.0,0.0,5.0
2458685.6247581327,4.552060234242742,0.046025634221151905,4.193020347275327,0.051399689421693734,4.193020347275327,0.051399689421693734,19.394116794322606,0.2377406969856471,0.2556104532894482,4.861965277159056e-09,13.0,5436.9267578125,39.2114576233165,451.9699986636167,768.8740237014536,4.0
2458690.625397963,4.426114518602547,0.004093870820876175,4.05436495482786,0.008169289440004352,4.05436495482786,0.008169289440004352,18.752789385301995,0.0377856867851892,2.114720299922125,1.2066889011604622e-08,13.0,1367.169384765625,49.83175255046272,451.9699986636167,768.8740237014536,0.0
2458691.5689825835,4.411613528586654,0.0041946947428962225,4.038400612957951,0.008061762834995486,4.038400612957951,0.008061762834995486,18.67894898265031,0.0372883403944439,2.1281229949736167,9.931603242276951e-09,13.0,1296.89453125,54.94995442844228,451.9699986636167,768.8740237014536,0.0
2458692.493694766,4.386851618670738,0.005106143752561973,4.011139881461942,0.008413121798665784,4.011139881461942,0.008413121798665784,18.552859012475025,0.0389134927223075,1.0107237761102383,1.0544659338169133e-08,13.0,1646.5670166015625,34.516110927161215,451.9699986636167,768.8740237014536,0.0
2458692.5828966536,4.4276931448341,0.003942821957506981,4.056102886432372,0.008097659739697786,4.056102886432372,0.008097659739697786,18.76082789828949,0.037454375544453,2.004097172602251,1.045766966713692e-08,13.0,1395.308154296875,44.88527808620793,451.9699986636167,768.8740237014536,0.0
2458696.5071584624,4.3983652942340985,0.0050870201836684436,4.023815447245466,0.008520274407909284,4.023815447245466,0.008520274407909284,18.61148772945694,0.0394091092579714,0.9155864755476776,1.1411430638016108e-08,13.0,1686.306494140625,29.26059433658024,451.9699986636167,768.8740237014536,0.0
2458698.604078526,4.428199187097626,0.00440488352078727,4.056659995408153,0.008387214991213992,4.056659995408153,0.008387214991213992,18.763404713007432,0.0387936651021495,2.1580899067098813,1.1709998153797974e-08,13.0,1259.5211181640625,54.46723211049005,451.9699986636167,768.8740237014536,0.0
2458699.6509509347,4.418105370798299,0.004553857976688797,4.045547572463379,0.008367983437393058,4.045547572463379,0.008367983437393058,18.71200605270784,0.0387047127551422,2.106223783123938,1.2398184840241512e-08,13.0,1378.159228515625,57.48075041062583,451.9699986636167,768.8740237014536,0.0
2458704.5180535223,0.0,0.0,0.0,0.0,0.0,0.0,0.0,0.0,0.0,0.0,13.0,0.0,0.0,0.0,0.0,5.0
2458711.626398,-2162.00417823741,-2162.00417823741,-2162.00417823741,-2162.00417823741,-2162.00417823741,-2162.00417823741,-9999.99,-9999.99,-9999.99,-9999.99,13.0,-9999.99,-9999.99,-9999.99,-9999.99,5.0
2458715.5871163933,4.424650488675167,0.0045073365288832495,4.052753183890645,0.008412176517360613,4.052753183890645,0.008412176517360613,18.745334407454727,0.038909120481174,2.100186555971543,1.1603754411150584e-08,13.0,1411.0135986328123,55.04267752375552,451.9699986636167,768.8740237014536,0.0
2458718.523516809,4.427914399929165,0.00431398179560156,4.056346469248043,0.008326428440983503,4.056346469248043,0.008326428440983503,18.761954550007097,0.0385125070449366,2.08024192822177,1.1887463796606966e-08,13.0,1425.8482177734377,51.21860131388296,451.9699986636167,768.8740237014536,0.0
2458724.5726842773,4.43338787818323,0.0042992232555591325,4.062372297689383,0.008381296177312515,4.062372297689383,0.008381296177312515,18.789826015178942,0.0387662886148964,2.1373124742626235,1.2045827461544346e-08,13.0,1330.297680664063,51.32415903761117,451.9699986636167,768.8740237014536,0.0
2458730.5758726816,4.424161572342334,0.004286021158009477,4.052214929090484,0.008265093509687719,4.052214929090484,0.008265093509687719,18.74284479958383,0.0382288125425011,2.1087909805758747,1.1622762009769578e-08,13.0,2114.5240234375,52.58087083232247,451.9699986636167,768.8740237014536,0.0
2458740.4915788104,0.0,0.0,0.0,0.0,0.0,0.0,0.0,0.0,0.0,0.0,13.0,0.0,0.0,0.0,0.0,5.0
2458740.49536059,4.39074059345271,0.004386530155844496,4.015421307962809,0.007949033942685327,4.015421307962809,0.007949033942685327,18.57266203719874,0.0367669316908161,2.012488312317032,1.0622811854248238e-08,13.0,4013.627978515625,59.48048088203941,451.9699986636167,768.8740237014536,0.0
2458647.616406504,0.0,0.0,0.0,0.0,0.0,0.0,0.0,0.0,0.0,0.0,0.0,0.0,0.0,0.0,0.0,0.0
2458552.867885764,0.0,0.0,0.0,0.0,0.0,0.0,0.0,0.0,0.0,0.0,0.0,0.0,0.0,0.0,0.0,0.0
2458647.614069744,0.0,0.0,0.0,0.0,0.0,0.0,0.0,0.0,0.0,0.0,0.0,0.0,0.0,0.0,0.0,0.0
2458555.8599296613,0.0,0.0,0.0,0.0,0.0,0.0,0.0,0.0,0.0,0.0,0.0,0.0,0.0,0.0,0.0,0.0
2458657.588504917,0.0,0.0,0.0,0.0,0.0,0.0,0.0,0.0,0.0,0.0,0.0,0.0,0.0,0.0,0.0,0.0
2458559.849460519,0.0,0.0,0.0,0.0,0.0,0.0,0.0,0.0,0.0,0.0,0.0,0.0,0.0,0.0,0.0,0.0
2458661.63745112,0.0,0.0,0.0,0.0,0.0,0.0,0.0,0.0,0.0,0.0,0.0,0.0,0.0,0.0,0.0,0.0
2458575.8759615063,0.0,0.0,0.0,0.0,0.0,0.0,0.0,0.0,0.0,0.0,0.0,0.0,0.0,0.0,0.0,0.0
2458661.6492815814,0.0,0.0,0.0,0.0,0.0,0.0,0.0,0.0,0.0,0.0,0.0,0.0,0.0,0.0,0.0,0.0
2458580.8718094463,0.0,0.0,0.0,0.0,0.0,0.0,0.0,0.0,0.0,0.0,0.0,0.0,0.0,0.0,0.0,0.0
2458661.6611185623,0.0,0.0,0.0,0.0,0.0,0.0,0.0,0.0,0.0,0.0,0.0,0.0,0.0,0.0,0.0,0.0
2458582.7888955697,0.0,0.0,0.0,0.0,0.0,0.0,0.0,0.0,0.0,0.0,0.0,0.0,0.0,0.0,0.0,0.0
2457844.7254559137,0.0,0.0,0.0,0.0,0.0,0.0,0.0,0.0,0.0,0.0,0.0,0.0,0.0,0.0,0.0,0.0
2458582.789531801,0.0,0.0,0.0,0.0,0.0,0.0,0.0,0.0,0.0,0.0,0.0,0.0,0.0,0.0,0.0,0.0
2457844.738526806,0.0,0.0,0.0,0.0,0.0,0.0,0.0,0.0,0.0,0.0,0.0,0.0,0.0,0.0,0.0,0.0
2458583.7862710366,0.0,0.0,0.0,0.0,0.0,0.0,0.0,0.0,0.0,0.0,0.0,0.0,0.0,0.0,0.0,0.0
2457844.76789507,0.0,0.0,0.0,0.0,0.0,0.0,0.0,0.0,0.0,0.0,0.0,0.0,0.0,0.0,0.0,0.0
2458585.780962623,0.0,0.0,0.0,0.0,0.0,0.0,0.0,0.0,0.0,0.0,0.0,0.0,0.0,0.0,0.0,0.0
2457845.7229971485,0.0,0.0,0.0,0.0,0.0,0.0,0.0,0.0,0.0,0.0,0.0,0.0,0.0,0.0,0.0,0.0
2458587.775719412,0.0,0.0,0.0,0.0,0.0,0.0,0.0,0.0,0.0,0.0,0.0,0.0,0.0,0.0,0.0,0.0
2457846.852803362,0.0,0.0,0.0,0.0,0.0,0.0,0.0,0.0,0.0,0.0,0.0,0.0,0.0,0.0,0.0,0.0
2458589.812496925,0.0,0.0,0.0,0.0,0.0,0.0,0.0,0.0,0.0,0.0,0.0,0.0,0.0,0.0,0.0,0.0
2457847.7323333286,0.0,0.0,0.0,0.0,0.0,0.0,0.0,0.0,0.0,0.0,0.0,0.0,0.0,0.0,0.0,0.0
2458590.767999832,0.0,0.0,0.0,0.0,0.0,0.0,0.0,0.0,0.0,0.0,0.0,0.0,0.0,0.0,0.0,0.0
2457848.9091042355,0.0,0.0,0.0,0.0,0.0,0.0,0.0,0.0,0.0,0.0,0.0,0.0,0.0,0.0,0.0,0.0
2458604.730806024,0.0,0.0,0.0,0.0,0.0,0.0,0.0,0.0,0.0,0.0,0.0,0.0,0.0,0.0,0.0,0.0
2457849.781741467,0.0,0.0,0.0,0.0,0.0,0.0,0.0,0.0,0.0,0.0,0.0,0.0,0.0,0.0,0.0,0.0
2458605.7281495314,0.0,0.0,0.0,0.0,0.0,0.0,0.0,0.0,0.0,0.0,0.0,0.0,0.0,0.0,0.0,0.0
2457851.8264822424,0.0,0.0,0.0,0.0,0.0,0.0,0.0,0.0,0.0,0.0,0.0,0.0,0.0,0.0,0.0,0.0
2458606.725546228,0.0,0.0,0.0,0.0,0.0,0.0,0.0,0.0,0.0,0.0,0.0,0.0,0.0,0.0,0.0,0.0
2457864.876610231,0.0,0.0,0.0,0.0,0.0,0.0,0.0,0.0,0.0,0.0,0.0,0.0,0.0,0.0,0.0,0.0
2458608.8183278125,0.0,0.0,0.0,0.0,0.0,0.0,0.0,0.0,0.0,0.0,0.0,0.0,0.0,0.0,0.0,0.0
2457867.7865980207,0.0,0.0,0.0,0.0,0.0,0.0,0.0,0.0,0.0,0.0,0.0,0.0,0.0,0.0,0.0,0.0
2458611.7122057187,0.0,0.0,0.0,0.0,0.0,0.0,0.0,0.0,0.0,0.0,0.0,0.0,0.0,0.0,0.0,0.0
2457954.5661281967,0.0,0.0,0.0,0.0,0.0,0.0,0.0,0.0,0.0,0.0,0.0,0.0,0.0,0.0,0.0,0.0
2458613.7603766457,0.0,0.0,0.0,0.0,0.0,0.0,0.0,0.0,0.0,0.0,0.0,0.0,0.0,0.0,0.0,0.0
2457954.7640607674,0.0,0.0,0.0,0.0,0.0,0.0,0.0,0.0,0.0,0.0,0.0,0.0,0.0,0.0,0.0,0.0
2458617.848902221,0.0,0.0,0.0,0.0,0.0,0.0,0.0,0.0,0.0,0.0,0.0,0.0,0.0,0.0,0.0,0.0
2457955.614728736,0.0,0.0,0.0,0.0,0.0,0.0,0.0,0.0,0.0,0.0,0.0,0.0,0.0,0.0,0.0,0.0
2458618.693635182,0.0,0.0,0.0,0.0,0.0,0.0,0.0,0.0,0.0,0.0,0.0,0.0,0.0,0.0,0.0,0.0
2457956.559080869,0.0,0.0,0.0,0.0,0.0,0.0,0.0,0.0,0.0,0.0,0.0,0.0,0.0,0.0,0.0,0.0
2458618.881865384,0.0,0.0,0.0,0.0,0.0,0.0,0.0,0.0,0.0,0.0,0.0,0.0,0.0,0.0,0.0,0.0
2457958.5659726616,0.0,0.0,0.0,0.0,0.0,0.0,0.0,0.0,0.0,0.0,0.0,0.0,0.0,0.0,0.0,0.0
2458629.6642391016,0.0,0.0,0.0,0.0,0.0,0.0,0.0,0.0,0.0,0.0,0.0,0.0,0.0,0.0,0.0,0.0
2457960.648296416,0.0,0.0,0.0,0.0,0.0,0.0,0.0,0.0,0.0,0.0,0.0,0.0,0.0,0.0,0.0,0.0
2458631.748380803,0.0,0.0,0.0,0.0,0.0,0.0,0.0,0.0,0.0,0.0,0.0,0.0,0.0,0.0,0.0,0.0
2457965.581897168,0.0,0.0,0.0,0.0,0.0,0.0,0.0,0.0,0.0,0.0,0.0,0.0,0.0,0.0,0.0,0.0
2458635.808488004,0.0,0.0,0.0,0.0,0.0,0.0,0.0,0.0,0.0,0.0,0.0,0.0,0.0,0.0,0.0,0.0
2457968.53403497,0.0,0.0,0.0,0.0,0.0,0.0,0.0,0.0,0.0,0.0,0.0,0.0,0.0,0.0,0.0,0.0
2458635.810710518,0.0,0.0,0.0,0.0,0.0,0.0,0.0,0.0,0.0,0.0,0.0,0.0,0.0,0.0,0.0,0.0
2457968.6957984925,0.0,0.0,0.0,0.0,0.0,0.0,0.0,0.0,0.0,0.0,0.0,0.0,0.0,0.0,0.0,0.0
2458637.7116864463,0.0,0.0,0.0,0.0,0.0,0.0,0.0,0.0,0.0,0.0,0.0,0.0,0.0,0.0,0.0,0.0
2457969.745802142,0.0,0.0,0.0,0.0,0.0,0.0,0.0,0.0,0.0,0.0,0.0,0.0,0.0,0.0,0.0,0.0
2458638.6400454603,0.0,0.0,0.0,0.0,0.0,0.0,0.0,0.0,0.0,0.0,0.0,0.0,0.0,0.0,0.0,0.0
2457970.5503331604,0.0,0.0,0.0,0.0,0.0,0.0,0.0,0.0,0.0,0.0,0.0,0.0,0.0,0.0,0.0,0.0
2458639.799520174,0.0,0.0,0.0,0.0,0.0,0.0,0.0,0.0,0.0,0.0,0.0,0.0,0.0,0.0,0.0,0.0
2457971.4959249976,0.0,0.0,0.0,0.0,0.0,0.0,0.0,0.0,0.0,0.0,0.0,0.0,0.0,0.0,0.0,0.0
2458641.751783125,0.0,0.0,0.0,0.0,0.0,0.0,0.0,0.0,0.0,0.0,0.0,0.0,0.0,0.0,0.0,0.0
2457972.469630553,0.0,0.0,0.0,0.0,0.0,0.0,0.0,0.0,0.0,0.0,0.0,0.0,0.0,0.0,0.0,0.0
2458641.753898972,0.0,0.0,0.0,0.0,0.0,0.0,0.0,0.0,0.0,0.0,0.0,0.0,0.0,0.0,0.0,0.0
2457973.5503942897,0.0,0.0,0.0,0.0,0.0,0.0,0.0,0.0,0.0,0.0,0.0,0.0,0.0,0.0,0.0,0.0
2458642.6276331954,0.0,0.0,0.0,0.0,0.0,0.0,0.0,0.0,0.0,0.0,0.0,0.0,0.0,0.0,0.0,0.0
2457973.6825493667,0.0,0.0,0.0,0.0,0.0,0.0,0.0,0.0,0.0,0.0,0.0,0.0,0.0,0.0,0.0,0.0
2458642.6296929945,0.0,0.0,0.0,0.0,0.0,0.0,0.0,0.0,0.0,0.0,0.0,0.0,0.0,0.0,0.0,0.0
2457974.480565328,0.0,0.0,0.0,0.0,0.0,0.0,0.0,0.0,0.0,0.0,0.0,0.0,0.0,0.0,0.0,0.0
2458644.698821045,0.0,0.0,0.0,0.0,0.0,0.0,0.0,0.0,0.0,0.0,0.0,0.0,0.0,0.0,0.0,0.0
2457979.563621352,0.0,0.0,0.0,0.0,0.0,0.0,0.0,0.0,0.0,0.0,0.0,0.0,0.0,0.0,0.0,0.0
2458645.685081077,0.0,0.0,0.0,0.0,0.0,0.0,0.0,0.0,0.0,0.0,0.0,0.0,0.0,0.0,0.0,0.0
2457980.494535679,0.0,0.0,0.0,0.0,0.0,0.0,0.0,0.0,0.0,0.0,0.0,0.0,0.0,0.0,0.0,0.0
2458645.779636251,0.0,0.0,0.0,0.0,0.0,0.0,0.0,0.0,0.0,0.0,0.0,0.0,0.0,0.0,0.0,0.0
2458661.672934435,0.0,0.0,0.0,0.0,0.0,0.0,0.0,0.0,0.0,0.0,0.0,0.0,0.0,0.0,0.0,0.0
2457980.609630231,0.0,0.0,0.0,0.0,0.0,0.0,0.0,0.0,0.0,0.0,0.0,0.0,0.0,0.0,0.0,0.0
2458661.684762808,0.0,0.0,0.0,0.0,0.0,0.0,0.0,0.0,0.0,0.0,0.0,0.0,0.0,0.0,0.0,0.0
2457981.616437163,0.0,0.0,0.0,0.0,0.0,0.0,0.0,0.0,0.0,0.0,0.0,0.0,0.0,0.0,0.0,0.0
2457821.893601164,0.0,0.0,0.0,0.0,0.0,0.0,0.0,0.0,0.0,0.0,0.0,0.0,0.0,0.0,0.0,0.0
2458668.6918426817,0.0,0.0,0.0,0.0,0.0,0.0,0.0,0.0,0.0,0.0,0.0,0.0,0.0,0.0,0.0,0.0
2457983.6684725047,0.0,0.0,0.0,0.0,0.0,0.0,0.0,0.0,0.0,0.0,0.0,0.0,0.0,0.0,0.0,0.0
2457986.6016851203,0.0,0.0,0.0,0.0,0.0,0.0,0.0,0.0,0.0,0.0,0.0,0.0,0.0,0.0,0.0,0.0
2457989.689173711,0.0,0.0,0.0,0.0,0.0,0.0,0.0,0.0,0.0,0.0,0.0,0.0,0.0,0.0,0.0,0.0
2457990.646939025,0.0,0.0,0.0,0.0,0.0,0.0,0.0,0.0,0.0,0.0,0.0,0.0,0.0,0.0,0.0,0.0
2457993.583691772,0.0,0.0,0.0,0.0,0.0,0.0,0.0,0.0,0.0,0.0,0.0,0.0,0.0,0.0,0.0,0.0
2457995.4889002047,0.0,0.0,0.0,0.0,0.0,0.0,0.0,0.0,0.0,0.0,0.0,0.0,0.0,0.0,0.0,0.0
2457996.6637773025,0.0,0.0,0.0,0.0,0.0,0.0,0.0,0.0,0.0,0.0,0.0,0.0,0.0,0.0,0.0,0.0
2457997.5436212784,0.0,0.0,0.0,0.0,0.0,0.0,0.0,0.0,0.0,0.0,0.0,0.0,0.0,0.0,0.0,0.0
2457998.610497511,0.0,0.0,0.0,0.0,0.0,0.0,0.0,0.0,0.0,0.0,0.0,0.0,0.0,0.0,0.0,0.0
2457999.4772749497,0.0,0.0,0.0,0.0,0.0,0.0,0.0,0.0,0.0,0.0,0.0,0.0,0.0,0.0,0.0,0.0
2458000.6576469336,0.0,0.0,0.0,0.0,0.0,0.0,0.0,0.0,0.0,0.0,0.0,0.0,0.0,0.0,0.0,0.0
2458003.5624131686,0.0,0.0,0.0,0.0,0.0,0.0,0.0,0.0,0.0,0.0,0.0,0.0,0.0,0.0,0.0,0.0
2458004.548419162,0.0,0.0,0.0,0.0,0.0,0.0,0.0,0.0,0.0,0.0,0.0,0.0,0.0,0.0,0.0,0.0
2458005.4817873947,0.0,0.0,0.0,0.0,0.0,0.0,0.0,0.0,0.0,0.0,0.0,0.0,0.0,0.0,0.0,0.0
2458005.643804492,0.0,0.0,0.0,0.0,0.0,0.0,0.0,0.0,0.0,0.0,0.0,0.0,0.0,0.0,0.0,0.0
2458008.534154151,0.0,0.0,0.0,0.0,0.0,0.0,0.0,0.0,0.0,0.0,0.0,0.0,0.0,0.0,0.0,0.0
2458019.501346168,0.0,0.0,0.0,0.0,0.0,0.0,0.0,0.0,0.0,0.0,0.0,0.0,0.0,0.0,0.0,0.0
2458032.526174611,0.0,0.0,0.0,0.0,0.0,0.0,0.0,0.0,0.0,0.0,0.0,0.0,0.0,0.0,0.0,0.0
2458036.5148026748,0.0,0.0,0.0,0.0,0.0,0.0,0.0,0.0,0.0,0.0,0.0,0.0,0.0,0.0,0.0,0.0
2458042.49071956,0.0,0.0,0.0,0.0,0.0,0.0,0.0,0.0,0.0,0.0,0.0,0.0,0.0,0.0,0.0,0.0
2458045.515996936,0.0,0.0,0.0,0.0,0.0,0.0,0.0,0.0,0.0,0.0,0.0,0.0,0.0,0.0,0.0,0.0
2458047.508935201,0.0,0.0,0.0,0.0,0.0,0.0,0.0,0.0,0.0,0.0,0.0,0.0,0.0,0.0,0.0,0.0
2458166.839588701,0.0,0.0,0.0,0.0,0.0,0.0,0.0,0.0,0.0,0.0,0.0,0.0,0.0,0.0,0.0,0.0
2458173.882463368,0.0,0.0,0.0,0.0,0.0,0.0,0.0,0.0,0.0,0.0,0.0,0.0,0.0,0.0,0.0,0.0
2458174.8575385977,0.0,0.0,0.0,0.0,0.0,0.0,0.0,0.0,0.0,0.0,0.0,0.0,0.0,0.0,0.0,0.0
2458175.832851104,0.0,0.0,0.0,0.0,0.0,0.0,0.0,0.0,0.0,0.0,0.0,0.0,0.0,0.0,0.0,0.0
2458178.860311557,0.0,0.0,0.0,0.0,0.0,0.0,0.0,0.0,0.0,0.0,0.0,0.0,0.0,0.0,0.0,0.0
2458180.889368589,0.0,0.0,0.0,0.0,0.0,0.0,0.0,0.0,0.0,0.0,0.0,0.0,0.0,0.0,0.0,0.0
2458186.8762674425,0.0,0.0,0.0,0.0,0.0,0.0,0.0,0.0,0.0,0.0,0.0,0.0,0.0,0.0,0.0,0.0
2458195.845944459,0.0,0.0,0.0,0.0,0.0,0.0,0.0,0.0,0.0,0.0,0.0,0.0,0.0,0.0,0.0,0.0
2458203.8249883573,0.0,0.0,0.0,0.0,0.0,0.0,0.0,0.0,0.0,0.0,0.0,0.0,0.0,0.0,0.0,0.0
2458208.8123318357,0.0,0.0,0.0,0.0,0.0,0.0,0.0,0.0,0.0,0.0,0.0,0.0,0.0,0.0,0.0,0.0
2458208.826434181,0.0,0.0,0.0,0.0,0.0,0.0,0.0,0.0,0.0,0.0,0.0,0.0,0.0,0.0,0.0,0.0
2458209.8090363373,0.0,0.0,0.0,0.0,0.0,0.0,0.0,0.0,0.0,0.0,0.0,0.0,0.0,0.0,0.0,0.0
2458213.798826636,0.0,0.0,0.0,0.0,0.0,0.0,0.0,0.0,0.0,0.0,0.0,0.0,0.0,0.0,0.0,0.0
2458221.8954156586,0.0,0.0,0.0,0.0,0.0,0.0,0.0,0.0,0.0,0.0,0.0,0.0,0.0,0.0,0.0,0.0
2458223.772262026,0.0,0.0,0.0,0.0,0.0,0.0,0.0,0.0,0.0,0.0,0.0,0.0,0.0,0.0,0.0,0.0
2458224.8470144807,0.0,0.0,0.0,0.0,0.0,0.0,0.0,0.0,0.0,0.0,0.0,0.0,0.0,0.0,0.0,0.0
2458225.913556989,0.0,0.0,0.0,0.0,0.0,0.0,0.0,0.0,0.0,0.0,0.0,0.0,0.0,0.0,0.0,0.0
2458226.858986996,0.0,0.0,0.0,0.0,0.0,0.0,0.0,0.0,0.0,0.0,0.0,0.0,0.0,0.0,0.0,0.0
2458229.844929598,0.0,0.0,0.0,0.0,0.0,0.0,0.0,0.0,0.0,0.0,0.0,0.0,0.0,0.0,0.0,0.0
2458230.7956569446,0.0,0.0,0.0,0.0,0.0,0.0,0.0,0.0,0.0,0.0,0.0,0.0,0.0,0.0,0.0,0.0
2458231.821257727,0.0,0.0,0.0,0.0,0.0,0.0,0.0,0.0,0.0,0.0,0.0,0.0,0.0,0.0,0.0,0.0
2458249.7181413434,0.0,0.0,0.0,0.0,0.0,0.0,0.0,0.0,0.0,0.0,0.0,0.0,0.0,0.0,0.0,0.0
2458250.7011056184,0.0,0.0,0.0,0.0,0.0,0.0,0.0,0.0,0.0,0.0,0.0,0.0,0.0,0.0,0.0,0.0
2458251.6981181465,0.0,0.0,0.0,0.0,0.0,0.0,0.0,0.0,0.0,0.0,0.0,0.0,0.0,0.0,0.0,0.0
2458254.690923407,0.0,0.0,0.0,0.0,0.0,0.0,0.0,0.0,0.0,0.0,0.0,0.0,0.0,0.0,0.0,0.0
2458256.744556564,0.0,0.0,0.0,0.0,0.0,0.0,0.0,0.0,0.0,0.0,0.0,0.0,0.0,0.0,0.0,0.0
2458257.8195387283,0.0,0.0,0.0,0.0,0.0,0.0,0.0,0.0,0.0,0.0,0.0,0.0,0.0,0.0,0.0,0.0
2458258.7878457583,0.0,0.0,0.0,0.0,0.0,0.0,0.0,0.0,0.0,0.0,0.0,0.0,0.0,0.0,0.0,0.0
2458259.86824281,0.0,0.0,0.0,0.0,0.0,0.0,0.0,0.0,0.0,0.0,0.0,0.0,0.0,0.0,0.0,0.0
2458264.663624965,0.0,0.0,0.0,0.0,0.0,0.0,0.0,0.0,0.0,0.0,0.0,0.0,0.0,0.0,0.0,0.0
2458274.802803138,0.0,0.0,0.0,0.0,0.0,0.0,0.0,0.0,0.0,0.0,0.0,0.0,0.0,0.0,0.0,0.0
2458277.80143037,0.0,0.0,0.0,0.0,0.0,0.0,0.0,0.0,0.0,0.0,0.0,0.0,0.0,0.0,0.0,0.0
2458278.7493462823,0.0,0.0,0.0,0.0,0.0,0.0,0.0,0.0,0.0,0.0,0.0,0.0,0.0,0.0,0.0,0.0
2458282.7807068955,0.0,0.0,0.0,0.0,0.0,0.0,0.0,0.0,0.0,0.0,0.0,0.0,0.0,0.0,0.0,0.0
2458285.60837576,0.0,0.0,0.0,0.0,0.0,0.0,0.0,0.0,0.0,0.0,0.0,0.0,0.0,0.0,0.0,0.0
2458286.728118793,0.0,0.0,0.0,0.0,0.0,0.0,0.0,0.0,0.0,0.0,0.0,0.0,0.0,0.0,0.0,0.0
2458286.753856549,0.0,0.0,0.0,0.0,0.0,0.0,0.0,0.0,0.0,0.0,0.0,0.0,0.0,0.0,0.0,0.0
2458287.718929631,0.0,0.0,0.0,0.0,0.0,0.0,0.0,0.0,0.0,0.0,0.0,0.0,0.0,0.0,0.0,0.0
2458288.635127142,0.0,0.0,0.0,0.0,0.0,0.0,0.0,0.0,0.0,0.0,0.0,0.0,0.0,0.0,0.0,0.0
2458288.681447073,0.0,0.0,0.0,0.0,0.0,0.0,0.0,0.0,0.0,0.0,0.0,0.0,0.0,0.0,0.0,0.0
2458289.7751929364,0.0,0.0,0.0,0.0,0.0,0.0,0.0,0.0,0.0,0.0,0.0,0.0,0.0,0.0,0.0,0.0
2458303.565839518,0.0,0.0,0.0,0.0,0.0,0.0,0.0,0.0,0.0,0.0,0.0,0.0,0.0,0.0,0.0,0.0
2458303.75102337,0.0,0.0,0.0,0.0,0.0,0.0,0.0,0.0,0.0,0.0,0.0,0.0,0.0,0.0,0.0,0.0
2458308.543967887,0.0,0.0,0.0,0.0,0.0,0.0,0.0,0.0,0.0,0.0,0.0,0.0,0.0,0.0,0.0,0.0
2458310.5383696994,0.0,0.0,0.0,0.0,0.0,0.0,0.0,0.0,0.0,0.0,0.0,0.0,0.0,0.0,0.0,0.0
2458310.573454238,0.0,0.0,0.0,0.0,0.0,0.0,0.0,0.0,0.0,0.0,0.0,0.0,0.0,0.0,0.0,0.0
2458311.702150837,0.0,0.0,0.0,0.0,0.0,0.0,0.0,0.0,0.0,0.0,0.0,0.0,0.0,0.0,0.0,0.0
2458312.711798861,0.0,0.0,0.0,0.0,0.0,0.0,0.0,0.0,0.0,0.0,0.0,0.0,0.0,0.0,0.0,0.0
2458329.4961920567,0.0,0.0,0.0,0.0,0.0,0.0,0.0,0.0,0.0,0.0,0.0,0.0,0.0,0.0,0.0,0.0
2458330.4818714405,0.0,0.0,0.0,0.0,0.0,0.0,0.0,0.0,0.0,0.0,0.0,0.0,0.0,0.0,0.0,0.0
2458330.5171005665,0.0,0.0,0.0,0.0,0.0,0.0,0.0,0.0,0.0,0.0,0.0,0.0,0.0,0.0,0.0,0.0
2458331.5922895693,0.0,0.0,0.0,0.0,0.0,0.0,0.0,0.0,0.0,0.0,0.0,0.0,0.0,0.0,0.0,0.0
2458331.64932692,0.0,0.0,0.0,0.0,0.0,0.0,0.0,0.0,0.0,0.0,0.0,0.0,0.0,0.0,0.0,0.0
2458333.5787552414,0.0,0.0,0.0,0.0,0.0,0.0,0.0,0.0,0.0,0.0,0.0,0.0,0.0,0.0,0.0,0.0
2458335.5151353283,0.0,0.0,0.0,0.0,0.0,0.0,0.0,0.0,0.0,0.0,0.0,0.0,0.0,0.0,0.0,0.0
2458339.501819744,0.0,0.0,0.0,0.0,0.0,0.0,0.0,0.0,0.0,0.0,0.0,0.0,0.0,0.0,0.0,0.0
2458340.589167612,0.0,0.0,0.0,0.0,0.0,0.0,0.0,0.0,0.0,0.0,0.0,0.0,0.0,0.0,0.0,0.0
2458366.5626248294,0.0,0.0,0.0,0.0,0.0,0.0,0.0,0.0,0.0,0.0,0.0,0.0,0.0,0.0,0.0,0.0
2458670.552940308,0.0,0.0,0.0,0.0,0.0,0.0,0.0,0.0,0.0,0.0,0.0,0.0,0.0,0.0,0.0,0.0
2458671.548511097,0.0,0.0,0.0,0.0,0.0,0.0,0.0,0.0,0.0,0.0,0.0,0.0,0.0,0.0,0.0,0.0
2458671.6275488595,0.0,0.0,0.0,0.0,0.0,0.0,0.0,0.0,0.0,0.0,0.0,0.0,0.0,0.0,0.0,0.0
2458672.7370745023,0.0,0.0,0.0,0.0,0.0,0.0,0.0,0.0,0.0,0.0,0.0,0.0,0.0,0.0,0.0,0.0
2458685.62081297,0.0,0.0,0.0,0.0,0.0,0.0,0.0,0.0,0.0,0.0,0.0,0.0,0.0,0.0,0.0,0.0
2458690.6214458174,0.0,0.0,0.0,0.0,0.0,0.0,0.0,0.0,0.0,0.0,0.0,0.0,0.0,0.0,0.0,0.0
2458691.565042328,0.0,0.0,0.0,0.0,0.0,0.0,0.0,0.0,0.0,0.0,0.0,0.0,0.0,0.0,0.0,0.0
2458692.489750894,0.0,0.0,0.0,0.0,0.0,0.0,0.0,0.0,0.0,0.0,0.0,0.0,0.0,0.0,0.0,0.0
2458692.578948617,0.0,0.0,0.0,0.0,0.0,0.0,0.0,0.0,0.0,0.0,0.0,0.0,0.0,0.0,0.0,0.0
2458696.503214508,0.0,0.0,0.0,0.0,0.0,0.0,0.0,0.0,0.0,0.0,0.0,0.0,0.0,0.0,0.0,0.0
2458698.6001349757,0.0,0.0,0.0,0.0,0.0,0.0,0.0,0.0,0.0,0.0,0.0,0.0,0.0,0.0,0.0,0.0
2458699.647006623,0.0,0.0,0.0,0.0,0.0,0.0,0.0,0.0,0.0,0.0,0.0,0.0,0.0,0.0,0.0,0.0
2458715.583164916,0.0,0.0,0.0,0.0,0.0,0.0,0.0,0.0,0.0,0.0,0.0,0.0,0.0,0.0,0.0,0.0
2458718.517323599,0.0,0.0,0.0,0.0,0.0,0.0,0.0,0.0,0.0,0.0,0.0,0.0,0.0,0.0,0.0,0.0
2458718.519570709,0.0,0.0,0.0,0.0,0.0,0.0,0.0,0.0,0.0,0.0,0.0,0.0,0.0,0.0,0.0,0.0
2458724.5687172613,0.0,0.0,0.0,0.0,0.0,0.0,0.0,0.0,0.0,0.0,0.0,0.0,0.0,0.0,0.0,0.0
2457925.545794676,0.0,0.0,0.0,0.0,0.0,0.0,0.0,0.0,0.0,0.0,0.0,0.0,0.0,0.0,0.0,0.0
2457872.8842171347,0.0,0.0,0.0,0.0,0.0,0.0,0.0,0.0,0.0,0.0,0.0,0.0,0.0,0.0,0.0,0.0
2457925.508507837,0.0,0.0,0.0,0.0,0.0,0.0,0.0,0.0,0.0,0.0,0.0,0.0,0.0,0.0,0.0,0.0
2457873.724371676,0.0,0.0,0.0,0.0,0.0,0.0,0.0,0.0,0.0,0.0,0.0,0.0,0.0,0.0,0.0,0.0
2457925.643029889,0.0,0.0,0.0,0.0,0.0,0.0,0.0,0.0,0.0,0.0,0.0,0.0,0.0,0.0,0.0,0.0
2457874.91860366,0.0,0.0,0.0,0.0,0.0,0.0,0.0,0.0,0.0,0.0,0.0,0.0,0.0,0.0,0.0,0.0
2457925.670795958,0.0,0.0,0.0,0.0,0.0,0.0,0.0,0.0,0.0,0.0,0.0,0.0,0.0,0.0,0.0,0.0
2457889.8991530123,0.0,0.0,0.0,0.0,0.0,0.0,0.0,0.0,0.0,0.0,0.0,0.0,0.0,0.0,0.0,0.0
2457925.715946326,0.0,0.0,0.0,0.0,0.0,0.0,0.0,0.0,0.0,0.0,0.0,0.0,0.0,0.0,0.0,0.0
2457890.7727167187,0.0,0.0,0.0,0.0,0.0,0.0,0.0,0.0,0.0,0.0,0.0,0.0,0.0,0.0,0.0,0.0
2457925.7680382943,0.0,0.0,0.0,0.0,0.0,0.0,0.0,0.0,0.0,0.0,0.0,0.0,0.0,0.0,0.0,0.0
2457893.683691638,0.0,0.0,0.0,0.0,0.0,0.0,0.0,0.0,0.0,0.0,0.0,0.0,0.0,0.0,0.0,0.0
2457957.6724166176,0.0,0.0,0.0,0.0,0.0,0.0,0.0,0.0,0.0,0.0,0.0,0.0,0.0,0.0,0.0,0.0
2457894.846685908,0.0,0.0,0.0,0.0,0.0,0.0,0.0,0.0,0.0,0.0,0.0,0.0,0.0,0.0,0.0,0.0
2457957.7820219686,0.0,0.0,0.0,0.0,0.0,0.0,0.0,0.0,0.0,0.0,0.0,0.0,0.0,0.0,0.0,0.0
2457895.723393817,0.0,0.0,0.0,0.0,0.0,0.0,0.0,0.0,0.0,0.0,0.0,0.0,0.0,0.0,0.0,0.0
2457958.790465685,0.0,0.0,0.0,0.0,0.0,0.0,0.0,0.0,0.0,0.0,0.0,0.0,0.0,0.0,0.0,0.0
2457917.5718970187,0.0,0.0,0.0,0.0,0.0,0.0,0.0,0.0,0.0,0.0,0.0,0.0,0.0,0.0,0.0,0.0
2457959.4884785367,0.0,0.0,0.0,0.0,0.0,0.0,0.0,0.0,0.0,0.0,0.0,0.0,0.0,0.0,0.0,0.0
2457917.616974608,0.0,0.0,0.0,0.0,0.0,0.0,0.0,0.0,0.0,0.0,0.0,0.0,0.0,0.0,0.0,0.0
2457959.654937097,0.0,0.0,0.0,0.0,0.0,0.0,0.0,0.0,0.0,0.0,0.0,0.0,0.0,0.0,0.0,0.0
2457917.6290966566,0.0,0.0,0.0,0.0,0.0,0.0,0.0,0.0,0.0,0.0,0.0,0.0,0.0,0.0,0.0,0.0
2457959.727932119,0.0,0.0,0.0,0.0,0.0,0.0,0.0,0.0,0.0,0.0,0.0,0.0,0.0,0.0,0.0,0.0
2457917.684207624,0.0,0.0,0.0,0.0,0.0,0.0,0.0,0.0,0.0,0.0,0.0,0.0,0.0,0.0,0.0,0.0
2457960.4675069824,0.0,0.0,0.0,0.0,0.0,0.0,0.0,0.0,0.0,0.0,0.0,0.0,0.0,0.0,0.0,0.0
2457917.709011806,0.0,0.0,0.0,0.0,0.0,0.0,0.0,0.0,0.0,0.0,0.0,0.0,0.0,0.0,0.0,0.0
2457960.4746388923,0.0,0.0,0.0,0.0,0.0,0.0,0.0,0.0,0.0,0.0,0.0,0.0,0.0,0.0,0.0,0.0
2457917.7645391044,0.0,0.0,0.0,0.0,0.0,0.0,0.0,0.0,0.0,0.0,0.0,0.0,0.0,0.0,0.0,0.0
2457960.595935764,0.0,0.0,0.0,0.0,0.0,0.0,0.0,0.0,0.0,0.0,0.0,0.0,0.0,0.0,0.0,0.0
2457917.806207211,0.0,0.0,0.0,0.0,0.0,0.0,0.0,0.0,0.0,0.0,0.0,0.0,0.0,0.0,0.0,0.0
2457960.602890779,0.0,0.0,0.0,0.0,0.0,0.0,0.0,0.0,0.0,0.0,0.0,0.0,0.0,0.0,0.0,0.0
2457917.8513232307,0.0,0.0,0.0,0.0,0.0,0.0,0.0,0.0,0.0,0.0,0.0,0.0,0.0,0.0,0.0,0.0
2457960.7587699327,0.0,0.0,0.0,0.0,0.0,0.0,0.0,0.0,0.0,0.0,0.0,0.0,0.0,0.0,0.0,0.0
2457918.52859258,0.0,0.0,0.0,0.0,0.0,0.0,0.0,0.0,0.0,0.0,0.0,0.0,0.0,0.0,0.0,0.0
2457960.786915736,0.0,0.0,0.0,0.0,0.0,0.0,0.0,0.0,0.0,0.0,0.0,0.0,0.0,0.0,0.0,0.0
2457918.69531597,0.0,0.0,0.0,0.0,0.0,0.0,0.0,0.0,0.0,0.0,0.0,0.0,0.0,0.0,0.0,0.0
2457961.470934918,0.0,0.0,0.0,0.0,0.0,0.0,0.0,0.0,0.0,0.0,0.0,0.0,0.0,0.0,0.0,0.0
2457918.8202344025,0.0,0.0,0.0,0.0,0.0,0.0,0.0,0.0,0.0,0.0,0.0,0.0,0.0,0.0,0.0,0.0
2457961.56121768,0.0,0.0,0.0,0.0,0.0,0.0,0.0,0.0,0.0,0.0,0.0,0.0,0.0,0.0,0.0,0.0
2457918.8374368995,0.0,0.0,0.0,0.0,0.0,0.0,0.0,0.0,0.0,0.0,0.0,0.0,0.0,0.0,0.0,0.0
2457961.599624541,0.0,0.0,0.0,0.0,0.0,0.0,0.0,0.0,0.0,0.0,0.0,0.0,0.0,0.0,0.0,0.0
2457918.8791044634,0.0,0.0,0.0,0.0,0.0,0.0,0.0,0.0,0.0,0.0,0.0,0.0,0.0,0.0,0.0,0.0
2457961.644529401,0.0,0.0,0.0,0.0,0.0,0.0,0.0,0.0,0.0,0.0,0.0,0.0,0.0,0.0,0.0,0.0
2457919.657867042,0.0,0.0,0.0,0.0,0.0,0.0,0.0,0.0,0.0,0.0,0.0,0.0,0.0,0.0,0.0,0.0
2457919.6739402525,0.0,0.0,0.0,0.0,0.0,0.0,0.0,0.0,0.0,0.0,0.0,0.0,0.0,0.0,0.0,0.0
2457919.722388083,0.0,0.0,0.0,0.0,0.0,0.0,0.0,0.0,0.0,0.0,0.0,0.0,0.0,0.0,0.0,0.0
2457919.754151633,0.0,0.0,0.0,0.0,0.0,0.0,0.0,0.0,0.0,0.0,0.0,0.0,0.0,0.0,0.0,0.0
2457920.8393583377,0.0,0.0,0.0,0.0,0.0,0.0,0.0,0.0,0.0,0.0,0.0,0.0,0.0,0.0,0.0,0.0
2457920.878733733,0.0,0.0,0.0,0.0,0.0,0.0,0.0,0.0,0.0,0.0,0.0,0.0,0.0,0.0,0.0,0.0
2457923.5475267908,0.0,0.0,0.0,0.0,0.0,0.0,0.0,0.0,0.0,0.0,0.0,0.0,0.0,0.0,0.0,0.0
2457923.7423015493,0.0,0.0,0.0,0.0,0.0,0.0,0.0,0.0,0.0,0.0,0.0,0.0,0.0,0.0,0.0,0.0
2457923.8251690078,0.0,0.0,0.0,0.0,0.0,0.0,0.0,0.0,0.0,0.0,0.0,0.0,0.0,0.0,0.0,0.0
2457923.834044492,0.0,0.0,0.0,0.0,0.0,0.0,0.0,0.0,0.0,0.0,0.0,0.0,0.0,0.0,0.0,0.0
2457923.876467616,0.0,0.0,0.0,0.0,0.0,0.0,0.0,0.0,0.0,0.0,0.0,0.0,0.0,0.0,0.0,0.0
2457924.6777271274,0.0,0.0,0.0,0.0,0.0,0.0,0.0,0.0,0.0,0.0,0.0,0.0,0.0,0.0,0.0,0.0
2457924.785151554,0.0,0.0,0.0,0.0,0.0,0.0,0.0,0.0,0.0,0.0,0.0,0.0,0.0,0.0,0.0,0.0
2457924.879134137,0.0,0.0,0.0,0.0,0.0,0.0,0.0,0.0,0.0,0.0,0.0,0.0,0.0,0.0,0.0,0.0
2457925.827111456,0.0,0.0,0.0,0.0,0.0,0.0,0.0,0.0,0.0,0.0,0.0,0.0,0.0,0.0,0.0,0.0
2457957.623866266,0.0,0.0,0.0,0.0,0.0,0.0,0.0,0.0,0.0,0.0,0.0,0.0,0.0,0.0,0.0,0.0
2457957.661142568,0.0,0.0,0.0,0.0,0.0,0.0,0.0,0.0,0.0,0.0,0.0,0.0,0.0,0.0,0.0,0.0
2458667.064288003,0.0,0.0,0.0,0.0,0.0,0.0,0.0,0.0,0.0,0.0,0.0,0.0,0.0,0.0,0.0,0.0
2458667.076156004,0.0,0.0,0.0,0.0,0.0,0.0,0.0,0.0,0.0,0.0,0.0,0.0,0.0,0.0,0.0,0.0
2458667.088008404,0.0,0.0,0.0,0.0,0.0,0.0,0.0,0.0,0.0,0.0,0.0,0.0,0.0,0.0,0.0,0.0
2458667.0998631534,0.0,0.0,0.0,0.0,0.0,0.0,0.0,0.0,0.0,0.0,0.0,0.0,0.0,0.0,0.0,0.0
2458667.1117123645,0.0,0.0,0.0,0.0,0.0,0.0,0.0,0.0,0.0,0.0,0.0,0.0,0.0,0.0,0.0,0.0
2458667.060334397,0.0,0.0,0.0,0.0,0.0,0.0,0.0,0.0,0.0,0.0,0.0,0.0,0.0,0.0,0.0,0.0
2458667.072207451,0.0,0.0,0.0,0.0,0.0,0.0,0.0,0.0,0.0,0.0,0.0,0.0,0.0,0.0,0.0,0.0
2458667.0840552254,0.0,0.0,0.0,0.0,0.0,0.0,0.0,0.0,0.0,0.0,0.0,0.0,0.0,0.0,0.0,0.0
2458667.095901708,0.0,0.0,0.0,0.0,0.0,0.0,0.0,0.0,0.0,0.0,0.0,0.0,0.0,0.0,0.0,0.0
2458667.1077680383,0.0,0.0,0.0,0.0,0.0,0.0,0.0,0.0,0.0,0.0,0.0,0.0,0.0,0.0,0.0,0.0
2457961.102907989,0.0,0.0,0.0,0.0,0.0,0.0,0.0,0.0,0.0,0.0,0.0,0.0,0.0,0.0,0.0,0.0
2458667.056375964,0.0,0.0,0.0,0.0,0.0,0.0,0.0,0.0,0.0,0.0,0.0,0.0,0.0,0.0,0.0,0.0
2457961.092487512,0.0,0.0,0.0,0.0,0.0,0.0,0.0,0.0,0.0,0.0,0.0,0.0,0.0,0.0,0.0,0.0
2458667.068244759,0.0,0.0,0.0,0.0,0.0,0.0,0.0,0.0,0.0,0.0,0.0,0.0,0.0,0.0,0.0,0.0
2457961.154997666,0.0,0.0,0.0,0.0,0.0,0.0,0.0,0.0,0.0,0.0,0.0,0.0,0.0,0.0,0.0,0.0
2458667.080103366,0.0,0.0,0.0,0.0,0.0,0.0,0.0,0.0,0.0,0.0,0.0,0.0,0.0,0.0,0.0,0.0
2457961.859800487,0.0,0.0,0.0,0.0,0.0,0.0,0.0,0.0,0.0,0.0,0.0,0.0,0.0,0.0,0.0,0.0
2458667.0919504,0.0,0.0,0.0,0.0,0.0,0.0,0.0,0.0,0.0,0.0,0.0,0.0,0.0,0.0,0.0,0.0
2457961.932771697,0.0,0.0,0.0,0.0,0.0,0.0,0.0,0.0,0.0,0.0,0.0,0.0,0.0,0.0,0.0,0.0
2458667.10381651,0.0,0.0,0.0,0.0,0.0,0.0,0.0,0.0,0.0,0.0,0.0,0.0,0.0,0.0,0.0,0.0
2457918.0544062774,0.0,0.0,0.0,0.0,0.0,0.0,0.0,0.0,0.0,0.0,0.0,0.0,0.0,0.0,0.0,0.0
2457918.1950666616,0.0,0.0,0.0,0.0,0.0,0.0,0.0,0.0,0.0,0.0,0.0,0.0,0.0,0.0,0.0,0.0
2457918.2437122758,0.0,0.0,0.0,0.0,0.0,0.0,0.0,0.0,0.0,0.0,0.0,0.0,0.0,0.0,0.0,0.0
2457918.281545358,0.0,0.0,0.0,0.0,0.0,0.0,0.0,0.0,0.0,0.0,0.0,0.0,0.0,0.0,0.0,0.0
2457919.188215997,0.0,0.0,0.0,0.0,0.0,0.0,0.0,0.0,0.0,0.0,0.0,0.0,0.0,0.0,0.0,0.0
2457919.2159212544,0.0,0.0,0.0,0.0,0.0,0.0,0.0,0.0,0.0,0.0,0.0,0.0,0.0,0.0,0.0,0.0
2457919.257568409,0.0,0.0,0.0,0.0,0.0,0.0,0.0,0.0,0.0,0.0,0.0,0.0,0.0,0.0,0.0,0.0
2457920.058972657,0.0,0.0,0.0,0.0,0.0,0.0,0.0,0.0,0.0,0.0,0.0,0.0,0.0,0.0,0.0,0.0
2457920.129116964,0.0,0.0,0.0,0.0,0.0,0.0,0.0,0.0,0.0,0.0,0.0,0.0,0.0,0.0,0.0,0.0
2457920.1917839805,0.0,0.0,0.0,0.0,0.0,0.0,0.0,0.0,0.0,0.0,0.0,0.0,0.0,0.0,0.0,0.0
2457920.209164163,0.0,0.0,0.0,0.0,0.0,0.0,0.0,0.0,0.0,0.0,0.0,0.0,0.0,0.0,0.0,0.0
2457921.077040384,0.0,0.0,0.0,0.0,0.0,0.0,0.0,0.0,0.0,0.0,0.0,0.0,0.0,0.0,0.0,0.0
2457921.090470438,0.0,0.0,0.0,0.0,0.0,0.0,0.0,0.0,0.0,0.0,0.0,0.0,0.0,0.0,0.0,0.0
2457925.043812232,0.0,0.0,0.0,0.0,0.0,0.0,0.0,0.0,0.0,0.0,0.0,0.0,0.0,0.0,0.0,0.0
2457927.931231646,0.0,0.0,0.0,0.0,0.0,0.0,0.0,0.0,0.0,0.0,0.0,0.0,0.0,0.0,0.0,0.0
2457927.966925558,0.0,0.0,0.0,0.0,0.0,0.0,0.0,0.0,0.0,0.0,0.0,0.0,0.0,0.0,0.0,0.0
2457928.028538984,0.0,0.0,0.0,0.0,0.0,0.0,0.0,0.0,0.0,0.0,0.0,0.0,0.0,0.0,0.0,0.0
2457957.8564394726,0.0,0.0,0.0,0.0,0.0,0.0,0.0,0.0,0.0,0.0,0.0,0.0,0.0,0.0,0.0,0.0
2457958.09252814,0.0,0.0,0.0,0.0,0.0,0.0,0.0,0.0,0.0,0.0,0.0,0.0,0.0,0.0,0.0,0.0
2457958.8951746845,0.0,0.0,0.0,0.0,0.0,0.0,0.0,0.0,0.0,0.0,0.0,0.0,0.0,0.0,0.0,0.0
2457958.9154650806,0.0,0.0,0.0,0.0,0.0,0.0,0.0,0.0,0.0,0.0,0.0,0.0,0.0,0.0,0.0,0.0
2457959.0302013746,0.0,0.0,0.0,0.0,0.0,0.0,0.0,0.0,0.0,0.0,0.0,0.0,0.0,0.0,0.0,0.0
2457959.075158868,0.0,0.0,0.0,0.0,0.0,0.0,0.0,0.0,0.0,0.0,0.0,0.0,0.0,0.0,0.0,0.0
2457960.0429078573,0.0,0.0,0.0,0.0,0.0,0.0,0.0,0.0,0.0,0.0,0.0,0.0,0.0,0.0,0.0,0.0
2457960.0578549034,0.0,0.0,0.0,0.0,0.0,0.0,0.0,0.0,0.0,0.0,0.0,0.0,0.0,0.0,0.0,0.0
2457960.0994971413,0.0,0.0,0.0,0.0,0.0,0.0,0.0,0.0,0.0,0.0,0.0,0.0,0.0,0.0,0.0,0.0
2457960.15809082,0.0,0.0,0.0,0.0,0.0,0.0,0.0,0.0,0.0,0.0,0.0,0.0,0.0,0.0,0.0,0.0
2457960.8534526937,0.0,0.0,0.0,0.0,0.0,0.0,0.0,0.0,0.0,0.0,0.0,0.0,0.0,0.0,0.0,0.0
2457960.9082133346,0.0,0.0,0.0,0.0,0.0,0.0,0.0,0.0,0.0,0.0,0.0,0.0,0.0,0.0,0.0,0.0
2457961.016264793,0.0,0.0,0.0,0.0,0.0,0.0,0.0,0.0,0.0,0.0,0.0,0.0,0.0,0.0,0.0,0.0
2457936.9625569247,4.515630267316822,0.01607928646604993,4.461303057574686,0.02031499802682437,4.461303057574686,0.02031499802682437,20.22714097498706,0.0808445500914275,0.4276318638694871,3.34153689740209e-08,13.0,1573.936279296875,22.85485394895849,420.29951914897833,646.0802872794106,4.0
2458580.2239173013,0.0,0.0,0.0,0.0,0.0,0.0,0.0,0.0,0.0,0.0,13.0,0.0,0.0,0.0,0.0,5.0
2457934.122537027,4.586764320630589,0.017162889371101244,4.542490996430208,0.021913412748501473,4.542490996430208,0.021913412748501473,20.550136019040867,0.0872091235785918,0.4034105867463859,3.2497438578657034e-08,13.0,467.41551513671874,14.627327402742266,420.29951914897833,646.0802872794106,4.0
2458585.170564867,4.561093239929042,0.011128912532555314,4.513191637919603,0.015814044802882923,4.513191637919603,0.015814044802882923,20.43357255251757,0.0629511793421315,0.9196798876230384,3.375988850177655e-08,13.0,606.0827270507813,23.401756528749157,420.29951914897833,646.0802872794106,0.0
2457937.0563059305,4.587003057811069,0.023782589247913467,4.5427634760473286,0.028867810302631473,4.5427634760473286,0.028867810302631473,20.551220041707,0.1148691223601133,0.4446512020406016,3.072397215131107e-08,13.0,1205.92158203125,26.81478042789076,420.29951914897833,646.0802872794106,4.0
2458586.1679184963,4.610783273876702,0.015786503788667243,4.569904720472017,0.020704489770731232,4.569904720472017,0.020704489770731232,20.659197748275307,0.0824042707765377,0.6571098686874813,3.3724709446351975e-08,13.0,581.5266357421875,20.14535761264545,420.29951914897833,646.0802872794106,4.0
2457938.938438536,0.0,0.0,0.0,0.0,0.0,0.0,0.0,0.0,0.0,0.0,13.0,0.0,0.0,0.0,0.0,5.0
2458587.165161679,4.574977139096294,0.011698960863287087,4.529037848056049,0.016467408240697645,4.529037848056049,0.016467408240697645,20.49661451925866,0.0655509986405734,0.8587324850442339,3.2926587516125205e-08,13.0,582.8345092773437,21.17621850295648,420.29951914897833,646.0802872794106,0.0
2457939.078512546,0.0,0.0,0.0,0.0,0.0,0.0,0.0,0.0,0.0,0.0,13.0,0.0,0.0,0.0,0.0,5.0
2458591.154711792,4.588260481158194,0.019604006894073125,4.544198620047512,0.024445351282467907,4.544198620047512,0.024445351282467907,20.556929564649653,0.097279176303708,0.9723240850978048,3.3642798450447126e-08,13.0,5370.67861328125,48.814567898230784,420.29951914897833,646.0802872794106,0.0
2457939.923857785,-2162.00417823741,-2162.00417823741,-2162.00417823741,-2162.00417823741,-2162.00417823741,-2162.00417823741,0.0,0.0,0.4536589036089368,-9999.99,13.0,-9999.99,-9999.99,-9999.99,-9999.99,5.0
2458603.191183506,4.464764319076709,0.012709644618586757,4.403247860335602,0.016530807074573786,4.403247860335602,0.016530807074573786,19.996176360610537,0.0657895226746062,0.7621377767939839,3.23948154139541e-08,13.0,744.8259399414062,42.161466079434575,420.29951914897833,646.0802872794106,2.0
2457941.974876046,0.0,0.0,0.0,0.0,0.0,0.0,0.0,0.0,0.0,0.0,13.0,0.0,0.0,0.0,0.0,5.0
2458610.1682757377,4.5985407352124685,0.01249624162697587,4.555931856081399,0.017423124377532177,4.555931856081399,0.017423124377532177,20.60360862982956,0.069354453378562,0.9906167218385236,3.2261607023133924e-08,13.0,561.1123413085937,23.460007265606848,420.29951914897833,646.0802872794106,0.0
2457942.215405522,0.0,0.0,0.0,0.0,0.0,0.0,0.0,0.0,0.0,0.0,13.0,0.0,0.0,0.0,0.0,5.0
2458611.155641441,4.588373028183451,0.011299174153732949,4.544327074150424,0.01622622114070773,4.544327074150424,0.01622622114070773,20.55744060162404,0.0645940374247179,0.9877927212733952,3.2561547246866073e-08,13.0,568.4274169921874,20.64519742691874,420.29951914897833,646.0802872794106,0.0
2457942.8828340285,0.0,0.0,0.0,0.0,0.0,0.0,0.0,0.0,0.0,0.0,13.0,0.0,0.0,0.0,0.0,5.0
2458616.2558833933,4.578366153383664,0.011973538585399818,4.532905856020248,0.016753173984054136,4.532905856020248,0.016753173984054136,20.512002856743376,0.0666877216243037,0.9464969966345058,3.230629094404798e-08,13.0,582.3371948242187,24.18226513653644,420.29951914897833,646.0802872794106,0.0
2457943.1793097504,0.0,0.0,0.0,0.0,0.0,0.0,0.0,0.0,0.0,0.0,13.0,0.0,0.0,0.0,0.0,5.0
2458618.082963518,4.602672160064055,0.020278350801511837,4.560647204815391,0.025241174611677818,4.560647204815391,0.025241174611677818,20.622367995980923,0.1004458487279488,0.938492984307326,2.4479396962687416e-08,13.0,2652.998095703125,45.388198269584166,420.29951914897833,646.0802872794106,0.0
2457944.9861494647,0.0,0.0,0.0,0.0,0.0,0.0,0.0,0.0,0.0,0.0,13.0,0.0,0.0,0.0,0.0,5.0
2458619.0802510246,4.582436819944625,0.016305011386704798,4.537551859058974,0.02101114504879066,4.537551859058974,0.02101114504879066,20.530486340587423,0.0836203422729934,0.9468828570198284,3.3218365071006495e-08,13.0,3960.686767578125,38.5802246390088,420.29951914897833,646.0802872794106,0.0
2457946.1463383017,0.0,0.0,0.0,0.0,0.0,0.0,0.0,0.0,0.0,0.0,13.0,0.0,0.0,0.0,0.0,5.0
2458630.1831860854,4.5816155946554975,0.012351879600327338,4.53661456411437,0.01713613583771772,4.53661456411437,0.01713613583771772,20.52675744161312,0.0682109038733461,0.988803225506118,3.24468576325323e-08,13.0,1070.2233154296875,26.285089239161227,420.29951914897833,646.0802872794106,0.0
2457947.989530697,4.58959440285547,0.023452796194150395,4.5457210744579015,0.028528206269464212,4.5457210744579015,0.028528206269464212,20.562986440046245,0.1135185473613239,0.3418741476969801,3.378965951410678e-08,13.0,1449.666674804687,18.9909943834388,420.29951914897833,646.0802872794106,4.0
2458631.087592088,4.565226708904179,0.01042473655672762,4.517909319687777,0.015216268657840242,4.517909319687777,0.015216268657840242,20.452341200324422,0.0605750971882971,0.9647809608146278,3.373495498612452e-08,13.0,547.3419189453125,20.9094185400047,420.29951914897833,646.0802872794106,0.0
2457948.1289136466,0.0,0.0,0.0,0.0,0.0,0.0,0.0,0.0,0.0,0.0,13.0,0.0,0.0,0.0,0.0,5.0
2458639.0266503035,4.530210598203314,0.009990258943393743,4.477944131116275,0.014488510679498086,4.477944131116275,0.014488510679498086,20.29334519641992,0.0576764345746445,0.8856131645941658,3.3657161847426655e-08,13.0,570.85341796875,23.30762992062604,420.29951914897833,646.0802872794106,0.0
2457948.172270147,0.0,0.0,0.0,0.0,0.0,0.0,0.0,0.0,0.0,0.0,13.0,0.0,0.0,0.0,0.0,5.0
2458641.173491283,4.580244675225107,0.011485894581249044,4.535049882816095,0.016319869274188898,4.535049882816095,0.016319869274188898,20.52053257235309,0.0649651524673987,0.9548498172129029,2.747049378554196e-08,13.0,564.5391845703125,22.11379856261,420.29951914897833,646.0802872794106,0.0
2457956.0104826195,4.589422609535008,0.016866889338319948,4.545525000356289,0.021630934717741728,4.545525000356289,0.021630934717741728,20.5622063862109,0.0860860145524533,0.4743832986623431,3.0861980867036195e-08,13.0,448.83500976562505,17.442881459964504,420.29951914897833,646.0802872794106,4.0
2458642.0284965187,0.0,0.0,0.0,0.0,0.0,0.0,0.0,0.0,0.0,0.0,13.0,0.0,0.0,0.0,0.0,5.0
2457957.1453660387,4.606307343606619,0.018061570491235236,4.56479617489981,0.022968620527160803,4.56479617489981,0.022968620527160803,20.638874102603232,0.0914079146684185,0.4390881425629445,3.3795028573282614e-08,13.0,448.67376708984375,15.583704556827817,420.29951914897833,646.0802872794106,4.0
2458647.005110478,0.0,0.0,0.0,0.0,0.0,0.0,0.0,0.0,0.0,0.0,13.0,0.0,0.0,0.0,0.0,5.0
2457957.8710208223,0.0,0.0,0.0,0.0,0.0,0.0,0.0,0.0,0.0,0.0,13.0,0.0,0.0,0.0,0.0,5.0
2458667.9473700933,4.540040945942522,0.018983851020082494,4.489163872351306,0.023497292721519004,4.489163872351306,0.023497292721519004,20.33798139319454,0.0935037713390007,0.2069828176471607,3.211448611244032e-08,13.0,134.4624816894531,8.562905842310348,420.29951914897833,646.0802872794106,0.0
2457958.9230573303,0.0,0.0,0.0,0.0,0.0,0.0,0.0,0.0,0.0,0.0,13.0,0.0,0.0,0.0,0.0,5.0
2457845.1135790427,4.53750371206495,0.017775742603963494,4.486268033026563,0.022216108547019085,4.486268033026563,0.022216108547019085,20.326460694880808,0.0884078376425637,0.2977988501451029,3.3689190302149383e-08,13.0,456.60596923828126,14.43564673087587,420.29951914897833,646.0802872794106,4.0
2457959.044572547,0.0,0.0,0.0,0.0,0.0,0.0,0.0,0.0,0.0,0.0,13.0,0.0,0.0,0.0,0.0,5.0
2457845.1271590097,4.515392748913673,0.14522248980818175,4.461031968993428,0.16597645823476792,4.461031968993428,0.16597645823476792,20.226062486365723,0.6603174527762611,0.0268140191099491,3.2974397149108734e-08,13.0,269.9999633789063,11.506697731890789,420.29951914897833,646.0802872794106,4.0
2457960.037595801,0.0,0.0,0.0,0.0,0.0,0.0,0.0,0.0,0.0,0.0,13.0,0.0,0.0,0.0,0.0,5.0
2457852.129122042,0.0,0.0,0.0,0.0,0.0,0.0,0.0,0.0,0.0,0.0,13.0,0.0,0.0,0.0,0.0,5.0
2457960.1612487924,0.0,0.0,0.0,0.0,0.0,0.0,0.0,0.0,0.0,0.0,13.0,0.0,0.0,0.0,0.0,5.0
2457871.26996304,4.543128453787516,0.01569804447086206,4.492687759806864,0.020113492844837867,4.492687759806864,0.020113492844837867,20.352000694583317,0.0800459952877267,0.4095640823754441,3.1562773272897664e-08,13.0,519.8967651367187,17.619322417069945,420.29951914897833,646.0802872794106,4.0
2457960.967109791,0.0,0.0,0.0,0.0,0.0,0.0,0.0,0.0,0.0,0.0,13.0,0.0,0.0,0.0,0.0,5.0
2457888.996774582,0.0,0.0,0.0,0.0,0.0,0.0,0.0,0.0,0.0,0.0,13.0,0.0,0.0,0.0,0.0,5.0
2457961.065827573,4.543773024970761,0.01469252502051744,4.493423432854796,0.019103130206728186,4.493423432854796,0.019103130206728186,20.354927468582957,0.0760279200476004,0.4393674324774272,3.3770507622639424e-08,13.0,452.99623413085936,17.278977138213378,420.29951914897833,646.0802872794106,4.0
2457890.190124734,0.0,0.0,0.0,0.0,0.0,0.0,0.0,0.0,0.0,0.0,13.0,0.0,0.0,0.0,0.0,5.0
2457967.0059994785,0.0,0.0,0.0,0.0,0.0,0.0,0.0,0.0,0.0,0.0,13.0,0.0,0.0,0.0,0.0,5.0
2457895.1470477087,4.560813565826336,0.015569175592992028,4.512872435471657,0.020110354881466428,4.512872435471657,0.020110354881466428,20.432302649497625,0.0800354865992315,0.4235256772246574,3.3442393306771265e-08,13.0,465.1103942871093,16.108262909224987,420.29951914897833,646.0802872794106,4.0
2457967.88324862,0.0,0.0,0.0,0.0,0.0,0.0,0.0,0.0,0.0,0.0,13.0,0.0,0.0,0.0,0.0,5.0
2457896.0265440303,4.533859666693987,0.014557950531978163,4.482108948608026,0.018894435730620912,4.482108948608026,0.018894435730620912,20.30991434977185,0.0751968439530789,0.4114990629653929,3.3688915838755305e-08,13.0,470.4013549804688,16.70897346870491,420.29951914897833,646.0802872794106,4.0
2457968.120086344,0.0,0.0,0.0,0.0,0.0,0.0,0.0,0.0,0.0,0.0,13.0,0.0,0.0,0.0,0.0,5.0
2457900.107550699,-2162.00417823741,-2162.00417823741,-2162.00417823741,-2162.00417823741,-2162.00417823741,-2162.00417823741,0.0,0.0,0.5776960360352942,-9999.99,13.0,-9999.99,-9999.99,-9999.99,-9999.99,5.0
2457971.915781674,0.0,0.0,0.0,0.0,0.0,0.0,0.0,0.0,0.0,0.0,13.0,0.0,0.0,0.0,0.0,5.0
2457900.981291658,4.563851383849919,0.016648010866153827,4.51633961008724,0.021227324536925933,4.51633961008724,0.021227324536925933,20.44609632665569,0.0844779907327274,0.4126173135486469,3.3704454752040155e-08,13.0,437.3545166015625,17.02121530275881,420.29951914897833,646.0802872794106,4.0
2457973.943420429,-2162.00417823741,-2162.00417823741,-2162.00417823741,-2162.00417823741,-2162.00417823741,-2162.00417823741,0.0,0.0,0.4675691626897723,-9999.99,13.0,-9999.99,-9999.99,-9999.99,-9999.99,5.0
2457902.1478920267,4.582363819547257,0.016945404741069876,4.537468540992281,0.02166064814599323,4.537468540992281,0.02166064814599323,20.53015487112285,0.0862033817432079,0.4221276188125515,3.379629420322929e-08,13.0,473.2882995605469,15.775442538738885,420.29951914897833,646.0802872794106,4.0
2457976.0876485566,4.599368597256567,0.04069463436992225,4.556876725801117,0.04751492007567529,4.556876725801117,0.04751492007567529,20.60736766400444,0.1890459023474375,0.4310197485719803,2.976284329244929e-08,13.0,3365.265478515625,45.643225255384415,420.29951914897833,646.0802872794106,4.0
2457902.1636012094,4.565823372270687,0.017263442957319672,4.5185903137639025,0.021871684199857334,4.5185903137639025,0.021871684199857334,20.45505044155802,0.087040871932475,0.4319687449324675,2.8819426123039157e-08,13.0,467.88714599609375,18.82376245010948,420.29951914897833,646.0802872794106,4.0
2457977.914858011,4.5268780051884185,0.013415320631597618,4.474140518847335,0.01770369531646877,4.474140518847335,0.01770369531646877,20.278213048348565,0.0704606962636433,0.4516052547827322,3.2000930010185486e-08,13.0,477.9834411621094,17.3314743502184,420.29951914897833,646.0802872794106,4.0
2457903.0525816567,4.553504747808793,0.015182461728399835,4.504530609824568,0.019667178917990323,4.504530609824568,0.019667178917990323,20.399115843916,0.078272184494851,0.4364811153978844,3.1069527266416324e-08,13.0,466.5034423828125,16.901561200527738,420.29951914897833,646.0802872794106,4.0
2457978.0988751333,4.6406285648169465,0.04124364244047389,4.603968260269104,0.04826707286791865,4.603968260269104,0.04826707286791865,20.79471485454116,0.1920403087351458,0.440259286791691,3.3787289128286786e-08,13.0,1897.70341796875,38.96633525075869,420.29951914897833,646.0802872794106,4.0
2457918.053941553,-2162.00417823741,-2162.00417823741,-2162.00417823741,-2162.00417823741,-2162.00417823741,-2162.00417823741,0.0,0.0,0.4169357582168221,-9999.99,13.0,-9999.99,-9999.99,-9999.99,-9999.99,5.0
2457979.9292340865,4.558956491891627,0.014579638791839863,4.5107528879689145,0.019105449492444367,4.5107528879689145,0.019105449492444367,20.4238703213874,0.0760389215469914,0.4868106647168743,3.3111035002459505e-08,13.0,461.9719970703125,17.55493019830795,420.29951914897833,646.0802872794106,4.0
2457920.158336769,4.501177997616471,0.03499039027319535,4.444808145024433,0.040828012309493046,4.444808145024433,0.040828012309493046,20.161518234947888,0.1624399414026658,0.1957813614958528,3.2988811915346725e-08,13.0,2931.52861328125,26.06608802355661,420.29951914897833,646.0802872794106,4.0
2457980.940957155,4.555223191226197,0.015305287737374572,4.506491933165494,0.019803431384870358,4.506491933165494,0.019803431384870358,20.40691869896856,0.0788142424340151,0.4755884110620573,2.9546505693740777e-08,13.0,453.7341430664063,18.93471388298679,420.29951914897833,646.0802872794106,4.0
2457927.986949532,-2162.00417823741,-2162.00417823741,-2162.00417823741,-2162.00417823741,-2162.00417823741,-2162.00417823741,0.0,0.0,0.0271022607463572,-9999.99,13.0,-9999.99,-9999.99,-9999.99,-9999.99,5.0
2457984.970118601,4.531641670621301,0.013431589514107046,4.4795774672549715,0.01775702999405116,4.4795774672549715,0.01775702999405116,20.29984319951631,0.0706733557022313,0.4535270013697912,3.303111086838619e-08,13.0,492.9842468261719,16.91864072224349,420.29951914897833,646.0802872794106,4.0
2457931.042491137,4.505730964821652,0.013963481384422204,4.4500046157138655,0.018089955307483647,4.4500046157138655,0.018089955307483647,20.18219167860119,0.071994410030826,0.425546116752563,3.376234060622345e-08,13.0,469.5801025390625,19.61584544170681,420.29951914897833,646.0802872794106,6.0
2457940.090572787,0.0,0.0,0.0,0.0,0.0,0.0,0.0,0.0,0.0,0.0,13.0,0.0,0.0,0.0,0.0,5.0
2457985.9171786644,4.518733737130853,0.012304644350602932,4.464845163018758,0.01655221409639153,4.464845163018758,0.01655221409639153,20.24123275413652,0.0658806920783571,0.4829537196652144,2.3540533299487053e-08,13.0,464.9903015136719,17.354638997363942,420.29951914897833,646.0802872794106,4.0
2457940.916385328,0.0,0.0,0.0,0.0,0.0,0.0,0.0,0.0,0.0,0.0,13.0,0.0,0.0,0.0,0.0,5.0
2457987.958689592,4.579455599358268,0.016857788679343413,4.534149281202032,0.02155083499443645,4.534149281202032,0.02155083499443645,20.516949652745694,0.0857663275992446,0.4626031317061637,2.8598176759596478e-08,13.0,469.1007141113281,18.056566910344145,420.29951914897833,646.0802872794106,4.0
2457940.986776967,0.0,0.0,0.0,0.0,0.0,0.0,0.0,0.0,0.0,0.0,13.0,0.0,0.0,0.0,0.0,5.0
2458673.93125104,0.0,0.0,0.0,0.0,0.0,0.0,0.0,0.0,0.0,0.0,13.0,0.0,0.0,0.0,0.0,5.0
2457989.025557646,4.588368163510647,0.01759169987392717,4.544321521918549,0.02236305311028393,4.544321521918549,0.02236305311028393,20.557418512833458,0.0889975377015306,0.4489912197851009,3.3688686922611656e-08,13.0,458.1872741699219,17.53185679248805,420.29951914897833,646.0802872794106,4.0
2457989.0701884767,4.592008331994329,0.017063534435132012,4.548476181501539,0.02184928320715515,4.548476181501539,0.02184928320715515,20.57394725434301,0.0869546760616255,0.4129915905259342,3.2463646074455134e-08,13.0,461.4341735839844,14.312160828019085,420.29951914897833,646.0802872794106,4.0
2457990.962404484,4.592753933887063,0.02000375717318106,4.549327164653177,0.024891644268107874,4.549327164653177,0.024891644268107874,20.577332773724677,0.099054662489153,0.4465579665196205,2.6165319273713286e-08,13.0,483.7618896484375,20.516529563317707,420.29951914897833,646.0802872794106,4.0
2457991.9398426902,0.0,0.0,0.0,0.0,0.0,0.0,0.0,0.0,0.0,0.0,13.0,0.0,0.0,0.0,0.0,5.0
2457991.983090832,0.0,0.0,0.0,0.0,0.0,0.0,0.0,0.0,0.0,0.0,13.0,0.0,0.0,0.0,0.0,5.0
2457996.0179780326,0.0,0.0,0.0,0.0,0.0,0.0,0.0,0.0,0.0,0.0,13.0,0.0,0.0,0.0,0.0,5.0
2457997.000529866,-2162.00417823741,-2162.00417823741,-2162.00417823741,-2162.00417823741,-2162.00417823741,-2162.00417823741,0.0,0.0,0.4563917504742587,-9999.99,13.0,-9999.99,-9999.99,-9999.99,-9999.99,7.0
2457998.0093841194,4.475199798021781,0.026305903005858524,4.415158260306535,0.03109415763151246,4.415158260306535,0.03109415763151246,20.04356024813792,0.1237171529331838,0.4527860312534884,2.9475895192881752e-08,13.0,9599.86796875,53.10853727274364,420.29951914897833,646.0802872794106,4.0
2457998.878956649,4.777813615489779,0.09826257930795021,4.760542657299305,0.11288420108129033,4.760542657299305,0.11288420108129033,21.417624549988226,0.4491052381096505,0.475860487460459,3.3634179430179714e-08,13.0,7950.854296875001,57.71390559394868,420.29951914897833,646.0802872794106,4.0
2458000.024830103,0.0,0.0,0.0,0.0,0.0,0.0,0.0,0.0,0.0,0.0,13.0,0.0,0.0,0.0,0.0,5.0
2458000.941678299,4.569381841697805,0.028466441407907758,4.522651727177163,0.03386434917492947,4.522651727177163,0.03386434917492947,20.471208216011085,0.1347425889761785,0.4677595588381825,3.3664526906662934e-08,13.0,5315.65341796875,38.45918468660162,420.29951914897833,646.0802872794106,4.0
2458001.9976222483,4.523783585079252,0.03647364343179224,4.470608742167771,0.042556785128502285,4.470608742167771,0.042556785128502285,20.26416236076757,0.1693182216699854,0.4438342190704661,3.3773460374015665e-08,13.0,7391.49365234375,59.161317016954165,420.29951914897833,646.0802872794106,4.0
2458003.010373791,4.568057638982927,0.050590891408697936,4.521140365402603,0.05852234476599681,4.521140365402603,0.05852234476599681,20.465195471139907,0.2328334221311397,0.4204743771665644,3.379627953873702e-08,13.0,8506.763671875,64.70942311279285,420.29951914897833,646.0802872794106,4.0
2458003.913090908,4.552689920887225,0.027634381786084638,4.503600617574662,0.032879659936719256,4.503600617574662,0.032879659936719256,20.395415997707776,0.1308245074724693,0.4514931705352007,2.796902899275816e-08,13.0,2810.437646484376,38.866821056055706,420.29951914897833,646.0802872794106,4.0
2458004.97894146,4.6687043120421405,0.04666020176883386,4.636012154056344,0.05440234002362333,4.636012154056344,0.05440234002362333,20.92219707704077,0.2164482759784753,0.4105417408220997,3.1460441422823326e-08,13.0,2927.405224609375,36.234766396300415,420.29951914897833,646.0802872794106,4.0
2458007.023153397,4.645712277934228,0.027987558331946553,4.609770490994018,0.03370373596601227,4.609770490994018,0.03370373596601227,20.81779823114884,0.1341095894513141,0.4165145730590118,3.246752329555271e-08,13.0,1729.739306640625,22.03692608624946,420.29951914897833,646.0802872794106,4.0
2458007.9369797097,4.546713081280028,0.02616817770664413,4.496779028392362,0.0312504036051732,4.496779028392362,0.0312504036051732,20.36827724373134,0.1243432114272837,0.192817588927692,1.9997166192446826e-08,13.0,511.2767333984375,13.422435141671173,420.29951914897833,646.0802872794106,4.0
2458011.9616815336,4.551385746354704,0.01568431115173459,4.502112114709009,0.020158429440804166,4.502112114709009,0.020158429440804166,20.389494193860507,0.0802256142542591,0.415669821444756,3.356893202722298e-08,13.0,494.6064697265625,16.843413659790546,420.29951914897833,646.0802872794106,4.0
2458013.009408121,4.604716389918771,0.020527102089453256,4.562980360325584,0.025514459871285443,4.562980360325584,0.025514459871285443,20.63165013415837,0.101532990548803,0.3909853145169851,3.3630921341531655e-08,13.0,496.2662353515625,16.581653420349568,420.29951914897833,646.0802872794106,4.0
2458013.8877972914,4.5632577004048915,0.014342239629081328,4.515662017106254,0.018903463497833423,4.515662017106254,0.018903463497833423,20.443400616211147,0.0752361974441206,0.4373494728226751,3.310584045731238e-08,13.0,513.7320190429688,14.224437730416737,420.29951914897833,646.0802872794106,4.0
2458016.9634929723,4.543128891478254,0.015703206200443912,4.492688259359571,0.020118743970411846,4.492688259359571,0.020118743970411846,20.35200268198502,0.0800668791106668,0.375272889017441,2.1550768893829537e-08,13.0,463.5266662597657,15.677872912375577,420.29951914897833,646.0802872794106,4.0
2458018.9011812177,4.580991924257377,0.037936412756669965,4.535902745909305,0.04437848780341799,4.535902745909305,0.04437848780341799,20.52392557082364,0.1765680199242499,0.1766771105373457,3.1335151558230454e-08,13.0,418.9247924804688,16.556669233845657,420.29951914897833,646.0802872794106,4.0
2458020.9560668287,0.0,0.0,0.0,0.0,0.0,0.0,0.0,0.0,0.0,0.0,13.0,0.0,0.0,0.0,0.0,5.0
2458022.8869151277,4.731206609966189,0.0835934953506556,4.707348349672864,0.09617324850219748,4.707348349672864,0.09617324850219748,21.20599831612374,0.3826231970380469,0.3398228971723731,2.2021492664540057e-08,13.0,3202.716064453125,42.25462242569076,420.29951914897833,646.0802872794106,4.0
2458027.941998476,-2162.00417823741,-2162.00417823741,-2162.00417823741,-2162.00417823741,-2162.00417823741,-2162.00417823741,0.0,0.0,0.4314734105192488,-9999.99,13.0,-9999.99,-9999.99,-9999.99,-9999.99,5.0
2458033.9240542785,0.0,0.0,0.0,0.0,0.0,0.0,0.0,0.0,0.0,0.0,13.0,0.0,0.0,0.0,0.0,5.0
2458036.933688563,0.0,0.0,0.0,0.0,0.0,0.0,0.0,0.0,0.0,0.0,13.0,0.0,0.0,0.0,0.0,5.0
2458039.921029467,4.46709318776917,0.014894232097531816,4.405905884730361,0.018772040126705188,4.405905884730361,0.018772040126705188,20.006750944946383,0.074703306617989,0.3760179758007964,1.877765462949178e-08,13.0,591.460791015625,23.238214687109544,420.29951914897833,646.0802872794106,4.0
2458041.9259146564,4.360229301150435,0.0618821363294573,4.283938159168659,0.07091320524389874,4.283938159168659,0.07091320524389874,19.52151913039016,0.2821220487094183,0.0342415700462381,3.120158963523498e-08,13.0,399.4004089355469,12.5336520708687,420.29951914897833,646.0802872794106,4.0
2458044.895612405,4.611933688094671,0.025211386524048272,4.57121773097593,0.030535061899028347,4.57121773097593,0.030535061899028347,20.664421379907456,0.1215029060535762,0.4256627786159669,2.0128682525209207e-08,13.0,677.324169921875,23.97825483245643,420.29951914897833,646.0802872794106,4.0
2458178.1985063865,0.0,0.0,0.0,0.0,0.0,0.0,0.0,0.0,0.0,0.0,13.0,0.0,0.0,0.0,0.0,5.0
2458187.2788760136,4.501421052813008,0.036113548263359815,4.4450855529537705,0.04208350464270919,4.4450855529537705,0.04208350464270919,20.16262186422608,0.1674344185070084,0.3659071765832133,3.337128072878627e-08,13.0,6225.42548828125,53.0266611394143,420.29951914897833,646.0802872794106,4.0
2458195.272720963,4.559847854467993,0.01615267773010707,4.511770233206208,0.02069430154479674,4.511770233206208,0.02069430154479674,20.427917689437013,0.082357707074266,0.3992354946423581,2.6035108513278953e-08,13.0,505.3101623535157,15.879847844016805,420.29951914897833,646.0802872794106,4.0
2458202.290294262,0.0,0.0,0.0,0.0,0.0,0.0,0.0,0.0,0.0,0.0,13.0,0.0,0.0,0.0,0.0,5.0
2458207.253066556,0.0,0.0,0.0,0.0,0.0,0.0,0.0,0.0,0.0,0.0,13.0,0.0,0.0,0.0,0.0,5.0
2458208.20112667,4.6261859996185715,0.048023329984356704,4.5874844238276395,0.05579667261178333,4.5874844238276395,0.05579667261178333,20.729136179276825,0.2219928553641018,0.3865587485011147,3.3744572777900306e-08,13.0,4911.983203125,43.02821013717302,420.29951914897833,646.0802872794106,4.0
2458210.270712837,0.0,0.0,0.0,0.0,0.0,0.0,0.0,0.0,0.0,0.0,13.0,0.0,0.0,0.0,0.0,5.0
2458211.294159046,4.698650914687389,0.06511220693174184,4.670191324667758,0.07521306064484493,4.670191324667758,0.07521306064484493,21.058174204591733,0.2992376560474004,0.3874274593500748,3.1459542256826535e-08,13.0,3876.5390136718743,42.96452519108964,420.29951914897833,646.0802872794106,4.0
2458214.298403596,4.5458099024321035,0.043432290319126376,4.495748196805169,0.05041409639088928,4.495748196805169,0.05041409639088928,20.364176222094247,0.2005765286151767,0.38495085804715,3.2212125033780634e-08,13.0,9918.7861328125,55.68985234159216,420.29951914897833,646.0802872794106,4.0
2458215.229510459,0.0,0.0,0.0,0.0,0.0,0.0,0.0,0.0,0.0,0.0,13.0,0.0,0.0,0.0,0.0,5.0
2458215.2885603686,0.0,0.0,0.0,0.0,0.0,0.0,0.0,0.0,0.0,0.0,13.0,0.0,0.0,0.0,0.0,5.0
2458224.160903838,4.5353896657868535,0.01862769707480879,4.483855193437529,0.023094611305151377,4.483855193437529,0.023094611305151377,20.316861544559465,0.0919017272532009,0.360138336408396,1.6992811906141426e-08,13.0,473.0294128417968,20.261029383426298,420.29951914897833,646.0802872794106,4.0
2458230.251486007,4.538427122672962,0.015887836564316013,4.4873219558734885,0.020273821807096967,4.4873219558734885,0.020273821807096967,20.33065358191761,0.0806831237883633,0.3110997527408727,3.321955984137769e-08,13.0,446.3802978515625,12.593643609120972,420.29951914897833,646.0802872794106,4.0
2458231.141027427,4.551328844556624,0.02215343211976662,4.502047170572015,0.026929623502146893,4.502047170572015,0.026929623502146893,20.38923582254717,0.1071568155422272,0.3166088376806368,3.375135760749152e-08,13.0,434.7072082519532,19.903962614763167,420.29951914897833,646.0802872794106,4.0
2458232.2126906663,4.556648851742087,0.016323213701173428,4.508119092499183,0.020845414449665096,4.508119092499183,0.020845414449665096,20.41339212849611,0.082958333861685,0.3435637273026382,1.986775276274265e-08,13.0,428.5712829589844,13.347928797910193,420.29951914897833,646.0802872794106,4.0
2458235.1299714018,4.502376741333345,0.03213185449816555,4.44617631578169,0.037647052114119464,4.44617631578169,0.037647052114119464,20.16696131405844,0.1497859456863006,0.337269355515681,3.263183820588322e-08,13.0,2298.63203125,42.750879011595394,420.29951914897833,646.0802872794106,6.0
2458251.1527270377,4.581389541994065,0.016079252906888827,4.536356561810273,0.020775574317009313,4.536356561810273,0.020775574317009313,20.52573101494492,0.0826833782598291,0.3912125673622337,3.2604706215018035e-08,13.0,456.7780395507813,12.947636551050856,420.29951914897833,646.0802872794106,4.0
2458252.2463375097,4.548335136771898,0.014291208111517621,4.498630340611468,0.018737254297051868,4.498630340611468,0.018737254297051868,20.375642434672216,0.0745734305103099,0.3888986716403649,3.034073072236841e-08,13.0,460.73857421875,13.376783557378284,420.29951914897833,646.0802872794106,4.0
2458254.0798993423,4.482178124782745,0.03534494515202664,4.423122883999269,0.04116451371033991,4.423122883999269,0.04116451371033991,20.075246407643515,0.1637777190024326,0.1193893026495104,2.852743779613092e-08,13.0,437.1399963378906,15.849560691053057,420.29951914897833,646.0802872794106,6.0
2458255.1770653846,4.566508650184319,0.01799754154948042,4.519372446916155,0.02263389928253736,4.519372446916155,0.02263389928253736,20.45816205069023,0.0900723884537883,0.4081759157307558,3.2674744393292556e-08,13.0,457.6142944335937,18.57785699878505,420.29951914897833,646.0802872794106,4.0
2458264.0527368784,4.555892406070501,0.022707402419118273,4.507255732939714,0.027548201104317528,4.507255732939714,0.027548201104317528,20.40995737127876,0.10961764277296,0.3919403201568019,3.3749704751005305e-08,13.0,2552.201611328125,25.91982480278515,420.29951914897833,646.0802872794106,4.0
2458265.052733758,4.650787940950322,0.04368744129756578,4.615563533839255,0.05102480015385712,4.615563533839255,0.05102480015385712,20.840845055041395,0.203011228311649,0.4348878165628728,3.3455668723985224e-08,13.0,3951.272558593751,39.048511045806656,420.29951914897833,646.0802872794106,4.0
2458304.02368238,4.583225601712127,0.0128567626886643,4.5384521250065335,0.01762722153005867,4.5384521250065335,0.01762722153005867,20.534067924791813,0.0701638091190901,0.9653436603310704,2.037394543294427e-08,13.0,549.9184448242188,27.234180762160054,420.29951914897833,646.0802872794106,0.0
2458305.9387936587,4.55990713376869,0.011722521632098734,4.5118378908753005,0.01635253157552021,4.5118378908753005,0.01635253157552021,20.428186856164444,0.0650920847537478,0.8824321284845057,2.8648334382472536e-08,13.0,527.3574951171875,24.765755856533115,420.29951914897833,646.0802872794106,0.0
2458309.927752703,4.577413596189115,0.011427462317958343,4.531818667090828,0.01623987616507446,4.531818667090828,0.01623987616507446,20.507677625174463,0.0646466809280461,0.9227691142727557,2.808518287141229e-08,13.0,520.4474365234375,21.572354537636127,420.29951914897833,646.0802872794106,0.0
2458311.0560593377,4.602598524081688,0.013202699444538502,4.560563161331919,0.01812444102829641,4.560563161331919,0.01812444102829641,20.622033640545503,0.0721436110005945,0.9570001388975656,3.308676883610646e-08,13.0,509.6784057617188,24.28502943579356,420.29951914897833,646.0802872794106,0.0
2458312.0516006025,4.587686034338512,0.011160596716385264,4.5435429825419895,0.016094213220288787,4.5435429825419895,0.016094213220288787,20.554321201043383,0.0640690863858775,0.9593442094274032,3.2586541938616686e-08,13.0,511.3489318847657,19.435141707875943,420.29951914897833,646.0802872794106,0.0
2458312.920613721,4.570677108032202,0.010467661854043794,4.52413006278521,0.015307779659775122,4.52413006278521,0.015307779659775122,20.477089570822884,0.0609397611801948,0.9151761618781366,3.37913300456256e-08,13.0,512.2412109375,18.62312462221002,420.29951914897833,646.0802872794106,0.0
2458313.097183276,4.575969120521073,0.012132602339970922,4.5301700333246915,0.01688008632384463,4.5301700333246915,0.01688008632384463,20.501118762572105,0.0671920015539333,0.9175546100369696,3.363561474567384e-08,13.0,515.176123046875,24.42674110656666,420.29951914897833,646.0802872794106,0.0
2458313.916857118,4.562874625275942,0.010821783069437669,4.515224799223997,0.015550800668524834,4.515224799223997,0.015550800668524834,20.441661205023586,0.0619047918516002,0.9248323114596266,3.298681268898824e-08,13.0,520.240380859375,21.981491811690955,420.29951914897833,646.0802872794106,0.0
2458314.9139549443,4.547828584050018,0.010122313389156177,4.49805219316316,0.014776962930491556,4.49805219316316,0.014776962930491556,20.37334235459668,0.0588258735426566,0.9268633748127518,3.368264409062356e-08,13.0,517.6630859375,21.819257432220738,420.29951914897833,646.0802872794106,0.0
2458317.0208146214,4.555480958041511,0.01009514172566346,4.506786132012118,0.01482762021906853,4.506786132012118,0.01482762021906853,20.408089128600917,0.0590284329950816,0.9555591342368768,2.83418705620998e-08,13.0,513.1744018554688,20.994180465032304,420.29951914897833,646.0802872794106,0.0
2458317.906420188,4.5790588990345515,0.012510481816509718,4.533696512378583,0.017262811998188753,4.533696512378583,0.017262811998188753,20.515148374278272,0.0687142360204238,0.9129860932974716,3.3627606301906374e-08,13.0,971.5715209960938,25.14251141467178,420.29951914897833,646.0802872794106,0.0
2458330.0366029595,0.0,0.0,0.0,0.0,0.0,0.0,0.0,0.0,0.0,0.0,13.0,0.0,0.0,0.0,0.0,5.0
2458330.871330614,4.587803313752825,0.012631650590034023,4.54367683789642,0.01745429026673382,4.54367683789642,0.01745429026673382,20.55485372615377,0.0694768303764226,0.8961248014906887,2.7616938648427585e-08,13.0,544.0492309570312,23.3147774690824,420.29951914897833,646.0802872794106,0.0
2458332.0131753925,4.610992308888932,0.017652458322913313,4.570143299900585,0.022583680631610363,4.570143299900585,0.022583680631610363,20.660146903705627,0.0898775436941361,0.9545439558485216,3.3463101232719234e-08,13.0,1481.190478515625,36.680964183768616,420.29951914897833,646.0802872794106,0.0
2458332.8642773377,4.575032861285376,0.01242756989362734,4.529101445861451,0.017149093286967336,4.529101445861451,0.017149093286967336,20.496867534377007,0.068261499553144,0.9244401416279286,3.3232447257335375e-08,13.0,779.5680053710937,25.91608712457138,420.29951914897833,646.0802872794106,0.0
2458335.9109124457,4.576975423856,0.010734667078579604,4.531318564721686,0.015607694383638331,4.531318564721686,0.015607694383638331,20.50568803670813,0.0621331263924174,0.942924749700357,3.375088918787187e-08,13.0,508.4923950195313,19.29240791719637,420.29951914897833,646.0802872794106,0.0
2458337.897892475,4.57082419198383,0.010407598938447624,4.524297935165809,0.015255782163079549,4.524297935165809,0.015255782163079549,20.47775742799146,0.0607330548580203,0.9393347643564564,3.348684828187355e-08,13.0,511.8437561035156,18.947663865882724,420.29951914897833,646.0802872794106,0.0
2458338.9429549626,4.586102481156993,0.011629497295972185,4.5417356144406895,0.016506244656668244,4.5417356144406895,0.016506244656668244,20.5471308357289,0.0657070504017068,0.9554409740186212,3.3733270250360653e-08,13.0,501.6356628417969,21.595567146681933,420.29951914897833,646.0802872794106,0.0
2458339.939406267,4.581679525084331,0.010816658924491402,4.53668753028887,0.015726822202168294,4.53668753028887,0.015726822202168294,20.52704772749892,0.0626074799692192,0.9445375735185924,3.319749571560779e-08,13.0,500.1007568359376,18.804544118143856,420.29951914897833,646.0802872794106,0.0
2458339.9711400988,4.60907051165146,0.01245387775778634,4.567949881286854,0.017479374802794854,4.567949881286854,0.017479374802794854,20.65142068954429,0.0695796648290335,0.944410992619042,3.1616554340023855e-08,13.0,501.9801391601562,19.91345650877436,420.29951914897833,646.0802872794106,0.0
2458340.870585536,4.595466438407229,0.01312928301287621,4.5524230468765206,0.017992576181580365,4.5524230468765206,0.017992576181580365,20.589649315186502,0.0716182742062335,0.9352772771129364,3.2064051242090673e-08,13.0,580.3238037109375,24.813351727081027,420.29951914897833,646.0802872794106,0.0
2458341.8703006567,0.0,0.0,0.0,0.0,0.0,0.0,0.0,0.0,0.0,0.0,13.0,0.0,0.0,0.0,0.0,5.0
2458343.0294540795,4.604140942730929,0.011795376173947872,4.562323581062702,0.01682725602062794,4.562323581062702,0.01682725602062794,20.62903722822753,0.0669861037027921,0.8850270726136122,3.3397528629092774e-08,13.0,499.27094116210935,16.91889912856264,420.29951914897833,646.0802872794106,0.0
2458344.860176432,4.59173029230589,0.015468646274507742,4.548158844471342,0.020241454334124213,4.548158844471342,0.020241454334124213,20.572684772630915,0.0805605223595674,0.8724049533609928,3.07377646033894e-08,13.0,2436.878515625,30.87077524075185,420.29951914897833,646.0802872794106,0.0
2458390.876143351,0.0,0.0,0.0,0.0,0.0,0.0,0.0,0.0,0.0,0.0,13.0,0.0,0.0,0.0,0.0,5.0
2458398.877090202,4.625602721949967,0.021871033775617284,4.586818707346035,0.027054840115742187,4.586818707346035,0.027054840115742187,20.72648771785097,0.1076616783977605,0.8793244312200907,3.37926733184653e-08,13.0,2892.038818359375,41.21458685398595,420.29951914897833,646.0802872794106,0.0
2458686.023548548,4.605978105363402,0.01662901758556062,4.56442040305617,0.02151083511758072,4.56442040305617,0.02151083511758072,20.63737914602592,0.0856103369946263,0.9872964759211692,2.8225343700660065e-08,13.0,1834.8286376953124,36.01955259175265,420.29951914897833,646.0802872794106,0.0
2458687.9896472422,4.601263882743411,0.011666240044633631,4.559039885568508,0.016682293064683378,4.559039885568508,0.016682293064683378,20.61597349750893,0.0664093030494135,1.0230651663918893,3.3796697632121625e-08,13.0,565.231591796875,20.39282374823053,420.29951914897833,646.0802872794106,0.0
2458688.8896788494,4.564960103972,0.010079704400073474,4.517605033569892,0.014907712677907727,4.517605033569892,0.014907712677907727,20.451130639871277,0.0593483202597171,0.9897737418115012,3.3262983520336134e-08,13.0,578.7317138671875,19.925184452986265,420.29951914897833,646.0802872794106,0.0
2458689.887335599,4.574569933753197,0.011423505821102577,4.52857308946355,0.01620974417850578,4.52857308946355,0.01620974417850578,20.49476554114473,0.0645264562266467,0.9724413087450378,2.632877025313756e-08,13.0,547.4657348632812,23.480868750138907,420.29951914897833,646.0802872794106,0.0
2458691.9561366807,4.59025659327652,0.012072210242569024,4.546476856996789,0.016953115327899004,4.546476856996789,0.016953115327899004,20.56599321688877,0.0674844370264108,0.9970129875391944,3.3220149355643856e-08,13.0,535.408935546875,23.68396277284956,420.29951914897833,646.0802872794106,0.0
2458692.878520262,4.587964302677409,0.012853373364515832,4.543860580539455,0.01766529716911025,4.543860580539455,0.01766529716911025,20.55558472097785,0.0703158690897232,0.9635891245176398,2.9888701232072646e-08,13.0,531.9063842773437,26.13367314599031,420.29951914897833,646.0802872794106,0.0
2458694.069251671,4.5661944859364105,0.015278289972657122,4.5190138795836114,0.01985772384892117,4.5190138795836114,0.01985772384892117,20.45673553989314,0.0790314277937467,0.5130359070877838,3.1769083558846386e-08,13.0,570.2549560546875,19.27153481332036,420.29951914897833,646.0802872794106,4.0
2458694.927836291,4.574113086168518,0.01124985394655175,4.5280516723357005,0.01604646863049143,4.5280516723357005,0.01604646863049143,20.492691154843587,0.063877207658395,0.9600463908833594,3.234576524224897e-08,13.0,551.9272338867188,22.5026973945079,420.29951914897833,646.0802872794106,0.0
2458696.867566004,0.0,0.0,0.0,0.0,0.0,0.0,0.0,0.0,0.0,0.0,13.0,0.0,0.0,0.0,0.0,5.0
2458697.864766312,4.559417384876415,0.011262621639303399,4.511278922262262,0.015921409517868246,4.511278922262262,0.015921409517868246,20.4259630764462,0.0633778230183157,0.9402566022979112,3.12040665598219e-08,13.0,762.7563354492188,24.9558497931533,420.29951914897833,646.0802872794106,0.0
2458697.9466047864,4.585443297986827,0.011956275920578567,4.5409832641890056,0.016801585756592637,4.5409832641890056,0.016801585756592637,20.54413771376877,0.0668812386871217,0.9453487416600992,3.361378903270848e-08,13.0,519.2529663085937,22.737937007956287,420.29951914897833,646.0802872794106,0.0
2458699.953493158,4.587217194040281,0.008458858068413705,4.5430078776844365,0.013777878171080577,4.5430078776844365,0.013777878171080577,20.552192359992908,0.0548605810079726,1.000010493959255,2.1491972917375453e-08,13.0,561.7989379882813,0.0423758241766429,420.29951914897833,646.0802872794106,0.0
2458700.0451025297,4.590629272720676,0.013160560484314842,4.5469022098976195,0.017980467152499513,4.5469022098976195,0.017980467152499513,20.56768542488024,0.0715694507518519,0.9680159595668664,2.0930324289736858e-08,13.0,549.17998046875,26.94056157196292,420.29951914897833,646.0802872794106,0.0
2458717.9215847813,4.5925733569137135,0.011357930724392276,4.549121065442067,0.016319529232813094,4.549121065442067,0.016319529232813094,20.576512836370554,0.0649656617426334,0.9607799422073722,3.349707521045483e-08,13.0,551.6428100585938,19.28992821296238,420.29951914897833,646.0802872794106,0.0
2458724.899117632,4.615242753463059,0.01294426347848992,4.574994490267471,0.017992726535819556,4.574994490267471,0.017992726535819556,20.67944669710294,0.0716217151367902,0.9555024626671228,3.37715899792893e-08,13.0,563.4768920898438,20.71466471548403,420.29951914897833,646.0802872794106,0.0
2458727.8651252324,4.6094982210622115,0.021282857083875728,4.568438041933835,0.026337694786356308,4.568438041933835,0.026337694786356308,20.65336276951208,0.1048077385432125,0.9441567378952544,3.3332737306399104e-08,13.0,2117.89306640625,46.87221917144903,420.29951914897833,646.0802872794106,0.0
2458749.871774115,4.587126447364487,0.016767824953992427,4.542904305130611,0.021513890638269115,4.542904305130611,0.021513890638269115,20.551780310838105,0.0856202713494933,0.8990723246033288,3.2253212497729364e-08,13.0,2403.98505859375,36.88973325008016,420.29951914897833,646.0802872794106,0.0
2458749.8755697296,4.599396032913064,0.014515752406406086,4.556908039135566,0.019362212677590005,4.556908039135566,0.019362212677590005,20.60749223979713,0.0770650629004951,0.9022402616377964,3.3147067102051155e-08,13.0,1238.7728759765623,27.552130916315228,420.29951914897833,646.0802872794106,0.0
2458751.872498225,4.32172290086669,0.059372596989182395,4.239989373374137,0.06801073070095147,4.239989373374137,0.06801073070095147,19.346674933038702,0.2705746122770249,0.0547816830551534,3.1473279828782093e-08,13.0,2421.17021484375,26.96737702625189,420.29951914897833,646.0802872794106,4.0
2458751.8762789294,4.587197700577262,0.01701490152441878,4.542985629070587,0.021765628461701738,4.542985629070587,0.021765628461701738,20.552103846943908,0.086621434356789,0.5426213272931647,3.3062625649099214e-08,13.0,1207.8594482421877,21.30373108203468,420.29951914897833,646.0802872794106,4.0
2458753.873222834,4.520775259292521,0.04033557871392543,4.467175228138238,0.04686858439118672,4.467175228138238,0.04686858439118672,20.25050259761972,0.1864708948301116,0.2594442310109286,3.3416532429264635e-08,13.0,2643.504248046875,38.00863755912051,420.29951914897833,646.0802872794106,4.0
2458753.877006993,4.562735013008826,0.03758760541734291,4.51506545455463,0.043927812506471896,4.51506545455463,0.043927812506471896,20.441027274180808,0.1747742317424801,0.2449354453484896,3.236822136164547e-08,13.0,1354.0677734375,26.94998196531957,420.29951914897833,646.0802872794106,4.0
2457889.0008545164,4.339527213911374,0.01484800554978496,4.0941518380003465,0.01709954958573682,4.0941518380003465,0.01709954958573682,18.694299157381195,0.0850139818857078,0.4961111391786565,5.438823361249519e-09,13.0,10519.03984375,67.78319437169827,419.255273120262,646.4784516396162,4.0
2458565.2761287848,4.366873520348575,0.009498497339797941,4.122948219461627,0.01236989195888237,4.122948219461627,0.01236989195888237,18.82060597850816,0.0674247292166087,0.8739045192365535,3.15695573552458e-09,13.0,5350.33671875,67.91857269749931,419.255273120262,646.4784516396162,0.0
2457871.274066617,4.322585850808139,0.007075818403180651,4.076312136119025,0.010023201306633995,4.076312136119025,0.010023201306633995,18.616050574742008,0.0594537993807234,0.5180277124743868,4.812142165016053e-09,13.0,1273.8806640625,35.22713842535501,419.255273120262,646.4784516396162,4.0
2458573.202060757,4.365137337352336,0.005381389984328408,4.1211199730049755,0.00920622948245416,4.1211199730049755,0.00920622948245416,18.81258691547114,0.0568581309297395,0.8252198198299897,4.908548138133492e-09,13.0,1767.0867919921875,35.48490011225603,419.255273120262,646.4784516396162,0.0
2457890.194210506,4.3105556445045465,0.017539060206245544,4.063644011794022,0.01959590981430641,4.063644011794022,0.01959590981430641,18.560485589423145,0.0948132378966892,0.3486568316875227,3.3511815277954847e-09,13.0,6928.83310546875,63.60338088690611,419.255273120262,646.4784516396162,4.0
2458580.227870861,4.292772349209144,0.0038211108142556975,4.044917733123042,0.0074929018019184055,4.044917733123042,0.0074929018019184055,18.47834829958172,0.0517870149066467,1.0036192121844971,4.28733168119503e-09,13.0,1407.215771484375,42.0220584176127,419.255273120262,646.4784516396162,0.0
2457895.151137891,4.360988151447847,0.008459099375104235,4.116750770884983,0.011454655089981926,4.116750770884983,0.011454655089981926,18.793422700988856,0.0642381367435267,0.468933641856549,4.029970937243541e-09,13.0,1125.49072265625,32.1222321432196,419.255273120262,646.4784516396162,4.0
2458585.1745243184,4.367087797898723,0.004093435951662885,4.123173859369776,0.00846119497173516,4.123173859369776,0.00846119497173516,18.821595681313568,0.0545859632417788,0.9965776938213714,4.017005316881076e-09,13.0,1340.5140869140623,31.95367171715699,419.255273120262,646.4784516396162,0.0
2457896.030634552,4.354649673307798,0.006089922041046685,4.110076186336463,0.009581669451201546,4.110076186336463,0.009581669451201546,18.764146607469947,0.0580384498605957,0.5377904282956993,4.585266684737946e-09,13.0,1316.12333984375,26.628828168332547,419.255273120262,646.4784516396162,4.0
2458586.171876702,4.382391895653277,0.007213140328687588,4.139289477684552,0.010660554279390604,4.139289477684552,0.010660554279390604,18.892282080664547,0.0615537988393585,0.604247860212453,5.25293394316266e-09,13.0,1196.1675048828124,32.14210726971262,419.255273120262,646.4784516396162,4.0
2457900.1116444576,4.35641960759155,0.005826587747175882,4.111939973788469,0.009415757228280499,4.111939973788469,0.009415757228280499,18.772321560584647,0.0575138044797732,0.5786701317804682,3.354948445419534e-09,13.0,1083.484545898437,27.41337950886924,419.255273120262,646.4784516396162,4.0
2458587.1691205557,4.376710929070468,0.004681650976915168,4.133307270136228,0.00889693555513724,4.133307270136228,0.00889693555513724,18.866042894336,0.0559037726667051,0.949212356194748,4.6396156716687534e-09,13.0,1263.69443359375,33.65336476344149,419.255273120262,646.4784516396162,0.0
2457918.058025528,-2162.00417823741,-2162.00417823741,-2162.00417823741,-2162.00417823741,-2162.00417823741,-2162.00417823741,0.0,0.0,0.5470640759150315,-9999.99,13.0,-9999.99,-9999.99,-9999.99,-9999.99,5.0
2458591.158676648,4.389022182308798,0.006089164036277522,4.146271344291238,0.009918159029495286,4.146271344291238,0.009918159029495286,18.92290597616365,0.0591186508906945,1.0503826664881917,4.0668283120826685e-09,13.0,3952.568408203125,46.94818263336693,419.255273120262,646.4784516396162,0.0
2457920.150145301,4.3561544185806405,0.012217613876056209,4.1116607227702335,0.014713348684700717,4.1116607227702335,0.014713348684700717,18.77109670848102,0.0759411347296896,0.4169607465129761,2.586294031880997e-09,13.0,2566.06865234375,42.97190626962215,419.255273120262,646.4784516396162,4.0
2458592.216668576,4.365260344464594,0.007770487058814968,4.121249502736358,0.010937076047160748,4.121249502736358,0.010937076047160748,18.813155059376104,0.0624788607347709,1.05999608088247,4.320965555497069e-09,13.0,4174.983203125,67.8558862010877,419.255273120262,646.4784516396162,0.0
2457927.9910324514,4.3385880396548995,0.021156707889161883,4.0931628627539025,0.023325891991796043,4.0931628627539025,0.023325891991796043,18.68996130959572,0.1098627529806322,0.1129564832294379,3.78250309800155e-09,13.0,781.60048828125,20.022817857956472,419.255273120262,646.4784516396162,4.0
2458593.149448904,4.3991689728619425,0.009589740801898589,4.1569561821887095,0.012698564385143999,4.1569561821887095,0.012698564385143999,18.96977186141043,0.0685924632480853,1.0232807859574415,5.4554420814282635e-09,13.0,9925.898828125,69.90233610442384,419.255273120262,646.4784516396162,0.0
2457931.0465760604,4.2919905986549045,0.006513910429119948,4.0440945291843615,0.009320778399354983,4.0440945291843615,0.009320778399354983,18.474737558670626,0.0572115638979138,0.5393145878342533,4.850616345358232e-09,13.0,1137.2487060546875,38.71676611175423,419.255273120262,646.4784516396162,4.0
2458594.249424912,4.313665419178476,0.0067574552841765875,4.066918686491856,0.009698070205145461,4.066918686491856,0.009698070205145461,18.574848982680187,0.0584066549509732,0.9808563879806528,4.203206305026224e-09,13.0,5819.91982421875,68.08160346628371,419.255273120262,646.4784516396162,0.0
2457934.126702268,4.348542743960382,0.008773596778874551,4.103645428769655,0.011615411230439372,4.103645428769655,0.011615411230439372,18.735939988982345,0.0647903082196317,0.5115603771500894,4.1972977920785835e-09,13.0,1082.059326171875,38.806132889758224,419.255273120262,646.4784516396162,4.0
2458595.144156329,4.467917937080271,0.0443339985467371,4.229350653568066,0.04747069538070464,4.229350653568066,0.04747069538070464,19.287308825538677,0.2120316888292594,0.5285530201341545,2.558086442289561e-09,13.0,36150.7453125,125.75345506371784,419.255273120262,646.4784516396162,6.0
2457936.9666828127,4.37199040054421,0.006864341600168184,4.128336429176296,0.010305018872065289,4.128336429176296,0.010305018872065289,18.8442397688002,0.0603768581243877,0.5640253324346811,2.440533171860657e-09,13.0,1854.0481201171876,29.65159530803347,419.255273120262,646.4784516396162,4.0
2458600.130712778,4.2825255281345616,0.007758220950200059,4.034127560449934,0.010249644806084089,4.034127560449934,0.010249644806084089,18.431020394456414,0.0601900777841821,0.9022042670359736,3.223703176099824e-09,13.0,2774.0768066406254,82.40530402359836,419.255273120262,646.4784516396162,2.0
2457937.060429991,4.369076505322688,0.006021831138097426,4.125268020704758,0.009674660492056945,4.125268020704758,0.009674660492056945,18.830781101415887,0.0583355637663299,0.5742108232447638,2.469568991194314e-09,13.0,1599.4485107421874,26.48346358938058,419.255273120262,646.4784516396162,4.0
2458602.185730501,4.250839347074229,0.004485384862316564,4.000761176621827,0.007469539566950749,4.000761176621827,0.007469539566950749,18.28466860787876,0.0517203866243388,0.9522856221532268,5.4537057796553085e-09,13.0,1790.393310546875,56.93612880860773,419.255273120262,646.4784516396162,0.0
2457938.942556409,-2162.00417823741,-2162.00417823741,-2162.00417823741,-2162.00417823741,-2162.00417823741,-2162.00417823741,0.0,0.0,0.5977549906180014,-9999.99,13.0,-9999.99,-9999.99,-9999.99,-9999.99,5.0
2458603.195146498,4.242503703391863,0.006474310007647592,3.9919835241167654,0.008874496929827502,3.9919835241167654,0.008874496929827502,18.246168027992965,0.0558278533853785,0.7731894685229965,2.5659201081113474e-09,13.0,1673.2260253906252,69.72344162468399,419.255273120262,646.4784516396162,2.0
2457939.0826386744,-2162.00417823741,-2162.00417823741,-2162.00417823741,-2162.00417823741,-2162.00417823741,-2162.00417823741,0.0,0.0,0.6159938209119568,-9999.99,13.0,-9999.99,-9999.99,-9999.99,-9999.99,5.0
2458610.172238317,4.372138020055471,0.004772092389919411,4.12849187641255,0.00890083591423908,4.12849187641255,0.00890083591423908,18.84492159218452,0.0559153322369052,1.0484581924640086,5.2051827815758676e-09,13.0,1366.36865234375,39.08767827551844,419.255273120262,646.4784516396162,0.0
2457939.9279895755,5.09570575646175,0.2965293490008042,4.8904277743547615,0.31271576427943504,4.8904277743547615,0.31271576427943504,22.186928340532614,1.3722266680284094,0.5883673019106759,3.385124695026664e-09,13.0,9595.49140625,63.51740970729045,419.255273120262,646.4784516396162,4.0
2458611.1596000157,4.383581927663511,0.004547432934699483,4.140542612757712,0.008894754972553029,4.140542612757712,0.008894754972553029,18.897778587499836,0.0558976917455462,1.0480688657611554,4.304491832151997e-09,13.0,1287.188525390625,35.10149105077721,419.255273120262,646.4784516396162,0.0
2457940.094700545,4.544461605409554,0.034083184844448916,4.309953153825918,0.03715575356926975,4.309953153825918,0.03715575356926975,19.640847883775702,0.1678237493304378,0.6101182562318481,2.696246073229724e-09,13.0,10225.537109375,80.10914783354556,419.255273120262,646.4784516396162,4.0
2458616.2598420302,4.3607078244497295,0.004601204633091224,4.116455579167219,0.008676763105699767,4.116455579167219,0.008676763105699767,18.792127929715463,0.0552326596997905,1.015791942158501,4.608527577752659e-09,13.0,1604.270654296875,38.24850467324554,419.255273120262,646.4784516396162,0.0
2457940.990907581,4.454447260650848,0.02828144371437099,4.2151656762332275,0.03094970418576619,4.2151656762332275,0.03094970418576619,19.22509061255485,0.1415337593123942,0.619996670431967,5.455627316813169e-09,13.0,19461.659765625,99.41012267284287,419.255273120262,646.4784516396162,4.0
2458618.086926837,4.36262205090903,0.004442318695955488,4.1184713100832715,0.0086053295048927,4.1184713100832715,0.0086053295048927,18.800969337952687,0.0550173853889155,1.0104264871115505,5.420978510109312e-09,13.0,2478.8486328125,36.24317233338007,419.255273120262,646.4784516396162,0.0
2457941.9789959714,-2162.00417823741,-2162.00417823741,-2162.00417823741,-2162.00417823741,-2162.00417823741,-2162.00417823741,0.0,0.0,0.6480720474879339,-9999.99,13.0,-9999.99,-9999.99,-9999.99,-9999.99,7.0
2458619.0842119227,4.372284565685695,0.005217055478967732,4.128646192823765,0.009175053233461093,4.128646192823765,0.009175053233461093,18.845598455538845,0.0567616690527443,1.0251222030427067,3.339134729347148e-09,13.0,3358.695166015625,41.99326258571709,419.255273120262,646.4784516396162,0.0
2457942.219538256,-2162.00417823741,-2162.00417823741,-2162.00417823741,-2162.00417823741,-2162.00417823741,-2162.00417823741,0.0,0.0,0.5897256254316408,-9999.99,13.0,-9999.99,-9999.99,-9999.99,-9999.99,7.0
2458626.190344814,3.9321105366756965,0.0046370326243473595,3.6651313383468125,0.005421540059431379,3.6651313383468125,0.005421540059431379,16.812527463864622,0.0465697428709451,1.03701929190402,3.119616506287072e-09,13.0,9660.0150390625,251.69961085840356,419.255273120262,646.4784516396162,2.0
2457942.886956347,4.351987911158348,0.09825592466424342,4.1072732806354395,0.10370835286823993,4.1072732806354395,0.10370835286823993,18.75185248956173,0.4566437130191867,0.2833192419469758,5.415320473583458e-09,13.0,77629.7828125,245.6682541037088,419.255273120262,646.4784516396162,4.0
2458627.183064791,4.378343106170217,0.006348370449836995,4.135025995642532,0.009992810537667367,4.135025995642532,0.009992810537667367,18.873581576075665,0.0593591252361408,1.0438099892277388,2.98598736941271e-09,13.0,4300.10244140625,51.16848176966359,419.255273120262,646.4784516396162,0.0
2457943.1834906638,4.693156447533898,0.11131583856980454,4.466532741821499,0.1177904689689766,4.466532741821499,0.1177904689689766,20.327637994529194,0.5182069024388276,0.5595523156387268,2.318461903105832e-09,13.0,46197.955468750006,127.87307118529188,419.255273120262,646.4784516396162,4.0
2458628.056220164,4.356540099363758,0.0058300902180445785,4.112066854800473,0.00941934762075207,4.112066854800473,0.00941934762075207,18.77287808666448,0.0575251228298691,1.0292072957249256,2.9448747967142503e-09,13.0,3208.882470703125,50.88523024993464,419.255273120262,646.4784516396162,0.0
2457944.9902814496,-2162.00417823741,-2162.00417823741,-2162.00417823741,-2162.00417823741,-2162.00417823741,-2162.00417823741,0.0,0.0,0.5652886108145723,-9999.99,13.0,-9999.99,-9999.99,-9999.99,-9999.99,7.0
2458629.0537230712,4.374928005446062,0.004886251723573957,4.13142980456615,0.008999037326223498,4.13142980456615,0.008999037326223498,18.857807946196733,0.0562171526542403,1.00788334936614,5.216098285238782e-09,13.0,1951.206201171875,37.84241167931532,419.255273120262,646.4784516396162,0.0
2457946.1504629627,-2162.00417823741,-2162.00417823741,-2162.00417823741,-2162.00417823741,-2162.00417823741,-2162.00417823741,0.0,0.0,-9999.99,-9999.99,13.0,-9999.99,-9999.99,-9999.99,-9999.99,5.0
2458629.2475106274,4.367577301517907,0.005372654817568934,4.123689319582915,0.009225619722402241,4.123689319582915,0.009225619722402241,18.82385659527689,0.0569187565616353,1.0190200546268886,2.162314258585896e-09,13.0,2455.557958984375,43.98691913920796,419.255273120262,646.4784516396162,0.0
2457947.99365303,4.396453282381827,0.009106604923061775,4.154096488534076,0.01227566833256798,4.154096488534076,0.01227566833256798,18.957228659918268,0.0670947588421954,0.430727224611303,1.6797969628487391e-09,13.0,2432.739599609375,26.71692814378642,419.255273120262,646.4784516396162,4.0
2458630.187146616,4.384452429947331,0.00505144769954765,4.141459274606923,0.009200634568991993,4.141459274606923,0.009200634568991993,18.901799253928967,0.0568423033909803,1.0495120261056463,4.22397022525587e-09,13.0,1629.77763671875,39.201672762813146,419.255273120262,646.4784516396162,0.0
2457948.176398199,0.0,0.0,0.0,0.0,0.0,0.0,0.0,0.0,0.0,0.0,13.0,0.0,0.0,0.0,0.0,5.0
2458631.0915452675,4.381282439604245,0.004608132705343104,4.138121191222328,0.008904171261527524,4.138121191222328,0.008904171261527524,18.88715773719772,0.0559263249421746,1.0252972794373734,4.603040004038001e-09,13.0,1304.4707763671877,35.15928549332942,419.255273120262,646.4784516396162,0.0
2457956.014613976,4.356562137328482,0.005870624490967937,4.112090061358199,0.009447439382142226,4.112090061358199,0.009447439382142226,18.77297987537496,0.0576136835041834,0.5998137934493697,2.9782344592058127e-09,13.0,1090.7883056640626,28.711648463793424,419.255273120262,646.4784516396162,4.0
2458639.0306101707,4.285445583428478,0.006321222952245924,4.037202455640064,0.00911504634106144,4.037202455640064,0.00911504634106144,18.444507513915728,0.0565699646756614,0.9074105843742376,3.6094666411593204e-09,13.0,1462.4111572265624,66.41002553604406,419.255273120262,646.4784516396162,0.0
2457957.1494937656,4.356402165461145,0.005409993460002174,4.111921606765421,0.009135783932195732,4.111921606765421,0.009135783932195732,18.77224099906348,0.0566384366593413,0.5718506435595685,5.079981032743644e-09,13.0,1096.57763671875,24.75112392236206,419.255273120262,646.4784516396162,4.0
2458641.1774530974,4.368347408173738,0.005056768198756121,4.124500262189665,0.009033549927137528,4.124500262189665,0.009033549927137528,18.827413555477357,0.0563230033735101,1.027716696773627,5.209429853638502e-09,13.0,1302.4731201171876,41.40192337733144,419.255273120262,646.4784516396162,0.0
2457957.8751489324,4.346649315910141,0.005805974817771743,4.10165159912654,0.009305689757458246,4.10165159912654,0.009305689757458246,18.72719464420945,0.0571674176907891,0.5746580342936727,4.692967726633903e-09,13.0,1153.2336669921874,28.286234614216227,419.255273120262,646.4784516396162,4.0
2458647.009073411,-2162.00417823741,-2162.00417823741,-2162.00417823741,-2162.00417823741,-2162.00417823741,-2162.00417823741,0.0,0.0,-9999.99,-9999.99,13.0,-9999.99,-9999.99,-9999.99,-9999.99,5.0
2457958.927188262,4.376960513415054,0.006636073403044203,4.133570089029525,0.01018485624978577,4.133570089029525,0.01018485624978577,18.86719567177745,0.0599836937379434,0.5986372495846569,4.630851843602093e-09,13.0,1081.898120117187,29.72098622937385,419.255273120262,646.4784516396162,4.0
2458653.986029724,4.176596724287782,0.007237406455831447,3.9225817379706096,0.009039280943358919,3.9225817379706096,0.009039280943358919,17.94175759363192,0.0563336721936015,0.9097730706195538,2.6507425963391276e-09,13.0,8814.473242187501,122.43507387377636,419.255273120262,646.4784516396162,2.0
2457959.0487226937,4.359177065337147,0.0056979095480241505,4.11484364947454,0.009355479554500654,4.11484364947454,0.009355479554500654,18.785057676265865,0.0573244519760302,0.6016183743835732,2.013373983992884e-09,13.0,1045.741357421875,27.512053813002208,419.255273120262,646.4784516396162,4.0
2458655.0028235484,4.336779582265381,0.006957574310224068,4.091258509456149,0.0100557095714875,4.091258509456149,0.0100557095714875,18.681608426381366,0.0595601584181112,0.9679374200356946,4.4265580218494095e-09,13.0,5999.546484375,62.48059580975226,419.255273120262,646.4784516396162,0.0
2457960.0417241952,4.363912707020803,0.006987588486965544,4.119830404987562,0.010322484146970642,4.119830404987562,0.010322484146970642,18.806930606287796,0.0604336241198573,0.6030946849333987,2.593999775218769e-09,13.0,1046.1504150390624,33.843235520401976,419.255273120262,646.4784516396162,4.0
2458656.036420499,4.367321510208338,0.006175669874091778,4.123419964591895,0.00976455835621871,4.123419964591895,0.00976455835621871,18.82267514917346,0.0586228856861491,0.9950116966625708,4.631355377835072e-09,13.0,3964.1583007812496,49.59857547271414,419.255273120262,646.4784516396162,0.0
2457960.165368032,4.296802786214455,0.00931780826207643,4.049161889522267,0.011699675207329403,4.049161889522267,0.011699675207329403,18.49696403794707,0.0650786716315187,0.3429424797954748,3.966587053401187e-09,13.0,1059.8751220703125,34.23051245622429,419.255273120262,646.4784516396162,4.0
2457845.1176809967,4.340614906208848,0.09561312996310331,4.095297206658541,0.10092185978967977,4.095297206658541,0.10092185978967977,18.699322978670324,0.4444698177677716,0.0175247267938118,3.845589250167316e-09,13.0,458.1064392089844,12.082046892110885,419.255273120262,646.4784516396162,4.0
2457960.971258143,4.349384608599809,0.006245836384333105,4.104531934424499,0.00964225060450924,4.104531934424499,0.00964225060450924,18.73982838417273,0.0582307818885927,0.595674278536035,4.1835194583161425e-09,13.0,1110.132666015625,31.60014531661262,419.255273120262,646.4784516396162,4.0
2457845.131237089,0.0,0.0,0.0,0.0,0.0,0.0,0.0,0.0,0.0,0.0,13.0,0.0,0.0,0.0,0.0,5.0
2457961.0699617467,4.341515165559869,0.006215613793557097,4.09624520348384,0.009546072458852816,4.09624520348384,0.009546072458852816,18.70348108671605,0.0579245778163751,0.5609962229696698,2.828306343522201e-09,13.0,1181.9217041015625,30.48353628273129,419.255273120262,646.4784516396162,4.0
2457852.1332072737,4.387742718085649,0.009833766676256732,4.144924034740661,0.01281536332208972,4.144924034740661,0.01281536332208972,18.916996400801334,0.0690082538726167,0.5412964731613424,2.429571685187253e-09,13.0,3991.6892578125,38.98523108216164,419.255273120262,646.4784516396162,4.0
2457902.151984747,4.349045962930742,0.006122445021443705,4.1041753316090865,0.009550853278622831,4.1041753316090865,0.009550853278622831,18.738264251259704,0.0579402499584727,0.5472898786723158,4.4974480372711746e-09,13.0,1207.3947509765626,28.093079149658,419.255273120262,646.4784516396162,4.0
2457967.010659812,4.449454208982685,0.01658550120239815,4.209907861221812,0.019362147123779875,4.209907861221812,0.019362147123779875,19.2020287601114,0.093891893190332,0.5538000504772475,4.869725360103166e-09,13.0,5568.77841796875,52.362628063151,419.255273120262,646.4784516396162,4.0
2457902.1676869127,4.353070450580886,0.006286721766225881,4.10841322318051,0.009706586626074914,4.10841322318051,0.009706586626074914,18.756852510808457,0.0584363167782292,0.5530919770193525,3.5528117092796587e-09,13.0,1156.4004150390624,28.74433298160543,419.255273120262,646.4784516396162,4.0
2457967.887399615,4.47725391792141,0.022143365244171476,4.239181687467799,0.02489639107498573,4.239181687467799,0.02489639107498573,19.330429751754235,0.1163115579231546,0.5833692672134818,2.051685944308112e-09,13.0,8416.40078125,65.89974324971706,419.255273120262,646.4784516396162,4.0
2457903.05667311,4.366269850476273,0.006359815698302418,4.122312539174807,0.009884692451977916,4.122312539174807,0.009884692451977916,18.8178177547034,0.0590088747423366,0.5698371434975898,2.539416230138317e-09,13.0,1151.497241210937,28.33005369333809,419.255273120262,646.4784516396162,4.0
2458673.935192556,4.149564876995248,0.002627276699952994,3.8941164902770486,0.005310004936874835,3.8941164902770486,0.005310004936874835,17.81690319296356,0.0463034453231439,0.9498887173587336,4.4862380151248554e-09,13.0,1796.9885498046874,50.86668216327721,419.255273120262,646.4784516396162,0.0
2457968.1242179917,-2162.00417823741,-2162.00417823741,-2162.00417823741,-2162.00417823741,-2162.00417823741,-2162.00417823741,0.0,0.0,-9999.99,-9999.99,13.0,-9999.99,-9999.99,-9999.99,-9999.99,5.0
2457971.9199035265,4.181274803536407,0.011811091276681132,3.927507878722335,0.013374454046464763,3.927507878722335,0.013374454046464763,17.963364654908396,0.0710131186116026,0.6165651762594928,2.311297746463023e-09,13.0,23823.479687500003,132.65889895660357,419.255273120262,646.4784516396162,6.0
2457973.947545953,-2162.00417823741,-2162.00417823741,-2162.00417823741,-2162.00417823741,-2162.00417823741,-2162.00417823741,0.0,0.0,0.608028522820173,-9999.99,13.0,-9999.99,-9999.99,-9999.99,-9999.99,5.0
2457976.09177685,4.3296322951309065,0.008980689871476296,4.083732227718239,0.01164508691624219,4.083732227718239,0.01164508691624219,18.64859661472373,0.0648916095606106,0.5584091599039246,3.881042452609267e-09,13.0,3184.188671875,47.59385562052967,419.255273120262,646.4784516396162,4.0
2457977.918987385,4.337859142206863,0.004897551907732046,4.092395314529133,0.008615650845156895,4.092395314529133,0.008615650845156895,18.686594686033565,0.0550466230420709,0.5752739331659023,3.0201737486267787e-09,13.0,1118.010595703125,24.36894175271772,419.255273120262,646.4784516396162,4.0
2457978.10301369,4.336682141734888,0.0061891610370813765,4.091155902009244,0.009481457674551249,4.091155902009244,0.009481457674551249,18.681158369124688,0.0577197265937472,0.5630018618581192,4.999270501388001e-09,13.0,1982.568017578125,31.251910299804692,419.255273120262,646.4784516396162,4.0
2457979.9333540234,4.384208464485459,0.005872052393095831,4.141202372545227,0.009723354870102383,4.141202372545227,0.009723354870102383,18.900672428921556,0.0584923436322311,0.613500135558753,4.099562137080947e-09,13.0,1051.3309326171875,25.65717483000909,419.255273120262,646.4784516396162,4.0
2457980.945103949,4.360530269735128,0.005576677076856685,4.1162686093728285,0.009287738320149938,4.1162686093728285,0.009287738320149938,18.791307841941315,0.0571122362615143,0.5928777076544578,3.440155041308552e-09,13.0,1084.1165283203125,26.195162657926584,419.255273120262,646.4784516396162,4.0
2457984.974239867,4.3435692061363325,0.006417554350759271,4.09840816235043,0.009712202108276792,4.09840816235043,0.009712202108276792,18.71296826686868,0.0584536109728307,0.5730527585078932,3.8584467887100755e-09,13.0,1115.6906982421874,32.02278533558094,419.255273120262,646.4784516396162,4.0
2457985.921308683,4.35844224182926,0.004898044940573621,4.114069860952552,0.008831197515309261,4.114069860952552,0.008831197515309261,18.781663681483288,0.0557013968831222,0.6114502557563565,5.392877803355392e-09,13.0,1155.0575927734376,23.640147605613084,419.255273120262,646.4784516396162,4.0
2457987.9628133527,4.367215410382872,0.005392129329901107,4.123308238679143,0.009234496378193477,4.123308238679143,0.009234496378193477,18.82218509645985,0.0569464145438441,0.5902444439798784,3.3036682294984483e-09,13.0,1057.495654296875,24.269550427886365,419.255273120262,646.4784516396162,4.0
2457989.0296905986,4.35480408064417,0.005583129934631442,4.1102387813314705,0.009234560233541965,4.1102387813314705,0.009234560233541965,18.76485978238666,0.0569456661609661,0.5811367501673342,5.103917762681395e-09,13.0,1084.5513671875,26.471427125451616,419.255273120262,646.4784516396162,4.0
2457989.074309016,4.337982989878617,0.006802008264404683,4.092525729391817,0.009947789277951275,4.092525729391817,0.009947789277951275,18.68716671230553,0.059210548749426,0.5441531128841464,3.4796594748963834e-09,13.0,1122.663427734375,33.08758908742479,419.255273120262,646.4784516396162,4.0
2457990.9665426854,4.359123712591175,0.0054185607664181115,4.11478746762678,0.009169057192167925,4.11478746762678,0.009169057192167925,18.78481125118621,0.0567419891073898,0.5807023361708159,4.155462793171645e-09,13.0,1088.7699951171876,24.92735261871805,419.255273120262,646.4784516396162,4.0
2457991.9439655044,0.0,0.0,0.0,0.0,0.0,0.0,0.0,0.0,0.0,0.0,13.0,0.0,0.0,0.0,0.0,5.0
2457996.0221062684,4.299605946884212,0.00991239030693673,4.052113691592099,0.012248297405278217,4.052113691592099,0.012248297405278217,18.509911245794616,0.0669926526679198,0.5301902780582401,4.849772941247688e-09,13.0,8412.46953125,57.069304879965095,419.255273120262,646.4784516396162,4.0
2457997.0046556992,4.369453653295504,0.017369176718783456,4.125665167460847,0.019697515315352535,4.125665167460847,0.019697515315352535,18.83252306834843,0.0952197870354662,0.5941710371193235,3.9446946787518545e-09,13.0,19852.161328125003,83.94099979541559,419.255273120262,646.4784516396162,4.0
2457997.865732924,4.4234724595689965,0.016066289492460924,4.182548394272732,0.01872181358074166,4.182548394272732,0.01872181358074166,19.08202454004252,0.0913575113514031,0.6005255753771223,2.8033479496180006e-09,13.0,11805.7037109375,61.76961493509591,419.255273120262,646.4784516396162,4.0
2457998.013515408,4.379058803084337,0.01367961891821354,4.135779643357149,0.016211405632779154,4.135779643357149,0.016211405632779154,18.87688722915611,0.081599872595998,0.5866757622081793,2.233895692383044e-09,13.0,11351.923828125,62.27414696466034,419.255273120262,646.4784516396162,4.0
2457998.883092405,4.436142397005486,0.014688178358176101,4.1958901723424535,0.017498653436086233,4.1958901723424535,0.017498653436086233,19.140544308522244,0.0865679248040781,0.597243229494194,2.7449480218829633e-09,13.0,8409.5921875,53.02240222351901,419.255273120262,646.4784516396162,4.0
2458000.0289634718,-2162.00417823741,-2162.00417823741,-2162.00417823741,-2162.00417823741,-2162.00417823741,-2162.00417823741,0.0,0.0,-9999.99,-9999.99,13.0,-9999.99,-9999.99,-9999.99,-9999.99,5.0
2458000.9458059305,4.375505462875015,0.011234106418873109,4.132037882459227,0.013948604284288693,4.132037882459227,0.013948604284288693,18.8604751002548,0.0731131497287081,0.5899508079363144,2.403173165860406e-09,13.0,5277.14951171875,51.90479028647125,419.255273120262,646.4784516396162,4.0
2458002.001748652,4.356551649829918,0.013298030998120897,4.112079017745787,0.01572020901495417,4.112079017745787,0.01572020901495417,18.772931435831275,0.0797281688725834,0.5660515943828982,4.649311504864873e-09,13.0,7062.1720703125,64.32217870506635,419.255273120262,646.4784516396162,4.0
2458003.014511082,4.395797230744832,0.016695813042981518,4.1534056488683735,0.019175465465448335,4.1534056488683735,0.019175465465448335,18.954198495791555,0.0931484908269703,0.5500220983230486,3.2219929601885797e-09,13.0,7212.9724609375,66.36593545156387,419.255273120262,646.4784516396162,4.0
2458003.9172199904,4.364388192338293,0.007507158615187861,4.120331103559529,0.010723531988114356,4.120331103559529,0.010723531988114356,18.80912677267255,0.0617625401690205,0.575931706094482,2.621458369008161e-09,13.0,2549.423095703125,34.755465035674334,419.255273120262,646.4784516396162,4.0
2458004.9830842526,4.32400490438673,0.007043603968962744,4.077806436940128,0.01001029813669284,4.077806436940128,0.01001029813669284,18.622604883892773,0.0594120416509888,0.5242867566456517,4.423864618238681e-09,13.0,2630.894921875,35.294075850613794,419.255273120262,646.4784516396162,4.0
2458013.013538368,4.258172247507436,0.006319408278840175,4.008482914055627,0.008879852173745208,4.008482914055627,0.008879852173745208,18.318537728210824,0.0558446517002219,0.484073977206905,3.264458978917769e-09,13.0,1186.3571044921875,39.00668486059231,419.255273120262,646.4784516396162,4.0
2458013.891921784,4.353158361541583,0.005065844682821275,4.108505795739244,0.008880600427934876,4.108505795739244,0.008880600427934876,18.757258552992365,0.0558519051481139,0.5673094295048081,3.2847809143634352e-09,13.0,1157.0116455078123,23.156345328753147,419.255273120262,646.4784516396162,4.0
2458016.967626299,4.3695929306524555,0.0064873713246872,4.1258118301887325,0.01000773838143376,4.1258118301887325,0.01000773838143376,18.83316636108166,0.0594067995834135,0.511773882870079,2.854760503794455e-09,13.0,1146.8452880859377,25.269630278762666,419.255273120262,646.4784516396162,4.0
2458018.90529948,4.36794010155325,0.007310619259211356,4.12407135758267,0.010603606557992307,4.12407135758267,0.010603606557992307,18.825532292112747,0.0613631550127047,0.5172366538279412,2.5762617835039644e-09,13.0,1081.3685791015623,29.4943011765264,419.255273120262,646.4784516396162,4.0
2458020.960186848,-2162.00417823741,-2162.00417823741,-2162.00417823741,-2162.00417823741,-2162.00417823741,-2162.00417823741,0.0,0.0,-9999.99,-9999.99,13.0,-9999.99,-9999.99,-9999.99,-9999.99,5.0
2458022.8910403405,4.385169523953115,0.012850342063230536,4.14221439349589,0.015479192814537513,4.14221439349589,0.015479192814537513,18.90511135988112,0.0788173651636557,0.4375447312149544,3.707659437751753e-09,13.0,4203.06884765625,41.83213303755847,419.255273120262,646.4784516396162,4.0
2458027.9461280163,-2162.00417823741,-2162.00417823741,-2162.00417823741,-2162.00417823741,-2162.00417823741,-2162.00417823741,0.0,0.0,0.5552313325360264,-9999.99,13.0,-9999.99,-9999.99,-9999.99,-9999.99,5.0
2458033.9288587384,4.346668733965772,0.011640218233154462,4.101672046850931,0.014123227025156362,4.101672046850931,0.014123227025156362,18.727284332112447,0.073753575951167,0.4926031156467893,2.3829612106903447e-09,13.0,2888.0331054687504,50.363321040564855,419.255273120262,646.4784516396162,4.0
2458036.937830227,0.0,0.0,0.0,0.0,0.0,0.0,0.0,0.0,0.0,0.0,13.0,0.0,0.0,0.0,0.0,5.0
2458039.925183801,4.32110616423293,0.006440494281452218,4.074753987154351,0.00952296673407163,4.074753987154351,0.00952296673407163,18.60921621456953,0.0578500981573745,0.5261803328351601,5.351563900978189e-09,13.0,1330.9522705078125,32.55198640962326,419.255273120262,646.4784516396162,4.0
2458041.9300438664,4.340753230132989,0.03916309830583246,4.095442865396546,0.041819490378294605,4.095442865396546,0.041819490378294605,18.6999618676985,0.1877450608169272,0.0625362729158304,2.33038617389132e-09,13.0,883.269873046875,20.429710931928877,419.255273120262,646.4784516396162,4.0
2458044.8997350736,4.357971005628911,0.00646791371869654,4.113573636812932,0.009883717183824947,4.113573636812932,0.009883717183824947,18.77948714087432,0.0590051162577773,0.5587528436857945,2.9626261707396742e-09,13.0,1326.2236572265624,29.488552127945837,419.255273120262,646.4784516396162,4.0
2458178.202639773,4.328944168944179,0.017567518934081393,4.083007612706261,0.019704555826175647,4.083007612706261,0.019704555826175647,18.64541830501746,0.0952460883196222,0.3346299111052102,3.1253445137274987e-09,13.0,5469.133203125,56.30101463700347,419.255273120262,646.4784516396162,4.0
2458187.2830096544,4.417625598486545,0.024955478588468603,4.176391495443706,0.027452339905054857,4.176391495443706,0.027452339905054857,19.055019122013164,0.1268926993370803,0.4736809816047694,3.355110367254866e-09,13.0,8915.3599609375,78.17952110342151,419.255273120262,646.4784516396162,4.0
2458195.276851372,4.364483919027095,0.0074875000721545265,4.1204319062859645,0.010709122994631315,4.1204319062859645,0.010709122994631315,18.809568914055976,0.0617144297277459,0.5018632867510927,3.2813446657928003e-09,13.0,1136.1865478515624,29.742885553328367,419.255273120262,646.4784516396162,4.0
2458202.29443824,0.0,0.0,0.0,0.0,0.0,0.0,0.0,0.0,0.0,0.0,13.0,0.0,0.0,0.0,0.0,5.0
2458207.25718994,4.390293617457508,0.007991602001057503,4.147610199014804,0.011328078285994274,4.147610199014804,0.011328078285994274,18.92877846692476,0.0638070138656274,0.4995030682811033,2.82100644225466e-09,13.0,2006.3741455078125,28.107329081536385,419.255273120262,646.4784516396162,4.0
2458208.2052563047,4.383903145882189,0.010007131067486645,4.140880864008522,0.012934209539829569,4.140880864008522,0.012934209539829569,18.899262226695587,0.0694332492428978,0.490554622795938,3.3478549709446314e-09,13.0,3906.060302734375,36.39760887927678,419.255273120262,646.4784516396162,4.0
2458210.2748407377,4.336018810562991,0.052060358186504965,4.090457396801419,0.055250686496870705,4.090457396801419,0.055250686496870705,18.678094582361776,0.245623906308271,0.1578844289907065,5.211591515437643e-09,13.0,16489.38359375,76.96666885061083,419.255273120262,646.4784516396162,4.0
2458211.298277393,4.358574375733304,0.010090918755067978,4.114209001436244,0.012818892892156302,4.114209001436244,0.012818892892156302,18.78227398011434,0.0690188949032094,0.4837963073708324,3.5244626609680047e-09,13.0,3401.25712890625,40.65260362914985,419.255273120262,646.4784516396162,4.0
2458214.302530721,4.329521279016227,0.01349668388321971,4.083615324823365,0.015752676799408668,4.083615324823365,0.015752676799408668,18.648083854707256,0.0798500482428319,0.4852651455975658,3.08467145486328e-09,13.0,12756.9375,62.865842762745295,419.255273120262,646.4784516396162,4.0
2458215.233639596,-2162.00417823741,-2162.00417823741,-2162.00417823741,-2162.00417823741,-2162.00417823741,-2162.00417823741,0.0,0.0,0.4854778526232221,-9999.99,13.0,-9999.99,-9999.99,-9999.99,-9999.99,7.0
2458215.2926964154,-2162.00417823741,-2162.00417823741,-2162.00417823741,-2162.00417823741,-2162.00417823741,-2162.00417823741,0.0,0.0,0.4678315722032247,-9999.99,13.0,-9999.99,-9999.99,-9999.99,-9999.99,7.0
2458224.165028906,4.3653889936169,0.008574789337779266,4.1213849736846155,0.011585406972030558,4.1213849736846155,0.011585406972030558,18.813749262673927,0.0646879775424943,0.4613474243903931,2.964056547118101e-09,13.0,1051.7795654296874,31.41384957486875,419.255273120262,646.4784516396162,4.0
2458230.255612092,4.384120038540628,0.008916197112061647,4.141109257694628,0.012018515238224125,4.141109257694628,0.012018515238224125,18.90026400813456,0.066192067538679,0.4094378797028641,3.872324134445463e-09,13.0,993.5138305664062,26.132635127469072,419.255273120262,646.4784516396162,4.0
2458231.1451516147,4.346829328051616,0.0060438764236861505,4.1018411566562,0.009473890886136998,4.1018411566562,0.009473890886136998,18.72802608231997,0.0576964950803586,0.41466870039962,3.9302528322951e-09,13.0,952.8083129882812,20.294917193267853,419.255273120262,646.4784516396162,4.0
2458232.2168134046,4.382429967556067,0.00901576071998985,4.139329568401674,0.012086942344554496,4.139329568401674,0.012086942344554496,18.89245792675281,0.0664312193992769,0.4439085151012287,2.527683425943854e-09,13.0,1039.7172363281252,29.355200836023123,419.255273120262,646.4784516396162,4.0
2458235.1341198534,4.277164611776119,0.008584528242773132,4.028482374223621,0.010917263852131294,4.028482374223621,0.010917263852131294,18.40625945260427,0.0624074752562272,0.4056407997345716,3.194624078550348e-09,13.0,2167.590283203125,41.05940204782137,419.255273120262,646.4784516396162,6.0
2458245.1035190504,4.243514218115013,0.008402017936567053,3.9930476227549816,0.010521452533143114,3.9930476227549816,0.010521452533143114,18.25083538234578,0.0610845391957765,0.5000189214512025,4.740748627180304e-09,13.0,6352.56826171875,58.06423277913756,419.255273120262,646.4784516396162,4.0
2458246.122200826,4.4830264708498175,0.016544129607215297,4.245260337852033,0.019518252513028328,4.245260337852033,0.019518252513028328,19.35709195609428,0.0945141822413744,0.5407866182917702,2.569366365015661e-09,13.0,2709.05927734375,43.84733466214736,419.255273120262,646.4784516396162,4.0
2458248.0960896336,4.362333957796061,0.00607672679057511,4.1181679404418725,0.009646847536855442,4.1181679404418725,0.009646847536855442,18.79963869663294,0.0582463649909942,0.5062605473685058,3.467486715554677e-09,13.0,1205.4544189453125,23.94707235434726,419.255273120262,646.4784516396162,4.0
2458248.2599620274,4.357916468462223,0.008445566692906218,4.113516207738941,0.011418503537364259,4.113516207738941,0.011418503537364259,18.77923524520521,0.0641139859091187,0.4714593095084507,2.4323767477573728e-09,13.0,1551.8617431640623,32.76371598075545,419.255273120262,646.4784516396162,4.0
2458251.1568436925,4.357569050095124,0.005992380501351941,4.113150367041271,0.009541633308710395,4.113150367041271,0.009541633308710395,18.77763059305044,0.0579116278757044,0.4901423766364115,4.0163796538970295e-09,13.0,1127.0037841796875,23.14875016617292,419.255273120262,646.4784516396162,4.0
2458252.2504740097,4.344272411533803,0.006048781726080437,4.0991486561687696,0.009452848587074179,4.0991486561687696,0.009452848587074179,18.716216224268624,0.0576298817465914,0.4937777498694731,5.436910432110652e-09,13.0,1238.0386474609377,25.28290097545403,419.255273120262,646.4784516396162,4.0
2458254.0840251334,4.3214903203166,0.011625161082257158,4.075158513635885,0.013950423124504204,4.075158513635885,0.013950423124504204,18.61099055048785,0.0731168524787215,0.2494538543270222,2.791523279101946e-09,13.0,1001.877587890625,27.366482410337657,419.255273120262,646.4784516396162,4.0
2458255.181194779,4.376091755444037,0.007512476908117571,4.13265526398767,0.010831132646976181,4.13265526398767,0.010831132646976181,18.8631830619612,0.062123579813274,0.5197361165853914,2.4651358812504203e-09,13.0,1093.6103515625,29.348847865449347,419.255273120262,646.4784516396162,4.0
2458264.056864737,4.366355261489431,0.007719202137931126,4.122402479222892,0.010906221404008123,4.122402479222892,0.010906221404008123,18.818212250156968,0.0623750873180299,0.5070369087031918,5.3731556854926115e-09,13.0,2554.734912109375,30.78584288938445,419.255273120262,646.4784516396162,4.0
2458265.0568644474,4.368570633051662,0.007902730448604602,4.124735323869792,0.011069997103628182,4.124735323869792,0.011069997103628182,18.82844458410244,0.0629278571852337,0.5511159268862532,4.4916498198567186e-09,13.0,3760.48095703125,34.29557026552541,419.255273120262,646.4784516396162,4.0
2458293.1534498623,0.0,0.0,0.0,0.0,0.0,0.0,0.0,0.0,0.0,0.0,13.0,0.0,0.0,0.0,0.0,5.0
2458294.1460067546,4.684764705907005,0.03685291383146587,4.45769601670224,0.04046996311104799,4.45769601670224,0.04046996311104799,20.288878310070675,0.1819818433057283,1.0197491295291394,2.4499801411228804e-09,13.0,7049.63359375,79.23338782489984,419.255273120262,646.4784516396162,0.0
2458295.112056775,4.207607609680846,0.008780129614403746,3.955237017661908,0.010629195376854222,3.955237017661908,0.010629195376854222,18.08499033196628,0.0614418569299962,0.8689338460092902,2.701853182996746e-09,13.0,8467.9955078125,124.11161568459406,419.255273120262,646.4784516396162,2.0
2458295.975132976,-2162.00417823741,-2162.00417823741,-2162.00417823741,-2162.00417823741,-2162.00417823741,-2162.00417823741,0.0,0.0,-9999.99,-9999.99,13.0,-9999.99,-9999.99,-9999.99,-9999.99,5.0
2458296.1356969327,-2162.00417823741,-2162.00417823741,-2162.00417823741,-2162.00417823741,-2162.00417823741,-2162.00417823741,0.0,0.0,-9999.99,-9999.99,13.0,-9999.99,-9999.99,-9999.99,-9999.99,5.0
2458300.011133071,4.550116834725836,0.027365021473002116,4.3159082593542175,0.030401271028533683,4.3159082593542175,0.030401271028533683,19.66696819509907,0.1392336488352845,0.8667161466901402,3.622357655436994e-09,13.0,11720.654296875,89.13097674097068,419.255273120262,646.4784516396162,0.0
2458300.9526173025,4.458739226620785,0.013372650638934898,4.21968522952548,0.016438389823122505,4.21968522952548,0.016438389823122505,19.244914298042055,0.0824745336006176,0.7586941010944332,4.959078105874644e-09,13.0,5416.856738281251,55.601849392542135,419.255273120262,646.4784516396162,0.0
2458302.961952505,4.344594005817273,0.004266713432984126,4.099487303425715,0.008308454344872993,4.099487303425715,0.008308454344872993,18.71770160042832,0.0541309469756421,0.9583292511060738,3.22987509964579e-09,13.0,1354.675732421875,35.63302168800116,419.255273120262,646.4784516396162,0.0
2458304.0278223148,4.368161488821701,0.004381937503163275,4.124304484211584,0.008631731004222779,4.124304484211584,0.008631731004222779,18.826554833207283,0.0550973446529301,1.0187377552271066,2.1482500703946723e-09,13.0,1277.695068359375,35.233611981768746,419.255273120262,646.4784516396162,0.0
2458305.9429226187,4.3115956420252,0.004121308445212297,4.064739156595105,0.007867786472505564,4.064739156595105,0.007867786472505564,18.56528911859866,0.0528468327865773,0.9277362000306822,5.4465026400006886e-09,13.0,1346.0239013671876,38.56769830088195,419.255273120262,646.4784516396162,0.0
2458309.9318791083,4.366606850407216,0.0039680384578237035,4.122667408984598,0.00838926784004862,4.122667408984598,0.00838926784004862,18.819374286299183,0.0543719186380114,0.9914620160143964,5.4523950549628355e-09,13.0,1209.6236328125,30.811063805645837,419.255273120262,646.4784516396162,0.0
2458311.0601815665,4.360384599008603,0.004204232734549748,4.116115214258269,0.008446876317835292,4.116115214258269,0.008446876317835292,18.790635019582623,0.0545427394237734,1.0096796704497033,3.531010471833802e-09,13.0,1148.7836181640623,34.650671878892815,419.255273120262,646.4784516396162,0.0
2458312.0557241347,4.363991057172681,0.003667497764212492,4.119912909762613,0.008206180767097632,4.119912909762613,0.008206180767097632,18.80729248911249,0.053831466967895,1.0127648337278576,4.310076336388133e-09,13.0,1156.9067138671876,29.308726032219973,419.255273120262,646.4784516396162,0.0
2458312.924730061,4.352960924876587,0.004279150114690191,4.108297889727048,0.008406943190107704,4.108297889727048,0.008406943190107704,18.75634663468315,0.0544233344414279,0.9827270237349032,4.41130226420852e-09,13.0,1230.7701416015625,35.386466131882216,419.255273120262,646.4784516396162,0.0
2458313.1013006475,4.36262775063325,0.003953028971586382,4.118477312043105,0.008336535245501289,4.118477312043105,0.008336535245501289,18.800995663776572,0.0542153269585318,0.9950541633797032,4.953261188299343e-09,13.0,1163.5068115234376,31.347977076962408,419.255273120262,646.4784516396162,0.0
2458313.9209882887,4.354012248994729,0.0042995430851704855,4.109404961733826,0.008429980033572393,4.109404961733826,0.008429980033572393,18.76120247902328,0.0544919279038034,0.9850790903981564,5.286210583805147e-09,13.0,1200.5681640625,35.416872742316826,419.255273120262,646.4784516396162,0.0
2458314.918063685,4.320740060632943,0.004054280816411741,4.074368470413955,0.007928098182078732,4.074368470413955,0.007928098182078732,18.607525259265437,0.053020509506062,0.9749060141124524,4.5875450244202105e-09,13.0,1225.9626708984374,38.34975601514422,419.255273120262,646.4784516396162,0.0
2458317.0249600224,4.349482538330515,0.0039697890534869384,4.104635057012127,0.008198074600424536,4.104635057012127,0.008198074600424536,18.740280700942005,0.0538065570937627,0.9965037562778304,3.2700490475333036e-09,13.0,1174.1476318359375,33.59217805715631,419.255273120262,646.4784516396162,0.0
2458317.9105333406,4.3793250326873885,0.005361738779697697,4.136059990146338,0.00933997850307116,4.136059990146338,0.00933997850307116,18.87811688753533,0.0572774054919702,0.982513510110369,3.573329973291365e-09,13.0,1546.2,39.96730159613279,419.255273120262,646.4784516396162,0.0
2458327.944227847,-2162.00417823741,-2162.00417823741,-2162.00417823741,-2162.00417823741,-2162.00417823741,-2162.00417823741,0.0,0.0,0.7465159887877258,-9999.99,13.0,-9999.99,-9999.99,-9999.99,-9999.99,1.0
2458328.0589822344,4.328367745767858,0.009540778819533774,4.082400623908466,0.012119788730870645,4.082400623908466,0.012119788730870645,18.64275592795413,0.0665428381009167,0.8641449692122669,2.998387964887753e-09,13.0,12224.7125,79.69796691890905,419.255273120262,646.4784516396162,0.0
2458330.0407216707,4.315817281038729,0.008591896658673388,4.069184653748608,0.011208989434898495,4.069184653748608,0.011208989434898495,18.584787978708672,0.0633962360080426,0.6425459626324643,4.2236507652501224e-09,13.0,6268.499218749999,55.83372799080643,419.255273120262,646.4784516396162,4.0
2458330.87544986,4.3682939379062065,0.006047793563846073,4.124443956588607,0.009684927275513115,4.124443956588607,0.009684927275513115,18.827166587590405,0.0583682687796369,0.8213100345150495,2.3818393428444132e-09,13.0,1244.6764404296875,39.55263537588642,419.255273120262,646.4784516396162,0.0
2458332.017301899,4.374800718643243,0.005357581350169922,4.131295768207809,0.00929042724180813,4.131295768207809,0.00929042724180813,18.857220035303826,0.0571217787166566,1.0063764189755218,3.189664881849586e-09,13.0,1736.377783203125,41.81186226698112,419.255273120262,646.4784516396162,0.0
2458332.868409696,4.3447236874874875,0.003640268008042961,4.099623861642547,0.00797253885877543,4.099623861642547,0.00797253885877543,18.71830057270858,0.0531501906404615,0.9812522149624088,5.192393131815559e-09,13.0,1334.6185302734375,30.72855758623894,419.255273120262,646.4784516396162,0.0
2458335.9150463515,4.366143014960131,0.003974736571568135,4.122178978033231,0.00838755402206079,4.122178978033231,0.00838755402206079,18.81723192820846,0.0543667932911954,0.9954215465739374,4.755790936351385e-09,13.0,1179.425,31.09590444243263,419.255273120262,646.4784516396162,0.0
2458337.9020184106,4.375878533015869,0.003990251205405519,4.132430735150777,0.00850567274720639,4.132430735150777,0.00850567274720639,18.862198232541665,0.054719531277689,0.9976076790089148,4.28602781199483e-09,13.0,1197.7717529296874,29.813595214716315,419.255273120262,646.4784516396162,0.0
2458338.9470829046,4.374445115715928,0.005676270751875014,4.130921308952507,0.00949435958420836,4.130921308952507,0.00949435958420836,18.855577580391827,0.0577632643972887,1.0106953065477324,3.1816327128793973e-09,13.0,1141.0486572265625,44.783605648838105,419.255273120262,646.4784516396162,0.0
2458339.943551521,4.3706568131369234,0.004123607947958461,4.126932126486264,0.008517346619398212,4.126932126486264,0.008517346619398212,18.83808020986685,0.0547540100103735,1.005393346951182,2.945072886495092e-09,13.0,1136.0473876953124,32.1178909925865,419.255273120262,646.4784516396162,0.0
2458339.9752682745,4.364813373618802,0.004388551775795258,4.120778830654662,0.008598696935083512,4.120778830654662,0.008598696935083512,18.811090595321403,0.0549976070154426,1.0003629981594124,4.816935956139201e-09,13.0,1149.4391357421875,35.15420457100466,419.255273120262,646.4784516396162,0.0
2458340.874712359,4.379498054286648,0.004622363041135983,4.13624218645079,0.00889286916644061,4.13624218645079,0.00889286916644061,18.87891603780592,0.0558915624686554,1.0012032232041148,4.3090701138197775e-09,13.0,1264.4371337890625,34.6828518957989,419.255273120262,646.4784516396162,0.0
2458341.8744127885,4.043249986344247,0.3889231495063271,3.7821641082165582,0.40955979401777776,3.7821641082165582,0.40955979401777776,17.325857138629765,1.796858911458691,0.0011279852076024,5.3267014882874926e-09,13.0,465.6714172363281,10.720059437921648,419.255273120262,646.4784516396162,6.0
2458343.033569966,4.376054331329661,0.004143238390053611,4.132615855408824,0.008588371796135866,4.132615855408824,0.008588371796135866,18.86301020787098,0.054967498582372,0.952861754546818,4.681217893141998e-09,13.0,1139.3548828125,29.64708748155889,419.255273120262,646.4784516396162,0.0
2458344.864310277,4.3615414769176875,0.006074974095254855,4.117333437189054,0.00963791638123402,4.117333437189054,0.00963791638123402,18.795978394618075,0.0582178538599315,0.9519302492940088,4.829623477726501e-09,13.0,1552.5953125,47.8644555590351,419.255273120262,646.4784516396162,0.0
2458346.0284890654,4.371130351782831,0.004694522491624962,4.127430775161745,0.008844095849597252,4.127430775161745,0.008844095849597252,18.840267384986184,0.0557417663414749,0.977155647887204,3.950589245547789e-09,13.0,1118.8003173828124,35.7622348933237,419.255273120262,646.4784516396162,0.0
2458347.899656635,4.37573297769802,0.004510046654533793,4.132277461564595,0.008787368855747811,4.132277461564595,0.008787368855747811,18.861525943231307,0.0555692832062322,0.9905359749244064,4.3150013297464055e-09,13.0,1612.2992431640623,33.97118466396314,419.255273120262,646.4784516396162,0.0
2458347.973900866,4.417075393451164,0.006326869126031835,4.175812115039366,0.010359993102055926,4.175812115039366,0.010359993102055926,19.052477841012497,0.0605614661051834,0.99097497620435,4.592344755525552e-09,13.0,2311.0390625,40.28348997651696,419.255273120262,646.4784516396162,0.0
2458353.0118637346,4.325460219397111,0.006684044982977864,4.079338922004662,0.009746063345088408,4.079338922004662,0.009746063345088408,18.629326676948136,0.0585608061283452,0.9215672917617628,5.4014027947581615e-09,13.0,8009.6240234375,59.95697599412957,419.255273120262,646.4784516396162,0.0
2458353.977022094,4.440847818160533,0.011355261724213314,4.200845104842308,0.014524745491407327,4.200845104842308,0.014524745491407327,19.162277656297103,0.0752453720486221,0.9657312476594916,4.222143029905931e-09,13.0,8363.098046875,65.2411930869657,419.255273120262,646.4784516396162,0.0
2458381.880057115,4.309524568178212,0.007643261304583646,4.062558261245696,0.01036812152344221,4.062558261245696,0.01036812152344221,18.55572326536239,0.0605803988183019,0.8524276489276952,3.4096830655383883e-09,13.0,4882.3111328125,68.07176595767022,419.255273120262,646.4784516396162,0.0
2458390.8802764467,4.332897855024946,0.004747492651229115,4.087170948358972,0.008470111973932569,4.087170948358972,0.008470111973932569,18.663679547051824,0.0546100186366099,0.9313462391240518,4.086337450628572e-09,13.0,1539.589599609375,40.99201952385644,419.255273120262,646.4784516396162,0.0
2458398.88121171,4.366951130783149,0.004225147614984935,4.123029945294861,0.00853117027501673,4.123029945294861,0.00853117027501673,18.820964444734678,0.0547950906365085,0.942949621379364,5.4179244701868945e-09,13.0,1713.333203125,31.248795743191945,419.255273120262,646.4784516396162,0.0
2458683.95987839,4.293417938946693,0.005852716495800372,4.045597556132874,0.008834092730748767,4.045597556132874,0.008834092730748767,18.481330142401674,0.0557062109315809,1.0139300673899545,3.446378669234837e-09,13.0,4823.282421875,66.45716620923201,419.255273120262,646.4784516396162,0.0
2458684.001649403,4.325752368414218,0.0050065453289818655,4.07964656262002,0.008560999942580432,4.07964656262002,0.008560999942580432,18.63067605163356,0.0548815439077578,1.0716156744736378,3.836728919119022e-09,13.0,5001.51162109375,51.91351452768975,419.255273120262,646.4784516396162,0.0
2458685.014103376,4.396883419809152,0.0059427475997015965,4.154549434582436,0.009898521966410216,4.154549434582436,0.009898521966410216,18.95921537396384,0.059055986974391,1.0319696491374044,5.076670035934769e-09,13.0,2275.8427734375,42.86870536768712,419.255273120262,646.4784516396162,0.0
2458686.027501211,4.362444829195586,0.005893410239169923,4.118284690947877,0.009520991017554357,4.118284690947877,0.009520991017554357,18.800150788240643,0.057846593648398,0.7222319989713862,4.742845688307228e-09,13.0,2553.84013671875,34.43114516012263,419.255273120262,646.4784516396162,0.0
2458687.9936070875,4.375424276947756,0.005044476075472748,4.131952391537957,0.00910057733089251,4.131952391537957,0.00910057733089251,18.860100119581784,0.0565307938505037,1.0793556188306286,3.2910286981901e-09,13.0,1258.27734375,42.1863239756078,419.255273120262,646.4784516396162,0.0
2458688.893640899,4.382697604270702,0.004686251692456293,4.139611396916447,0.008964666820673614,4.139611396916447,0.008964666820673614,18.89369408428363,0.0561120709961746,1.0557019586679737,3.461555521416448e-09,13.0,1398.67958984375,36.60690895433261,419.255273120262,646.4784516396162,0.0
2458689.89128779,4.357727656970337,0.004262252693508326,4.11331738426137,0.008449791602312066,4.11331738426137,0.008449791602312066,18.77836316475124,0.0545512168876091,1.0364307755577928,5.428532842884924e-09,13.0,1291.3433837890625,36.503412365485126,419.255273120262,646.4784516396162,0.0
2458691.960091004,4.360391441925218,0.003806341315569945,4.1161224200298285,0.008235087866234144,4.1161224200298285,0.008235087866234144,18.790666625571056,0.0539160358679161,1.055023434050378,4.045177061512414e-09,13.0,1211.8297363281251,32.52971380858166,419.255273120262,646.4784516396162,0.0
2458692.882470164,4.35619014659523,0.005149472233003275,4.111698345311302,0.008965086799666464,4.111698345311302,0.008965086799666464,18.771261728644117,0.0561112051125373,1.0167304021428605,5.4297073300658065e-09,13.0,1289.0969482421874,44.09086532666287,419.255273120262,646.4784516396162,0.0
2458694.0731958835,4.405705130518997,0.034174697317880434,4.163838928478993,0.0368192381204523,4.163838928478993,0.0368192381204523,18.99996099492076,0.1663846799758916,0.0972513337720925,2.218961276739959e-09,13.0,875.8006713867187,21.1324984470832,419.255273120262,646.4784516396162,4.0
2458694.931796272,4.370673964662609,0.004160217167786842,4.126950187494886,0.008537256253932769,4.126950187494886,0.008537256253932769,18.838159429146124,0.054813632600558,1.032515303348685,4.166701642816389e-09,13.0,1266.059228515625,33.222432895276626,419.255273120262,646.4784516396162,0.0
2458696.8715228806,0.0,0.0,0.0,0.0,0.0,0.0,0.0,0.0,0.0,0.0,13.0,0.0,0.0,0.0,0.0,5.0
2458697.8687286936,4.359963828069342,0.003618057786451739,4.115672131368714,0.008135519923014006,4.115672131368714,0.008135519923014006,18.788691567369693,0.0536243995799908,1.0220833878386724,4.316268170146779e-09,13.0,1366.2476806640625,29.69809214900995,419.255273120262,646.4784516396162,0.0
2458697.950557228,4.370229773790247,0.005140023227839573,4.126482442798482,0.009105190733397715,4.126482442798482,0.009105190733397715,18.836107805202296,0.0565446566058206,1.034447699245213,5.433902782730392e-09,13.0,1197.8957763671874,42.11779752860672,419.255273120262,646.4784516396162,0.0
2458699.9574479107,4.358888352566192,0.0011236014312002193,4.114539627316949,0.007271210060801881,4.114539627316949,0.007271210060801881,18.783724172876592,0.0511798749232534,0.9999995139942546,3.049395439303501e-09,13.0,1198.215478515625,0.0443035266289206,419.255273120262,646.4784516396162,0.0
2458700.049072216,4.364417875826755,0.004742555841091843,4.120362361055264,0.008800419087705359,4.120362361055264,0.008800419087705359,18.80926387444445,0.0556080688882675,0.9733029899661512,3.533077941916021e-09,13.0,1222.2335205078125,37.2307485428436,419.255273120262,646.4784516396162,0.0
2458701.87067415,4.374726763920511,0.003948362217875152,4.131217891935503,0.008470893906870936,4.131217891935503,0.008470893906870936,18.85687845403919,0.0546155396290626,1.0506017941854977,3.5736710857919563e-09,13.0,1621.8581298828126,31.421460719947834,419.255273120262,646.4784516396162,0.0
2458701.94519847,4.3825309256162965,0.0044931851951300495,4.13943587990011,0.008852544505595337,4.13943587990011,0.008852544505595337,18.89292423073738,0.0557685342221602,1.0715094683452788,3.0163491913550093e-09,13.0,1435.997314453125,35.69569376075601,419.255273120262,646.4784516396162,0.0
2458702.953737819,4.35422334167988,0.007817294144324973,4.109627247895187,0.010879696723945413,4.109627247895187,0.010879696723945413,18.76217747160906,0.0622850628990891,0.6770500658478755,4.2971006575581645e-09,13.0,3753.105078125,45.07568363885649,419.255273120262,646.4784516396162,4.0
2458703.9509309726,4.353794195599885,0.005166995200498909,4.109175345761694,0.008951539335504943,4.109175345761694,0.008951539335504943,18.7601953363877,0.0560693991117935,1.0065329160012937,3.3922334017602753e-09,13.0,2492.8458984375,44.23690038499252,419.255273120262,646.4784516396162,0.0
2458704.03026897,4.359304850046751,0.005114359649367526,4.1149782101418495,0.008975101979205606,4.1149782101418495,0.008975101979205606,18.7856478868852,0.0561422355571057,1.0093374175673606,5.108789262887015e-09,13.0,3686.360107421875,42.71490380447865,419.255273120262,646.4784516396162,0.0
2458704.052236747,4.359121656033067,0.006007998950720365,4.114785302016888,0.009567638508133068,4.114785302016888,0.009567638508133068,18.78480175237811,0.0579942278453253,1.0160458796245857,3.7797533685382985e-09,13.0,3666.826611328125,51.12796638961887,419.255273120262,646.4784516396162,0.0
2458709.945232063,4.36532422658303,0.013369499103719894,4.121316772290848,0.0158392001991934,4.121316772290848,0.0158392001991934,18.81345011740615,0.0801804491730736,0.256916142348012,3.029924316060775e-09,13.0,1372.4476806640623,26.786808121343544,419.255273120262,646.4784516396162,0.0
2458709.947752894,4.370205933251374,0.006496371986481037,4.12645733808267,0.010020038638015137,4.12645733808267,0.010020038638015137,18.83599769078206,0.0594467228958591,1.0474228321393062,4.183204761904307e-09,13.0,5574.82763671875,54.43733314221589,419.255273120262,646.4784516396162,0.0
2458710.0229370915,4.329874720759546,0.009457390337210318,4.083987508294952,0.012058064966626593,4.083987508294952,0.012058064966626593,18.64971632756624,0.0663268343236493,1.0323016212393028,3.928154298648031e-09,13.0,10706.530078125,94.1766187958653,419.255273120262,646.4784516396162,0.0
2458711.9638633817,4.370085128456921,0.007103376548267435,4.126330127449986,0.010465751322096989,4.126330127449986,0.010465751322096989,18.835439718918497,0.0609062956837468,0.9736876987957532,2.7964832671852038e-09,13.0,4554.3234375,55.548026251355104,419.255273120262,646.4784516396162,0.0
2458714.9634998217,0.0,0.0,0.0,0.0,0.0,0.0,0.0,0.0,0.0,0.0,13.0,0.0,0.0,0.0,0.0,5.0
2458717.925540876,4.342767508593976,0.0049314117020062935,4.097563953707504,0.008687909373770007,4.097563953707504,0.008687909373770007,18.70926539502699,0.0552650249045021,0.9812243653584516,3.431805298445075e-09,13.0,1233.590576171875,43.21650173530013,419.255273120262,646.4784516396162,0.0
2458724.903081949,4.373246795064356,0.0046716349684116825,4.129659445721547,0.008853544343207745,4.129659445721547,0.008853544343207745,18.85004279007056,0.0557707914122059,0.998735214134973,4.6166527366515724e-09,13.0,1354.1625244140623,36.03065190450389,419.255273120262,646.4784516396162,0.0
2458727.8690695893,4.371846885114639,0.00461451114389418,4.1281853036462355,0.00880505654447807,4.1281853036462355,0.00880505654447807,18.843576901303507,0.0556227957005654,1.0009003299383863,4.817308734372303e-09,13.0,1579.5441650390626,35.83326475717817,419.255273120262,646.4784516396162,0.0
2458728.93854045,4.377310133348811,0.004847325473912022,4.133938248034911,0.00900120790797375,4.133938248034911,0.00900120790797375,18.86881049250422,0.0562240384887391,1.0095946483781957,3.529477773941028e-09,13.0,1328.2546142578126,37.32321060187463,419.255273120262,646.4784516396162,0.0
2458734.884355881,0.0,0.0,0.0,0.0,0.0,0.0,0.0,0.0,0.0,0.0,13.0,0.0,0.0,0.0,0.0,5.0
2458734.8881464624,0.0,0.0,0.0,0.0,0.0,0.0,0.0,0.0,0.0,0.0,13.0,0.0,0.0,0.0,0.0,5.0
2458736.8701765398,4.393227204107658,0.006881271354545134,4.150699343079705,0.01051647502641807,4.150699343079705,0.01051647502641807,18.942328084864275,0.0610760061977507,0.9858861821185392,2.9075513549318704e-09,13.0,5046.89794921875,49.03508398615244,419.255273120262,646.4784516396162,0.0
2458736.873974359,-2162.00417823741,-2162.00417823741,-2162.00417823741,-2162.00417823741,-2162.00417823741,-2162.00417823741,0.0,0.0,-9999.99,-9999.99,13.0,-9999.99,-9999.99,-9999.99,-9999.99,5.0
2458739.8952823174,4.3731017080596395,0.0067761054502862685,4.129506665281438,0.010250442432027848,4.129506665281438,0.010250442432027848,18.849372663799773,0.0601979435051039,1.0125647707468362,3.259026801736709e-09,13.0,3997.004052734376,54.326249866306085,419.255273120262,646.4784516396162,0.0
2458739.899066556,4.381698705383374,0.006890211731618737,4.138559530059514,0.010414513249091168,4.138559530059514,0.010414513249091168,18.88908038102629,0.0607379935939211,1.0129768214204549,2.6106495899855333e-09,13.0,4038.2374511718754,53.20624206092992,419.255273120262,646.4784516396162,0.0
2458749.879510217,4.355932150689348,0.004932573539698162,4.111426668822255,0.008826104027302821,4.111426668822255,0.008826104027302821,18.77007009997533,0.0556856714010035,0.9460282704093352,5.3247158163609535e-09,13.0,1514.8508789062498,39.05821957011301,419.255273120262,646.4784516396162,0.0
2458749.883298716,4.369528955520905,0.004466605991381793,4.12574446268898,0.008694680601575324,4.12574446268898,0.008694680601575324,18.83287087344365,0.0552875519539482,0.959601706653534,5.452252165053656e-09,13.0,1435.066088867187,33.300776028137534,419.255273120262,646.4784516396162,0.0
2458751.880238783,4.311070231996834,0.014038565596747725,4.064185885986692,0.016171443027729382,4.064185885986692,0.016171443027729382,18.56286236050526,0.0814438887014242,0.1509762302706808,5.159248082163388e-09,13.0,1383.10986328125,20.01556147835161,419.255273120262,646.4784516396162,4.0
2458751.884020771,4.306617177115935,0.02333111218848424,4.059496701825281,0.025413214849464977,4.059496701825281,0.025413214849464977,18.542294639317685,0.1184350196780308,0.0860702790338286,3.975625541339691e-09,13.0,1240.6524658203125,19.15615227459662,419.255273120262,646.4784516396162,4.0
2458753.8809705013,4.380934855091182,0.019668672152312355,4.1377551755685795,0.02201457774016658,4.1377551755685795,0.02201457774016658,18.88555231764979,0.1045291158462367,0.1944882913339854,3.2522569507685583e-09,13.0,1361.0654541015624,28.07734234988051,419.255273120262,646.4784516396162,4.0
2458753.8847568664,4.396939310915168,0.03249655066846055,4.154608289390225,0.03506879727671861,4.154608289390225,0.03506879727671861,18.9594735231931,0.158942881299148,0.10973917245106,3.369360316496792e-09,13.0,1171.93994140625,23.99801841336812,419.255273120262,646.4784516396162,4.0
2458591.162630231,4.31551828451077,0.0062636184691643795,3.942468465967185,0.009833802340702427,3.942468465967185,0.009833802340702427,17.803727315987082,0.0646190820330798,1.046472779517282,1.69709577676467e-10,13.0,3576.7775390625,56.47151825685197,418.6171896440326,646.0056308904022,0.0
2458565.280096771,4.286469662408791,0.006351146977291047,3.910607075311865,0.009547455807720113,3.910607075311865,0.009547455807720113,17.668193951094825,0.0638316774668049,0.8595702396181416,3.4540461093011345e-10,13.0,4484.329199218751,55.92875463117029,418.6171896440326,646.0056308904022,0.0
2458587.1731587616,4.310845036851109,0.006210377648068062,3.937342709268959,0.009733574733088978,3.937342709268959,0.009733574733088978,17.781923149921482,0.0643429445803297,0.9571062340911312,1.528422082423285e-10,13.0,1979.34111328125,52.40322894546453,418.6171896440326,646.0056308904022,0.0
2458573.2060149047,4.280933932381853,0.0064011154755989,3.9045353223615358,0.009523831793953157,3.9045353223615358,0.009523831793953157,17.6423656651592,0.0637668096834819,0.8304034485271712,3.791458637893914e-10,13.0,2580.48193359375,56.21310876903468,418.6171896440326,646.0056308904022,0.0
2458592.2206372973,4.296325555737763,0.005868999368228973,3.9214173115602184,0.009290150706690975,3.9214173115602184,0.009290150706690975,17.714179002716392,0.0631427506087095,1.0637539852846465,2.42057604591297e-10,13.0,3533.59609375,58.86934279304772,418.6171896440326,646.0056308904022,0.0
2458580.231848519,0.0,0.0,0.0,0.0,0.0,0.0,0.0,0.0,0.0,0.0,13.0,0.0,0.0,0.0,0.0,5.0
2458593.1534094466,4.32550312722346,0.008779139213747964,3.953420137725799,0.012032528383006273,3.953420137725799,0.012032528383006273,17.85031401211401,0.0710343575376492,1.0038214066893545,3.5435852150079647e-10,13.0,7714.653125000001,80.03196497510199,418.6171896440326,646.0056308904022,0.0
2458585.178480116,4.300772431135164,0.006111508685971654,3.92629477644426,0.009531236674516417,3.92629477644426,0.009531236674516417,17.73492697429834,0.0637904677576725,1.010567282744033,3.7859319866259926e-10,13.0,2046.1371337890623,57.62606117237048,418.6171896440326,646.0056308904022,0.0
2458586.175836738,4.288498298417337,0.008042015097052345,3.912832143479949,0.010994800802443598,3.912832143479949,0.010994800802443598,17.6776590425341,0.067915615260953,0.5276225144836233,3.714695403078501e-10,13.0,1680.2004150390626,44.93616796968775,418.6171896440326,646.0056308904022,4.0
2458594.253389277,4.246121272834449,0.006723875512748388,3.8663517644049348,0.009425091344623488,3.8663517644049348,0.009425091344623488,17.47993879090872,0.0634953483296316,0.9555042238572308,3.6186014685121496e-10,13.0,4899.29072265625,82.87474511397781,418.6171896440326,646.0056308904022,0.0
2458595.148103528,4.3724200529783745,0.029634103533182306,4.0048800140179015,0.03349404889733239,4.0048800140179015,0.03349404889733239,18.06921626488318,0.1507567230083174,0.6152397576817277,1.6632474040007128e-10,13.0,27042.937890625,147.99764955466458,418.6171896440326,646.0056308904022,6.0
2458600.134669745,4.211372272089818,0.0075275021199068485,3.8282380293121,0.009840619294132682,3.8282380293121,0.009840619294132682,17.31780893218325,0.0646218922214345,0.9197270891622984,3.509758477142179e-10,13.0,3612.94697265625,107.4820294570516,418.6171896440326,646.0056308904022,0.0
2458602.1896979986,4.226539055684699,0.005361498763004964,3.844873407589416,0.008101003501885928,3.844873407589416,0.008101003501885928,17.388573225511532,0.0600951122694701,1.0003879345376532,3.77254146118185e-10,13.0,2598.685498046875,72.69358748025292,418.6171896440326,646.0056308904022,0.0
2458603.199102357,4.179431432765418,0.00701877937847567,3.7932043689890484,0.009147169672393998,3.7932043689890484,0.009147169672393998,17.168781229047426,0.0627485522206393,0.8025498521053104,3.6878611904739286e-10,13.0,2547.2030273437504,100.55914539658929,418.6171896440326,646.0056308904022,0.0
2458610.1762066293,4.297889720047034,0.005758482684483309,3.923132933386679,0.00922634155246809,3.923132933386679,0.00922634155246809,17.72147698922107,0.0629735262815008,1.0546641806293178,2.1910968390097359e-10,13.0,2168.2002441406253,56.15697372614219,418.6171896440326,646.0056308904022,0.0
2458611.1635579737,4.2971007795746194,0.005821722869685724,3.92226760006701,0.009264032480069108,3.92226760006701,0.009264032480069108,17.717795996830088,0.0630734233604177,1.043844194545947,3.7181480768528375e-10,13.0,2083.70732421875,56.83360157329522,418.6171896440326,646.0056308904022,0.0
2458616.2637964017,4.2834537590027235,0.005552498850828682,3.907299142967881,0.008891009561641322,3.907299142967881,0.008891009561641322,17.654122525077483,0.0620918124556259,1.01336834873543,3.5919680649346663e-10,13.0,2703.71171875,55.86133341671617,418.6171896440326,646.0056308904022,0.0
2458618.0908732787,4.262302647413756,0.005384281464246573,3.8840999761790207,0.008509418014373344,3.8840999761790207,0.008509418014373344,17.55543690361149,0.0611129972688208,0.9988388604662628,3.749314639561405e-10,13.0,2987.861279296875,59.896317614744966,418.6171896440326,646.0056308904022,0.0
2458619.088185861,4.302218088131632,0.005988451070489216,3.927880415933674,0.00945495486741067,3.927880415933674,0.00945495486741067,17.74167203630242,0.0635850011817135,1.0265528685036749,2.0910941792797224e-10,13.0,3329.8669921875,56.30424412304159,418.6171896440326,646.0056308904022,0.0
2458626.1943083266,3.9286752595202907,0.005011333641841583,3.5181675577094085,0.007469956302082194,3.5181675577094085,0.007469956302082194,15.998817717246247,0.0586087548129185,1.0262997432500334,1.6319600689344354e-10,13.0,9070.473828125,275.9215010039667,418.6171896440326,646.0056308904022,2.0
2458627.1870316765,4.3090133436431355,0.006318034004858781,3.935333653808251,0.009793639547855646,3.935333653808251,0.009793639547855646,17.77337694270189,0.0645072930202813,1.039053363032834,1.694101273049051e-10,13.0,4589.264453125,59.11259601109978,418.6171896440326,646.0056308904022,0.0
2458628.0601830976,4.281377800429713,0.0063593660547810685,3.9050221700069305,0.009495206729847636,3.9050221700069305,0.009495206729847636,17.64443663878003,0.063689594470399,1.0271809216582808,2.4242900582879157e-10,13.0,3815.56513671875,69.28008020361621,418.6171896440326,646.0056308904022,0.0
2458629.0576769784,4.2929942656872955,0.006173076171305466,3.917763453786466,0.009483877425502652,3.917763453786466,0.009483877425502652,17.698636064108598,0.0636611343505851,1.001082206578065,3.716530983262881e-10,13.0,3051.017431640625,60.47520764833022,418.6171896440326,646.0056308904022,0.0
2458629.251473928,4.300225197931219,0.005502199366174353,3.9256945548286106,0.009066536096224589,3.9256945548286106,0.009066536096224589,17.732373725567605,0.0625525741656365,1.0142478194781703,3.8145555373291067e-10,13.0,3205.807958984375,49.572940448108426,418.6171896440326,646.0056308904022,0.0
2458630.1911054133,0.0,0.0,0.0,0.0,0.0,0.0,0.0,0.0,0.0,0.0,13.0,0.0,0.0,0.0,0.0,5.0
2458631.0955069764,4.308374142955006,0.006081495961260166,3.9346325595270804,0.009603684619843823,3.9346325595270804,0.009603684619843823,17.77039459745332,0.0639882845731679,1.023184203013386,2.4716732113564954e-10,13.0,2232.64482421875,55.22561804246682,418.6171896440326,646.0056308904022,0.0
2458639.0345747788,4.239583634047406,0.006174979373484792,3.8591810881977775,0.008895979505725604,3.8591810881977775,0.008895979505725604,17.449435857580333,0.0620977823770284,0.9482475576236464,3.466836877907197e-10,13.0,2436.542919921875,76.86029186455198,418.6171896440326,646.0056308904022,0.0
2458641.181412755,4.292085551148675,0.00531989440645557,3.9167667487170323,0.008828352345842672,3.9167667487170323,0.008828352345842672,17.694396236872965,0.0619314273205919,1.02590973892137,3.814141852082582e-10,13.0,2097.321630859374,50.17390103325091,418.6171896440326,646.0056308904022,0.0
2458647.013042252,4.413676113378145,0.14017411839053406,4.050130885218672,0.15400335357234624,4.050130885218672,0.15400335357234624,18.261706382608867,0.6569574275137297,0.0930136586219129,3.7927047777610915e-10,13.0,10450.559765625,89.31918533546427,418.6171896440326,646.0056308904022,4.0
2458653.989989757,4.14553962730142,0.006541087628469744,3.756030831114806,0.008511407074862632,3.756030831114806,0.008511407074862632,17.01065082201182,0.0611065467549866,0.9758034305023492,3.672179846564504e-10,13.0,8242.905859375001,133.1694044884094,418.6171896440326,646.0056308904022,0.0
2458655.006783694,4.265892972834204,0.006086421981570939,3.888037951632694,0.009100552760120931,3.888037951632694,0.009100552760120931,17.572188434323795,0.0626357590647013,1.0096843958734734,3.7512219342635185e-10,13.0,6244.135546875,69.90035654091835,418.6171896440326,646.0056308904022,0.0
2458656.040377924,4.291999447800707,0.0063892976694450015,3.916672308010112,0.009642841762986104,3.916672308010112,0.009642841762986104,17.693994500899475,0.0640916087508518,1.015559550219748,3.8133051619803477e-10,13.0,4515.30419921875,64.81143522705008,418.6171896440326,646.0056308904022,0.0
2458661.927114698,4.206723120897958,0.007014831538271387,3.8231387023347514,0.009337337525208203,3.8231387023347514,0.009337337525208203,17.296117194010144,0.0632556467917724,0.814547482218538,3.7863482344933047e-10,13.0,2329.51953125,89.7125164497628,418.6171896440326,646.0056308904022,0.0
2458673.9391435347,0.0,0.0,0.0,0.0,0.0,0.0,0.0,0.0,0.0,0.0,13.0,0.0,0.0,0.0,0.0,5.0
2458684.005597111,4.262265574566091,0.006186115602769671,3.884059313579672,0.009141336223599127,3.884059313579672,0.009141336223599127,17.555263931283488,0.062742556202352,1.0782280758366043,3.8102661031599956e-10,13.0,5198.70712890625,77.9751237769669,418.6171896440326,646.0056308904022,0.0
2458685.0180539647,0.0,0.0,0.0,0.0,0.0,0.0,0.0,0.0,0.0,0.0,13.0,0.0,0.0,0.0,0.0,5.0
2458686.031455878,4.303625421211132,0.008782043708570057,3.9294240206138102,0.011805616950249693,3.9294240206138102,0.011805616950249693,17.748238288812413,0.0703378990218776,0.5887061069306528,3.4153986452748704e-10,13.0,3663.75390625,51.849279646303785,418.6171896440326,646.0056308904022,4.0
2458687.997552845,4.304046068105772,0.005756772543662323,3.9298853986093323,0.009303720832382869,3.9298853986093323,0.009303720832382869,17.750200918532396,0.0631804003715165,1.0779655574727114,2.3838540450709527e-10,13.0,2049.855615234375,55.18692987046059,418.6171896440326,646.0056308904022,0.0
2458688.897596721,4.300497681451186,0.005759401149154418,3.9259934228384683,0.00926018481423252,3.9259934228384683,0.00926018481423252,17.733645063265104,0.0630638571902701,1.0670106949283715,3.376431106735152e-10,13.0,2294.00341796875,55.83784744538397,418.6171896440326,646.0056308904022,0.0
2458689.895243366,4.291755500268584,0.00552297142443557,3.916404739118442,0.008972936680747957,3.916404739118442,0.008972936680747957,17.692856304747878,0.062306236226376,1.0465991043381722,3.549112332008586e-10,13.0,2133.648291015625,54.38950804369358,418.6171896440326,646.0056308904022,0.0
2458691.9640365057,4.294948245540614,0.005115482041748557,3.919906636868287,0.008719545769954117,3.919906636868287,0.008719545769954117,17.707752829217874,0.0616524136175366,1.0508011962667525,3.7762694877792655e-10,13.0,1854.90390625,47.32900866214085,418.6171896440326,646.0056308904022,0.0
2458692.886415625,4.286564440456583,0.005930933317534926,3.910711030686948,0.009217701928649763,3.910711030686948,0.009217701928649763,17.668636160976252,0.0629485053550922,1.033295193420876,3.7043164756864553e-10,13.0,2015.939916992188,61.48541163359506,418.6171896440326,646.0056308904022,0.0
2458694.077161752,4.2610845155152255,0.022811665922320673,3.8827638929681694,0.025754961235662295,3.8827638929681694,0.025754961235662295,17.54975341492445,0.1201139464149257,0.0721191944397702,1.9381653089540301e-10,13.0,1202.3555908203125,19.08406846612569,418.6171896440326,646.0056308904022,4.0
2458694.9357694057,4.2958809608995105,0.005284381451988889,3.9209296667495575,0.008852084772153046,3.9209296667495575,0.008852084772153046,17.712104638079385,0.0619934258843327,1.0272300719791156,3.7484239798913666e-10,13.0,2003.166650390625,48.30739947162243,418.6171896440326,646.0056308904022,0.0
2458696.875474429,0.0,0.0,0.0,0.0,0.0,0.0,0.0,0.0,0.0,0.0,13.0,0.0,0.0,0.0,0.0,5.0
2458697.872682757,4.300675957659231,0.0053073109286365,3.926188961473283,0.008931640095908735,3.926188961473283,0.008931640095908735,17.734476853987285,0.0622005039209169,1.0416907427851292,3.5888445816046614e-10,13.0,2205.836181640625,47.8594926143484,418.6171896440326,646.0056308904022,0.0
2458697.9545110115,4.306566955988501,0.005495666644548627,3.93265038323917,0.009145060586740476,3.93265038323917,0.009145060586740476,17.761962730024283,0.0627603426175219,1.0586437850867645,2.823073424698965e-10,13.0,1856.3575439453125,49.51430226036405,418.6171896440326,646.0056308904022,0.0
2458699.9614029503,4.292720101644713,0.0032100356752332955,3.917462742529538,0.007512240554899439,3.917462742529538,0.007512240554899439,17.69735688552681,0.0587057136508134,1.0000771128243695,2.4142202343526757e-10,13.0,1830.960766601563,0.247562868405724,418.6171896440326,646.0056308904022,0.0
2458700.0530265467,4.291327028868918,0.005381849479677073,3.9159347789736385,0.008863675209075817,3.9159347789736385,0.008863675209075817,17.6908571679092,0.0620225130300225,1.046924632188764,2.122932700011036e-10,13.0,1953.7985595703128,52.53327750898078,418.6171896440326,646.0056308904022,0.0
2458701.874620201,4.30455177488373,0.005907159678867123,3.9304400728087834,0.00942288952551422,3.9304400728087834,0.00942288952551422,17.752560415689437,0.0634992708697057,1.068945383144254,2.0879696070956796e-10,13.0,2229.92705078125,56.76841797600778,418.6171896440326,646.0056308904022,0.0
2458701.9491573027,4.3089414699635125,0.005910771577205696,3.9352548206237974,0.0094818922001636,3.9352548206237974,0.0094818922001636,17.773041598684117,0.0636588823902686,1.083854491654946,3.8039960264432817e-10,13.0,2007.46826171875,55.96560376443268,418.6171896440326,646.0056308904022,0.0
2458702.95769909,4.2080599907591,0.04969976466024315,3.8246050208662012,0.05477005238939985,3.8246050208662012,0.05477005238939985,17.302354683350185,0.2381277630484995,0.0933997614393159,3.7811772957375027e-10,13.0,7277.5185546875,76.02927560687239,418.6171896440326,646.0056308904022,4.0
2458703.95489544,4.276312917359274,0.005458866229590925,3.8994668559695143,0.008733058985620976,3.8994668559695143,0.008733058985620976,17.62080520308189,0.0616835806448911,1.0120318895478893,3.8125218210588737e-10,13.0,2757.6556640625,56.82579035200922,418.6171896440326,646.0056308904022,0.0
2458704.0561986878,4.28262528521714,0.006341403422779918,3.9063904483372864,0.009495088130464574,3.9063904483372864,0.009495088130464574,17.6502570804622,0.0636894924534307,1.026193689038193,3.7700067601721466e-10,13.0,4333.12216796875,68.35351719229494,418.6171896440326,646.0056308904022,0.0
2458709.951713852,4.3228651193691485,0.006288918516321632,3.950526692435937,0.009947665453576667,3.950526692435937,0.009947665453576667,17.838005749097203,0.0649352165717596,1.0673242701292125,3.2884098190541436e-10,13.0,4442.784765625,55.165238062248655,418.6171896440326,646.0056308904022,0.0
2458710.026896933,4.2869864971829745,0.008499869318156017,3.9111739550277687,0.011386781344475072,3.9111739550277687,0.011386781344475072,17.670605368606914,0.0690742186077166,1.0556081272738818,3.4414189802724693e-10,13.0,9607.3177734375,98.63110411704756,418.6171896440326,646.0056308904022,0.0
2458711.9678325304,4.292731969119059,0.005768760955382681,3.917475759127532,0.009169260349936776,3.917475759127532,0.009169260349936776,17.697412256095674,0.0628214971315944,1.0348493210694258,2.3194626924235854e-10,13.0,3582.460888671875,57.09632861837301,418.6171896440326,646.0056308904022,0.0
2458714.967448322,0.0,0.0,0.0,0.0,0.0,0.0,0.0,0.0,0.0,0.0,13.0,0.0,0.0,0.0,0.0,5.0
2458717.9294874584,4.276896513097024,0.005500111937813919,3.9001069610911943,0.008771223836646047,3.9001069610911943,0.008771223836646047,17.623528109999697,0.0617815923342965,0.9876609316476936,3.6083228289821324e-10,13.0,1961.216748046875,55.98609989303923,418.6171896440326,646.0056308904022,0.0
2458724.907034078,4.304379649054207,0.005830683131772188,3.9302512800916265,0.009363203435042844,3.9302512800916265,0.009363203435042844,17.75175732104425,0.0633392730060611,1.010714603511986,3.8118267663245484e-10,13.0,2151.5177734375,52.51155195777592,418.6171896440326,646.0056308904022,0.0
2458727.87302039,4.291572445954399,0.005428232226249242,3.916203959715036,0.008900773028048068,3.916203959715036,0.008900773028048068,17.692002220617052,0.0621186205358526,1.0152207238835864,3.81128904893336e-10,13.0,2285.41171875,51.43967499492071,418.6171896440326,646.0056308904022,0.0
2458728.9424985447,4.293681047631096,0.005178482094556135,3.9185167366006954,0.008747508409804873,3.9185167366006954,0.008747508409804873,17.70184041120168,0.0617238041292857,1.0214362497729894,3.1112521997018417e-10,13.0,2212.3029296875,47.36760161132737,418.6171896440326,646.0056308904022,0.0
2458734.891497464,0.0,0.0,0.0,0.0,0.0,0.0,0.0,0.0,0.0,0.0,13.0,0.0,0.0,0.0,0.0,5.0
2458736.8779243086,4.306922772264256,0.006142346629507869,3.933040653088235,0.00963184885253289,3.933040653088235,0.00963184885253289,17.763622876828048,0.0640645496050291,0.9962589359115384,1.5203136905083948e-10,13.0,3955.731201171875,55.11253009983129,418.6171896440326,646.0056308904022,0.0
2458736.881707732,4.311172471122703,0.006466379446481461,3.937701848893707,0.00993616580761615,3.937701848893707,0.00993616580761615,17.78345087362742,0.0649009306384658,0.99652741965491,2.338542914105071e-10,13.0,4574.2193359375,57.80835142472308,418.6171896440326,646.0056308904022,0.0
2458739.9030415327,4.302210606884,0.006706580843579708,3.927872210279287,0.010018087632523657,3.927872210279287,0.010018087632523657,17.74163713073404,0.0651266635787661,1.0277636465807072,2.439355667154856e-10,13.0,3831.34912109375,66.07571003095106,418.6171896440326,646.0056308904022,0.0
2458739.906826064,4.303927205198751,0.006832952569775569,3.929755026246001,0.010140533872592356,3.929755026246001,0.010140533872592356,17.74964633492108,0.0654690037787139,1.0285482843088996,2.366013306847205e-10,13.0,4038.8579589843753,67.18900871332077,418.6171896440326,646.0056308904022,0.0
2458749.8872559583,4.316156962565929,0.005705124000506458,3.943168987009005,0.009424569146725884,3.943168987009005,0.009424569146725884,17.80670722276526,0.0635061547425618,0.9764185988085662,3.704349728852171e-10,13.0,2222.312548828125,45.12659825655142,418.6171896440326,646.0056308904022,0.0
2458749.891050808,4.302262994477125,0.005508764895770715,3.927929670545878,0.009097914732456002,3.927929670545878,0.009097914732456002,17.741881557707202,0.0626353641750978,0.9742330022360188,3.8123493470146007e-10,13.0,2209.59345703125,46.95241082645119,418.6171896440326,646.0056308904022,0.0
2458751.887972704,4.302359832613627,0.05550527413182754,3.9280358854873847,0.06125880430490573,3.9280358854873847,0.06125880430490573,17.74233337943024,0.2651983114205331,0.0589997715046682,3.8135868886623903e-10,13.0,1890.7442626953125,34.693198485337454,418.6171896440326,646.0056308904022,4.0
2458751.891760173,4.565069576189306,0.5827661586602929,4.21618372739321,0.6393067431394575,4.21618372739321,0.6393067431394575,18.96806916172632,2.7199586695276907,0.0178974219726136,3.79652844145532e-10,13.0,1648.23779296875,36.26132979067558,418.6171896440326,646.0056308904022,6.0
2458753.888711994,4.304243993085043,0.01031852122499674,3.93010248859945,0.013222216944641202,3.93010248859945,0.013222216944641202,17.751124385344106,0.0747595477695725,0.3915903155392386,1.6926960267616056e-10,13.0,2106.998291015625,40.78149372250335,418.6171896440326,646.0056308904022,4.0
2458753.892497065,4.300061421993584,0.00602314430726502,3.9255149205206328,0.009454445627031228,3.9255149205206328,0.009454445627031228,17.731609589360442,0.0635832109683084,0.9491703110212932,1.8473802223168766e-10,13.0,2239.485107421875,53.08712591623952,418.6171896440326,646.0056308904022,0.0
2457845.121757678,4.313263802457126,0.04722992914912369,3.9399956831555114,0.052273434839528204,3.9399956831555114,0.052273434839528204,17.79320848525746,0.2277520596532351,0.0551345129049663,3.725117930204279e-10,13.0,763.9200683593749,25.48827431914996,418.6171896440326,646.0056308904022,4.0
2457845.1353422287,4.297259062475513,0.006909284415118207,3.922441209449298,0.010125024275131296,3.922441209449298,0.010125024275131296,17.71853450394715,0.0654242942844294,0.5124646908690812,3.7766765932679975e-10,13.0,1664.3361328125002,33.96481455346508,418.6171896440326,646.0056308904022,4.0
2457852.13729299,4.328586173126474,0.009597335594201766,3.956801713952697,0.012793693703245868,3.956801713952697,0.012793693703245868,17.86469870767326,0.0734023768421521,0.6566273351520396,2.473028310159265e-10,13.0,3428.860986328125,56.87453946768325,418.6171896440326,646.0056308904022,4.0
2457871.278150946,4.279638836943763,0.007158712974788157,3.9031148232568285,0.010138126073849988,3.9031148232568285,0.010138126073849988,17.636323084483095,0.0654578890855567,0.585396391722151,3.4529542884312877e-10,13.0,2024.3095703125,45.37251206126744,418.6171896440326,646.0056308904022,4.0
2457889.00495306,4.307865474738149,0.01646237194971407,3.9340746371335706,0.019329956845179717,3.9340746371335706,0.019329956845179717,17.76802128298757,0.0958476403596926,0.5625696954836602,3.228699234810397e-10,13.0,9992.9076171875,97.56608742553398,418.6171896440326,646.0056308904022,4.0
2457890.1982964505,4.285051120232426,0.009845266744310676,3.9090511761616904,0.01260641075880901,3.9090511761616904,0.01260641075880901,17.661575399835172,0.0728060393688651,0.4458259065890113,2.411203180784692e-10,13.0,6098.025390625,48.706365841124175,418.6171896440326,646.0056308904022,4.0
2457895.1552225137,4.2918123103098385,0.006833503613521738,3.916467050057364,0.01000039774771663,3.916467050057364,0.01000039774771663,17.693121365721296,0.065075513605987,0.521467199818417,3.5528883057055856e-10,13.0,1759.82841796875,35.27185444961173,418.6171896440326,646.0056308904022,4.0
2457896.0347279334,4.30874877446633,0.00655372860115743,3.935043466484807,0.009974991985190758,3.935043466484807,0.009974991985190758,17.772142531284604,0.065008129363251,0.6139241902191617,3.8085976648670304e-10,13.0,2177.499560546875,35.76195831732098,418.6171896440326,646.0056308904022,4.0
2457900.11572192,4.305142069498465,0.007115247208644737,3.931087525457512,0.01038553039486468,3.931087525457512,0.01038553039486468,17.755314577836337,0.0661605501961762,0.6349468037622481,3.6017895631540286e-10,13.0,1778.1630126953123,42.58762722516799,418.6171896440326,646.0056308904022,4.0
2457902.156083203,4.271316382458083,0.006769639596330476,3.893986508232161,0.009721073346985347,3.893986508232161,0.009721073346985347,17.59749266228107,0.064301530610376,0.6081858720615497,3.4954962998017657e-10,13.0,1991.2611816406247,46.11638638439071,418.6171896440326,646.0056308904022,4.0
2457902.1717774514,4.284236946245815,0.006885680196036935,3.9081581659749194,0.009958489311651608,3.9081581659749194,0.009958489311651608,17.657776674387005,0.0649577729627889,0.612101169226441,2.870397027240945e-10,13.0,1940.2190185546876,44.14847209476099,418.6171896440326,646.0056308904022,4.0
2457903.0607678704,4.3160338766907484,0.007361429597872591,3.943033982768892,0.010715777153065115,3.943033982768892,0.010715777153065115,17.806132935875674,0.0671088701456456,0.6302697949005144,2.9457714335682084e-10,13.0,1997.4686279296875,41.56858899140325,418.6171896440326,646.0056308904022,4.0
2457918.0621215305,4.774685235521133,0.09043007650393653,4.446096402286951,0.10052751082975331,4.446096402286951,0.10052751082975331,19.94608166585178,0.4304855247815219,0.5976980271372737,1.7937241456394047e-10,13.0,9966.2716796875,76.17375017429384,418.6171896440326,646.0056308904022,4.0
2457920.1542458525,4.329766360118917,0.010744481541579642,3.958096178064646,0.013858695377635571,3.958096178064646,0.013858695377635571,17.870205155233023,0.0768216855059941,0.4589049360954366,1.7493367716951258e-10,13.0,3233.493212890625,44.43005266192465,418.6171896440326,646.0056308904022,4.0
2457927.995136189,4.29815881918051,0.009745601281913466,3.923428089301016,0.012631543589703982,3.923428089301016,0.012631543589703982,17.722732536245697,0.0728869355760643,0.3093080273167096,3.0415641379503103e-10,13.0,1606.63759765625,30.381431883020024,418.6171896440326,646.0056308904022,4.0
2457931.0506606214,4.24985722621252,0.006447824315481835,3.870449468923616,0.00922762003286054,3.870449468923616,0.00922762003286054,17.49736978404267,0.0629688363738362,0.6139447219782339,3.794313522366019e-10,13.0,1819.1973876953125,49.1104228077742,418.6171896440326,646.0056308904022,4.0
2457934.1308209263,4.259612234633962,0.007152513107478324,3.8811490516119207,0.00992710116694638,3.8811490516119207,0.00992710116694638,17.542884132753215,0.0648668049789346,0.5648394331571546,3.5237841574774925e-10,13.0,1774.8984375,48.56401011185031,418.6171896440326,646.0056308904022,4.0
2457936.970802996,0.0,0.0,0.0,0.0,0.0,0.0,0.0,0.0,0.0,0.0,13.0,0.0,0.0,0.0,0.0,5.0
2457937.0645583062,4.3198331711061675,0.008071285276998215,3.947201161616801,0.011356481085613641,3.947201161616801,0.011356481085613641,17.823859461923288,0.0689898621078672,0.6378105758880677,2.0464654336703223e-10,13.0,2533.5459960937496,46.47052232692014,418.6171896440326,646.0056308904022,4.0
2457938.9466909305,-2162.00417823741,-2162.00417823741,-2162.00417823741,-2162.00417823741,-2162.00417823741,-2162.00417823741,0.0,0.0,0.657098944667865,-9999.99,13.0,-9999.99,-9999.99,-9999.99,-9999.99,5.0
2457939.0872892905,-2162.00417823741,-2162.00417823741,-2162.00417823741,-2162.00417823741,-2162.00417823741,-2162.00417823741,0.0,0.0,0.6727673682026645,-9999.99,13.0,-9999.99,-9999.99,-9999.99,-9999.99,5.0
2457939.9321202342,4.517150100623726,0.03374978436839417,4.163624224721006,0.038604474507261614,4.163624224721006,0.038604474507261614,18.74448927058813,0.1714676335385682,0.6439788212965308,3.799013609496333e-10,13.0,9577.1642578125,92.97540241755785,418.6171896440326,646.0056308904022,4.0
2457940.098828323,4.477533492968806,0.02521826624252638,4.120171553936808,0.02946330903090348,4.120171553936808,0.02946330903090348,18.559648415753863,0.1346847537161819,0.6671291004098555,2.3568385683299875e-10,13.0,9752.4927734375,84.38399629209736,418.6171896440326,646.0056308904022,4.0
2457940.9950310653,4.336758519111729,0.015586046569480788,3.965765385520064,0.018636088229502232,3.965765385520064,0.018636088229502232,17.902828762398645,0.0933320767936045,0.6788725612999138,3.717268973306397e-10,13.0,16371.118359375,97.78729424616502,418.6171896440326,646.0056308904022,4.0
2457941.983123488,-2162.00417823741,-2162.00417823741,-2162.00417823741,-2162.00417823741,-2162.00417823741,-2162.00417823741,0.0,0.0,0.7067001163727236,-9999.99,13.0,-9999.99,-9999.99,-9999.99,-9999.99,3.0
2457942.223666119,-2162.00417823741,-2162.00417823741,-2162.00417823741,-2162.00417823741,-2162.00417823741,-2162.00417823741,0.0,0.0,0.656246897993519,-9999.99,13.0,-9999.99,-9999.99,-9999.99,-9999.99,7.0
2457942.8911020337,4.327035451380571,0.02874306365505714,3.955100836328606,0.03234756065655633,3.955100836328606,0.03234756065655633,17.857463440695845,0.1461513993109666,0.5362045111659847,3.6702888829667877e-10,13.0,50462.096875,152.4056696364495,418.6171896440326,646.0056308904022,4.0
2457943.187607183,4.34881868888892,0.021170725125105063,3.9789933375823514,0.024445962646871287,3.9789933375823514,0.024445962646871287,17.95909839836747,0.115067324632828,0.6276165692543693,2.2087476298029808e-10,13.0,38154.846875,118.23017391928204,418.6171896440326,646.0056308904022,4.0
2457944.994409845,-2162.00417823741,-2162.00417823741,-2162.00417823741,-2162.00417823741,-2162.00417823741,-2162.00417823741,0.0,0.0,0.6401148850542209,-9999.99,13.0,-9999.99,-9999.99,-9999.99,-9999.99,7.0
2457946.154597552,4.776837602553053,0.17103714154336838,4.448457182312827,0.1883151305452294,4.448457182312827,0.1883151305452294,19.9561240542754,0.8025920893906451,0.5349782052839673,3.794216411429121e-10,13.0,9012.284375,132.42171560336257,418.6171896440326,646.0056308904022,6.0
2457947.9977859603,0.0,0.0,0.0,0.0,0.0,0.0,0.0,0.0,0.0,0.0,13.0,0.0,0.0,0.0,0.0,5.0
2457956.018743376,4.3122980807983184,0.006401355461992801,3.938936450985133,0.009899451582818302,3.938936450985133,0.009899451582818302,17.788702677529024,0.0647995558314852,0.6626475709039144,2.937779588515165e-10,13.0,1774.295654296875,36.689062232075685,418.6171896440326,646.0056308904022,4.0
2457957.153619914,4.325537182135415,0.006733531435073427,3.9534574901637143,0.010325448767528465,3.9534574901637143,0.010325448767528465,17.85047290353379,0.0659942786218428,0.6493056187789923,2.8445612759795673e-10,13.0,1778.1094970703125,35.60058854950644,418.6171896440326,646.0056308904022,4.0
2457957.879266024,4.2980559679760795,0.006537098387763044,3.923315279048186,0.009832677612494003,3.923315279048186,0.009832677612494003,17.722252659101418,0.0646125381431925,0.6350642840815844,3.8075344430454055e-10,13.0,1914.2007568359372,39.51860924858305,418.6171896440326,646.0056308904022,4.0
2457958.931299373,0.0,0.0,0.0,0.0,0.0,0.0,0.0,0.0,0.0,0.0,13.0,0.0,0.0,0.0,0.0,5.0
2457959.0528402813,0.0,0.0,0.0,0.0,0.0,0.0,0.0,0.0,0.0,0.0,13.0,0.0,0.0,0.0,0.0,5.0
2457960.045846961,0.0,0.0,0.0,0.0,0.0,0.0,0.0,0.0,0.0,0.0,13.0,0.0,0.0,0.0,0.0,5.0
2457960.169509377,0.0,0.0,0.0,0.0,0.0,0.0,0.0,0.0,0.0,0.0,13.0,0.0,0.0,0.0,0.0,5.0
2457960.975373177,4.304012882250517,0.006262451360029781,3.9298489993785957,0.009688299837724002,3.9298489993785957,0.009688299837724002,17.750046081906635,0.0642178180291366,0.6533423308416795,2.6495356770186476e-10,13.0,1800.6258544921875,36.88922061498205,418.6171896440326,646.0056308904022,4.0
2457961.0740953865,4.282380990270919,0.006885497263408459,3.906122498391526,0.009937863297588851,3.906122498391526,0.009937863297588851,17.64911726336619,0.0649002673653432,0.6266874700325734,3.6673942027428985e-10,13.0,2008.1901123046875,45.80531267595169,418.6171896440326,646.0056308904022,4.0
2457967.89152123,4.3930839610828265,0.013643185536064556,4.027544801568589,0.017200098416300436,4.027544801568589,0.017200098416300436,18.16562872077829,0.0882131393417078,0.6508273255460134,3.5130476050911356e-10,13.0,7842.56083984375,61.51319737441414,418.6171896440326,646.0056308904022,4.0
2457968.128338298,4.1629312914636225,0.011377512898029445,3.775106524415257,0.013353776702248523,3.775106524415257,0.013353776702248523,17.09179583318324,0.0751665525632596,0.4996708429896558,3.7348686864745344e-10,13.0,9392.0923828125,112.09664210842227,418.6171896440326,646.0056308904022,6.0
2457971.924043896,4.095155708310734,0.008830706886960875,3.7007682537687083,0.01057150230821223,3.7007682537687083,0.01057150230821223,16.775572474636398,0.066673288455295,0.6726058057693898,2.0499243948570657e-10,13.0,23900.249609375,156.84764260493773,418.6171896440326,646.0056308904022,6.0
2457973.951682822,4.602649448985095,0.04153882098607702,4.257402446949697,0.047304215318028045,4.257402446949697,0.047304215318028045,19.14340713797715,0.207196068204907,0.6655310622718331,2.0320018215947478e-10,13.0,9022.623046875,81.00348491903434,418.6171896440326,646.0056308904022,4.0
2457976.0959006054,4.277642859283656,0.007229989527937556,3.9009255757343584,0.010177742065666998,3.9009255757343584,0.010177742065666998,17.6270103684591,0.0655687068208589,0.6323776337350215,3.8147266159289875e-10,13.0,3349.4853515625,50.37392066855221,418.6171896440326,646.0056308904022,4.0
2457977.923148304,4.2939990787848625,0.005923982848216441,3.9188655626068014,0.009303191904855157,3.9188655626068014,0.009303191904855157,17.703324262389504,0.063177043881524,0.6634501990703622,3.0401918217697757e-10,13.0,1853.9164306640623,36.79189465004234,418.6171896440326,646.0056308904022,4.0
2457978.1071522324,4.2725387325434845,0.009175984298089537,3.8953272180755336,0.011870771507632265,3.8953272180755336,0.011870771507632265,17.60319583193811,0.0705309685854152,0.5105068227241729,3.663433022133988e-10,13.0,2876.842919921875,55.01980517185129,418.6171896440326,646.0056308904022,4.0
2457979.937498038,4.322265126879019,0.007362105713910325,3.949868602869718,0.010790084280252691,3.949868602869718,0.010790084280252691,17.83520633916953,0.0673252279433783,0.6550486139771023,2.660990712543405e-10,13.0,1659.8440185546874,41.73050588561843,418.6171896440326,646.0056308904022,4.0
2457980.9492272763,4.270362423882255,0.006297092598702772,3.892940178160233,0.009320579690525055,3.892940178160233,0.009320579690525055,17.593041738058375,0.0632192378402408,0.6253809319109367,3.8142361496382557e-10,13.0,1725.9469726562502,43.39109641132027,418.6171896440326,646.0056308904022,4.0
2457984.978362321,4.2896668709335115,0.0067946573173935185,3.914113868489699,0.009944072854566206,3.914113868489699,0.009944072854566206,17.683111299948642,0.0649187544414906,0.6311771103752162,3.814566909208295e-10,13.0,1702.995849609375,43.44183145102686,418.6171896440326,646.0056308904022,4.0
2457985.925436194,4.2866637309852145,0.005760130841263894,3.910819935484913,0.009087675501669537,3.910819935484913,0.009087675501669537,17.669099424927303,0.0626054849965781,0.6604682236545745,2.7362099102644216e-10,13.0,1956.7356201171876,36.80438023192992,418.6171896440326,646.0056308904022,4.0
2457987.9669473832,4.28912747561886,0.007218962541302942,3.9135222437035937,0.01029156430224887,3.9135222437035937,0.01029156430224887,17.68059462078413,0.0658913670218586,0.6453308828199361,1.8980984032702058e-10,13.0,1656.5144531249998,48.29968167507423,418.6171896440326,646.0056308904022,4.0
2457989.0338200866,4.317513053816365,0.008601468622934995,3.9446563881305714,0.01179044386543011,3.9446563881305714,0.01179044386543011,17.813034394141148,0.0702943998372837,0.6431203224700229,2.4023018965640885e-10,13.0,1820.465966796875,51.46700863933516,418.6171896440326,646.0056308904022,4.0
2457989.078452483,4.246655591114646,0.006473283179241159,3.866937820549004,0.009216928032276417,3.866937820549004,0.009216928032276417,17.48243178194231,0.0629400410129773,0.5860276049939637,3.791559061623658e-10,13.0,2013.2992431640623,47.72100336068876,418.6171896440326,646.0056308904022,4.0
2457990.97068101,4.3067474342281775,0.007505941383875374,3.932848337127615,0.010729369268282628,3.932848337127615,0.010729369268282628,17.76280479485707,0.0671463508739008,0.638047434676077,3.8092332640919496e-10,13.0,1727.210986328125,45.50432081108104,418.6171896440326,646.0056308904022,4.0
2457991.9481014884,4.665526002965308,0.6752036810072248,4.3263673170351264,0.740716593954543,4.3263673170351264,0.740716593954543,19.43677289225804,3.151280024967036,0.0148255197481957,2.424997761002785e-10,13.0,1571.0738037109377,21.322903722668556,418.6171896440326,646.0056308904022,6.0
2457996.026242438,4.252175315900338,0.008958064550044352,3.8729920184758226,0.011493864003291923,3.8729920184758226,0.011493864003291923,17.508185391557856,0.0693892296742775,0.6018825576923447,3.7884758663884444e-10,13.0,8054.64560546875,69.8859023561871,418.6171896440326,646.0056308904022,4.0
2457997.008796168,4.347301550174809,0.015968109437525788,3.977329294824009,0.019097817917482857,3.977329294824009,0.019097817917482857,17.95201982113892,0.0950077060706151,0.6521896752093707,3.6645675041379415e-10,13.0,18610.554296875,91.8638980914444,418.6171896440326,646.0056308904022,4.0
2457998.017639742,4.306729135669292,0.010652675678828388,3.93282826672527,0.013559379810411262,3.93282826672527,0.013559379810411262,17.762719418509448,0.0758448950748349,0.6500586204050014,2.2814732337181926e-10,13.0,10184.4130859375,70.78618495254769,418.6171896440326,646.0056308904022,4.0
2457998.8872401435,4.30355847039442,0.008548259327903027,3.929350586971471,0.01159665495580809,3.929350586971471,0.01159665495580809,17.747925913600973,0.0697060223929025,0.6411983744404574,2.464554480859128e-10,13.0,6019.9380859375,54.876571290309,418.6171896440326,646.0056308904022,4.0
2458000.033089136,4.295083550147725,0.026592519805342624,3.9200550429761414,0.029921923558553262,3.9200550429761414,0.029921923558553262,17.70838412555348,0.1364780008424231,0.4811177731082037,3.7311097633267934e-10,13.0,14584.41484375,144.70438057468408,418.6171896440326,646.0056308904022,6.0
2458000.9499369618,4.314547676780804,0.010007053289976163,3.94140387460898,0.013028247736966703,3.94140387460898,0.013028247736966703,17.799198711113128,0.0741425627392076,0.6374638052705891,3.6439295959754455e-10,13.0,5347.979687499999,62.19273554515078,418.6171896440326,646.0056308904022,4.0
2458002.005881311,4.3239484715724394,0.00994215054009439,3.951714945277847,0.013060295707957054,3.951714945277847,0.013060295707957054,17.84306039055179,0.074246238251468,0.6268364409690632,2.0278546475907438e-10,13.0,6911.735253906249,57.90037681015835,418.6171896440326,646.0056308904022,4.0
2458003.018645769,4.3134274173555065,0.009698423023308467,3.9401751408308536,0.012733390864580913,3.9401751408308536,0.012733390864580913,17.79397187009706,0.0732095556050373,0.6029901106742778,2.9759710699122837e-10,13.0,6450.613085937501,56.86221082743909,418.6171896440326,646.0056308904022,4.0
2458003.921357082,4.300125210201257,0.007560906494470951,3.925584885319541,0.010701955070647546,3.925584885319541,0.010701955070647546,17.731907208655297,0.0670659012031637,0.6313598138727192,2.1304778513283992e-10,13.0,2723.8037109375,47.22168957589431,418.6171896440326,646.0056308904022,4.0
2458004.9872109257,4.26905936678938,0.0076833690715008805,3.8915109464763162,0.010484288419945845,3.8915109464763162,0.010484288419945845,17.586962010358246,0.0664355823380058,0.5933072168755044,3.6941529104922304e-10,13.0,2828.91796875,53.096204266150735,418.6171896440326,646.0056308904022,4.0
2458013.0176635017,4.251312290441847,0.006722875736702808,3.8720454265451645,0.009475226010716084,3.8720454265451645,0.009475226010716084,17.504158737764563,0.0636309545296653,0.5825146305204224,3.7035667276097276e-10,13.0,1992.825634765625,48.4251152942536,418.6171896440326,646.0056308904022,4.0
2458013.8960405,4.248404733720045,0.006318438732510968,3.8688563320593534,0.009104481512267212,3.8688563320593534,0.009104481512267212,17.49059282938042,0.0626434390452748,0.5958104496242977,3.3464746172706004e-10,13.0,1987.198388671875,46.7486447164257,418.6171896440326,646.0056308904022,4.0
2458016.9717611084,4.299964979268526,0.008117818776002267,3.925409139278131,0.011180275706988478,3.925409139278131,0.011180275706988478,17.731159612525037,0.0684633363330497,0.5884656513296791,1.980997542027908e-10,13.0,2043.3795654296875,47.960661549370855,418.6171896440326,646.0056308904022,4.0
2458018.9094225457,4.3067712659774315,0.00763104785624266,3.932874476497337,0.010835283688593994,3.932874476497337,0.010835283688593994,17.762915987641243,0.0674534104530163,0.5913007471451888,2.2078122331753432e-10,13.0,1780.919580078125,42.91103563920555,418.6171896440326,646.0056308904022,4.0
2458020.964319032,0.0,0.0,0.0,0.0,0.0,0.0,0.0,0.0,0.0,0.0,13.0,0.0,0.0,0.0,0.0,5.0
2458022.8951745387,4.325285684143022,0.014338223079156196,3.953181639703182,0.017301120366892495,3.953181639703182,0.017301120366892495,17.849299478885527,0.0885574990953838,0.4691193282905553,3.814333856090279e-10,13.0,5126.983203125,64.61392674931965,418.6171896440326,646.0056308904022,4.0
2458027.9502519,-2162.00417823741,-2162.00417823741,-2162.00417823741,-2162.00417823741,-2162.00417823741,-2162.00417823741,0.0,0.0,0.3388970344736707,-9999.99,13.0,-9999.99,-9999.99,-9999.99,-9999.99,5.0
2458033.933005056,4.271791409564964,0.00699806935715443,3.8945075320580473,0.009918747811219708,3.8945075320580473,0.009918747811219708,17.599709016020153,0.0648455667500976,0.5616806125228361,3.0560010618652717e-10,13.0,3118.368359375,43.71171596229897,418.6171896440326,646.0056308904022,4.0
2458036.9419499463,4.281474803479863,0.013341088587285345,3.905128565830621,0.015989036280438136,3.905128565830621,0.015989036280438136,17.644889229947534,0.0839699020706617,0.2529901380498707,3.1698764914282673e-10,13.0,1836.5798583984372,38.358324697662354,418.6171896440326,646.0056308904022,4.0
2458039.929320537,4.238669340732276,0.006738557011580711,3.858178264160733,0.009366574121443757,3.858178264160733,0.009366574121443757,17.445170001215,0.0633374618836172,0.5740921343346118,3.6824037494990835e-10,13.0,2278.37919921875,51.09427640130826,418.6171896440326,646.0056308904022,4.0
2458041.93417196,4.458619041269122,0.07949073094582676,4.099425622080928,0.08773337513278948,4.099425622080928,0.08773337513278948,18.471398471403635,0.3764467632781658,0.0522193205691317,3.100803472338858e-10,13.0,1373.80712890625,21.256644159947683,418.6171896440326,646.0056308904022,4.0
2458044.9038606347,4.318144130194713,0.007302253657213601,3.945348571427711,0.010691905332919971,3.945348571427711,0.010691905332919971,17.81597883345952,0.0670403592323696,0.595680274935007,1.9766579223022399e-10,13.0,2049.684716796876,38.21415948188725,418.6171896440326,646.0056308904022,4.0
2458178.2067662235,4.283530239815002,0.008889170010260598,3.907383029392135,0.01170630747522656,3.907383029392135,0.01170630747522656,17.65447936478579,0.0700334980250044,0.4828222255040421,3.792548691216181e-10,13.0,3644.734326171875,47.35451374600445,418.6171896440326,646.0056308904022,4.0
2458187.2872099024,4.336872454920078,0.01905730729959833,3.965890353695377,0.022181233215278578,3.965890353695377,0.022181233215278578,17.90336035744068,0.1064392458417359,0.5239700484513751,3.7710424638539115e-10,13.0,9129.3349609375,93.07472393567022,418.6171896440326,646.0056308904022,4.0
2458195.280987245,4.299433330793317,0.006949609293878993,3.9248260114553903,0.010183203461596643,3.9248260114553903,0.010183203461596643,17.728679078111664,0.0655878882449494,0.5327072239998653,3.807639788552146e-10,13.0,1864.9714599609372,35.334549532209806,418.6171896440326,646.0056308904022,4.0
2458202.2985629165,4.31239514773875,0.008197945189024749,3.9390429168855805,0.011383213978264174,3.9390429168855805,0.011383213978264174,17.789155566792072,0.0690680987093082,0.4908149002042002,3.474216679641508e-10,13.0,2153.3693359375,37.43819364769335,418.6171896440326,646.0056308904022,4.0
2458207.2613346498,4.303256185163466,0.00908448341664957,3.9290190315607187,0.012074143411712503,3.9290190315607187,0.012074143411712503,17.746515528820428,0.0711578764925986,0.5351491810542269,2.4585389097575817e-10,13.0,2446.740771484375,48.98650340114802,418.6171896440326,646.0056308904022,4.0
2458208.2093710857,4.326425164667894,0.009778458703096812,3.9544314557536504,0.012935719030696203,3.9544314557536504,0.012935719030696203,17.85461600058569,0.0738510111936887,0.5364081626085319,2.3008523993154837e-10,13.0,3365.749072265625,47.652198489985686,418.6171896440326,646.0056308904022,4.0
2458210.113092556,4.289338645744045,0.0243183423926426,3.913753861362759,0.02747221783241575,3.913753861362759,0.02747221783241575,17.68157988602427,0.1268146241504203,0.1575990255882209,3.666820168692925e-10,13.0,2363.774072265625,43.24511713970751,418.6171896440326,646.0056308904022,4.0
2458210.1377274003,4.405692475675997,0.037591129165375256,4.041374194495592,0.04214396812963944,4.041374194495592,0.04214396812963944,18.224456791972376,0.1859241831264051,0.1502876088606657,3.1194043749772897e-10,13.0,2917.8653320312496,38.52745724766614,418.6171896440326,646.0056308904022,4.0
2458210.1793339616,4.353648350419581,0.019091855253017743,3.9842906536554206,0.022322434480803212,3.9842906536554206,0.022322434480803212,17.981632351139588,0.1069744614108329,0.1678772503436514,2.4763516813856277e-10,13.0,2005.382421875,25.914764786952446,418.6171896440326,646.0056308904022,4.0
2458210.224426634,4.352310243819575,0.038593049068362154,3.9828229786320906,0.04302592398063943,3.9828229786320906,0.04302592398063943,17.97538909149558,0.1895393713240166,0.1164164370367068,1.7140020588439135e-10,13.0,2560.957861328125,38.627791308390165,418.6171896440326,646.0056308904022,4.0
2458210.2789684776,0.0,0.0,0.0,0.0,0.0,0.0,0.0,0.0,0.0,0.0,13.0,0.0,0.0,0.0,0.0,5.0
2458211.3024124303,4.321457940837565,0.01023833445793405,3.9489832572685395,0.013308623122540652,3.9489832572685395,0.013308623122540652,17.831440217667858,0.0750394875466337,0.5184498159510244,3.7514252909978255e-10,13.0,3461.5238769531247,49.78317452144022,418.6171896440326,646.0056308904022,4.0
2458211.306309173,4.2968074806605685,0.015038852407233308,3.921945901115283,0.017806380204610187,3.921945901115283,0.017806380204610187,17.716427539882257,0.0903474852206608,0.1673539016372241,3.5062196193557903e-10,13.0,1386.1988037109377,25.917005181270014,418.6171896440326,646.0056308904022,4.0
2458212.123865528,4.247244542046643,0.014490053592283475,3.867583799406636,0.01694815942274897,3.867583799406636,0.01694815942274897,17.485179674812752,0.0873035156468565,0.1468811239096598,3.478257185981194e-10,13.0,2414.03232421875,27.51908042059644,418.6171896440326,646.0056308904022,4.0
2458212.1391371954,4.315364251579752,0.03204832439768733,3.942299518077962,0.03584826528979658,3.942299518077962,0.03584826528979658,17.80300863813132,0.1602492968697789,0.1487908208068574,3.7923693933701566e-10,13.0,2643.134765625,48.58128147305605,418.6171896440326,646.0056308904022,4.0
2458212.1901038075,-2162.00417823741,-2162.00417823741,-2162.00417823741,-2162.00417823741,-2162.00417823741,-2162.00417823741,0.0,0.0,0.1514008596699916,-9999.99,13.0,-9999.99,-9999.99,-9999.99,-9999.99,5.0
2458214.306679128,4.274190488388424,0.01636503736301938,3.8971389128973444,0.019030447509307595,3.8971389128973444,0.019030447509307595,17.61090249791556,0.0947527303651278,0.5322994567629925,2.2988162723455487e-10,13.0,11760.395703125,106.75164649301276,418.6171896440326,646.0056308904022,4.0
2458215.237782547,4.663330223512697,0.09541803344281681,4.323958920978097,0.1055893422496698,4.323958920978097,0.1055893422496698,19.42652795269675,0.4518718221018403,0.5253838878451143,3.34493607323842e-10,13.0,18983.9515625,117.42955947804992,418.6171896440326,646.0056308904022,4.0
2458215.296808092,4.864105551634397,0.21335925762479166,4.544175258289302,0.23473203557533054,4.544175258289302,0.23473203557533054,20.3632937556374,0.9997444512320326,0.5207952513665163,3.799365001092503e-10,13.0,19495.853515625,110.41148990409064,418.6171896440326,646.0056308904022,4.0
2458223.104252772,4.249768321217347,0.011434708935033422,3.8703519552869134,0.013871438701228391,3.8703519552869134,0.013871438701228391,17.49695497630725,0.0768511807314856,0.1298957457692752,3.3768667159638745e-10,13.0,577.3308715820312,17.413807026546472,418.6171896440326,646.0056308904022,4.0
2458223.139060292,4.257291259650974,0.013533462622552696,3.8786033373823585,0.01602780067489157,3.8786033373823585,0.01602780067489157,17.53205506319629,0.0841005621521499,0.1355477020868805,3.60817424029167e-10,13.0,563.4667236328125,21.87191071431273,418.6171896440326,646.0056308904022,4.0
2458224.1691528247,4.320121466178067,0.008904717962435773,3.947517372205983,0.012085704320355443,3.947517372205983,0.012085704320355443,17.82520457223659,0.0711964788347563,0.4969469975057637,2.4266124624776244e-10,13.0,1649.512744140625,40.4806996012106,418.6171896440326,646.0056308904022,4.0
2458226.0741122323,4.259530741323157,0.013011106323283799,3.881059667330553,0.015512783133998313,3.881059667330553,0.015512783133998313,17.542503906021953,0.0823347443513361,0.1271453266092838,3.7709461831224605e-10,13.0,506.47133178710936,18.98433081414108,418.6171896440326,646.0056308904022,4.0
2458227.136232087,4.398537797812976,0.09179340585800862,4.033526731521054,0.10104713086531715,4.033526731521054,0.10104713086531715,18.191074913751407,0.4326542492637915,0.0221681089414926,3.381109261648367e-10,13.0,358.8180847167969,11.26777646795195,418.6171896440326,646.0056308904022,4.0
2458227.1394212698,4.285406668731269,0.021783807343834945,3.9094411523050954,0.024764337959617334,3.9094411523050954,0.024764337959617334,17.663234297261063,0.1162853782627246,0.0642165608279997,3.8122907577119615e-10,13.0,448.2564758300781,13.170448245541174,418.6171896440326,646.0056308904022,4.0
2458228.094244939,4.39428302325042,0.029656387945080173,4.02885996853271,0.033621100207615315,4.02885996853271,0.033621100207615315,18.17122323502817,0.1512701751363932,0.0741286766904925,3.8141327023555004e-10,13.0,432.2890808105469,12.847180761736062,418.6171896440326,646.0056308904022,4.0
2458228.1079536704,4.30624506160685,0.020052099088149943,3.9322973199300866,0.023042226334623557,3.9322973199300866,0.023042226334623557,17.76046085401336,0.1096952421229453,0.1168868357831523,3.671145527959321e-10,13.0,462.1920043945312,22.99673183980945,418.6171896440326,646.0056308904022,4.0
2458228.2504742485,4.326185807086608,0.015776628149666697,3.9541689212562523,0.018753025977101764,3.9541689212562523,0.018753025977101764,17.853499219958707,0.0937533377438478,0.1530926217156784,2.3156173989466692e-10,13.0,463.9397888183594,21.20071401398413,418.6171896440326,646.0056308904022,4.0
2458228.3026922354,4.316643346878318,0.012163972963823464,3.9437024677548838,0.01509277555742915,3.9437024677548838,0.01509277555742915,17.808976566290664,0.0809179889707759,0.1533741701359099,1.7539690871853495e-10,13.0,473.8175476074218,15.709099838714916,418.6171896440326,646.0056308904022,4.0
2458228.3130697017,4.301091265606677,0.015333539949504846,3.9266444835531047,0.018133960539258198,3.9266444835531047,0.018133960539258198,17.736414573559188,0.0915194725224749,0.1529322760160769,2.3269194572797119e-10,13.0,522.8765014648437,23.424955156548243,418.6171896440326,646.0056308904022,4.0
2458229.0909497766,4.299024116926289,0.011071391961467118,3.924377173543796,0.013891050610543555,3.924377173543796,0.013891050610543555,17.72676979194435,0.0769220595013022,0.1485666197713519,3.677264800436706e-10,13.0,534.1227783203125,14.57938400513754,418.6171896440326,646.0056308904022,4.0
2458229.1010831865,4.301361199940484,0.011834989479606565,3.926940555539945,0.014647710592752154,3.926940555539945,0.014647710592752154,17.737674017412747,0.0794217270155672,0.1466545096497037,3.7359481019667824e-10,13.0,530.6342529296875,15.586041028138627,418.6171896440326,646.0056308904022,4.0
2458229.139895912,4.295999464042338,0.01396589037615887,3.921059644512851,0.01671645401064819,3.921059644512851,0.01671645401064819,17.712657543123953,0.0864972539432887,0.1533184996886927,2.4564064103231287e-10,13.0,480.27650146484376,21.461566364628435,418.6171896440326,646.0056308904022,4.0
2458229.187922344,4.315801039321223,0.013932723294001668,3.942778599833221,0.01682588019293085,3.942778599833221,0.01682588019293085,17.805046576872012,0.0868832231127543,0.1519119641306669,2.4968704153464347e-10,13.0,476.7209899902344,18.9319771306128,418.6171896440326,646.0056308904022,4.0
2458230.0874679354,4.2947887836580545,0.013145344439302351,3.9197317343439253,0.01588700920357613,3.9197317343439253,0.01588700920357613,17.707008821277,0.0836205831782723,0.142320824268519,3.804872146885464e-10,13.0,514.3767822265625,18.16439605337287,418.6171896440326,646.0056308904022,4.0
2458230.191630796,4.281267181315061,0.010366156978515641,3.904900839679681,0.013067406398610048,3.904900839679681,0.013067406398610048,17.643920518573797,0.0742617024714356,0.147858859905226,3.03502419361819e-10,13.0,451.18977661132806,14.741436720814066,418.6171896440326,646.0056308904022,4.0
2458230.247146501,4.27562004917667,0.01272982083348035,3.8987068975879753,0.0153368700347787,3.8987068975879753,0.0153368700347787,17.617572459171168,0.0817382265728351,0.1448941719697398,3.8053359108758906e-10,13.0,470.15778198242185,19.8919441371669,418.6171896440326,646.0056308904022,4.0
2458230.2597290413,4.3103285280469015,0.007616479346448817,3.936776187086596,0.01086299713263596,3.936776187086596,0.01086299713263596,17.77951325330108,0.0675346976976655,0.45385866264149,3.6872840499401654e-10,13.0,1485.7685058593752,31.565844838197357,418.6171896440326,646.0056308904022,4.0
2458230.2792908624,4.290788030488134,0.01175568704692443,3.9153435895563753,0.01448627475515099,3.9153435895563753,0.01448627475515099,17.68834234073555,0.0788825036362394,0.1409056989110182,3.8098929836799346e-10,13.0,489.6222534179688,15.626203235281698,418.6171896440326,646.0056308904022,4.0
2458231.066056675,4.304007210409902,0.014766124857225883,3.9298427783355105,0.01757807576634545,3.9298427783355105,0.01757807576634545,17.750019618563858,0.0895358311515162,0.1414641626033279,3.812231763654039e-10,13.0,590.4409057617188,19.982250548833072,418.6171896440326,646.0056308904022,4.0
2458231.129090583,4.279823343532754,0.011672497902259268,3.9033171955583335,0.014320596949031789,3.9033171955583335,0.014320596949031789,17.63718394455291,0.0783315931418538,0.1491332961958365,3.7986767867657234e-10,13.0,491.9077026367188,17.962868798573066,418.6171896440326,646.0056308904022,4.0
2458231.149282176,4.313308502786864,0.008192932808817615,3.940044711803524,0.011388835618653066,3.940044711803524,0.011388835618653066,17.79341704544596,0.0690850400753249,0.4630001275005889,3.7357196348114895e-10,13.0,1483.6252197265626,34.92834481658367,418.6171896440326,646.0056308904022,4.0
2458232.087496161,4.315996392015589,0.012747573148537777,3.9429928684649287,0.01565628247071641,3.9429928684649287,0.01565628247071641,17.805958042067,0.08283262894996,0.1579198301033618,1.762252519064429e-10,13.0,621.8447021484375,17.599236070136484,418.6171896440326,646.0056308904022,4.0
2458232.1256465064,4.304909071276492,0.015544918043413368,3.930831966094102,0.018374009816091573,3.930831966094102,0.018374009816091573,17.754227468336712,0.0923823051669782,0.1453085403824849,3.779270500835785e-10,13.0,549.5335327148438,21.97408008660964,418.6171896440326,646.0056308904022,4.0
2458232.181639678,4.29383282169861,0.017842520425247067,3.9186832069014006,0.020670880788289197,3.9186832069014006,0.020670880788289197,17.702548549784005,0.1007820126362844,0.1053875512755794,2.0209285680348534e-10,13.0,508.09503784179685,18.68590824458269,418.6171896440326,646.0056308904022,4.0
2458232.22093698,4.317366310640132,0.010211328982069305,3.9444954358607007,0.013244340727042734,3.9444954358607007,0.013244340727042734,17.812349728397628,0.0748326605581276,0.4908793720022452,2.3027244158973757e-10,13.0,1631.6985107421874,47.855340440092085,418.6171896440326,646.0056308904022,4.0
2458232.299315458,4.296475343749006,0.010395142873022789,3.9215816034954774,0.013225042391174951,3.9215816034954774,0.013225042391174951,17.714877874873324,0.0747673093586806,0.1645043761196645,2.0564170279929908e-10,13.0,536.58662109375,15.5162415233278,418.6171896440326,646.0056308904022,4.0
2458232.316706568,4.314039243581302,0.016108054600979495,3.940846209989482,0.019007520174189278,3.940846209989482,0.019007520174189278,17.796826493177647,0.0946744372359454,0.1622333177031992,1.5643483223376462e-10,13.0,609.2922485351562,24.93718342379109,418.6171896440326,646.0056308904022,4.0
2458235.053001624,4.1783450396472,0.014179055037102425,3.7920127807814112,0.016313881282925942,3.7920127807814112,0.016313881282925942,17.163712399469514,0.0850836987771491,0.1343180633326108,3.812551688595617e-10,13.0,1290.4099365234374,33.88582449195741,418.6171896440326,646.0056308904022,6.0
2458235.074016585,4.1953515091673745,0.01618392947389151,3.810665981168949,0.01847984370451646,3.810665981168949,0.01847984370451646,17.243060191971168,0.0927528389323791,0.1381161637634497,3.774174191604024e-10,13.0,1227.6087890625,37.37545782564206,418.6171896440326,646.0056308904022,6.0
2458235.1108197374,4.254410590404782,0.013945009088856822,3.8754437338776064,0.016429857431263392,3.8754437338776064,0.016429857431263392,17.518614604825935,0.0854926268330694,0.1631036182551691,3.483900470056053e-10,13.0,994.42001953125,28.56014724987444,418.6171896440326,646.0056308904022,4.0
2458235.138239889,4.255944547992916,0.008877379067830274,3.877126224076028,0.011449765821616215,3.877126224076028,0.011449765821616215,17.525771654574868,0.0692576857313592,0.4622674147470025,3.8145815399354246e-10,13.0,2295.515966796875,51.76164785324234,418.6171896440326,646.0056308904022,4.0
2458237.0945292534,4.329456480581207,0.02221243705057847,3.957756292992906,0.025429643369981866,3.957756292992906,0.025429643369981866,17.86875933737944,0.1188599722589112,0.1565064430200602,3.2196043958636377e-10,13.0,1712.3285888671876,32.20032768542247,418.6171896440326,646.0056308904022,4.0
2458237.1226016586,4.302430004620207,0.017590923865257783,3.9281128522263535,0.02045902965751407,3.9281128522263535,0.02045902965751407,17.74266078388129,0.0999977634535544,0.1598738747493089,3.7985396396688866e-10,13.0,1497.037109375,28.820043503914324,418.6171896440326,646.0056308904022,4.0
2458237.178245474,4.288865448170142,0.01565631939861046,3.9132348442229303,0.018386175991847067,3.9132348442229303,0.018386175991847067,17.679372068413333,0.0924239939440998,0.1612081461753057,3.4256261384279916e-10,13.0,1076.041748046875,27.205865325898383,418.6171896440326,646.0056308904022,4.0
2458237.2165747806,4.263977572582851,0.014786639741808558,3.8859370838030456,0.017346628311175213,3.8859370838030456,0.017346628311175213,17.563251671668752,0.0887101811007888,0.1556626751342276,3.81471777051208e-10,13.0,935.1888793945312,27.707732436073133,418.6171896440326,646.0056308904022,4.0
2458237.2685192404,4.406924237286567,0.028733150791101482,4.042725227179028,0.03270704002879237,4.042725227179028,0.03270704002879237,18.230203873374023,0.1476010531969399,0.1676452813758069,3.7513184792844366e-10,13.0,2202.530712890625,31.94881176924788,418.6171896440326,646.0056308904022,4.0
2458238.043073653,4.3690470069361975,0.02956499477903251,4.001180357033453,0.033405100967367624,4.001180357033453,0.033405100967367624,18.053478503607348,0.1503987999934661,0.1708383551223728,3.7982627021805887e-10,13.0,3100.540869140625,40.335387660489005,418.6171896440326,646.0056308904022,4.0
2458238.0741538,4.2558521185305525,0.018953696355585203,3.8770248446991307,0.021643757434964828,3.8770248446991307,0.021643757434964828,17.52534040258621,0.1044084653263565,0.1734728399659863,3.7759949862293915e-10,13.0,3781.603759765625,42.66929470409477,418.6171896440326,646.0056308904022,4.0
2458238.108862955,4.33256099670573,0.02326016250072547,3.9611614183958226,0.026548238027067923,3.9611614183958226,0.026548238027067923,17.88324420744459,0.1232066373230717,0.1716729305432956,3.782430359965608e-10,13.0,3471.2421875,36.92269035607842,418.6171896440326,646.0056308904022,4.0
2458238.143581942,4.303699036391032,0.019760595067483955,3.9295047639274427,0.02272376611129944,3.9295047639274427,0.02272376611129944,17.748581758220492,0.1084861782821837,0.1737482522139021,3.7792272361983665e-10,13.0,2096.160888671875,35.81742416254026,418.6171896440326,646.0056308904022,4.0
2458238.193940623,4.280230557189682,0.014016857344055304,3.903763839580142,0.016661946724974272,3.903763839580142,0.016661946724974272,17.63908389825674,0.0863046326580949,0.1697085111792238,3.787572032227631e-10,13.0,1381.000341796875,26.363061516901887,418.6171896440326,646.0056308904022,4.0
2458239.07829174,4.23314487748674,0.020510019862021535,3.8521188689505568,0.023199538992660695,3.8521188689505568,0.023199538992660695,17.41939428317018,0.1102867602589229,0.167681884441628,3.6948620085835375e-10,13.0,4864.0625,49.754301232023415,418.6171896440326,646.0056308904022,4.0
2458240.1990045225,0.0,0.0,0.0,0.0,0.0,0.0,0.0,0.0,0.0,0.0,13.0,0.0,0.0,0.0,0.0,5.0
2458240.2759837145,0.0,0.0,0.0,0.0,0.0,0.0,0.0,0.0,0.0,0.0,13.0,0.0,0.0,0.0,0.0,5.0
2458240.307312266,0.0,0.0,0.0,0.0,0.0,0.0,0.0,0.0,0.0,0.0,13.0,0.0,0.0,0.0,0.0,5.0
2458245.0227076467,4.293658196362192,0.012937252594640122,3.9184916726509167,0.01567186278365662,3.9184916726509167,0.01567186278365662,17.701733793085484,0.082882523336645,0.2255058267215805,3.1012434848143604e-10,13.0,1368.5393310546874,30.84032310504052,418.6171896440326,646.0056308904022,4.0
2458245.0260002096,4.289193245227832,0.010580054567787295,3.913594381762236,0.013337977914151741,3.913594381762236,0.013337977914151741,17.680901484785466,0.0751283038474618,0.2235226644084324,3.0251676682533193e-10,13.0,1586.72939453125,24.46552689434345,418.6171896440326,646.0056308904022,4.0
2458245.033039453,4.233761055265405,0.01112344539998239,3.852794711021489,0.013457588009127547,3.852794711021489,0.013457588009127547,17.422269209472052,0.0755061147563761,0.2232813851816631,3.2713088894564625e-10,13.0,1976.3765380859368,34.43984388461999,418.6171896440326,646.0056308904022,4.0
2458245.040217804,4.2186632260554715,0.010379533190239789,3.8362349639596083,0.012625047681387436,3.8362349639596083,0.012625047681387436,17.351826639486905,0.0728561177615564,0.2182374202961796,3.13212138521358e-10,13.0,2246.6482421875,33.40681828532804,418.6171896440326,646.0056308904022,4.0
2458245.0433572745,4.225918451926805,0.013130170194100194,3.844192710973137,0.015438509358106488,3.844192710973137,0.015438509358106488,17.385677648734198,0.0820782375412949,0.2233889667575431,3.5732923299068637e-10,13.0,2322.48994140625,42.98125105727173,418.6171896440326,646.0056308904022,4.0
2458245.046643392,4.212977129862157,0.0129115517225123,3.829998284936317,0.015148143892228703,3.829998284936317,0.015148143892228703,17.325296783871874,0.0810922099747952,0.2242818286602188,3.76423648759221e-10,13.0,2391.859326171875,45.08566538425566,418.6171896440326,646.0056308904022,4.0
2458245.0503151338,4.208529382148968,0.013353880001809114,3.8251198632704364,0.015581477615335352,3.8251198632704364,0.015581477615335352,17.304544742289863,0.0825642047264753,0.2270418775016394,3.6061862861875535e-10,13.0,2459.6162109375,48.32853402084491,418.6171896440326,646.0056308904022,4.0
2458245.0537822843,4.194255832269197,0.011683687114039517,3.8094642102359835,0.01380163311758269,3.8094642102359835,0.01380163311758269,17.237948046674795,0.0766182153271525,0.2088373130188419,3.2969906704855237e-10,13.0,2534.655224609375,40.81832754440901,418.6171896440326,646.0056308904022,4.0
2458245.0576594896,4.228017569781357,0.013043410786931886,3.8464950857212608,0.015361014843786193,3.8464950857212608,0.015361014843786193,17.395471590255212,0.0818149078091868,0.2226832607372083,3.3324997950427317e-10,13.0,2582.11181640625,42.145639172552784,418.6171896440326,646.0056308904022,4.0
2458245.060724003,4.20082099526294,0.01027997338731112,3.8166650758097522,0.012421148548855798,3.8166650758097522,0.012421148548855798,17.2685794008397,0.0722175596616686,0.2232459442334813,3.6555905101809305e-10,13.0,2628.65595703125,36.913145298008025,418.6171896440326,646.0056308904022,4.0
2458245.064196796,4.208682458929125,0.009409389352343412,3.8252877624250265,0.01160969056086704,3.8252877624250265,0.01160969056086704,17.30525895899278,0.0697324511120573,0.2277371731093216,3.708106347605525e-10,13.0,2654.928271484375,32.80555544318948,418.6171896440326,646.0056308904022,4.0
2458245.071234248,4.213041630357951,0.011310090141579982,3.8300690309939696,0.013520732622439548,3.8300690309939696,0.013520732622439548,17.325597726519053,0.0757079754327259,0.2275205046403519,3.770911665568757e-10,13.0,2719.8150390625,39.627352875223536,418.6171896440326,646.0056308904022,4.0
2458245.074609208,4.191887916329943,0.011818979435945735,3.8068670097727537,0.013928375627020557,3.8068670097727537,0.013928375627020557,17.226899962744955,0.07703195886375,0.2301911315170229,3.5723436682511676e-10,13.0,2732.9216796875,46.317009908399896,418.6171896440326,646.0056308904022,4.0
2458245.078081751,4.213519665295853,0.009516526352754804,3.8305933538981645,0.011744972295189606,3.8305933538981645,0.011744972295189606,17.327828114020484,0.070141630535293,0.2301116719300314,3.655169033170899e-10,13.0,2745.0423828125,32.82541113907819,418.6171896440326,646.0056308904022,4.0
2458245.081553698,4.2066535289665445,0.009155025281923383,3.8230623718394376,0.011349396748781227,3.8230623718394376,0.011349396748781227,17.295792496039944,0.0689525243864392,0.232798453275587,3.8118540180650785e-10,13.0,2792.755419921875,32.88225860659396,418.6171896440326,646.0056308904022,4.0
2458245.0850286493,4.233032272767324,0.0122653558249559,3.851995360753082,0.014598385483770581,3.851995360753082,0.014598385483770581,17.418868898645172,0.079248467243908,0.2326235256227816,3.4508299293817133e-10,13.0,2811.186572265625,40.33974415652904,418.6171896440326,646.0056308904022,4.0
2458245.088509546,4.203941524878405,0.00927205558037383,3.8200877652846867,0.011446171661301139,3.8200877652846867,0.011446171661301139,17.283138985715887,0.0692411457963178,0.2327114136162475,3.7845454373612174e-10,13.0,2828.875,33.79568395708809,418.6171896440326,646.0056308904022,4.0
2458245.0919855074,4.201798669226781,0.010846613207605773,3.8177374176229386,0.012993184710387542,3.8177374176229386,0.012993184710387542,17.27314097493508,0.0740165765441195,0.2328507382084547,3.811662750938136e-10,13.0,2852.41865234375,40.709875385161645,418.6171896440326,646.0056308904022,4.0
2458245.095458478,4.202383030610585,0.010904852211342473,3.8183783625279313,0.013054833514627946,3.8183783625279313,0.013054833514627946,17.275867454159535,0.0742126555761862,0.2342131425819169,3.7836227951699e-10,13.0,2871.1833984375,41.13340229651288,418.6171896440326,646.0056308904022,4.0
2458245.107645064,4.18793158204692,0.008059189468229424,3.8025275849383533,0.010177451788784422,3.8025275849383533,0.010177451788784422,17.208440729252427,0.0655570888483395,0.5590194574476549,3.434158811145005e-10,13.0,7522.59384765625,77.95707277577661,418.6171896440326,646.0056308904022,4.0
2458245.2102177213,4.346246555050541,0.012238778876987507,3.9761721448677836,0.015423324831051407,3.9761721448677836,0.015423324831051407,17.94709748648791,0.082043277453678,0.2357192778356041,2.4915382373804777e-10,13.0,1443.08623046875,22.916560057645185,418.6171896440326,646.0056308904022,4.0
2458245.25178216,4.274317043503538,0.013351558587210806,3.897277722302756,0.015951563442620602,3.897277722302756,0.015951563442620602,17.611492971382265,0.0838399118574944,0.2221292715300344,3.795959581353064e-10,13.0,1488.9015625,34.59574070804174,418.6171896440326,646.0056308904022,4.0
2458245.2660621256,4.336166373690201,0.020378528603322385,3.965115902851526,0.023547774894106373,3.965115902851526,0.023547774894106373,17.900065964865465,0.1116246884300353,0.2227058167943972,2.782112947546467e-10,13.0,2800.8111816406254,41.49832942181385,418.6171896440326,646.0056308904022,4.0
2458245.30385411,4.354187118856872,0.025999590954585833,3.9848815908638384,0.029549411668554338,3.9848815908638384,0.029549411668554338,17.984146105456322,0.1350074595703125,0.2280945105174363,3.7668545783361636e-10,13.0,2884.361474609375,50.95420886588144,418.6171896440326,646.0056308904022,4.0
2458245.307665494,4.3736482376607,0.02001488923233506,4.006227123420308,0.02340251822690137,4.006227123420308,0.02340251822690137,18.074946657261872,0.1110759095976762,0.2264414794993167,3.8131064222883744e-10,13.0,2879.3783203125004,34.596768221738856,418.6171896440326,646.0056308904022,4.0
2458245.320082759,4.339652496129467,0.015782875123760632,3.9689395853835174,0.018855297156573192,3.9689395853835174,0.018855297156573192,17.916331311392458,0.0941258551674543,0.2269406655499188,3.7967760249306254e-10,13.0,2989.5887695312504,31.17042775548496,418.6171896440326,646.0056308904022,4.0
2458246.0227988563,4.314310145840548,0.01073113201644902,3.941143343625664,0.013701852041051505,3.941143343625664,0.013701852041051505,17.798090453121205,0.0763081012771601,0.2193003562016772,2.916034162777435e-10,13.0,705.5109741210938,21.127657965176784,418.6171896440326,646.0056308904022,4.0
2458246.0277516297,4.327332219063873,0.010362204576968563,3.9554263399293763,0.01348015876168098,3.9554263399293763,0.01348015876168098,17.85884808202472,0.0755925899649474,0.220714907557158,3.602859495288612e-10,13.0,702.174755859375,18.72718589926671,418.6171896440326,646.0056308904022,4.0
2458246.040034186,4.307078239880515,0.010643535974911734,3.9332111745828002,0.013553866560577641,3.9332111745828002,0.013553866560577641,17.76434824855444,0.075827119904804,0.2231486323279272,3.1722116145301007e-10,13.0,684.0147583007813,22.26992737382378,418.6171896440326,646.0056308904022,4.0
2458246.0434287176,4.293950669119955,0.010138346755907485,3.918812465449915,0.012960506209014901,3.918812465449915,0.012960506209014901,17.70309839540156,0.0739239081745823,0.2233354041540946,3.4407616568190846e-10,13.0,693.6430297851563,22.49044760295279,418.6171896440326,646.0056308904022,4.0
2458246.0468929303,4.331742831955536,0.010358638655143814,3.960264031021134,0.013520105240643452,3.960264031021134,0.013520105240643452,17.8794268621247,0.0757224020980031,0.2252273290769841,2.709268287640374e-10,13.0,702.6203491210938,18.728137248910308,418.6171896440326,646.0056308904022,4.0
2458246.049976968,4.294706143332147,0.009898401380948267,3.919641091982359,0.012742245232305452,3.919641091982359,0.012742245232305452,17.706623242869647,0.0732342128192626,0.2271487377122213,2.8410091080029786e-10,13.0,718.9584350585938,22.16800842499592,418.6171896440326,646.0056308904022,4.0
2458246.053846393,4.3254406301442,0.009987180691066482,3.9533515890748476,0.013116358071782633,3.9533515890748476,0.013116358071782633,17.850022416890724,0.074425134198466,0.2265496297340127,3.0629376101082736e-10,13.0,718.4712524414062,18.67761574832577,418.6171896440326,646.0056308904022,4.0
2458246.057720528,4.317907038956773,0.011991672399453056,3.9450885227229433,0.014936670951870451,3.9450885227229433,0.014936670951870451,17.81487262700499,0.0803923472176584,0.2297507573160987,2.0713234770936215e-10,13.0,784.1145141601562,25.316052699782308,418.6171896440326,646.0056308904022,4.0
2458246.060784069,4.3518202312847825,0.012774106297365837,3.9822855183442245,0.015986534020213446,3.9822855183442245,0.015986534020213446,17.973102819621936,0.0839725078385158,0.1976361518912941,3.639799448544188e-10,13.0,955.95126953125,18.914512647094835,418.6171896440326,646.0056308904022,4.0
2458246.0678165136,4.340152464967765,0.013507056075132565,3.9694879660404947,0.01659719873853458,3.9694879660404947,0.01659719873853458,17.91866403680567,0.0860876156668318,0.2275702121974351,3.2035281852577336e-10,13.0,981.0936889648438,25.84161478128927,418.6171896440326,646.0056308904022,4.0
2458246.071210062,4.345019044332291,0.01457853706076654,3.974825774689175,0.01769238284396918,3.974825774689175,0.01769238284396918,17.94137023865144,0.0899486538346604,0.2242550629155861,2.1498682984330864e-10,13.0,1124.962109375,27.21321086587267,418.6171896440326,646.0056308904022,4.0
2458246.074676072,4.380050625967627,0.020080008417012553,4.013249452887704,0.023511907926836648,4.013249452887704,0.023511907926836648,18.10481854679723,0.1114941414480533,0.2006018513805937,2.6918742894385766e-10,13.0,1255.035961914063,29.42241482485561,418.6171896440326,646.0056308904022,4.0
2458246.0958195943,4.3591809104792665,0.013654670165599157,3.990358929691606,0.016902715394473924,3.990358929691606,0.016902715394473924,18.007445846827103,0.0871600272246132,0.2326152997013837,2.1045308111955267e-10,13.0,1275.063037109375,24.22273982504274,418.6171896440326,646.0056308904022,4.0
2458246.102537305,4.359298600603786,0.016743178327830295,3.9904880157122955,0.01996702608534613,3.9904880157122955,0.01996702608534613,18.00799495853832,0.098189990182399,0.2328928292845908,2.1458729864055503e-10,13.0,1282.7523681640623,31.158453817963675,418.6171896440326,646.0056308904022,4.0
2458246.105930137,4.312866190637679,0.012315149277318254,3.9395595707139597,0.015208508246923848,3.9395595707139597,0.015208508246923848,17.791353331246317,0.081308534098355,0.2321042931298401,2.2080018540045654e-10,13.0,840.6006591796875,27.207987598743703,418.6171896440326,646.0056308904022,4.0
2458246.1263270094,4.378450418490331,0.010547855136816862,4.0114942978450765,0.014180370363870664,4.0114942978450765,0.014180370363870664,18.097352392183687,0.0778866138530466,0.5885675395327369,2.2802975753159382e-10,13.0,3231.8916992187496,43.61520693241218,418.6171896440326,646.0056308904022,4.0
2458246.2275332334,4.3194357246578114,0.011117192248336476,3.9467652305591705,0.014113160364101707,3.9467652305591705,0.014113160364101707,17.822005079490935,0.0776536066738644,0.2268764265848459,2.1574387439531176e-10,13.0,866.3215576171875,22.41730951010068,418.6171896440326,646.0056308904022,4.0
2458246.303410591,4.370003046085344,0.01844421581408617,4.002228969139933,0.02176903462538038,4.002228969139933,0.02176903462538038,18.05793913524756,0.1048930143304762,0.2133917488844738,2.4575716731929586e-10,13.0,1460.1134521484375,30.024909777231787,418.6171896440326,646.0056308904022,4.0
2458247.274617824,4.31838396806567,0.009788542210583784,3.9456116327210724,0.012864596306641319,3.9456116327210724,0.012864596306641319,17.81709785499401,0.0736243559787961,0.2327124725067537,2.786341974976617e-10,13.0,856.0110107421875,19.56068045381272,418.6171896440326,646.0056308904022,4.0
2458247.321380866,4.341490170513081,0.01341592181955558,3.9709552011751392,0.016519203189669217,3.9709552011751392,0.016519203189669217,17.92490542523211,0.0858159603156765,0.2335667809780109,1.3217299214587942e-10,13.0,1051.7554443359377,26.21126575628145,418.6171896440326,646.0056308904022,4.0
2458248.019523832,4.321466043201951,0.009782494525934986,3.9489921441822116,0.012889618953639697,3.9489921441822116,0.012889618953639697,17.831478021206514,0.0737040769738998,0.2343212797924409,3.467719879257933e-10,13.0,874.3653564453125,19.365123476046648,418.6171896440326,646.0056308904022,4.0
2458248.081849347,4.315346220314627,0.009084972670916234,3.9422797408513457,0.012196577951135917,3.9422797408513457,0.012196577951135917,17.802924508907324,0.0715368922548123,0.2432844575107363,2.2848243281931258e-10,13.0,734.8536987304688,18.92586935393883,418.6171896440326,646.0056308904022,4.0
2458248.1002134616,4.3037642880181215,0.007947679528253919,3.9295763338481864,0.011073077786414998,3.9295763338481864,0.011073077786414998,17.74888620545221,0.0681480489681085,0.5744383894077769,3.813716791113867e-10,13.0,1796.6256103515625,44.59695877115309,418.6171896440326,646.0056308904022,4.0
2458248.137395428,4.362206815250054,0.045960932528060716,3.9936778318291806,0.051025381882168826,3.9936778318291806,0.051025381882168826,18.02156393662801,0.2225748720581055,0.0499933314354768,2.491662721588829e-10,13.0,614.5285034179688,16.871712367089717,418.6171896440326,646.0056308904022,4.0
2458248.191809044,4.234932081270291,0.029984687551795446,3.854079127090457,0.03337786105167873,3.854079127090457,0.03337786105167873,17.427732914230962,0.1502782236769428,0.0448374660730638,1.5716098454372128e-10,13.0,928.0237426757812,17.077932120358707,418.6171896440326,646.0056308904022,4.0
2458248.2640900253,4.294967681271097,0.007154172193313085,3.919927954554182,0.010301830875081559,3.919927954554182,0.010301830875081559,17.707843511314348,0.0659214355243353,0.5250769677759529,2.4685154808233303e-10,13.0,2162.705712890625,37.11787076730352,418.6171896440326,646.0056308904022,4.0
2458248.2692853766,4.313851206967834,0.026202906155677053,3.940639965852388,0.029581798775652562,3.940639965852388,0.029581798775652562,17.795949162925737,0.1351313986392495,0.0927886967946132,2.3310794576300756e-10,13.0,1043.8554199218752,23.329967043832056,418.6171896440326,646.0056308904022,4.0
2458248.3214342115,4.524207078527023,0.15742356539048966,4.171364527480755,0.1730231614611406,4.171364527480755,0.1730231614611406,18.777415306041597,0.7376651949148062,0.037761200206925,3.563552033063298e-10,13.0,1377.366064453125,23.460866064256585,418.6171896440326,646.0056308904022,4.0
2458249.047187132,4.294625731181215,0.012274173210509356,3.91955289354922,0.015023932142933384,3.91955289354922,0.015023932142933384,17.706248060550994,0.0806823725604415,0.2229460799444476,3.8132932602628837e-10,13.0,823.692724609375,28.415950653749835,418.6171896440326,646.0056308904022,4.0
2458249.071497086,4.282307154339985,0.009870469192131704,3.9060415129516057,0.012606193460029442,3.9060415129516057,0.012606193460029442,17.648772763990806,0.0728049350394014,0.2221189516959499,3.8028473651263117e-10,13.0,811.4925415039063,23.033717667400232,418.6171896440326,646.0056308904022,4.0
2458249.113152588,4.243790537568754,0.009920555618841507,3.8637953448076905,0.01234576911634486,3.8637953448076905,0.01234576911634486,17.469064182394632,0.0719875895842949,0.2037780617642043,3.8147098641464565e-10,13.0,781.1467651367188,25.774246828725737,418.6171896440326,646.0056308904022,4.0
2458251.1609783256,4.309230569551014,0.007923051565305136,3.9355719136295635,0.011111550148704364,3.9355719136295635,0.011111550148704364,17.774390462659333,0.0682622879139658,0.5513488394977292,3.813692626375608e-10,13.0,1801.112646484375,41.25494113871878,418.6171896440326,646.0056308904022,4.0
2458252.2546089008,4.289837426496063,0.007373377515445382,3.9143009388914485,0.01043010905650301,3.9143009388914485,0.01043010905650301,17.683907068133877,0.0662845217832987,0.5492592333960646,3.6622239571055577e-10,13.0,2089.172119140625,41.71536349531955,418.6171896440326,646.0056308904022,4.0
2458254.088166139,4.263246598710191,0.006966022141560989,3.885135329969978,0.009803044882411401,3.885135329969978,0.009803044882411401,17.55984113645432,0.0645250555466943,0.5364717654220627,3.8068967949031134e-10,13.0,1741.6063720703123,43.70977522343097,418.6171896440326,646.0056308904022,4.0
2458264.0609874427,4.296815506911069,0.008591805664919006,3.9219547045449854,0.011566722473008152,3.9219547045449854,0.011566722473008152,17.71646498829319,0.0696147781597528,0.5666391647205565,3.8124482920009823e-10,13.0,2739.433642578125,50.2330178351839,418.6171896440326,646.0056308904022,4.0
2458265.060973905,4.333669282211094,0.00851185121892406,3.9623770188232728,0.01189048406342097,3.9623770188232728,0.01189048406342097,17.88841518124417,0.0706018622336241,0.6107536294187595,3.7632394792506e-10,13.0,3594.700439453125,44.05544803196862,418.6171896440326,646.0056308904022,4.0
2458291.894737011,0.0,0.0,0.0,0.0,0.0,0.0,0.0,0.0,0.0,0.0,13.0,0.0,0.0,0.0,0.0,5.0
2458291.9358928693,0.0,0.0,0.0,0.0,0.0,0.0,0.0,0.0,0.0,0.0,13.0,0.0,0.0,0.0,0.0,5.0
2458292.147802652,0.0,0.0,0.0,0.0,0.0,0.0,0.0,0.0,0.0,0.0,13.0,0.0,0.0,0.0,0.0,5.0
2458292.1852597087,0.0,0.0,0.0,0.0,0.0,0.0,0.0,0.0,0.0,0.0,13.0,0.0,0.0,0.0,0.0,5.0
2458292.227134347,0.0,0.0,0.0,0.0,0.0,0.0,0.0,0.0,0.0,0.0,13.0,0.0,0.0,0.0,0.0,5.0
2458293.157614268,0.0,0.0,0.0,0.0,0.0,0.0,0.0,0.0,0.0,0.0,13.0,0.0,0.0,0.0,0.0,5.0
2458294.1501387,4.512212183721209,0.021596110594949564,4.158208170943918,0.02605523911695546,4.158208170943918,0.02605523911695546,18.72145022622289,0.1213174126742315,1.0313808153259718,2.368236842770228e-10,13.0,7596.051171875,93.08141303568496,418.6171896440326,646.0056308904022,0.0
2458295.116179733,0.0,0.0,0.0,0.0,0.0,0.0,0.0,0.0,0.0,0.0,13.0,0.0,0.0,0.0,0.0,5.0
2458295.9792675064,0.0,0.0,0.0,0.0,0.0,0.0,0.0,0.0,0.0,0.0,13.0,0.0,0.0,0.0,0.0,5.0
2458296.139843529,0.0,0.0,0.0,0.0,0.0,0.0,0.0,0.0,0.0,0.0,13.0,0.0,0.0,0.0,0.0,5.0
2458300.015262944,4.411948471333795,0.017129707492887898,4.048235956161645,0.02076673130193948,4.048235956161645,0.02076673130193948,18.2536456512331,0.1011563779823807,0.8645063091398406,3.5787719173151707e-10,13.0,12356.115625,97.5222154005554,418.6171896440326,646.0056308904022,0.0
2458300.9567418,4.399868878766451,0.01818700370923626,4.0349867006068045,0.02172738303867509,4.0349867006068045,0.02172738303867509,18.19728539354405,0.104741729142362,0.7132710335263631,3.7996105920650127e-10,13.0,8452.3720703125,90.60953598736891,418.6171896440326,646.0056308904022,0.0
2458302.96608126,4.282477427263778,0.0061628853694163524,3.9062282733467786,0.009350876463081186,3.9062282733467786,0.009350876463081186,17.649567213456628,0.0633022030785259,0.9637031283879984,3.6920513437576117e-10,13.0,2278.1771484375,61.790206660524944,418.6171896440326,646.0056308904022,0.0
2458304.031938086,4.299418956414781,0.005620986753178606,3.9248102452104936,0.009143394541087976,3.9248102452104936,0.009143394541087976,17.728612010975592,0.0627545256478372,1.0080265505095158,1.5215483729601414e-10,13.0,2156.9884765625,51.21038030320696,418.6171896440326,646.0056308904022,0.0
2458305.947057778,4.265644883457066,0.006102532964567753,3.887765839842514,0.009110769004827875,3.887765839842514,0.009110769004827875,17.571030913393564,0.0626625881572504,0.951797468302576,3.7033555876570415e-10,13.0,2211.929833984375,66.13853231972192,418.6171896440326,646.0056308904022,0.0
2458309.9360522022,4.2969594498658,0.005644730612975922,3.922112585448826,0.009129504560220778,3.922112585448826,0.009129504560220778,17.717136588926735,0.0627174440471278,1.0074594503249616,3.812572932517164e-10,13.0,2090.172998046875,52.3308770104227,418.6171896440326,646.0056308904022,0.0
2458311.064298252,4.285484335054196,0.005301708126080161,3.909526339032605,0.008730590403947984,3.909526339032605,0.008730590403947984,17.66359666825574,0.0616789006836158,1.0154935514331624,2.462072656744661e-10,13.0,1869.960791015625,51.73247208084876,418.6171896440326,646.0056308904022,0.0
2458312.0598525265,4.2942152738508526,0.0053403050897428625,3.9191026917701435,0.00887071024676019,3.9191026917701435,0.00887071024676019,17.704332972705057,0.0620412610369467,1.019954907516401,2.3977338498359176e-10,13.0,1867.31328125,49.51993461486593,418.6171896440326,646.0056308904022,0.0
2458312.928867165,4.286255507318211,0.005130222908685988,3.910372183654085,0.008616395039111996,3.910372183654085,0.008616395039111996,17.667194758777445,0.06138777380779,1.006017938369279,3.8057713352578217e-10,13.0,2075.312890625,48.31787885431661,418.6171896440326,646.0056308904022,0.0
2458313.0476606307,4.282374768012753,0.0067181393545315184,3.906115673634142,0.009799022656799355,3.906115673634142,0.009799022656799355,17.649088231917343,0.0645171191407798,0.4682103203686965,3.700669146539554e-10,13.0,874.9084594726562,32.3094503419616,418.6171896440326,646.0056308904022,0.0
2458313.0654949658,4.164692346543977,0.0070848026470381,3.7770381018816073,0.009119181390571957,3.7770381018816073,0.009119181390571957,17.100012461151447,0.0626738747333857,0.4111506968848831,3.7993568508569316e-10,13.0,948.9915405273435,54.88237336337055,418.6171896440326,646.0056308904022,0.0
2458313.1054173755,4.292783814305539,0.005122785230600549,3.91753262446642,0.008696150222136819,3.91753262446642,0.008696150222136819,17.697654152339588,0.0615921723133393,1.0161015351269105,3.8142705123530815e-10,13.0,1871.3982421875,46.50081511706132,418.6171896440326,646.0056308904022,0.0
2458313.145348592,4.278772386917856,0.007107135160473264,3.9021644751590125,0.010085123241982345,3.9021644751590125,0.010085123241982345,17.6322804525431,0.0653094192611489,0.4667443369828876,3.1346899969778403e-10,13.0,975.7028442382812,35.456608460617375,418.6171896440326,646.0056308904022,0.0
2458313.17821248,4.242882544312363,0.0055062642502086406,3.8627994308620055,0.008386259302442769,3.8627994308620055,0.008386259302442769,17.4648277204755,0.0608012165233399,0.9597627415788348,3.794800925215847e-10,13.0,2211.4107421875,66.1805936789197,418.6171896440326,646.0056308904022,0.0
2458313.183297398,4.230536054931812,0.005430400088470183,3.8492574349630426,0.008196583944675019,3.8492574349630426,0.008196583944675019,17.407222191219134,0.0603296844003172,0.9539747068124278,3.5547048502484024e-10,13.0,2277.0328613281254,69.0245495836057,418.6171896440326,646.0056308904022,0.0
2458313.1885268823,4.237628854976148,0.0059351792379195075,3.857037028510005,0.008677628160398057,3.857037028510005,0.008677628160398057,17.440315363526658,0.0615359001092784,0.9466143610193573,3.567677338580505e-10,13.0,2329.9703125,73.72570105420881,418.6171896440326,646.0056308904022,0.0
2458313.194764151,4.253319491828515,0.0054519385920896975,3.8742469845839604,0.008458400720781968,3.8742469845839604,0.008458400720781968,17.51352382079661,0.0609833004952542,0.9652933555160544,3.7928652599531197e-10,13.0,2422.6140625,61.925432030942645,418.6171896440326,646.0056308904022,0.0
2458313.2053309144,4.205276200129986,0.005747545137495654,3.8215516767032485,0.008217073348932775,3.8215516767032485,0.008217073348932775,17.289366235574757,0.0603772048317012,0.9124404654228798,3.8146446842671137e-10,13.0,2455.935302734375,80.5062811388603,418.6171896440326,646.0056308904022,0.0
2458313.212175416,4.218469478940954,0.00557620122848583,3.8360224563755203,0.008195127517817534,3.8360224563755203,0.008195127517817534,17.350922665512634,0.0603246336924912,0.9216851064448968,3.794489014770786e-10,13.0,2445.578173828125,73.32344067036274,418.6171896440326,646.0056308904022,0.0
2458313.9127017315,4.279827867512503,0.0061301843299595565,3.9033221575935597,0.009294047967775033,3.9033221575935597,0.009294047967775033,17.637205052273476,0.0631501168930609,0.4730615903313414,3.637392596018488e-10,13.0,902.1615844726564,29.214553641516197,418.6171896440326,646.0056308904022,0.0
2458313.925148025,4.28025332625654,0.005201357136745651,3.9037888133682763,0.008591236774742758,3.9037888133682763,0.008591236774742758,17.639190132839417,0.0613228388147378,1.01373814589896,3.6971941210940124e-10,13.0,1949.73701171875,51.721640052699016,418.6171896440326,646.0056308904022,0.0
2458314.9221798987,4.276687516824213,0.005279651863663107,3.899877727777816,0.008604115632552981,3.899877727777816,0.008604115632552981,17.622552987393032,0.0613548707207107,1.0129616474885308,3.8144614711746134e-10,13.0,1946.9997314453128,53.98227097201666,418.6171896440326,646.0056308904022,0.0
2458317.0291253803,4.294661453002595,0.00543180856839227,3.9195920743028494,0.008943047599972108,3.9195920743028494,0.008943047599972108,17.706414729339436,0.0622289818598546,1.021954831596297,3.25050443965007e-10,13.0,1786.103955078125,50.8360445740012,418.6171896440326,646.0056308904022,0.0
2458317.914648285,4.305915224905075,0.006178080042620302,3.9319355452486318,0.009646669825045664,3.9319355452486318,0.009646669825045664,17.75892192118896,0.06410468887816,0.9928387264945624,2.0429598977079736e-10,13.0,2407.15302734375,55.6639445988177,418.6171896440326,646.0056308904022,0.0
2458327.9483610494,-2162.00417823741,-2162.00417823741,-2162.00417823741,-2162.00417823741,-2162.00417823741,-2162.00417823741,0.0,0.0,0.1553554750892194,-9999.99,13.0,-9999.99,-9999.99,-9999.99,-9999.99,7.0
2458328.063096186,4.232998047933291,0.011760518023014302,3.8519578219395907,0.01408954261296955,3.8519578219395907,0.01408954261296955,17.418709214412882,0.0775639858997784,0.6885289341486658,3.5575819571662766e-10,13.0,16770.732421875,117.43533110506846,418.6171896440326,646.0056308904022,4.0
2458330.0448452565,0.0,0.0,0.0,0.0,0.0,0.0,0.0,0.0,0.0,0.0,13.0,0.0,0.0,0.0,0.0,5.0
2458330.8795832493,4.329391966040764,0.008537978751668205,3.957685531530667,0.0118650333546164,3.957685531530667,0.0118650333546164,17.86845832920356,0.0705234691065156,0.5343678688793725,1.9039946531973982e-10,13.0,1996.43876953125,39.3304436906876,418.6171896440326,646.0056308904022,4.0
2458332.021427281,4.302315632331371,0.005466479446777303,3.9279874053062915,0.009067869773794302,3.9279874053062915,0.009067869773794302,17.74212715233409,0.0625564863336568,1.017351811068165,1.9384117878221954e-10,13.0,2203.592529296875,48.52610508141424,418.6171896440326,646.0056308904022,0.0
2458332.8725310965,4.275291138173789,0.005045715566268155,3.8983461382405324,0.008415961836888104,3.8983461382405324,0.008415961836888104,17.616037845418614,0.0608805577928948,1.002905777772239,3.4631897596072255e-10,13.0,2241.661083984375,50.46495600726665,418.6171896440326,646.0056308904022,0.0
2458335.9191805595,4.298963212240418,0.0053526443698488305,3.924310371477161,0.008941587685751064,3.924310371477161,0.008941587685751064,17.72648562641716,0.0622260219684794,1.0077791415860358,3.5438064945305145e-10,13.0,1902.47685546875,47.5053766191295,418.6171896440326,646.0056308904022,0.0
2458337.906148835,4.297701194022244,0.00541724451077502,3.9229261524487278,0.008971814312851862,3.9229261524487278,0.008971814312851862,17.7205973755024,0.0623044530457563,1.009187636471667,3.70074387358053e-10,13.0,1951.286669921875,48.88164581729876,418.6171896440326,646.0056308904022,0.0
2458338.95120977,4.292025967216878,0.005596238962393159,3.9167013952926553,0.00903079791758907,3.9167013952926553,0.00903079791758907,17.694118233643017,0.0624573736804165,1.0111986543478082,1.8549267842987618e-10,13.0,1918.4593505859373,53.51511374393437,418.6171896440326,646.0056308904022,0.0
2458339.9476791243,4.305971222341576,0.006017463030349005,3.9319969648985476,0.009524455316047646,3.9319969648985476,0.009524455316047646,17.75918319075857,0.0637731583916697,1.018163256774951,2.0148325716325717e-10,13.0,1843.6861083984377,54.95263974386315,418.6171896440326,646.0056308904022,0.0
2458339.9793980625,4.301783081650461,0.00559323093724594,3.927403287917568,0.009153473263675353,3.927403287917568,0.009153473263675353,17.73964240846204,0.0627815720377198,1.0208940310558043,3.7075405167355206e-10,13.0,1834.5554443359372,50.663066320062576,418.6171896440326,646.0056308904022,0.0
2458340.878835191,4.305093206786198,0.005444431792052,3.931033931384837,0.009088558324946398,3.931033931384837,0.009088558324946398,17.755086597046475,0.0626113472495921,1.0145918066512645,3.4703816738377645e-10,13.0,2180.959130859375,47.09110981620256,418.6171896440326,646.0056308904022,0.0
2458341.878543622,0.0,0.0,0.0,0.0,0.0,0.0,0.0,0.0,0.0,0.0,13.0,0.0,0.0,0.0,0.0,5.0
2458343.037781656,4.303174754142173,0.005506158799518133,3.928929715600336,0.009107960326624098,3.928929715600336,0.009107960326624098,17.746135592715927,0.0626619583318452,0.9793076799415938,3.747683835532216e-10,13.0,1802.990576171875,46.83271111027526,418.6171896440326,646.0056308904022,0.0
2458344.868427966,4.28556715538718,0.0059229258295002436,3.9096171788312777,0.00919947068119046,3.9096171788312777,0.00919947068119046,17.663983086529612,0.0629000462469174,0.9810981723334664,3.5255525186927227e-10,13.0,2339.261376953125,58.59261194661293,418.6171896440326,646.0056308904022,0.0
2458346.0326148355,4.300196375027182,0.005521892340768206,3.9256629410122246,0.009080553384385497,3.9256629410122246,0.009080553384385497,17.73223924534488,0.0625893501338471,0.991207356987132,2.4872167308825523e-10,13.0,1724.052392578125,48.63710273160933,418.6171896440326,646.0056308904022,0.0
2458347.9037850844,4.299210666013709,0.005830925132391017,3.924581786118181,0.009297581384106439,3.924581786118181,0.009297581384106439,17.727640181784068,0.0631630938611528,0.9999315914796958,3.69431347561576e-10,13.0,2132.57587890625,53.74313206259814,418.6171896440326,646.0056308904022,0.0
2458347.9780426444,0.0,0.0,0.0,0.0,0.0,0.0,0.0,0.0,0.0,0.0,13.0,0.0,0.0,0.0,0.0,5.0
2458353.016001004,4.274956293837915,0.006332718112976796,3.8979788710374077,0.009400794567503512,3.8979788710374077,0.009400794567503512,17.614475548267414,0.0634345548715534,0.95141468464284,3.814666614973215e-10,13.0,7305.142773437499,65.80139183364224,418.6171896440326,646.0056308904022,0.0
2458353.9811396063,4.377068883067796,0.010815441565018851,4.009978988800571,0.014405875732738535,4.009978988800571,0.014405875732738535,18.090906504875274,0.0786315739482916,0.9900648520846616,3.696573331907553e-10,13.0,8223.0556640625,77.70254243971247,418.6171896440326,646.0056308904022,0.0
2458381.884197436,4.195070945623273,0.007215654682987627,3.810358250748867,0.009434275783590856,3.810358250748867,0.009434275783590856,17.24175115496884,0.0635143231642872,0.8200956406429284,3.536069384713597e-10,13.0,5055.23251953125,98.5504022213424,418.6171896440326,646.0056308904022,0.0
2458390.884389969,4.288252945689854,0.006018469737788856,3.912563033328312,0.009306007855777945,3.912563033328312,0.009306007855777945,17.676514290104038,0.063183481671202,0.9826480464841878,3.8095514092389225e-10,13.0,2202.512451171875,58.95508746187661,418.6171896440326,646.0056308904022,0.0
2458398.8853394086,4.315112837595319,0.006166666136896654,3.9420237597598513,0.009754596693992647,3.9420237597598513,0.009754596693992647,17.801835605442484,0.064401398091048,0.956949387903744,3.2879234246477167e-10,13.0,2390.807275390625,50.39767793107387,418.6171896440326,646.0056308904022,0.0
2457867.4532781574,0.0,0.0,0.0,0.0,0.0,0.0,0.0,0.0,0.0,0.0,0.0,0.0,0.0,0.0,0.0,0.0
2458580.539819603,0.0,0.0,0.0,0.0,0.0,0.0,0.0,0.0,0.0,0.0,0.0,0.0,0.0,0.0,0.0,0.0
2457864.5991871944,0.0,0.0,0.0,0.0,0.0,0.0,0.0,0.0,0.0,0.0,0.0,0.0,0.0,0.0,0.0,0.0
2458580.559513909,0.0,0.0,0.0,0.0,0.0,0.0,0.0,0.0,0.0,0.0,0.0,0.0,0.0,0.0,0.0,0.0
2457867.4949110607,0.0,0.0,0.0,0.0,0.0,0.0,0.0,0.0,0.0,0.0,0.0,0.0,0.0,0.0,0.0,0.0
2458581.585659028,0.0,0.0,0.0,0.0,0.0,0.0,0.0,0.0,0.0,0.0,0.0,0.0,0.0,0.0,0.0,0.0
2457876.6368169067,0.0,0.0,0.0,0.0,0.0,0.0,0.0,0.0,0.0,0.0,0.0,0.0,0.0,0.0,0.0,0.0
2458583.5481344103,0.0,0.0,0.0,0.0,0.0,0.0,0.0,0.0,0.0,0.0,0.0,0.0,0.0,0.0,0.0,0.0
2457887.535271145,0.0,0.0,0.0,0.0,0.0,0.0,0.0,0.0,0.0,0.0,0.0,0.0,0.0,0.0,0.0,0.0
2458583.625648816,0.0,0.0,0.0,0.0,0.0,0.0,0.0,0.0,0.0,0.0,0.0,0.0,0.0,0.0,0.0,0.0
2457890.47225462,0.0,0.0,0.0,0.0,0.0,0.0,0.0,0.0,0.0,0.0,0.0,0.0,0.0,0.0,0.0,0.0
2458585.5556206675,0.0,0.0,0.0,0.0,0.0,0.0,0.0,0.0,0.0,0.0,0.0,0.0,0.0,0.0,0.0,0.0
2457920.2768138587,0.0,0.0,0.0,0.0,0.0,0.0,0.0,0.0,0.0,0.0,0.0,0.0,0.0,0.0,0.0,0.0
2458590.555074898,0.0,0.0,0.0,0.0,0.0,0.0,0.0,0.0,0.0,0.0,0.0,0.0,0.0,0.0,0.0,0.0
2457920.5225103274,0.0,0.0,0.0,0.0,0.0,0.0,0.0,0.0,0.0,0.0,0.0,0.0,0.0,0.0,0.0,0.0
2458604.474238575,0.0,0.0,0.0,0.0,0.0,0.0,0.0,0.0,0.0,0.0,0.0,0.0,0.0,0.0,0.0,0.0
2457921.360170644,0.0,0.0,0.0,0.0,0.0,0.0,0.0,0.0,0.0,0.0,0.0,0.0,0.0,0.0,0.0,0.0
2458605.471613688,0.0,0.0,0.0,0.0,0.0,0.0,0.0,0.0,0.0,0.0,0.0,0.0,0.0,0.0,0.0,0.0
2457929.277748105,0.0,0.0,0.0,0.0,0.0,0.0,0.0,0.0,0.0,0.0,0.0,0.0,0.0,0.0,0.0,0.0
2458605.544146025,0.0,0.0,0.0,0.0,0.0,0.0,0.0,0.0,0.0,0.0,0.0,0.0,0.0,0.0,0.0,0.0
2457929.3966621337,0.0,0.0,0.0,0.0,0.0,0.0,0.0,0.0,0.0,0.0,0.0,0.0,0.0,0.0,0.0,0.0
2458606.564329712,0.0,0.0,0.0,0.0,0.0,0.0,0.0,0.0,0.0,0.0,0.0,0.0,0.0,0.0,0.0,0.0
2457930.3267411264,0.0,0.0,0.0,0.0,0.0,0.0,0.0,0.0,0.0,0.0,0.0,0.0,0.0,0.0,0.0,0.0
2458609.512288608,0.0,0.0,0.0,0.0,0.0,0.0,0.0,0.0,0.0,0.0,0.0,0.0,0.0,0.0,0.0,0.0
2457937.503703962,0.0,0.0,0.0,0.0,0.0,0.0,0.0,0.0,0.0,0.0,0.0,0.0,0.0,0.0,0.0,0.0
2458613.466723453,0.0,0.0,0.0,0.0,0.0,0.0,0.0,0.0,0.0,0.0,0.0,0.0,0.0,0.0,0.0,0.0
2457938.3166658054,0.0,0.0,0.0,0.0,0.0,0.0,0.0,0.0,0.0,0.0,0.0,0.0,0.0,0.0,0.0,0.0
2458614.494579392,0.0,0.0,0.0,0.0,0.0,0.0,0.0,0.0,0.0,0.0,0.0,0.0,0.0,0.0,0.0,0.0
2457939.216476385,0.0,0.0,0.0,0.0,0.0,0.0,0.0,0.0,0.0,0.0,0.0,0.0,0.0,0.0,0.0,0.0
2458616.5293883337,0.0,0.0,0.0,0.0,0.0,0.0,0.0,0.0,0.0,0.0,0.0,0.0,0.0,0.0,0.0,0.0
2457939.5061482512,0.0,0.0,0.0,0.0,0.0,0.0,0.0,0.0,0.0,0.0,0.0,0.0,0.0,0.0,0.0,0.0
2458617.440931057,0.0,0.0,0.0,0.0,0.0,0.0,0.0,0.0,0.0,0.0,0.0,0.0,0.0,0.0,0.0,0.0
2457941.5532857035,0.0,0.0,0.0,0.0,0.0,0.0,0.0,0.0,0.0,0.0,0.0,0.0,0.0,0.0,0.0,0.0
2458618.485188828,0.0,0.0,0.0,0.0,0.0,0.0,0.0,0.0,0.0,0.0,0.0,0.0,0.0,0.0,0.0,0.0
2457942.4588423176,0.0,0.0,0.0,0.0,0.0,0.0,0.0,0.0,0.0,0.0,0.0,0.0,0.0,0.0,0.0,0.0
2458630.474117989,0.0,0.0,0.0,0.0,0.0,0.0,0.0,0.0,0.0,0.0,0.0,0.0,0.0,0.0,0.0,0.0
2457943.205474523,0.0,0.0,0.0,0.0,0.0,0.0,0.0,0.0,0.0,0.0,0.0,0.0,0.0,0.0,0.0,0.0
2458637.553656601,0.0,0.0,0.0,0.0,0.0,0.0,0.0,0.0,0.0,0.0,0.0,0.0,0.0,0.0,0.0,0.0
2457945.4643331133,0.0,0.0,0.0,0.0,0.0,0.0,0.0,0.0,0.0,0.0,0.0,0.0,0.0,0.0,0.0,0.0
2458637.568375636,0.0,0.0,0.0,0.0,0.0,0.0,0.0,0.0,0.0,0.0,0.0,0.0,0.0,0.0,0.0,0.0
2457946.218361312,0.0,0.0,0.0,0.0,0.0,0.0,0.0,0.0,0.0,0.0,0.0,0.0,0.0,0.0,0.0,0.0
2458638.383354136,0.0,0.0,0.0,0.0,0.0,0.0,0.0,0.0,0.0,0.0,0.0,0.0,0.0,0.0,0.0,0.0
2457946.281756224,0.0,0.0,0.0,0.0,0.0,0.0,0.0,0.0,0.0,0.0,0.0,0.0,0.0,0.0,0.0,0.0
2458641.375441686,0.0,0.0,0.0,0.0,0.0,0.0,0.0,0.0,0.0,0.0,0.0,0.0,0.0,0.0,0.0,0.0
2457946.549807948,0.0,0.0,0.0,0.0,0.0,0.0,0.0,0.0,0.0,0.0,0.0,0.0,0.0,0.0,0.0,0.0
2458645.4169332343,0.0,0.0,0.0,0.0,0.0,0.0,0.0,0.0,0.0,0.0,0.0,0.0,0.0,0.0,0.0,0.0
2457947.350856945,0.0,0.0,0.0,0.0,0.0,0.0,0.0,0.0,0.0,0.0,0.0,0.0,0.0,0.0,0.0,0.0
2458648.388044897,0.0,0.0,0.0,0.0,0.0,0.0,0.0,0.0,0.0,0.0,0.0,0.0,0.0,0.0,0.0,0.0
2457947.5555169885,0.0,0.0,0.0,0.0,0.0,0.0,0.0,0.0,0.0,0.0,0.0,0.0,0.0,0.0,0.0,0.0
2458661.2729757065,0.0,0.0,0.0,0.0,0.0,0.0,0.0,0.0,0.0,0.0,0.0,0.0,0.0,0.0,0.0,0.0
2457948.3026955123,0.0,0.0,0.0,0.0,0.0,0.0,0.0,0.0,0.0,0.0,0.0,0.0,0.0,0.0,0.0,0.0
2458661.2847877275,0.0,0.0,0.0,0.0,0.0,0.0,0.0,0.0,0.0,0.0,0.0,0.0,0.0,0.0,0.0,0.0
2457949.225592498,0.0,0.0,0.0,0.0,0.0,0.0,0.0,0.0,0.0,0.0,0.0,0.0,0.0,0.0,0.0,0.0
2458661.2966126204,0.0,0.0,0.0,0.0,0.0,0.0,0.0,0.0,0.0,0.0,0.0,0.0,0.0,0.0,0.0,0.0
2457949.520265053,0.0,0.0,0.0,0.0,0.0,0.0,0.0,0.0,0.0,0.0,0.0,0.0,0.0,0.0,0.0,0.0
2458661.3084382755,0.0,0.0,0.0,0.0,0.0,0.0,0.0,0.0,0.0,0.0,0.0,0.0,0.0,0.0,0.0,0.0
2457954.5383254318,0.0,0.0,0.0,0.0,0.0,0.0,0.0,0.0,0.0,0.0,0.0,0.0,0.0,0.0,0.0,0.0
2458661.320265464,0.0,0.0,0.0,0.0,0.0,0.0,0.0,0.0,0.0,0.0,0.0,0.0,0.0,0.0,0.0,0.0
2457956.388940464,0.0,0.0,0.0,0.0,0.0,0.0,0.0,0.0,0.0,0.0,0.0,0.0,0.0,0.0,0.0,0.0
2458668.3290721555,0.0,0.0,0.0,0.0,0.0,0.0,0.0,0.0,0.0,0.0,0.0,0.0,0.0,0.0,0.0,0.0
2457957.4234840414,0.0,0.0,0.0,0.0,0.0,0.0,0.0,0.0,0.0,0.0,0.0,0.0,0.0,0.0,0.0,0.0
2457844.6174118635,0.0,0.0,0.0,0.0,0.0,0.0,0.0,0.0,0.0,0.0,0.0,0.0,0.0,0.0,0.0,0.0
2457958.367533369,0.0,0.0,0.0,0.0,0.0,0.0,0.0,0.0,0.0,0.0,0.0,0.0,0.0,0.0,0.0,0.0
2457844.63106672,0.0,0.0,0.0,0.0,0.0,0.0,0.0,0.0,0.0,0.0,0.0,0.0,0.0,0.0,0.0,0.0
2457958.4652533056,0.0,0.0,0.0,0.0,0.0,0.0,0.0,0.0,0.0,0.0,0.0,0.0,0.0,0.0,0.0,0.0
2457846.561121053,0.0,0.0,0.0,0.0,0.0,0.0,0.0,0.0,0.0,0.0,0.0,0.0,0.0,0.0,0.0,0.0
2457959.277201117,0.0,0.0,0.0,0.0,0.0,0.0,0.0,0.0,0.0,0.0,0.0,0.0,0.0,0.0,0.0,0.0
2457847.4702764065,0.0,0.0,0.0,0.0,0.0,0.0,0.0,0.0,0.0,0.0,0.0,0.0,0.0,0.0,0.0,0.0
2457965.3978970693,0.0,0.0,0.0,0.0,0.0,0.0,0.0,0.0,0.0,0.0,0.0,0.0,0.0,0.0,0.0,0.0
2457848.635839628,0.0,0.0,0.0,0.0,0.0,0.0,0.0,0.0,0.0,0.0,0.0,0.0,0.0,0.0,0.0,0.0
2457892.541712026,0.0,0.0,0.0,0.0,0.0,0.0,0.0,0.0,0.0,0.0,0.0,0.0,0.0,0.0,0.0,0.0
2457967.4612850766,0.0,0.0,0.0,0.0,0.0,0.0,0.0,0.0,0.0,0.0,0.0,0.0,0.0,0.0,0.0,0.0
2457914.367702042,0.0,0.0,0.0,0.0,0.0,0.0,0.0,0.0,0.0,0.0,0.0,0.0,0.0,0.0,0.0,0.0
2457968.3639381514,0.0,0.0,0.0,0.0,0.0,0.0,0.0,0.0,0.0,0.0,0.0,0.0,0.0,0.0,0.0,0.0
2457917.277393777,0.0,0.0,0.0,0.0,0.0,0.0,0.0,0.0,0.0,0.0,0.0,0.0,0.0,0.0,0.0,0.0
2458670.296212926,0.0,0.0,0.0,0.0,0.0,0.0,0.0,0.0,0.0,0.0,0.0,0.0,0.0,0.0,0.0,0.0
2457969.329152828,0.0,0.0,0.0,0.0,0.0,0.0,0.0,0.0,0.0,0.0,0.0,0.0,0.0,0.0,0.0,0.0
2457971.2465710603,0.0,0.0,0.0,0.0,0.0,0.0,0.0,0.0,0.0,0.0,0.0,0.0,0.0,0.0,0.0,0.0
2457972.301558064,0.0,0.0,0.0,0.0,0.0,0.0,0.0,0.0,0.0,0.0,0.0,0.0,0.0,0.0,0.0,0.0
2457972.443513577,0.0,0.0,0.0,0.0,0.0,0.0,0.0,0.0,0.0,0.0,0.0,0.0,0.0,0.0,0.0,0.0
2457973.4851306286,0.0,0.0,0.0,0.0,0.0,0.0,0.0,0.0,0.0,0.0,0.0,0.0,0.0,0.0,0.0,0.0
2457974.4018228506,0.0,0.0,0.0,0.0,0.0,0.0,0.0,0.0,0.0,0.0,0.0,0.0,0.0,0.0,0.0,0.0
2457978.4014685755,0.0,0.0,0.0,0.0,0.0,0.0,0.0,0.0,0.0,0.0,0.0,0.0,0.0,0.0,0.0,0.0
2457979.452478756,0.0,0.0,0.0,0.0,0.0,0.0,0.0,0.0,0.0,0.0,0.0,0.0,0.0,0.0,0.0,0.0
2457980.3382895226,0.0,0.0,0.0,0.0,0.0,0.0,0.0,0.0,0.0,0.0,0.0,0.0,0.0,0.0,0.0,0.0
2457984.414033991,0.0,0.0,0.0,0.0,0.0,0.0,0.0,0.0,0.0,0.0,0.0,0.0,0.0,0.0,0.0,0.0
2457985.4078017417,0.0,0.0,0.0,0.0,0.0,0.0,0.0,0.0,0.0,0.0,0.0,0.0,0.0,0.0,0.0,0.0
2457986.331336334,0.0,0.0,0.0,0.0,0.0,0.0,0.0,0.0,0.0,0.0,0.0,0.0,0.0,0.0,0.0,0.0
2457986.43201779,0.0,0.0,0.0,0.0,0.0,0.0,0.0,0.0,0.0,0.0,0.0,0.0,0.0,0.0,0.0,0.0
2457989.337659108,0.0,0.0,0.0,0.0,0.0,0.0,0.0,0.0,0.0,0.0,0.0,0.0,0.0,0.0,0.0,0.0
2457991.3438159614,0.0,0.0,0.0,0.0,0.0,0.0,0.0,0.0,0.0,0.0,0.0,0.0,0.0,0.0,0.0,0.0
2457992.2197811017,0.0,0.0,0.0,0.0,0.0,0.0,0.0,0.0,0.0,0.0,0.0,0.0,0.0,0.0,0.0,0.0
2457992.4161394243,0.0,0.0,0.0,0.0,0.0,0.0,0.0,0.0,0.0,0.0,0.0,0.0,0.0,0.0,0.0,0.0
2458000.330072832,0.0,0.0,0.0,0.0,0.0,0.0,0.0,0.0,0.0,0.0,0.0,0.0,0.0,0.0,0.0,0.0
2458001.244864189,0.0,0.0,0.0,0.0,0.0,0.0,0.0,0.0,0.0,0.0,0.0,0.0,0.0,0.0,0.0,0.0
2458001.3861358,0.0,0.0,0.0,0.0,0.0,0.0,0.0,0.0,0.0,0.0,0.0,0.0,0.0,0.0,0.0,0.0
2458003.293674702,0.0,0.0,0.0,0.0,0.0,0.0,0.0,0.0,0.0,0.0,0.0,0.0,0.0,0.0,0.0,0.0
2458006.2532190457,0.0,0.0,0.0,0.0,0.0,0.0,0.0,0.0,0.0,0.0,0.0,0.0,0.0,0.0,0.0,0.0
2458007.2947045537,0.0,0.0,0.0,0.0,0.0,0.0,0.0,0.0,0.0,0.0,0.0,0.0,0.0,0.0,0.0,0.0
2458010.256291161,0.0,0.0,0.0,0.0,0.0,0.0,0.0,0.0,0.0,0.0,0.0,0.0,0.0,0.0,0.0,0.0
2458011.321199931,0.0,0.0,0.0,0.0,0.0,0.0,0.0,0.0,0.0,0.0,0.0,0.0,0.0,0.0,0.0,0.0
2458013.272291965,0.0,0.0,0.0,0.0,0.0,0.0,0.0,0.0,0.0,0.0,0.0,0.0,0.0,0.0,0.0,0.0
2458014.3664247696,0.0,0.0,0.0,0.0,0.0,0.0,0.0,0.0,0.0,0.0,0.0,0.0,0.0,0.0,0.0,0.0
2458016.34193349,0.0,0.0,0.0,0.0,0.0,0.0,0.0,0.0,0.0,0.0,0.0,0.0,0.0,0.0,0.0,0.0
2458019.2687283945,0.0,0.0,0.0,0.0,0.0,0.0,0.0,0.0,0.0,0.0,0.0,0.0,0.0,0.0,0.0,0.0
2458020.345561828,0.0,0.0,0.0,0.0,0.0,0.0,0.0,0.0,0.0,0.0,0.0,0.0,0.0,0.0,0.0,0.0
2458021.255930853,0.0,0.0,0.0,0.0,0.0,0.0,0.0,0.0,0.0,0.0,0.0,0.0,0.0,0.0,0.0,0.0
2458024.2304402096,0.0,0.0,0.0,0.0,0.0,0.0,0.0,0.0,0.0,0.0,0.0,0.0,0.0,0.0,0.0,0.0
2458028.2762237126,0.0,0.0,0.0,0.0,0.0,0.0,0.0,0.0,0.0,0.0,0.0,0.0,0.0,0.0,0.0,0.0
2458032.2471268326,0.0,0.0,0.0,0.0,0.0,0.0,0.0,0.0,0.0,0.0,0.0,0.0,0.0,0.0,0.0,0.0
2458036.2511471985,0.0,0.0,0.0,0.0,0.0,0.0,0.0,0.0,0.0,0.0,0.0,0.0,0.0,0.0,0.0,0.0
2458047.25438402,0.0,0.0,0.0,0.0,0.0,0.0,0.0,0.0,0.0,0.0,0.0,0.0,0.0,0.0,0.0,0.0
2458053.2578003597,0.0,0.0,0.0,0.0,0.0,0.0,0.0,0.0,0.0,0.0,0.0,0.0,0.0,0.0,0.0,0.0
2458165.6206522696,0.0,0.0,0.0,0.0,0.0,0.0,0.0,0.0,0.0,0.0,0.0,0.0,0.0,0.0,0.0,0.0
2458249.605311571,0.0,0.0,0.0,0.0,0.0,0.0,0.0,0.0,0.0,0.0,0.0,0.0,0.0,0.0,0.0,0.0
2458249.652410622,0.0,0.0,0.0,0.0,0.0,0.0,0.0,0.0,0.0,0.0,0.0,0.0,0.0,0.0,0.0,0.0
2458251.63813242,0.0,0.0,0.0,0.0,0.0,0.0,0.0,0.0,0.0,0.0,0.0,0.0,0.0,0.0,0.0,0.0
2458252.508768533,0.0,0.0,0.0,0.0,0.0,0.0,0.0,0.0,0.0,0.0,0.0,0.0,0.0,0.0,0.0,0.0
2458252.622858022,0.0,0.0,0.0,0.0,0.0,0.0,0.0,0.0,0.0,0.0,0.0,0.0,0.0,0.0,0.0,0.0
2458255.541785501,0.0,0.0,0.0,0.0,0.0,0.0,0.0,0.0,0.0,0.0,0.0,0.0,0.0,0.0,0.0,0.0
2458256.5625467924,0.0,0.0,0.0,0.0,0.0,0.0,0.0,0.0,0.0,0.0,0.0,0.0,0.0,0.0,0.0,0.0
2458257.579474227,0.0,0.0,0.0,0.0,0.0,0.0,0.0,0.0,0.0,0.0,0.0,0.0,0.0,0.0,0.0,0.0
2458262.4271676824,0.0,0.0,0.0,0.0,0.0,0.0,0.0,0.0,0.0,0.0,0.0,0.0,0.0,0.0,0.0,0.0
2458275.5699907844,0.0,0.0,0.0,0.0,0.0,0.0,0.0,0.0,0.0,0.0,0.0,0.0,0.0,0.0,0.0,0.0
2458276.374391487,0.0,0.0,0.0,0.0,0.0,0.0,0.0,0.0,0.0,0.0,0.0,0.0,0.0,0.0,0.0,0.0
2458276.458121303,0.0,0.0,0.0,0.0,0.0,0.0,0.0,0.0,0.0,0.0,0.0,0.0,0.0,0.0,0.0,0.0
2458277.3717103405,0.0,0.0,0.0,0.0,0.0,0.0,0.0,0.0,0.0,0.0,0.0,0.0,0.0,0.0,0.0,0.0
2458277.5563291484,0.0,0.0,0.0,0.0,0.0,0.0,0.0,0.0,0.0,0.0,0.0,0.0,0.0,0.0,0.0,0.0
2458278.3690041816,0.0,0.0,0.0,0.0,0.0,0.0,0.0,0.0,0.0,0.0,0.0,0.0,0.0,0.0,0.0,0.0
2458278.5034386097,0.0,0.0,0.0,0.0,0.0,0.0,0.0,0.0,0.0,0.0,0.0,0.0,0.0,0.0,0.0,0.0
2458281.510320205,0.0,0.0,0.0,0.0,0.0,0.0,0.0,0.0,0.0,0.0,0.0,0.0,0.0,0.0,0.0,0.0
2458281.525148452,0.0,0.0,0.0,0.0,0.0,0.0,0.0,0.0,0.0,0.0,0.0,0.0,0.0,0.0,0.0,0.0
2458282.3584912163,0.0,0.0,0.0,0.0,0.0,0.0,0.0,0.0,0.0,0.0,0.0,0.0,0.0,0.0,0.0,0.0
2458304.4524611738,0.0,0.0,0.0,0.0,0.0,0.0,0.0,0.0,0.0,0.0,0.0,0.0,0.0,0.0,0.0,0.0
2458305.302435546,0.0,0.0,0.0,0.0,0.0,0.0,0.0,0.0,0.0,0.0,0.0,0.0,0.0,0.0,0.0,0.0
2458306.292851421,0.0,0.0,0.0,0.0,0.0,0.0,0.0,0.0,0.0,0.0,0.0,0.0,0.0,0.0,0.0,0.0
2458310.281989465,0.0,0.0,0.0,0.0,0.0,0.0,0.0,0.0,0.0,0.0,0.0,0.0,0.0,0.0,0.0,0.0
2458320.254078468,0.0,0.0,0.0,0.0,0.0,0.0,0.0,0.0,0.0,0.0,0.0,0.0,0.0,0.0,0.0,0.0
2458673.485269354,0.0,0.0,0.0,0.0,0.0,0.0,0.0,0.0,0.0,0.0,0.0,0.0,0.0,0.0,0.0,0.0
2458674.285277789,0.0,0.0,0.0,0.0,0.0,0.0,0.0,0.0,0.0,0.0,0.0,0.0,0.0,0.0,0.0,0.0
2458700.2745761788,0.0,0.0,0.0,0.0,0.0,0.0,0.0,0.0,0.0,0.0,0.0,0.0,0.0,0.0,0.0,0.0
2458720.3237178423,0.0,0.0,0.0,0.0,0.0,0.0,0.0,0.0,0.0,0.0,0.0,0.0,0.0,0.0,0.0,0.0
2458721.219258449,0.0,0.0,0.0,0.0,0.0,0.0,0.0,0.0,0.0,0.0,0.0,0.0,0.0,0.0,0.0,0.0
2458724.233793505,0.0,0.0,0.0,0.0,0.0,0.0,0.0,0.0,0.0,0.0,0.0,0.0,0.0,0.0,0.0,0.0
2458725.322885458,0.0,0.0,0.0,0.0,0.0,0.0,0.0,0.0,0.0,0.0,0.0,0.0,0.0,0.0,0.0,0.0
2458661.316323797,0.0,0.0,0.0,0.0,0.0,0.0,0.0,0.0,0.0,0.0,0.0,0.0,0.0,0.0,0.0,0.0
2458580.5437641456,0.0,0.0,0.0,0.0,0.0,0.0,0.0,0.0,0.0,0.0,0.0,0.0,0.0,0.0,0.0,0.0
2458661.304501836,0.0,0.0,0.0,0.0,0.0,0.0,0.0,0.0,0.0,0.0,0.0,0.0,0.0,0.0,0.0,0.0
2458580.563461325,0.0,0.0,0.0,0.0,0.0,0.0,0.0,0.0,0.0,0.0,0.0,0.0,0.0,0.0,0.0,0.0
2458668.3330237023,0.0,0.0,0.0,0.0,0.0,0.0,0.0,0.0,0.0,0.0,0.0,0.0,0.0,0.0,0.0,0.0
2458581.5896142027,0.0,0.0,0.0,0.0,0.0,0.0,0.0,0.0,0.0,0.0,0.0,0.0,0.0,0.0,0.0,0.0
2457844.621532202,0.0,0.0,0.0,0.0,0.0,0.0,0.0,0.0,0.0,0.0,0.0,0.0,0.0,0.0,0.0,0.0
2458583.5520763644,0.0,0.0,0.0,0.0,0.0,0.0,0.0,0.0,0.0,0.0,0.0,0.0,0.0,0.0,0.0,0.0
2457844.635186139,0.0,0.0,0.0,0.0,0.0,0.0,0.0,0.0,0.0,0.0,0.0,0.0,0.0,0.0,0.0,0.0
2458583.629591521,0.0,0.0,0.0,0.0,0.0,0.0,0.0,0.0,0.0,0.0,0.0,0.0,0.0,0.0,0.0,0.0
2457846.565251793,0.0,0.0,0.0,0.0,0.0,0.0,0.0,0.0,0.0,0.0,0.0,0.0,0.0,0.0,0.0,0.0
2458585.559559274,0.0,0.0,0.0,0.0,0.0,0.0,0.0,0.0,0.0,0.0,0.0,0.0,0.0,0.0,0.0,0.0
2457867.4574162783,0.0,0.0,0.0,0.0,0.0,0.0,0.0,0.0,0.0,0.0,0.0,0.0,0.0,0.0,0.0,0.0
2458591.6234329,0.0,0.0,0.0,0.0,0.0,0.0,0.0,0.0,0.0,0.0,0.0,0.0,0.0,0.0,0.0,0.0
2457867.499043928,0.0,0.0,0.0,0.0,0.0,0.0,0.0,0.0,0.0,0.0,0.0,0.0,0.0,0.0,0.0,0.0
2458592.5083428454,0.0,0.0,0.0,0.0,0.0,0.0,0.0,0.0,0.0,0.0,0.0,0.0,0.0,0.0,0.0,0.0
2457876.640910507,0.0,0.0,0.0,0.0,0.0,0.0,0.0,0.0,0.0,0.0,0.0,0.0,0.0,0.0,0.0,0.0
2458598.524753493,0.0,0.0,0.0,0.0,0.0,0.0,0.0,0.0,0.0,0.0,0.0,0.0,0.0,0.0,0.0,0.0
2457887.539416314,0.0,0.0,0.0,0.0,0.0,0.0,0.0,0.0,0.0,0.0,0.0,0.0,0.0,0.0,0.0,0.0
2458601.663460056,0.0,0.0,0.0,0.0,0.0,0.0,0.0,0.0,0.0,0.0,0.0,0.0,0.0,0.0,0.0,0.0
2457890.47636911,0.0,0.0,0.0,0.0,0.0,0.0,0.0,0.0,0.0,0.0,0.0,0.0,0.0,0.0,0.0,0.0
2458604.4781881585,0.0,0.0,0.0,0.0,0.0,0.0,0.0,0.0,0.0,0.0,0.0,0.0,0.0,0.0,0.0,0.0
2457892.5458247666,0.0,0.0,0.0,0.0,0.0,0.0,0.0,0.0,0.0,0.0,0.0,0.0,0.0,0.0,0.0,0.0
2458605.475571621,0.0,0.0,0.0,0.0,0.0,0.0,0.0,0.0,0.0,0.0,0.0,0.0,0.0,0.0,0.0,0.0
2457917.281511636,0.0,0.0,0.0,0.0,0.0,0.0,0.0,0.0,0.0,0.0,0.0,0.0,0.0,0.0,0.0,0.0
2458605.5480926703,0.0,0.0,0.0,0.0,0.0,0.0,0.0,0.0,0.0,0.0,0.0,0.0,0.0,0.0,0.0,0.0
2457920.268532557,0.0,0.0,0.0,0.0,0.0,0.0,0.0,0.0,0.0,0.0,0.0,0.0,0.0,0.0,0.0,0.0
2458606.5676491084,0.0,0.0,0.0,0.0,0.0,0.0,0.0,0.0,0.0,0.0,0.0,0.0,0.0,0.0,0.0,0.0
2457920.5142538897,0.0,0.0,0.0,0.0,0.0,0.0,0.0,0.0,0.0,0.0,0.0,0.0,0.0,0.0,0.0,0.0
2458609.516244652,0.0,0.0,0.0,0.0,0.0,0.0,0.0,0.0,0.0,0.0,0.0,0.0,0.0,0.0,0.0,0.0
2457921.3642894328,0.0,0.0,0.0,0.0,0.0,0.0,0.0,0.0,0.0,0.0,0.0,0.0,0.0,0.0,0.0,0.0
2458613.470666297,0.0,0.0,0.0,0.0,0.0,0.0,0.0,0.0,0.0,0.0,0.0,0.0,0.0,0.0,0.0,0.0
2457929.281848458,0.0,0.0,0.0,0.0,0.0,0.0,0.0,0.0,0.0,0.0,0.0,0.0,0.0,0.0,0.0,0.0
2458614.498531647,0.0,0.0,0.0,0.0,0.0,0.0,0.0,0.0,0.0,0.0,0.0,0.0,0.0,0.0,0.0,0.0
2457929.400769427,0.0,0.0,0.0,0.0,0.0,0.0,0.0,0.0,0.0,0.0,0.0,0.0,0.0,0.0,0.0,0.0
2458616.53332617,0.0,0.0,0.0,0.0,0.0,0.0,0.0,0.0,0.0,0.0,0.0,0.0,0.0,0.0,0.0,0.0
2457930.3308662456,0.0,0.0,0.0,0.0,0.0,0.0,0.0,0.0,0.0,0.0,0.0,0.0,0.0,0.0,0.0,0.0
2458617.4448756645,0.0,0.0,0.0,0.0,0.0,0.0,0.0,0.0,0.0,0.0,0.0,0.0,0.0,0.0,0.0,0.0
2457937.5078282906,0.0,0.0,0.0,0.0,0.0,0.0,0.0,0.0,0.0,0.0,0.0,0.0,0.0,0.0,0.0,0.0
2458618.489133425,0.0,0.0,0.0,0.0,0.0,0.0,0.0,0.0,0.0,0.0,0.0,0.0,0.0,0.0,0.0,0.0
2457938.320787105,0.0,0.0,0.0,0.0,0.0,0.0,0.0,0.0,0.0,0.0,0.0,0.0,0.0,0.0,0.0,0.0
2458627.4767297106,0.0,0.0,0.0,0.0,0.0,0.0,0.0,0.0,0.0,0.0,0.0,0.0,0.0,0.0,0.0,0.0
2457939.2205914864,0.0,0.0,0.0,0.0,0.0,0.0,0.0,0.0,0.0,0.0,0.0,0.0,0.0,0.0,0.0,0.0
2458627.4787909323,0.0,0.0,0.0,0.0,0.0,0.0,0.0,0.0,0.0,0.0,0.0,0.0,0.0,0.0,0.0,0.0
2457939.51027184,0.0,0.0,0.0,0.0,0.0,0.0,0.0,0.0,0.0,0.0,0.0,0.0,0.0,0.0,0.0,0.0
2458629.407768317,0.0,0.0,0.0,0.0,0.0,0.0,0.0,0.0,0.0,0.0,0.0,0.0,0.0,0.0,0.0,0.0
2457941.557422048,0.0,0.0,0.0,0.0,0.0,0.0,0.0,0.0,0.0,0.0,0.0,0.0,0.0,0.0,0.0,0.0
2458630.4780625715,0.0,0.0,0.0,0.0,0.0,0.0,0.0,0.0,0.0,0.0,0.0,0.0,0.0,0.0,0.0,0.0
2457942.463006235,0.0,0.0,0.0,0.0,0.0,0.0,0.0,0.0,0.0,0.0,0.0,0.0,0.0,0.0,0.0,0.0
2458638.387311093,0.0,0.0,0.0,0.0,0.0,0.0,0.0,0.0,0.0,0.0,0.0,0.0,0.0,0.0,0.0,0.0
2457943.209657143,0.0,0.0,0.0,0.0,0.0,0.0,0.0,0.0,0.0,0.0,0.0,0.0,0.0,0.0,0.0,0.0
2458641.379389222,0.0,0.0,0.0,0.0,0.0,0.0,0.0,0.0,0.0,0.0,0.0,0.0,0.0,0.0,0.0,0.0
2457945.46849369,0.0,0.0,0.0,0.0,0.0,0.0,0.0,0.0,0.0,0.0,0.0,0.0,0.0,0.0,0.0,0.0
2458645.420886237,0.0,0.0,0.0,0.0,0.0,0.0,0.0,0.0,0.0,0.0,0.0,0.0,0.0,0.0,0.0,0.0
2457946.2225232264,0.0,0.0,0.0,0.0,0.0,0.0,0.0,0.0,0.0,0.0,0.0,0.0,0.0,0.0,0.0,0.0
2458648.3919947343,0.0,0.0,0.0,0.0,0.0,0.0,0.0,0.0,0.0,0.0,0.0,0.0,0.0,0.0,0.0,0.0
2457946.285901074,0.0,0.0,0.0,0.0,0.0,0.0,0.0,0.0,0.0,0.0,0.0,0.0,0.0,0.0,0.0,0.0
2458654.4029523274,0.0,0.0,0.0,0.0,0.0,0.0,0.0,0.0,0.0,0.0,0.0,0.0,0.0,0.0,0.0,0.0
2457946.5539573054,0.0,0.0,0.0,0.0,0.0,0.0,0.0,0.0,0.0,0.0,0.0,0.0,0.0,0.0,0.0,0.0
2458654.534325801,0.0,0.0,0.0,0.0,0.0,0.0,0.0,0.0,0.0,0.0,0.0,0.0,0.0,0.0,0.0,0.0
2457947.355011532,0.0,0.0,0.0,0.0,0.0,0.0,0.0,0.0,0.0,0.0,0.0,0.0,0.0,0.0,0.0,0.0
2458655.355112031,0.0,0.0,0.0,0.0,0.0,0.0,0.0,0.0,0.0,0.0,0.0,0.0,0.0,0.0,0.0,0.0
2457947.559679398,0.0,0.0,0.0,0.0,0.0,0.0,0.0,0.0,0.0,0.0,0.0,0.0,0.0,0.0,0.0,0.0
2458655.4558485434,0.0,0.0,0.0,0.0,0.0,0.0,0.0,0.0,0.0,0.0,0.0,0.0,0.0,0.0,0.0,0.0
2457948.3068485176,0.0,0.0,0.0,0.0,0.0,0.0,0.0,0.0,0.0,0.0,0.0,0.0,0.0,0.0,0.0,0.0
2458661.2690360844,0.0,0.0,0.0,0.0,0.0,0.0,0.0,0.0,0.0,0.0,0.0,0.0,0.0,0.0,0.0,0.0
2457949.229750251,0.0,0.0,0.0,0.0,0.0,0.0,0.0,0.0,0.0,0.0,0.0,0.0,0.0,0.0,0.0,0.0
2458661.280856016,0.0,0.0,0.0,0.0,0.0,0.0,0.0,0.0,0.0,0.0,0.0,0.0,0.0,0.0,0.0,0.0
2457949.524419063,0.0,0.0,0.0,0.0,0.0,0.0,0.0,0.0,0.0,0.0,0.0,0.0,0.0,0.0,0.0,0.0
2458661.2926716423,0.0,0.0,0.0,0.0,0.0,0.0,0.0,0.0,0.0,0.0,0.0,0.0,0.0,0.0,0.0,0.0
2457847.474401702,0.0,0.0,0.0,0.0,0.0,0.0,0.0,0.0,0.0,0.0,0.0,0.0,0.0,0.0,0.0,0.0
2457954.54251522,0.0,0.0,0.0,0.0,0.0,0.0,0.0,0.0,0.0,0.0,0.0,0.0,0.0,0.0,0.0,0.0
2457848.6399638266,0.0,0.0,0.0,0.0,0.0,0.0,0.0,0.0,0.0,0.0,0.0,0.0,0.0,0.0,0.0,0.0
2457956.393108671,0.0,0.0,0.0,0.0,0.0,0.0,0.0,0.0,0.0,0.0,0.0,0.0,0.0,0.0,0.0,0.0
2457864.6033046963,0.0,0.0,0.0,0.0,0.0,0.0,0.0,0.0,0.0,0.0,0.0,0.0,0.0,0.0,0.0,0.0
2458670.300158869,0.0,0.0,0.0,0.0,0.0,0.0,0.0,0.0,0.0,0.0,0.0,0.0,0.0,0.0,0.0,0.0
2457957.427631184,0.0,0.0,0.0,0.0,0.0,0.0,0.0,0.0,0.0,0.0,0.0,0.0,0.0,0.0,0.0,0.0
2457958.371690423,0.0,0.0,0.0,0.0,0.0,0.0,0.0,0.0,0.0,0.0,0.0,0.0,0.0,0.0,0.0,0.0
2457958.46966393,0.0,0.0,0.0,0.0,0.0,0.0,0.0,0.0,0.0,0.0,0.0,0.0,0.0,0.0,0.0,0.0
2457959.281365053,0.0,0.0,0.0,0.0,0.0,0.0,0.0,0.0,0.0,0.0,0.0,0.0,0.0,0.0,0.0,0.0
2457965.402054788,0.0,0.0,0.0,0.0,0.0,0.0,0.0,0.0,0.0,0.0,0.0,0.0,0.0,0.0,0.0,0.0
2457967.465456381,0.0,0.0,0.0,0.0,0.0,0.0,0.0,0.0,0.0,0.0,0.0,0.0,0.0,0.0,0.0,0.0
2457968.3680965863,0.0,0.0,0.0,0.0,0.0,0.0,0.0,0.0,0.0,0.0,0.0,0.0,0.0,0.0,0.0,0.0
2457969.33330532,0.0,0.0,0.0,0.0,0.0,0.0,0.0,0.0,0.0,0.0,0.0,0.0,0.0,0.0,0.0,0.0
2457971.250735761,0.0,0.0,0.0,0.0,0.0,0.0,0.0,0.0,0.0,0.0,0.0,0.0,0.0,0.0,0.0,0.0
2457972.3057088405,0.0,0.0,0.0,0.0,0.0,0.0,0.0,0.0,0.0,0.0,0.0,0.0,0.0,0.0,0.0,0.0
2457972.447663879,0.0,0.0,0.0,0.0,0.0,0.0,0.0,0.0,0.0,0.0,0.0,0.0,0.0,0.0,0.0,0.0
2457973.489284946,0.0,0.0,0.0,0.0,0.0,0.0,0.0,0.0,0.0,0.0,0.0,0.0,0.0,0.0,0.0,0.0
2457974.405988326,0.0,0.0,0.0,0.0,0.0,0.0,0.0,0.0,0.0,0.0,0.0,0.0,0.0,0.0,0.0,0.0
2457979.4565962977,0.0,0.0,0.0,0.0,0.0,0.0,0.0,0.0,0.0,0.0,0.0,0.0,0.0,0.0,0.0,0.0
2457980.342410183,0.0,0.0,0.0,0.0,0.0,0.0,0.0,0.0,0.0,0.0,0.0,0.0,0.0,0.0,0.0,0.0
2457984.4181637745,0.0,0.0,0.0,0.0,0.0,0.0,0.0,0.0,0.0,0.0,0.0,0.0,0.0,0.0,0.0,0.0
2457985.411923606,0.0,0.0,0.0,0.0,0.0,0.0,0.0,0.0,0.0,0.0,0.0,0.0,0.0,0.0,0.0,0.0
2457986.335461361,0.0,0.0,0.0,0.0,0.0,0.0,0.0,0.0,0.0,0.0,0.0,0.0,0.0,0.0,0.0,0.0
2457986.436139132,0.0,0.0,0.0,0.0,0.0,0.0,0.0,0.0,0.0,0.0,0.0,0.0,0.0,0.0,0.0,0.0
2457989.341793312,0.0,0.0,0.0,0.0,0.0,0.0,0.0,0.0,0.0,0.0,0.0,0.0,0.0,0.0,0.0,0.0
2457991.347971377,0.0,0.0,0.0,0.0,0.0,0.0,0.0,0.0,0.0,0.0,0.0,0.0,0.0,0.0,0.0,0.0
2457992.223905595,0.0,0.0,0.0,0.0,0.0,0.0,0.0,0.0,0.0,0.0,0.0,0.0,0.0,0.0,0.0,0.0
2457992.420261081,0.0,0.0,0.0,0.0,0.0,0.0,0.0,0.0,0.0,0.0,0.0,0.0,0.0,0.0,0.0,0.0
2458000.3341853563,0.0,0.0,0.0,0.0,0.0,0.0,0.0,0.0,0.0,0.0,0.0,0.0,0.0,0.0,0.0,0.0
2458001.2489980594,0.0,0.0,0.0,0.0,0.0,0.0,0.0,0.0,0.0,0.0,0.0,0.0,0.0,0.0,0.0,0.0
2458001.3902694248,0.0,0.0,0.0,0.0,0.0,0.0,0.0,0.0,0.0,0.0,0.0,0.0,0.0,0.0,0.0,0.0
2458003.297798593,0.0,0.0,0.0,0.0,0.0,0.0,0.0,0.0,0.0,0.0,0.0,0.0,0.0,0.0,0.0,0.0
2458006.2573504504,0.0,0.0,0.0,0.0,0.0,0.0,0.0,0.0,0.0,0.0,0.0,0.0,0.0,0.0,0.0,0.0
2458007.2988764485,0.0,0.0,0.0,0.0,0.0,0.0,0.0,0.0,0.0,0.0,0.0,0.0,0.0,0.0,0.0,0.0
2458010.2604249176,0.0,0.0,0.0,0.0,0.0,0.0,0.0,0.0,0.0,0.0,0.0,0.0,0.0,0.0,0.0,0.0
2458011.32532236,0.0,0.0,0.0,0.0,0.0,0.0,0.0,0.0,0.0,0.0,0.0,0.0,0.0,0.0,0.0,0.0
2458013.2764047696,0.0,0.0,0.0,0.0,0.0,0.0,0.0,0.0,0.0,0.0,0.0,0.0,0.0,0.0,0.0,0.0
2458014.3705527075,0.0,0.0,0.0,0.0,0.0,0.0,0.0,0.0,0.0,0.0,0.0,0.0,0.0,0.0,0.0,0.0
2458016.3460558387,0.0,0.0,0.0,0.0,0.0,0.0,0.0,0.0,0.0,0.0,0.0,0.0,0.0,0.0,0.0,0.0
2458019.2728536697,0.0,0.0,0.0,0.0,0.0,0.0,0.0,0.0,0.0,0.0,0.0,0.0,0.0,0.0,0.0,0.0
2458020.349691239,0.0,0.0,0.0,0.0,0.0,0.0,0.0,0.0,0.0,0.0,0.0,0.0,0.0,0.0,0.0,0.0
2458021.2600582764,0.0,0.0,0.0,0.0,0.0,0.0,0.0,0.0,0.0,0.0,0.0,0.0,0.0,0.0,0.0,0.0
2458024.234558592,0.0,0.0,0.0,0.0,0.0,0.0,0.0,0.0,0.0,0.0,0.0,0.0,0.0,0.0,0.0,0.0
2458028.2803547904,0.0,0.0,0.0,0.0,0.0,0.0,0.0,0.0,0.0,0.0,0.0,0.0,0.0,0.0,0.0,0.0
2458032.2512581176,0.0,0.0,0.0,0.0,0.0,0.0,0.0,0.0,0.0,0.0,0.0,0.0,0.0,0.0,0.0,0.0
2458036.25526954,0.0,0.0,0.0,0.0,0.0,0.0,0.0,0.0,0.0,0.0,0.0,0.0,0.0,0.0,0.0,0.0
2458047.2585074967,0.0,0.0,0.0,0.0,0.0,0.0,0.0,0.0,0.0,0.0,0.0,0.0,0.0,0.0,0.0,0.0
2458053.261919596,0.0,0.0,0.0,0.0,0.0,0.0,0.0,0.0,0.0,0.0,0.0,0.0,0.0,0.0,0.0,0.0
2458165.624770011,0.0,0.0,0.0,0.0,0.0,0.0,0.0,0.0,0.0,0.0,0.0,0.0,0.0,0.0,0.0,0.0
2458245.6588727683,0.0,0.0,0.0,0.0,0.0,0.0,0.0,0.0,0.0,0.0,0.0,0.0,0.0,0.0,0.0,0.0
2458249.6094268835,0.0,0.0,0.0,0.0,0.0,0.0,0.0,0.0,0.0,0.0,0.0,0.0,0.0,0.0,0.0,0.0
2458249.6565267816,0.0,0.0,0.0,0.0,0.0,0.0,0.0,0.0,0.0,0.0,0.0,0.0,0.0,0.0,0.0,0.0
2458251.64226252,0.0,0.0,0.0,0.0,0.0,0.0,0.0,0.0,0.0,0.0,0.0,0.0,0.0,0.0,0.0,0.0
2458252.5128877084,0.0,0.0,0.0,0.0,0.0,0.0,0.0,0.0,0.0,0.0,0.0,0.0,0.0,0.0,0.0,0.0
2458252.6269856244,0.0,0.0,0.0,0.0,0.0,0.0,0.0,0.0,0.0,0.0,0.0,0.0,0.0,0.0,0.0,0.0
2458255.545914813,0.0,0.0,0.0,0.0,0.0,0.0,0.0,0.0,0.0,0.0,0.0,0.0,0.0,0.0,0.0,0.0
2458256.5666726194,0.0,0.0,0.0,0.0,0.0,0.0,0.0,0.0,0.0,0.0,0.0,0.0,0.0,0.0,0.0,0.0
2458257.584414819,0.0,0.0,0.0,0.0,0.0,0.0,0.0,0.0,0.0,0.0,0.0,0.0,0.0,0.0,0.0,0.0
2458275.574120163,0.0,0.0,0.0,0.0,0.0,0.0,0.0,0.0,0.0,0.0,0.0,0.0,0.0,0.0,0.0,0.0
2458276.3785189395,0.0,0.0,0.0,0.0,0.0,0.0,0.0,0.0,0.0,0.0,0.0,0.0,0.0,0.0,0.0,0.0
2458276.462250938,0.0,0.0,0.0,0.0,0.0,0.0,0.0,0.0,0.0,0.0,0.0,0.0,0.0,0.0,0.0,0.0
2458277.3758365232,0.0,0.0,0.0,0.0,0.0,0.0,0.0,0.0,0.0,0.0,0.0,0.0,0.0,0.0,0.0,0.0
2458277.5604625684,0.0,0.0,0.0,0.0,0.0,0.0,0.0,0.0,0.0,0.0,0.0,0.0,0.0,0.0,0.0,0.0
2458278.3731292933,0.0,0.0,0.0,0.0,0.0,0.0,0.0,0.0,0.0,0.0,0.0,0.0,0.0,0.0,0.0,0.0
2458278.507567356,0.0,0.0,0.0,0.0,0.0,0.0,0.0,0.0,0.0,0.0,0.0,0.0,0.0,0.0,0.0,0.0
2458281.52926847,0.0,0.0,0.0,0.0,0.0,0.0,0.0,0.0,0.0,0.0,0.0,0.0,0.0,0.0,0.0,0.0
2458282.36260925,0.0,0.0,0.0,0.0,0.0,0.0,0.0,0.0,0.0,0.0,0.0,0.0,0.0,0.0,0.0,0.0
2458292.3310748525,0.0,0.0,0.0,0.0,0.0,0.0,0.0,0.0,0.0,0.0,0.0,0.0,0.0,0.0,0.0,0.0
2458292.4348528185,0.0,0.0,0.0,0.0,0.0,0.0,0.0,0.0,0.0,0.0,0.0,0.0,0.0,0.0,0.0,0.0
2458300.37233397,0.0,0.0,0.0,0.0,0.0,0.0,0.0,0.0,0.0,0.0,0.0,0.0,0.0,0.0,0.0,0.0
2458303.386133644,0.0,0.0,0.0,0.0,0.0,0.0,0.0,0.0,0.0,0.0,0.0,0.0,0.0,0.0,0.0,0.0
2458304.456580722,0.0,0.0,0.0,0.0,0.0,0.0,0.0,0.0,0.0,0.0,0.0,0.0,0.0,0.0,0.0,0.0
2458305.306583637,0.0,0.0,0.0,0.0,0.0,0.0,0.0,0.0,0.0,0.0,0.0,0.0,0.0,0.0,0.0,0.0
2458306.2970073363,0.0,0.0,0.0,0.0,0.0,0.0,0.0,0.0,0.0,0.0,0.0,0.0,0.0,0.0,0.0,0.0
2458308.295095597,0.0,0.0,0.0,0.0,0.0,0.0,0.0,0.0,0.0,0.0,0.0,0.0,0.0,0.0,0.0,0.0
2458310.286114429,0.0,0.0,0.0,0.0,0.0,0.0,0.0,0.0,0.0,0.0,0.0,0.0,0.0,0.0,0.0,0.0
2458320.2581903823,0.0,0.0,0.0,0.0,0.0,0.0,0.0,0.0,0.0,0.0,0.0,0.0,0.0,0.0,0.0,0.0
2458674.2892283723,0.0,0.0,0.0,0.0,0.0,0.0,0.0,0.0,0.0,0.0,0.0,0.0,0.0,0.0,0.0,0.0
2458700.2785239825,0.0,0.0,0.0,0.0,0.0,0.0,0.0,0.0,0.0,0.0,0.0,0.0,0.0,0.0,0.0,0.0
2458702.314620388,0.0,0.0,0.0,0.0,0.0,0.0,0.0,0.0,0.0,0.0,0.0,0.0,0.0,0.0,0.0,0.0
2458705.331297047,0.0,0.0,0.0,0.0,0.0,0.0,0.0,0.0,0.0,0.0,0.0,0.0,0.0,0.0,0.0,0.0
2458710.2488079933,0.0,0.0,0.0,0.0,0.0,0.0,0.0,0.0,0.0,0.0,0.0,0.0,0.0,0.0,0.0,0.0
2458710.311108535,0.0,0.0,0.0,0.0,0.0,0.0,0.0,0.0,0.0,0.0,0.0,0.0,0.0,0.0,0.0,0.0
2458711.290968925,0.0,0.0,0.0,0.0,0.0,0.0,0.0,0.0,0.0,0.0,0.0,0.0,0.0,0.0,0.0,0.0
2458712.3256003177,0.0,0.0,0.0,0.0,0.0,0.0,0.0,0.0,0.0,0.0,0.0,0.0,0.0,0.0,0.0,0.0
2458713.2737512034,0.0,0.0,0.0,0.0,0.0,0.0,0.0,0.0,0.0,0.0,0.0,0.0,0.0,0.0,0.0,0.0
2458715.2174431877,0.0,0.0,0.0,0.0,0.0,0.0,0.0,0.0,0.0,0.0,0.0,0.0,0.0,0.0,0.0,0.0
2458720.3276619185,0.0,0.0,0.0,0.0,0.0,0.0,0.0,0.0,0.0,0.0,0.0,0.0,0.0,0.0,0.0,0.0
2458721.2232029005,0.0,0.0,0.0,0.0,0.0,0.0,0.0,0.0,0.0,0.0,0.0,0.0,0.0,0.0,0.0,0.0
2458724.237747651,0.0,0.0,0.0,0.0,0.0,0.0,0.0,0.0,0.0,0.0,0.0,0.0,0.0,0.0,0.0,0.0
2458725.326824634,0.0,0.0,0.0,0.0,0.0,0.0,0.0,0.0,0.0,0.0,0.0,0.0,0.0,0.0,0.0,0.0
2458730.2594076246,0.0,0.0,0.0,0.0,0.0,0.0,0.0,0.0,0.0,0.0,0.0,0.0,0.0,0.0,0.0,0.0
2457844.6256494867,0.0,0.0,0.0,0.0,0.0,0.0,0.0,0.0,0.0,0.0,0.0,0.0,0.0,0.0,0.0,0.0
2458580.5477209063,0.0,0.0,0.0,0.0,0.0,0.0,0.0,0.0,0.0,0.0,0.0,0.0,0.0,0.0,0.0,0.0
2458668.3369767014,0.0,0.0,0.0,0.0,0.0,0.0,0.0,0.0,0.0,0.0,0.0,0.0,0.0,0.0,0.0,0.0
2458580.5674088714,0.0,0.0,0.0,0.0,0.0,0.0,0.0,0.0,0.0,0.0,0.0,0.0,0.0,0.0,0.0,0.0
2457844.6393091064,0.0,0.0,0.0,0.0,0.0,0.0,0.0,0.0,0.0,0.0,0.0,0.0,0.0,0.0,0.0,0.0
2458581.5935702887,0.0,0.0,0.0,0.0,0.0,0.0,0.0,0.0,0.0,0.0,0.0,0.0,0.0,0.0,0.0,0.0
2457846.5693664835,0.0,0.0,0.0,0.0,0.0,0.0,0.0,0.0,0.0,0.0,0.0,0.0,0.0,0.0,0.0,0.0
2458583.55602196,0.0,0.0,0.0,0.0,0.0,0.0,0.0,0.0,0.0,0.0,0.0,0.0,0.0,0.0,0.0,0.0
2457847.4785421803,0.0,0.0,0.0,0.0,0.0,0.0,0.0,0.0,0.0,0.0,0.0,0.0,0.0,0.0,0.0,0.0
2458583.633548034,0.0,0.0,0.0,0.0,0.0,0.0,0.0,0.0,0.0,0.0,0.0,0.0,0.0,0.0,0.0,0.0
2457848.644086064,0.0,0.0,0.0,0.0,0.0,0.0,0.0,0.0,0.0,0.0,0.0,0.0,0.0,0.0,0.0,0.0
2458585.5635011964,0.0,0.0,0.0,0.0,0.0,0.0,0.0,0.0,0.0,0.0,0.0,0.0,0.0,0.0,0.0,0.0
2457876.64502801,0.0,0.0,0.0,0.0,0.0,0.0,0.0,0.0,0.0,0.0,0.0,0.0,0.0,0.0,0.0,0.0
2458591.627385281,0.0,0.0,0.0,0.0,0.0,0.0,0.0,0.0,0.0,0.0,0.0,0.0,0.0,0.0,0.0,0.0
2457887.543517807,0.0,0.0,0.0,0.0,0.0,0.0,0.0,0.0,0.0,0.0,0.0,0.0,0.0,0.0,0.0,0.0
2458592.5122987675,0.0,0.0,0.0,0.0,0.0,0.0,0.0,0.0,0.0,0.0,0.0,0.0,0.0,0.0,0.0,0.0
2457890.480495799,0.0,0.0,0.0,0.0,0.0,0.0,0.0,0.0,0.0,0.0,0.0,0.0,0.0,0.0,0.0,0.0
2458598.5287038027,0.0,0.0,0.0,0.0,0.0,0.0,0.0,0.0,0.0,0.0,0.0,0.0,0.0,0.0,0.0,0.0
2457892.5499388035,0.0,0.0,0.0,0.0,0.0,0.0,0.0,0.0,0.0,0.0,0.0,0.0,0.0,0.0,0.0,0.0
2458601.667416367,0.0,0.0,0.0,0.0,0.0,0.0,0.0,0.0,0.0,0.0,0.0,0.0,0.0,0.0,0.0,0.0
2457917.285651154,0.0,0.0,0.0,0.0,0.0,0.0,0.0,0.0,0.0,0.0,0.0,0.0,0.0,0.0,0.0,0.0
2458604.482127509,0.0,0.0,0.0,0.0,0.0,0.0,0.0,0.0,0.0,0.0,0.0,0.0,0.0,0.0,0.0,0.0
2457920.272670621,0.0,0.0,0.0,0.0,0.0,0.0,0.0,0.0,0.0,0.0,0.0,0.0,0.0,0.0,0.0,0.0
2458605.479514167,0.0,0.0,0.0,0.0,0.0,0.0,0.0,0.0,0.0,0.0,0.0,0.0,0.0,0.0,0.0,0.0
2457920.518385048,0.0,0.0,0.0,0.0,0.0,0.0,0.0,0.0,0.0,0.0,0.0,0.0,0.0,0.0,0.0,0.0
2458605.552046745,0.0,0.0,0.0,0.0,0.0,0.0,0.0,0.0,0.0,0.0,0.0,0.0,0.0,0.0,0.0,0.0
2457921.356053173,0.0,0.0,0.0,0.0,0.0,0.0,0.0,0.0,0.0,0.0,0.0,0.0,0.0,0.0,0.0,0.0
2458609.520190235,0.0,0.0,0.0,0.0,0.0,0.0,0.0,0.0,0.0,0.0,0.0,0.0,0.0,0.0,0.0,0.0
2457929.285980765,0.0,0.0,0.0,0.0,0.0,0.0,0.0,0.0,0.0,0.0,0.0,0.0,0.0,0.0,0.0,0.0
2458613.474623938,0.0,0.0,0.0,0.0,0.0,0.0,0.0,0.0,0.0,0.0,0.0,0.0,0.0,0.0,0.0,0.0
2457929.4048855733,0.0,0.0,0.0,0.0,0.0,0.0,0.0,0.0,0.0,0.0,0.0,0.0,0.0,0.0,0.0,0.0
2458614.502471317,0.0,0.0,0.0,0.0,0.0,0.0,0.0,0.0,0.0,0.0,0.0,0.0,0.0,0.0,0.0,0.0
2457930.3349543903,0.0,0.0,0.0,0.0,0.0,0.0,0.0,0.0,0.0,0.0,0.0,0.0,0.0,0.0,0.0,0.0
2458616.53728144,0.0,0.0,0.0,0.0,0.0,0.0,0.0,0.0,0.0,0.0,0.0,0.0,0.0,0.0,0.0,0.0
2457937.51194528,0.0,0.0,0.0,0.0,0.0,0.0,0.0,0.0,0.0,0.0,0.0,0.0,0.0,0.0,0.0,0.0
2458617.4488295107,0.0,0.0,0.0,0.0,0.0,0.0,0.0,0.0,0.0,0.0,0.0,0.0,0.0,0.0,0.0,0.0
2457938.324913888,0.0,0.0,0.0,0.0,0.0,0.0,0.0,0.0,0.0,0.0,0.0,0.0,0.0,0.0,0.0,0.0
2458618.493078466,0.0,0.0,0.0,0.0,0.0,0.0,0.0,0.0,0.0,0.0,0.0,0.0,0.0,0.0,0.0,0.0
2457939.2247257736,0.0,0.0,0.0,0.0,0.0,0.0,0.0,0.0,0.0,0.0,0.0,0.0,0.0,0.0,0.0,0.0
2458627.48273309,0.0,0.0,0.0,0.0,0.0,0.0,0.0,0.0,0.0,0.0,0.0,0.0,0.0,0.0,0.0,0.0
2457939.514383561,0.0,0.0,0.0,0.0,0.0,0.0,0.0,0.0,0.0,0.0,0.0,0.0,0.0,0.0,0.0,0.0
2458629.411726972,0.0,0.0,0.0,0.0,0.0,0.0,0.0,0.0,0.0,0.0,0.0,0.0,0.0,0.0,0.0,0.0
2457941.5615749788,0.0,0.0,0.0,0.0,0.0,0.0,0.0,0.0,0.0,0.0,0.0,0.0,0.0,0.0,0.0,0.0
2458630.4820207856,0.0,0.0,0.0,0.0,0.0,0.0,0.0,0.0,0.0,0.0,0.0,0.0,0.0,0.0,0.0,0.0
2457942.467166608,0.0,0.0,0.0,0.0,0.0,0.0,0.0,0.0,0.0,0.0,0.0,0.0,0.0,0.0,0.0,0.0
2458638.391270046,0.0,0.0,0.0,0.0,0.0,0.0,0.0,0.0,0.0,0.0,0.0,0.0,0.0,0.0,0.0,0.0
2457943.2138223667,0.0,0.0,0.0,0.0,0.0,0.0,0.0,0.0,0.0,0.0,0.0,0.0,0.0,0.0,0.0,0.0
2458641.383334027,0.0,0.0,0.0,0.0,0.0,0.0,0.0,0.0,0.0,0.0,0.0,0.0,0.0,0.0,0.0,0.0
2457945.4726590468,0.0,0.0,0.0,0.0,0.0,0.0,0.0,0.0,0.0,0.0,0.0,0.0,0.0,0.0,0.0,0.0
2458645.4248342896,0.0,0.0,0.0,0.0,0.0,0.0,0.0,0.0,0.0,0.0,0.0,0.0,0.0,0.0,0.0,0.0
2457946.2266863934,0.0,0.0,0.0,0.0,0.0,0.0,0.0,0.0,0.0,0.0,0.0,0.0,0.0,0.0,0.0,0.0
2458648.395952338,0.0,0.0,0.0,0.0,0.0,0.0,0.0,0.0,0.0,0.0,0.0,0.0,0.0,0.0,0.0,0.0
2457946.29006351,0.0,0.0,0.0,0.0,0.0,0.0,0.0,0.0,0.0,0.0,0.0,0.0,0.0,0.0,0.0,0.0
2458654.406901687,0.0,0.0,0.0,0.0,0.0,0.0,0.0,0.0,0.0,0.0,0.0,0.0,0.0,0.0,0.0,0.0
2457946.5581340897,0.0,0.0,0.0,0.0,0.0,0.0,0.0,0.0,0.0,0.0,0.0,0.0,0.0,0.0,0.0,0.0
2458654.5382666388,0.0,0.0,0.0,0.0,0.0,0.0,0.0,0.0,0.0,0.0,0.0,0.0,0.0,0.0,0.0,0.0
2457947.359176254,0.0,0.0,0.0,0.0,0.0,0.0,0.0,0.0,0.0,0.0,0.0,0.0,0.0,0.0,0.0,0.0
2458655.359063696,0.0,0.0,0.0,0.0,0.0,0.0,0.0,0.0,0.0,0.0,0.0,0.0,0.0,0.0,0.0,0.0
2457947.563845476,0.0,0.0,0.0,0.0,0.0,0.0,0.0,0.0,0.0,0.0,0.0,0.0,0.0,0.0,0.0,0.0
2458655.4597943854,0.0,0.0,0.0,0.0,0.0,0.0,0.0,0.0,0.0,0.0,0.0,0.0,0.0,0.0,0.0,0.0
2457948.3109961264,0.0,0.0,0.0,0.0,0.0,0.0,0.0,0.0,0.0,0.0,0.0,0.0,0.0,0.0,0.0,0.0
2458661.265094811,0.0,0.0,0.0,0.0,0.0,0.0,0.0,0.0,0.0,0.0,0.0,0.0,0.0,0.0,0.0,0.0
2457949.2338970103,0.0,0.0,0.0,0.0,0.0,0.0,0.0,0.0,0.0,0.0,0.0,0.0,0.0,0.0,0.0,0.0
2458661.2769119875,0.0,0.0,0.0,0.0,0.0,0.0,0.0,0.0,0.0,0.0,0.0,0.0,0.0,0.0,0.0,0.0
2457949.5286355787,0.0,0.0,0.0,0.0,0.0,0.0,0.0,0.0,0.0,0.0,0.0,0.0,0.0,0.0,0.0,0.0
2458661.288732786,0.0,0.0,0.0,0.0,0.0,0.0,0.0,0.0,0.0,0.0,0.0,0.0,0.0,0.0,0.0,0.0
2457954.5466874936,0.0,0.0,0.0,0.0,0.0,0.0,0.0,0.0,0.0,0.0,0.0,0.0,0.0,0.0,0.0,0.0
2458661.300560111,0.0,0.0,0.0,0.0,0.0,0.0,0.0,0.0,0.0,0.0,0.0,0.0,0.0,0.0,0.0,0.0
2457956.3972719093,0.0,0.0,0.0,0.0,0.0,0.0,0.0,0.0,0.0,0.0,0.0,0.0,0.0,0.0,0.0,0.0
2458661.312378998,0.0,0.0,0.0,0.0,0.0,0.0,0.0,0.0,0.0,0.0,0.0,0.0,0.0,0.0,0.0,0.0
2457864.607423779,0.0,0.0,0.0,0.0,0.0,0.0,0.0,0.0,0.0,0.0,0.0,0.0,0.0,0.0,0.0,0.0
2457957.431793813,0.0,0.0,0.0,0.0,0.0,0.0,0.0,0.0,0.0,0.0,0.0,0.0,0.0,0.0,0.0,0.0
2457867.461633925,0.0,0.0,0.0,0.0,0.0,0.0,0.0,0.0,0.0,0.0,0.0,0.0,0.0,0.0,0.0,0.0
2457958.375841024,0.0,0.0,0.0,0.0,0.0,0.0,0.0,0.0,0.0,0.0,0.0,0.0,0.0,0.0,0.0,0.0
2457867.503143137,0.0,0.0,0.0,0.0,0.0,0.0,0.0,0.0,0.0,0.0,0.0,0.0,0.0,0.0,0.0,0.0
2458670.304111639,0.0,0.0,0.0,0.0,0.0,0.0,0.0,0.0,0.0,0.0,0.0,0.0,0.0,0.0,0.0,0.0
2457958.4738268424,0.0,0.0,0.0,0.0,0.0,0.0,0.0,0.0,0.0,0.0,0.0,0.0,0.0,0.0,0.0,0.0
2457959.285541668,0.0,0.0,0.0,0.0,0.0,0.0,0.0,0.0,0.0,0.0,0.0,0.0,0.0,0.0,0.0,0.0
2457965.4062059973,0.0,0.0,0.0,0.0,0.0,0.0,0.0,0.0,0.0,0.0,0.0,0.0,0.0,0.0,0.0,0.0
2457968.372264526,0.0,0.0,0.0,0.0,0.0,0.0,0.0,0.0,0.0,0.0,0.0,0.0,0.0,0.0,0.0,0.0
2457969.337479158,0.0,0.0,0.0,0.0,0.0,0.0,0.0,0.0,0.0,0.0,0.0,0.0,0.0,0.0,0.0,0.0
2457971.25488241,0.0,0.0,0.0,0.0,0.0,0.0,0.0,0.0,0.0,0.0,0.0,0.0,0.0,0.0,0.0,0.0
2457972.309856973,0.0,0.0,0.0,0.0,0.0,0.0,0.0,0.0,0.0,0.0,0.0,0.0,0.0,0.0,0.0,0.0
2457972.451811716,0.0,0.0,0.0,0.0,0.0,0.0,0.0,0.0,0.0,0.0,0.0,0.0,0.0,0.0,0.0,0.0
2457973.4934385763,0.0,0.0,0.0,0.0,0.0,0.0,0.0,0.0,0.0,0.0,0.0,0.0,0.0,0.0,0.0,0.0
2457974.410120264,0.0,0.0,0.0,0.0,0.0,0.0,0.0,0.0,0.0,0.0,0.0,0.0,0.0,0.0,0.0,0.0
2457979.4607127523,0.0,0.0,0.0,0.0,0.0,0.0,0.0,0.0,0.0,0.0,0.0,0.0,0.0,0.0,0.0,0.0
2457980.3465413232,0.0,0.0,0.0,0.0,0.0,0.0,0.0,0.0,0.0,0.0,0.0,0.0,0.0,0.0,0.0,0.0
2457984.422287377,0.0,0.0,0.0,0.0,0.0,0.0,0.0,0.0,0.0,0.0,0.0,0.0,0.0,0.0,0.0,0.0
2457985.416067456,0.0,0.0,0.0,0.0,0.0,0.0,0.0,0.0,0.0,0.0,0.0,0.0,0.0,0.0,0.0,0.0
2457986.3395736446,0.0,0.0,0.0,0.0,0.0,0.0,0.0,0.0,0.0,0.0,0.0,0.0,0.0,0.0,0.0,0.0
2457986.4402559525,0.0,0.0,0.0,0.0,0.0,0.0,0.0,0.0,0.0,0.0,0.0,0.0,0.0,0.0,0.0,0.0
2457989.3459140854,0.0,0.0,0.0,0.0,0.0,0.0,0.0,0.0,0.0,0.0,0.0,0.0,0.0,0.0,0.0,0.0
2457991.35228685,0.0,0.0,0.0,0.0,0.0,0.0,0.0,0.0,0.0,0.0,0.0,0.0,0.0,0.0,0.0,0.0
2457992.228028134,0.0,0.0,0.0,0.0,0.0,0.0,0.0,0.0,0.0,0.0,0.0,0.0,0.0,0.0,0.0,0.0
2457992.424424709,0.0,0.0,0.0,0.0,0.0,0.0,0.0,0.0,0.0,0.0,0.0,0.0,0.0,0.0,0.0,0.0
2458000.338311576,0.0,0.0,0.0,0.0,0.0,0.0,0.0,0.0,0.0,0.0,0.0,0.0,0.0,0.0,0.0,0.0
2458001.2531239213,0.0,0.0,0.0,0.0,0.0,0.0,0.0,0.0,0.0,0.0,0.0,0.0,0.0,0.0,0.0,0.0
2458001.39438287,0.0,0.0,0.0,0.0,0.0,0.0,0.0,0.0,0.0,0.0,0.0,0.0,0.0,0.0,0.0,0.0
2458003.301929356,0.0,0.0,0.0,0.0,0.0,0.0,0.0,0.0,0.0,0.0,0.0,0.0,0.0,0.0,0.0,0.0
2458006.261478247,0.0,0.0,0.0,0.0,0.0,0.0,0.0,0.0,0.0,0.0,0.0,0.0,0.0,0.0,0.0,0.0
2458007.30300085,0.0,0.0,0.0,0.0,0.0,0.0,0.0,0.0,0.0,0.0,0.0,0.0,0.0,0.0,0.0,0.0
2458011.3294492178,0.0,0.0,0.0,0.0,0.0,0.0,0.0,0.0,0.0,0.0,0.0,0.0,0.0,0.0,0.0,0.0
2458013.2805298613,0.0,0.0,0.0,0.0,0.0,0.0,0.0,0.0,0.0,0.0,0.0,0.0,0.0,0.0,0.0,0.0
2458014.3746758066,0.0,0.0,0.0,0.0,0.0,0.0,0.0,0.0,0.0,0.0,0.0,0.0,0.0,0.0,0.0,0.0
2458016.350169125,0.0,0.0,0.0,0.0,0.0,0.0,0.0,0.0,0.0,0.0,0.0,0.0,0.0,0.0,0.0,0.0
2458019.2769672326,0.0,0.0,0.0,0.0,0.0,0.0,0.0,0.0,0.0,0.0,0.0,0.0,0.0,0.0,0.0,0.0
2458020.353819292,0.0,0.0,0.0,0.0,0.0,0.0,0.0,0.0,0.0,0.0,0.0,0.0,0.0,0.0,0.0,0.0
2458021.264199345,0.0,0.0,0.0,0.0,0.0,0.0,0.0,0.0,0.0,0.0,0.0,0.0,0.0,0.0,0.0,0.0
2458024.2386872573,0.0,0.0,0.0,0.0,0.0,0.0,0.0,0.0,0.0,0.0,0.0,0.0,0.0,0.0,0.0,0.0
2458028.2844797974,0.0,0.0,0.0,0.0,0.0,0.0,0.0,0.0,0.0,0.0,0.0,0.0,0.0,0.0,0.0,0.0
2458032.255386229,0.0,0.0,0.0,0.0,0.0,0.0,0.0,0.0,0.0,0.0,0.0,0.0,0.0,0.0,0.0,0.0
2458036.259397605,0.0,0.0,0.0,0.0,0.0,0.0,0.0,0.0,0.0,0.0,0.0,0.0,0.0,0.0,0.0,0.0
2458047.2626314773,0.0,0.0,0.0,0.0,0.0,0.0,0.0,0.0,0.0,0.0,0.0,0.0,0.0,0.0,0.0,0.0
2458053.2660810044,0.0,0.0,0.0,0.0,0.0,0.0,0.0,0.0,0.0,0.0,0.0,0.0,0.0,0.0,0.0,0.0
2458165.628898226,0.0,0.0,0.0,0.0,0.0,0.0,0.0,0.0,0.0,0.0,0.0,0.0,0.0,0.0,0.0,0.0
2458244.5503346254,0.0,0.0,0.0,0.0,0.0,0.0,0.0,0.0,0.0,0.0,0.0,0.0,0.0,0.0,0.0,0.0
2458244.569635066,0.0,0.0,0.0,0.0,0.0,0.0,0.0,0.0,0.0,0.0,0.0,0.0,0.0,0.0,0.0,0.0
2458244.6371524567,0.0,0.0,0.0,0.0,0.0,0.0,0.0,0.0,0.0,0.0,0.0,0.0,0.0,0.0,0.0,0.0
2458244.680648196,0.0,0.0,0.0,0.0,0.0,0.0,0.0,0.0,0.0,0.0,0.0,0.0,0.0,0.0,0.0,0.0
2458245.376903666,0.0,0.0,0.0,0.0,0.0,0.0,0.0,0.0,0.0,0.0,0.0,0.0,0.0,0.0,0.0,0.0
2458245.38150642,0.0,0.0,0.0,0.0,0.0,0.0,0.0,0.0,0.0,0.0,0.0,0.0,0.0,0.0,0.0,0.0
2458245.387137588,0.0,0.0,0.0,0.0,0.0,0.0,0.0,0.0,0.0,0.0,0.0,0.0,0.0,0.0,0.0,0.0
2458245.394157284,0.0,0.0,0.0,0.0,0.0,0.0,0.0,0.0,0.0,0.0,0.0,0.0,0.0,0.0,0.0,0.0
2458245.3975464413,0.0,0.0,0.0,0.0,0.0,0.0,0.0,0.0,0.0,0.0,0.0,0.0,0.0,0.0,0.0,0.0
2458245.4010269926,0.0,0.0,0.0,0.0,0.0,0.0,0.0,0.0,0.0,0.0,0.0,0.0,0.0,0.0,0.0,0.0
2458245.404493001,0.0,0.0,0.0,0.0,0.0,0.0,0.0,0.0,0.0,0.0,0.0,0.0,0.0,0.0,0.0,0.0
2458245.407971752,0.0,0.0,0.0,0.0,0.0,0.0,0.0,0.0,0.0,0.0,0.0,0.0,0.0,0.0,0.0,0.0
2458245.411440575,0.0,0.0,0.0,0.0,0.0,0.0,0.0,0.0,0.0,0.0,0.0,0.0,0.0,0.0,0.0,0.0
2458245.414915477,0.0,0.0,0.0,0.0,0.0,0.0,0.0,0.0,0.0,0.0,0.0,0.0,0.0,0.0,0.0,0.0
2458245.41839352,0.0,0.0,0.0,0.0,0.0,0.0,0.0,0.0,0.0,0.0,0.0,0.0,0.0,0.0,0.0,0.0
2458245.421856613,0.0,0.0,0.0,0.0,0.0,0.0,0.0,0.0,0.0,0.0,0.0,0.0,0.0,0.0,0.0,0.0
2458245.425334478,0.0,0.0,0.0,0.0,0.0,0.0,0.0,0.0,0.0,0.0,0.0,0.0,0.0,0.0,0.0,0.0
2458245.428797099,0.0,0.0,0.0,0.0,0.0,0.0,0.0,0.0,0.0,0.0,0.0,0.0,0.0,0.0,0.0,0.0
2458245.432624212,0.0,0.0,0.0,0.0,0.0,0.0,0.0,0.0,0.0,0.0,0.0,0.0,0.0,0.0,0.0,0.0
2458245.435748233,0.0,0.0,0.0,0.0,0.0,0.0,0.0,0.0,0.0,0.0,0.0,0.0,0.0,0.0,0.0,0.0
2458245.43921886,0.0,0.0,0.0,0.0,0.0,0.0,0.0,0.0,0.0,0.0,0.0,0.0,0.0,0.0,0.0,0.0
2458245.4426962445,0.0,0.0,0.0,0.0,0.0,0.0,0.0,0.0,0.0,0.0,0.0,0.0,0.0,0.0,0.0,0.0
2458245.4457722,0.0,0.0,0.0,0.0,0.0,0.0,0.0,0.0,0.0,0.0,0.0,0.0,0.0,0.0,0.0,0.0
2458245.4496421674,0.0,0.0,0.0,0.0,0.0,0.0,0.0,0.0,0.0,0.0,0.0,0.0,0.0,0.0,0.0,0.0
2458245.452861729,0.0,0.0,0.0,0.0,0.0,0.0,0.0,0.0,0.0,0.0,0.0,0.0,0.0,0.0,0.0,0.0
2458245.522762181,0.0,0.0,0.0,0.0,0.0,0.0,0.0,0.0,0.0,0.0,0.0,0.0,0.0,0.0,0.0,0.0
2458245.6629959457,0.0,0.0,0.0,0.0,0.0,0.0,0.0,0.0,0.0,0.0,0.0,0.0,0.0,0.0,0.0,0.0
2458248.3703063037,0.0,0.0,0.0,0.0,0.0,0.0,0.0,0.0,0.0,0.0,0.0,0.0,0.0,0.0,0.0,0.0
2458248.5540916105,0.0,0.0,0.0,0.0,0.0,0.0,0.0,0.0,0.0,0.0,0.0,0.0,0.0,0.0,0.0,0.0
2458248.561047844,0.0,0.0,0.0,0.0,0.0,0.0,0.0,0.0,0.0,0.0,0.0,0.0,0.0,0.0,0.0,0.0
2458248.6088403044,0.0,0.0,0.0,0.0,0.0,0.0,0.0,0.0,0.0,0.0,0.0,0.0,0.0,0.0,0.0,0.0
2458248.647842827,0.0,0.0,0.0,0.0,0.0,0.0,0.0,0.0,0.0,0.0,0.0,0.0,0.0,0.0,0.0,0.0
2458249.3877370623,0.0,0.0,0.0,0.0,0.0,0.0,0.0,0.0,0.0,0.0,0.0,0.0,0.0,0.0,0.0,0.0
2458249.6135519724,0.0,0.0,0.0,0.0,0.0,0.0,0.0,0.0,0.0,0.0,0.0,0.0,0.0,0.0,0.0,0.0
2458249.660658689,0.0,0.0,0.0,0.0,0.0,0.0,0.0,0.0,0.0,0.0,0.0,0.0,0.0,0.0,0.0,0.0
2458251.6463890783,0.0,0.0,0.0,0.0,0.0,0.0,0.0,0.0,0.0,0.0,0.0,0.0,0.0,0.0,0.0,0.0
2458252.5170176453,0.0,0.0,0.0,0.0,0.0,0.0,0.0,0.0,0.0,0.0,0.0,0.0,0.0,0.0,0.0,0.0
2458252.6311107883,0.0,0.0,0.0,0.0,0.0,0.0,0.0,0.0,0.0,0.0,0.0,0.0,0.0,0.0,0.0,0.0
2458255.550055437,0.0,0.0,0.0,0.0,0.0,0.0,0.0,0.0,0.0,0.0,0.0,0.0,0.0,0.0,0.0,0.0
2458256.570790551,0.0,0.0,0.0,0.0,0.0,0.0,0.0,0.0,0.0,0.0,0.0,0.0,0.0,0.0,0.0,0.0
2458275.5782391657,0.0,0.0,0.0,0.0,0.0,0.0,0.0,0.0,0.0,0.0,0.0,0.0,0.0,0.0,0.0,0.0
2458276.3826346206,0.0,0.0,0.0,0.0,0.0,0.0,0.0,0.0,0.0,0.0,0.0,0.0,0.0,0.0,0.0,0.0
2458276.466373237,0.0,0.0,0.0,0.0,0.0,0.0,0.0,0.0,0.0,0.0,0.0,0.0,0.0,0.0,0.0,0.0
2458277.3799642385,0.0,0.0,0.0,0.0,0.0,0.0,0.0,0.0,0.0,0.0,0.0,0.0,0.0,0.0,0.0,0.0
2458277.5645917086,0.0,0.0,0.0,0.0,0.0,0.0,0.0,0.0,0.0,0.0,0.0,0.0,0.0,0.0,0.0,0.0
2458278.3772553224,0.0,0.0,0.0,0.0,0.0,0.0,0.0,0.0,0.0,0.0,0.0,0.0,0.0,0.0,0.0,0.0
2458278.511707504,0.0,0.0,0.0,0.0,0.0,0.0,0.0,0.0,0.0,0.0,0.0,0.0,0.0,0.0,0.0,0.0
2458281.533399981,0.0,0.0,0.0,0.0,0.0,0.0,0.0,0.0,0.0,0.0,0.0,0.0,0.0,0.0,0.0,0.0
2458282.366727623,0.0,0.0,0.0,0.0,0.0,0.0,0.0,0.0,0.0,0.0,0.0,0.0,0.0,0.0,0.0,0.0
2458292.2573339967,0.0,0.0,0.0,0.0,0.0,0.0,0.0,0.0,0.0,0.0,0.0,0.0,0.0,0.0,0.0,0.0
2458292.3205451025,0.0,0.0,0.0,0.0,0.0,0.0,0.0,0.0,0.0,0.0,0.0,0.0,0.0,0.0,0.0,0.0
2458292.335195611,0.0,0.0,0.0,0.0,0.0,0.0,0.0,0.0,0.0,0.0,0.0,0.0,0.0,0.0,0.0,0.0
2458292.4291676264,0.0,0.0,0.0,0.0,0.0,0.0,0.0,0.0,0.0,0.0,0.0,0.0,0.0,0.0,0.0,0.0
2458292.438991618,0.0,0.0,0.0,0.0,0.0,0.0,0.0,0.0,0.0,0.0,0.0,0.0,0.0,0.0,0.0,0.0
2458292.4539471027,0.0,0.0,0.0,0.0,0.0,0.0,0.0,0.0,0.0,0.0,0.0,0.0,0.0,0.0,0.0,0.0
2458292.5442784973,0.0,0.0,0.0,0.0,0.0,0.0,0.0,0.0,0.0,0.0,0.0,0.0,0.0,0.0,0.0,0.0
2458292.5602166457,0.0,0.0,0.0,0.0,0.0,0.0,0.0,0.0,0.0,0.0,0.0,0.0,0.0,0.0,0.0,0.0
2458300.3764654133,0.0,0.0,0.0,0.0,0.0,0.0,0.0,0.0,0.0,0.0,0.0,0.0,0.0,0.0,0.0,0.0
2458303.3902546847,0.0,0.0,0.0,0.0,0.0,0.0,0.0,0.0,0.0,0.0,0.0,0.0,0.0,0.0,0.0,0.0
2458304.460700609,0.0,0.0,0.0,0.0,0.0,0.0,0.0,0.0,0.0,0.0,0.0,0.0,0.0,0.0,0.0,0.0
2458305.310702689,0.0,0.0,0.0,0.0,0.0,0.0,0.0,0.0,0.0,0.0,0.0,0.0,0.0,0.0,0.0,0.0
2458306.3011274,0.0,0.0,0.0,0.0,0.0,0.0,0.0,0.0,0.0,0.0,0.0,0.0,0.0,0.0,0.0,0.0
2458308.299214352,0.0,0.0,0.0,0.0,0.0,0.0,0.0,0.0,0.0,0.0,0.0,0.0,0.0,0.0,0.0,0.0
2458310.2902359487,0.0,0.0,0.0,0.0,0.0,0.0,0.0,0.0,0.0,0.0,0.0,0.0,0.0,0.0,0.0,0.0
2458320.262301332,0.0,0.0,0.0,0.0,0.0,0.0,0.0,0.0,0.0,0.0,0.0,0.0,0.0,0.0,0.0,0.0
2458673.493156136,0.0,0.0,0.0,0.0,0.0,0.0,0.0,0.0,0.0,0.0,0.0,0.0,0.0,0.0,0.0,0.0
2458674.293169077,0.0,0.0,0.0,0.0,0.0,0.0,0.0,0.0,0.0,0.0,0.0,0.0,0.0,0.0,0.0,0.0
2458700.2824814324,0.0,0.0,0.0,0.0,0.0,0.0,0.0,0.0,0.0,0.0,0.0,0.0,0.0,0.0,0.0,0.0
2458702.3185701845,0.0,0.0,0.0,0.0,0.0,0.0,0.0,0.0,0.0,0.0,0.0,0.0,0.0,0.0,0.0,0.0
2458705.3352435925,0.0,0.0,0.0,0.0,0.0,0.0,0.0,0.0,0.0,0.0,0.0,0.0,0.0,0.0,0.0,0.0
2458710.252768423,0.0,0.0,0.0,0.0,0.0,0.0,0.0,0.0,0.0,0.0,0.0,0.0,0.0,0.0,0.0,0.0
2458710.315049884,0.0,0.0,0.0,0.0,0.0,0.0,0.0,0.0,0.0,0.0,0.0,0.0,0.0,0.0,0.0,0.0
2458711.294911447,0.0,0.0,0.0,0.0,0.0,0.0,0.0,0.0,0.0,0.0,0.0,0.0,0.0,0.0,0.0,0.0
2458712.329617274,0.0,0.0,0.0,0.0,0.0,0.0,0.0,0.0,0.0,0.0,0.0,0.0,0.0,0.0,0.0,0.0
2458713.2776971417,0.0,0.0,0.0,0.0,0.0,0.0,0.0,0.0,0.0,0.0,0.0,0.0,0.0,0.0,0.0,0.0
2458715.2213979037,0.0,0.0,0.0,0.0,0.0,0.0,0.0,0.0,0.0,0.0,0.0,0.0,0.0,0.0,0.0,0.0
2458720.331608325,0.0,0.0,0.0,0.0,0.0,0.0,0.0,0.0,0.0,0.0,0.0,0.0,0.0,0.0,0.0,0.0
2458721.2271488667,0.0,0.0,0.0,0.0,0.0,0.0,0.0,0.0,0.0,0.0,0.0,0.0,0.0,0.0,0.0,0.0
2458724.241694077,0.0,0.0,0.0,0.0,0.0,0.0,0.0,0.0,0.0,0.0,0.0,0.0,0.0,0.0,0.0,0.0
2458725.330755036,0.0,0.0,0.0,0.0,0.0,0.0,0.0,0.0,0.0,0.0,0.0,0.0,0.0,0.0,0.0,0.0
2458730.263355776,0.0,0.0,0.0,0.0,0.0,0.0,0.0,0.0,0.0,0.0,0.0,0.0,0.0,0.0,0.0,0.0
2458686.28140584,0.0,0.0,0.0,0.0,0.0,0.0,0.0,0.0,0.0,0.0,0.0,0.0,0.0,0.0,0.0,0.0
2458687.359370948,0.0,0.0,0.0,0.0,0.0,0.0,0.0,0.0,0.0,0.0,0.0,0.0,0.0,0.0,0.0,0.0
2458690.319398819,0.0,0.0,0.0,0.0,0.0,0.0,0.0,0.0,0.0,0.0,0.0,0.0,0.0,0.0,0.0,0.0
2458691.239322507,0.0,0.0,0.0,0.0,0.0,0.0,0.0,0.0,0.0,0.0,0.0,0.0,0.0,0.0,0.0,0.0
2458692.2359629823,0.0,0.0,0.0,0.0,0.0,0.0,0.0,0.0,0.0,0.0,0.0,0.0,0.0,0.0,0.0,0.0
2458692.4018155043,0.0,0.0,0.0,0.0,0.0,0.0,0.0,0.0,0.0,0.0,0.0,0.0,0.0,0.0,0.0,0.0
2458693.2325073606,0.0,0.0,0.0,0.0,0.0,0.0,0.0,0.0,0.0,0.0,0.0,0.0,0.0,0.0,0.0,0.0
2458697.22176838,0.0,0.0,0.0,0.0,0.0,0.0,0.0,0.0,0.0,0.0,0.0,0.0,0.0,0.0,0.0,0.0
2458686.2853442347,0.0,0.0,0.0,0.0,0.0,0.0,0.0,0.0,0.0,0.0,0.0,0.0,0.0,0.0,0.0,0.0
2458687.363336373,0.0,0.0,0.0,0.0,0.0,0.0,0.0,0.0,0.0,0.0,0.0,0.0,0.0,0.0,0.0,0.0
2458690.3233370697,0.0,0.0,0.0,0.0,0.0,0.0,0.0,0.0,0.0,0.0,0.0,0.0,0.0,0.0,0.0,0.0
2458691.243268137,0.0,0.0,0.0,0.0,0.0,0.0,0.0,0.0,0.0,0.0,0.0,0.0,0.0,0.0,0.0,0.0
2458692.2399123167,0.0,0.0,0.0,0.0,0.0,0.0,0.0,0.0,0.0,0.0,0.0,0.0,0.0,0.0,0.0,0.0
2458692.405769706,0.0,0.0,0.0,0.0,0.0,0.0,0.0,0.0,0.0,0.0,0.0,0.0,0.0,0.0,0.0,0.0
2458693.2364349067,0.0,0.0,0.0,0.0,0.0,0.0,0.0,0.0,0.0,0.0,0.0,0.0,0.0,0.0,0.0,0.0
2458697.2257099785,0.0,0.0,0.0,0.0,0.0,0.0,0.0,0.0,0.0,0.0,0.0,0.0,0.0,0.0,0.0,0.0
2458686.289289057,0.0,0.0,0.0,0.0,0.0,0.0,0.0,0.0,0.0,0.0,0.0,0.0,0.0,0.0,0.0,0.0
2458687.366476315,0.0,0.0,0.0,0.0,0.0,0.0,0.0,0.0,0.0,0.0,0.0,0.0,0.0,0.0,0.0,0.0
2458690.3272815244,0.0,0.0,0.0,0.0,0.0,0.0,0.0,0.0,0.0,0.0,0.0,0.0,0.0,0.0,0.0,0.0
2458691.2472144035,0.0,0.0,0.0,0.0,0.0,0.0,0.0,0.0,0.0,0.0,0.0,0.0,0.0,0.0,0.0,0.0
2458692.243852184,0.0,0.0,0.0,0.0,0.0,0.0,0.0,0.0,0.0,0.0,0.0,0.0,0.0,0.0,0.0,0.0
2458692.4097199533,0.0,0.0,0.0,0.0,0.0,0.0,0.0,0.0,0.0,0.0,0.0,0.0,0.0,0.0,0.0,0.0
2458693.240378745,0.0,0.0,0.0,0.0,0.0,0.0,0.0,0.0,0.0,0.0,0.0,0.0,0.0,0.0,0.0,0.0
2458697.229659527,0.0,0.0,0.0,0.0,0.0,0.0,0.0,0.0,0.0,0.0,0.0,0.0,0.0,0.0,0.0,0.0
2458205.652798068,0.0,0.0,0.0,0.0,0.0,0.0,0.0,0.0,0.0,0.0,0.0,0.0,0.0,0.0,0.0,0.0
2458223.52255063,0.0,0.0,0.0,0.0,0.0,0.0,0.0,0.0,0.0,0.0,0.0,0.0,0.0,0.0,0.0,0.0
2458224.5194690176,0.0,0.0,0.0,0.0,0.0,0.0,0.0,0.0,0.0,0.0,0.0,0.0,0.0,0.0,0.0,0.0
2458229.6193792643,0.0,0.0,0.0,0.0,0.0,0.0,0.0,0.0,0.0,0.0,0.0,0.0,0.0,0.0,0.0,0.0
2458230.665573424,0.0,0.0,0.0,0.0,0.0,0.0,0.0,0.0,0.0,0.0,0.0,0.0,0.0,0.0,0.0,0.0
2458231.498728465,0.0,0.0,0.0,0.0,0.0,0.0,0.0,0.0,0.0,0.0,0.0,0.0,0.0,0.0,0.0,0.0
2458333.3159887022,0.0,0.0,0.0,0.0,0.0,0.0,0.0,0.0,0.0,0.0,0.0,0.0,0.0,0.0,0.0,0.0
2458334.3507070728,0.0,0.0,0.0,0.0,0.0,0.0,0.0,0.0,0.0,0.0,0.0,0.0,0.0,0.0,0.0,0.0
2458353.249066632,0.0,0.0,0.0,0.0,0.0,0.0,0.0,0.0,0.0,0.0,0.0,0.0,0.0,0.0,0.0,0.0
2458354.3507838915,0.0,0.0,0.0,0.0,0.0,0.0,0.0,0.0,0.0,0.0,0.0,0.0,0.0,0.0,0.0,0.0
2458359.3440173524,0.0,0.0,0.0,0.0,0.0,0.0,0.0,0.0,0.0,0.0,0.0,0.0,0.0,0.0,0.0,0.0
2458366.2266469877,0.0,0.0,0.0,0.0,0.0,0.0,0.0,0.0,0.0,0.0,0.0,0.0,0.0,0.0,0.0,0.0
2458392.2378212907,0.0,0.0,0.0,0.0,0.0,0.0,0.0,0.0,0.0,0.0,0.0,0.0,0.0,0.0,0.0,0.0
2457959.26848149,4.460283503502366,0.01079202054760479,3.8649081918455135,0.0127128213401587,3.8649081918455135,0.0127128213401587,17.538176187050883,0.0746022666092578,0.2796610968029843,6.715749345899614e-09,13.0,416.8334106445312,18.756834412157986,417.0198601815416,643.263449075961,0.0
2457917.584255421,4.333904975124079,0.007703493202308584,3.7288782521428843,0.009153119326259198,3.7288782521428843,0.009153119326259198,16.96787598387714,0.0647858494585387,0.7903118643284902,2.420760285195281e-09,13.0,9426.058203125,70.62855596091579,417.0198601815416,643.263449075961,0.0
2457959.2140675774,4.468363535272196,0.008697710424976305,3.873605288168357,0.010733396474905166,3.873605288168357,0.010733396474905166,17.574638423311388,0.0689186642656187,0.2811785401318997,6.424858449129182e-09,13.0,600.106494140625,13.792171533490786,417.0198601815416,643.263449075961,0.0
2457917.6440747976,4.389924764392273,0.009272376813052539,3.789176220904606,0.010923034628876978,3.789176220904606,0.010923034628876978,17.22067286014532,0.0694392728239188,0.7731433966721566,2.0365036307374667e-09,13.0,9521.0025390625,65.49694016743172,417.0198601815416,643.263449075961,0.0
2457959.426954712,4.467659149550435,0.0089028713334653,3.872847109160515,0.010923002524668851,3.872847109160515,0.010923002524668851,17.571459787467255,0.0694402890142462,0.2870404960743171,5.429598581531461e-09,13.0,395.7530334472656,14.715596445298289,417.0198601815416,643.263449075961,0.0
2457918.431209703,4.592596069964652,0.018766729825875555,4.007325346632204,0.021240689943565594,4.007325346632204,0.021240689943565594,18.13525453971229,0.1032246398164944,0.6659771279534772,3.439047070030021e-09,13.0,3702.993798828125,47.57790750260947,417.0198601815416,643.263449075961,0.0
2457961.216593971,4.5063218822657305,0.009127665564914029,3.914462479013991,0.011332962540689853,3.914462479013991,0.011332962540689853,17.74593059833779,0.0705863798124407,0.3164313710177339,6.253348046667542e-09,13.0,604.0179321289063,13.732690876450594,417.0198601815416,643.263449075961,0.0
2457918.4950431297,4.482964626941824,0.006345005581907839,3.8893214517041956,0.008708272709125473,3.8893214517041956,0.008708272709125473,17.640527824403488,0.0637008228681245,0.6601544350236518,6.7004619984655995e-09,13.0,1752.2671630859377,24.328873273294302,417.0198601815416,643.263449075961,0.0
2457961.241870827,4.5177000712846755,0.008793337850601799,3.9267096098045897,0.011084599225533141,3.9267096098045897,0.011084599225533141,17.797276215291255,0.0698900038271804,0.3202431084190066,6.337286564258512e-09,13.0,505.9225952148438,12.36409331322853,417.0198601815416,643.263449075961,0.0
2457918.644912304,4.5190030028446,0.015758027432786773,3.9281120450426577,0.017920232144943378,3.9281120450426577,0.017920232144943378,17.803155870188967,0.0914849243314369,0.6619834182946516,6.721642753935877e-09,13.0,4246.862890625,54.56767469685506,417.0198601815416,643.263449075961,0.0
2457961.2695889114,4.505395868620652,0.0112145050935176,3.9134657465633094,0.013323210403207178,3.9134657465633094,0.013323210403207178,17.741751836512442,0.0764523212642582,0.325940837466213,2.726834493939757e-09,13.0,480.9129699707031,18.752693384392494,417.0198601815416,643.263449075961,0.0
2457919.271156578,4.494730046323542,0.007649873319708973,3.9019853852822233,0.009916862766235764,3.9019853852822233,0.009916862766235764,17.693620870745466,0.06673443031033,0.6522419596310098,5.7448427594401704e-09,13.0,1575.3392333984375,27.91988482626877,417.0198601815416,643.263449075961,0.0
2457961.4813785376,4.507973998314932,0.008444004469648202,3.9162407656378218,0.010710534368167011,3.9162407656378218,0.010710534368167011,17.753385995473813,0.0688569601021969,0.3188712095520139,4.280024333581372e-09,13.0,520.5072509765625,12.444199215766432,417.0198601815416,643.263449075961,0.0
2457919.358336585,4.537473173673941,0.009178555998934586,3.9479927657351155,0.01154786565449652,3.9479927657351155,0.01154786565449652,17.886505014318082,0.0711967161828219,0.7411032929893376,6.743970501943966e-09,13.0,2240.6883789062504,31.973728446125207,417.0198601815416,643.263449075961,0.0
2457961.5290685077,4.514212213267773,0.009995105268563873,3.922955387296868,0.012190304974576053,3.922955387296868,0.012190304974576053,17.781536784224873,0.0730543731606656,0.312059095777545,3.8017456897515224e-09,13.0,540.3873046875,14.58179129329813,417.0198601815416,643.263449075961,0.0
2457919.39672299,4.548859501432621,0.008946906529754313,3.960248656813474,0.011399629829595092,3.960248656813474,0.011399629829595092,17.937887358435432,0.0707758852544168,0.7369651254065314,3.816401056030199e-09,13.0,2484.08583984375,29.149945638644763,417.0198601815416,643.263449075961,0.0
2457966.397733604,4.647051510905095,0.046710599899907224,4.065939499231259,0.05078409482298352,4.065939499231259,0.05078409482298352,18.38099208255891,0.2192176336699835,0.2246998416055682,5.7388741688509165e-09,13.0,2469.044189453125,31.047778824376465,417.0198601815416,643.263449075961,4.0
2457919.428972504,4.557133049482079,0.008700727915943585,3.9691540480752403,0.011225032656766564,3.9691540480752403,0.011225032656766564,17.975222863082635,0.0702839030865961,0.7511422218439603,4.8520950554278946e-09,13.0,2468.2230468750004,27.771008829855063,417.0198601815416,643.263449075961,0.0
2457966.435136967,4.512106416198285,0.06568078548784277,3.9206887724528405,0.07092698915744201,3.9206887724528405,0.07092698915744201,17.772034090120243,0.3019058205934677,0.0883776347271204,6.297552032646233e-09,13.0,1867.6549072265625,30.61926997815808,417.0198601815416,643.263449075961,4.0
2457919.4377928763,4.562145533959763,0.01007814016628283,3.9745493313564224,0.012515339459232402,3.9745493313564224,0.012515339459232402,17.99784237727315,0.0740152965837319,0.7462478629086351,5.3676108775243535e-09,13.0,2475.072998046875,31.7611938013984,417.0198601815416,643.263449075961,0.0
2458205.6569166663,4.494013529358526,0.007437923703921656,3.901214148579298,0.00972398330495931,3.901214148579298,0.00972398330495931,17.69038749102527,0.0662336457295083,0.9481272467301876,6.710500496097918e-09,13.0,2608.70224609375,40.629980657025456,417.0198601815416,643.263449075961,0.0
2457919.462436926,4.517494412901076,0.006917109236974157,3.9264882454804493,0.009417682813934649,3.9264882454804493,0.009417682813934649,17.79634815401806,0.065451637624192,0.7437332290021277,3.49194234773453e-09,13.0,1263.1855957031248,25.94681346885328,417.0198601815416,643.263449075961,0.0
2458212.4631295414,0.0,0.0,0.0,0.0,0.0,0.0,0.0,0.0,0.0,0.0,13.0,0.0,0.0,0.0,0.0,5.0
2457919.519795672,4.511352877015651,0.007086240623227043,3.9198776861797784,0.009523207213577555,3.9198776861797784,0.009523207213577555,17.768633642635447,0.0657193077969326,0.6945834679418025,5.8633451358549304e-09,13.0,1420.7601318359375,25.451008697652444,417.0198601815416,643.263449075961,0.0
2458222.4477322963,4.537751754317483,0.01117966488807206,3.948292621324746,0.01343828960086861,3.948292621324746,0.01343828960086861,17.887762147152678,0.0768062504543737,0.293434329997749,6.565962356272752e-09,13.0,468.81781616210935,13.57920619126585,417.0198601815416,643.263449075961,0.0
2457920.299691576,4.502090621525996,0.005646142898937209,3.909908080805071,0.00826691369623115,3.909908080805071,0.00826691369623115,17.72683646193253,0.062659113691493,0.7565347130319201,5.527745673293174e-09,13.0,1286.2966064453126,22.590156010667457,417.0198601815416,643.263449075961,0.0
2458222.496318109,4.507151899340434,0.010079610908660141,3.9153558837250033,0.012235963224224032,3.9153558837250033,0.012235963224224032,17.749676162654886,0.0731882566303663,0.2966170284210878,6.637712108236363e-09,13.0,460.7944946289063,14.430024784123432,417.0198601815416,643.263449075961,0.0
2457920.352419193,4.5023157363106305,0.005334064261319026,3.9101503873975956,0.00802486361933768,3.9101503873975956,0.00802486361933768,17.727852322847042,0.0621035643891124,0.788945163808842,2.5643840044088353e-09,13.0,1108.645556640625,22.342383106381863,417.0198601815416,643.263449075961,0.0
2458222.5241020336,4.447852474319195,0.012674842172265728,3.8515278164611235,0.014542483757163143,3.8515278164611235,0.014542483757163143,17.482079486449972,0.0802619776157411,0.257419906988257,2.2344508610213993e-09,13.0,489.6967407226563,21.94348599388257,417.0198601815416,643.263449075961,0.0
2457920.3999710027,4.5037874739899495,0.005387347051369267,3.9117345203222698,0.008076801376532916,3.9117345203222698,0.008076801376532916,17.734493738191123,0.0622218330022925,0.7920326123680858,2.423283274129147e-09,13.0,1559.76884765625,22.50452742998548,417.0198601815416,643.263449075961,0.0
2458223.4651654824,4.491295648930427,0.012052596432531523,3.898288706136681,0.014087061764935486,3.898288706136681,0.014087061764935486,17.67812268797497,0.0788221065074579,0.2754630064673882,6.625410173054755e-09,13.0,481.2594543457032,17.937902860961177,417.0198601815416,643.263449075961,0.0
2457920.4251067364,4.514386561730078,0.007285123006885523,3.9231430505899825,0.009714415251003987,3.9231430505899825,0.009714415251003987,17.782323555243263,0.0662094517666459,0.8056316114407596,2.7867609489270486e-09,13.0,1689.718505859375,30.47867297166396,417.0198601815416,643.263449075961,0.0
2458223.482546678,4.459694473920841,0.011414211075440609,3.8642741786196444,0.013325153168491057,3.8642741786196444,0.013325153168491057,17.535518111392552,0.076457425962352,0.2695637148232179,5.435132619086526e-09,13.0,481.0140686035156,19.301744164687367,417.0198601815416,643.263449075961,0.0
2457920.462059586,4.4988607246922445,0.005888698738395307,3.9064315197374677,0.008438164227572154,3.9064315197374677,0.008438164227572154,17.712261115596753,0.0630589973354495,0.7914362490682243,2.0521939006031194e-09,13.0,1237.48984375,25.481441296205062,417.0198601815416,643.263449075961,0.0
2458223.514034936,4.53871329520366,0.011693243867066952,3.949327594199067,0.013939862504722494,3.949327594199067,0.013939862504722494,17.89210123045887,0.0783617876764281,0.282214224607358,2.883986360285937e-09,13.0,484.3995300292969,13.794280604323218,417.0198601815416,643.263449075961,0.0
2457920.5041213203,4.491299445638238,0.00648852296095293,3.8982927927955577,0.00888385155058111,3.8982927927955577,0.00888385155058111,17.678139821132515,0.0641257368712335,0.7866591480964632,3.2569575364595252e-09,13.0,1203.9156005859377,29.19820900637128,417.0198601815416,643.263449075961,0.0
2458223.5266707456,4.517094881147246,0.008785431688871855,3.926058201856107,0.011073998291483504,3.926058201856107,0.011073998291483504,17.794545212938534,0.0698604450242443,0.9757549416048832,6.541382485213786e-09,13.0,1656.2409179687502,44.93363767389018,417.0198601815416,643.263449075961,0.0
2457920.549252917,4.5003055120621385,0.007404210916557932,3.907986644182512,0.009732043242890733,3.907986644182512,0.009732043242890733,17.71878091402428,0.0662545952727752,0.7695744955093187,5.7203081141239525e-09,13.0,1303.8357666015625,31.40553552219771,417.0198601815416,643.263449075961,0.0
2458224.523586805,4.609828337399577,0.10066113259572239,4.025873626392955,0.10855872209503209,4.025873626392955,0.10855872209503209,18.213017477336205,0.4581124814486596,0.0574218103364269,5.465227033071719e-09,13.0,980.6649658203124,19.056695307092205,417.0198601815416,643.263449075961,4.0
2457920.590933508,4.477791157202349,0.006807958784585884,3.883752888865679,0.009072196258781124,3.883752888865679,0.009072196258781124,17.617181842444413,0.0645872638438175,0.7612280280192569,6.753392338402167e-09,13.0,1520.1149169921875,31.54389668312495,417.0198601815416,643.263449075961,0.0
2458228.420792835,4.470340424367867,0.010597363078493145,3.875733150455834,0.012565418030798615,3.875733150455834,0.012565418030798615,17.58355940274817,0.0741621960101215,0.2957345823633775,5.0571616044907425e-09,13.0,483.9409667968751,18.571004157377725,417.0198601815416,643.263449075961,0.0
2457921.5887723626,4.5088750871701535,0.009546675168933774,3.917210669815497,0.011739123834189225,3.917210669815497,0.011739123834189225,17.757452280813617,0.0717436867209756,0.5031021675557068,6.747779512992207e-09,13.0,1780.7144042968753,25.120825723886625,417.0198601815416,643.263449075961,4.0
2458228.431468679,4.473840345851227,0.012158674864822711,3.8795003577057896,0.014122351187607306,3.8795003577057896,0.014122351187607306,17.599353271838638,0.0789327090905341,0.2960912739893412,5.116606391291349e-09,13.0,478.3003601074219,21.45955013015461,417.0198601815416,643.263449075961,0.0
2457922.295056842,4.51125492499872,0.005880566861344114,3.9197722536579125,0.008518619484748174,3.9197722536579125,0.008518619484748174,17.768191620910137,0.0632491578130255,0.6780174175134611,5.8094315135885835e-09,13.0,1202.939501953125,19.916524059729163,417.0198601815416,643.263449075961,0.0
2458228.5109975105,4.46317596376181,0.009443410416844579,3.8680215466197247,0.011415424866043567,3.8680215466197247,0.011415424866043567,17.551228805203667,0.0708186785985069,0.3201793929048579,5.818657958672763e-09,13.0,487.19279785156255,18.44849364375977,417.0198601815416,643.263449075961,0.0
2457922.338122814,4.5235966930515605,0.008456241655480458,3.9330565511220072,0.010810002531022492,3.9330565511220072,0.010810002531022492,17.823885518587037,0.0691300106341605,0.6667402802962692,3.7035652953225646e-09,13.0,1090.2169921875,27.94529047818901,417.0198601815416,643.263449075961,0.0
2458228.514517209,4.4924758486733225,0.00984683766896186,3.899559036642372,0.01194224960633034,3.899559036642372,0.01194224960633034,17.683448498947737,0.0723301782795851,0.3219817182274547,6.569695789750181e-09,13.0,488.6123352050781,16.715014622723515,417.0198601815416,643.263449075961,0.0
2457922.5799944964,4.516880374801554,0.009281443306156364,3.925827313859191,0.011532114372466241,3.925827313859191,0.011532114372466241,17.79357722403962,0.0711513147131538,0.6938073853859337,4.5587460620731855e-09,13.0,1329.5961669921876,33.1944155285597,417.0198601815416,643.263449075961,0.0
2458228.594109955,4.478717545066501,0.01212574338740137,3.884750024114197,0.014108859027309847,3.884750024114197,0.014108859027309847,17.62136229298394,0.0788903727444571,0.3137238459026513,6.480408108941562e-09,13.0,516.0496215820312,22.227990732066697,417.0198601815416,643.263449075961,0.0
2457922.5840071426,4.5205114433957085,0.007506178535782301,3.9297356838034965,0.009945142448964168,3.9297356838034965,0.009945142448964168,17.809962912206416,0.0668089829635233,0.698621030340398,5.557029543621245e-09,13.0,1363.804443359375,26.027845468689215,417.0198601815416,643.263449075961,0.0
2458228.5978614404,4.494481378252089,0.013295638593639724,3.901717726660149,0.015340148440177188,3.901717726660149,0.015340148440177188,17.69249872243838,0.0828315951550531,0.321957379330233,6.637331123465043e-09,13.0,517.0574584960938,23.62435521485847,417.0198601815416,643.263449075961,0.0
2457922.6291374764,4.517781920728609,0.00863827750070395,3.9267977100148523,0.01094288713118898,3.9267977100148523,0.01094288713118898,17.797645571977892,0.069496374574009,0.7091390702031568,2.6299661369964033e-09,13.0,1513.9492431640624,31.426205097274647,417.0198601815416,643.263449075961,0.0
2458228.6658681585,4.505175219863785,0.012759484103247665,3.913228247064961,0.014845683189715159,3.913228247064961,0.014845683189715159,17.740756129152306,0.0812327450447999,0.2782797555173686,6.7388656581420655e-09,13.0,557.3566772460938,17.993352241346,417.0198601815416,643.263449075961,0.0
2457923.542367532,4.488730970850692,0.007124852656137305,3.895528165964075,0.009416099996176203,3.895528165964075,0.009416099996176203,17.6665492312437,0.0654469403938536,0.7158971077428896,6.428842255679629e-09,13.0,1148.4460205078126,29.38810490697291,417.0198601815416,643.263449075961,0.0
2458229.431540894,4.533409572513305,0.011952924283475008,3.94361883111228,0.014169045174250444,3.94361883111228,0.014169045174250444,17.868167464441015,0.0790808498553366,0.3180108107270969,6.652642605182454e-09,13.0,510.5807861328125,16.906068218064178,417.0198601815416,643.263449075961,0.0
2457923.5875254883,4.481547588684662,0.007337001969339779,3.8877961955459615,0.009560234279138588,3.8877961955459615,0.009560234279138588,17.634133247600513,0.0658130396399802,0.722013098856379,6.644872199267779e-09,13.0,1418.4140869140624,31.72895035850873,417.0198601815416,643.263449075961,0.0
2458229.4762179004,4.520097414275915,0.011170554870556144,3.9292900356627576,0.013347131745076252,3.9292900356627576,0.013347131745076252,17.80809454980206,0.0765259428298458,0.3290762872788452,6.705715009561224e-09,13.0,490.3418640136719,17.47708433978734,417.0198601815416,643.263449075961,0.0
2457923.6298041493,4.438541261699273,0.006327595891382287,3.841505515145387,0.008413072538093994,3.841505515145387,0.008413072538093994,17.440061380074802,0.0629987917390432,0.6886669579452408,5.7097384453910726e-09,13.0,1720.1601318359376,31.348224576929177,417.0198601815416,643.263449075961,0.0
2458229.56988865,4.534314553861573,0.011843926458369635,3.9445929250490974,0.014066659759987712,3.9445929250490974,0.014066659759987712,17.872251315182186,0.0787589431462809,0.3320641070316225,6.619948087649335e-09,13.0,488.6546936035156,17.555701710888542,417.0198601815416,643.263449075961,0.0
2457925.2546801404,0.0,0.0,0.0,0.0,0.0,0.0,0.0,0.0,0.0,0.0,13.0,0.0,0.0,0.0,0.0,5.0
2458229.6235028137,4.533968198856562,0.00667011462932879,3.944220119232697,0.009319327348422713,3.944220119232697,0.009319327348422713,17.87068834137435,0.0652041635066941,1.0562533622841292,5.815682367996493e-09,13.0,1622.9365966796877,33.78746159195078,417.0198601815416,643.263449075961,0.0
2457925.6093956367,4.521381856028128,0.006064711733234463,3.9306725690436046,0.008737788479214366,3.9306725690436046,0.008737788479214366,17.813890766941576,0.0637727724666122,0.6757463694628161,6.737662672576125e-09,13.0,1214.4685302734374,19.56935010908132,417.0198601815416,643.263449075961,0.0
2458229.6707326304,4.510113040562261,0.012623860356679473,3.918543164563171,0.01473080777969113,3.918543164563171,0.01473080777969113,17.763038712940162,0.0808644293417622,0.3266625098253203,6.7202557572977815e-09,13.0,611.7314331054688,21.06000232172052,417.0198601815416,643.263449075961,0.0
2457925.6307538515,4.509186599961844,0.008347811201883121,3.9175459725509696,0.010629653684846689,3.9175459725509696,0.010629653684846689,17.758858024421112,0.0686363409631577,0.643916361881758,6.754576278855021e-09,13.0,1365.437353515625,28.328539558071817,417.0198601815416,643.263449075961,0.0
2458230.5014395816,4.477091759000339,0.11796219149068474,3.8830000782698573,0.12708314811294955,3.8830000782698573,0.12708314811294955,17.614025713457757,0.5353421821695039,0.021549991335102,2.579062348440431e-09,13.0,261.9787841796875,13.883465507952897,417.0198601815416,643.263449075961,4.0
2457958.2119472134,4.378312648878223,0.009831164455610164,3.776677298868832,0.011430082980598213,3.776677298868832,0.011430082980598213,17.168271618241977,0.0708591177059831,0.2265700976452412,5.963358434754776e-09,13.0,686.0553833007812,19.899641564913825,417.0198601815416,643.263449075961,0.0
2458230.669704239,4.5367071846716085,0.006465708559747227,3.947168278861141,0.009169821845140806,3.947168278861141,0.009169821845140806,17.88304838533795,0.0648306014923174,1.0954854864362271,6.716105172132927e-09,13.0,2023.09541015625,33.491980459744745,417.0198601815416,643.263449075961,0.0
2457958.4085291508,4.503622690323106,0.010207324132180937,3.911557152279199,0.01234099736785366,3.911557152279199,0.01234099736785366,17.73375012960598,0.0734975002756191,0.2695094381488414,6.316456243462436e-09,13.0,347.57111206054685,13.071555693806864,417.0198601815416,643.263449075961,0.0
2458230.6736022187,4.53846589451612,0.013378790494853016,3.9490612997498413,0.01559645929170425,3.9490612997498413,0.01559645929170425,17.89098480139311,0.0836695537506904,0.3485233087514134,6.622606043830878e-09,13.0,843.3131713867188,21.09598672637957,417.0198601815416,643.263449075961,0.0
2457958.4397347565,4.5006286480149695,0.010840645467770674,3.908334457729189,0.012937926397579444,3.908334457729189,0.012937926397579444,17.72023910871856,0.0752801507910531,0.2633306250314177,5.5869592844435535e-09,13.0,333.9664794921875,14.009860090841256,417.0198601815416,643.263449075961,0.0
2457961.370226658,4.478191246464743,0.008670274222789747,3.8841835325749963,0.01075852565686131,3.8841835325749963,0.01075852565686131,17.61898729935674,0.0689876902216693,0.3282204502143275,2.6623624354275487e-09,13.0,510.383642578125,16.00284563424442,417.0198601815416,643.263449075961,0.0
2458231.413109076,4.5182212198669545,0.010550005443352904,3.9272705580220837,0.012739703844332963,3.9272705580220837,0.012739703844332963,17.79962796875895,0.0746839670393313,0.3369875226830967,3.959875232773594e-09,13.0,546.045654296875,16.946036874593887,417.0198601815416,643.263449075961,0.0
2457961.4084371226,4.514911812361125,0.010189494279656547,3.923708414125915,0.012378783983991712,3.923708414125915,0.012378783983991712,17.78469381976087,0.0736093563620501,0.3255351460342958,3.998664460522675e-09,13.0,547.8986694335938,15.814024946759837,417.0198601815416,643.263449075961,0.0
2458231.431592024,4.51396575488556,0.011017698162417839,3.9226901071159554,0.013170743377358357,3.9226901071159554,0.013170743377358357,17.78042460743936,0.0759867423530705,0.3431867336103961,3.902389257190032e-09,13.0,515.324755859375,18.67976170966593,417.0198601815416,643.263449075961,0.0
2457961.46051857,4.504179694769353,0.010243195840776598,3.912156694639831,0.012378056056304147,3.912156694639831,0.012378056056304147,17.73626368750968,0.0736069668991094,0.3213558692414809,3.470791313813313e-09,13.0,529.76767578125,16.603312533697682,417.0198601815416,643.263449075961,0.0
2458231.476347072,4.527970653213906,0.013403908444609121,3.937764546576462,0.015579038439053047,3.937764546576462,0.015579038439053047,17.843623605438257,0.0836122600577639,0.3492088411849752,3.396729737254086e-09,13.0,502.0282165527344,22.32829596200884,417.0198601815416,643.263449075961,0.0
2458231.5028491886,4.50135469327199,0.001412849609320747,3.9091159503909685,0.0057994457938397295,3.9091159503909685,0.0057994457938397295,17.72351548614521,0.0575856234134776,1.00000254703816,3.5136206714843032e-09,13.0,1557.0449462890624,0.0206433484993785,417.0198601815416,643.263449075961,0.0
2458231.6430103765,4.50806037865079,0.011843265943198402,3.916333742760038,0.013950731763145839,3.916333742760038,0.013950731763145839,17.753775798423117,0.0783950979162007,0.3026170572079732,6.407872976051875e-09,13.0,563.648779296875,18.013448892165066,417.0198601815416,643.263449075961,0.0
2458235.5618341174,4.503344956730937,0.012093973448871547,3.911258208429473,0.014177933652924468,3.911258208429473,0.014177933652924468,17.732496819205277,0.0791081989952393,0.3605369897639234,3.145447485355454e-09,13.0,699.6177124023437,23.23038789783036,417.0198601815416,643.263449075961,0.0
2458238.397251213,4.458776186073521,0.01789266532271461,3.8632857619787497,0.019935666715345364,3.8632857619787497,0.019935666715345364,17.531374213274578,0.0985411098837448,0.3430395660826764,6.4594466258652465e-09,13.0,2925.06611328125,41.372224501793845,417.0198601815416,643.263449075961,0.0
2458238.442685879,4.439568912749051,0.015076533638553383,3.84261164695536,0.016965939017365997,3.84261164695536,0.016965939017365997,17.444698794436256,0.0882276179794146,0.3906649864997246,6.679253390525071e-09,13.0,4779.86376953125,43.09624817988729,417.0198601815416,643.263449075961,0.0
2458238.4738128376,4.480331844564817,0.019566153579454824,3.8864876061721274,0.02173553601684574,3.8864876061721274,0.02173553601684574,17.628647037819047,0.1050176619507031,0.3565215231882103,6.645082259471729e-09,13.0,4538.33408203125,42.72653479455563,417.0198601815416,643.263449075961,0.0
2458239.6433763485,-2162.00417823741,-2162.00417823741,-2162.00417823741,-2162.00417823741,-2162.00417823741,-2162.00417823741,0.0,0.0,0.386306848418359,-9999.99,13.0,-9999.99,-9999.99,-9999.99,-9999.99,5.0
2458240.45630565,5.296213096392419,5.721928097207847,4.764676954590602,6.158922984049258,4.764676954590602,6.158922984049258,21.310421542188667,25.82109669656608,0.0880072142359309,5.040426253546061e-09,13.0,16415.420703125,97.11174051875932,417.0198601815416,643.263449075961,6.0
2458240.487733107,4.704408807642008,0.05659971451368229,4.127677119670018,0.06141605429400278,4.127677119670018,0.06141605429400278,18.639824642189964,0.2627244186516561,0.3722438106480476,6.492771971781713e-09,13.0,5739.00888671875,49.85216620451692,417.0198601815416,643.263449075961,0.0
2458240.532678747,4.7558731537446555,0.06960970703417209,4.183071750284983,0.0753875738876032,4.183071750284983,0.0753875738876032,18.872064465007725,0.3203432992131333,0.3840966903154188,6.711067832921664e-09,13.0,5212.762109375,50.82891236840653,417.0198601815416,643.263449075961,0.0
2458240.588373357,-2162.00417823741,-2162.00417823741,-2162.00417823741,-2162.00417823741,-2162.00417823741,-2162.00417823741,0.0,0.0,-0.1253392246165741,-9999.99,13.0,-9999.99,-9999.99,-9999.99,-9999.99,7.0
2458240.5992099824,-2162.00417823741,-2162.00417823741,-2162.00417823741,-2162.00417823741,-2162.00417823741,-2162.00417823741,0.0,0.0,0.1220147625857572,-9999.99,13.0,-9999.99,-9999.99,-9999.99,-9999.99,7.0
2458240.6437897063,-2162.00417823741,-2162.00417823741,-2162.00417823741,-2162.00417823741,-2162.00417823741,-2162.00417823741,0.0,0.0,0.0925385816656957,-9999.99,13.0,-9999.99,-9999.99,-9999.99,-9999.99,5.0
2458333.3201195425,4.504393898723306,0.005730009979562578,3.912387257151631,0.008349870171580214,3.912387257151631,0.008349870171580214,17.737230311824966,0.0628522139722044,1.0006967409106886,6.1574341536112435e-09,13.0,1447.821826171875,30.90067953165138,417.0198601815416,643.263449075961,0.0
2458334.354839549,4.487336784101905,0.007063512764832386,3.8940275064627734,0.009353853649260311,3.8940275064627734,0.009353853649260311,17.660257774963128,0.0652898305407805,0.6199051484663818,6.658422575892065e-09,13.0,1169.6235107421876,25.03265480103625,417.0198601815416,643.263449075961,4.0
2458353.2531780265,4.471945730150586,0.01207491483931617,3.8774610519564257,0.014031349305011709,3.8774610519564257,0.014031349305011709,17.590803562225165,0.0786469021278366,1.0305833604785433,2.7273873377963732e-09,13.0,10607.3162109375,80.24282266444801,417.0198601815416,643.263449075961,0.0
2458354.3549021315,4.80249427140099,0.06629379917447514,4.23325327957671,0.07190205555349084,4.23325327957671,0.07190205555349084,19.082448564369997,0.3059356612813278,1.0061622437470477,6.1085446472767485e-09,13.0,17522.209765625,105.1386310003258,417.0198601815416,643.263449075961,0.0
2458359.3481482724,4.514757415837089,0.0070514098619751,3.923542226482143,0.009514879422129911,3.923542226482143,0.009514879422129911,17.78399708456261,0.0656981887828341,0.9799954563027564,6.654927085680079e-09,13.0,1980.203076171875,36.12389308360825,417.0198601815416,643.263449075961,0.0
2458366.230769004,4.499655625011151,0.007664897287285977,3.9072871258585202,0.009959285159894018,3.9072871258585202,0.009959285159894018,17.715848210803447,0.0668454925631844,0.8382365577076858,6.274829832993738e-09,13.0,1702.0530029296874,35.90418886792064,417.0198601815416,643.263449075961,0.0
2458392.241941164,4.521826229451648,0.006419064008655875,3.931150878854476,0.0090293286921952,3.931150878854476,0.0090293286921952,17.815896062120835,0.0644826526513968,0.9694318777484148,6.282885444628471e-09,13.0,1659.8157226562498,31.172046567992307,417.0198601815416,643.263449075961,0.0
2458205.6486717854,0.0,0.0,0.0,0.0,0.0,0.0,0.0,0.0,0.0,0.0,0.0,0.0,0.0,0.0,0.0,0.0
2458223.518424098,0.0,0.0,0.0,0.0,0.0,0.0,0.0,0.0,0.0,0.0,0.0,0.0,0.0,0.0,0.0,0.0
2458224.515344911,0.0,0.0,0.0,0.0,0.0,0.0,0.0,0.0,0.0,0.0,0.0,0.0,0.0,0.0,0.0,0.0
2458229.6152542923,0.0,0.0,0.0,0.0,0.0,0.0,0.0,0.0,0.0,0.0,0.0,0.0,0.0,0.0,0.0,0.0
2458230.66145374,0.0,0.0,0.0,0.0,0.0,0.0,0.0,0.0,0.0,0.0,0.0,0.0,0.0,0.0,0.0,0.0
2458231.494605545,0.0,0.0,0.0,0.0,0.0,0.0,0.0,0.0,0.0,0.0,0.0,0.0,0.0,0.0,0.0,0.0
2458333.3118772204,0.0,0.0,0.0,0.0,0.0,0.0,0.0,0.0,0.0,0.0,0.0,0.0,0.0,0.0,0.0,0.0
2458334.346566356,0.0,0.0,0.0,0.0,0.0,0.0,0.0,0.0,0.0,0.0,0.0,0.0,0.0,0.0,0.0,0.0
2458366.222491097,0.0,0.0,0.0,0.0,0.0,0.0,0.0,0.0,0.0,0.0,0.0,0.0,0.0,0.0,0.0,0.0
2458392.2336996747,0.0,0.0,0.0,0.0,0.0,0.0,0.0,0.0,0.0,0.0,0.0,0.0,0.0,0.0,0.0,0.0
